# https://github.com/mikedh/trimesh
v -38.97617500 -9.00000000 56.31783900
v -38.97617500 -1.00000000 56.31783900
v -46.97617500 -1.00000000 56.31783900
v -46.97617500 -9.00000000 56.31783900
v -47.97617500 -9.00000000 55.31783900
v -47.97617500 -1.00000000 55.31783900
v -47.97617500 -1.00000000 -42.68216100
v -47.97617500 -9.00000000 -42.68216100
v -37.97617500 -9.00000000 -42.68216100
v -37.97617500 -1.00000000 -42.68216100
v -37.97617500 -1.00000000 55.31783900
v -37.97617500 -9.00000000 55.31783900
v -46.97617500 -9.00000000 -43.68216100
v -46.97617500 -1.00000000 -43.68216100
v -38.97617500 -1.00000000 -43.68216100
v -38.97617500 -9.00000000 -43.68216100
v -38.97617500 0.00000000 -42.68216100
v -38.97617500 -10.00000000 -42.68216100
v -46.97617500 0.00000000 -42.68216100
v -38.97617500 0.00000000 55.31783900
v -38.97617500 -10.00000000 55.31783900
v -46.97617500 -10.00000000 -42.68216100
v -46.97617500 0.00000000 55.31783900
v -46.97617500 -10.00000000 55.31783900
v -38.97617500 -8.00000000 56.31783900
v -38.97617500 -7.00000000 56.31783900
v -38.97617500 -6.00000000 56.31783900
v -38.97617500 -5.00000000 56.31783900
v -38.97617500 -4.00000000 56.31783900
v -38.97617500 -3.00000000 56.31783900
v -38.97617500 -2.00000000 56.31783900
v -39.97617500 -1.00000000 56.31783900
v -40.97617500 -1.00000000 56.31783900
v -41.97617500 -1.00000000 56.31783900
v -42.97617500 -1.00000000 56.31783900
v -43.97617500 -1.00000000 56.31783900
v -44.97617500 -1.00000000 56.31783900
v -45.97617500 -1.00000000 56.31783900
v -46.97617500 -8.00000000 56.31783900
v -46.97617500 -7.00000000 56.31783900
v -46.97617500 -6.00000000 56.31783900
v -46.97617500 -5.00000000 56.31783900
v -46.97617500 -4.00000000 56.31783900
v -46.97617500 -3.00000000 56.31783900
v -46.97617500 -2.00000000 56.31783900
v -39.97617500 -9.00000000 56.31783900
v -40.97617500 -9.00000000 56.31783900
v -41.97617500 -9.00000000 56.31783900
v -42.97617500 -9.00000000 56.31783900
v -43.97617500 -9.00000000 56.31783900
v -44.97617500 -9.00000000 56.31783900
v -45.97617500 -9.00000000 56.31783900
v -47.97617500 -8.00000000 55.31783900
v -47.97617500 -7.00000000 55.31783900
v -47.97617500 -6.00000000 55.31783900
v -47.97617500 -5.00000000 55.31783900
v -47.97617500 -4.00000000 55.31783900
v -47.97617500 -3.00000000 55.31783900
v -47.97617500 -2.00000000 55.31783900
v -47.97617500 -1.00000000 -41.68216100
v -47.97617500 -1.00000000 -40.68216100
v -47.97617500 -1.00000000 -39.68216100
v -47.97617500 -1.00000000 -38.68216100
v -47.97617500 -1.00000000 -37.68216100
v -47.97617500 -1.00000000 -36.68216100
v -47.97617500 -1.00000000 -35.68216100
v -47.97617500 -1.00000000 -34.68216100
v -47.97617500 -1.00000000 -33.68216100
v -47.97617500 -1.00000000 -32.68216100
v -47.97617500 -1.00000000 -31.68216100
v -47.97617500 -1.00000000 -30.68216100
v -47.97617500 -1.00000000 -29.68216100
v -47.97617500 -1.00000000 -28.68216100
v -47.97617500 -1.00000000 -27.68216100
v -47.97617500 -1.00000000 -26.68216100
v -47.97617500 -1.00000000 -25.68216100
v -47.97617500 -1.00000000 -24.68216100
v -47.97617500 -1.00000000 -23.68216100
v -47.97617500 -1.00000000 -22.68216100
v -47.97617500 -1.00000000 -21.68216100
v -47.97617500 -1.00000000 -20.68216100
v -47.97617500 -1.00000000 -19.68216100
v -47.97617500 -1.00000000 -18.68216100
v -47.97617500 -1.00000000 -17.68216100
v -47.97617500 -1.00000000 -16.68216100
v -47.97617500 -1.00000000 -15.68216100
v -47.97617500 -1.00000000 -14.68216100
v -47.97617500 -1.00000000 -13.68216100
v -47.97617500 -1.00000000 -12.68216100
v -47.97617500 -1.00000000 -11.68216100
v -47.97617500 -1.00000000 -10.68216100
v -47.97617500 -1.00000000 -9.68216100
v -47.97617500 -1.00000000 -8.68216100
v -47.97617500 -1.00000000 -7.68216100
v -47.97617500 -1.00000000 -6.68216100
v -47.97617500 -1.00000000 -5.68216100
v -47.97617500 -1.00000000 -4.68216100
v -47.97617500 -1.00000000 -3.68216100
v -47.97617500 -1.00000000 -2.68216100
v -47.97617500 -1.00000000 -1.68216100
v -47.97617500 -1.00000000 -0.68216100
v -47.97617500 -1.00000000 0.31783900
v -47.97617500 -1.00000000 1.31783900
v -47.97617500 -1.00000000 2.31783900
v -47.97617500 -1.00000000 3.31783900
v -47.97617500 -1.00000000 4.31783900
v -47.97617500 -1.00000000 5.31783900
v -47.97617500 -1.00000000 6.31783900
v -47.97617500 -1.00000000 7.31783900
v -47.97617500 -1.00000000 8.31783900
v -47.97617500 -1.00000000 9.31783900
v -47.97617500 -1.00000000 10.31783900
v -47.97617500 -1.00000000 11.31783900
v -47.97617500 -1.00000000 12.31783900
v -47.97617500 -1.00000000 13.31783900
v -47.97617500 -1.00000000 14.31783900
v -47.97617500 -1.00000000 15.31783900
v -47.97617500 -1.00000000 16.31783900
v -47.97617500 -1.00000000 17.31783900
v -47.97617500 -1.00000000 18.31783900
v -47.97617500 -1.00000000 19.31783900
v -47.97617500 -1.00000000 20.31783900
v -47.97617500 -1.00000000 21.31783900
v -47.97617500 -1.00000000 22.31783900
v -47.97617500 -1.00000000 23.31783900
v -47.97617500 -1.00000000 24.31783900
v -47.97617500 -1.00000000 25.31783900
v -47.97617500 -1.00000000 26.31783900
v -47.97617500 -1.00000000 27.31783900
v -47.97617500 -1.00000000 28.31783900
v -47.97617500 -1.00000000 29.31783900
v -47.97617500 -1.00000000 30.31783900
v -47.97617500 -1.00000000 31.31783900
v -47.97617500 -1.00000000 32.31783900
v -47.97617500 -1.00000000 33.31783900
v -47.97617500 -1.00000000 34.31783900
v -47.97617500 -1.00000000 35.31783900
v -47.97617500 -1.00000000 36.31783900
v -47.97617500 -1.00000000 37.31783900
v -47.97617500 -1.00000000 38.31783900
v -47.97617500 -1.00000000 39.31783900
v -47.97617500 -1.00000000 40.31783900
v -47.97617500 -1.00000000 41.31783900
v -47.97617500 -1.00000000 42.31783900
v -47.97617500 -1.00000000 43.31783900
v -47.97617500 -1.00000000 44.31783900
v -47.97617500 -1.00000000 45.31783900
v -47.97617500 -1.00000000 46.31783900
v -47.97617500 -1.00000000 47.31783900
v -47.97617500 -1.00000000 48.31783900
v -47.97617500 -1.00000000 49.31783900
v -47.97617500 -1.00000000 50.31783900
v -47.97617500 -1.00000000 51.31783900
v -47.97617500 -1.00000000 52.31783900
v -47.97617500 -1.00000000 53.31783900
v -47.97617500 -1.00000000 54.31783900
v -47.97617500 -8.00000000 -42.68216100
v -47.97617500 -7.00000000 -42.68216100
v -47.97617500 -6.00000000 -42.68216100
v -47.97617500 -5.00000000 -42.68216100
v -47.97617500 -4.00000000 -42.68216100
v -47.97617500 -3.00000000 -42.68216100
v -47.97617500 -2.00000000 -42.68216100
v -47.97617500 -9.00000000 -41.68216100
v -47.97617500 -9.00000000 -40.68216100
v -47.97617500 -9.00000000 -39.68216100
v -47.97617500 -9.00000000 -38.68216100
v -47.97617500 -9.00000000 -37.68216100
v -47.97617500 -9.00000000 -36.68216100
v -47.97617500 -9.00000000 -35.68216100
v -47.97617500 -9.00000000 -34.68216100
v -47.97617500 -9.00000000 -33.68216100
v -47.97617500 -9.00000000 -32.68216100
v -47.97617500 -9.00000000 -31.68216100
v -47.97617500 -9.00000000 -30.68216100
v -47.97617500 -9.00000000 -29.68216100
v -47.97617500 -9.00000000 -28.68216100
v -47.97617500 -9.00000000 -27.68216100
v -47.97617500 -9.00000000 -26.68216100
v -47.97617500 -9.00000000 -25.68216100
v -47.97617500 -9.00000000 -24.68216100
v -47.97617500 -9.00000000 -23.68216100
v -47.97617500 -9.00000000 -22.68216100
v -47.97617500 -9.00000000 -21.68216100
v -47.97617500 -9.00000000 -20.68216100
v -47.97617500 -9.00000000 -19.68216100
v -47.97617500 -9.00000000 -18.68216100
v -47.97617500 -9.00000000 -17.68216100
v -47.97617500 -9.00000000 -16.68216100
v -47.97617500 -9.00000000 -15.68216100
v -47.97617500 -9.00000000 -14.68216100
v -47.97617500 -9.00000000 -13.68216100
v -47.97617500 -9.00000000 -12.68216100
v -47.97617500 -9.00000000 -11.68216100
v -47.97617500 -9.00000000 -10.68216100
v -47.97617500 -9.00000000 -9.68216100
v -47.97617500 -9.00000000 -8.68216100
v -47.97617500 -9.00000000 -7.68216100
v -47.97617500 -9.00000000 -6.68216100
v -47.97617500 -9.00000000 -5.68216100
v -47.97617500 -9.00000000 -4.68216100
v -47.97617500 -9.00000000 -3.68216100
v -47.97617500 -9.00000000 -2.68216100
v -47.97617500 -9.00000000 -1.68216100
v -47.97617500 -9.00000000 -0.68216100
v -47.97617500 -9.00000000 0.31783900
v -47.97617500 -9.00000000 1.31783900
v -47.97617500 -9.00000000 2.31783900
v -47.97617500 -9.00000000 3.31783900
v -47.97617500 -9.00000000 4.31783900
v -47.97617500 -9.00000000 5.31783900
v -47.97617500 -9.00000000 6.31783900
v -47.97617500 -9.00000000 7.31783900
v -47.97617500 -9.00000000 8.31783900
v -47.97617500 -9.00000000 9.31783900
v -47.97617500 -9.00000000 10.31783900
v -47.97617500 -9.00000000 11.31783900
v -47.97617500 -9.00000000 12.31783900
v -47.97617500 -9.00000000 13.31783900
v -47.97617500 -9.00000000 14.31783900
v -47.97617500 -9.00000000 15.31783900
v -47.97617500 -9.00000000 16.31783900
v -47.97617500 -9.00000000 17.31783900
v -47.97617500 -9.00000000 18.31783900
v -47.97617500 -9.00000000 19.31783900
v -47.97617500 -9.00000000 20.31783900
v -47.97617500 -9.00000000 21.31783900
v -47.97617500 -9.00000000 22.31783900
v -47.97617500 -9.00000000 23.31783900
v -47.97617500 -9.00000000 24.31783900
v -47.97617500 -9.00000000 25.31783900
v -47.97617500 -9.00000000 26.31783900
v -47.97617500 -9.00000000 27.31783900
v -47.97617500 -9.00000000 28.31783900
v -47.97617500 -9.00000000 29.31783900
v -47.97617500 -9.00000000 30.31783900
v -47.97617500 -9.00000000 31.31783900
v -47.97617500 -9.00000000 32.31783900
v -47.97617500 -9.00000000 33.31783900
v -47.97617500 -9.00000000 34.31783900
v -47.97617500 -9.00000000 35.31783900
v -47.97617500 -9.00000000 36.31783900
v -47.97617500 -9.00000000 37.31783900
v -47.97617500 -9.00000000 38.31783900
v -47.97617500 -9.00000000 39.31783900
v -47.97617500 -9.00000000 40.31783900
v -47.97617500 -9.00000000 41.31783900
v -47.97617500 -9.00000000 42.31783900
v -47.97617500 -9.00000000 43.31783900
v -47.97617500 -9.00000000 44.31783900
v -47.97617500 -9.00000000 45.31783900
v -47.97617500 -9.00000000 46.31783900
v -47.97617500 -9.00000000 47.31783900
v -47.97617500 -9.00000000 48.31783900
v -47.97617500 -9.00000000 49.31783900
v -47.97617500 -9.00000000 50.31783900
v -47.97617500 -9.00000000 51.31783900
v -47.97617500 -9.00000000 52.31783900
v -47.97617500 -9.00000000 53.31783900
v -47.97617500 -9.00000000 54.31783900
v -37.97617500 -8.00000000 -42.68216100
v -37.97617500 -7.00000000 -42.68216100
v -37.97617500 -6.00000000 -42.68216100
v -37.97617500 -5.00000000 -42.68216100
v -37.97617500 -4.00000000 -42.68216100
v -37.97617500 -3.00000000 -42.68216100
v -37.97617500 -2.00000000 -42.68216100
v -37.97617500 -1.00000000 -41.68216100
v -37.97617500 -1.00000000 -40.68216100
v -37.97617500 -1.00000000 -39.68216100
v -37.97617500 -1.00000000 -38.68216100
v -37.97617500 -1.00000000 -37.68216100
v -37.97617500 -1.00000000 -36.68216100
v -37.97617500 -1.00000000 -35.68216100
v -37.97617500 -1.00000000 -34.68216100
v -37.97617500 -1.00000000 -33.68216100
v -37.97617500 -1.00000000 -32.68216100
v -37.97617500 -1.00000000 -31.68216100
v -37.97617500 -1.00000000 -30.68216100
v -37.97617500 -1.00000000 -29.68216100
v -37.97617500 -1.00000000 -28.68216100
v -37.97617500 -1.00000000 -27.68216100
v -37.97617500 -1.00000000 -26.68216100
v -37.97617500 -1.00000000 -25.68216100
v -37.97617500 -1.00000000 -24.68216100
v -37.97617500 -1.00000000 -23.68216100
v -37.97617500 -1.00000000 -22.68216100
v -37.97617500 -1.00000000 -21.68216100
v -37.97617500 -1.00000000 -20.68216100
v -37.97617500 -1.00000000 -19.68216100
v -37.97617500 -1.00000000 -18.68216100
v -37.97617500 -1.00000000 -17.68216100
v -37.97617500 -1.00000000 -16.68216100
v -37.97617500 -1.00000000 -15.68216100
v -37.97617500 -1.00000000 -14.68216100
v -37.97617500 -1.00000000 -13.68216100
v -37.97617500 -1.00000000 -12.68216100
v -37.97617500 -1.00000000 -11.68216100
v -37.97617500 -1.00000000 -10.68216100
v -37.97617500 -1.00000000 -9.68216100
v -37.97617500 -1.00000000 -8.68216100
v -37.97617500 -1.00000000 -7.68216100
v -37.97617500 -1.00000000 -6.68216100
v -37.97617500 -1.00000000 -5.68216100
v -37.97617500 -1.00000000 -4.68216100
v -37.97617500 -1.00000000 -3.68216100
v -37.97617500 -1.00000000 -2.68216100
v -37.97617500 -1.00000000 -1.68216100
v -37.97617500 -1.00000000 -0.68216100
v -37.97617500 -1.00000000 0.31783900
v -37.97617500 -1.00000000 1.31783900
v -37.97617500 -1.00000000 2.31783900
v -37.97617500 -1.00000000 3.31783900
v -37.97617500 -1.00000000 4.31783900
v -37.97617500 -1.00000000 5.31783900
v -37.97617500 -1.00000000 6.31783900
v -37.97617500 -1.00000000 7.31783900
v -37.97617500 -1.00000000 8.31783900
v -37.97617500 -1.00000000 9.31783900
v -37.97617500 -1.00000000 10.31783900
v -37.97617500 -1.00000000 11.31783900
v -37.97617500 -1.00000000 12.31783900
v -37.97617500 -1.00000000 13.31783900
v -37.97617500 -1.00000000 14.31783900
v -37.97617500 -1.00000000 15.31783900
v -37.97617500 -1.00000000 16.31783900
v -37.97617500 -1.00000000 17.31783900
v -37.97617500 -1.00000000 18.31783900
v -37.97617500 -1.00000000 19.31783900
v -37.97617500 -1.00000000 20.31783900
v -37.97617500 -1.00000000 21.31783900
v -37.97617500 -1.00000000 22.31783900
v -37.97617500 -1.00000000 23.31783900
v -37.97617500 -1.00000000 24.31783900
v -37.97617500 -1.00000000 25.31783900
v -37.97617500 -1.00000000 26.31783900
v -37.97617500 -1.00000000 27.31783900
v -37.97617500 -1.00000000 28.31783900
v -37.97617500 -1.00000000 29.31783900
v -37.97617500 -1.00000000 30.31783900
v -37.97617500 -1.00000000 31.31783900
v -37.97617500 -1.00000000 32.31783900
v -37.97617500 -1.00000000 33.31783900
v -37.97617500 -1.00000000 34.31783900
v -37.97617500 -1.00000000 35.31783900
v -37.97617500 -1.00000000 36.31783900
v -37.97617500 -1.00000000 37.31783900
v -37.97617500 -1.00000000 38.31783900
v -37.97617500 -1.00000000 39.31783900
v -37.97617500 -1.00000000 40.31783900
v -37.97617500 -1.00000000 41.31783900
v -37.97617500 -1.00000000 42.31783900
v -37.97617500 -1.00000000 43.31783900
v -37.97617500 -1.00000000 44.31783900
v -37.97617500 -1.00000000 45.31783900
v -37.97617500 -1.00000000 46.31783900
v -37.97617500 -1.00000000 47.31783900
v -37.97617500 -1.00000000 48.31783900
v -37.97617500 -1.00000000 49.31783900
v -37.97617500 -1.00000000 50.31783900
v -37.97617500 -1.00000000 51.31783900
v -37.97617500 -1.00000000 52.31783900
v -37.97617500 -1.00000000 53.31783900
v -37.97617500 -1.00000000 54.31783900
v -37.97617500 -8.00000000 55.31783900
v -37.97617500 -7.00000000 55.31783900
v -37.97617500 -6.00000000 55.31783900
v -37.97617500 -5.00000000 55.31783900
v -37.97617500 -4.00000000 55.31783900
v -37.97617500 -3.00000000 55.31783900
v -37.97617500 -2.00000000 55.31783900
v -37.97617500 -9.00000000 -41.68216100
v -37.97617500 -9.00000000 -40.68216100
v -37.97617500 -9.00000000 -39.68216100
v -37.97617500 -9.00000000 -38.68216100
v -37.97617500 -9.00000000 -37.68216100
v -37.97617500 -9.00000000 -36.68216100
v -37.97617500 -9.00000000 -35.68216100
v -37.97617500 -9.00000000 -34.68216100
v -37.97617500 -9.00000000 -33.68216100
v -37.97617500 -9.00000000 -32.68216100
v -37.97617500 -9.00000000 -31.68216100
v -37.97617500 -9.00000000 -30.68216100
v -37.97617500 -9.00000000 -29.68216100
v -37.97617500 -9.00000000 -28.68216100
v -37.97617500 -9.00000000 -27.68216100
v -37.97617500 -9.00000000 -26.68216100
v -37.97617500 -9.00000000 -25.68216100
v -37.97617500 -9.00000000 -24.68216100
v -37.97617500 -9.00000000 -23.68216100
v -37.97617500 -9.00000000 -22.68216100
v -37.97617500 -9.00000000 -21.68216100
v -37.97617500 -9.00000000 -20.68216100
v -37.97617500 -9.00000000 -19.68216100
v -37.97617500 -9.00000000 -18.68216100
v -37.97617500 -9.00000000 -17.68216100
v -37.97617500 -9.00000000 -16.68216100
v -37.97617500 -9.00000000 -15.68216100
v -37.97617500 -9.00000000 -14.68216100
v -37.97617500 -9.00000000 -13.68216100
v -37.97617500 -9.00000000 -12.68216100
v -37.97617500 -9.00000000 -11.68216100
v -37.97617500 -9.00000000 -10.68216100
v -37.97617500 -9.00000000 -9.68216100
v -37.97617500 -9.00000000 -8.68216100
v -37.97617500 -9.00000000 -7.68216100
v -37.97617500 -9.00000000 -6.68216100
v -37.97617500 -9.00000000 -5.68216100
v -37.97617500 -9.00000000 -4.68216100
v -37.97617500 -9.00000000 -3.68216100
v -37.97617500 -9.00000000 -2.68216100
v -37.97617500 -9.00000000 -1.68216100
v -37.97617500 -9.00000000 -0.68216100
v -37.97617500 -9.00000000 0.31783900
v -37.97617500 -9.00000000 1.31783900
v -37.97617500 -9.00000000 2.31783900
v -37.97617500 -9.00000000 3.31783900
v -37.97617500 -9.00000000 4.31783900
v -37.97617500 -9.00000000 5.31783900
v -37.97617500 -9.00000000 6.31783900
v -37.97617500 -9.00000000 7.31783900
v -37.97617500 -9.00000000 8.31783900
v -37.97617500 -9.00000000 9.31783900
v -37.97617500 -9.00000000 10.31783900
v -37.97617500 -9.00000000 11.31783900
v -37.97617500 -9.00000000 12.31783900
v -37.97617500 -9.00000000 13.31783900
v -37.97617500 -9.00000000 14.31783900
v -37.97617500 -9.00000000 15.31783900
v -37.97617500 -9.00000000 16.31783900
v -37.97617500 -9.00000000 17.31783900
v -37.97617500 -9.00000000 18.31783900
v -37.97617500 -9.00000000 19.31783900
v -37.97617500 -9.00000000 20.31783900
v -37.97617500 -9.00000000 21.31783900
v -37.97617500 -9.00000000 22.31783900
v -37.97617500 -9.00000000 23.31783900
v -37.97617500 -9.00000000 24.31783900
v -37.97617500 -9.00000000 25.31783900
v -37.97617500 -9.00000000 26.31783900
v -37.97617500 -9.00000000 27.31783900
v -37.97617500 -9.00000000 28.31783900
v -37.97617500 -9.00000000 29.31783900
v -37.97617500 -9.00000000 30.31783900
v -37.97617500 -9.00000000 31.31783900
v -37.97617500 -9.00000000 32.31783900
v -37.97617500 -9.00000000 33.31783900
v -37.97617500 -9.00000000 34.31783900
v -37.97617500 -9.00000000 35.31783900
v -37.97617500 -9.00000000 36.31783900
v -37.97617500 -9.00000000 37.31783900
v -37.97617500 -9.00000000 38.31783900
v -37.97617500 -9.00000000 39.31783900
v -37.97617500 -9.00000000 40.31783900
v -37.97617500 -9.00000000 41.31783900
v -37.97617500 -9.00000000 42.31783900
v -37.97617500 -9.00000000 43.31783900
v -37.97617500 -9.00000000 44.31783900
v -37.97617500 -9.00000000 45.31783900
v -37.97617500 -9.00000000 46.31783900
v -37.97617500 -9.00000000 47.31783900
v -37.97617500 -9.00000000 48.31783900
v -37.97617500 -9.00000000 49.31783900
v -37.97617500 -9.00000000 50.31783900
v -37.97617500 -9.00000000 51.31783900
v -37.97617500 -9.00000000 52.31783900
v -37.97617500 -9.00000000 53.31783900
v -37.97617500 -9.00000000 54.31783900
v -46.97617500 -8.00000000 -43.68216100
v -46.97617500 -7.00000000 -43.68216100
v -46.97617500 -6.00000000 -43.68216100
v -46.97617500 -5.00000000 -43.68216100
v -46.97617500 -4.00000000 -43.68216100
v -46.97617500 -3.00000000 -43.68216100
v -46.97617500 -2.00000000 -43.68216100
v -39.97617500 -1.00000000 -43.68216100
v -40.97617500 -1.00000000 -43.68216100
v -41.97617500 -1.00000000 -43.68216100
v -42.97617500 -1.00000000 -43.68216100
v -43.97617500 -1.00000000 -43.68216100
v -44.97617500 -1.00000000 -43.68216100
v -45.97617500 -1.00000000 -43.68216100
v -38.97617500 -8.00000000 -43.68216100
v -38.97617500 -7.00000000 -43.68216100
v -38.97617500 -6.00000000 -43.68216100
v -38.97617500 -5.00000000 -43.68216100
v -38.97617500 -4.00000000 -43.68216100
v -38.97617500 -3.00000000 -43.68216100
v -38.97617500 -2.00000000 -43.68216100
v -39.97617500 -9.00000000 -43.68216100
v -40.97617500 -9.00000000 -43.68216100
v -41.97617500 -9.00000000 -43.68216100
v -42.97617500 -9.00000000 -43.68216100
v -43.97617500 -9.00000000 -43.68216100
v -44.97617500 -9.00000000 -43.68216100
v -45.97617500 -9.00000000 -43.68216100
v -38.26906800 -9.00000000 -43.38926800
v -38.26906800 -1.00000000 -43.38926800
v -38.97617500 -0.29289300 -43.38926800
v -38.26906800 -0.29289300 -42.68216100
v -38.26906800 -9.70710700 -42.68216100
v -38.97617500 -9.70710700 -43.38926800
v -46.97617500 -0.29289300 -43.38926800
v -39.97617500 0.00000000 -42.68216100
v -40.97617500 0.00000000 -42.68216100
v -41.97617500 0.00000000 -42.68216100
v -42.97617500 0.00000000 -42.68216100
v -43.97617500 0.00000000 -42.68216100
v -44.97617500 0.00000000 -42.68216100
v -45.97617500 0.00000000 -42.68216100
v -38.26906800 -0.29289300 55.31783900
v -38.97617500 0.00000000 -41.68216100
v -38.97617500 0.00000000 -40.68216100
v -38.97617500 0.00000000 -39.68216100
v -38.97617500 0.00000000 -38.68216100
v -38.97617500 0.00000000 -37.68216100
v -38.97617500 0.00000000 -36.68216100
v -38.97617500 0.00000000 -35.68216100
v -38.97617500 0.00000000 -34.68216100
v -38.97617500 0.00000000 -33.68216100
v -38.97617500 0.00000000 -32.68216100
v -38.97617500 0.00000000 -31.68216100
v -38.97617500 0.00000000 -30.68216100
v -38.97617500 0.00000000 -29.68216100
v -38.97617500 0.00000000 -28.68216100
v -38.97617500 0.00000000 -27.68216100
v -38.97617500 0.00000000 -26.68216100
v -38.97617500 0.00000000 -25.68216100
v -38.97617500 0.00000000 -24.68216100
v -38.97617500 0.00000000 -23.68216100
v -38.97617500 0.00000000 -22.68216100
v -38.97617500 0.00000000 -21.68216100
v -38.97617500 0.00000000 -20.68216100
v -38.97617500 0.00000000 -19.68216100
v -38.97617500 0.00000000 -18.68216100
v -38.97617500 0.00000000 -17.68216100
v -38.97617500 0.00000000 -16.68216100
v -38.97617500 0.00000000 -15.68216100
v -38.97617500 0.00000000 -14.68216100
v -38.97617500 0.00000000 -13.68216100
v -38.97617500 0.00000000 -12.68216100
v -38.97617500 0.00000000 -11.68216100
v -38.97617500 0.00000000 -10.68216100
v -38.97617500 0.00000000 -9.68216100
v -38.97617500 0.00000000 -8.68216100
v -38.97617500 0.00000000 -7.68216100
v -38.97617500 0.00000000 -6.68216100
v -38.97617500 0.00000000 -5.68216100
v -38.97617500 0.00000000 -4.68216100
v -38.97617500 0.00000000 -3.68216100
v -38.97617500 0.00000000 -2.68216100
v -38.97617500 0.00000000 -1.68216100
v -38.97617500 0.00000000 -0.68216100
v -38.97617500 0.00000000 0.31783900
v -38.97617500 0.00000000 1.31783900
v -38.97617500 0.00000000 2.31783900
v -38.97617500 0.00000000 3.31783900
v -38.97617500 0.00000000 4.31783900
v -38.97617500 0.00000000 5.31783900
v -38.97617500 0.00000000 6.31783900
v -38.97617500 0.00000000 7.31783900
v -38.97617500 0.00000000 8.31783900
v -38.97617500 0.00000000 9.31783900
v -38.97617500 0.00000000 10.31783900
v -38.97617500 0.00000000 11.31783900
v -38.97617500 0.00000000 12.31783900
v -38.97617500 0.00000000 13.31783900
v -38.97617500 0.00000000 14.31783900
v -38.97617500 0.00000000 15.31783900
v -38.97617500 0.00000000 16.31783900
v -38.97617500 0.00000000 17.31783900
v -38.97617500 0.00000000 18.31783900
v -38.97617500 0.00000000 19.31783900
v -38.97617500 0.00000000 20.31783900
v -38.97617500 0.00000000 21.31783900
v -38.97617500 0.00000000 22.31783900
v -38.97617500 0.00000000 23.31783900
v -38.97617500 0.00000000 24.31783900
v -38.97617500 0.00000000 25.31783900
v -38.97617500 0.00000000 26.31783900
v -38.97617500 0.00000000 27.31783900
v -38.97617500 0.00000000 28.31783900
v -38.97617500 0.00000000 29.31783900
v -38.97617500 0.00000000 30.31783900
v -38.97617500 0.00000000 31.31783900
v -38.97617500 0.00000000 32.31783900
v -38.97617500 0.00000000 33.31783900
v -38.97617500 0.00000000 34.31783900
v -38.97617500 0.00000000 35.31783900
v -38.97617500 0.00000000 36.31783900
v -38.97617500 0.00000000 37.31783900
v -38.97617500 0.00000000 38.31783900
v -38.97617500 0.00000000 39.31783900
v -38.97617500 0.00000000 40.31783900
v -38.97617500 0.00000000 41.31783900
v -38.97617500 0.00000000 42.31783900
v -38.97617500 0.00000000 43.31783900
v -38.97617500 0.00000000 44.31783900
v -38.97617500 0.00000000 45.31783900
v -38.97617500 0.00000000 46.31783900
v -38.97617500 0.00000000 47.31783900
v -38.97617500 0.00000000 48.31783900
v -38.97617500 0.00000000 49.31783900
v -38.97617500 0.00000000 50.31783900
v -38.97617500 0.00000000 51.31783900
v -38.97617500 0.00000000 52.31783900
v -38.97617500 0.00000000 53.31783900
v -38.97617500 0.00000000 54.31783900
v -38.26906800 -9.70710700 55.31783900
v -38.97617500 -10.00000000 -41.68216100
v -38.97617500 -10.00000000 -40.68216100
v -38.97617500 -10.00000000 -39.68216100
v -38.97617500 -10.00000000 -38.68216100
v -38.97617500 -10.00000000 -37.68216100
v -38.97617500 -10.00000000 -36.68216100
v -38.97617500 -10.00000000 -35.68216100
v -38.97617500 -10.00000000 -34.68216100
v -38.97617500 -10.00000000 -33.68216100
v -38.97617500 -10.00000000 -32.68216100
v -38.97617500 -10.00000000 -31.68216100
v -38.97617500 -10.00000000 -30.68216100
v -38.97617500 -10.00000000 -29.68216100
v -38.97617500 -10.00000000 -28.68216100
v -38.97617500 -10.00000000 -27.68216100
v -38.97617500 -10.00000000 -26.68216100
v -38.97617500 -10.00000000 -25.68216100
v -38.97617500 -10.00000000 -24.68216100
v -38.97617500 -10.00000000 -23.68216100
v -38.97617500 -10.00000000 -22.68216100
v -38.97617500 -10.00000000 -21.68216100
v -38.97617500 -10.00000000 -20.68216100
v -38.97617500 -10.00000000 -19.68216100
v -38.97617500 -10.00000000 -18.68216100
v -38.97617500 -10.00000000 -17.68216100
v -38.97617500 -10.00000000 -16.68216100
v -38.97617500 -10.00000000 -15.68216100
v -38.97617500 -10.00000000 -14.68216100
v -38.97617500 -10.00000000 -13.68216100
v -38.97617500 -10.00000000 -12.68216100
v -38.97617500 -10.00000000 -11.68216100
v -38.97617500 -10.00000000 -10.68216100
v -38.97617500 -10.00000000 -9.68216100
v -38.97617500 -10.00000000 -8.68216100
v -38.97617500 -10.00000000 -7.68216100
v -38.97617500 -10.00000000 -6.68216100
v -38.97617500 -10.00000000 -5.68216100
v -38.97617500 -10.00000000 -4.68216100
v -38.97617500 -10.00000000 -3.68216100
v -38.97617500 -10.00000000 -2.68216100
v -38.97617500 -10.00000000 -1.68216100
v -38.97617500 -10.00000000 -0.68216100
v -38.97617500 -10.00000000 0.31783900
v -38.97617500 -10.00000000 1.31783900
v -38.97617500 -10.00000000 2.31783900
v -38.97617500 -10.00000000 3.31783900
v -38.97617500 -10.00000000 4.31783900
v -38.97617500 -10.00000000 5.31783900
v -38.97617500 -10.00000000 6.31783900
v -38.97617500 -10.00000000 7.31783900
v -38.97617500 -10.00000000 8.31783900
v -38.97617500 -10.00000000 9.31783900
v -38.97617500 -10.00000000 10.31783900
v -38.97617500 -10.00000000 11.31783900
v -38.97617500 -10.00000000 12.31783900
v -38.97617500 -10.00000000 13.31783900
v -38.97617500 -10.00000000 14.31783900
v -38.97617500 -10.00000000 15.31783900
v -38.97617500 -10.00000000 16.31783900
v -38.97617500 -10.00000000 17.31783900
v -38.97617500 -10.00000000 18.31783900
v -38.97617500 -10.00000000 19.31783900
v -38.97617500 -10.00000000 20.31783900
v -38.97617500 -10.00000000 21.31783900
v -38.97617500 -10.00000000 22.31783900
v -38.97617500 -10.00000000 23.31783900
v -38.97617500 -10.00000000 24.31783900
v -38.97617500 -10.00000000 25.31783900
v -38.97617500 -10.00000000 26.31783900
v -38.97617500 -10.00000000 27.31783900
v -38.97617500 -10.00000000 28.31783900
v -38.97617500 -10.00000000 29.31783900
v -38.97617500 -10.00000000 30.31783900
v -38.97617500 -10.00000000 31.31783900
v -38.97617500 -10.00000000 32.31783900
v -38.97617500 -10.00000000 33.31783900
v -38.97617500 -10.00000000 34.31783900
v -38.97617500 -10.00000000 35.31783900
v -38.97617500 -10.00000000 36.31783900
v -38.97617500 -10.00000000 37.31783900
v -38.97617500 -10.00000000 38.31783900
v -38.97617500 -10.00000000 39.31783900
v -38.97617500 -10.00000000 40.31783900
v -38.97617500 -10.00000000 41.31783900
v -38.97617500 -10.00000000 42.31783900
v -38.97617500 -10.00000000 43.31783900
v -38.97617500 -10.00000000 44.31783900
v -38.97617500 -10.00000000 45.31783900
v -38.97617500 -10.00000000 46.31783900
v -38.97617500 -10.00000000 47.31783900
v -38.97617500 -10.00000000 48.31783900
v -38.97617500 -10.00000000 49.31783900
v -38.97617500 -10.00000000 50.31783900
v -38.97617500 -10.00000000 51.31783900
v -38.97617500 -10.00000000 52.31783900
v -38.97617500 -10.00000000 53.31783900
v -38.97617500 -10.00000000 54.31783900
v -46.97617500 -9.70710700 -43.38926800
v -39.97617500 -10.00000000 -42.68216100
v -40.97617500 -10.00000000 -42.68216100
v -41.97617500 -10.00000000 -42.68216100
v -42.97617500 -10.00000000 -42.68216100
v -43.97617500 -10.00000000 -42.68216100
v -44.97617500 -10.00000000 -42.68216100
v -45.97617500 -10.00000000 -42.68216100
v -47.68328100 -1.00000000 -43.38926800
v -47.68328100 -0.29289300 -42.68216100
v -38.97617500 -0.29289300 56.02494500
v -38.26906800 -1.00000000 56.02494500
v -38.26906800 -9.00000000 56.02494500
v -38.97617500 -9.70710700 56.02494500
v -47.68328100 -9.70710700 -42.68216100
v -47.68328100 -9.00000000 -43.38926800
v -47.68328100 -0.29289300 55.31783900
v -46.97617500 0.00000000 -41.68216100
v -46.97617500 0.00000000 -40.68216100
v -46.97617500 0.00000000 -39.68216100
v -46.97617500 0.00000000 -38.68216100
v -46.97617500 0.00000000 -37.68216100
v -46.97617500 0.00000000 -36.68216100
v -46.97617500 0.00000000 -35.68216100
v -46.97617500 0.00000000 -34.68216100
v -46.97617500 0.00000000 -33.68216100
v -46.97617500 0.00000000 -32.68216100
v -46.97617500 0.00000000 -31.68216100
v -46.97617500 0.00000000 -30.68216100
v -46.97617500 0.00000000 -29.68216100
v -46.97617500 0.00000000 -28.68216100
v -46.97617500 0.00000000 -27.68216100
v -46.97617500 0.00000000 -26.68216100
v -46.97617500 0.00000000 -25.68216100
v -46.97617500 0.00000000 -24.68216100
v -46.97617500 0.00000000 -23.68216100
v -46.97617500 0.00000000 -22.68216100
v -46.97617500 0.00000000 -21.68216100
v -46.97617500 0.00000000 -20.68216100
v -46.97617500 0.00000000 -19.68216100
v -46.97617500 0.00000000 -18.68216100
v -46.97617500 0.00000000 -17.68216100
v -46.97617500 0.00000000 -16.68216100
v -46.97617500 0.00000000 -15.68216100
v -46.97617500 0.00000000 -14.68216100
v -46.97617500 0.00000000 -13.68216100
v -46.97617500 0.00000000 -12.68216100
v -46.97617500 0.00000000 -11.68216100
v -46.97617500 0.00000000 -10.68216100
v -46.97617500 0.00000000 -9.68216100
v -46.97617500 0.00000000 -8.68216100
v -46.97617500 0.00000000 -7.68216100
v -46.97617500 0.00000000 -6.68216100
v -46.97617500 0.00000000 -5.68216100
v -46.97617500 0.00000000 -4.68216100
v -46.97617500 0.00000000 -3.68216100
v -46.97617500 0.00000000 -2.68216100
v -46.97617500 0.00000000 -1.68216100
v -46.97617500 0.00000000 -0.68216100
v -46.97617500 0.00000000 0.31783900
v -46.97617500 0.00000000 1.31783900
v -46.97617500 0.00000000 2.31783900
v -46.97617500 0.00000000 3.31783900
v -46.97617500 0.00000000 4.31783900
v -46.97617500 0.00000000 5.31783900
v -46.97617500 0.00000000 6.31783900
v -46.97617500 0.00000000 7.31783900
v -46.97617500 0.00000000 8.31783900
v -46.97617500 0.00000000 9.31783900
v -46.97617500 0.00000000 10.31783900
v -46.97617500 0.00000000 11.31783900
v -46.97617500 0.00000000 12.31783900
v -46.97617500 0.00000000 13.31783900
v -46.97617500 0.00000000 14.31783900
v -46.97617500 0.00000000 15.31783900
v -46.97617500 0.00000000 16.31783900
v -46.97617500 0.00000000 17.31783900
v -46.97617500 0.00000000 18.31783900
v -46.97617500 0.00000000 19.31783900
v -46.97617500 0.00000000 20.31783900
v -46.97617500 0.00000000 21.31783900
v -46.97617500 0.00000000 22.31783900
v -46.97617500 0.00000000 23.31783900
v -46.97617500 0.00000000 24.31783900
v -46.97617500 0.00000000 25.31783900
v -46.97617500 0.00000000 26.31783900
v -46.97617500 0.00000000 27.31783900
v -46.97617500 0.00000000 28.31783900
v -46.97617500 0.00000000 29.31783900
v -46.97617500 0.00000000 30.31783900
v -46.97617500 0.00000000 31.31783900
v -46.97617500 0.00000000 32.31783900
v -46.97617500 0.00000000 33.31783900
v -46.97617500 0.00000000 34.31783900
v -46.97617500 0.00000000 35.31783900
v -46.97617500 0.00000000 36.31783900
v -46.97617500 0.00000000 37.31783900
v -46.97617500 0.00000000 38.31783900
v -46.97617500 0.00000000 39.31783900
v -46.97617500 0.00000000 40.31783900
v -46.97617500 0.00000000 41.31783900
v -46.97617500 0.00000000 42.31783900
v -46.97617500 0.00000000 43.31783900
v -46.97617500 0.00000000 44.31783900
v -46.97617500 0.00000000 45.31783900
v -46.97617500 0.00000000 46.31783900
v -46.97617500 0.00000000 47.31783900
v -46.97617500 0.00000000 48.31783900
v -46.97617500 0.00000000 49.31783900
v -46.97617500 0.00000000 50.31783900
v -46.97617500 0.00000000 51.31783900
v -46.97617500 0.00000000 52.31783900
v -46.97617500 0.00000000 53.31783900
v -46.97617500 0.00000000 54.31783900
v -46.97617500 -0.29289300 56.02494500
v -39.97617500 0.00000000 55.31783900
v -40.97617500 0.00000000 55.31783900
v -41.97617500 0.00000000 55.31783900
v -42.97617500 0.00000000 55.31783900
v -43.97617500 0.00000000 55.31783900
v -44.97617500 0.00000000 55.31783900
v -45.97617500 0.00000000 55.31783900
v -46.97617500 -9.70710700 56.02494500
v -39.97617500 -10.00000000 55.31783900
v -40.97617500 -10.00000000 55.31783900
v -41.97617500 -10.00000000 55.31783900
v -42.97617500 -10.00000000 55.31783900
v -43.97617500 -10.00000000 55.31783900
v -44.97617500 -10.00000000 55.31783900
v -45.97617500 -10.00000000 55.31783900
v -47.68328100 -9.70710700 55.31783900
v -46.97617500 -10.00000000 -41.68216100
v -46.97617500 -10.00000000 -40.68216100
v -46.97617500 -10.00000000 -39.68216100
v -46.97617500 -10.00000000 -38.68216100
v -46.97617500 -10.00000000 -37.68216100
v -46.97617500 -10.00000000 -36.68216100
v -46.97617500 -10.00000000 -35.68216100
v -46.97617500 -10.00000000 -34.68216100
v -46.97617500 -10.00000000 -33.68216100
v -46.97617500 -10.00000000 -32.68216100
v -46.97617500 -10.00000000 -31.68216100
v -46.97617500 -10.00000000 -30.68216100
v -46.97617500 -10.00000000 -29.68216100
v -46.97617500 -10.00000000 -28.68216100
v -46.97617500 -10.00000000 -27.68216100
v -46.97617500 -10.00000000 -26.68216100
v -46.97617500 -10.00000000 -25.68216100
v -46.97617500 -10.00000000 -24.68216100
v -46.97617500 -10.00000000 -23.68216100
v -46.97617500 -10.00000000 -22.68216100
v -46.97617500 -10.00000000 -21.68216100
v -46.97617500 -10.00000000 -20.68216100
v -46.97617500 -10.00000000 -19.68216100
v -46.97617500 -10.00000000 -18.68216100
v -46.97617500 -10.00000000 -17.68216100
v -46.97617500 -10.00000000 -16.68216100
v -46.97617500 -10.00000000 -15.68216100
v -46.97617500 -10.00000000 -14.68216100
v -46.97617500 -10.00000000 -13.68216100
v -46.97617500 -10.00000000 -12.68216100
v -46.97617500 -10.00000000 -11.68216100
v -46.97617500 -10.00000000 -10.68216100
v -46.97617500 -10.00000000 -9.68216100
v -46.97617500 -10.00000000 -8.68216100
v -46.97617500 -10.00000000 -7.68216100
v -46.97617500 -10.00000000 -6.68216100
v -46.97617500 -10.00000000 -5.68216100
v -46.97617500 -10.00000000 -4.68216100
v -46.97617500 -10.00000000 -3.68216100
v -46.97617500 -10.00000000 -2.68216100
v -46.97617500 -10.00000000 -1.68216100
v -46.97617500 -10.00000000 -0.68216100
v -46.97617500 -10.00000000 0.31783900
v -46.97617500 -10.00000000 1.31783900
v -46.97617500 -10.00000000 2.31783900
v -46.97617500 -10.00000000 3.31783900
v -46.97617500 -10.00000000 4.31783900
v -46.97617500 -10.00000000 5.31783900
v -46.97617500 -10.00000000 6.31783900
v -46.97617500 -10.00000000 7.31783900
v -46.97617500 -10.00000000 8.31783900
v -46.97617500 -10.00000000 9.31783900
v -46.97617500 -10.00000000 10.31783900
v -46.97617500 -10.00000000 11.31783900
v -46.97617500 -10.00000000 12.31783900
v -46.97617500 -10.00000000 13.31783900
v -46.97617500 -10.00000000 14.31783900
v -46.97617500 -10.00000000 15.31783900
v -46.97617500 -10.00000000 16.31783900
v -46.97617500 -10.00000000 17.31783900
v -46.97617500 -10.00000000 18.31783900
v -46.97617500 -10.00000000 19.31783900
v -46.97617500 -10.00000000 20.31783900
v -46.97617500 -10.00000000 21.31783900
v -46.97617500 -10.00000000 22.31783900
v -46.97617500 -10.00000000 23.31783900
v -46.97617500 -10.00000000 24.31783900
v -46.97617500 -10.00000000 25.31783900
v -46.97617500 -10.00000000 26.31783900
v -46.97617500 -10.00000000 27.31783900
v -46.97617500 -10.00000000 28.31783900
v -46.97617500 -10.00000000 29.31783900
v -46.97617500 -10.00000000 30.31783900
v -46.97617500 -10.00000000 31.31783900
v -46.97617500 -10.00000000 32.31783900
v -46.97617500 -10.00000000 33.31783900
v -46.97617500 -10.00000000 34.31783900
v -46.97617500 -10.00000000 35.31783900
v -46.97617500 -10.00000000 36.31783900
v -46.97617500 -10.00000000 37.31783900
v -46.97617500 -10.00000000 38.31783900
v -46.97617500 -10.00000000 39.31783900
v -46.97617500 -10.00000000 40.31783900
v -46.97617500 -10.00000000 41.31783900
v -46.97617500 -10.00000000 42.31783900
v -46.97617500 -10.00000000 43.31783900
v -46.97617500 -10.00000000 44.31783900
v -46.97617500 -10.00000000 45.31783900
v -46.97617500 -10.00000000 46.31783900
v -46.97617500 -10.00000000 47.31783900
v -46.97617500 -10.00000000 48.31783900
v -46.97617500 -10.00000000 49.31783900
v -46.97617500 -10.00000000 50.31783900
v -46.97617500 -10.00000000 51.31783900
v -46.97617500 -10.00000000 52.31783900
v -46.97617500 -10.00000000 53.31783900
v -46.97617500 -10.00000000 54.31783900
v -47.68328100 -1.00000000 56.02494500
v -47.68328100 -9.00000000 56.02494500
v -42.97617500 -5.00000000 56.31783900
v -41.47153100 -6.42820500 56.31783900
v -44.39185000 -6.70139300 56.31783900
v -44.48333200 -3.57265700 56.31783900
v -41.56049900 -3.29860700 56.31783900
v -45.27233500 -4.96683200 56.31783900
v -40.68001400 -4.96783800 56.31783900
v -43.04813700 -2.74833300 56.31783900
v -42.88999800 -7.26522300 56.31783900
v -40.32071800 -7.63923000 56.31783900
v -45.63163100 -7.63923000 56.31783900
v -45.63163100 -2.36077000 56.31783900
v -40.32071800 -2.36077000 56.31783900
v -42.45482500 -6.18570000 56.31783900
v -44.09522200 -5.54761900 56.31783900
v -43.52379400 -3.88095200 56.31783900
v -41.91987200 -4.50509300 56.31783900
v -45.75846400 -6.07233200 56.31783900
v -40.18700900 -6.06173800 56.31783900
v -45.74680600 -3.88612400 56.31783900
v -44.12618800 -7.77446900 56.31783900
v -40.20554300 -3.88612400 56.31783900
v -41.90165400 -7.78311000 56.31783900
v -44.09005100 -2.22936900 56.31783900
v -41.86229800 -2.22936900 56.31783900
v -41.65226800 -5.48324800 56.31783900
v -43.54375200 -6.45375200 56.31783900
v -44.32719000 -4.51233300 56.31783900
v -42.45669700 -3.56579300 56.31783900
v -39.77283400 -5.28243800 56.31783900
v -46.15493000 -5.27760100 56.31783900
v -42.67348400 -1.89180500 56.31783900
v -42.64891100 -8.27686400 56.31783900
v -39.76306200 -3.15672800 56.31783900
v -46.18928700 -3.15672800 56.31783900
v -46.16614900 -6.85880200 56.31783900
v -39.82575400 -6.89402000 56.31783900
v -44.85386300 -1.79498200 56.31783900
v -41.09848600 -1.79498200 56.31783900
v -44.85988600 -8.20565700 56.31783900
v -41.07720200 -8.15636300 56.31783900
v -42.09993900 -6.96280300 56.31783900
v -43.86637400 -3.04589300 56.31783900
v -44.93810700 -5.87161300 56.31783900
v -41.01386200 -4.10507700 56.31783900
v -43.45825600 -8.24354000 56.31783900
v -43.42517200 -1.72007900 56.31783900
v -39.67005800 -4.53088900 56.31783900
v -46.28049900 -4.53046300 56.31783900
v -43.18624600 -5.64655700 56.31783900
v -42.82625700 -4.27068100 56.31783900
v -40.99232300 -5.92136300 56.31783900
v -44.96002600 -4.07863700 56.31783900
v -46.19925400 -8.22307900 56.31783900
v -39.75309500 -8.22307900 56.31783900
v -46.19925400 -1.77692100 56.31783900
v -39.75309500 -1.77692100 56.31783900
v -41.24076900 -7.28789300 56.31783900
v -44.90040700 -7.39343400 56.31783900
v -44.71733800 -2.70767100 56.31783900
v -41.08311400 -2.58521600 56.31783900
v -40.67301700 -6.70540800 56.31783900
v -45.35769100 -6.75725200 56.31783900
v -45.28807000 -3.29376400 56.31783900
v -40.65780000 -3.23208700 56.31783900
v -42.37381600 -5.39874400 56.31783900
v -43.69647800 -4.94526000 56.31783900
v -43.68946400 -7.17733200 56.31783900
v -42.26288500 -2.82266800 56.31783900
v -46.39450400 -2.45888400 56.31783900
v -39.55784500 -2.45888400 56.31783900
v -45.52741900 -1.58653500 56.31783900
v -39.57038300 -7.55126600 56.31783900
v -46.38987600 -7.54422200 56.31783900
v -45.52760400 -8.42399000 56.31783900
v -40.42493000 -1.58653500 56.31783900
v -40.42067300 -8.40373400 56.31783900
v -47.97617500 -4.94516400 27.86572900
v -47.97617500 -5.00000000 41.81783900
v -47.97617500 -4.95118300 49.82446900
v -47.97617500 -5.00000000 33.81783900
v -47.97617500 -4.81417700 18.74337500
v -47.97617500 -4.93884000 -32.23518100
v -47.97617500 -5.04936100 6.75218500
v -47.97617500 -4.90383500 12.87134800
v -47.97617500 -5.10925900 -37.27663800
v -47.97617500 -5.09614700 -12.14395200
v -47.97617500 -5.06791600 -25.20366200
v -47.97617500 -5.07143900 -5.22331900
v -47.97617500 -5.03568000 1.78931600
v -47.97617500 -5.13226400 -19.13098700
v -47.97617500 -5.03033500 23.69204600
v -47.97617500 -4.79600500 37.68576400
v -47.97617500 -4.88983000 45.69111400
v -47.97617500 -5.65425200 -8.67914500
v -47.97617500 -5.61298500 -28.68332700
v -47.97617500 -5.52224800 -1.63917200
v -47.97617500 -5.63405300 -15.67446600
v -47.97617500 -4.05231600 30.83766300
v -47.97617500 -5.90625000 -22.18216100
v -47.97617500 -5.90625000 9.81783900
v -47.97617500 -5.90625000 15.81783900
v -47.97617500 -3.86538500 52.45245400
v -47.97617500 -6.16403700 -39.79148400
v -47.97617500 -6.19192500 -34.69019500
v -47.97617500 -6.23516100 4.35896600
v -47.97617500 -6.18015700 21.21500800
v -47.97617500 -3.65747700 21.03698000
v -47.97617500 -3.60937500 4.04283900
v -47.97617500 -3.60937500 -34.95716100
v -47.97617500 -6.39218400 52.22278000
v -47.97617500 -3.62276000 -39.46547900
v -47.97617500 -6.26024800 31.95653700
v -47.97617500 -3.57543700 8.88218100
v -47.97617500 -3.61355200 14.85351400
v -47.97617500 -3.52103300 -23.09850900
v -47.97617500 -6.50903600 25.87321300
v -47.97617500 -3.33247000 25.82541100
v -47.97617500 -3.62391500 47.66776500
v -47.97617500 -6.52373400 39.80581200
v -47.97617500 -3.47626600 43.82986500
v -47.97617500 -6.52373400 35.82986500
v -47.97617500 -3.63494700 35.61821600
v -47.97617500 -3.52276300 39.85134900
v -47.97617500 -6.45368200 47.83413600
v -47.97617500 -6.47449300 43.66855900
v -47.97617500 -3.63076000 -26.89316500
v -47.97617500 -3.48368000 -14.04508700
v -47.97617500 -3.47233500 -3.30662100
v -47.97617500 -3.55291600 -0.06865700
v -47.97617500 -3.47233500 -7.05770200
v -47.97617500 -3.50451700 -17.16076100
v -47.97617500 -3.40251300 -30.06918700
v -47.97617500 -3.55291600 -10.29566600
v -47.97617500 -6.68014700 29.42078100
v -47.97617500 -3.35921200 17.25819600
v -47.97617500 -3.31985300 11.21489600
v -47.97617500 -3.31985300 -20.78510400
v -47.97617500 -6.65637000 -10.66514600
v -47.97617500 -6.63899100 -6.91490400
v -47.97617500 -6.58887800 -30.51653000
v -47.97617500 -6.74118500 -26.67640700
v -47.97617500 -6.67226300 0.27650000
v -47.97617500 -6.69853500 -13.73606900
v -47.97617500 -6.69853500 -3.62825400
v -47.97617500 -6.76571100 -17.67775800
v -47.97617500 -3.00176800 32.64545200
v -47.97617500 -3.04551100 28.92800000
v -47.97617500 -6.88043800 17.74900600
v -47.97617500 -7.02371500 7.79599300
v -47.97617500 -6.88298200 13.93182100
v -47.97617500 -6.84511200 -23.94785200
v -47.97617500 -6.90594900 -20.45963000
v -47.97617500 -6.87293000 11.71041300
v -47.97617500 -3.06450100 -32.94817200
v -47.97617500 -3.06450100 6.05182800
v -47.97617500 -3.05945900 23.05029800
v -47.97617500 -3.05949100 50.54376800
v -47.97617500 -6.94050900 -37.90809100
v -47.97617500 -3.18249900 45.80947100
v -47.97617500 -6.73405700 37.72220400
v -47.97617500 -6.80077500 -32.75833600
v -47.97617500 -6.81946800 2.24494900
v -47.97617500 -6.81704500 23.17152500
v -47.97617500 -3.22569200 41.78705800
v -47.97617500 -6.87350700 49.72810000
v -47.97617500 -6.77331300 41.77871800
v -47.97617500 -6.89699300 33.85988700
v -47.97617500 -3.32526900 -5.18216100
v -47.97617500 -3.08578300 1.79345400
v -47.97617500 -3.33966800 -25.10807900
v -47.97617500 -3.23138400 -12.21417600
v -47.97617500 -2.94397100 -37.21870200
v -47.97617500 -3.32914900 37.81666200
v -47.97617500 -6.78637600 45.78130200
v -47.97617500 -2.93189800 19.20297700
v -47.97617500 -2.68460700 13.12392300
v -47.97617500 -7.26988800 6.01316000
v -47.97617500 -7.13950600 19.65405100
v -47.97617500 -7.30733400 27.39188000
v -47.97617500 -2.64834600 -18.93151900
v -47.97617500 -5.45837500 53.50303800
v -47.97617500 -4.48780200 -40.99043900
v -47.97617500 -7.33227700 -36.12395700
v -47.97617500 -7.40817900 -8.53689800
v -47.97617500 -7.27574000 -1.29575700
v -47.97617500 -7.27574000 -29.06856600
v -47.97617500 -7.40817900 -15.53689800
v -47.97617500 -7.21481800 53.45790500
v -47.97617500 -2.78518200 -40.82222800
v -47.97617500 -2.57459900 53.70296600
v -47.97617500 -7.42353900 -41.06557400
v -47.97617500 -2.60063800 -8.69254400
v -47.97617500 -2.60605200 -28.66953500
v -47.97617500 -2.60063800 -1.67177900
v -47.97617500 -2.55420700 -15.68166100
v -47.97617500 -7.37899600 -12.18216100
v -47.97617500 -7.37899600 -5.18216100
v -47.97617500 -2.67793500 27.32090800
v -47.97617500 -2.53032900 34.33886700
v -47.97617500 -4.89469600 -33.80901200
v -47.97617500 -4.75355200 5.16830200
v -47.97617500 -4.89850600 29.36722100
v -47.97617500 -4.97013400 17.19571500
v -47.97617500 -4.97001500 11.19621200
v -47.97617500 -4.96658100 -20.82913800
v -47.97617500 -4.73191900 22.14659800
v -47.97617500 -5.10195600 -13.81043700
v -47.97617500 -5.07180500 -27.23240900
v -47.97617500 -5.13414300 -30.56673000
v -47.97617500 -5.09922100 -0.08703500
v -47.97617500 -5.10260900 -3.54090500
v -47.97617500 -5.01434100 -17.40959400
v -47.97617500 -5.06323100 -6.81831000
v -47.97617500 -5.09368900 -10.28059700
v -47.97617500 -4.93065100 32.20190600
v -47.97617500 -5.12122200 8.34762100
v -47.97617500 -5.01003300 14.50489600
v -47.97617500 -5.06934900 -23.56622900
v -47.97617500 -2.55536300 7.61111300
v -47.97617500 -2.55952700 30.81887800
v -47.97617500 -7.42099400 -22.18103700
v -47.97617500 -7.42099400 15.81896300
v -47.97617500 -7.42197000 9.81877400
v -47.97617500 -5.00274300 43.40290000
v -47.97617500 -4.99725700 40.23277700
v -47.97617500 -4.99077300 36.23292700
v -47.97617500 -4.96379200 48.02125900
v -47.97617500 -5.06388900 26.18040300
v -47.97617500 -2.50872200 24.51695300
v -47.97617500 -2.50610100 -31.48479800
v -47.97617500 -2.47228900 49.14092500
v -47.97617500 -4.99146700 51.37578600
v -47.97617500 -5.05335800 -38.78969700
v -47.97617500 -5.12139400 3.41792800
v -47.97617500 -5.04915000 -35.55192100
v -47.97617500 -4.95627600 20.39904400
v -47.97617500 -7.50688900 24.63680100
v -47.97617500 -2.49621000 52.09942700
v -47.97617500 -7.55277200 -39.27778000
v -47.97617500 -7.56027700 30.65456100
v -47.97617500 -2.44819300 16.02286200
v -47.97617500 -2.43732000 -22.02009400
v -47.97617500 -2.46586800 9.97518200
v -47.97617500 -7.60460600 -25.49465300
v -47.97617500 -7.60460600 -18.86967000
v -47.97617500 -7.57243100 -34.15054400
v -47.97617500 -7.58513700 3.75042600
v -47.97617500 -7.59021600 21.87515600
v -47.97617500 -2.52460200 3.29902500
v -47.97617500 -2.53793200 -35.68214100
v -47.97617500 -2.36348100 4.71863100
v -47.97617500 -2.38327300 -34.25736000
v -47.97617500 -2.31503100 21.79927500
v -47.97617500 -2.45309800 -38.48768900
v -47.97617500 -7.54690200 51.12336600
v -47.97617500 -4.11176300 -15.44062500
v -47.97617500 -4.11212900 -1.92574800
v -47.97617500 -4.13886700 -28.50037200
v -47.97617500 -4.11176300 -8.44062500
v -47.97617500 -2.40845900 -23.75462500
v -47.97617500 -7.61885100 32.54707300
v -47.97617500 -4.06131700 53.94214500
v -47.97617500 -5.94010600 -41.29342000
v -47.97617500 -5.47824000 30.77655200
v -47.97617500 -4.52176000 15.85912500
v -47.97617500 -4.52176000 9.85912500
v -47.97617500 -4.52176000 -22.14087500
v -47.97617500 -2.39716900 20.38565700
v -47.97617500 -7.65242000 35.04454500
v -47.97617500 -2.34758000 43.04454500
v -47.97617500 -7.65667300 40.53126000
v -47.97617500 -2.34266200 44.60429300
v -47.97617500 -7.65733800 36.60429300
v -47.97617500 -7.65733800 39.03138400
v -47.97617500 -2.37496300 47.05756600
v -47.97617500 -7.65781100 47.04401500
v -47.97617500 -2.34139500 36.55785300
v -47.97617500 -2.33773100 39.10336500
v -47.97617500 -7.66226900 44.53231200
v -47.97617500 -2.33593600 40.54369200
v -47.97617500 -7.66270200 48.60462700
v -47.97617500 -7.66270200 43.03105000
v -47.97617500 -2.34269100 -13.43555900
v -47.97617500 -2.32705400 -26.37281000
v -47.97617500 -2.32705400 -3.99151300
v -47.97617500 -2.32705400 -6.37281000
v -47.97617500 -2.32705400 0.62719000
v -47.97617500 -2.32705400 -10.99151300
v -47.97617500 -7.76117000 12.83740200
v -47.97617500 -7.64403600 -31.60338000
v -47.97617500 -7.64403600 1.23905700
v -47.97617500 -6.05225600 24.58846000
v -47.97617500 -3.96888200 7.56608700
v -47.97617500 -4.05672000 49.28254500
v -47.97617500 -7.71455400 -27.53536100
v -47.97617500 -7.66320800 -9.70259900
v -47.97617500 -7.71455400 -16.82896200
v -47.97617500 -7.66320800 -2.70259900
v -47.97617500 -3.88979300 24.53320800
v -47.97617500 -2.33385800 14.29287200
v -47.97617500 -3.88271100 -31.45858000
v -47.97617500 -3.98517500 -24.45406100
v -47.97617500 -6.04971300 32.91465400
v -47.97617500 -2.29098000 18.04201500
v -47.97617500 -7.69061700 26.40157900
v -47.97617500 -3.67325700 27.12003800
v -47.97617500 -3.94694300 34.59159700
v -47.97617500 -4.51441400 47.30547800
v -47.97617500 -5.48082800 39.01943100
v -47.97617500 -5.44022400 34.80237700
v -47.97617500 -4.61245400 44.65996300
v -47.97617500 -2.38952400 -17.95958900
v -47.97617500 -2.32997400 11.90715700
v -47.97617500 -3.71200900 2.61593500
v -47.97617500 -3.84899600 -36.23087800
v -47.97617500 -3.96109600 38.55271000
v -47.97617500 -6.03918600 46.63256100
v -47.97617500 -6.06170900 45.07505400
v -47.97617500 -7.67898800 28.87037900
v -47.97617500 -5.88188800 50.95235900
v -47.97617500 -3.88611400 -38.12241600
v -47.97617500 -3.94335800 -13.05169100
v -47.97617500 -3.98437500 -25.98433100
v -47.97617500 -3.91829200 1.00717500
v -47.97617500 -3.90450100 -4.28762700
v -47.97617500 -3.84906000 -6.14403000
v -47.97617500 -3.93137200 -11.36956000
v -47.97617500 -2.30380000 -20.13672300
v -47.97617500 -4.17135900 37.04187600
v -47.97617500 -3.99696300 -18.37026100
v -47.97617500 -3.99671100 42.78811000
v -47.97617500 -6.00554200 40.85956900
v -47.97617500 -2.18732700 25.61941800
v -47.97617500 -5.97963600 42.57622800
v -47.97617500 -5.99381100 49.03568600
v -47.97617500 -4.02400400 41.06856700
v -47.97617500 -5.99844000 36.85769700
v -47.97617500 -6.03035800 -18.87410100
v -47.97617500 -6.02126800 -25.48815200
v -47.97617500 -2.18076400 -30.35616900
v -47.97617500 -4.12958500 13.59291800
v -47.97617500 -5.79913400 -36.45052000
v -47.97617500 -5.79148900 26.91120000
v -47.97617500 -5.85920600 5.88653600
v -47.97617500 -7.73773800 52.39767900
v -47.97617500 -2.26226200 -39.76200200
v -47.97617500 -6.16254600 -31.85750100
v -47.97617500 -6.06362600 1.24894900
v -47.97617500 -6.25180000 -11.75224000
v -47.97617500 -6.22079200 -5.48354900
v -47.97617500 -7.98838700 -7.40577600
v -47.97617500 -7.74497800 -0.36343500
v -47.97617500 -7.74497800 -30.00088800
v -47.97617500 -7.98838700 -14.40577600
v -47.97617500 -6.27168800 12.81839200
v -47.97617500 -2.10994600 8.77071400
v -47.97617500 -7.73328800 6.95275400
v -47.97617500 -7.77394100 5.10190600
v -47.97617500 -7.79161900 18.58713100
v -47.97617500 -3.90215700 -19.68721700
v -47.97617500 -6.06785500 28.28315400
v -47.97617500 -7.81269500 20.65978600
v -47.97617500 -6.52976900 -9.60006800
v -47.97617500 -6.63712500 -2.63957100
v -47.97617500 -6.33451600 -27.97606500
v -47.97617500 -6.32127000 -16.36255000
v -47.97617500 -4.07552700 12.30107000
v -47.97617500 -3.88965800 18.27627700
v -47.97617500 -6.13247300 18.73045900
v -47.97617500 -5.15261400 25.10397200
v -47.97617500 -7.98319100 -11.20936900
v -47.97617500 -7.83991800 -4.05438100
v -47.97617500 -2.07513600 31.81247000
v -47.97617500 -7.90978500 -23.27815500
v -47.97617500 -7.92006200 14.84621500
v -47.97617500 -7.95812600 8.84429900
v -47.97617500 -7.97541200 16.77446100
v -47.97617500 -7.90746900 -21.06945900
v -47.97617500 -2.04341500 29.88338200
v -47.97617500 -5.87721200 -33.41609400
v -47.97617500 -7.95720100 10.78635100
v -47.97617500 -5.79609700 22.87865100
v -47.97617500 -7.89212100 -37.11623100
v -47.97617500 -2.19989400 -7.66529500
v -47.97617500 -2.19707400 -14.66463400
v -47.97617500 -2.19820300 -27.66168600
v -47.97617500 -2.19354100 -0.67968000
v -47.97617500 -2.19989400 -2.69902800
v -47.97617500 -2.19354100 -9.68464300
v -47.97617500 -4.24584100 19.65509700
v -47.97617500 -2.17458500 35.36926100
v -47.97617500 -4.44359900 -29.55017800
v -47.97617500 -6.24761000 -7.81273000
v -47.97617500 -6.27752700 -29.54552700
v -47.97617500 -6.16223500 -0.72584700
v -47.97617500 -6.24761000 -14.81273000
v -47.97617500 -5.80265200 -4.27125300
v -47.97617500 -5.80923900 -13.04783300
v -47.97617500 -8.06908200 -35.17614700
v -47.97617500 -8.07133400 -6.03190600
v -47.97617500 -8.00550300 -13.05932300
v -47.97617500 -6.10951500 6.98170900
v -47.97617500 -3.70789500 -41.57037100
v -47.97617500 -6.29210500 54.20604800
v -47.97617500 -2.19518400 28.24436300
v -47.97617500 -2.16162900 33.35831000
v -47.97617500 -6.23741200 20.20512600
v -47.97617500 -6.12310100 3.18434400
v -47.97617500 -4.23620900 28.59530800
v -47.97617500 -6.04972200 16.78179900
v -47.97617500 -6.06653500 -21.23410800
v -47.97617500 -6.04925100 10.77901400
v -47.97617500 -3.26621200 31.59987600
v -47.97617500 -6.69989000 15.00689300
v -47.97617500 -6.69989000 9.00689300
v -47.97617500 -6.74684900 -22.93345000
v -47.97617500 -3.28562700 30.06842500
v -47.97617500 -2.15469100 -16.57244000
v -47.97617500 -7.74746800 -26.59745300
v -47.97617500 -7.74965800 -17.76596300
v -47.97617500 -3.77318500 51.31920400
v -47.97617500 -6.13275000 -38.69151200
v -47.97617500 -5.79368400 -19.97438300
v -47.97617500 -2.07683900 6.81638200
v -47.97617500 -4.19651200 33.04286700
v -47.97617500 -5.80348800 -24.40719000
v -47.97617500 -4.16949100 23.05355700
v -47.97617500 -4.17144900 6.08311600
v -47.97617500 -3.73007500 -33.88367400
v -47.97617500 -1.97212800 50.71595400
v -47.97617500 -4.91474400 52.42409100
v -47.97617500 -4.60380900 -39.76976400
v -47.97617500 -2.03364700 -33.23503300
v -47.97617500 -2.03766200 22.75443400
v -47.97617500 -7.98054800 -38.26773900
v -47.97617500 -7.90066100 -24.46480600
v -47.97617500 -7.90283700 -19.90050100
v -47.97617500 -4.35710800 -9.55692500
v -47.97617500 -4.31828300 -0.85817500
v -47.97617500 -4.32705100 -16.53000100
v -47.97617500 -1.99524400 16.96547600
v -47.97617500 -7.93914500 23.65558400
v -47.97617500 -2.03850800 48.02923500
v -47.97617500 -7.99570400 -33.10526400
v -47.97617500 -7.95250800 2.75245500
v -47.97617500 -4.14950300 -32.86143100
v -47.97617500 -3.66350100 5.12234800
v -47.97617500 -3.67355700 22.01484300
v -47.97617500 -6.63762000 34.93243500
v -47.97617500 -1.86662600 10.86272400
v -47.97617500 -1.91330500 52.80022100
v -47.97617500 -8.09342600 -40.13773200
v -47.97617500 -6.54760800 30.45238200
v -47.97617500 -3.43588600 16.19247300
v -47.97617500 -3.45623900 10.18336300
v -47.97617500 -3.45187000 -21.81655400
v -47.97617500 -6.61532000 38.93606900
v -47.97617500 -3.37731800 44.70628600
v -47.97617500 -3.42257700 46.74088200
v -47.97617500 -3.68442600 -40.41296500
v -47.97617500 -6.32750900 53.06666700
v -47.97617500 -1.68406200 45.81783900
v -47.97617500 -8.31593800 37.81783900
v -47.97617500 -8.19168800 29.81711500
v -47.97617500 -8.31968200 41.81665800
v -47.97617500 -8.31394300 33.81389700
v -47.97617500 -1.68031800 41.81901900
v -47.97617500 -8.29625900 49.79002100
v -47.97617500 -1.68018100 -5.18216100
v -47.97617500 -1.98078300 1.83144500
v -47.97617500 -1.99364900 -37.14272200
v -47.97617500 -1.68018100 -12.18216100
v -47.97617500 -1.68532800 -25.17579200
v -47.97617500 -1.80403600 -21.16714500
v -47.97617500 -5.62562700 11.89596000
v -47.97617500 -3.91603600 50.25770800
v -47.97617500 -5.95784200 -37.64928400
v -47.97617500 -1.67872300 37.82184000
v -47.97617500 -8.32344200 45.81783900
v -47.97617500 -5.58903700 17.86678500
v -47.97617500 -1.84491200 -23.03843000
v -47.97617500 -8.15864700 31.69633000
v -47.97617500 -5.80622200 13.80001100
v -47.97617500 -7.95318200 54.26102900
v -47.97617500 -2.04681800 -41.62535200
v -47.97617500 -3.99727700 45.65143900
v -47.97617500 -3.37698900 27.97396000
v -47.97617500 -6.63828400 22.16710700
v -47.97617500 -4.99274300 -7.83150400
v -47.97617500 -4.90617300 -2.53580100
v -47.97617500 -4.99370700 -14.83085000
v -47.97617500 -2.00011600 18.81986200
v -47.97617500 -5.39593900 -18.24776400
v -47.97617500 -5.32558300 -26.26088200
v -47.97617500 -3.35849700 33.80004500
v -47.97617500 -1.78923500 49.72745600
v -47.97617500 -1.71322400 12.70042200
v -47.97617500 -8.10019700 28.01699500
v -47.97617500 -5.16979700 0.75647900
v -47.97617500 -5.21018200 -11.14316400
v -47.97617500 -1.80642300 23.88684200
v -47.97617500 -1.70125600 -19.33045600
v -47.97617500 -1.80519800 -32.11182600
v -47.97617500 -1.88682400 -29.21506400
v -47.97617500 -8.13306900 25.52157700
v -47.97617500 -8.17883300 6.03618100
v -47.97617500 -8.20350800 19.55908100
v -47.97617500 -6.00000800 33.81313300
v -47.97617500 -4.66166800 35.40752100
v -47.97617500 -8.02338300 13.61268300
v -47.97617500 -8.00591400 12.04405000
v -47.97617500 -1.81410700 54.49810600
v -47.97617500 -8.18558200 -41.86214300
v -47.97617500 -3.45543900 -29.10529700
v -47.97617500 -5.24516800 -34.69282300
v -47.97617500 -5.30329800 4.34784900
v -47.97617500 -6.63673500 5.29416100
v -47.97617500 -5.94573500 7.98076500
v -47.97617500 -4.90197400 54.35516300
v -47.97617500 -5.09802600 -41.71948500
v -47.97617500 -2.00121000 5.62172000
v -47.97617500 -5.73262300 37.97805800
v -47.97617500 -5.26739900 21.30314100
v -47.97617500 -1.91544000 26.75549700
v -47.97617500 -8.18334100 22.51888700
v -47.97617500 -3.28943400 20.05969400
v -47.97617500 -4.34685900 39.45301600
v -47.97617500 -5.53472700 47.46214300
v -47.97617500 -5.65088500 44.16523200
v -47.97617500 -1.85839800 3.87193000
v -47.97617500 -1.86313000 -35.12195000
v -47.97617500 -8.29189700 -1.04486300
v -47.97617500 -8.16584800 -8.20978900
v -47.97617500 -8.29189700 -29.31946000
v -47.97617500 -8.16584800 -15.20978900
v -47.97617500 -1.87074200 15.17950300
v -47.97617500 -2.95277400 52.70950400
v -47.97617500 -7.05895800 -40.01940600
v -47.97617500 -6.75810400 -36.88678900
v -47.97617500 -3.94983000 -37.18809700
v -47.97617500 -6.90462800 -35.07141700
v -47.97617500 -6.96506600 10.60538900
v -47.97617500 -1.80286500 43.82221900
v -47.97617500 -8.21097100 39.80634000
v -47.97617500 -8.19713500 35.82221900
v -47.97617500 -5.75574900 2.33250700
v -47.97617500 -6.96411900 16.60263600
v -47.97617500 -6.96411900 -21.39736400
v -47.97617500 -8.19944300 47.82195800
v -47.97617500 -1.78540500 39.81977300
v -47.97617500 -8.21440100 43.80719900
v -47.97617500 -3.43442500 54.41008100
v -47.97617500 -6.62223100 -41.77026000
v -47.97617500 -8.24298100 -36.16356900
v -47.97617500 -5.47497300 -40.48283900
v -47.97617500 -3.27382400 6.95982700
v -47.97617500 -3.23691900 -16.22471000
v -47.97617500 -3.25623700 -1.08250400
v -47.97617500 -3.26173100 -9.28936600
v -47.97617500 -5.80214300 -3.17333000
v -47.97617500 -4.18754600 29.95634100
v -47.97617500 -6.87630400 20.64276700
v -47.97617500 -4.22434100 -27.58850000
v -47.97617500 -3.28389600 14.06267200
v -47.97617500 -5.34835000 -29.62450600
v -47.97617500 -8.09370900 53.23522000
v -47.97617500 -1.90629100 -40.59954300
v -47.97617500 -5.80570900 -32.60069000
v -47.97617500 -8.20813600 7.72028000
v -47.97617500 -6.71189000 26.60620000
v -47.97617500 -8.23259700 17.79710500
v -47.97617500 -4.18874600 25.34098500
v -47.97617500 -5.74654000 29.88434500
v -47.97617500 -4.22496000 16.76312400
v -47.97617500 -4.22242100 10.75698900
v -47.97617500 -4.22068000 -21.24588100
v -47.97617500 -4.03506600 32.04882000
v -47.97617500 -5.93025400 -23.29056500
v -47.97617500 -4.14580000 1.86658900
v -47.97617500 -5.92495600 -35.45275500
v -47.97617500 -3.37757700 23.94272400
v -47.97617500 -3.30124300 -18.01480600
v -47.97617500 -3.37664700 -32.03603800
v -47.97617500 -6.01810300 -31.02056000
v -47.97617500 -5.38985300 -5.98639100
v -47.97617500 -3.21611000 49.63738800
v -47.97617500 -5.80710500 14.80360000
v -47.97617500 -5.75817500 8.89613400
v -47.97617500 -5.47677700 19.67091500
v -47.97617500 -1.73401800 -8.38980600
v -47.97617500 -1.73401800 -1.97451700
v -47.97617500 -1.72262200 -15.37863200
v -47.97617500 -6.79478800 -12.85227700
v -47.97617500 -6.79478800 -4.51204600
v -47.97617500 -8.26661100 -5.18216100
v -47.97617500 -8.27014500 -12.17240300
v -47.97617500 -8.21367700 -30.83642900
v -47.97617500 -8.21367700 0.47210600
v -47.97617500 -1.73121000 7.81783900
v -47.97617500 -5.95701300 50.05857400
v -47.97617500 -3.25594400 -7.94973600
v -47.97617500 -3.23097400 -14.90286500
v -47.97617500 -3.26700500 -2.39087100
v -47.97617500 -3.28197800 -27.92327300
v -47.97617500 -5.75412100 25.59878800
v -47.97617500 -2.87421100 26.42947000
v -47.97617500 -8.23008800 -32.27707900
v -47.97617500 -8.22144800 1.91505900
v -47.97617500 -1.71150800 34.63784800
v -47.97617500 -6.65446800 -33.95512400
v -47.97617500 -5.43453900 -9.58255500
v -47.97617500 -6.00171200 -17.32099000
v -47.97617500 -5.55953500 -27.81890800
v -47.97617500 -1.71647400 24.79543600
v -47.97617500 -1.72161800 -31.18216100
v -47.97617500 -4.68688100 -19.89854900
v -47.97617500 -4.40281300 0.28147000
v -47.97617500 -4.41306700 -10.65475700
v -47.97617500 -4.42653500 -22.94993000
v -47.97617500 -5.55697100 31.62871300
v -47.97617500 -4.36794000 15.05347000
v -47.97617500 -4.40131600 9.00274000
v -47.97617500 -5.31197800 28.59292500
v -47.97617500 -4.72524500 11.96888900
v -47.97617500 -4.66328700 17.93232500
v -47.97617500 -4.17825000 -17.62980500
v -47.97617500 -1.73821600 -28.38212200
v -47.97617500 -4.81780100 31.30344900
v -47.97617500 -5.21047400 -22.70650500
v -47.97617500 -1.83482200 20.98322700
v -47.97617500 -4.15538200 -30.65960700
v -47.97617500 -4.63714100 -31.43686400
v -47.97617500 -2.87857000 -41.82358600
v -47.97617500 -7.12143000 54.45926300
v -47.97617500 -5.70123600 5.06727900
v -47.97617500 -4.40060100 53.13315300
v -47.97617500 -4.40168800 4.38120700
v -47.97617500 -4.42199800 -34.65728400
v -47.97617500 -1.72016600 19.83796200
v -47.97617500 -4.40572200 21.30952600
v -47.97617500 -5.66692600 22.06491600
v -47.97617500 -3.05945900 -11.19891700
v -47.97617500 -3.02312000 -6.24686600
v -47.97617500 -3.00817500 0.77244500
v -47.97617500 -3.05784300 -4.18665600
v -47.97617500 -3.12155100 -26.03272500
v -47.97617500 -3.07684200 -13.27411000
v -47.97617500 -6.00987700 23.79263100
v -47.97617500 -2.74960100 3.97988400
v -47.97617500 -2.79278000 -35.00840800
v -47.97617500 -6.96911700 36.69329100
v -47.97617500 -5.22927400 10.35049100
v -47.97617500 -5.22927400 16.35049100
v -47.97617500 -5.19991500 -21.67633200
v -47.97617500 -6.96839300 42.86438500
v -47.97617500 -3.19745000 40.65312800
v -47.97617500 -6.98398600 48.72369100
v -47.97617500 -6.86027200 33.04563100
v -47.97617500 -3.23958300 -23.90949400
v -47.97617500 -5.87092200 -7.05974300
v -47.97617500 -5.86154300 -14.03586600
v -47.97617500 -1.88259700 -38.96647300
v -47.97617500 -8.11740300 51.60215000
v -47.97617500 -8.11184400 -16.17993200
v -47.97617500 -8.11093100 -28.24240100
v -47.97617500 -8.18129900 -9.10786500
v -47.97617500 -8.23322500 -2.06350200
v -47.97617500 -3.19701000 39.01731600
v -47.97617500 -6.97823800 46.90598600
v -47.97617500 -6.80299000 44.61836100
v -47.97617500 -6.92714400 40.66366500
v -47.97617500 -3.02216100 42.93300500
v -47.97617500 -7.08529300 -6.02473600
v -47.97617500 -3.18691100 -19.89649700
v -47.97617500 -3.23966100 36.63473000
v -47.97617500 -7.01372200 -11.38618800
v -47.97617500 -1.66000600 48.90665800
v -47.97617500 -4.29448300 -14.20250200
v -47.97617500 -4.31299200 -7.21898400
v -47.97617500 -4.29073900 -3.15747700
v -47.97617500 -4.69748100 7.52347300
v -47.97617500 -6.95522500 6.82536100
v -47.97617500 -6.88433400 28.38169600
v -47.97617500 -3.13154800 34.97086400
v -47.97617500 -1.85618400 2.80923400
v -47.97617500 -1.87021800 -36.18072400
v -47.97617500 -2.70631800 -29.48305000
v -47.97617500 -6.84402000 -24.95798500
v -47.97617500 -6.85561600 -19.41207500
v -47.97617500 -4.80407300 -13.02502900
v -47.97617500 -4.79015000 -4.32738800
v -47.97617500 -5.13319200 -32.98448200
v -47.97617500 -8.24222900 -3.31434800
v -47.97617500 -8.23010900 -10.24869600
v -47.97617500 -4.27208700 -25.16152300
v -47.97617500 -4.66225700 2.58622900
v -47.97617500 -4.67070100 -36.40862600
v -47.97617500 -8.36236300 -25.25384300
v -47.97617500 -8.36279800 -19.11067700
v -47.97617500 -4.98549600 48.78706500
v -47.97617500 -4.20933200 48.27934700
v -47.97617500 -3.23243200 8.18355300
v -47.97617500 -3.35168000 12.19339000
v -47.97617500 -4.79014900 -24.39306900
v -47.97617500 -5.21124100 33.00716200
v -47.97617500 -1.71694300 30.82658300
v -47.97617500 -8.28785700 -22.18034200
v -47.97617500 -8.28525400 9.81725400
v -47.97617500 -8.26329400 15.81506300
v -47.97617500 -4.15186400 20.44083800
v -47.97617500 -4.17995300 41.89421600
v -47.97617500 -5.82465500 41.75862100
v -47.97617500 -5.04974700 5.93326700
v -47.97617500 -4.20668200 37.94139800
v -47.97617500 -7.33391800 39.80657500
v -47.97617500 -7.33592200 35.82420400
v -47.97617500 -2.68590000 43.82431200
v -47.97617500 -5.25948400 50.61726500
v -47.97617500 -4.66544200 -38.02398900
v -47.97617500 -5.80609400 45.81229200
v -47.97617500 -1.74633800 13.55057900
v -47.97617500 -5.86709600 -10.59759900
v -47.97617500 -5.86727000 0.23248300
v -47.97617500 -5.99248200 -27.08191500
v -47.97617500 -5.33682400 -16.52550000
v -47.97617500 -5.15391900 -0.93611400
v -47.97617500 -1.77618900 -38.03865500
v -47.97617500 -8.25711500 50.74745100
v -47.97617500 -7.32264400 47.82240200
v -47.97617500 -2.70240800 39.82816900
v -47.97617500 -7.29754100 43.75364400
v -47.97617500 -6.91145600 24.06711100
v -47.97617500 -5.41780900 -39.48915200
v -47.97617500 -5.74374500 51.82191300
v -47.97617500 -4.81969100 13.73377600
v -47.97617500 -4.49085900 -26.63602400
v -47.97617500 -3.24743900 24.96311700
v -47.97617500 -3.19111500 48.53311100
v -47.97617500 -1.61725300 -22.11799800
v -47.97617500 -1.65610500 9.81783900
v -47.97617500 -8.38212200 30.76073700
v -47.97617500 -4.25164900 -12.21149800
v -47.97617500 -4.22428000 -5.20444100
v -47.97617500 -3.21365400 -30.97916600
v -47.97617500 -6.69778700 3.74231300
v -47.97617500 -6.83394700 50.60629600
v -47.97617500 -3.06800200 -37.99819700
v -47.97617500 -5.76003300 39.80027300
v -47.97617500 -4.24455800 43.83865300
v -47.97617500 -5.70552200 35.74803400
v -47.97617500 -4.77799800 27.11252400
v -47.97617500 -4.93205300 42.63224000
v -47.97617500 -5.06919700 41.00799400
v -47.97617500 -2.99138500 18.30537200
v -47.97617500 -5.19392800 37.02835900
v -47.97617500 -1.78807000 27.54789600
v -47.97617500 -6.74349200 25.04706700
v -47.97617500 -7.14816000 -7.71049300
v -47.97617500 -7.01494600 -0.45056300
v -47.97617500 -7.08649100 -14.65855700
v -47.97617500 -7.00255200 -29.86816800
v -47.97617500 -2.87389100 15.18768600
v -47.97617500 -3.20880600 51.92196200
v -47.97617500 -6.75051100 -39.26081800
v -47.97617500 -5.00733900 22.90979600
v -47.97617500 -4.17323500 36.21357800
v -47.97617500 -4.87194700 -28.13374500
v -47.97617500 -8.35490800 -39.18216100
v -47.97617500 -1.78368500 51.76218000
v -47.97617500 -6.44730700 -40.73716400
v -47.97617500 -5.31603300 45.05377700
v -47.97617500 -5.22419800 46.60997800
v -47.97617500 -4.76024000 38.48742000
v -47.97617500 -6.47229100 -28.73655700
v -47.97617500 -6.58400200 -15.55496700
v -47.97617500 -6.40313800 -1.81554000
v -47.97617500 -6.61857000 -8.58998300
v -47.97617500 -2.99790300 -36.40707200
v -47.97617500 -3.29329900 3.33773100
v -47.97617500 -8.21963000 27.08922600
v -47.97617500 -3.54818300 53.39171700
v -47.97617500 -2.84749800 21.19035400
v -47.97617500 -8.32635700 -27.28205900
v -47.97617500 -8.33252100 -17.11883300
v -47.97617500 -4.20453100 -38.84262800
v -47.97617500 -1.68721900 -1.29133800
v -47.97617500 -1.68721900 -9.07298500
v -47.97617500 -4.13333700 3.39697800
v -47.97617500 -4.20291100 -35.50489900
v -47.97617500 -7.14849800 31.44591900
v -47.97617500 -2.78588700 -22.76564600
v -47.97617500 -1.74243300 -18.36800800
v -47.97617500 -1.72849600 28.97638800
v -47.97617500 -8.30560100 24.72147300
v -47.97617500 -8.16226700 4.32484600
v -47.97617500 -1.70087900 -24.16947000
v -47.97617500 -8.37338900 32.81783900
v -47.97617500 -6.94733200 18.65260700
v -47.97617500 -8.20120100 21.35895200
v -47.97617500 -2.91654100 9.25159900
v -47.97617500 -1.72620600 32.65117900
v -47.97617500 -5.14039400 15.39823700
v -47.97617500 -5.13744800 9.35379600
v -47.97617500 -8.36580900 -34.17619900
v -47.97617500 -4.71995500 34.55207500
v -47.97617500 -4.21961100 6.92854300
v -47.97617500 -6.67609600 9.89521100
v -47.97617500 -6.67602100 15.89304600
v -47.97617500 -6.69989000 -22.14657200
v -47.97617500 -3.03669600 -39.93776400
v -47.97617500 -6.96330400 52.57344100
v -47.97617500 -3.29092100 30.83121000
v -47.97617500 -1.75299200 -13.93189800
v -47.97617500 -1.75299200 -26.93189800
v -47.97617500 -1.75299200 -6.93189800
v -47.97617500 -1.75299200 -3.43242500
v -47.97617500 -1.75299200 0.06810200
v -47.97617500 -1.75299200 -10.43242500
v -47.97617500 -7.14680600 12.52448800
v -47.97617500 -6.85432200 -18.44842200
v -47.97617500 -6.84642200 -25.91466800
v -47.97617500 -1.67826200 15.91262600
v -47.97617500 -7.01761600 1.24351000
v -47.97617500 -6.87437700 -31.56236500
v -47.97617500 -1.74746500 36.08041000
v -47.97617500 -2.79428200 -39.19930300
v -47.97617500 -7.18736000 51.82266300
v -47.97617500 -4.21798300 33.85700700
v -47.97617500 -2.66337600 -21.18512400
v -47.97617500 -1.76028800 -17.35516900
v -47.97617500 -4.21674000 40.26993000
v -47.97617500 -5.69382200 43.32660700
v -47.97617500 -5.58630200 48.22805800
v -47.97617500 -4.41319800 -41.95971900
v -47.97617500 -5.63424700 54.62747500
v -47.97617500 -8.39989900 34.81783900
v -47.97617500 -1.60010100 42.81783900
v -47.97617500 -8.39989900 40.81783900
v -47.97617500 -7.33174200 29.84304400
v -47.97617500 -4.40411500 51.84025500
v -47.97617500 -1.70107700 53.64960200
v -47.97617500 -8.29249700 -40.99968000
v -47.97617500 -8.40298000 44.81783900
v -47.97617500 -1.59702000 38.81783900
v -47.97617500 -8.40298000 46.81783900
v -47.97617500 -4.21696700 23.90330700
v -47.97617500 -4.20192300 27.73351200
v -47.97617500 -4.89186700 30.29539900
v -47.97617500 -8.40478600 38.81783900
v -47.97617500 -1.59521400 44.81783900
v -47.97617500 -8.40478600 36.81783900
v -47.97617500 -1.63787100 46.81560700
v -47.97617500 -2.68771200 10.82866400
v -47.97617500 -7.25475800 25.70696200
v -47.97617500 -1.60958000 -34.18569400
v -47.97617500 -1.59324100 4.81783900
v -47.97617500 -2.74211000 2.61447100
v -47.97617500 -8.40782600 48.81783900
v -47.97617500 -1.59217400 40.81783900
v -47.97617500 -8.40782600 42.81783900
v -47.97617500 -1.70004000 36.90125800
v -47.97617500 -1.59618600 21.82547600
v -47.97617500 -1.67142000 -26.11247800
v -47.97617500 -1.70344700 -13.09901200
v -47.97617500 -1.67080800 -6.11323600
v -47.97617500 -1.67080800 -4.25108700
v -47.97617500 -1.75094100 0.91371300
v -47.97617500 -1.67080800 -11.25108700
v -47.97617500 -2.76315200 16.73036000
v -47.97617500 -3.33165000 -35.63176000
v -47.97617500 -2.92666000 -33.71818200
v -47.97617500 -5.80033600 -2.37883000
v -47.97617500 -4.83549000 -15.81603500
v -47.97617500 -4.85649100 -8.82879300
v -47.97617500 -3.85680600 29.32979600
v -47.97617500 -2.93021600 47.60571200
v -47.97617500 -4.04440100 -20.41898600
v -47.97617500 -5.95331500 29.05504900
v -47.97617500 -2.69773000 51.33502700
v -47.97617500 -4.05122100 11.57985400
v -47.97617500 -4.17344400 17.51208300
v -47.97617500 -7.01953100 21.31196500
v -47.97617500 -7.16877300 4.40994300
v -47.97617500 -7.09788200 -38.66734300
v -47.97617500 -1.66422900 33.96362800
v -47.97617500 -1.59133200 17.83730100
v -47.97617500 -7.42106900 -3.34286700
v -47.97617500 -7.39695500 -10.43839500
v -47.97617500 -2.86289400 5.24969100
v -47.97617500 -6.55542400 -35.87930800
v -47.97617500 -2.72044700 -17.19678300
v -47.97617500 -5.44941400 -31.61958800
v -47.97617500 -2.72018600 -10.31996700
v -47.97617500 -2.71966500 -27.01698800
v -47.97617500 -2.72018600 -7.04435600
v -47.97617500 -2.72018600 -0.04435600
v -47.97617500 -2.72018600 -3.31996700
v -47.97617500 -2.72018600 -14.04435600
v -47.97617500 -2.72290600 35.94126300
v -47.97617500 -4.75552100 -1.55592400
v -47.97617500 -1.68630400 -15.99941100
v -47.97617500 -4.21218800 -32.03700800
v -47.97617500 -2.85351800 22.26172400
v -47.97617500 -6.30245700 14.36440800
v -47.97617500 -3.98509500 26.33480500
v -47.97617500 -4.16612800 8.25094300
v -47.97617500 -3.64890000 13.03344100
v -47.97617500 -8.33998200 3.69268100
v -47.97617500 -7.43360600 22.67765200
v -47.97617500 -5.87799700 -30.21469200
v -47.97617500 -2.46978900 -24.63293200
v -47.97617500 -7.57963300 33.34620500
v -47.97617500 -7.03560000 3.13489700
v -47.97617500 -7.27526800 -33.47172300
v -47.97617500 -8.30654600 -25.94543300
v -47.97617500 -8.30654600 -18.41889000
v -47.97617500 -6.16670100 -26.28124800
v -47.97617500 -6.20960900 -18.11380700
v -47.97617500 -3.55482900 -19.00141600
v -47.97617500 -6.08862500 -6.31911200
v -47.97617500 -5.74371400 52.62647800
v -47.97617500 -4.88315000 -28.89842600
v -47.97617500 -2.43827200 19.67105300
v -47.97617500 -7.36965800 -30.79816300
v -47.97617500 -7.39273600 0.47730000
v -47.97617500 -7.14640000 -28.16287100
v -47.97617500 -7.18503600 -16.23489300
v -47.97617500 -7.17830400 -2.15169600
v -47.97617500 -7.15571700 -9.16869500
v -47.97617500 -5.37019400 24.32378200
v -47.97617500 -4.62816400 -25.84928500
v -47.97617500 -8.43438900 12.81995300
v -47.97617500 -2.56081900 -32.37502100
v -47.97617500 -6.97036700 -16.94604900
v -47.97617500 -6.97036700 -27.41827400
v -47.97617500 -3.04977100 4.62267800
v -47.97617500 -7.50763400 -6.77987300
v -47.97617500 -7.47851000 -13.75335000
v -47.97617500 -2.56142200 23.62050700
v -47.97617500 -4.67770200 -6.16670600
v -47.97617500 -6.40946300 27.54061800
v -47.97617500 -6.56611400 6.20018500
v -47.97617500 -1.53393500 11.81783900
v -47.97617500 -4.66851800 -18.31610200
v -47.97617500 -3.33813100 -38.68595200
v -47.97617500 -6.59757300 51.35541300
v -47.97617500 -6.40993200 19.49875100
v -47.97617500 -4.25255000 54.64687500
v -47.97617500 -5.77556800 -41.98855400
v -47.97617500 -5.96608500 26.23396100
v -47.97617500 -5.43935100 7.43579200
v -47.97617500 -7.58008500 34.30246800
v -47.97617500 -2.40336000 42.29722000
v -47.97617500 -7.55518400 41.31251900
v -47.97617500 -3.83552800 -22.48459800
v -47.97617500 -3.83424900 9.50198400
v -47.97617500 -3.83000200 15.49959700
v -47.97617500 -6.17918200 31.20737100
v -47.97617500 -7.61936500 46.27979200
v -47.97617500 -2.45360400 37.34270800
v -47.97617500 -7.56734500 45.31177000
v -47.97617500 -2.43220600 38.31995500
v -47.97617500 -7.60404400 37.32845800
v -47.97617500 -2.43978800 45.34516900
v -47.97617500 -7.55524700 38.27563200
v -47.97617500 -2.45696000 46.26442200
v -47.97617500 -3.08843300 -34.36495700
v -47.97617500 -8.47723000 18.81783900
v -47.97617500 -2.50185100 49.95309800
v -47.97617500 -8.47746200 6.81783900
v -47.97617500 -7.63440100 49.33296100
v -47.97617500 -2.44481600 41.31960000
v -47.97617500 -7.61451700 42.27019500
v -47.97617500 -2.42225200 -12.65732500
v -47.97617500 -2.43462400 1.22542600
v -47.97617500 -2.43837700 -25.60323000
v -47.97617500 -2.41766200 -4.74561900
v -47.97617500 -2.40734900 -5.64047600
v -47.97617500 -2.39852300 -11.74919700
v -47.97617500 -4.64144200 24.48288300
v -47.97617500 -7.41435400 -42.09148200
v -47.97617500 -2.58017400 54.70690900
v -47.97617500 -7.50899600 -32.26128500
v -47.97617500 -7.53101500 1.87900600
v -47.97617500 -2.62319600 17.40178700
v -47.97617500 -8.44966800 28.83613100
v -47.97617500 -4.17197100 -23.72854900
v -47.97617500 -5.60176500 32.34179500
v -47.97617500 -4.57810600 1.14868200
v -47.97617500 -4.58048300 -11.50458600
v -47.97617500 -4.40965900 46.39977800
v -47.97617500 -3.69373200 19.04046500
v -47.97617500 -1.51295800 -20.18216100
v -47.97617500 -2.43866500 -37.75451300
v -47.97617500 -7.57368900 50.22136600
v -47.97617500 -6.83721800 32.34804100
v -47.97617500 -4.11168800 14.34110200
v -47.97617500 -5.72621100 -34.16263300
v -47.97617500 -5.73770600 3.78764800
v -47.97617500 -7.17852200 13.18162800
v -47.97617500 -8.29735300 -6.80809700
v -47.97617500 -8.29735300 -13.80809700
v -47.97617500 -4.49981400 50.89220400
v -47.97617500 -5.46599000 -38.17971700
v -47.97617500 -5.62659400 20.59560000
v -47.97617500 -4.32360200 -19.06742200
v -47.97617500 -5.65659600 27.68210200
v -47.97617500 -8.49744300 -30.18216100
v -47.97617500 -8.49744300 -0.18216100
v -47.97617500 -8.47721700 54.74251400
v -47.97617500 -1.52278300 -42.10683700
v -47.97617500 -8.35160500 -23.90770900
v -47.97617500 -8.35159600 -20.45559100
v -47.97617500 -8.49922600 53.81783900
v -47.97617500 -1.50077400 -41.18216100
v -37.97617500 -5.04936100 27.88349200
v -37.97617500 -5.09616500 38.87134800
v -37.97617500 -4.94824100 49.84302900
v -37.97617500 -5.02023500 32.82902500
v -37.97617500 -5.00000000 21.81783900
v -37.97617500 -5.02979700 44.78203600
v -37.97617500 -4.97570700 -2.13208300
v -37.97617500 -4.77183200 -33.18623100
v -37.97617500 -5.01420200 12.81757600
v -37.97617500 -4.94516400 3.76994800
v -37.97617500 -5.15709200 -38.20330600
v -37.97617500 -4.95097800 -9.15356000
v -37.97617500 -5.04169200 -15.18986000
v -37.97617500 -5.03626700 -28.14949300
v -37.97617500 -5.04283800 -23.19193300
v -37.97617500 -5.03040800 16.84277300
v -37.97617500 -4.98798200 7.82368400
v -37.97617500 -5.11017000 -19.30888600
v -37.97617500 -4.35563100 -5.69138600
v -37.97617500 -5.90625000 24.81783900
v -37.97617500 -4.09375000 41.81783900
v -37.97617500 -4.05231600 0.79979700
v -37.97617500 -4.09375000 -12.18216100
v -37.97617500 -4.09375000 35.81783900
v -37.97617500 -6.16403700 52.42716100
v -37.97617500 -3.82545500 -35.60873100
v -37.97617500 -3.77890200 -25.80391400
v -37.97617500 -6.18697500 30.35727500
v -37.97617500 -3.58872600 -30.73768100
v -37.97617500 -6.21875000 47.31783900
v -37.97617500 -3.73038800 19.44514700
v -37.97617500 -3.73038800 10.44514700
v -37.97617500 -6.28317300 19.61826300
v -37.97617500 -6.38698100 10.58700900
v -37.97617500 -3.71361600 47.01725000
v -37.97617500 -3.66682300 30.58425400
v -37.97617500 -6.39062500 -30.95716100
v -37.97617500 -6.39062500 -35.40716100
v -37.97617500 -6.33737000 -25.94841300
v -37.97617500 -3.47508800 52.09746500
v -37.97617500 -6.47896700 34.90149100
v -37.97617500 -6.38644800 40.85351400
v -37.97617500 -3.57543700 25.75349600
v -37.97617500 -6.25979400 -13.32482100
v -37.97617500 -6.47896700 -0.09850900
v -37.97617500 -6.51923100 -40.20139200
v -37.97617500 -3.53797200 -40.20225300
v -37.97617500 -6.37516700 14.68682500
v -37.97617500 -3.32976100 5.77883000
v -37.97617500 -6.49503500 5.77445300
v -37.97617500 -3.54479400 14.86648700
v -37.97617500 -6.37509400 -21.03040200
v -37.97617500 -6.52373400 -17.19418800
v -37.97617500 -3.52620100 -21.20058800
v -37.97617500 -3.53864600 -17.17271700
v -37.97617500 -6.51632000 -4.04508700
v -37.97617500 -6.53608200 -7.19504700
v -37.97617500 -3.30415800 23.46833700
v -37.97617500 -6.69520800 43.16786500
v -37.97617500 -6.68014700 2.21489600
v -37.97617500 -6.68014700 -10.78510400
v -37.97617500 -6.71444500 37.24930900
v -37.97617500 -3.27307300 -7.68190300
v -37.97617500 -3.41303300 -3.88537800
v -37.97617500 -7.04200400 22.99740400
v -37.97617500 -7.02371500 26.83968500
v -37.97617500 -3.13863900 39.91478700
v -37.97617500 -3.06887400 43.72923200
v -37.97617500 -3.00756300 33.96163800
v -37.97617500 -3.00176800 -14.00977500
v -37.97617500 -3.09405100 -10.45963000
v -37.97617500 -3.04551100 2.70767800
v -37.97617500 -3.15488800 -0.94785200
v -37.97617500 -3.13122100 37.65260900
v -37.97617500 -6.93549900 -37.41615100
v -37.97617500 -6.93549900 -23.94817200
v -37.97617500 -3.06450100 28.58384900
v -37.97617500 -6.93549900 -28.94817200
v -37.97617500 -3.06450100 49.05182800
v -37.97617500 -6.94054100 17.58537900
v -37.97617500 -6.94054100 8.58537900
v -37.97617500 -6.99303000 50.45080600
v -37.97617500 -6.81750100 -19.19052900
v -37.97617500 -3.04287100 -33.77513200
v -37.97617500 -6.79044700 32.25218200
v -37.97617500 -3.04287100 -23.77513200
v -37.97617500 -3.09926600 -37.52640300
v -37.97617500 -3.01169900 -27.63580600
v -37.97617500 -7.01293100 45.48856600
v -37.97617500 -3.04043100 17.42420400
v -37.97617500 -3.04043100 8.42420400
v -37.97617500 -3.06173000 21.21705500
v -37.97617500 -3.04111600 12.23891300
v -37.97617500 -6.95487800 -33.18216100
v -37.97617500 -6.85029400 -15.31812100
v -37.97617500 -7.03323800 12.85531200
v -37.97617500 -6.64916300 -2.15289900
v -37.97617500 -3.33092400 -19.18216100
v -37.97617500 -7.28057400 39.29271800
v -37.97617500 -7.26988800 28.62251700
v -37.97617500 -7.34251900 4.08135100
v -37.97617500 -7.35430100 -8.92645900
v -37.97617500 -4.48780200 53.62611600
v -37.97617500 -7.37800400 48.75178400
v -37.97617500 -2.59182100 -5.53689800
v -37.97617500 -7.33018700 21.17526400
v -37.97617500 -2.68254800 53.59385600
v -37.97617500 -2.67033900 45.46011300
v -37.97617500 -2.66685800 32.17627700
v -37.97617500 -2.71663200 -32.08535000
v -37.97617500 -2.70631100 -29.30415900
v -37.97617500 -4.89231900 -41.12878100
v -37.97617500 -7.42353900 53.70125100
v -37.97617500 -7.40438900 -5.75131200
v -37.97617500 -7.41095800 -27.32794800
v -37.97617500 -2.66743100 4.28738600
v -37.97617500 -2.53032900 -15.70319000
v -37.97617500 -2.58741600 50.66544300
v -37.97617500 -5.08993500 -24.82154700
v -37.97617500 -5.08484700 -36.55292800
v -37.97617500 -4.75355200 29.46737500
v -37.97617500 -5.22068700 -29.87575900
v -37.97617500 -4.77821800 48.12599200
v -37.97617500 -5.02998500 37.19621200
v -37.97617500 -4.96658100 23.46481500
v -37.97617500 -4.91601600 43.26699200
v -37.97617500 -4.89850600 2.26845600
v -37.97617500 -5.03341900 -10.82913800
v -37.97617500 -5.17266300 18.45612500
v -37.97617500 -5.17266300 9.45612500
v -37.97617500 -4.89890400 -3.86997000
v -37.97617500 -4.96411800 -7.46141500
v -37.97617500 -5.12122200 26.28805600
v -37.97617500 -4.98996700 40.50489600
v -37.97617500 -4.93065100 34.43377100
v -37.97617500 -4.93065100 -0.56622900
v -37.97617500 -4.93065100 -13.56622900
v -37.97617500 -2.55536300 27.02456400
v -37.97617500 -7.42099400 24.81671400
v -37.97617500 -2.55952700 41.81679900
v -37.97617500 -2.55952700 0.81887800
v -37.97617500 -2.57900600 -12.18103700
v -37.97617500 -2.57803000 35.81877400
v -37.97617500 -4.98553400 -21.53781400
v -37.97617500 -4.99725700 -16.76722300
v -37.97617500 -5.00604800 15.16865800
v -37.97617500 -5.00000000 5.40034000
v -37.97617500 -7.46090700 -38.92630900
v -37.97617500 -7.43960700 -22.45391700
v -37.97617500 -7.51950200 7.03982300
v -37.97617500 -7.52127100 16.16907500
v -37.97617500 -7.53633700 33.70831300
v -37.97617500 -5.00853300 51.37578600
v -37.97617500 -5.08317300 -31.45720900
v -37.97617500 -5.00000000 31.27076800
v -37.97617500 -5.14964500 46.30172600
v -37.97617500 -4.99523700 -34.76627700
v -37.97617500 -4.91814600 -26.55206600
v -37.97617500 -4.90294500 20.33453100
v -37.97617500 -5.06970700 11.27285900
v -37.97617500 -2.44748700 -39.03554300
v -37.97617500 -2.43023200 13.69194300
v -37.97617500 -2.44915700 6.94994200
v -37.97617500 -2.49422200 15.86448100
v -37.97617500 -2.44717100 -22.18690500
v -37.97617500 -7.55277200 51.91345700
v -37.97617500 -2.44807800 24.71560200
v -37.97617500 -7.53220600 42.03679100
v -37.97617500 -7.56027700 0.98111600
v -37.97617500 -7.56268000 -12.02009400
v -37.97617500 -7.53413200 35.97518200
v -37.97617500 -2.46330600 -2.45152200
v -37.97617500 -2.39539400 -8.86967000
v -37.97617500 -7.57272200 -41.25488400
v -37.97617500 -2.51979000 -41.16148100
v -37.97617500 -2.41486300 -35.11474900
v -37.97617500 -2.41102000 -25.08827500
v -37.97617500 -7.54771300 30.93238400
v -37.97617500 -7.64088700 46.75220100
v -37.97617500 -2.40978400 18.76052100
v -37.97617500 -2.40978400 9.76052100
v -37.97617500 -7.47383100 11.33285200
v -37.97617500 -7.47539800 -34.66334800
v -37.97617500 -7.47539800 -31.70097500
v -37.97617500 -2.26477700 47.83623700
v -37.97617500 -7.63008100 -36.07334300
v -37.97617500 -7.62603300 -30.28059300
v -37.97617500 -2.21063900 29.78270900
v -37.97617500 -7.63162500 -25.21535800
v -37.97617500 -7.66292900 18.81897500
v -37.97617500 -7.63183800 9.85392000
v -37.97617500 -5.24430500 -39.59596000
v -37.97617500 -5.91741200 -5.43424700
v -37.97617500 -7.61885100 -13.91139600
v -37.97617500 -7.59154100 -0.75462500
v -37.97617500 -5.94010600 53.92909700
v -37.97617500 -2.42123000 -30.71600300
v -37.97617500 -4.52176000 24.77655200
v -37.97617500 -5.47824000 41.85912500
v -37.97617500 -5.47824000 0.85912500
v -37.97617500 -5.47824000 -12.14087500
v -37.97617500 -5.47824000 35.85912500
v -37.97617500 -7.65153800 14.04570200
v -37.97617500 -7.67321000 44.05691400
v -37.97617500 -7.65667300 -16.46874000
v -37.97617500 -7.62424400 -20.42249200
v -37.97617500 -7.65733800 -17.96861600
v -37.97617500 -2.32991800 22.45627100
v -37.97617500 -2.39101400 -20.54893700
v -37.97617500 -2.34200900 -17.92305300
v -37.97617500 -7.65730900 -3.43555900
v -37.97617500 -2.23866800 38.78991300
v -37.97617500 -6.12456600 33.58633500
v -37.97617500 -3.85490200 13.51861600
v -37.97617500 -3.84044800 16.14431900
v -37.97617500 -3.94196600 7.08304700
v -37.97617500 -3.79805100 -38.86813100
v -37.97617500 -3.83309500 -22.49634300
v -37.97617500 -3.74624100 -29.12153600
v -37.97617500 -2.32602100 20.10146600
v -37.97617500 -2.25001300 11.15446200
v -37.97617500 -2.32374800 -36.45478900
v -37.97617500 -2.32374800 -26.45478900
v -37.97617500 -3.96888200 27.06959000
v -37.97617500 -2.28544600 -6.82896200
v -37.97617500 -6.10777600 16.05697600
v -37.97617500 -5.97832300 6.94614000
v -37.97617500 -7.66614200 40.29287200
v -37.97617500 -6.10598700 -22.43675500
v -37.97617500 -6.06811700 49.01052900
v -37.97617500 -6.04410800 -14.27322800
v -37.97617500 -6.01345800 -1.42682900
v -37.97617500 -2.48993500 51.73138500
v -37.97617500 -3.93251000 50.59170500
v -37.97617500 -7.66919300 5.23401800
v -37.97617500 -5.47869800 14.04706200
v -37.97617500 -6.05518100 -27.40862600
v -37.97617500 -3.67068400 4.50515500
v -37.97617500 -3.96813900 -15.87110900
v -37.97617500 -5.48082800 -17.98056900
v -37.97617500 -5.48537200 -20.41239100
v -37.97617500 -7.58088400 -7.69006900
v -37.97617500 -7.66465100 37.79830800
v -37.97617500 -3.94595400 -32.43546200
v -37.97617500 -6.15451700 11.86259300
v -37.97617500 -6.26245900 -32.34800100
v -37.97617500 -6.26245900 -34.01632200
v -37.97617500 -3.96175100 -19.91763900
v -37.97617500 -3.96175100 -18.44668400
v -37.97617500 -7.68898800 2.87524100
v -37.97617500 -6.05043400 -3.04664300
v -37.97617500 -7.69633800 -10.13646000
v -37.97617500 -6.01226400 -8.35941400
v -37.97617500 -5.81685300 -16.14854400
v -37.97617500 -3.76823100 -2.54101200
v -37.97617500 -3.97381300 -8.90113200
v -37.97617500 -6.08929300 -38.66644000
v -37.97617500 -5.87041500 39.59291800
v -37.97617500 -2.19032700 5.83547100
v -37.97617500 -6.07836400 44.36603900
v -37.97617500 -5.83692200 4.68704100
v -37.97617500 -3.88775400 -41.47544000
v -37.97617500 -6.13627300 -41.38159800
v -37.97617500 -3.89237100 22.26472000
v -37.97617500 -5.85920600 28.74914200
v -37.97617500 -3.77680700 45.53639100
v -37.97617500 -3.77023900 32.10269500
v -37.97617500 -6.22459500 21.09960300
v -37.97617500 -2.19741100 -4.32266500
v -37.97617500 -3.75049200 38.80811000
v -37.97617500 -2.10881100 25.86847800
v -37.97617500 -7.73328800 27.68292300
v -37.97617500 -7.75875500 29.54234500
v -37.97617500 -6.11142500 -9.67682400
v -37.97617500 -6.05861300 3.31513600
v -37.97617500 -3.73210600 -6.41478600
v -37.97617500 -5.93507700 38.34871100
v -37.97617500 -2.22046500 46.45140000
v -37.97617500 -2.22016900 31.18433700
v -37.97617500 -2.03499300 14.73977400
v -37.97617500 -4.97132800 6.66514300
v -37.97617500 -7.77990300 20.18484500
v -37.97617500 -7.64913300 -40.04809500
v -37.97617500 -8.00134800 23.88714700
v -37.97617500 -2.08024400 40.84347300
v -37.97617500 -2.04327200 34.87884100
v -37.97617500 -7.95798600 25.79135200
v -37.97617500 -2.04938700 42.76470600
v -37.97617500 -2.07712300 -13.17657200
v -37.97617500 -2.09253100 -11.06945900
v -37.97617500 -2.04341500 1.75259200
v -37.97617500 -2.11202000 -0.29914600
v -37.97617500 -4.06665500 -24.40766300
v -37.97617500 -4.08287600 -36.98507200
v -37.97617500 -2.04339200 36.77809300
v -37.97617500 -4.03240400 18.17852400
v -37.97617500 -4.03240400 9.17852400
v -37.97617500 -7.91107600 49.77295600
v -37.97617500 -7.96317100 34.78923400
v -37.97617500 -7.80041100 -4.66886500
v -37.97617500 -7.82494600 22.17272800
v -37.97617500 -2.17426000 44.45998900
v -37.97617500 -2.17426000 33.17568800
v -37.97617500 -2.17458500 -16.73358400
v -37.97617500 -2.01297000 -39.95339900
v -37.97617500 -5.55640100 -6.55017800
v -37.97617500 -2.10725800 -33.06823600
v -37.97617500 -2.10725800 -28.29608700
v -37.97617500 -3.75239000 -4.81273000
v -37.97617500 -7.86454300 43.03808600
v -37.97617500 -7.94202000 47.72035400
v -37.97617500 -6.10951500 27.65396800
v -37.97617500 -2.18960800 23.41194700
v -37.97617500 -3.70789500 54.20604800
v -37.97617500 -7.91372700 -28.21572200
v -37.97617500 -2.19154500 3.38611100
v -37.97617500 -7.92583800 -26.29575400
v -37.97617500 -2.16162900 -14.72263300
v -37.97617500 -3.87960200 20.44258800
v -37.97617500 -3.87800700 11.46602400
v -37.97617500 -5.75289600 31.98797600
v -37.97617500 -6.16972400 46.29785400
v -37.97617500 -3.87689900 -26.81565600
v -37.97617500 -4.24564600 -34.08531600
v -37.97617500 -6.08597100 23.85579900
v -37.97617500 -4.24507000 44.02320700
v -37.97617500 -3.93346500 -11.23410800
v -37.97617500 -4.23620900 3.04036900
v -37.97617500 -2.08480500 49.77429900
v -37.97617500 -3.95134200 36.77075600
v -37.97617500 -3.29787900 42.60131100
v -37.97617500 -3.25470900 35.05371100
v -37.97617500 -3.30011000 41.00689300
v -37.97617500 -3.25647300 -12.94808600
v -37.97617500 -6.69989000 25.62878400
v -37.97617500 -3.28976500 1.58875100
v -37.97617500 -3.24982500 0.06165300
v -37.97617500 -7.89247400 -6.67601900
v -37.97617500 -2.25380500 -7.76633300
v -37.97617500 -6.05106300 51.42978200
v -37.97617500 -5.74146600 22.63148100
v -37.97617500 -4.20849600 -9.99763500
v -37.97617500 -2.07683900 27.81929500
v -37.97617500 -4.19651200 33.59281000
v -37.97617500 -4.21048100 -1.59390400
v -37.97617500 -4.19651200 -14.40719000
v -37.97617500 -6.27714500 18.63435800
v -37.97617500 -6.26447400 9.52163000
v -37.97617500 -7.87029900 32.72894500
v -37.97617500 -3.71289200 48.03832700
v -37.97617500 -4.17144900 28.55256100
v -37.97617500 -6.28049400 -29.88215300
v -37.97617500 -6.26783700 -36.48040600
v -37.97617500 -5.82855100 -23.91688400
v -37.97617500 -4.54748300 52.39981200
v -37.97617500 -7.94307400 -38.09274400
v -37.97617500 -7.92898900 -23.20764900
v -37.97617500 -7.99681500 17.82501500
v -37.97617500 -7.96822000 8.86837100
v -37.97617500 -7.94813500 -21.39832500
v -37.97617500 -7.99654700 50.97987800
v -37.97617500 -2.12886400 -1.47171700
v -37.97617500 -2.09716300 -9.90050100
v -37.97617500 -7.89036200 15.24277200
v -37.97617500 -2.03929800 -38.02817600
v -37.97617500 -2.04210100 12.69350700
v -37.97617500 -2.04004700 16.99059900
v -37.97617500 -2.04004700 7.99059900
v -37.97617500 -1.99112600 -24.14473400
v -37.97617500 -8.00772700 45.82521300
v -37.97617500 -5.86024100 -37.51724300
v -37.97617500 -6.30005000 -24.97358200
v -37.97617500 -3.67978400 29.60806500
v -37.97617500 -5.85049700 -28.86143100
v -37.97617500 -4.15696100 49.12817700
v -37.97617500 -5.86643600 8.48787500
v -37.97617500 -5.86643600 17.48787500
v -37.97617500 -1.97465100 -34.13454200
v -37.97617500 -6.76912900 13.79097600
v -37.97617500 -5.98829700 49.89326700
v -37.97617500 -8.18205100 36.82129300
v -37.97617500 -8.09342600 52.77340900
v -37.97617500 -6.54697600 36.18516800
v -37.97617500 -6.54813000 -11.81655400
v -37.97617500 -6.54760800 1.18329500
v -37.97617500 -6.56509900 42.18290700
v -37.97617500 -3.43649300 24.46097700
v -37.97617500 -6.73066400 -20.14511200
v -37.97617500 -6.50566100 -18.22584200
v -37.97617500 -3.67635600 53.04405300
v -37.97617500 -8.31593800 -19.18216100
v -37.97617500 -1.88464700 -21.27556700
v -37.97617500 -8.14784400 1.85311700
v -37.97617500 -4.27237400 14.36575200
v -37.97617500 -7.92522300 -33.18216100
v -37.97617500 -8.31394300 -15.17822000
v -37.97617500 -8.03443900 12.80755400
v -37.97617500 -8.31467200 -2.17579200
v -37.97617500 -8.19598400 -11.16710800
v -37.97617500 -4.37886000 37.88323600
v -37.97617500 -3.99920700 -28.08942400
v -37.97617500 -1.67872300 -19.18616300
v -37.97617500 -2.01333400 21.09155500
v -37.97617500 -1.89154700 52.71866900
v -37.97617500 -8.15474500 -0.03825700
v -37.97617500 -8.15899000 -13.06082600
v -37.97617500 -4.21641700 39.81290400
v -37.97617500 -3.40806400 44.69869200
v -37.97617500 -2.02820300 54.28963500
v -37.97617500 -6.60433300 21.94707300
v -37.97617500 -7.98892800 6.20403100
v -37.97617500 -6.63168700 31.21046100
v -37.97617500 -3.40562700 -34.75847100
v -37.97617500 -6.02506400 -19.33030700
v -37.97617500 -3.37499900 3.65659000
v -37.97617500 -4.02291900 12.60556500
v -37.97617500 -4.93567800 -4.85281500
v -37.97617500 -4.08038300 -38.00030300
v -37.97617500 -3.40887100 32.93125100
v -37.97617500 -6.11644000 12.77964600
v -37.97617500 -1.94200300 -3.27510000
v -37.97617500 -4.06118300 17.02971600
v -37.97617500 -4.06527800 8.00479200
v -37.97617500 -4.06750600 -23.36602400
v -37.97617500 -3.40327400 -15.11911500
v -37.97617500 -8.09226300 38.64585900
v -37.97617500 -8.29558000 3.67747600
v -37.97617500 -8.20273400 16.75918800
v -37.97617500 -8.19528900 7.76188100
v -37.97617500 -8.29920800 -9.32956900
v -37.97617500 -7.99075800 -29.38560500
v -37.97617500 -2.00214300 48.65201200
v -37.97617500 -4.66563800 -6.56217400
v -37.97617500 -8.17702600 28.60051700
v -37.97617500 -8.16388000 31.54436400
v -37.97617500 -2.03705800 -23.08362700
v -37.97617500 -4.56333200 -40.08615500
v -37.97617500 -2.00134800 39.58603900
v -37.97617500 -1.97300400 38.01094200
v -37.97617500 -1.97602700 -27.30897100
v -37.97617500 -8.18558200 54.49782000
v -37.97617500 -6.51478900 -6.16354900
v -37.97617500 -4.75483200 -35.67150000
v -37.97617500 -4.70438100 -25.69058900
v -37.97617500 -5.48208100 -30.76340000
v -37.97617500 -5.30360200 30.31902200
v -37.97617500 -4.54362600 47.21784100
v -37.97617500 -6.60945800 29.36453900
v -37.97617500 -5.94573500 26.65491200
v -37.97617500 -5.92950200 -33.18233800
v -37.97617500 -5.09802600 54.35516300
v -37.97617500 -1.98572000 28.97415500
v -37.97617500 -5.34852600 19.46577800
v -37.97617500 -5.37962800 10.42477100
v -37.97617500 -1.79071000 9.01736900
v -37.97617500 -1.79071000 18.01736900
v -37.97617500 -1.88679400 4.82832000
v -37.97617500 -4.36950900 -20.86793100
v -37.97617500 -4.34680400 -17.54741700
v -37.97617500 -8.14068200 -35.23488000
v -37.97617500 -8.14010400 -31.12795900
v -37.97617500 -1.85168800 -5.07104100
v -37.97617500 -8.14042300 10.75288800
v -37.97617500 -8.12599100 41.18182400
v -37.97617500 -7.05895800 52.65508400
v -37.97617500 -1.90190700 -30.04845100
v -37.97617500 -5.88628800 45.34976800
v -37.97617500 -7.99552900 -36.96925400
v -37.97617500 -7.99892400 -24.37228300
v -37.97617500 -6.99586500 47.86555900
v -37.97617500 -4.13904700 21.30735800
v -37.97617500 -3.03493400 36.60538900
v -37.97617500 -8.21097100 -17.19366000
v -37.97617500 -3.03588100 -11.39736400
v -37.97617500 -6.98648500 24.04210500
v -37.97617500 -1.92935600 -31.52719400
v -37.97617500 -6.62223100 54.40593700
v -37.97617500 -8.24622000 48.77615400
v -37.97617500 -3.46356700 -31.65943100
v -37.97617500 -5.45190100 53.13672500
v -37.97617500 -8.14526300 20.93629800
v -37.97617500 -1.85367100 45.70145200
v -37.97617500 -1.85367100 31.93422500
v -37.97617500 -6.68309000 -27.97417300
v -37.97617500 -3.29914800 50.00338900
v -37.97617500 -3.27382400 27.67585000
v -37.97617500 -2.84142200 52.63774500
v -37.97617500 -4.18837300 1.68399200
v -37.97617500 -4.20178500 42.68982000
v -37.97617500 -4.65332000 -41.94198400
v -37.97617500 -3.14385700 -32.89932700
v -37.97617500 -6.84877000 49.46080800
v -37.97617500 -3.14437700 -28.49962000
v -37.97617500 -3.45547300 -29.82802500
v -37.97617500 -4.13936100 -3.37465100
v -37.97617500 -4.55474100 -8.33405300
v -37.97617500 -6.71255100 40.07989600
v -37.97617500 -3.29617600 -36.51257300
v -37.97617500 -8.20812000 26.91539300
v -37.97617500 -6.71145900 5.00288800
v -37.97617500 -6.68488600 -23.00871300
v -37.97617500 -1.76829300 -37.19983200
v -37.97617500 -1.75266800 11.85959800
v -37.97617500 -5.69900000 6.06072600
v -37.97617500 -6.74269400 20.34580800
v -37.97617500 -4.21084200 23.88942100
v -37.97617500 -5.76403900 42.74124900
v -37.97617500 -5.78204500 36.76130100
v -37.97617500 -5.77932000 -11.24588100
v -37.97617500 -5.74654000 1.75133200
v -37.97617500 -5.25549900 44.00145700
v -37.97617500 -3.25607100 46.28899500
v -37.97617500 -3.21540900 31.29976300
v -37.97617500 -4.03916600 34.58827700
v -37.97617500 -4.04217300 -13.36470300
v -37.97617500 -4.03934300 -0.47033200
v -37.97617500 -8.25043200 -27.18216100
v -37.97617500 -4.69076200 22.64446000
v -37.97617500 -6.60757100 7.63815200
v -37.97617500 -6.62631700 16.67245000
v -37.97617500 -6.75710000 -8.06650700
v -37.97617500 -5.44933500 50.59437500
v -37.97617500 -4.60420300 -27.39338300
v -37.97617500 -1.76295000 50.87886000
v -37.97617500 -7.99954000 44.77785600
v -37.97617500 -4.19666800 40.80574800
v -37.97617500 -5.75817500 25.73954300
v -37.97617500 -8.23701300 -5.39466100
v -37.97617500 -5.68953200 48.17068100
v -37.97617500 -5.55952000 -40.33978500
v -37.97617500 -1.73121000 26.81783900
v -37.97617500 -4.80072000 -23.98882000
v -37.97617500 -4.85308800 -37.45177000
v -37.97617500 -4.27083300 -29.93409900
v -37.97617500 -6.73144900 -4.90377200
v -37.97617500 -4.80193900 17.64658800
v -37.97617500 -4.79001400 8.65754300
v -37.97617500 -8.24242800 -39.13325000
v -37.97617500 -4.24715800 6.04475900
v -37.97617500 -1.71150800 -16.00217100
v -37.97617500 -3.31020600 -24.92574400
v -37.97617500 -5.32276100 -9.94706600
v -37.97617500 -4.40131600 25.63293700
v -37.97617500 -5.63206000 41.05347000
v -37.97617500 -5.57346500 0.05007000
v -37.97617500 -4.80202200 -12.69895000
v -37.97617500 -4.80202200 35.30105000
v -37.97617500 -5.31157700 3.04113000
v -37.97617500 -6.82462900 33.17492900
v -37.97617500 -5.27777300 37.97587200
v -37.97617500 -6.78000500 -26.78044100
v -37.97617500 -3.16822600 9.57067300
v -37.97617500 -3.16822600 18.57067300
v -37.97617500 -5.59218900 35.04455200
v -37.97617500 -4.80073200 0.30707600
v -37.97617500 -5.53786100 -12.98802100
v -37.97617500 -2.82760200 -25.80648500
v -37.97617500 -5.38432300 -41.96426900
v -37.97617500 -2.95970900 5.09529200
v -37.97617500 -2.80316700 19.45490900
v -37.97617500 -2.74555700 10.45962500
v -37.97617500 -2.87857000 54.45926300
v -37.97617500 -5.65241100 29.51945800
v -37.97617500 -4.40808500 30.31476000
v -37.97617500 -5.56675600 -35.66958300
v -37.97617500 -5.59157500 -25.62639200
v -37.97617500 -4.61552500 19.13760400
v -37.97617500 -4.59410200 10.12074900
v -37.97617500 -7.24951700 10.64885700
v -37.97617500 -6.90819800 -3.26621400
v -37.97617500 -5.26396800 33.63862100
v -37.97617500 -7.25039900 -31.02011600
v -37.97617500 -7.25039900 -35.34420700
v -37.97617500 -3.29738400 51.17728900
v -37.97617500 -5.18110500 24.31932200
v -37.97617500 -4.80084400 -11.67587300
v -37.97617500 -4.77072600 36.35049100
v -37.97617500 -6.76041700 -0.90949400
v -37.97617500 -6.81337600 -14.49234100
v -37.97617500 -6.70868200 -39.36596100
v -37.97617500 -1.89066100 -6.16011100
v -37.97617500 -3.19701000 -17.98268400
v -37.97617500 -3.19701000 -20.38163900
v -37.97617500 -3.11997400 -38.45100400
v -37.97617500 -6.96014000 -16.33444800
v -37.97617500 -6.99915500 -41.86469000
v -37.97617500 -3.00691200 -41.86471300
v -37.97617500 -4.65422900 -22.39848300
v -37.97617500 -4.12229500 -21.72469500
v -37.97617500 -8.26711800 -22.24457100
v -37.97617500 -6.81668600 -9.89094400
v -37.97617500 -4.68728900 -29.00529000
v -37.97617500 -8.17366000 22.93859100
v -37.97617500 -1.84814600 -35.74933300
v -37.97617500 -1.84814600 -25.74933300
v -37.97617500 -1.84356000 19.58158400
v -37.97617500 -1.84691900 10.39844900
v -37.97617500 -5.71713800 -4.19185300
v -37.97617500 -1.85850400 43.71792100
v -37.97617500 -1.84501900 33.93036900
v -37.97617500 -5.92698100 -15.02338400
v -37.97617500 -4.66111200 16.05913100
v -37.97617500 -4.15384000 15.34698500
v -37.97617500 -3.11522900 16.55320900
v -37.97617500 -3.12038500 7.54333400
v -37.97617500 -3.10362100 13.12005100
v -37.97617500 -8.32287300 15.96134200
v -37.97617500 -4.69748100 27.11220400
v -37.97617500 -8.14422500 11.82413700
v -37.97617500 -6.95522500 27.81031600
v -37.97617500 -6.75602300 3.13486100
v -37.97617500 -5.22158800 49.01339600
v -37.97617500 -3.20465100 -16.36399400
v -37.97617500 -8.13244800 -32.19237200
v -37.97617500 -8.13251700 -34.17177400
v -37.97617500 -1.88205000 -41.81861800
v -37.97617500 -8.12999200 -41.82324800
v -37.97617500 -6.88207100 -38.27950600
v -37.97617500 -3.10648300 -22.84709700
v -37.97617500 -3.15598000 -1.95798500
v -37.97617500 -3.14544300 -9.42045600
v -37.97617500 -5.39958900 47.10968000
v -37.97617500 -4.64972600 -30.74761900
v -37.97617500 -8.30239400 33.80129200
v -37.97617500 -1.72747100 21.90156000
v -37.97617500 -5.16266500 -3.05286000
v -37.97617500 -5.79758200 -2.16963300
v -37.97617500 -5.84081400 -26.59459000
v -37.97617500 -5.36424700 12.02385400
v -37.97617500 -5.77793000 -7.55966400
v -37.97617500 -5.14898100 -32.26167200
v -37.97617500 -5.32929900 -33.95569700
v -37.97617500 -1.69122800 -2.20368800
v -37.97617500 -1.63720200 -9.11067700
v -37.97617500 -1.67381300 6.81783900
v -37.97617500 -1.67381300 15.81783900
v -37.97617500 -1.69228300 -39.10653800
v -37.97617500 -3.23227000 26.45262600
v -37.97617500 -5.78187700 20.31812200
v -37.97617500 -6.85527000 38.27831400
v -37.97617500 -4.62573800 -39.01110400
v -37.97617500 -5.83352000 -21.64469300
v -37.97617500 -4.20828600 46.32559600
v -37.97617500 -4.14508500 31.26942400
v -37.97617500 -5.83602600 15.31121800
v -37.97617500 -4.05983600 -7.38414700
v -37.97617500 -5.17948100 -14.36500500
v -37.97617500 -5.23698700 -1.41572400
v -37.97617500 -8.27606600 24.82617800
v -37.97617500 -1.71852600 41.81376200
v -37.97617500 -1.72221200 0.79195400
v -37.97617500 -1.72702600 -12.16510200
v -37.97617500 -1.71503100 35.82100900
v -37.97617500 -1.74309500 -29.20260400
v -37.97617500 -4.17308000 51.40527500
v -37.97617500 -1.66973400 -22.18216100
v -37.97617500 -5.04720500 28.69986300
v -37.97617500 -1.66850200 13.81783900
v -37.97617500 -7.35810200 -17.18961700
v -37.97617500 -4.26683600 -19.19724800
v -37.97617500 -8.20779600 39.57342500
v -37.97617500 -6.83834600 34.23311100
v -37.97617500 -5.40280100 52.12961000
v -37.97617500 -6.80922500 -21.86131100
v -37.97617500 -5.18261900 39.73509200
v -37.97617500 -6.73059400 6.60129200
v -37.97617500 -6.80448200 15.54959900
v -37.97617500 -1.65370700 24.83032000
v -37.97617500 -8.38353100 -12.12247000
v -37.97617500 -8.37257300 0.88633000
v -37.97617500 -8.34389500 35.81783900
v -37.97617500 -4.70684600 -15.98549900
v -37.97617500 -1.74638500 -32.28552300
v -37.97617500 -7.09412500 46.27902200
v -37.97617500 -3.09131400 -39.49714800
v -37.97617500 -5.74450000 -17.20857900
v -37.97617500 -3.14876700 14.19128900
v -37.97617500 -4.76918700 4.50617600
v -37.97617500 -8.34931600 43.81783900
v -37.97617500 -3.21523500 6.60924200
v -37.97617500 -3.27115100 15.62254400
v -37.97617500 -2.87880200 -4.68654400
v -37.97617500 -7.07961300 41.18000800
v -37.97617500 -6.79817400 51.93877800
v -37.97617500 -3.29058500 -21.92254600
v -37.97617500 -7.10676400 -25.77926100
v -37.97617500 -1.64843100 22.72016200
v -37.97617500 -4.65561200 13.55844500
v -37.97617500 -8.35490800 51.81783900
v -37.97617500 -5.77101400 31.00700000
v -37.97617500 -4.23803300 -34.98918600
v -37.97617500 -8.27663300 6.97237100
v -37.97617500 -6.42875400 53.33316500
v -37.97617500 -4.67789200 -19.95038500
v -37.97617500 -4.77790000 -18.52998100
v -37.97617500 -3.41699200 -5.56653200
v -37.97617500 -6.70244600 -31.65625800
v -37.97617500 -6.70244600 -34.70806500
v -37.97617500 -8.26048300 4.65474900
v -37.97617500 -6.75259000 11.31261200
v -37.97617500 -3.03327800 11.31034600
v -37.97617500 -3.06801200 20.42849600
v -37.97617500 -3.06696900 -26.77878000
v -37.97617500 -1.66778900 -7.11782100
v -37.97617500 -7.15796700 19.39141600
v -37.97617500 -5.84496100 -31.57395000
v -37.97617500 -5.87447000 -34.75385100
v -37.97617500 -5.81678300 11.17812200
v -37.97617500 -2.81300200 30.31017800
v -37.97617500 -2.84318800 47.31021500
v -37.97617500 -7.21411300 0.23435400
v -37.97617500 -7.14864500 -12.81051300
v -37.97617500 -8.25792800 -8.31766400
v -37.97617500 -6.83063900 -40.94347500
v -37.97617500 -3.25307900 -40.95603000
v -37.97617500 -5.86188200 32.87136400
v -37.97617500 -1.72849600 2.65928900
v -37.97617500 -7.10193800 35.25088400
v -37.97617500 -8.19963700 30.36981700
v -37.97617500 -8.37338900 -14.18216100
v -37.97617500 -8.29908000 -1.16945000
v -37.97617500 -3.83003200 -33.27629400
v -37.97617500 -4.16237000 -16.66547200
v -37.97617500 -2.91418200 25.38819600
v -37.97617500 -1.72620600 -14.01550200
v -37.97617500 -5.13335200 25.28478400
v -37.97617500 -4.88381900 41.36814300
v -37.97617500 -8.20807600 -40.77342900
v -37.97617500 -8.37931000 46.81783900
v -37.97617500 -4.22787300 -4.15910900
v -37.97617500 -4.65023000 32.04427600
v -37.97617500 -4.74038100 45.54279500
v -37.97617500 -5.27165200 21.09302200
v -37.97617500 -4.21961100 27.70713400
v -37.97617500 -3.30011000 35.85637000
v -37.97617500 -6.67907200 24.74320300
v -37.97617500 -3.30011000 -12.14657200
v -37.97617500 -3.31281700 41.81071000
v -37.97617500 -3.29385900 0.82593400
v -37.97617500 -8.24700800 -3.93189800
v -37.97617500 -2.85919600 39.10035500
v -37.97617500 -1.73866900 4.02949000
v -37.97617500 -2.95392500 -35.66994600
v -37.97617500 -3.04735300 22.03002400
v -37.97617500 -3.06567100 -3.02741900
v -37.97617500 -3.15029300 -8.45636500
v -37.97617500 -1.80954700 47.22396100
v -37.97617500 -1.80620800 30.41880200
v -37.97617500 -7.11366000 30.31004800
v -37.97617500 -8.17968000 19.40651900
v -37.97617500 -8.32173800 41.91262600
v -37.97617500 -6.95359800 44.62078100
v -37.97617500 -4.20921700 32.70001100
v -37.97617500 -1.74746500 -17.44473300
v -37.97617500 -4.21798300 -15.22133000
v -37.97617500 -7.33665600 -11.18506400
v -37.97617500 -8.26029900 13.72265100
v -37.97617500 -1.81634900 -40.89051800
v -37.97617500 -8.32655700 -7.34349400
v -37.97617500 -4.41319800 54.59539600
v -37.97617500 -8.39989900 -16.18216100
v -37.97617500 -7.32497300 1.82153300
v -37.97617500 -5.77902300 21.79652400
v -37.97617500 -8.29249700 53.63535700
v -37.97617500 -1.66546500 -20.17963200
v -37.97617500 -7.03246800 12.03920600
v -37.97617500 -4.19924900 3.89564700
v -37.97617500 -5.80203200 -23.01049500
v -37.97617500 -4.91314300 42.37268300
v -37.97617500 -4.87811100 1.31352400
v -37.97617500 -8.36151500 -20.18016300
v -37.97617500 -8.40478600 -18.18216100
v -37.97617500 -7.32845100 36.80585200
v -37.97617500 -4.22449200 44.84466200
v -37.97617500 -8.38190500 -25.19970200
v -37.97617500 -8.40675900 -36.18216100
v -37.97617500 -8.39234300 -30.19505600
v -37.97617500 -8.38541100 9.81941800
v -37.97617500 -7.24215300 -33.98730500
v -37.97617500 -7.24214200 -32.37698800
v -37.97617500 -4.58161700 11.89567300
v -37.97617500 -1.70014200 -18.26572700
v -37.97617500 -8.29569500 -3.09795100
v -37.97617500 -7.08832000 18.37648700
v -37.97617500 -7.06900700 9.35664300
v -37.97617500 -7.11463200 -29.76009000
v -37.97617500 -2.86037900 48.23356600
v -37.97617500 -7.11408300 -36.60114500
v -37.97617500 -4.45415100 19.79215100
v -37.97617500 -4.39994100 10.87996400
v -37.97617500 -7.23552900 5.93205200
v -37.97617500 -3.84037500 43.32519300
v -37.97617500 -3.85731300 2.30855000
v -37.97617500 -2.71712200 23.98758400
v -37.97617500 -7.16426400 42.60641200
v -37.97617500 -4.21554300 49.98237700
v -37.97617500 -2.76624500 -21.20325500
v -37.97617500 -7.14494500 -6.68851000
v -37.97617500 -5.95646400 -10.40717000
v -37.97617500 -5.95331500 2.58062800
v -37.97617500 -7.09747200 -20.97152800
v -37.97617500 -7.27445300 14.70787600
v -37.97617500 -4.00362400 23.07316100
v -37.97617500 -5.94877900 37.57985400
v -37.97617500 -5.14017700 -5.82521800
v -37.97617500 -5.92539000 -39.50250300
v -37.97617500 -5.77112000 -28.02435900
v -37.97617500 -4.69386800 50.51324800
v -37.97617500 -5.99220900 43.56976900
v -37.97617500 -7.08163700 51.25187000
v -37.97617500 -5.33710900 -27.34201600
v -37.97617500 -1.66422900 -15.32795100
v -37.97617500 -5.41491900 -38.95289600
v -37.97617500 -7.12785200 -24.75005900
v -37.97617500 -2.79635100 29.41527900
v -37.97617500 -5.87144800 34.30631400
v -37.97617500 -7.27981400 -4.04435600
v -37.97617500 -1.69326000 53.61417900
v -37.97617500 -2.72290600 -17.30558600
v -37.97617500 -8.34722000 -6.07931300
v -37.97617500 -4.29607000 -31.59776600
v -37.97617500 -1.60881100 18.79903000
v -37.97617500 -1.60948300 9.76240300
v -37.97617500 -1.67023800 -25.02010500
v -37.97617500 -1.67023800 -35.02010500
v -37.97617500 -3.70540800 40.37495700
v -37.97617500 -6.53317300 48.42953300
v -37.97617500 -4.16610100 26.38481800
v -37.97617500 -5.94848300 5.38509000
v -37.97617500 -6.35110000 39.03344100
v -37.97617500 -7.40080500 31.73366700
v -37.97617500 -5.78830300 16.63813500
v -37.97617500 -5.71102700 7.62947600
v -37.97617500 -2.82390200 -31.34513200
v -37.97617500 -2.53003300 17.97983000
v -37.97617500 -2.53003300 8.97983000
v -37.97617500 -6.95710100 47.10029400
v -37.97617500 -2.74335000 -30.04879800
v -37.97617500 -7.57827100 -14.75445000
v -37.97617500 -7.52834300 -1.64039900
v -37.97617500 -2.70950300 -34.44572300
v -37.97617500 -4.45128900 -2.53890200
v -37.97617500 -2.68519700 -24.46540400
v -37.97617500 -1.69345400 -8.41889000
v -37.97617500 -5.31769200 -8.28624600
v -37.97617500 -5.70210400 -9.05956100
v -37.97617500 -8.30669400 18.56721200
v -37.97617500 -3.93010000 -39.56007000
v -37.97617500 -1.64002800 47.93614100
v -37.97617500 -1.66058800 32.64621100
v -37.97617500 -1.66058800 44.98946600
v -37.97617500 -8.34070500 21.64663700
v -37.97617500 -2.82444300 -6.24222300
v -37.97617500 -4.51373400 7.35303100
v -37.97617500 -1.56579200 38.81437000
v -37.97617500 -5.40258700 -22.33203900
v -37.97617500 -3.02963300 -6.94604900
v -37.97617500 -7.43825000 8.00850400
v -37.97617500 -7.45753500 17.00222100
v -37.97617500 -6.97065400 43.88792700
v -37.97617500 -5.40513900 15.95931500
v -37.97617500 -6.40250500 4.00204500
v -37.97617500 -6.56065900 28.44009600
v -37.97617500 -8.44569000 37.80804800
v -37.97617500 -1.60167900 51.80003800
v -37.97617500 -3.80235100 -8.15152000
v -37.97617500 -1.63765600 29.67355400
v -37.97617500 -4.00699800 5.29474300
v -37.97617500 -5.77556800 54.62423100
v -37.97617500 -5.43935100 27.19988600
v -37.97617500 -7.55376400 13.35518000
v -37.97617500 -4.00431500 -40.73848700
v -37.97617500 -3.01915900 22.75762300
v -37.97617500 -7.57375700 -15.69230800
v -37.97617500 -3.81823400 25.15017700
v -37.97617500 -6.18081200 41.48170400
v -37.97617500 -6.16444500 0.51539400
v -37.97617500 -6.17648200 -12.57156000
v -37.97617500 -6.18661300 35.49315200
v -37.97617500 -2.44929900 -19.69243700
v -37.97617500 -2.44968500 -18.70537100
v -37.97617500 -8.34071100 5.57442100
v -37.97617500 -7.56548200 -19.63419500
v -37.97617500 -7.54445100 -18.73058400
v -37.97617500 -6.91130600 -35.97424900
v -37.97617500 -6.93243700 -30.38002300
v -37.97617500 -2.57778000 -3.70628400
v -37.97617500 -8.47746200 27.81783900
v -37.97617500 -7.55889700 -2.62813600
v -37.97617500 -7.41435400 54.72715900
v -37.97617500 -8.46716900 2.81535600
v -37.97617500 -5.83232400 -0.72778600
v -37.97617500 -6.92036400 9.99361200
v -37.97617500 -2.73970500 -40.39370000
v -37.97617500 -5.57992400 -18.67511700
v -37.97617500 -2.43596100 21.73929300
v -37.97617500 -8.48704200 -10.18216100
v -37.97617500 -6.86733100 -13.69638600
v -37.97617500 -5.88820600 40.34267900
v -37.97617500 -4.25198200 -25.15411000
v -37.97617500 -4.24065000 -36.23458300
v -37.97617500 -4.30321400 -26.21464100
v -37.97617500 -5.59037900 -13.70346100
v -37.97617500 -2.82405300 38.43813700
v -37.97617500 -1.68499900 20.45747300
v -37.97617500 -2.47842100 -37.15187400
v -37.97617500 -6.45898000 -8.99661800
v -37.97617500 -1.68164700 -30.87409600
v -37.97617500 -2.42383500 11.85136500
v -37.97617500 -8.26917800 14.53629000
v -37.97617500 -5.64289900 3.93724100
v -37.97617500 -6.23595300 50.62546200
v -37.97617500 -1.73485900 24.10469100
v -37.97617500 -1.50255700 -4.18216100
v -37.97617500 -1.51287900 54.80495900
v -37.97617500 -1.64840400 -10.45559100
v -37.97617500 -1.56022100 -1.03379700
v -37.97617500 -2.89878500 15.05691500
v -42.95833300 -5.03645900 -43.68216100
v -44.57001300 -6.58445700 -43.68216100
v -41.38549200 -6.49681400 -43.68216100
v -41.56123800 -3.29645200 -43.68216100
v -44.48081800 -3.57179500 -43.68216100
v -45.27168800 -4.96871800 -43.68216100
v -40.72450800 -4.92803800 -43.68216100
v -43.04735200 -2.74806400 -43.68216100
v -43.05395100 -7.32277100 -43.68216100
v -45.63163100 -7.63923000 -43.68216100
v -40.32071800 -7.63923000 -43.68216100
v -45.63163100 -2.36077000 -43.68216100
v -40.32071800 -2.36077000 -43.68216100
v -42.42855500 -6.11904800 -43.68216100
v -44.09522200 -5.54761900 -43.68216100
v -43.52379400 -3.88095200 -43.68216100
v -41.76565900 -4.43513100 -43.68216100
v -45.75821200 -6.07306800 -43.68216100
v -40.20554300 -6.11387600 -43.68216100
v -40.20554300 -3.88612400 -43.68216100
v -45.74680600 -3.88612400 -43.68216100
v -44.08081300 -7.80639700 -43.68216100
v -41.91161200 -7.78660500 -43.68216100
v -44.09005100 -2.22936900 -43.68216100
v -41.86229800 -2.22936900 -43.68216100
v -41.53798300 -5.53455300 -43.68216100
v -43.64173800 -6.46305200 -43.68216100
v -44.32681300 -4.51245500 -43.68216100
v -42.40184100 -3.55139600 -43.68216100
v -39.86797900 -5.30269100 -43.68216100
v -46.15486500 -5.27779200 -43.68216100
v -42.67343600 -1.89178800 -43.68216100
v -42.69810300 -8.20579500 -43.68216100
v -39.76306200 -3.15672800 -43.68216100
v -46.18928700 -3.15672800 -43.68216100
v -46.16611900 -6.85889000 -43.68216100
v -39.76306200 -6.84327200 -43.68216100
v -41.09848600 -1.79498200 -43.68216100
v -44.85386300 -1.79498200 -43.68216100
v -44.86340600 -8.18706200 -43.68216100
v -41.07307300 -8.14820200 -43.68216100
v -42.10314700 -6.96608300 -43.68216100
v -44.94351000 -5.87681800 -43.68216100
v -43.85504500 -3.04200900 -43.68216100
v -41.00920600 -4.08733400 -43.68216100
v -43.42733500 -8.30078500 -43.68216100
v -43.42508700 -1.72005000 -43.68216100
v -39.69625400 -4.55100200 -43.68216100
v -46.28044700 -4.53061400 -43.68216100
v -43.17433400 -5.72928200 -43.68216100
v -42.25103300 -5.19447300 -43.68216100
v -42.77217000 -4.31727700 -43.68216100
v -44.96002600 -4.07863700 -43.68216100
v -39.75309500 -1.77692100 -43.68216100
v -39.75309500 -8.22307900 -43.68216100
v -46.19925400 -8.22307900 -43.68216100
v -46.19925400 -1.77692100 -43.68216100
v -44.76116100 -7.33852400 -43.68216100
v -41.22793500 -7.29909700 -43.68216100
v -44.71503100 -2.70688000 -43.68216100
v -41.08326200 -2.58478500 -43.68216100
v -45.32615700 -6.73682600 -43.68216100
v -40.61693200 -6.68426300 -43.68216100
v -45.28726700 -3.29348900 -43.68216100
v -40.63328500 -3.23260000 -43.68216100
v -43.69647800 -4.94526000 -43.68216100
v -44.04232500 -7.05635100 -43.68216100
v -40.79884200 -5.71328900 -43.68216100
v -42.26288500 -2.82266800 -43.68216100
v -39.55784500 -2.45888400 -43.68216100
v -46.39450400 -2.45888400 -43.68216100
v -45.52741900 -1.58653500 -43.68216100
v -46.38987000 -7.54424000 -43.68216100
v -39.55784500 -7.54111600 -43.68216100
v -45.52932800 -8.40987400 -43.68216100
v -40.41984700 -8.40210200 -43.68216100
v -40.42493000 -1.58653500 -43.68216100
v -38.26906800 -7.80702500 -43.38926800
v -38.26906800 -6.55269000 -43.38926800
v -38.26906800 -5.50911200 -43.38926800
v -38.26906800 -4.50198400 -43.38926800
v -38.26906800 -3.50279100 -43.38926800
v -38.26906800 -2.51476400 -43.38926800
v -38.26906800 -1.58579400 -43.38926800
v -38.05229500 -8.45175600 -43.06484500
v -38.59349100 -8.45175600 -43.60604100
v -38.52507400 -0.54890000 -43.45223800
v -38.52507400 -9.45110000 -43.45223800
v -40.16914900 -0.29289300 -43.38926800
v -41.42348500 -0.29289300 -43.38926800
v -42.46706200 -0.29289300 -43.38926800
v -43.47419100 -0.29289300 -43.38926800
v -44.47338300 -0.29289300 -43.38926800
v -45.46141000 -0.29289300 -43.38926800
v -46.39038000 -0.29289300 -43.38926800
v -39.52441800 -0.61731700 -43.60604100
v -39.52441800 -0.07612000 -43.06484500
v -38.26906800 -0.29289300 -41.48918500
v -38.26906800 -0.29289300 -40.23483800
v -38.26906800 -0.29289300 -39.19119900
v -38.26906800 -0.29289300 -38.18371200
v -38.26906800 -0.29289300 -37.18242800
v -38.26906800 -0.29289300 -36.18220700
v -38.26906800 -0.29289300 -35.18216900
v -38.26906800 -0.29289300 -34.18216300
v -38.26906800 -0.29289300 -33.18216200
v -38.26906800 -0.29289300 -32.18216200
v -38.26906800 -0.29289300 -31.18216100
v -38.26906800 -0.29289300 -30.18216100
v -38.26906800 -0.29289300 -29.18216100
v -38.26906800 -0.29289300 -28.18216100
v -38.26906800 -0.29289300 -27.18216100
v -38.26906800 -0.29289300 -26.18216100
v -38.26906800 -0.29289300 -25.18216100
v -38.26906800 -0.29289300 -24.18216100
v -38.26906800 -0.29289300 -23.18216100
v -38.26906800 -0.29289300 -22.18216100
v -38.26906800 -0.29289300 -21.18216100
v -38.26906800 -0.29289300 -20.18216100
v -38.26906800 -0.29289300 -19.18216100
v -38.26906800 -0.29289300 -18.18216100
v -38.26906800 -0.29289300 -17.18216100
v -38.26906800 -0.29289300 -16.18216100
v -38.26906800 -0.29289300 -15.18216100
v -38.26906800 -0.29289300 -14.18216100
v -38.26906800 -0.29289300 -13.18216100
v -38.26906800 -0.29289300 -12.18216100
v -38.26906800 -0.29289300 -11.18216100
v -38.26906800 -0.29289300 -10.18216100
v -38.26906800 -0.29289300 -9.18216100
v -38.26906800 -0.29289300 -8.18216100
v -38.26906800 -0.29289300 -7.18216100
v -38.26906800 -0.29289300 -6.18216100
v -38.26906800 -0.29289300 -5.18216100
v -38.26906800 -0.29289300 -4.18216100
v -38.26906800 -0.29289300 -3.18216100
v -38.26906800 -0.29289300 -2.18216100
v -38.26906800 -0.29289300 -1.18216100
v -38.26906800 -0.29289300 -0.18216100
v -38.26906800 -0.29289300 0.81783900
v -38.26906800 -0.29289300 1.81783900
v -38.26906800 -0.29289300 2.81783900
v -38.26906800 -0.29289300 3.81783900
v -38.26906800 -0.29289300 4.81783900
v -38.26906800 -0.29289300 5.81783900
v -38.26906800 -0.29289300 6.81783900
v -38.26906800 -0.29289300 7.81783900
v -38.26906800 -0.29289300 8.81783900
v -38.26906800 -0.29289300 9.81783900
v -38.26906800 -0.29289300 10.81783900
v -38.26906800 -0.29289300 11.81783900
v -38.26906800 -0.29289300 12.81783900
v -38.26906800 -0.29289300 13.81783900
v -38.26906800 -0.29289300 14.81783900
v -38.26906800 -0.29289300 15.81783900
v -38.26906800 -0.29289300 16.81783900
v -38.26906800 -0.29289300 17.81783900
v -38.26906800 -0.29289300 18.81783900
v -38.26906800 -0.29289300 19.81783900
v -38.26906800 -0.29289300 20.81783900
v -38.26906800 -0.29289300 21.81783900
v -38.26906800 -0.29289300 22.81783900
v -38.26906800 -0.29289300 23.81783900
v -38.26906800 -0.29289300 24.81783900
v -38.26906800 -0.29289300 25.81783900
v -38.26906800 -0.29289300 26.81783900
v -38.26906800 -0.29289300 27.81783900
v -38.26906800 -0.29289300 28.81783900
v -38.26906800 -0.29289300 29.81783900
v -38.26906800 -0.29289300 30.81783900
v -38.26906800 -0.29289300 31.81783900
v -38.26906800 -0.29289300 32.81783900
v -38.26906800 -0.29289300 33.81783900
v -38.26906800 -0.29289300 34.81783900
v -38.26906800 -0.29289300 35.81783900
v -38.26906800 -0.29289300 36.81783900
v -38.26906800 -0.29289300 37.81783900
v -38.26906800 -0.29289300 38.81783900
v -38.26906800 -0.29289300 39.81783900
v -38.26906800 -0.29289300 40.81783900
v -38.26906800 -0.29289300 41.81783900
v -38.26906800 -0.29289300 42.81783900
v -38.26906800 -0.29289300 43.81783900
v -38.26906800 -0.29289300 44.81783900
v -38.26906800 -0.29289300 45.81783900
v -38.26906800 -0.29289300 46.81783800
v -38.26906800 -0.29289300 47.81783800
v -38.26906800 -0.29289300 48.81783600
v -38.26906800 -0.29289300 49.81782600
v -38.26906800 -0.29289300 50.81776400
v -38.26906800 -0.29289300 51.81740500
v -38.26906800 -0.29289300 52.81531300
v -38.26906800 -0.29289300 53.80312000
v -38.26906800 -0.29289300 54.73205200
v -38.05229500 -0.61731700 -42.13391700
v -38.59349100 -0.07612000 -42.13391700
v -38.26906800 -9.70710700 -41.48918500
v -38.26906800 -9.70710700 -40.23483800
v -38.26906800 -9.70710700 -39.19119900
v -38.26906800 -9.70710700 -38.18371200
v -38.26906800 -9.70710700 -37.18242800
v -38.26906800 -9.70710700 -36.18220700
v -38.26906800 -9.70710700 -35.18216900
v -38.26906800 -9.70710700 -34.18216300
v -38.26906800 -9.70710700 -33.18216200
v -38.26906800 -9.70710700 -32.18216200
v -38.26906800 -9.70710700 -31.18216100
v -38.26906800 -9.70710700 -30.18216100
v -38.26906800 -9.70710700 -29.18216100
v -38.26906800 -9.70710700 -28.18216100
v -38.26906800 -9.70710700 -27.18216100
v -38.26906800 -9.70710700 -26.18216100
v -38.26906800 -9.70710700 -25.18216100
v -38.26906800 -9.70710700 -24.18216100
v -38.26906800 -9.70710700 -23.18216100
v -38.26906800 -9.70710700 -22.18216100
v -38.26906800 -9.70710700 -21.18216100
v -38.26906800 -9.70710700 -20.18216100
v -38.26906800 -9.70710700 -19.18216100
v -38.26906800 -9.70710700 -18.18216100
v -38.26906800 -9.70710700 -17.18216100
v -38.26906800 -9.70710700 -16.18216100
v -38.26906800 -9.70710700 -15.18216100
v -38.26906800 -9.70710700 -14.18216100
v -38.26906800 -9.70710700 -13.18216100
v -38.26906800 -9.70710700 -12.18216100
v -38.26906800 -9.70710700 -11.18216100
v -38.26906800 -9.70710700 -10.18216100
v -38.26906800 -9.70710700 -9.18216100
v -38.26906800 -9.70710700 -8.18216100
v -38.26906800 -9.70710700 -7.18216100
v -38.26906800 -9.70710700 -6.18216100
v -38.26906800 -9.70710700 -5.18216100
v -38.26906800 -9.70710700 -4.18216100
v -38.26906800 -9.70710700 -3.18216100
v -38.26906800 -9.70710700 -2.18216100
v -38.26906800 -9.70710700 -1.18216100
v -38.26906800 -9.70710700 -0.18216100
v -38.26906800 -9.70710700 0.81783900
v -38.26906800 -9.70710700 1.81783900
v -38.26906800 -9.70710700 2.81783900
v -38.26906800 -9.70710700 3.81783900
v -38.26906800 -9.70710700 4.81783900
v -38.26906800 -9.70710700 5.81783900
v -38.26906800 -9.70710700 6.81783900
v -38.26906800 -9.70710700 7.81783900
v -38.26906800 -9.70710700 8.81783900
v -38.26906800 -9.70710700 9.81783900
v -38.26906800 -9.70710700 10.81783900
v -38.26906800 -9.70710700 11.81783900
v -38.26906800 -9.70710700 12.81783900
v -38.26906800 -9.70710700 13.81783900
v -38.26906800 -9.70710700 14.81783900
v -38.26906800 -9.70710700 15.81783900
v -38.26906800 -9.70710700 16.81783900
v -38.26906800 -9.70710700 17.81783900
v -38.26906800 -9.70710700 18.81783900
v -38.26906800 -9.70710700 19.81783900
v -38.26906800 -9.70710700 20.81783900
v -38.26906800 -9.70710700 21.81783900
v -38.26906800 -9.70710700 22.81783900
v -38.26906800 -9.70710700 23.81783900
v -38.26906800 -9.70710700 24.81783900
v -38.26906800 -9.70710700 25.81783900
v -38.26906800 -9.70710700 26.81783900
v -38.26906800 -9.70710700 27.81783900
v -38.26906800 -9.70710700 28.81783900
v -38.26906800 -9.70710700 29.81783900
v -38.26906800 -9.70710700 30.81783900
v -38.26906800 -9.70710700 31.81783900
v -38.26906800 -9.70710700 32.81783900
v -38.26906800 -9.70710700 33.81783900
v -38.26906800 -9.70710700 34.81783900
v -38.26906800 -9.70710700 35.81783900
v -38.26906800 -9.70710700 36.81783900
v -38.26906800 -9.70710700 37.81783900
v -38.26906800 -9.70710700 38.81783900
v -38.26906800 -9.70710700 39.81783900
v -38.26906800 -9.70710700 40.81783900
v -38.26906800 -9.70710700 41.81783900
v -38.26906800 -9.70710700 42.81783900
v -38.26906800 -9.70710700 43.81783900
v -38.26906800 -9.70710700 44.81783900
v -38.26906800 -9.70710700 45.81783900
v -38.26906800 -9.70710700 46.81783800
v -38.26906800 -9.70710700 47.81783800
v -38.26906800 -9.70710700 48.81783600
v -38.26906800 -9.70710700 49.81782600
v -38.26906800 -9.70710700 50.81776400
v -38.26906800 -9.70710700 51.81740500
v -38.26906800 -9.70710700 52.81531300
v -38.26906800 -9.70710700 53.80312000
v -38.26906800 -9.70710700 54.73205200
v -38.05229500 -9.38268300 -42.13391700
v -38.59349100 -9.92388000 -42.13391700
v -40.16914900 -9.70710700 -43.38926800
v -41.42348500 -9.70710700 -43.38926800
v -42.46706200 -9.70710700 -43.38926800
v -43.47419100 -9.70710700 -43.38926800
v -44.47338300 -9.70710700 -43.38926800
v -45.46141000 -9.70710700 -43.38926800
v -46.39038000 -9.70710700 -43.38926800
v -39.52441800 -9.38268300 -43.60604100
v -39.52441800 -9.92388000 -43.06484500
v -47.42727500 -0.54890000 -43.45223800
v -38.52507400 -0.54890000 56.08791500
v -38.52507400 -9.45110000 56.08791500
v -47.42727500 -9.45110000 -43.45223800
v -47.68328100 -7.80702500 -43.38926800
v -47.68328100 -6.55269000 -43.38926800
v -47.68328100 -5.50911200 -43.38926800
v -47.68328100 -4.50198400 -43.38926800
v -47.68328100 -3.50279100 -43.38926800
v -47.68328100 -2.51476400 -43.38926800
v -47.68328100 -1.58579400 -43.38926800
v -47.90005400 -8.45175600 -43.06484500
v -47.35885800 -8.45175600 -43.60604100
v -47.68328100 -0.29289300 -41.48918500
v -47.68328100 -0.29289300 -40.23483800
v -47.68328100 -0.29289300 -39.19119900
v -47.68328100 -0.29289300 -38.18371200
v -47.68328100 -0.29289300 -37.18242800
v -47.68328100 -0.29289300 -36.18220700
v -47.68328100 -0.29289300 -35.18216900
v -47.68328100 -0.29289300 -34.18216300
v -47.68328100 -0.29289300 -33.18216200
v -47.68328100 -0.29289300 -32.18216200
v -47.68328100 -0.29289300 -31.18216100
v -47.68328100 -0.29289300 -30.18216100
v -47.68328100 -0.29289300 -29.18216100
v -47.68328100 -0.29289300 -28.18216100
v -47.68328100 -0.29289300 -27.18216100
v -47.68328100 -0.29289300 -26.18216100
v -47.68328100 -0.29289300 -25.18216100
v -47.68328100 -0.29289300 -24.18216100
v -47.68328100 -0.29289300 -23.18216100
v -47.68328100 -0.29289300 -22.18216100
v -47.68328100 -0.29289300 -21.18216100
v -47.68328100 -0.29289300 -20.18216100
v -47.68328100 -0.29289300 -19.18216100
v -47.68328100 -0.29289300 -18.18216100
v -47.68328100 -0.29289300 -17.18216100
v -47.68328100 -0.29289300 -16.18216100
v -47.68328100 -0.29289300 -15.18216100
v -47.68328100 -0.29289300 -14.18216100
v -47.68328100 -0.29289300 -13.18216100
v -47.68328100 -0.29289300 -12.18216100
v -47.68328100 -0.29289300 -11.18216100
v -47.68328100 -0.29289300 -10.18216100
v -47.68328100 -0.29289300 -9.18216100
v -47.68328100 -0.29289300 -8.18216100
v -47.68328100 -0.29289300 -7.18216100
v -47.68328100 -0.29289300 -6.18216100
v -47.68328100 -0.29289300 -5.18216100
v -47.68328100 -0.29289300 -4.18216100
v -47.68328100 -0.29289300 -3.18216100
v -47.68328100 -0.29289300 -2.18216100
v -47.68328100 -0.29289300 -1.18216100
v -47.68328100 -0.29289300 -0.18216100
v -47.68328100 -0.29289300 0.81783900
v -47.68328100 -0.29289300 1.81783900
v -47.68328100 -0.29289300 2.81783900
v -47.68328100 -0.29289300 3.81783900
v -47.68328100 -0.29289300 4.81783900
v -47.68328100 -0.29289300 5.81783900
v -47.68328100 -0.29289300 6.81783900
v -47.68328100 -0.29289300 7.81783900
v -47.68328100 -0.29289300 8.81783900
v -47.68328100 -0.29289300 9.81783900
v -47.68328100 -0.29289300 10.81783900
v -47.68328100 -0.29289300 11.81783900
v -47.68328100 -0.29289300 12.81783900
v -47.68328100 -0.29289300 13.81783900
v -47.68328100 -0.29289300 14.81783900
v -47.68328100 -0.29289300 15.81783900
v -47.68328100 -0.29289300 16.81783900
v -47.68328100 -0.29289300 17.81783900
v -47.68328100 -0.29289300 18.81783900
v -47.68328100 -0.29289300 19.81783900
v -47.68328100 -0.29289300 20.81783900
v -47.68328100 -0.29289300 21.81783900
v -47.68328100 -0.29289300 22.81783900
v -47.68328100 -0.29289300 23.81783900
v -47.68328100 -0.29289300 24.81783900
v -47.68328100 -0.29289300 25.81783900
v -47.68328100 -0.29289300 26.81783900
v -47.68328100 -0.29289300 27.81783900
v -47.68328100 -0.29289300 28.81783900
v -47.68328100 -0.29289300 29.81783900
v -47.68328100 -0.29289300 30.81783900
v -47.68328100 -0.29289300 31.81783900
v -47.68328100 -0.29289300 32.81783900
v -47.68328100 -0.29289300 33.81783900
v -47.68328100 -0.29289300 34.81783900
v -47.68328100 -0.29289300 35.81783900
v -47.68328100 -0.29289300 36.81783900
v -47.68328100 -0.29289300 37.81783900
v -47.68328100 -0.29289300 38.81783900
v -47.68328100 -0.29289300 39.81783900
v -47.68328100 -0.29289300 40.81783900
v -47.68328100 -0.29289300 41.81783900
v -47.68328100 -0.29289300 42.81783900
v -47.68328100 -0.29289300 43.81783900
v -47.68328100 -0.29289300 44.81783900
v -47.68328100 -0.29289300 45.81783900
v -47.68328100 -0.29289300 46.81783800
v -47.68328100 -0.29289300 47.81783800
v -47.68328100 -0.29289300 48.81783600
v -47.68328100 -0.29289300 49.81782600
v -47.68328100 -0.29289300 50.81776400
v -47.68328100 -0.29289300 51.81740500
v -47.68328100 -0.29289300 52.81531300
v -47.68328100 -0.29289300 53.80312000
v -47.68328100 -0.29289300 54.73205200
v -47.90005400 -0.61731700 -42.13391700
v -47.35885800 -0.07612000 -42.13391700
v -40.16914900 -0.29289300 56.02494500
v -41.42348500 -0.29289300 56.02494500
v -42.46706200 -0.29289300 56.02494500
v -43.47419100 -0.29289300 56.02494500
v -44.47338300 -0.29289300 56.02494500
v -45.46141000 -0.29289300 56.02494500
v -46.39038000 -0.29289300 56.02494500
v -39.52441800 -0.61731700 56.24171800
v -39.52441800 -0.07612000 55.70052200
v -38.26906800 -7.80702500 56.02494500
v -38.26906800 -6.55269000 56.02494500
v -38.26906800 -5.50911200 56.02494500
v -38.26906800 -4.50198400 56.02494500
v -38.26906800 -3.50279100 56.02494500
v -38.26906800 -2.51476400 56.02494500
v -38.26906800 -1.58579400 56.02494500
v -38.59349100 -8.45175600 56.24171800
v -38.05229500 -8.45175600 55.70052200
v -40.16914900 -9.70710700 56.02494500
v -41.42348500 -9.70710700 56.02494500
v -42.46706200 -9.70710700 56.02494500
v -43.47419100 -9.70710700 56.02494500
v -44.47338300 -9.70710700 56.02494500
v -45.46141000 -9.70710700 56.02494500
v -46.39038000 -9.70710700 56.02494500
v -39.52441800 -9.38268300 56.24171800
v -39.52441800 -9.92388000 55.70052200
v -47.68328100 -9.70710700 -41.48918500
v -47.68328100 -9.70710700 -40.23483800
v -47.68328100 -9.70710700 -39.19119900
v -47.68328100 -9.70710700 -38.18371200
v -47.68328100 -9.70710700 -37.18242800
v -47.68328100 -9.70710700 -36.18220700
v -47.68328100 -9.70710700 -35.18216900
v -47.68328100 -9.70710700 -34.18216300
v -47.68328100 -9.70710700 -33.18216200
v -47.68328100 -9.70710700 -32.18216200
v -47.68328100 -9.70710700 -31.18216100
v -47.68328100 -9.70710700 -30.18216100
v -47.68328100 -9.70710700 -29.18216100
v -47.68328100 -9.70710700 -28.18216100
v -47.68328100 -9.70710700 -27.18216100
v -47.68328100 -9.70710700 -26.18216100
v -47.68328100 -9.70710700 -25.18216100
v -47.68328100 -9.70710700 -24.18216100
v -47.68328100 -9.70710700 -23.18216100
v -47.68328100 -9.70710700 -22.18216100
v -47.68328100 -9.70710700 -21.18216100
v -47.68328100 -9.70710700 -20.18216100
v -47.68328100 -9.70710700 -19.18216100
v -47.68328100 -9.70710700 -18.18216100
v -47.68328100 -9.70710700 -17.18216100
v -47.68328100 -9.70710700 -16.18216100
v -47.68328100 -9.70710700 -15.18216100
v -47.68328100 -9.70710700 -14.18216100
v -47.68328100 -9.70710700 -13.18216100
v -47.68328100 -9.70710700 -12.18216100
v -47.68328100 -9.70710700 -11.18216100
v -47.68328100 -9.70710700 -10.18216100
v -47.68328100 -9.70710700 -9.18216100
v -47.68328100 -9.70710700 -8.18216100
v -47.68328100 -9.70710700 -7.18216100
v -47.68328100 -9.70710700 -6.18216100
v -47.68328100 -9.70710700 -5.18216100
v -47.68328100 -9.70710700 -4.18216100
v -47.68328100 -9.70710700 -3.18216100
v -47.68328100 -9.70710700 -2.18216100
v -47.68328100 -9.70710700 -1.18216100
v -47.68328100 -9.70710700 -0.18216100
v -47.68328100 -9.70710700 0.81783900
v -47.68328100 -9.70710700 1.81783900
v -47.68328100 -9.70710700 2.81783900
v -47.68328100 -9.70710700 3.81783900
v -47.68328100 -9.70710700 4.81783900
v -47.68328100 -9.70710700 5.81783900
v -47.68328100 -9.70710700 6.81783900
v -47.68328100 -9.70710700 7.81783900
v -47.68328100 -9.70710700 8.81783900
v -47.68328100 -9.70710700 9.81783900
v -47.68328100 -9.70710700 10.81783900
v -47.68328100 -9.70710700 11.81783900
v -47.68328100 -9.70710700 12.81783900
v -47.68328100 -9.70710700 13.81783900
v -47.68328100 -9.70710700 14.81783900
v -47.68328100 -9.70710700 15.81783900
v -47.68328100 -9.70710700 16.81783900
v -47.68328100 -9.70710700 17.81783900
v -47.68328100 -9.70710700 18.81783900
v -47.68328100 -9.70710700 19.81783900
v -47.68328100 -9.70710700 20.81783900
v -47.68328100 -9.70710700 21.81783900
v -47.68328100 -9.70710700 22.81783900
v -47.68328100 -9.70710700 23.81783900
v -47.68328100 -9.70710700 24.81783900
v -47.68328100 -9.70710700 25.81783900
v -47.68328100 -9.70710700 26.81783900
v -47.68328100 -9.70710700 27.81783900
v -47.68328100 -9.70710700 28.81783900
v -47.68328100 -9.70710700 29.81783900
v -47.68328100 -9.70710700 30.81783900
v -47.68328100 -9.70710700 31.81783900
v -47.68328100 -9.70710700 32.81783900
v -47.68328100 -9.70710700 33.81783900
v -47.68328100 -9.70710700 34.81783900
v -47.68328100 -9.70710700 35.81783900
v -47.68328100 -9.70710700 36.81783900
v -47.68328100 -9.70710700 37.81783900
v -47.68328100 -9.70710700 38.81783900
v -47.68328100 -9.70710700 39.81783900
v -47.68328100 -9.70710700 40.81783900
v -47.68328100 -9.70710700 41.81783900
v -47.68328100 -9.70710700 42.81783900
v -47.68328100 -9.70710700 43.81783900
v -47.68328100 -9.70710700 44.81783900
v -47.68328100 -9.70710700 45.81783900
v -47.68328100 -9.70710700 46.81783800
v -47.68328100 -9.70710700 47.81783800
v -47.68328100 -9.70710700 48.81783600
v -47.68328100 -9.70710700 49.81782600
v -47.68328100 -9.70710700 50.81776400
v -47.68328100 -9.70710700 51.81740500
v -47.68328100 -9.70710700 52.81531300
v -47.68328100 -9.70710700 53.80312000
v -47.68328100 -9.70710700 54.73205200
v -47.90005400 -9.38268300 -42.13391700
v -47.35885800 -9.92388000 -42.13391700
v -47.42727500 -0.54890000 56.08791500
v -47.42727500 -9.45110000 56.08791500
v -47.68328100 -7.80702500 56.02494500
v -47.68328100 -6.55269000 56.02494500
v -47.68328100 -5.50911200 56.02494500
v -47.68328100 -4.50198400 56.02494500
v -47.68328100 -3.50279100 56.02494500
v -47.68328100 -2.51476400 56.02494500
v -47.68328100 -1.58579400 56.02494500
v -47.35885800 -8.45175600 56.24171800
v -47.90005400 -8.45175600 55.70052200
v -42.97762200 0.00000000 49.86825800
v -42.74800600 0.00000000 -30.18623100
v -43.15464300 0.00000000 40.77560100
v -42.79486900 0.00000000 -9.22376300
v -42.79721500 0.00000000 21.85258300
v -42.96225500 0.00000000 34.73433600
v -42.95555200 0.00000000 -35.19456300
v -42.94637600 0.00000000 27.79540400
v -42.97617500 0.00000000 7.81783900
v -43.13907900 0.00000000 -25.19301400
v -42.97617500 0.00000000 -4.18216100
v -42.97617500 0.00000000 2.81783900
v -43.02707100 0.00000000 -20.21349800
v -42.97617500 0.00000000 -15.18216100
v -42.97617500 0.00000000 14.81783900
v -42.99696900 0.00000000 45.72747700
v -42.54517200 0.00000000 -38.99799900
v -43.59957300 0.00000000 11.39818200
v -42.31386700 0.00000000 31.29567400
v -42.33787600 0.00000000 -0.55024800
v -42.45392700 0.00000000 18.27484900
v -43.88242500 0.00000000 24.81783900
v -43.88242500 0.00000000 37.81783900
v -42.06992500 0.00000000 -12.18216100
v -44.11079000 0.00000000 52.45245400
v -44.19492500 0.00000000 5.31783900
v -41.75742500 0.00000000 -6.68216100
v -41.72825100 0.00000000 -22.71894700
v -41.81488500 0.00000000 -32.83275400
v -41.77709800 0.00000000 -17.80977600
v -41.87535200 0.00000000 -27.72310600
v -44.18513900 0.00000000 43.40398000
v -41.56723600 0.00000000 43.08925400
v -44.36680000 0.00000000 -27.95716100
v -44.36680000 0.00000000 -32.40716100
v -44.36680000 0.00000000 -6.95716100
v -41.66826700 0.00000000 5.00399300
v -44.30203300 0.00000000 -22.41903200
v -44.31691300 0.00000000 -17.40560100
v -41.58399000 0.00000000 52.22278000
v -41.71592700 0.00000000 38.95653700
v -41.58784700 0.00000000 23.85261000
v -44.23642200 0.00000000 -11.04346300
v -41.60100800 0.00000000 47.94885200
v -44.52183000 0.00000000 47.80589700
v -44.51225600 0.00000000 19.83072400
v -41.37868700 0.00000000 9.93081300
v -44.48453200 0.00000000 16.82815600
v -44.60053000 0.00000000 -2.06552700
v -44.51225600 0.00000000 29.80495300
v -44.56307300 0.00000000 0.76114800
v -44.47500500 0.00000000 32.85254800
v -41.44009300 0.00000000 12.83072400
v -44.56955400 0.00000000 -37.25732400
v -41.37043400 0.00000000 -37.11079100
v -44.52199700 0.00000000 -40.24048500
v -41.29602800 0.00000000 26.21489600
v -41.29602800 0.00000000 36.42078100
v -44.61700700 0.00000000 -13.62227300
v -41.35001500 0.00000000 33.22429600
v -44.67470900 0.00000000 13.26393100
v -41.37400700 0.00000000 29.35892600
v -41.39581300 0.00000000 1.25955200
v -41.29541900 0.00000000 -2.66761400
v -44.69489700 0.00000000 9.35394600
v -41.27764000 0.00000000 20.26393100
v -41.27764000 0.00000000 16.37174600
v -41.13850000 0.00000000 -40.53523500
v -44.85661200 0.00000000 39.74900600
v -44.97452800 0.00000000 22.99044900
v -45.02645300 0.00000000 26.60707100
v -44.93225700 0.00000000 35.93001000
v -41.09573700 0.00000000 -10.25099400
v -40.99473700 0.00000000 -14.17258600
v -44.90276800 0.00000000 -24.45393000
v -44.91167300 0.00000000 -34.41615100
v -44.91167300 0.00000000 -4.94817200
v -44.91167300 0.00000000 -19.41615100
v -41.04067600 0.00000000 7.05182800
v -41.03563300 0.00000000 45.05029800
v -44.91668300 0.00000000 50.54376800
v -44.78069400 0.00000000 7.33654600
v -44.80360600 0.00000000 3.37935500
v -41.01904600 0.00000000 -20.77513200
v -41.01904600 0.00000000 -4.77513200
v -41.00213800 0.00000000 -34.53794700
v -41.01904600 0.00000000 -30.77513200
v -40.93439500 0.00000000 -24.42281600
v -44.79322000 0.00000000 45.17152500
v -40.94492500 0.00000000 40.81783900
v -41.06010800 0.00000000 49.77914000
v -44.96397900 0.00000000 -30.18216100
v -45.02334100 0.00000000 -9.21846700
v -44.77833500 0.00000000 -15.51083400
v -40.96937200 0.00000000 3.11758800
v -40.75447400 0.00000000 -15.99423900
v -40.84106900 0.00000000 -8.33793800
v -45.11360600 0.00000000 41.65859400
v -40.73396900 0.00000000 22.25925600
v -45.26333400 0.00000000 -26.40824500
v -45.28666400 0.00000000 15.09409000
v -40.66719900 0.00000000 14.53897400
v -42.51780000 0.00000000 53.50303800
v -40.70656500 0.00000000 -38.68662900
v -42.87298800 0.00000000 -40.83235600
v -40.56799600 0.00000000 31.46310200
v -45.38435300 0.00000000 11.46310200
v -40.56799600 0.00000000 -0.53689800
v -40.56799600 0.00000000 18.17257500
v -40.76135700 0.00000000 53.45790500
v -40.58041500 0.00000000 -19.05644300
v -40.68248600 0.00000000 -26.30415900
v -40.68248600 0.00000000 -29.06016400
v -45.30263100 0.00000000 -38.84714300
v -40.62251200 0.00000000 34.84622600
v -40.64405200 0.00000000 27.75049600
v -45.40157600 0.00000000 53.70296600
v -40.52635900 0.00000000 11.30292300
v -45.24527900 0.00000000 31.36383100
v -45.30533000 0.00000000 -0.72807300
v -45.41368600 0.00000000 18.31866200
v -45.38713300 0.00000000 -21.03637500
v -45.30702100 0.00000000 34.33088200
v -45.30727800 0.00000000 21.32952500
v -45.30702100 0.00000000 28.30479500
v -43.05385400 0.00000000 -23.54736100
v -43.16721600 0.00000000 -18.54195800
v -43.16721600 0.00000000 -5.82236500
v -42.78513300 0.00000000 6.17763500
v -43.23137600 0.00000000 -33.52692900
v -43.17078800 0.00000000 -26.82088200
v -43.04483200 0.00000000 36.41644100
v -42.94275500 0.00000000 26.17086200
v -43.00603000 0.00000000 -13.56005600
v -42.70809400 0.00000000 44.14659800
v -42.96114300 0.00000000 20.13862500
v -42.87695300 0.00000000 16.72271200
v -42.89870100 0.00000000 -2.30629600
v -42.92664000 0.00000000 32.99289600
v -42.97777100 0.00000000 1.15984800
v -42.91294300 0.00000000 29.45398700
v -43.07539600 0.00000000 12.91296500
v -43.03940600 0.00000000 9.45398700
v -43.03213700 0.00000000 23.41430100
v -43.04374000 0.00000000 39.18668200
v -42.90861700 0.00000000 -10.81329000
v -42.91830000 0.00000000 -37.33999400
v -45.39716900 0.00000000 24.81896300
v -45.41664700 0.00000000 37.81887800
v -40.55518000 0.00000000 -12.18328600
v -42.96499400 0.00000000 47.46502100
v -40.45490400 0.00000000 46.46660200
v -45.47373400 0.00000000 49.09509500
v -45.47007300 0.00000000 -3.48479800
v -40.48227600 0.00000000 8.51520200
v -45.47046800 0.00000000 -35.87895300
v -42.98470800 0.00000000 51.37578600
v -42.97617500 0.00000000 -28.63509100
v -42.96187900 0.00000000 -31.79549700
v -42.97617500 0.00000000 4.36490900
v -42.97617500 0.00000000 -7.63509100
v -42.89432100 0.00000000 -21.81225700
v -42.96861800 0.00000000 -16.75719000
v -43.09193400 0.00000000 42.46788400
v -45.52508100 0.00000000 46.66575600
v -45.53294600 0.00000000 1.94783200
v -45.47996500 0.00000000 52.09942700
v -40.38152100 0.00000000 24.99666600
v -40.44204300 0.00000000 37.66049500
v -45.51030600 0.00000000 -12.33950500
v -40.39103800 0.00000000 -33.24957400
v -45.56131100 0.00000000 5.88525100
v -40.39103800 0.00000000 -22.11474900
v -40.35649900 0.00000000 -6.13796100
v -45.56639000 0.00000000 43.87515600
v -40.50234300 0.00000000 42.30282500
v -45.53057900 0.00000000 -28.82680900
v -45.43824200 0.00000000 -31.68218100
v -45.43824200 0.00000000 -7.68214100
v -45.59290100 0.00000000 -6.25736000
v -40.29297400 0.00000000 5.80303700
v -45.60780000 0.00000000 -23.14896500
v -45.71708600 0.00000000 -18.16124800
v -45.60065000 0.00000000 -33.11320900
v -40.34328100 0.00000000 43.76126400
v -40.36643900 0.00000000 -36.00861600
v -40.42927200 0.00000000 51.12336600
v -40.41598600 0.00000000 -17.46070100
v -43.89358600 0.00000000 18.56575300
v -43.82657000 0.00000000 31.54183600
v -42.05876300 0.00000000 11.56575300
v -43.89358600 0.00000000 -0.43424700
v -40.35732300 0.00000000 39.54707300
v -45.59502600 0.00000000 -10.45292700
v -45.45289800 0.00000000 -41.35640800
v -43.91485800 0.00000000 53.94214500
v -40.28661100 0.00000000 -27.66776800
v -42.49793400 0.00000000 24.85912500
v -42.42267900 0.00000000 37.78590400
v -43.45441500 0.00000000 -12.22344800
v -45.57817700 0.00000000 -16.75052600
v -40.32463600 0.00000000 48.58997500
v -40.37403000 0.00000000 4.29776100
v -40.29916600 0.00000000 -3.55958800
v -45.72518400 0.00000000 8.40685200
v -44.19287300 0.00000000 46.51446500
v -44.08832200 0.00000000 2.05089000
v -41.91517700 0.00000000 -19.32582300
v -41.69573400 0.00000000 -26.08963800
v -40.27166400 0.00000000 -23.53676900
v -45.68851500 0.00000000 4.51842300
v -40.31030500 0.00000000 -31.81929300
v -43.88706200 0.00000000 -38.49464900
v -44.09202500 0.00000000 49.07895800
v -40.31296700 0.00000000 30.29740100
v -45.71362700 0.00000000 10.23221800
v -40.23872200 0.00000000 -1.76778200
v -40.27438600 0.00000000 19.37671600
v -41.86596800 0.00000000 46.53320800
v -45.60043300 0.00000000 -27.45693300
v -44.09346300 0.00000000 -3.45858000
v -41.86492300 0.00000000 8.55322700
v -44.07344700 0.00000000 -35.90228400
v -40.30392300 0.00000000 23.31926300
v -42.01914000 0.00000000 -35.79329500
v -44.02338700 0.00000000 -10.08834800
v -41.92888000 0.00000000 39.91175100
v -45.68670000 0.00000000 -14.40317200
v -42.49594900 0.00000000 48.58837700
v -44.03135600 0.00000000 -20.95569700
v -44.25008600 0.00000000 20.94590600
v -44.23068300 0.00000000 33.94739900
v -44.23375600 0.00000000 28.67185500
v -40.33357700 0.00000000 2.13843200
v -40.28298500 0.00000000 -41.37227300
v -42.05437000 0.00000000 -29.28291700
v -45.58733700 0.00000000 16.04973800
v -40.36855700 0.00000000 13.57639200
v -41.70574000 0.00000000 41.65716600
v -44.12717900 0.00000000 -8.23087800
v -44.11574400 0.00000000 -29.22681600
v -44.12717900 0.00000000 -31.13344500
v -42.01327900 0.00000000 50.87275800
v -43.98078200 0.00000000 15.62852500
v -41.97156700 0.00000000 14.00715200
v -40.22208500 0.00000000 20.99872900
v -45.99574400 0.00000000 19.81353400
v -45.99574400 0.00000000 32.81353400
v -40.15693800 0.00000000 9.64383100
v -45.80776200 0.00000000 -2.35425600
v -46.09435600 0.00000000 29.83014300
v -45.78414500 0.00000000 -37.05565300
v -42.01754100 0.00000000 22.66843300
v -45.80364500 0.00000000 14.11745500
v -40.14888400 0.00000000 15.51791100
v -45.78858100 0.00000000 0.86752100
v -40.29557100 0.00000000 -37.63208900
v -40.23843700 0.00000000 52.39767900
v -45.72849200 0.00000000 47.82808900
v -44.07215200 0.00000000 8.16867500
v -41.81242800 0.00000000 -3.76370600
v -41.78003700 0.00000000 27.52726300
v -41.68471700 0.00000000 35.19921000
v -44.14371700 0.00000000 -25.32823200
v -45.95036300 0.00000000 12.61787300
v -39.98977000 0.00000000 32.59696000
v -40.00198600 0.00000000 17.01780400
v -40.17358600 0.00000000 0.67733500
v -43.99043300 0.00000000 -41.44651600
v -40.18629700 0.00000000 -9.40638100
v -40.18204600 0.00000000 -14.94985500
v -40.16423200 0.00000000 -7.33230400
v -45.76779300 0.00000000 40.58713100
v -45.78886900 0.00000000 42.65978600
v -44.24057300 0.00000000 10.60014200
v -41.60492200 0.00000000 -1.53566300
v -41.45512300 0.00000000 30.40502500
v -41.54958600 0.00000000 19.09501500
v -44.15485600 0.00000000 -14.62516200
v -44.13541900 0.00000000 14.18034100
v -41.81824500 0.00000000 15.45548300
v -45.89747300 0.00000000 -25.28852100
v -41.95704300 0.00000000 21.35787100
v -41.84796300 0.00000000 -9.33250400
v -41.84380200 0.00000000 -15.12303700
v -44.11067800 0.00000000 40.71504500
v -41.75211200 0.00000000 2.26179300
v -45.80504300 0.00000000 -39.78232300
v -40.01461500 0.00000000 28.76572100
v -40.15345700 0.00000000 26.65748800
v -40.15345700 0.00000000 35.97818900
v -41.90722000 0.00000000 -38.04113900
v -40.21095600 0.00000000 -39.73750200
v -45.91662300 0.00000000 38.77818400
v -45.98174700 0.00000000 25.73329500
v -45.89907200 0.00000000 23.82348200
v -39.98648100 0.00000000 -13.14777200
v -40.03865700 0.00000000 -11.22160300
v -45.93332600 0.00000000 36.88487100
v -41.94472700 0.00000000 -33.90136000
v -42.03809800 0.00000000 -5.52225500
v -42.01168200 0.00000000 -23.93688300
v -43.82392000 0.00000000 6.44135800
v -43.60023200 0.00000000 -39.89647200
v -43.77227100 0.00000000 44.87865100
v -41.88822600 0.00000000 -41.44378200
v -41.89874300 0.00000000 3.63565300
v -43.79306800 0.00000000 -15.96960500
v -42.41977400 0.00000000 10.44982200
v -43.53257500 0.00000000 30.44982200
v -40.05510400 0.00000000 -20.05755200
v -40.08343200 0.00000000 -25.29608700
v -40.08343200 0.00000000 -30.06823600
v -41.72079900 0.00000000 0.21041200
v -44.19987100 0.00000000 12.26310200
v -41.72856400 0.00000000 32.18727000
v -42.00281100 0.00000000 17.25822400
v -42.25546800 0.00000000 33.90035800
v -39.99913800 0.00000000 33.95693300
v -42.07032600 0.00000000 -39.93195400
v -42.20483100 0.00000000 28.69488500
v -41.68407000 0.00000000 54.20604800
v -45.88990100 0.00000000 -20.14860100
v -45.90201300 0.00000000 -22.06856900
v -45.78497500 0.00000000 35.25530800
v -45.78765200 0.00000000 22.25840200
v -45.80357000 0.00000000 27.36281500
v -44.09916600 0.00000000 42.15390300
v -42.19338000 0.00000000 -31.08609300
v -43.72150900 0.00000000 3.67103900
v -41.80147600 0.00000000 -21.40719400
v -41.85749400 0.00000000 -7.79193800
v -41.85309900 0.00000000 -16.54869900
v -44.06332800 0.00000000 25.77542100
v -41.90744400 0.00000000 -13.19782000
v -43.73468300 0.00000000 35.61019500
v -44.67606400 0.00000000 38.62878400
v -44.71971100 0.00000000 24.05193100
v -41.27628500 0.00000000 -11.37121600
v -44.68240200 0.00000000 37.04917800
v -44.20298900 0.00000000 51.31920400
v -40.11566600 0.00000000 12.23181400
v -45.80536600 0.00000000 17.46101300
v -43.71831800 0.00000000 26.99851300
v -43.69714900 0.00000000 22.58122700
v -42.14566600 0.00000000 45.05355700
v -43.80472500 0.00000000 -34.44743900
v -43.80472500 0.00000000 -19.44743900
v -42.14762400 0.00000000 7.08311600
v -44.25512500 0.00000000 -5.87937300
v -44.26233700 0.00000000 -23.39674500
v -46.00381800 0.00000000 50.71577600
v -43.06143100 0.00000000 52.42409100
v -42.70563300 0.00000000 -36.25459800
v -45.94651800 0.00000000 -34.13153800
v -40.01733000 0.00000000 6.75556700
v -45.94252700 0.00000000 -5.23503300
v -40.00235900 0.00000000 44.76847400
v -40.08581300 0.00000000 47.39290500
v -43.61419500 0.00000000 -1.58729600
v -43.65789100 0.00000000 17.49385200
v -45.97023400 0.00000000 -13.32767000
v -45.93612800 0.00000000 45.64507800
v -39.98613200 0.00000000 -34.05629100
v -45.92958600 0.00000000 6.86047500
v -39.98047000 0.00000000 -5.10526400
v -45.90859000 0.00000000 2.91105800
v -43.82667100 0.00000000 -4.86143100
v -44.29018300 0.00000000 -18.39076700
v -44.31299900 0.00000000 -33.48645900
v -41.67178700 0.00000000 6.03364200
v -44.16342200 0.00000000 -26.89076700
v -45.96754100 0.00000000 -24.01342300
v -41.59336500 0.00000000 44.12718100
v -43.70991800 0.00000000 -24.37412900
v -39.95082600 0.00000000 -21.13454200
v -41.22594300 0.00000000 48.84066900
v -46.06286900 0.00000000 52.80022100
v -44.53633700 0.00000000 -12.55413200
v -41.43923900 0.00000000 37.45477400
v -41.39482500 0.00000000 25.19078900
v -41.64866500 0.00000000 53.06666700
v -39.94570900 0.00000000 40.83018600
v -39.68135000 0.00000000 49.78873900
v -45.88125600 0.00000000 -30.18216100
v -45.99754900 0.00000000 -9.17092300
v -39.88809700 0.00000000 -18.20053600
v -43.94727400 0.00000000 50.13241200
v -42.03865400 0.00000000 -20.26853500
v -42.05312200 0.00000000 -25.04878500
v -42.33617200 0.00000000 -14.26672300
v -39.82126300 0.00000000 38.69717800
v -46.13108600 0.00000000 -11.30282200
v -40.02299200 0.00000000 54.26102900
v -44.35993700 0.00000000 -39.22737500
v -44.68080700 0.00000000 4.35337100
v -41.31414100 0.00000000 -31.75733500
v -44.61857400 0.00000000 44.19410300
v -43.70428300 0.00000000 48.26795800
v -43.07000200 0.00000000 0.17147800
v -43.07000200 0.00000000 19.17147800
v -42.17265700 0.00000000 -10.19854100
v -43.78007100 0.00000000 39.80455700
v -45.94288400 0.00000000 -15.17629100
v -44.59694600 0.00000000 34.96196900
v -44.64126800 0.00000000 27.63349400
v -39.73720400 0.00000000 -16.27253500
v -46.05708200 0.00000000 -38.18892400
v -45.69298600 0.00000000 9.33029400
v -39.98459000 0.00000000 -2.65639800
v -46.18293400 0.00000000 49.71217000
v -44.56560400 0.00000000 21.94203900
v -39.95458500 0.00000000 3.49919100
v -41.65659600 0.00000000 -39.05709800
v -41.92857000 0.00000000 49.88307400
v -42.63007200 0.00000000 -3.24516900
v -39.77727400 0.00000000 45.86945800
v -45.98805700 0.00000000 -18.99385700
v -46.17097700 0.00000000 -4.11182600
v -39.78262400 0.00000000 7.88660700
v -46.17179700 0.00000000 -35.25267500
v -39.87812900 0.00000000 21.75073300
v -46.10701800 0.00000000 30.86302900
v -46.09311100 0.00000000 -1.24128200
v -39.85923800 0.00000000 10.75871800
v -46.09311100 0.00000000 18.87695900
v -46.07462000 0.00000000 31.81297600
v -43.31101700 0.00000000 10.44114300
v -42.59207100 0.00000000 30.39153900
v -39.77377700 0.00000000 -8.43718500
v -46.04191000 0.00000000 -0.21370900
v -46.15963500 0.00000000 14.87668700
v -39.79283800 0.00000000 14.75877700
v -43.02456200 0.00000000 13.99821900
v -42.85977900 0.00000000 15.67039200
v -46.17933700 0.00000000 41.55983800
v -46.13324000 0.00000000 -26.18216100
v -39.84836800 0.00000000 -24.32399900
v -39.87302600 0.00000000 -31.00539700
v -46.16206700 0.00000000 54.49810600
v -41.43713400 0.00000000 10.86478400
v -44.46446000 0.00000000 30.95457800
v -42.73100700 0.00000000 -22.67150000
v -42.71392600 0.00000000 -17.68963500
v -43.35240600 0.00000000 -6.78244000
v -42.73100700 0.00000000 -32.67150000
v -42.50109600 0.00000000 5.24243600
v -42.69068500 0.00000000 -27.67120700
v -44.05271200 0.00000000 -30.18216200
v -39.80453500 0.00000000 36.99665700
v -39.79871500 0.00000000 25.66085700
v -43.07420100 0.00000000 54.35516300
v -41.30523500 0.00000000 4.26284500
v -43.26936600 0.00000000 43.33255000
v -46.16298300 0.00000000 44.51713600
v -46.10405500 0.00000000 33.73286300
v -46.10405500 0.00000000 20.73286300
v -46.10405500 0.00000000 28.90281400
v -44.71251900 0.00000000 -16.56028500
v -41.24250000 0.00000000 34.15569800
v -46.11415200 0.00000000 -32.24326500
v -46.11304500 0.00000000 -7.12195000
v -39.81032700 0.00000000 31.79021100
v -46.08671400 0.00000000 11.83565200
v -39.89423500 0.00000000 -0.15443800
v -39.86563500 0.00000000 17.80002500
v -39.83560000 0.00000000 42.87986100
v -45.02340100 0.00000000 52.70950400
v -40.90314800 0.00000000 -18.11253900
v -39.86225400 0.00000000 -27.04156000
v -43.69485800 0.00000000 -36.70032700
v -39.83866100 0.00000000 24.18133500
v -39.69157500 0.00000000 -38.19799500
v -41.96024900 0.00000000 -34.85761900
v -40.97734600 0.00000000 -12.97557300
v -44.96337200 0.00000000 25.59092200
v -39.93475600 0.00000000 -35.18750200
v -39.90553000 0.00000000 -28.52719400
v -44.54175000 0.00000000 54.41008100
v -41.48974700 0.00000000 -28.58162000
v -39.91096700 0.00000000 -36.68425900
v -44.65933900 0.00000000 -20.38133400
v -44.64772900 0.00000000 17.73925800
v -44.56077800 0.00000000 -1.11535900
v -43.24908600 0.00000000 -41.93533400
v -42.07353300 0.00000000 19.79016300
v -43.78881700 0.00000000 36.97222400
v -41.12592100 0.00000000 -7.33979200
v -41.13923900 0.00000000 -29.87860500
v -44.78745100 0.00000000 42.67352200
v -42.04137000 0.00000000 40.73073100
v -39.69519300 0.00000000 -19.13577100
v -39.78972600 0.00000000 20.18423900
v -43.70006900 0.00000000 32.46281000
v -42.84666900 0.00000000 11.97548700
v -41.23098500 0.00000000 23.07481600
v -44.03036800 0.00000000 -9.20131600
v -41.08983400 0.00000000 -25.43229700
v -41.15488900 0.00000000 -19.75071300
v -41.38826200 0.00000000 -27.01318400
v -41.28915500 0.00000000 -23.43067200
v -45.27462700 0.00000000 -37.93724000
v -43.27440500 0.00000000 33.89163600
v -39.88246600 0.00000000 53.23522000
v -43.70532700 0.00000000 -2.73688600
v -43.62594900 0.00000000 -26.04378600
v -43.77120700 0.00000000 7.38607200
v -42.16276600 0.00000000 -4.61978300
v -39.74461000 0.00000000 -10.19923800
v -39.76504800 0.00000000 -14.15514700
v -46.20877100 0.00000000 39.79710500
v -41.20346800 0.00000000 13.66006900
v -44.67556500 0.00000000 15.99685200
v -42.19522800 0.00000000 36.89616800
v -42.18731200 0.00000000 25.75497600
v -43.75073700 0.00000000 -13.12710100
v -46.09580100 0.00000000 -28.15470500
v -43.92408800 0.00000000 23.63072900
v -46.22660600 0.00000000 -21.18216100
v -39.72366200 0.00000000 34.81783900
v -39.75289500 0.00000000 27.76187600
v -39.86506000 0.00000000 -40.57490500
v -46.20966100 0.00000000 3.78251800
v -41.34946700 0.00000000 45.93553100
v -44.60497300 0.00000000 -4.03707400
v -41.35384000 0.00000000 7.95312700
v -44.59663200 0.00000000 -35.31487900
v -46.22342100 0.00000000 -39.03654200
v -42.43466200 0.00000000 -8.46537800
v -42.52447100 0.00000000 -15.95569700
v -42.55502300 0.00000000 -20.95260200
v -43.42432400 0.00000000 8.73351200
v -44.76469100 0.00000000 -41.89537200
v -45.25664900 0.00000000 19.28807400
v -45.22722000 0.00000000 32.39365800
v -44.76629600 0.00000000 49.61785200
v -43.78935000 0.00000000 38.73893500
v -42.16303500 0.00000000 -11.26119500
v -43.49879600 0.00000000 41.55788000
v -42.61261000 0.00000000 35.53776500
v -42.61890700 0.00000000 27.00126000
v -41.06012300 0.00000000 -41.80105300
v -41.13187700 0.00000000 28.53784500
v -42.78330800 0.00000000 -24.39302300
v -43.35275800 0.00000000 2.04244200
v -45.26419400 0.00000000 0.06533400
v -41.19662900 0.00000000 11.99070300
v -46.22102000 0.00000000 7.81132900
v -39.98712300 0.00000000 -4.15878500
v -41.10068700 0.00000000 -33.66668800
v -44.83724200 0.00000000 6.30605900
v -41.07928800 0.00000000 -5.72265300
v -42.56373600 0.00000000 -1.56612300
v -46.25455600 0.00000000 -3.18216100
v -39.69779300 0.00000000 8.81783900
v -46.25466000 0.00000000 -36.18216100
v -45.15960600 0.00000000 33.42359600
v -45.15960600 0.00000000 20.42359600
v -45.19306200 0.00000000 29.25542600
v -42.35682700 0.00000000 24.05720900
v -42.41087300 0.00000000 38.61601100
v -43.56332400 0.00000000 -11.36687400
v -44.75454500 0.00000000 -21.58306800
v -43.31016200 0.00000000 -14.40453800
v -42.60994100 0.00000000 20.94794600
v -42.21479400 0.00000000 1.48005400
v -43.70992700 0.00000000 16.45915500
v -42.24242200 0.00000000 13.17652200
v -42.30655400 0.00000000 -18.57535200
v -43.18664800 0.00000000 24.29349500
v -40.87070300 0.00000000 -32.57185600
v -45.10066900 0.00000000 5.21201000
v -46.14355400 0.00000000 -17.37919600
v -46.26452500 0.00000000 48.81783900
v -41.09119500 0.00000000 -39.61388900
v -42.11024800 0.00000000 9.35205600
v -46.25465300 0.00000000 -16.20108000
v -40.85474500 0.00000000 54.45926300
v -42.25558000 0.00000000 -26.86534100
v -43.57557400 0.00000000 53.13315300
v -43.93381100 0.00000000 1.33196700
v -43.57557500 0.00000000 -32.70368200
v -42.59734900 0.00000000 -6.47366700
v -43.35306300 0.00000000 5.48069400
v -43.54863800 0.00000000 -22.69259900
v -43.56607300 0.00000000 -17.68879000
v -43.52352200 0.00000000 -27.74666800
v -42.39499800 0.00000000 43.31261100
v -40.75737500 0.00000000 42.99666800
v -43.66678300 0.00000000 44.06588100
v -42.77462500 0.00000000 -34.27105100
v -43.99192200 0.00000000 45.81884100
v -39.80682500 0.00000000 4.97350700
v -45.18339400 0.00000000 -7.00840800
v -45.18656800 0.00000000 -32.36002700
v -43.16528800 0.00000000 25.31382200
v -42.74690100 0.00000000 -12.71481400
v -46.16564700 0.00000000 -40.69495100
v -41.01537400 0.00000000 35.60950400
v -41.01537400 0.00000000 27.02617300
v -44.85264600 0.00000000 -9.98067800
v -41.10791600 0.00000000 40.01740600
v -43.08125700 0.00000000 -38.25064900
v -39.85877100 0.00000000 51.60215000
v -39.79553600 0.00000000 30.89123400
v -39.87336600 0.00000000 -1.14234300
v -46.08306900 0.00000000 10.85624100
v -39.80509300 0.00000000 18.67453700
v -41.17097200 0.00000000 -17.06189100
v -42.78467200 0.00000000 -19.36715700
v -43.30323700 0.00000000 28.64529000
v -43.78244200 0.00000000 20.22205300
v -43.76302400 0.00000000 29.39969400
v -42.91931800 0.00000000 32.06278500
v -42.17621400 0.00000000 -31.97845500
v -43.78529600 0.00000000 4.63757000
v -39.82432100 0.00000000 -22.74933300
v -46.12802800 0.00000000 5.25066700
v -39.82432100 0.00000000 -32.61499000
v -43.42332100 0.00000000 46.59109800
v -43.86085700 0.00000000 47.28497000
v -41.06772300 0.00000000 -37.75539300
v -39.65406800 0.00000000 46.67292900
v -39.83240500 0.00000000 41.81143700
v -44.95294000 0.00000000 14.16749300
v -41.00067000 0.00000000 15.46926700
v -46.19831200 0.00000000 -29.34754700
v -46.12382600 0.00000000 -31.13265700
v -46.10774500 0.00000000 -8.18408100
v -45.26940500 0.00000000 30.34532700
v -40.67167100 0.00000000 10.50021400
v -39.75806600 0.00000000 29.76590400
v -44.81014500 0.00000000 2.45136200
v -43.05139700 0.00000000 6.97785000
v -42.85326200 0.00000000 -5.00747100
v -43.80591600 0.00000000 -21.75530300
v -43.84014900 0.00000000 -40.62001000
v -43.30690500 0.00000000 -30.98659300
v -43.30547300 0.00000000 -29.40862600
v -46.28311100 0.00000000 46.80146000
v -42.16708500 0.00000000 16.29571100
v -43.80283300 0.00000000 13.20983500
v -42.14014900 0.00000000 47.32445900
v -43.93920600 0.00000000 9.63367500
v -42.10779500 0.00000000 29.66087200
v -43.80179200 0.00000000 -37.73001600
v -42.71547100 0.00000000 39.96206500
v -43.22758300 0.00000000 -10.01911300
v -39.77367400 0.00000000 22.59298600
v -42.14755300 0.00000000 -36.88437500
v -46.26153900 0.00000000 37.82189800
v -46.24606700 0.00000000 24.80228300
v -39.70653300 0.00000000 -12.18339700
v -39.71610400 0.00000000 -26.20122600
v -46.28830400 0.00000000 1.83204600
v -42.15802700 0.00000000 4.40336200
v -43.83157800 0.00000000 -16.81934400
v -41.02119300 0.00000000 21.22838900
v -42.68382500 0.00000000 50.59430000
v -42.13421300 0.00000000 -2.51409500
v -42.82924500 0.00000000 17.55202600
v -42.14378500 0.00000000 32.91279200
v -39.71929800 0.00000000 50.74723700
v -44.88725500 0.00000000 46.09101100
v -44.97710700 0.00000000 -25.48854700
v -42.21892800 0.00000000 51.80864600
v -39.71086700 0.00000000 2.69776300
v -42.79335500 0.00000000 22.68660700
v -46.22968000 0.00000000 34.59094600
v -46.23026700 0.00000000 21.59129300
v -46.23339900 0.00000000 28.04122000
v -44.75560600 0.00000000 48.58826100
v -41.17916300 0.00000000 47.05944500
v -39.60403800 0.00000000 37.79800200
v -46.32007000 0.00000000 -12.18216100
v -39.72248400 0.00000000 -29.26540600
v -44.76252000 0.00000000 -2.97916600
v -41.18982900 0.00000000 9.02083400
v -41.24230200 0.00000000 -22.09222700
v -44.69818400 0.00000000 -36.35157000
v -41.08491100 0.00000000 50.61095000
v -44.98490900 0.00000000 -14.64100100
v -40.88205900 0.00000000 24.17762000
v -44.78606400 0.00000000 47.03169800
v -39.79181700 0.00000000 1.40314700
v -40.82965800 0.00000000 32.30374200
v -45.05904800 0.00000000 12.34656200
v -40.86015700 0.00000000 0.33137600
v -40.90261000 0.00000000 17.28486300
v -44.76736800 0.00000000 51.92196200
v -44.77007900 0.00000000 1.60704900
v -42.98425000 0.00000000 44.91169100
v -41.01792800 0.00000000 2.38059900
v -45.07755300 0.00000000 -22.58407300
v -43.34036300 0.00000000 -8.45084200
v -46.19246200 0.00000000 51.76215900
v -42.60998600 0.00000000 41.59448000
v -43.72136000 0.00000000 33.22945800
v -43.27724500 0.00000000 49.06049900
v -41.35787900 0.00000000 31.40932000
v -41.51540000 0.00000000 18.27853900
v -44.60255200 0.00000000 11.48373300
v -41.38127700 0.00000000 -0.55923200
v -44.99928500 0.00000000 -8.42401500
v -44.96043700 0.00000000 -29.41014400
v -44.95922800 0.00000000 -30.96525300
v -41.27592900 0.00000000 42.35659900
v -44.42799100 0.00000000 53.39171700
v -45.30066200 0.00000000 -1.50868200
v -42.11195500 0.00000000 12.37554300
v -45.11774300 0.00000000 -17.61766100
v -46.17541800 0.00000000 -41.87110200
v -40.85795700 0.00000000 5.24092300
v -46.24322700 0.00000000 15.65890200
v -39.70912200 0.00000000 13.97677500
v -46.25290300 0.00000000 18.05846200
v -39.69072200 0.00000000 11.58582600
v -43.77326400 0.00000000 -7.50489900
v -43.77326400 0.00000000 -28.50489900
v -43.81143600 0.00000000 -31.82625200
v -42.10763700 0.00000000 42.41299900
v -45.12377100 0.00000000 -11.55406700
v -40.82978800 0.00000000 38.44639700
v -43.84891600 0.00000000 0.38810000
v -43.85086100 0.00000000 19.37042300
v -39.68497400 0.00000000 -39.05393100
v -39.74027100 0.00000000 -6.65548200
v -46.31095000 0.00000000 -10.17822000
v -39.60278600 0.00000000 39.81783900
v -44.94793100 0.00000000 40.83816400
v -41.85686300 0.00000000 -30.20657700
v -40.97918900 0.00000000 -15.21176000
v -41.04874500 0.00000000 -9.30803000
v -45.15919500 0.00000000 -28.10816600
v -46.17737600 0.00000000 43.35895200
v -40.60490900 0.00000000 25.74413900
v -40.62706000 0.00000000 36.90217900
v -46.25005400 0.00000000 26.65087700
v -46.25005400 0.00000000 22.98480000
v -46.25005400 0.00000000 35.98480000
v -43.12496200 0.00000000 38.26493600
v -42.81770300 0.00000000 -11.76029700
v -42.21726600 0.00000000 -28.37878800
v -41.06959900 0.00000000 -35.42984700
v -41.22792900 0.00000000 -36.31069800
v -44.67606400 0.00000000 24.85342800
v -41.30578600 0.00000000 -12.27761300
v -41.01287100 0.00000000 52.57344100
v -44.66438400 0.00000000 37.82867000
v -43.38594000 0.00000000 -39.08427600
v -39.66756300 0.00000000 -17.16708800
v -42.42966100 0.00000000 -42.03347500
v -46.23828900 0.00000000 -26.96560200
v -44.88002300 0.00000000 -27.35672600
v -40.89369800 0.00000000 -3.74329700
v -44.93941100 0.00000000 8.45885400
v -41.40334600 0.00000000 -18.74721800
v -39.64132000 0.00000000 24.91892600
v -42.71869300 0.00000000 3.62232700
v -42.40406100 0.00000000 0.58525900
v -40.78881500 0.00000000 51.82266300
v -43.73784500 0.00000000 21.67227000
v -43.76859100 0.00000000 27.94891100
v -43.75849300 0.00000000 34.77976100
v -39.62569300 0.00000000 48.86305500
v -41.95812000 0.00000000 -40.69187500
v -42.34192800 0.00000000 54.62747500
v -43.86009600 0.00000000 2.77295700
v -46.18800600 0.00000000 16.64124600
v -39.69061800 0.00000000 12.95151700
v -43.75868100 0.00000000 -20.35494200
v -41.99305200 0.00000000 20.58040300
v -43.57205900 0.00000000 51.84025500
v -46.27509800 0.00000000 53.64960200
v -40.70117500 0.00000000 41.62934200
v -42.19226400 0.00000000 45.91483700
v -43.07649000 0.00000000 37.35891800
v -46.36726300 0.00000000 -33.17911700
v -46.35768600 0.00000000 -23.16573500
v -46.36659400 0.00000000 -6.18569400
v -39.58429600 0.00000000 43.81555200
v -42.37705400 0.00000000 -7.17030200
v -39.70080000 0.00000000 -41.95753500
v -46.37961800 0.00000000 -18.19067000
v -40.75947800 0.00000000 -22.79185400
v -45.21379400 0.00000000 -13.07976700
v -42.19425600 0.00000000 7.97491800
v -43.75457500 0.00000000 -35.34227100
v -41.97364100 0.00000000 26.58087000
v -41.97364100 0.00000000 36.05480800
v -46.24316400 0.00000000 13.32120900
v -39.70919300 0.00000000 16.31445500
v -44.64802700 0.00000000 -7.63458400
v -44.64824200 0.00000000 -31.72905300
v -45.04998400 0.00000000 -5.71795800
v -45.07834800 0.00000000 -23.60626600
v -39.57732800 0.00000000 5.83814500
v -45.27826900 0.00000000 -40.48000900
v -42.24557200 0.00000000 19.00963200
v -42.60155500 0.00000000 8.64759000
v -43.09587900 0.00000000 -0.79328700
v -44.11483000 0.00000000 36.33620000
v -40.60802400 0.00000000 29.54408700
v -40.70172100 0.00000000 47.92780100
v -45.27841400 0.00000000 51.33500300
v -43.09817600 0.00000000 31.15084800
v -42.84715900 0.00000000 11.16607700
v -43.81201400 0.00000000 -13.88952700
v -44.98928500 0.00000000 43.36130900
v -41.00938200 0.00000000 -6.55461800
v -43.43381800 0.00000000 -3.54910500
v -43.31239800 0.00000000 -21.02068100
v -45.24831700 0.00000000 16.82829200
v -40.66917200 0.00000000 12.87353600
v -40.84633400 0.00000000 6.26259800
v -45.13677900 0.00000000 -18.59433600
v -45.08099300 0.00000000 -33.66255100
v -46.38366500 0.00000000 -14.20093700
v -44.65100300 0.00000000 -28.67233300
v -42.23926700 0.00000000 34.65489200
v -43.39062700 0.00000000 -35.86577100
v -43.23026000 0.00000000 18.18701600
v -46.31684200 0.00000000 8.67821900
v -39.63550700 0.00000000 -3.32178100
v -39.63076800 0.00000000 -33.25703600
v -39.64641200 0.00000000 -22.02010500
v -46.31425500 0.00000000 5.92641400
v -40.85276700 0.00000000 44.30525000
v -40.57949100 0.00000000 1.37066900
v -41.06670900 0.00000000 -27.96616500
v -39.71301300 0.00000000 -5.80227500
v -45.41545900 0.00000000 44.68060000
v -39.65961800 0.00000000 -35.98167400
v -40.67505300 0.00000000 -27.15577600
v -45.55590300 0.00000000 -9.80024300
v -40.39173200 0.00000000 40.20606800
v -40.68115200 0.00000000 -36.91700800
v -42.59135000 0.00000000 2.11290400
v -40.70234500 0.00000000 -21.43778500
v -44.62785200 0.00000000 18.67207300
v -44.48976700 0.00000000 31.92821000
v -43.78045800 0.00000000 -4.04768700
v -42.65670900 0.00000000 -26.01024100
v -44.65444100 0.00000000 -41.02639400
v -44.43470600 0.00000000 -26.03191500
v -42.23053200 0.00000000 52.62458300
v -41.59828800 0.00000000 22.06062500
v -39.63980200 0.00000000 -2.00426700
v -46.31254700 0.00000000 9.99573300
v -41.65132400 0.00000000 -10.73611000
v -44.30147100 0.00000000 39.26381800
v -45.47700200 0.00000000 -16.03891400
v -40.82045800 0.00000000 30.83130500
v -45.16178600 0.00000000 10.78156400
v -40.77868200 0.00000000 -1.24799400
v -40.78637800 0.00000000 18.86318400
v -40.37797100 0.00000000 -16.74166600
v -45.41613300 0.00000000 -4.37516900
v -40.53839100 0.00000000 7.62186400
v -45.41580800 0.00000000 -34.98747800
v -44.94654100 0.00000000 10.05395100
v -40.87871500 0.00000000 -2.04409800
v -41.00580800 0.00000000 19.58172600
v -44.90960200 0.00000000 -33.00588100
v -41.58659500 0.00000000 -15.79620200
v -41.59729400 0.00000000 -8.60349300
v -40.52392700 0.00000000 45.61807300
v -39.56845800 0.00000000 20.91387600
v -40.51642000 0.00000000 33.24094100
v -42.59727700 0.00000000 46.59268300
v -44.57264600 0.00000000 -0.17718300
v -45.04304100 0.00000000 -39.72449700
v -43.69346600 0.00000000 14.95676700
v -41.50356900 0.00000000 14.62372700
v -41.36048600 0.00000000 51.37386300
v -45.44731200 0.00000000 13.30575400
v -40.50683000 0.00000000 16.32934100
v -44.36319900 0.00000000 41.41729800
v -43.72362500 0.00000000 54.64687500
v -39.69335900 0.00000000 -15.49120700
v -40.38529600 0.00000000 49.36584400
v -41.79333000 0.00000000 24.48255400
v -44.14595900 0.00000000 -11.82473500
v -41.78687800 0.00000000 38.20730200
v -45.46907100 0.00000000 -42.09744100
v -43.50486800 0.00000000 12.35191400
v -43.35644600 0.00000000 20.96323100
v -42.26537300 0.00000000 14.67086700
v -44.43438000 0.00000000 15.02457700
v -44.88964100 0.00000000 -6.36405200
v -41.02280500 0.00000000 43.65592300
v -46.45340400 0.00000000 40.81783900
v -39.49871300 0.00000000 -9.18216100
v -45.44997500 0.00000000 49.95741900
v -39.54695400 0.00000000 -41.23966500
v -45.39600000 0.00000000 54.70690900
v -45.50994900 0.00000000 7.74988500
v -45.35266900 0.00000000 -13.76465100
v -40.56470700 0.00000000 20.36535100
v -39.61755800 0.00000000 4.08122700
v -39.68744100 0.00000000 33.20801700
v -42.36297800 0.00000000 39.32660900
v -43.59186700 0.00000000 -10.66621800
v -40.63789600 0.00000000 -2.95389800
v -43.71792500 0.00000000 -15.23311800
v -40.39337300 0.00000000 50.23587900
v -41.13846200 0.00000000 39.34366300
v -44.81522100 0.00000000 -10.65614400
v -42.15734700 0.00000000 -22.14608000
v -42.24996300 0.00000000 -23.20169000
v -42.47984600 0.00000000 -33.34189000
v -42.23846800 0.00000000 -17.15199700
v -42.08249600 0.00000000 23.33712700
v -42.84197800 0.00000000 -39.63851200
v -45.48404900 0.00000000 3.82611700
v -43.45994100 0.00000000 50.88332000
v -39.66878400 0.00000000 -27.85400200
v -40.39925100 0.00000000 -42.09903700
v -43.76726300 0.00000000 42.78391900
v -39.70151900 0.00000000 48.09635200
v -44.56892100 0.00000000 -38.27415700
v -42.15107400 0.00000000 2.92801700
v -39.49895700 0.00000000 54.74251400
v -39.57827500 0.00000000 -37.30939600
v -44.21399800 0.00000000 8.86973200
v -39.47694800 0.00000000 53.81783900
v -42.97617500 -10.00000000 -35.18216100
v -43.20434300 -10.00000000 -30.18623100
v -42.92197000 -10.00000000 49.81653100
v -43.16133200 -10.00000000 22.74364000
v -43.10415700 -10.00000000 41.74839600
v -43.11757800 -10.00000000 -9.00915700
v -43.13644300 -10.00000000 27.83445400
v -42.93803300 -10.00000000 34.76743500
v -42.97617500 -10.00000000 16.81783900
v -42.96836400 -10.00000000 -25.19481300
v -42.95447000 -10.00000000 6.61269000
v -43.16133200 -10.00000000 -3.25636000
v -42.93805800 -10.00000000 1.71397500
v -42.97695200 -10.00000000 11.82363500
v -42.94624600 -10.00000000 -20.26167000
v -42.97617500 -10.00000000 -15.18216100
v -42.98577000 -10.00000000 45.85082600
v -43.25900400 -10.00000000 -39.19419700
v -43.59957300 -10.00000000 38.23749500
v -43.63042600 -10.00000000 31.32085500
v -42.06992500 -10.00000000 19.81783900
v -43.82355500 -10.00000000 -12.24267100
v -42.12495700 -10.00000000 -6.12256900
v -44.15559300 -10.00000000 52.28487800
v -41.69464900 -10.00000000 9.34243900
v -41.83408800 -10.00000000 25.35074400
v -44.17081800 -10.00000000 -22.71257600
v -44.22314800 -10.00000000 -32.70755200
v -41.80299800 -10.00000000 -0.76915600
v -44.19492500 -10.00000000 4.31783900
v -44.17525100 -10.00000000 -17.80977600
v -44.17265400 -10.00000000 14.27815800
v -44.07699700 -10.00000000 -27.72310600
v -41.58555000 -10.00000000 -27.95716100
v -44.31691300 -10.00000000 25.04127800
v -41.58555000 -10.00000000 -17.40716100
v -44.30540200 -10.00000000 -0.95560000
v -41.58555000 -10.00000000 -32.40716100
v -41.64299800 -10.00000000 14.58425400
v -44.36680000 -10.00000000 9.04283900
v -41.66692100 -10.00000000 4.01133800
v -41.65031600 -10.00000000 -22.94529100
v -41.59893500 -10.00000000 52.10115600
v -44.45514200 -10.00000000 -7.09850900
v -44.45514200 -10.00000000 18.90149100
v -41.49720700 -10.00000000 -11.26581400
v -41.45244100 -10.00000000 47.80581200
v -41.45244100 -10.00000000 43.82986500
v -44.40685400 -10.00000000 44.05868000
v -44.38809100 -10.00000000 47.57128700
v -41.50110500 -10.00000000 36.80801200
v -41.35297400 -10.00000000 29.94267100
v -41.44851000 -10.00000000 32.94229800
v -41.46444800 -10.00000000 39.85408300
v -41.38279500 -10.00000000 -37.25732400
v -44.58191500 -10.00000000 -37.11079100
v -41.43035200 -10.00000000 -40.24048500
v -44.61251000 -10.00000000 21.11243700
v -44.61700700 -10.00000000 -4.74205000
v -41.33534200 -10.00000000 -13.62227300
v -44.62234100 -10.00000000 40.27986800
v -44.70279900 -10.00000000 29.34723400
v -44.67470900 -10.00000000 36.37174600
v -44.67470900 -10.00000000 33.26393100
v -44.80637700 -10.00000000 -40.53693000
v -41.09573700 -10.00000000 21.74900600
v -40.87485700 -10.00000000 -8.10091800
v -45.07749200 -10.00000000 -10.26340500
v -41.09573700 -10.00000000 -4.25099400
v -40.98373700 -10.00000000 17.96163800
v -44.95761200 -10.00000000 -14.17258600
v -41.04067600 -10.00000000 6.05182800
v -41.04067600 -10.00000000 -34.41615100
v -44.91167300 -10.00000000 11.05182800
v -41.04958100 -10.00000000 -20.91039300
v -44.92698200 -10.00000000 26.99122000
v -44.91167300 -10.00000000 1.05182800
v -41.04067600 -10.00000000 -25.94817200
v -41.04067600 -10.00000000 12.58384900
v -44.93284800 -10.00000000 50.58391600
v -41.15867300 -10.00000000 45.82620600
v -44.94617700 -10.00000000 -34.54205500
v -44.93330300 -10.00000000 -30.77513200
v -41.01904600 -10.00000000 27.22486800
v -44.93330300 -10.00000000 -20.77513200
v -44.93330300 -10.00000000 6.22486800
v -41.01904600 -10.00000000 1.22486800
v -44.93330300 -10.00000000 -24.58919100
v -44.93330300 -10.00000000 16.22486800
v -40.97595700 -10.00000000 -30.18216100
v -41.16292300 -10.00000000 49.68827400
v -41.08494100 -10.00000000 34.95068500
v -41.19573600 -10.00000000 41.82053400
v -45.00349100 -10.00000000 45.81783900
v -45.09190700 -10.00000000 23.06999000
v -41.17467200 -10.00000000 -15.51149700
v -45.04623100 -10.00000000 -2.79965900
v -40.84106900 -10.00000000 23.66206200
v -40.84106900 -10.00000000 -2.33793800
v -45.19787600 -10.00000000 -15.99423900
v -40.78489100 -10.00000000 -19.07069100
v -45.28512900 -10.00000000 42.09634700
v -42.46397700 -10.00000000 53.62611600
v -45.24578400 -10.00000000 -38.68662900
v -40.74100000 -10.00000000 7.75174000
v -45.29905500 -10.00000000 2.85553900
v -45.31297100 -10.00000000 12.86827700
v -40.60021300 -10.00000000 10.82754400
v -43.03437000 -10.00000000 -41.03665300
v -45.38435300 -10.00000000 38.17257500
v -45.25191400 -10.00000000 31.70424300
v -40.76135700 -10.00000000 53.45790500
v -40.64303200 -10.00000000 16.17627700
v -45.38824500 -10.00000000 -19.05964400
v -45.35193500 -10.00000000 -26.28657000
v -45.26986300 -10.00000000 -29.06016400
v -40.64971800 -10.00000000 -38.84714300
v -40.55148400 -10.00000000 -9.63739500
v -45.40086500 -10.00000000 -8.72692800
v -45.39971300 -10.00000000 53.70125100
v -40.57926300 -10.00000000 38.39542500
v -40.55752400 -10.00000000 31.34045800
v -45.35517000 -10.00000000 34.81783900
v -40.56521600 -10.00000000 -24.32794800
v -43.23313000 -10.00000000 10.17257500
v -42.68411400 -10.00000000 -21.83931400
v -42.78951800 -10.00000000 -33.56972700
v -43.16721600 -10.00000000 0.17763500
v -43.20915900 -10.00000000 26.16644700
v -42.78513300 -10.00000000 -18.54195800
v -42.79710400 -10.00000000 5.22271500
v -42.78513300 -10.00000000 13.45804200
v -42.78513300 -10.00000000 -26.82236500
v -43.00603000 -10.00000000 21.19573300
v -42.94631900 -10.00000000 -13.56005600
v -43.00603000 -10.00000000 -4.80426700
v -43.11327200 -10.00000000 40.04779700
v -43.07539600 -10.00000000 36.72271200
v -43.07813100 -10.00000000 33.18956300
v -43.03859600 -10.00000000 29.63032300
v -40.49912800 -10.00000000 2.87059900
v -45.44444700 -10.00000000 7.87328400
v -42.90682500 -10.00000000 -7.56622900
v -42.90682500 -10.00000000 18.43377100
v -43.04552400 -10.00000000 -10.79809400
v -43.03404900 -10.00000000 -37.33999400
v -40.55518000 -10.00000000 19.81896300
v -40.55518000 -10.00000000 -6.18103700
v -45.39716900 -10.00000000 -12.18328600
v -42.97891700 -10.00000000 48.23277700
v -42.98489700 -10.00000000 43.40213100
v -40.48188100 -10.00000000 -35.87895300
v -45.51251100 -10.00000000 17.70831300
v -42.98470800 -10.00000000 51.37578600
v -45.51017900 -10.00000000 49.15233000
v -43.02073200 -10.00000000 24.40172300
v -42.97617500 -10.00000000 -28.63509100
v -42.98373100 -10.00000000 -16.75719000
v -42.98890700 -10.00000000 -23.59320700
v -42.97617500 -10.00000000 8.36490900
v -42.97617500 -10.00000000 -31.72923200
v -43.02073200 -10.00000000 -1.59827700
v -43.03708500 -10.00000000 3.41878600
v -42.97617500 -10.00000000 15.27076800
v -40.42380500 -10.00000000 28.68718300
v -45.51388000 -10.00000000 51.99927000
v -45.51030600 -10.00000000 19.97518200
v -45.51030600 -10.00000000 -6.02481800
v -40.44204300 -10.00000000 -12.33950500
v -45.56515400 -10.00000000 -33.27604800
v -40.39103800 -10.00000000 25.88525100
v -45.56131100 -10.00000000 -22.11474900
v -45.61561800 -10.00000000 14.85509000
v -40.36226200 -10.00000000 -0.11603500
v -45.55364300 -10.00000000 4.79074000
v -40.51410700 -10.00000000 -28.68214100
v -40.51410700 -10.00000000 -31.68218100
v -45.65948800 -10.00000000 25.80106900
v -40.30207400 -10.00000000 4.76781400
v -40.34239200 -10.00000000 -27.27434700
v -45.65874800 -10.00000000 -0.20499100
v -45.58270700 -10.00000000 9.75026100
v -40.34454900 -10.00000000 -22.21535800
v -40.27046600 -10.00000000 13.80285800
v -40.35944800 -10.00000000 -33.10696300
v -45.58591000 -10.00000000 -36.00861600
v -40.42927200 -10.00000000 51.12336600
v -45.53636300 -10.00000000 -17.46070100
v -42.08793700 -10.00000000 31.55937500
v -42.05876300 -10.00000000 38.06992400
v -45.61497200 -10.00000000 28.23695300
v -40.49945100 -10.00000000 -41.35640800
v -43.91628100 -10.00000000 53.92909700
v -40.29166700 -10.00000000 9.18918200
v -45.66573800 -10.00000000 -27.66776800
v -43.45441500 -10.00000000 19.85912500
v -43.45441500 -10.00000000 -6.14087500
v -42.49793400 -10.00000000 -12.22344800
v -40.37652800 -10.00000000 -16.72382000
v -45.57817700 -10.00000000 24.38620300
v -45.57817700 -10.00000000 -1.61379700
v -40.32375400 -10.00000000 43.04454500
v -40.32375400 -10.00000000 48.59113200
v -40.31883700 -10.00000000 47.03138400
v -40.31883700 -10.00000000 44.60429300
v -45.65437600 -10.00000000 44.58867800
v -45.60448700 -10.00000000 47.09868800
v -40.31886500 -10.00000000 36.07123600
v -40.30322900 -10.00000000 33.62719000
v -40.30322900 -10.00000000 40.62719000
v -44.09011100 -10.00000000 17.51098000
v -41.80883900 -10.00000000 28.50273300
v -44.10871900 -10.00000000 7.58024700
v -41.80908300 -10.00000000 2.59665000
v -43.93613700 -10.00000000 -26.12520000
v -43.93613700 -10.00000000 -19.23912300
v -45.64204400 -10.00000000 -31.81929300
v -45.64204400 -10.00000000 -23.54502900
v -42.06528700 -10.00000000 -38.49464900
v -45.70501700 -10.00000000 30.20904200
v -45.63938200 -10.00000000 39.33827600
v -44.10361500 -10.00000000 49.10153700
v -41.87159400 -10.00000000 -35.90412100
v -44.00672400 -10.00000000 -35.76294000
v -42.00671500 -10.00000000 10.96603500
v -43.94301500 -10.00000000 12.67318200
v -45.64808300 -10.00000000 22.04293700
v -40.26564900 -10.00000000 -14.40317200
v -45.68670000 -10.00000000 -3.96115100
v -41.97096500 -10.00000000 -10.03475500
v -43.98138400 -10.00000000 -8.32956800
v -41.92099300 -10.00000000 -24.40862600
v -42.49534700 -10.00000000 44.61624600
v -42.53379500 -10.00000000 47.00001300
v -45.66811900 -10.00000000 -41.37255600
v -43.89797900 -10.00000000 -29.28291700
v -45.56559100 -10.00000000 43.10946600
v -45.73609900 -10.00000000 -7.30204000
v -40.21625000 -10.00000000 -11.06228300
v -44.04349000 -10.00000000 28.16626700
v -41.82517000 -10.00000000 -31.13344500
v -41.82517000 -10.00000000 -29.23087800
v -44.05482600 -10.00000000 44.80214100
v -44.05107300 -10.00000000 46.83239400
v -41.87519200 -10.00000000 50.77381300
v -41.87201300 -10.00000000 35.57572600
v -41.92314600 -10.00000000 40.99716800
v -41.96055000 -10.00000000 34.01566900
v -41.97311600 -10.00000000 42.79175800
v -42.01896400 -10.00000000 48.96444400
v -40.16820400 -10.00000000 -37.05565300
v -43.81891200 -10.00000000 42.68865000
v -45.74491500 -10.00000000 40.96364900
v -40.12752700 -10.00000000 29.68007600
v -45.65677800 -10.00000000 -37.63208900
v -42.00091500 -10.00000000 7.74507100
v -43.76694000 -10.00000000 2.74900500
v -40.23843700 -10.00000000 52.39767900
v -44.23592900 -10.00000000 35.24982100
v -41.82446300 -10.00000000 -20.04684900
v -42.11012500 -10.00000000 16.08809700
v -45.96456200 -10.00000000 37.04145300
v -45.82126900 -10.00000000 32.52905400
v -40.28179500 -10.00000000 -18.17768900
v -41.94555000 -10.00000000 -41.45252600
v -40.18629700 -10.00000000 22.59361900
v -45.77030300 -10.00000000 -14.94985500
v -40.18629700 -10.00000000 -3.40638100
v -40.22254200 -10.00000000 24.56721800
v -40.16423200 -10.00000000 -1.33230400
v -44.51566300 -10.00000000 39.19064600
v -44.31560300 -10.00000000 30.61196200
v -43.96409100 -10.00000000 22.28242600
v -44.08655200 -10.00000000 -3.72392600
v -41.79754900 -10.00000000 -14.62521800
v -43.97720800 -10.00000000 41.28385800
v -40.06857300 -10.00000000 -20.09217600
v -41.84361300 -10.00000000 22.73141800
v -41.84361300 -10.00000000 -3.26858200
v -44.10854700 -10.00000000 -15.12303700
v -40.14730600 -10.00000000 -39.78232300
v -40.19634300 -10.00000000 15.18433700
v -44.03567900 -10.00000000 -38.05365200
v -45.74075800 -10.00000000 -39.73764600
v -40.00091000 -10.00000000 20.77498300
v -45.96586800 -10.00000000 -13.14777200
v -40.00230000 -10.00000000 -7.12393800
v -40.01958500 -10.00000000 18.87886800
v -40.00091000 -10.00000000 -5.22501700
v -45.95004900 -10.00000000 -11.24038400
v -43.79536300 -10.00000000 -21.07749000
v -41.92358500 -10.00000000 26.51044700
v -43.95354600 -10.00000000 -33.87208100
v -42.19500700 -10.00000000 0.88827500
v -43.95354600 -10.00000000 5.50775800
v -40.08773500 -10.00000000 6.80035900
v -45.86967500 -10.00000000 1.85304400
v -45.85491900 -10.00000000 11.87930900
v -40.08980900 -10.00000000 11.82349700
v -42.36286800 -10.00000000 -39.80246000
v -44.08612600 -10.00000000 -41.47761500
v -45.93934600 -10.00000000 18.78923400
v -40.17621700 -10.00000000 37.30505400
v -40.17119400 -10.00000000 32.34076600
v -40.14970700 -10.00000000 39.38322200
v -43.73097000 -10.00000000 -2.34467000
v -43.73097000 -10.00000000 23.65533000
v -42.15937500 -10.00000000 -15.96966000
v -40.15043500 -10.00000000 17.17568800
v -42.41977400 -10.00000000 39.18585500
v -45.86891700 -10.00000000 -20.06823600
v -45.86891700 -10.00000000 -25.29608700
v -45.86891700 -10.00000000 -30.06823600
v -44.20710400 -10.00000000 37.39606500
v -44.22378500 -10.00000000 32.18727000
v -45.91146600 -10.00000000 13.90435800
v -46.04187100 -10.00000000 3.80909600
v -44.00696800 -10.00000000 -39.89418100
v -40.13062300 -10.00000000 -8.75049000
v -45.82172600 -10.00000000 -9.61383300
v -43.80041200 -10.00000000 33.98666800
v -45.98167800 -10.00000000 33.94067700
v -46.04750800 -10.00000000 35.66758300
v -41.68407000 -10.00000000 54.20604800
v -40.06244800 -10.00000000 -25.21572200
v -40.05033600 -10.00000000 -23.29575400
v -45.92939600 -10.00000000 6.87700900
v -40.01408100 -10.00000000 1.84491300
v -43.75692700 -10.00000000 -31.07662700
v -44.09927500 -10.00000000 15.45133300
v -43.69974600 -10.00000000 -24.30011600
v -41.70085100 -10.00000000 24.25066300
v -44.09925000 -10.00000000 -16.54869900
v -41.69567000 -10.00000000 -1.76932000
v -41.93430000 -10.00000000 -5.20962300
v -41.92643800 -10.00000000 20.78186400
v -44.03889800 -10.00000000 -13.20399500
v -41.23095100 -10.00000000 19.05354500
v -44.83152800 -10.00000000 -11.33719500
v -41.11842700 -10.00000000 -7.02693900
v -43.79246700 -10.00000000 50.59236500
v -41.94690500 -10.00000000 -8.95167200
v -44.06776000 -10.00000000 -9.45027300
v -42.17268600 -10.00000000 17.59281000
v -45.94035000 -10.00000000 16.83288900
v -41.69745200 -10.00000000 -33.48639600
v -43.90653200 -10.00000000 27.15465500
v -42.14762400 -10.00000000 -25.91688400
v -42.14527400 -10.00000000 12.52491200
v -42.14762400 -10.00000000 6.08311600
v -44.28648800 -10.00000000 0.03196300
v -44.24611100 -10.00000000 10.10722000
v -41.65938600 -10.00000000 -21.97077100
v -46.00817400 -10.00000000 50.72422800
v -42.57998300 -10.00000000 52.40544100
v -43.24671600 -10.00000000 -36.25459800
v -40.00976400 -10.00000000 -34.12919900
v -45.96014200 -10.00000000 26.70695300
v -46.07343900 -10.00000000 8.81996900
v -39.82261400 -10.00000000 3.85348100
v -42.32701700 -10.00000000 30.42539800
v -39.83241000 -10.00000000 -13.48585300
v -45.93975400 -10.00000000 20.97784700
v -46.11993900 -10.00000000 -4.87847000
v -45.97187900 -10.00000000 -34.25905900
v -39.93827900 -10.00000000 26.90319100
v -45.93868200 -10.00000000 48.04049300
v -42.12567800 -10.00000000 -34.50289100
v -43.82667100 -10.00000000 11.13856900
v -43.82648800 -10.00000000 1.12166100
v -41.67071200 -10.00000000 5.03537800
v -41.66353900 -10.00000000 13.60278200
v -44.31290600 -10.00000000 26.02640800
v -41.64173600 -10.00000000 -26.87730500
v -41.76708900 -10.00000000 -18.49033500
v -39.98676400 -10.00000000 -21.35323900
v -42.18035800 -10.00000000 -20.94094000
v -46.00152300 -10.00000000 -21.13454200
v -46.06744800 -10.00000000 52.78566800
v -44.53534000 -10.00000000 20.17548900
v -44.51520300 -10.00000000 -5.81392400
v -41.43714600 -10.00000000 -12.55039900
v -41.34663800 -10.00000000 46.93242800
v -41.47051400 -10.00000000 44.86151900
v -41.66060100 -10.00000000 53.04864300
v -39.66023600 -10.00000000 45.81783900
v -39.97697600 -10.00000000 5.62645700
v -39.98146600 -10.00000000 12.97589300
v -45.95915000 -10.00000000 10.63237800
v -45.97164700 -10.00000000 0.63623400
v -45.67347200 -10.00000000 29.29011300
v -39.68123600 -10.00000000 49.78884000
v -40.06932000 -10.00000000 -30.18216100
v -39.65635500 -10.00000000 34.81783900
v -39.65708400 -10.00000000 41.82026700
v -46.06658200 -10.00000000 -18.20099300
v -44.45048700 -10.00000000 51.33255400
v -46.29961600 -10.00000000 45.81783900
v -42.38699900 -10.00000000 21.86700300
v -42.38830900 -10.00000000 -4.13157800
v -43.61517600 -10.00000000 -14.26775200
v -40.02299200 -10.00000000 54.26102900
v -41.57557600 -10.00000000 -39.24813000
v -44.63820800 -10.00000000 -31.75733500
v -44.63820800 -10.00000000 -23.60698800
v -43.91436300 -10.00000000 16.68314600
v -41.99509200 -10.00000000 45.96762500
v -43.89010700 -10.00000000 6.65554200
v -43.39699000 -10.00000000 28.75094000
v -41.34550900 -10.00000000 0.25481100
v -44.60684000 -10.00000000 -21.74518900
v -42.97093300 -10.00000000 32.16890600
v -46.12752200 -10.00000000 22.86793800
v -40.01073400 -10.00000000 -15.17752500
v -45.97637100 -10.00000000 -3.18130300
v -41.40996500 -10.00000000 16.91791600
v -44.61026400 -10.00000000 12.04403300
v -41.33752500 -10.00000000 11.61085000
v -46.06535200 -10.00000000 5.76677400
v -39.88699700 -10.00000000 0.76677400
v -39.89986900 -10.00000000 9.93803400
v -46.21514500 -10.00000000 -16.27253500
v -39.89526700 -10.00000000 -38.18892400
v -42.03942100 -10.00000000 27.62112500
v -44.26950100 -10.00000000 -39.08944100
v -46.19026500 -10.00000000 49.73334800
v -43.32079200 -10.00000000 35.75490900
v -39.97912300 -10.00000000 -26.38186400
v -39.78120800 -10.00000000 -35.25228500
v -43.46544900 -10.00000000 39.26222600
v -39.77377700 -10.00000000 -2.43718500
v -39.78349500 -10.00000000 23.54606900
v -45.95969700 -10.00000000 15.68119200
v -39.83285000 -10.00000000 30.80348300
v -46.28132400 -10.00000000 41.69553500
v -40.00907300 -10.00000000 27.90519200
v -43.96992400 -10.00000000 -20.12255000
v -39.76225200 -10.00000000 -18.98117300
v -46.07932300 -10.00000000 -31.00539700
v -46.07932300 -10.00000000 -24.35892600
v -46.16175700 -10.00000000 54.49782000
v -41.47430600 -10.00000000 38.82633800
v -42.46175000 -10.00000000 -32.64069700
v -42.66348500 -10.00000000 9.33489800
v -42.71833700 -10.00000000 -0.68535800
v -42.53996500 -10.00000000 4.23536700
v -43.26702300 -10.00000000 -22.68977700
v -42.73100700 -10.00000000 25.30717700
v -43.24484900 -10.00000000 14.31011700
v -43.23842300 -10.00000000 -17.68963500
v -43.26225900 -10.00000000 -27.67145400
v -41.89665600 -10.00000000 -30.18267000
v -39.84092500 -10.00000000 -10.31613300
v -46.11142400 -10.00000000 -8.04819000
v -43.07420100 -10.00000000 54.35516300
v -44.71849100 -10.00000000 -25.63154500
v -41.37024900 -10.00000000 6.88111800
v -44.56132500 -10.00000000 2.09027400
v -43.49844600 -10.00000000 44.21475200
v -43.49415600 -10.00000000 47.42703700
v -44.69258800 -10.00000000 24.04410200
v -44.68544000 -10.00000000 -1.93921400
v -44.04508100 -10.00000000 -10.54246700
v -41.91486200 -10.00000000 -7.82790600
v -41.24646500 -10.00000000 -16.53448300
v -39.83930400 -10.00000000 -32.24237300
v -39.83686800 -10.00000000 -28.12437700
v -46.14202200 -10.00000000 37.84546600
v -46.16934500 -10.00000000 31.78263200
v -45.03774200 -10.00000000 52.70665000
v -45.05001000 -10.00000000 -18.11269800
v -46.10182000 -10.00000000 -27.03904800
v -44.90427800 -10.00000000 3.86727800
v -44.95704400 -10.00000000 13.74604100
v -41.48704500 -10.00000000 8.41602500
v -40.83946600 -10.00000000 9.77649000
v -42.25710100 -10.00000000 -36.69989500
v -39.92369600 -10.00000000 8.34706500
v -46.26077400 -10.00000000 -38.19799500
v -39.77903900 -10.00000000 47.81345800
v -39.77903900 -10.00000000 43.82221900
v -43.99123000 -10.00000000 -34.84629800
v -41.01205600 -10.00000000 20.60263600
v -44.97439000 -10.00000000 -12.97620400
v -40.99763400 -10.00000000 -5.39929000
v -46.21628500 -10.00000000 2.82700500
v -46.20634100 -10.00000000 12.85752400
v -45.95473900 -10.00000000 -35.22019000
v -46.04681900 -10.00000000 -28.52719400
v -44.59840500 -10.00000000 54.40593700
v -44.46260200 -10.00000000 -28.58162000
v -43.44204300 -10.00000000 53.12272500
v -39.82984500 -10.00000000 15.93422500
v -46.04138200 -10.00000000 -36.68425900
v -41.29301000 -10.00000000 -24.98298900
v -41.37837900 -10.00000000 30.89510000
v -42.10616500 -10.00000000 29.34000400
v -42.71465600 -10.00000000 -41.92022000
v -41.08427800 -10.00000000 24.69025000
v -41.09366200 -10.00000000 -1.33164700
v -44.81311000 -10.00000000 -29.87860500
v -46.25521900 -10.00000000 -19.13863900
v -42.84752400 -10.00000000 37.65977300
v -44.52070200 -10.00000000 -26.82802500
v -40.67772200 -10.00000000 -37.93724000
v -39.88246600 -10.00000000 53.23522000
v -42.34815700 -10.00000000 -19.33994000
v -39.74461000 -10.00000000 21.80076200
v -39.74461000 -10.00000000 -4.19923800
v -46.18730100 -10.00000000 -14.15514700
v -44.66002600 -10.00000000 43.03816000
v -43.75008300 -10.00000000 20.74375000
v -42.20412800 -10.00000000 -13.12665600
v -43.74822100 -10.00000000 -5.23766700
v -41.25220200 -10.00000000 15.29733000
v -42.01734800 -10.00000000 18.63118800
v -39.72574300 -10.00000000 -24.18216100
v -46.16781500 -10.00000000 40.12440300
v -46.08672100 -10.00000000 -40.57503400
v -41.94610000 -10.00000000 1.84904100
v -43.91666300 -10.00000000 3.57574700
v -41.34847700 -10.00000000 -35.32651300
v -39.72892800 -10.00000000 -39.03654200
v -42.49461400 -10.00000000 23.67838500
v -42.49408500 -10.00000000 -2.32365400
v -43.42787800 -10.00000000 -15.95569700
v -41.18493000 -10.00000000 -41.89637300
v -44.82928900 -10.00000000 7.17667300
v -39.71056400 -10.00000000 38.03566700
v -39.76910200 -10.00000000 10.93871100
v -44.77096300 -10.00000000 34.14772300
v -42.03900800 -10.00000000 49.94968900
v -46.26734100 -10.00000000 34.81235500
v -44.90980900 -10.00000000 -41.80009400
v -44.61075900 -10.00000000 49.69564600
v -44.82984000 -10.00000000 -19.73234700
v -42.75775300 -10.00000000 26.96117100
v -43.19459600 -10.00000000 5.96117100
v -41.23272400 -10.00000000 32.11637900
v -41.22930700 -10.00000000 37.62020100
v -42.63305700 -10.00000000 -8.30702500
v -43.38675900 -10.00000000 -9.92514400
v -44.81298500 -10.00000000 5.05102700
v -41.20784500 -10.00000000 26.08231700
v -44.79924500 -10.00000000 -33.45854800
v -43.31937900 -10.00000000 30.47018800
v -39.69768900 -10.00000000 -36.18216100
v -42.24672500 -10.00000000 36.22359200
v -43.56636300 -10.00000000 19.04463300
v -43.13760000 -10.00000000 -11.79198600
v -43.60841800 -10.00000000 -6.93119700
v -43.72552300 -10.00000000 40.46965500
v -44.84652900 -10.00000000 17.15541500
v -41.19780400 -10.00000000 -23.78125500
v -42.64213000 -10.00000000 -14.40460400
v -43.31297500 -10.00000000 -4.06733500
v -43.28822100 -10.00000000 21.93365200
v -43.65394000 -10.00000000 -18.58633400
v -42.81524100 -10.00000000 -6.55714500
v -42.33390400 -10.00000000 -11.45477500
v -42.76570100 -10.00000000 19.29349500
v -45.11120000 -10.00000000 -32.57445000
v -45.05414700 -10.00000000 -22.82235100
v -46.14084300 -10.00000000 24.98407700
v -46.14076800 -10.00000000 -1.01654100
v -46.20775200 -10.00000000 27.73916400
v -42.31378700 -10.00000000 10.21767600
v -43.62755300 -10.00000000 13.41762100
v -39.70189500 -10.00000000 -16.20418300
v -44.86775600 -10.00000000 -39.61362700
v -41.02858600 -10.00000000 -10.53554400
v -44.92237400 -10.00000000 -7.82824400
v -46.25465300 -10.00000000 -2.16324300
v -46.25465300 -10.00000000 23.83675700
v -42.24581400 -10.00000000 -0.02675900
v -43.63972900 -10.00000000 -21.90920400
v -40.85474500 -10.00000000 54.45926300
v -44.62774000 -10.00000000 8.18907300
v -41.28649900 -10.00000000 3.22918900
v -46.15356200 -10.00000000 43.81633000
v -43.61183600 -10.00000000 -26.86612900
v -43.35839400 -10.00000000 -32.85167700
v -43.57745600 -10.00000000 25.32272400
v -42.38664500 -10.00000000 14.31275900
v -43.56958500 -10.00000000 9.32730200
v -43.56958600 -10.00000000 -0.67495200
v -42.37593400 -10.00000000 -22.64885500
v -42.39315200 -10.00000000 -27.69712400
v -43.35500000 -10.00000000 4.52633300
v -42.39095600 -10.00000000 -17.69739000
v -44.98657600 -10.00000000 -9.36325700
v -40.97823600 -10.00000000 -9.00859100
v -41.00065200 -10.00000000 40.76241400
v -41.17590700 -10.00000000 35.98214500
v -41.09772600 -10.00000000 33.96727500
v -43.14930200 -10.00000000 -34.36441700
v -39.65763400 -10.00000000 2.84093400
v -46.27992600 -10.00000000 7.84118800
v -43.24014200 -10.00000000 17.63862100
v -40.76400800 -10.00000000 -28.00872200
v -40.76895500 -10.00000000 -32.35591500
v -43.84825800 -10.00000000 -25.28062100
v -42.76821100 -10.00000000 20.33265400
v -42.74690100 -10.00000000 -5.64950900
v -43.15576700 -10.00000000 -12.70290300
v -39.78670200 -10.00000000 -40.69495100
v -39.70278300 -10.00000000 31.62407700
v -43.83855300 -10.00000000 32.96591800
v -42.84037300 -10.00000000 -38.25313400
v -39.85877100 -10.00000000 51.60215000
v -46.07484600 -10.00000000 30.87181000
v -46.16573700 -10.00000000 38.68188100
v -44.87446200 -10.00000000 44.92182300
v -44.86302600 -10.00000000 46.73809300
v -40.99735200 -10.00000000 42.93919200
v -40.99952400 -10.00000000 48.69542700
v -41.05820800 -10.00000000 2.17609600
v -44.78137700 -10.00000000 -17.06189100
v -45.10146500 -10.00000000 35.63268200
v -43.08979000 -10.00000000 -26.02662200
v -43.79057000 -10.00000000 -32.02448400
v -43.76755700 -10.00000000 -23.39699200
v -46.12802800 -10.00000000 -22.74933300
v -46.12802800 -10.00000000 -32.61499000
v -42.24412100 -10.00000000 32.83376700
v -39.82122100 -10.00000000 17.93037400
v -44.88462600 -10.00000000 -37.75539300
v -44.90245200 -10.00000000 41.11234500
v -42.83630900 -10.00000000 10.98554800
v -43.11972200 -10.00000000 12.65317800
v -39.82825900 -10.00000000 -29.23194800
v -39.82846600 -10.00000000 -31.13258200
v -46.31829500 -10.00000000 48.91237000
v -43.82118700 -10.00000000 8.39679700
v -42.17262700 -10.00000000 3.34711700
v -41.08149800 -10.00000000 28.13475500
v -46.29487100 -10.00000000 17.81783900
v -42.88323300 -10.00000000 40.94009400
v -42.80401700 -10.00000000 33.93116500
v -42.28007900 -10.00000000 40.20523100
v -43.26475000 -10.00000000 49.02945600
v -42.13536100 -10.00000000 -23.59459000
v -42.18260300 -10.00000000 -40.62990600
v -42.64687600 -10.00000000 -29.40862600
v -42.64687600 -10.00000000 -30.95569700
v -46.00774900 -10.00000000 -6.61714400
v -39.94460000 -10.00000000 -11.74717900
v -43.83211900 -10.00000000 48.32898600
v -42.10621600 -10.00000000 15.16441100
v -42.14537200 -10.00000000 -37.73035900
v -43.80757500 -10.00000000 -36.88360100
v -39.68869900 -10.00000000 19.82059500
v -46.26818000 -10.00000000 -12.18572700
v -39.68623000 -10.00000000 -6.17980500
v -46.25500400 -10.00000000 -26.19720600
v -39.66649000 -10.00000000 28.80464100
v -43.80872200 -10.00000000 24.42236600
v -43.80872200 -10.00000000 -1.57763400
v -42.10770300 -10.00000000 -16.83081500
v -40.66159300 -10.00000000 47.81100800
v -40.61807200 -10.00000000 43.82529400
v -42.66975100 -10.00000000 50.61561500
v -41.05668300 -10.00000000 -18.08912500
v -44.02917400 -10.00000000 45.82484900
v -42.26020400 -10.00000000 41.82102900
v -44.81960400 -10.00000000 18.22070700
v -43.84327000 -10.00000000 36.40240100
v -39.80893800 -10.00000000 -17.27884700
v -43.92455400 -10.00000000 29.68547100
v -39.71927900 -10.00000000 50.74725400
v -45.14356300 -10.00000000 8.88442900
v -40.87636100 -10.00000000 4.15421100
v -43.03169200 -10.00000000 0.97538700
v -40.95603400 -10.00000000 -19.90274500
v -43.35500600 -10.00000000 52.11570900
v -42.21091100 -10.00000000 11.63781300
v -46.32007000 -10.00000000 19.81783900
v -41.81286000 -10.00000000 34.81067000
v -46.22986500 -10.00000000 -29.26540600
v -44.98832300 -10.00000000 15.37987400
v -41.25167600 -10.00000000 -36.35374300
v -43.13644500 -10.00000000 7.45855000
v -42.77082600 -10.00000000 2.50843300
v -41.08817200 -10.00000000 50.60560600
v -42.22229100 -10.00000000 43.84460800
v -42.27403300 -10.00000000 47.81066900
v -44.98552700 -10.00000000 -3.69658400
v -44.69907300 -10.00000000 22.07073300
v -40.96756000 -10.00000000 -14.64112000
v -44.80627300 -10.00000000 48.51356800
v -42.97175900 -10.00000000 42.39968200
v -46.24135200 -10.00000000 -10.31830000
v -39.71099700 -10.00000000 -8.04602300
v -45.06204600 -10.00000000 37.29228800
v -44.97872700 -10.00000000 32.50384500
v -41.18227000 -10.00000000 29.02862800
v -40.87219200 -10.00000000 -22.78052200
v -39.74997300 -10.00000000 7.62890300
v -46.23571100 -10.00000000 51.76903200
v -43.22124400 -10.00000000 16.05711300
v -44.42496300 -10.00000000 53.35842300
v -42.15980300 -10.00000000 37.18403600
v -43.74936100 -10.00000000 11.99414300
v -43.35638800 -10.00000000 46.59358200
v -43.20037300 -10.00000000 45.02569900
v -44.46365800 -10.00000000 31.36326300
v -44.58282700 -10.00000000 38.19844000
v -40.99248100 -10.00000000 -30.96526900
v -40.99247300 -10.00000000 -29.39910000
v -45.12857500 -10.00000000 25.19065900
v -45.09778400 -10.00000000 -0.77234900
v -42.65176600 -10.00000000 -24.37160500
v -39.77693100 -10.00000000 -41.87110200
v -42.18070600 -10.00000000 51.47830500
v -46.24336400 -10.00000000 42.65970100
v -39.64848200 -10.00000000 38.75635100
v -42.60169800 -10.00000000 28.57816600
v -42.17908500 -10.00000000 -31.85942400
v -42.15203300 -10.00000000 -28.53671100
v -40.81086900 -10.00000000 14.31195400
v -46.26728400 -10.00000000 -39.05395200
v -45.07916200 -10.00000000 19.24954300
v -42.16445300 -10.00000000 8.64066800
v -39.73773200 -10.00000000 -0.66036500
v -39.80957000 -10.00000000 25.33719400
v -42.98725200 -10.00000000 -21.08379800
v -44.09548600 -10.00000000 -30.20657700
v -41.03039700 -10.00000000 22.65389000
v -41.03039700 -10.00000000 -3.34611000
v -44.97316000 -10.00000000 -15.21176000
v -46.35548500 -10.00000000 14.81783900
v -46.35548500 -10.00000000 4.81783900
v -43.73520200 -10.00000000 -28.37883800
v -44.70847500 -10.00000000 -36.34477400
v -44.86554300 -10.00000000 -35.45414500
v -45.10089500 -10.00000000 -6.73933000
v -40.85135200 -10.00000000 -11.62495400
v -41.32499400 -10.00000000 -6.14624700
v -44.62822000 -10.00000000 -12.22068100
v -41.27628500 -10.00000000 19.85342800
v -41.01287100 -10.00000000 52.57344100
v -40.64985100 -10.00000000 30.53235800
v -39.72916700 -10.00000000 33.06810200
v -39.72916700 -10.00000000 36.56757500
v -39.72916700 -10.00000000 40.06810200
v -42.44143200 -10.00000000 -39.04604900
v -46.28498400 -10.00000000 -17.16712700
v -43.43840900 -10.00000000 -41.99586700
v -39.78748400 -10.00000000 14.41086300
v -42.17348400 -10.00000000 16.84033700
v -43.87382700 -10.00000000 43.48047500
v -44.54900300 -10.00000000 -18.74721800
v -43.74512400 -10.00000000 49.69306100
v -40.77045600 -10.00000000 51.83498000
v -43.79883200 -10.00000000 -40.65957100
v -42.38937200 -10.00000000 54.59539600
v -39.69507600 -10.00000000 -9.41366800
v -46.25727300 -10.00000000 -8.95065500
v -39.57627500 -10.00000000 42.81783900
v -39.57627500 -10.00000000 48.81783900
v -44.81152200 -10.00000000 27.76379000
v -44.86041500 -10.00000000 28.61316800
v -42.19660000 -10.00000000 -25.02163800
v -46.27527300 -10.00000000 53.64839500
v -46.33853500 -10.00000000 46.81825400
v -46.37915500 -10.00000000 44.81783900
v -39.57138900 -10.00000000 46.81783900
v -39.57138900 -10.00000000 44.81783900
v -39.59476500 -10.00000000 -22.19871000
v -46.36486700 -10.00000000 9.80477600
v -39.56941500 -10.00000000 4.81783900
v -39.58575200 -10.00000000 -33.17862400
v -39.56941500 -10.00000000 -27.18216100
v -46.25154900 -10.00000000 -41.95753500
v -45.23656000 -10.00000000 43.91669100
v -42.28811300 -10.00000000 6.92710500
v -39.64706900 -10.00000000 40.88705300
v -39.64698200 -10.00000000 33.88676400
v -39.67962100 -10.00000000 35.73469000
v -46.37961800 -10.00000000 25.82634700
v -46.37053000 -10.00000000 -0.17788900
v -45.19958100 -10.00000000 20.71773500
v -40.68611700 -10.00000000 -13.05831700
v -45.26623200 -10.00000000 -5.30600600
v -41.30555700 -10.00000000 -28.63578600
v -41.31089100 -10.00000000 -31.73389900
v -40.90237400 -10.00000000 -33.64643500
v -45.10895600 -10.00000000 0.21867500
v -45.06197100 -10.00000000 10.26256800
v -40.87172200 -10.00000000 -21.75848000
v -40.67408000 -10.00000000 -40.48000900
v -43.99738400 -10.00000000 39.79852500
v -42.81901100 -10.00000000 31.17627400
v -46.31340200 -10.00000000 29.93977100
v -46.27398800 -10.00000000 28.59707300
v -39.77412000 -10.00000000 -12.56370700
v -46.17822900 -10.00000000 -5.80061600
v -43.84636400 -10.00000000 18.29170000
v -45.32352200 -10.00000000 51.26878100
v -42.87821600 -10.00000000 38.48305500
v -42.14069500 -10.00000000 -13.88948100
v -43.80229800 -10.00000000 -4.48804700
v -43.88666800 -10.00000000 21.55645500
v -45.18885700 -10.00000000 47.64741500
v -40.95373300 -10.00000000 -0.65886600
v -44.50919700 -10.00000000 3.07106700
v -40.84000200 -10.00000000 -26.74976800
v -45.11382000 -10.00000000 26.25030300
v -40.85710700 -10.00000000 5.26364200
v -40.81863200 -10.00000000 13.39107400
v -42.55843200 -10.00000000 -35.85045500
v -46.34707200 -10.00000000 -4.07704900
v -39.61222800 -10.00000000 -14.28617500
v -46.38968000 -10.00000000 21.84049600
v -40.69636000 -10.00000000 36.68003300
v -40.67307300 -10.00000000 32.99470900
v -40.65687400 -10.00000000 39.96884200
v -43.64774600 -10.00000000 1.96211800
v -43.88805600 -10.00000000 -11.43069700
v -46.30593700 -10.00000000 -33.34421800
v -46.30593700 -10.00000000 -22.02010500
v -42.04993100 -10.00000000 -6.93249300
v -44.94041900 -10.00000000 14.54939600
v -44.92565500 -10.00000000 -27.95402400
v -39.74128700 -10.00000000 26.14638400
v -45.33934700 -10.00000000 5.54690200
v -40.65345300 -10.00000000 0.53260400
v -46.30687600 -10.00000000 -36.05547800
v -45.29021400 -10.00000000 -27.12471900
v -45.26929900 -10.00000000 -36.92106400
v -45.27574400 -10.00000000 -21.44240300
v -45.30000000 -10.00000000 -33.94408500
v -40.58206800 -10.00000000 26.53189000
v -44.49323200 -10.00000000 13.14929300
v -43.23969100 -10.00000000 -19.49029300
v -42.17846800 -10.00000000 -35.32100100
v -41.31949400 -10.00000000 -41.00928500
v -41.53612700 -10.00000000 -19.37011200
v -39.59835300 -10.00000000 13.76505800
v -41.40051600 -10.00000000 10.51420800
v -39.63676200 -10.00000000 16.64621100
v -40.47901800 -10.00000000 -16.03387200
v -44.18565000 -10.00000000 28.91261600
v -45.53622400 -10.00000000 23.67236800
v -45.53622400 -10.00000000 -2.32763200
v -45.13189100 -10.00000000 38.80437200
v -45.12626300 -10.00000000 30.80237800
v -45.34270600 -10.00000000 40.06074500
v -45.57440600 -10.00000000 -16.74167200
v -40.53616200 -10.00000000 -34.98875100
v -44.94654100 -10.00000000 30.05395100
v -41.03473800 -10.00000000 -27.37346100
v -40.81045000 -10.00000000 8.73608000
v -45.40974800 -10.00000000 33.29802900
v -45.48824400 -10.00000000 36.38454500
v -39.65014400 -10.00000000 9.02786500
v -41.57556400 -10.00000000 23.50566900
v -41.57556400 -10.00000000 -2.49433100
v -44.36575400 -10.00000000 -15.79620200
v -40.91534900 -10.00000000 -39.72967400
v -41.32378900 -10.00000000 51.31953800
v -40.79363200 -10.00000000 -17.33483800
v -43.75174200 -10.00000000 54.62423100
v -46.25899000 -10.00000000 -15.49120700
v -40.39082500 -10.00000000 42.30813200
v -40.37477900 -10.00000000 49.31726800
v -44.85137300 -10.00000000 51.98123300
v -44.16393400 -10.00000000 19.49203600
v -44.16838800 -10.00000000 -6.50328200
v -41.78292700 -10.00000000 -11.86324600
v -40.48273200 -10.00000000 -42.09764100
v -43.51457300 -10.00000000 37.28368900
v -41.32154300 -10.00000000 -9.62470200
v -44.64129000 -10.00000000 -8.74599400
v -45.60877900 -10.00000000 46.26708000
v -45.59103300 -10.00000000 45.34242300
v -40.41482000 -10.00000000 46.29101400
v -40.43241100 -10.00000000 45.36978500
v -41.06275600 -10.00000000 -33.00057400
v -43.65745100 -10.00000000 42.02960100
v -44.38353000 -10.00000000 42.04149300
v -40.83948800 -10.00000000 25.35659200
v -40.88085000 -10.00000000 39.25614100
v -39.50772900 -10.00000000 22.79112800
v -39.49871300 -10.00000000 -3.18216100
v -40.36576600 -10.00000000 41.37093200
v -40.38944700 -10.00000000 35.31274400
v -40.39146200 -10.00000000 34.37456900
v -46.40539500 -10.00000000 -41.23966500
v -39.60803900 -10.00000000 -0.02999300
v -45.39052900 -10.00000000 54.72715900
v -45.45044500 -10.00000000 49.97789400
v -40.60614300 -10.00000000 -13.79289300
v -45.25776300 -10.00000000 21.38890700
v -45.34369600 -10.00000000 -4.55741700
v -42.50226900 -10.00000000 35.43748000
v -42.47516200 -10.00000000 45.33475900
v -43.27911300 -10.00000000 -8.18015900
v -42.65785400 -10.00000000 -9.82572900
v -46.46218400 -10.00000000 40.81783900
v -44.30159600 -10.00000000 23.00755500
v -42.23446300 -10.00000000 -15.23316200
v -44.28267600 -10.00000000 -2.96006900
v -40.40927700 -10.00000000 50.21176800
v -42.47984600 -10.00000000 25.97756700
v -43.61852300 -10.00000000 14.85736800
v -43.71388100 -10.00000000 -17.15199700
v -42.34615700 -10.00000000 -1.39114400
v -42.34563700 -10.00000000 24.70387900
v -43.10744100 -10.00000000 -40.20282800
v -43.96090100 -10.00000000 -7.61499600
v -39.51329700 -10.00000000 -18.17423300
v -46.25876100 -10.00000000 33.15137300
v -46.27352700 -10.00000000 36.44377400
v -43.74765200 -10.00000000 51.54025800
v -46.28356500 -10.00000000 -27.85400200
v -45.55636500 -10.00000000 -42.09890200
v -44.88023000 -10.00000000 9.60946300
v -42.01993800 -10.00000000 -10.71130500
v -46.40025600 -10.00000000 -7.24195200
v -39.55209300 -10.00000000 -11.12237100
v -41.35561200 -10.00000000 -38.29395000
v -45.50783600 -10.00000000 27.46843400
v -39.49895700 -10.00000000 54.74251400
v -46.37407400 -10.00000000 -37.30939600
v -39.47694800 -10.00000000 53.81783900
vn -0.00000000 -0.00000000 1.00000000
vn -0.00000000 -0.00000000 1.00000000
vn -0.00000000 -0.00000000 1.00000000
vn -0.00000000 -0.00000000 1.00000000
vn -1.00000000 -0.00000000 0.00000000
vn -1.00000000 0.00000000 0.00000000
vn -1.00000000 0.00000000 0.00000000
vn -1.00000000 0.00000000 0.00000000
vn 1.00000000 0.00000000 0.00000000
vn 1.00000000 0.00000000 -0.00000000
vn 1.00000000 0.00000000 -0.00000000
vn 1.00000000 -0.00000000 -0.00000000
vn 0.00000000 -0.00000000 -1.00000000
vn 0.00000000 0.00000000 -1.00000000
vn 0.00000000 -0.00000000 -1.00000000
vn 0.00000000 -0.00000000 -1.00000000
vn -0.00000000 1.00000000 0.00000000
vn -0.00000000 -1.00000000 0.00000000
vn -0.00000000 1.00000000 -0.00000000
vn -0.00000000 1.00000000 -0.00000000
vn 0.00000000 -1.00000000 -0.00000000
vn 0.00000000 -1.00000000 0.00000000
vn -0.00000000 1.00000000 -0.00000000
vn -0.00000000 -1.00000000 0.00000000
vn 0.00000000 -0.00000000 1.00000000
vn -0.00000000 -0.00000000 1.00000000
vn -0.00000000 -0.00000000 1.00000000
vn -0.00000000 -0.00000000 1.00000000
vn 0.00000000 -0.00000000 1.00000000
vn -0.00000000 -0.00000000 1.00000000
vn 0.00000000 -0.00000000 1.00000000
vn 0.00000000 0.00000000 1.00000000
vn 0.00000000 0.00000000 1.00000000
vn 0.00000000 0.00000000 1.00000000
vn 0.00000000 0.00000000 1.00000000
vn 0.00000000 0.00000000 1.00000000
vn 0.00000000 0.00000000 1.00000000
vn 0.00000000 0.00000000 1.00000000
vn -0.00000000 -0.00000000 1.00000000
vn -0.00000000 -0.00000000 1.00000000
vn -0.00000000 -0.00000000 1.00000000
vn -0.00000000 -0.00000000 1.00000000
vn -0.00000000 -0.00000000 1.00000000
vn -0.00000000 -0.00000000 1.00000000
vn -0.00000000 -0.00000000 1.00000000
vn -0.00000000 -0.00000000 1.00000000
vn 0.00000000 -0.00000000 1.00000000
vn 0.00000000 -0.00000000 1.00000000
vn -0.00000000 -0.00000000 1.00000000
vn 0.00000000 -0.00000000 1.00000000
vn -0.00000000 -0.00000000 1.00000000
vn -0.00000000 -0.00000000 1.00000000
vn -1.00000000 0.00000000 0.00000000
vn -1.00000000 0.00000000 0.00000000
vn -1.00000000 -0.00000000 -0.00000000
vn -1.00000000 -0.00000000 -0.00000000
vn -1.00000000 -0.00000000 -0.00000000
vn -1.00000000 -0.00000000 -0.00000000
vn -1.00000000 -0.00000000 -0.00000000
vn -1.00000000 0.00000000 0.00000000
vn -1.00000000 0.00000000 0.00000000
vn -1.00000000 0.00000000 0.00000000
vn -1.00000000 0.00000000 0.00000000
vn -1.00000000 0.00000000 0.00000000
vn -1.00000000 0.00000000 0.00000000
vn -1.00000000 0.00000000 0.00000000
vn -1.00000000 0.00000000 0.00000000
vn -1.00000000 0.00000000 0.00000000
vn -1.00000000 0.00000000 0.00000000
vn -1.00000000 0.00000000 0.00000000
vn -1.00000000 0.00000000 0.00000000
vn -1.00000000 0.00000000 0.00000000
vn -1.00000000 0.00000000 0.00000000
vn -1.00000000 0.00000000 0.00000000
vn -1.00000000 0.00000000 0.00000000
vn -1.00000000 0.00000000 0.00000000
vn -1.00000000 0.00000000 0.00000000
vn -1.00000000 0.00000000 0.00000000
vn -1.00000000 0.00000000 0.00000000
vn -1.00000000 0.00000000 0.00000000
vn -1.00000000 0.00000000 0.00000000
vn -1.00000000 0.00000000 0.00000000
vn -1.00000000 0.00000000 0.00000000
vn -1.00000000 0.00000000 0.00000000
vn -1.00000000 0.00000000 0.00000000
vn -1.00000000 0.00000000 0.00000000
vn -1.00000000 0.00000000 0.00000000
vn -1.00000000 0.00000000 0.00000000
vn -1.00000000 0.00000000 0.00000000
vn -1.00000000 0.00000000 0.00000000
vn -1.00000000 0.00000000 0.00000000
vn -1.00000000 0.00000000 0.00000000
vn -1.00000000 0.00000000 0.00000000
vn -1.00000000 0.00000000 0.00000000
vn -1.00000000 0.00000000 0.00000000
vn -1.00000000 0.00000000 0.00000000
vn -1.00000000 0.00000000 0.00000000
vn -1.00000000 0.00000000 0.00000000
vn -1.00000000 0.00000000 0.00000000
vn -1.00000000 0.00000000 0.00000000
vn -1.00000000 0.00000000 0.00000000
vn -1.00000000 0.00000000 0.00000000
vn -1.00000000 0.00000000 0.00000000
vn -1.00000000 0.00000000 0.00000000
vn -1.00000000 0.00000000 0.00000000
vn -1.00000000 0.00000000 0.00000000
vn -1.00000000 0.00000000 0.00000000
vn -1.00000000 0.00000000 0.00000000
vn -1.00000000 0.00000000 0.00000000
vn -1.00000000 0.00000000 0.00000000
vn -1.00000000 0.00000000 0.00000000
vn -1.00000000 0.00000000 0.00000000
vn -1.00000000 0.00000000 0.00000000
vn -1.00000000 0.00000000 0.00000000
vn -1.00000000 0.00000000 0.00000000
vn -1.00000000 0.00000000 0.00000000
vn -1.00000000 0.00000000 0.00000000
vn -1.00000000 0.00000000 0.00000000
vn -1.00000000 0.00000000 0.00000000
vn -1.00000000 0.00000000 0.00000000
vn -1.00000000 0.00000000 0.00000000
vn -1.00000000 0.00000000 0.00000000
vn -1.00000000 0.00000000 0.00000000
vn -1.00000000 0.00000000 0.00000000
vn -1.00000000 0.00000000 0.00000000
vn -1.00000000 0.00000000 0.00000000
vn -1.00000000 0.00000000 0.00000000
vn -1.00000000 0.00000000 0.00000000
vn -1.00000000 0.00000000 0.00000000
vn -1.00000000 0.00000000 0.00000000
vn -1.00000000 0.00000000 0.00000000
vn -1.00000000 0.00000000 0.00000000
vn -1.00000000 0.00000000 0.00000000
vn -1.00000000 0.00000000 0.00000000
vn -1.00000000 0.00000000 0.00000000
vn -1.00000000 0.00000000 0.00000000
vn -1.00000000 0.00000000 0.00000000
vn -1.00000000 0.00000000 0.00000000
vn -1.00000000 0.00000000 0.00000000
vn -1.00000000 0.00000000 0.00000000
vn -1.00000000 0.00000000 0.00000000
vn -1.00000000 0.00000000 0.00000000
vn -1.00000000 0.00000000 0.00000000
vn -1.00000000 0.00000000 0.00000000
vn -1.00000000 0.00000000 0.00000000
vn -1.00000000 0.00000000 0.00000000
vn -1.00000000 0.00000000 0.00000000
vn -1.00000000 0.00000000 0.00000000
vn -1.00000000 0.00000000 0.00000000
vn -1.00000000 0.00000000 0.00000000
vn -1.00000000 0.00000000 0.00000000
vn -1.00000000 0.00000000 0.00000000
vn -1.00000000 0.00000000 0.00000000
vn -1.00000000 0.00000000 0.00000000
vn -1.00000000 0.00000000 0.00000000
vn -1.00000000 0.00000000 0.00000000
vn -1.00000000 -0.00000000 0.00000000
vn -1.00000000 -0.00000000 0.00000000
vn -1.00000000 0.00000000 0.00000000
vn -1.00000000 0.00000000 0.00000000
vn -1.00000000 -0.00000000 0.00000000
vn -1.00000000 -0.00000000 0.00000000
vn -1.00000000 -0.00000000 0.00000000
vn -1.00000000 -0.00000000 0.00000000
vn -1.00000000 0.00000000 0.00000000
vn -1.00000000 0.00000000 0.00000000
vn -1.00000000 -0.00000000 0.00000000
vn -1.00000000 -0.00000000 0.00000000
vn -1.00000000 -0.00000000 0.00000000
vn -1.00000000 0.00000000 0.00000000
vn -1.00000000 -0.00000000 0.00000000
vn -1.00000000 -0.00000000 0.00000000
vn -1.00000000 0.00000000 0.00000000
vn -1.00000000 0.00000000 0.00000000
vn -1.00000000 0.00000000 0.00000000
vn -1.00000000 0.00000000 0.00000000
vn -1.00000000 0.00000000 0.00000000
vn -1.00000000 0.00000000 0.00000000
vn -1.00000000 -0.00000000 0.00000000
vn -1.00000000 -0.00000000 0.00000000
vn -1.00000000 -0.00000000 0.00000000
vn -1.00000000 0.00000000 0.00000000
vn -1.00000000 -0.00000000 0.00000000
vn -1.00000000 -0.00000000 0.00000000
vn -1.00000000 0.00000000 0.00000000
vn -1.00000000 -0.00000000 0.00000000
vn -1.00000000 -0.00000000 0.00000000
vn -1.00000000 -0.00000000 0.00000000
vn -1.00000000 -0.00000000 0.00000000
vn -1.00000000 0.00000000 0.00000000
vn -1.00000000 -0.00000000 0.00000000
vn -1.00000000 -0.00000000 0.00000000
vn -1.00000000 -0.00000000 0.00000000
vn -1.00000000 -0.00000000 0.00000000
vn -1.00000000 -0.00000000 0.00000000
vn -1.00000000 0.00000000 0.00000000
vn -1.00000000 -0.00000000 0.00000000
vn -1.00000000 0.00000000 0.00000000
vn -1.00000000 -0.00000000 0.00000000
vn -1.00000000 0.00000000 0.00000000
vn -1.00000000 -0.00000000 0.00000000
vn -1.00000000 -0.00000000 0.00000000
vn -1.00000000 -0.00000000 0.00000000
vn -1.00000000 0.00000000 0.00000000
vn -1.00000000 -0.00000000 0.00000000
vn -1.00000000 -0.00000000 0.00000000
vn -1.00000000 -0.00000000 0.00000000
vn -1.00000000 0.00000000 0.00000000
vn -1.00000000 0.00000000 0.00000000
vn -1.00000000 -0.00000000 0.00000000
vn -1.00000000 -0.00000000 0.00000000
vn -1.00000000 0.00000000 0.00000000
vn -1.00000000 0.00000000 0.00000000
vn -1.00000000 0.00000000 0.00000000
vn -1.00000000 -0.00000000 0.00000000
vn -1.00000000 -0.00000000 0.00000000
vn -1.00000000 0.00000000 0.00000000
vn -1.00000000 -0.00000000 0.00000000
vn -1.00000000 0.00000000 0.00000000
vn -1.00000000 -0.00000000 0.00000000
vn -1.00000000 -0.00000000 0.00000000
vn -1.00000000 -0.00000000 0.00000000
vn -1.00000000 -0.00000000 0.00000000
vn -1.00000000 0.00000000 0.00000000
vn -1.00000000 0.00000000 0.00000000
vn -1.00000000 -0.00000000 0.00000000
vn -1.00000000 0.00000000 0.00000000
vn -1.00000000 -0.00000000 0.00000000
vn -1.00000000 0.00000000 0.00000000
vn -1.00000000 -0.00000000 0.00000000
vn -1.00000000 0.00000000 0.00000000
vn -1.00000000 0.00000000 0.00000000
vn -1.00000000 0.00000000 0.00000000
vn -1.00000000 -0.00000000 0.00000000
vn -1.00000000 0.00000000 0.00000000
vn -1.00000000 0.00000000 0.00000000
vn -1.00000000 0.00000000 0.00000000
vn -1.00000000 -0.00000000 0.00000000
vn -1.00000000 0.00000000 0.00000000
vn -1.00000000 0.00000000 0.00000000
vn -1.00000000 -0.00000000 0.00000000
vn -1.00000000 -0.00000000 0.00000000
vn -1.00000000 0.00000000 0.00000000
vn -1.00000000 0.00000000 0.00000000
vn -1.00000000 0.00000000 0.00000000
vn -1.00000000 0.00000000 0.00000000
vn -1.00000000 0.00000000 0.00000000
vn -1.00000000 -0.00000000 0.00000000
vn -1.00000000 0.00000000 0.00000000
vn -1.00000000 -0.00000000 0.00000000
vn -1.00000000 -0.00000000 0.00000000
vn -1.00000000 -0.00000000 0.00000000
vn -1.00000000 -0.00000000 0.00000000
vn -1.00000000 0.00000000 0.00000000
vn -1.00000000 -0.00000000 0.00000000
vn -1.00000000 0.00000000 0.00000000
vn -1.00000000 -0.00000000 0.00000000
vn -1.00000000 0.00000000 0.00000000
vn -1.00000000 0.00000000 0.00000000
vn -1.00000000 0.00000000 0.00000000
vn 1.00000000 0.00000000 0.00000000
vn 1.00000000 -0.00000000 -0.00000000
vn 1.00000000 -0.00000000 -0.00000000
vn 1.00000000 -0.00000000 -0.00000000
vn 1.00000000 -0.00000000 -0.00000000
vn 1.00000000 -0.00000000 -0.00000000
vn 1.00000000 -0.00000000 -0.00000000
vn 1.00000000 -0.00000000 -0.00000000
vn 1.00000000 0.00000000 -0.00000000
vn 1.00000000 0.00000000 -0.00000000
vn 1.00000000 -0.00000000 -0.00000000
vn 1.00000000 0.00000000 -0.00000000
vn 1.00000000 0.00000000 -0.00000000
vn 1.00000000 -0.00000000 -0.00000000
vn 1.00000000 0.00000000 -0.00000000
vn 1.00000000 0.00000000 -0.00000000
vn 1.00000000 0.00000000 -0.00000000
vn 1.00000000 0.00000000 -0.00000000
vn 1.00000000 0.00000000 -0.00000000
vn 1.00000000 0.00000000 -0.00000000
vn 1.00000000 0.00000000 -0.00000000
vn 1.00000000 0.00000000 -0.00000000
vn 1.00000000 0.00000000 -0.00000000
vn 1.00000000 0.00000000 -0.00000000
vn 1.00000000 0.00000000 -0.00000000
vn 1.00000000 0.00000000 -0.00000000
vn 1.00000000 -0.00000000 -0.00000000
vn 1.00000000 -0.00000000 -0.00000000
vn 1.00000000 -0.00000000 -0.00000000
vn 1.00000000 -0.00000000 -0.00000000
vn 1.00000000 0.00000000 -0.00000000
vn 1.00000000 0.00000000 -0.00000000
vn 1.00000000 0.00000000 -0.00000000
vn 1.00000000 0.00000000 -0.00000000
vn 1.00000000 -0.00000000 -0.00000000
vn 1.00000000 0.00000000 -0.00000000
vn 1.00000000 0.00000000 -0.00000000
vn 1.00000000 0.00000000 -0.00000000
vn 1.00000000 0.00000000 -0.00000000
vn 1.00000000 0.00000000 -0.00000000
vn 1.00000000 -0.00000000 -0.00000000
vn 1.00000000 -0.00000000 -0.00000000
vn 1.00000000 -0.00000000 -0.00000000
vn 1.00000000 -0.00000000 -0.00000000
vn 1.00000000 -0.00000000 -0.00000000
vn 1.00000000 0.00000000 -0.00000000
vn 1.00000000 0.00000000 -0.00000000
vn 1.00000000 0.00000000 -0.00000000
vn 1.00000000 -0.00000000 -0.00000000
vn 1.00000000 0.00000000 -0.00000000
vn 1.00000000 0.00000000 -0.00000000
vn 1.00000000 0.00000000 -0.00000000
vn 1.00000000 -0.00000000 -0.00000000
vn 1.00000000 0.00000000 -0.00000000
vn 1.00000000 0.00000000 -0.00000000
vn 1.00000000 -0.00000000 -0.00000000
vn 1.00000000 0.00000000 -0.00000000
vn 1.00000000 0.00000000 -0.00000000
vn 1.00000000 -0.00000000 -0.00000000
vn 1.00000000 -0.00000000 -0.00000000
vn 1.00000000 0.00000000 -0.00000000
vn 1.00000000 0.00000000 -0.00000000
vn 1.00000000 0.00000000 -0.00000000
vn 1.00000000 -0.00000000 -0.00000000
vn 1.00000000 0.00000000 -0.00000000
vn 1.00000000 -0.00000000 -0.00000000
vn 1.00000000 0.00000000 -0.00000000
vn 1.00000000 -0.00000000 -0.00000000
vn 1.00000000 0.00000000 -0.00000000
vn 1.00000000 0.00000000 -0.00000000
vn 1.00000000 -0.00000000 -0.00000000
vn 1.00000000 -0.00000000 -0.00000000
vn 1.00000000 -0.00000000 -0.00000000
vn 1.00000000 0.00000000 -0.00000000
vn 1.00000000 0.00000000 -0.00000000
vn 1.00000000 0.00000000 -0.00000000
vn 1.00000000 -0.00000000 -0.00000000
vn 1.00000000 0.00000000 -0.00000000
vn 1.00000000 0.00000000 -0.00000000
vn 1.00000000 -0.00000000 -0.00000000
vn 1.00000000 -0.00000000 -0.00000000
vn 1.00000000 0.00000000 -0.00000000
vn 1.00000000 0.00000000 -0.00000000
vn 1.00000000 0.00000000 -0.00000000
vn 1.00000000 0.00000000 -0.00000000
vn 1.00000000 -0.00000000 -0.00000000
vn 1.00000000 0.00000000 -0.00000000
vn 1.00000000 -0.00000000 -0.00000000
vn 1.00000000 -0.00000000 -0.00000000
vn 1.00000000 -0.00000000 -0.00000000
vn 1.00000000 -0.00000000 -0.00000000
vn 1.00000000 -0.00000000 -0.00000000
vn 1.00000000 0.00000000 -0.00000000
vn 1.00000000 -0.00000000 -0.00000000
vn 1.00000000 -0.00000000 -0.00000000
vn 1.00000000 0.00000000 -0.00000000
vn 1.00000000 0.00000000 -0.00000000
vn 1.00000000 -0.00000000 -0.00000000
vn 1.00000000 -0.00000000 -0.00000000
vn 1.00000000 0.00000000 -0.00000000
vn 1.00000000 0.00000000 -0.00000000
vn 1.00000000 0.00000000 -0.00000000
vn 1.00000000 0.00000000 -0.00000000
vn 1.00000000 0.00000000 -0.00000000
vn 1.00000000 -0.00000000 -0.00000000
vn 1.00000000 -0.00000000 -0.00000000
vn 1.00000000 -0.00000000 -0.00000000
vn 1.00000000 -0.00000000 -0.00000000
vn 1.00000000 -0.00000000 -0.00000000
vn 1.00000000 -0.00000000 -0.00000000
vn 1.00000000 -0.00000000 -0.00000000
vn 1.00000000 -0.00000000 -0.00000000
vn 1.00000000 -0.00000000 0.00000000
vn 1.00000000 -0.00000000 0.00000000
vn 1.00000000 -0.00000000 -0.00000000
vn 1.00000000 -0.00000000 -0.00000000
vn 1.00000000 -0.00000000 -0.00000000
vn 1.00000000 -0.00000000 0.00000000
vn 1.00000000 -0.00000000 -0.00000000
vn 1.00000000 -0.00000000 -0.00000000
vn 1.00000000 -0.00000000 0.00000000
vn 1.00000000 -0.00000000 -0.00000000
vn 1.00000000 -0.00000000 -0.00000000
vn 1.00000000 -0.00000000 -0.00000000
vn 1.00000000 -0.00000000 -0.00000000
vn 1.00000000 -0.00000000 -0.00000000
vn 1.00000000 -0.00000000 -0.00000000
vn 1.00000000 -0.00000000 0.00000000
vn 1.00000000 -0.00000000 -0.00000000
vn 1.00000000 -0.00000000 0.00000000
vn 1.00000000 -0.00000000 0.00000000
vn 1.00000000 -0.00000000 0.00000000
vn 1.00000000 -0.00000000 0.00000000
vn 1.00000000 -0.00000000 0.00000000
vn 1.00000000 -0.00000000 0.00000000
vn 1.00000000 -0.00000000 0.00000000
vn 1.00000000 -0.00000000 0.00000000
vn 1.00000000 -0.00000000 0.00000000
vn 1.00000000 -0.00000000 0.00000000
vn 1.00000000 -0.00000000 0.00000000
vn 1.00000000 -0.00000000 0.00000000
vn 1.00000000 -0.00000000 -0.00000000
vn 1.00000000 -0.00000000 -0.00000000
vn 1.00000000 -0.00000000 -0.00000000
vn 1.00000000 -0.00000000 -0.00000000
vn 1.00000000 -0.00000000 -0.00000000
vn 1.00000000 -0.00000000 0.00000000
vn 1.00000000 -0.00000000 -0.00000000
vn 1.00000000 -0.00000000 -0.00000000
vn 1.00000000 -0.00000000 0.00000000
vn 1.00000000 -0.00000000 -0.00000000
vn 1.00000000 -0.00000000 0.00000000
vn 1.00000000 -0.00000000 -0.00000000
vn 1.00000000 -0.00000000 -0.00000000
vn 1.00000000 -0.00000000 -0.00000000
vn 1.00000000 -0.00000000 -0.00000000
vn 1.00000000 -0.00000000 0.00000000
vn 1.00000000 -0.00000000 -0.00000000
vn 1.00000000 -0.00000000 0.00000000
vn 1.00000000 -0.00000000 0.00000000
vn 1.00000000 -0.00000000 0.00000000
vn 1.00000000 -0.00000000 0.00000000
vn 1.00000000 -0.00000000 0.00000000
vn 1.00000000 -0.00000000 0.00000000
vn 1.00000000 -0.00000000 0.00000000
vn 1.00000000 -0.00000000 0.00000000
vn 1.00000000 -0.00000000 -0.00000000
vn 1.00000000 -0.00000000 0.00000000
vn 1.00000000 -0.00000000 0.00000000
vn 1.00000000 -0.00000000 -0.00000000
vn 1.00000000 -0.00000000 -0.00000000
vn 1.00000000 -0.00000000 0.00000000
vn 1.00000000 -0.00000000 0.00000000
vn 1.00000000 -0.00000000 -0.00000000
vn 1.00000000 -0.00000000 -0.00000000
vn 1.00000000 -0.00000000 -0.00000000
vn 1.00000000 -0.00000000 -0.00000000
vn 1.00000000 -0.00000000 0.00000000
vn 1.00000000 -0.00000000 0.00000000
vn 1.00000000 -0.00000000 -0.00000000
vn 1.00000000 -0.00000000 -0.00000000
vn 1.00000000 -0.00000000 0.00000000
vn 1.00000000 -0.00000000 -0.00000000
vn 1.00000000 -0.00000000 -0.00000000
vn 1.00000000 -0.00000000 -0.00000000
vn 1.00000000 -0.00000000 0.00000000
vn 1.00000000 -0.00000000 0.00000000
vn 1.00000000 -0.00000000 -0.00000000
vn 1.00000000 -0.00000000 -0.00000000
vn 1.00000000 -0.00000000 -0.00000000
vn 1.00000000 -0.00000000 -0.00000000
vn 1.00000000 -0.00000000 0.00000000
vn 1.00000000 -0.00000000 0.00000000
vn 1.00000000 -0.00000000 0.00000000
vn 1.00000000 -0.00000000 0.00000000
vn 1.00000000 -0.00000000 0.00000000
vn 1.00000000 -0.00000000 0.00000000
vn 1.00000000 -0.00000000 -0.00000000
vn 1.00000000 -0.00000000 -0.00000000
vn 1.00000000 -0.00000000 0.00000000
vn 1.00000000 -0.00000000 -0.00000000
vn 1.00000000 -0.00000000 0.00000000
vn 1.00000000 -0.00000000 0.00000000
vn 1.00000000 -0.00000000 0.00000000
vn 1.00000000 -0.00000000 -0.00000000
vn 1.00000000 -0.00000000 -0.00000000
vn 1.00000000 -0.00000000 -0.00000000
vn 1.00000000 -0.00000000 -0.00000000
vn -0.00000000 0.00000000 -1.00000000
vn -0.00000000 0.00000000 -1.00000000
vn 0.00000000 -0.00000000 -1.00000000
vn 0.00000000 -0.00000000 -1.00000000
vn -0.00000000 0.00000000 -1.00000000
vn -0.00000000 0.00000000 -1.00000000
vn 0.00000000 -0.00000000 -1.00000000
vn 0.00000000 0.00000000 -1.00000000
vn 0.00000000 0.00000000 -1.00000000
vn 0.00000000 0.00000000 -1.00000000
vn 0.00000000 -0.00000000 -1.00000000
vn 0.00000000 0.00000000 -1.00000000
vn 0.00000000 0.00000000 -1.00000000
vn 0.00000000 0.00000000 -1.00000000
vn 0.00000000 -0.00000000 -1.00000000
vn 0.00000000 -0.00000000 -1.00000000
vn 0.00000000 -0.00000000 -1.00000000
vn 0.00000000 -0.00000000 -1.00000000
vn 0.00000000 -0.00000000 -1.00000000
vn 0.00000000 -0.00000000 -1.00000000
vn 0.00000000 -0.00000000 -1.00000000
vn 0.00000000 -0.00000000 -1.00000000
vn 0.00000000 -0.00000000 -1.00000000
vn 0.00000000 -0.00000000 -1.00000000
vn 0.00000000 -0.00000000 -1.00000000
vn 0.00000000 -0.00000000 -1.00000000
vn 0.00000000 -0.00000000 -1.00000000
vn 0.00000000 -0.00000000 -1.00000000
vn 0.70710700 -0.00000000 -0.70710700
vn 0.70710700 -0.00000000 -0.70710700
vn 0.00000000 0.70710700 -0.70710700
vn 0.70710700 0.70710700 -0.00000000
vn 0.70710700 -0.70710700 0.00000000
vn -0.00000000 -0.70710700 -0.70710700
vn 0.00000000 0.70710700 -0.70710700
vn -0.00000000 1.00000000 0.00000000
vn -0.00000000 1.00000000 -0.00000000
vn -0.00000000 1.00000000 -0.00000000
vn -0.00000000 1.00000000 -0.00000000
vn -0.00000000 1.00000000 0.00000000
vn -0.00000000 1.00000000 -0.00000000
vn -0.00000000 1.00000000 0.00000000
vn 0.70710700 0.70710700 -0.00000000
vn -0.00000000 1.00000000 0.00000000
vn -0.00000000 1.00000000 0.00000000
vn -0.00000000 1.00000000 0.00000000
vn -0.00000000 1.00000000 -0.00000000
vn -0.00000000 1.00000000 0.00000000
vn -0.00000000 1.00000000 0.00000000
vn -0.00000000 1.00000000 -0.00000000
vn -0.00000000 1.00000000 -0.00000000
vn -0.00000000 1.00000000 -0.00000000
vn -0.00000000 1.00000000 -0.00000000
vn -0.00000000 1.00000000 -0.00000000
vn -0.00000000 1.00000000 0.00000000
vn -0.00000000 1.00000000 0.00000000
vn -0.00000000 1.00000000 0.00000000
vn -0.00000000 1.00000000 0.00000000
vn -0.00000000 1.00000000 -0.00000000
vn -0.00000000 1.00000000 -0.00000000
vn -0.00000000 1.00000000 -0.00000000
vn -0.00000000 1.00000000 -0.00000000
vn -0.00000000 1.00000000 -0.00000000
vn -0.00000000 1.00000000 0.00000000
vn -0.00000000 1.00000000 0.00000000
vn -0.00000000 1.00000000 0.00000000
vn -0.00000000 1.00000000 -0.00000000
vn -0.00000000 1.00000000 0.00000000
vn -0.00000000 1.00000000 0.00000000
vn -0.00000000 1.00000000 0.00000000
vn -0.00000000 1.00000000 -0.00000000
vn -0.00000000 1.00000000 -0.00000000
vn -0.00000000 1.00000000 0.00000000
vn -0.00000000 1.00000000 0.00000000
vn -0.00000000 1.00000000 -0.00000000
vn -0.00000000 1.00000000 0.00000000
vn -0.00000000 1.00000000 0.00000000
vn -0.00000000 1.00000000 0.00000000
vn -0.00000000 1.00000000 0.00000000
vn -0.00000000 1.00000000 0.00000000
vn -0.00000000 1.00000000 0.00000000
vn -0.00000000 1.00000000 0.00000000
vn -0.00000000 1.00000000 0.00000000
vn -0.00000000 1.00000000 0.00000000
vn -0.00000000 1.00000000 0.00000000
vn -0.00000000 1.00000000 0.00000000
vn -0.00000000 1.00000000 0.00000000
vn -0.00000000 1.00000000 0.00000000
vn -0.00000000 1.00000000 -0.00000000
vn -0.00000000 1.00000000 -0.00000000
vn -0.00000000 1.00000000 0.00000000
vn -0.00000000 1.00000000 0.00000000
vn -0.00000000 1.00000000 -0.00000000
vn -0.00000000 1.00000000 0.00000000
vn -0.00000000 1.00000000 0.00000000
vn -0.00000000 1.00000000 -0.00000000
vn -0.00000000 1.00000000 0.00000000
vn -0.00000000 1.00000000 0.00000000
vn -0.00000000 1.00000000 0.00000000
vn -0.00000000 1.00000000 0.00000000
vn -0.00000000 1.00000000 -0.00000000
vn -0.00000000 1.00000000 0.00000000
vn -0.00000000 1.00000000 0.00000000
vn -0.00000000 1.00000000 0.00000000
vn -0.00000000 1.00000000 0.00000000
vn -0.00000000 1.00000000 0.00000000
vn -0.00000000 1.00000000 -0.00000000
vn -0.00000000 1.00000000 -0.00000000
vn -0.00000000 1.00000000 -0.00000000
vn -0.00000000 1.00000000 -0.00000000
vn -0.00000000 1.00000000 -0.00000000
vn -0.00000000 1.00000000 -0.00000000
vn -0.00000000 1.00000000 -0.00000000
vn -0.00000000 1.00000000 -0.00000000
vn -0.00000000 1.00000000 0.00000000
vn -0.00000000 1.00000000 0.00000000
vn -0.00000000 1.00000000 0.00000000
vn -0.00000000 1.00000000 0.00000000
vn -0.00000000 1.00000000 0.00000000
vn -0.00000000 1.00000000 0.00000000
vn -0.00000000 1.00000000 -0.00000000
vn -0.00000000 1.00000000 0.00000000
vn -0.00000000 1.00000000 -0.00000000
vn -0.00000000 1.00000000 0.00000000
vn -0.00000000 1.00000000 0.00000000
vn -0.00000000 1.00000000 -0.00000000
vn -0.00000000 1.00000000 0.00000000
vn -0.00000000 1.00000000 -0.00000000
vn -0.00000000 1.00000000 -0.00000000
vn -0.00000000 1.00000000 -0.00000000
vn -0.00000000 1.00000000 0.00000000
vn -0.00000000 1.00000000 0.00000000
vn -0.00000000 1.00000000 -0.00000000
vn -0.00000000 1.00000000 0.00000000
vn -0.00000000 1.00000000 0.00000000
vn -0.00000000 1.00000000 0.00000000
vn -0.00000000 1.00000000 0.00000000
vn -0.00000000 1.00000000 0.00000000
vn -0.00000000 1.00000000 0.00000000
vn -0.00000000 1.00000000 0.00000000
vn 0.70710700 -0.70710700 0.00000000
vn -0.00000000 -1.00000000 -0.00000000
vn -0.00000000 -1.00000000 -0.00000000
vn 0.00000000 -1.00000000 0.00000000
vn 0.00000000 -1.00000000 0.00000000
vn 0.00000000 -1.00000000 0.00000000
vn -0.00000000 -1.00000000 -0.00000000
vn 0.00000000 -1.00000000 0.00000000
vn 0.00000000 -1.00000000 0.00000000
vn -0.00000000 -1.00000000 -0.00000000
vn -0.00000000 -1.00000000 -0.00000000
vn -0.00000000 -1.00000000 -0.00000000
vn 0.00000000 -1.00000000 0.00000000
vn 0.00000000 -1.00000000 0.00000000
vn 0.00000000 -1.00000000 0.00000000
vn 0.00000000 -1.00000000 0.00000000
vn 0.00000000 -1.00000000 0.00000000
vn 0.00000000 -1.00000000 0.00000000
vn 0.00000000 -1.00000000 0.00000000
vn -0.00000000 -1.00000000 -0.00000000
vn 0.00000000 -1.00000000 0.00000000
vn 0.00000000 -1.00000000 0.00000000
vn -0.00000000 -1.00000000 -0.00000000
vn 0.00000000 -1.00000000 0.00000000
vn -0.00000000 -1.00000000 -0.00000000
vn -0.00000000 -1.00000000 -0.00000000
vn -0.00000000 -1.00000000 -0.00000000
vn -0.00000000 -1.00000000 -0.00000000
vn -0.00000000 -1.00000000 -0.00000000
vn 0.00000000 -1.00000000 0.00000000
vn 0.00000000 -1.00000000 0.00000000
vn -0.00000000 -1.00000000 -0.00000000
vn 0.00000000 -1.00000000 0.00000000
vn -0.00000000 -1.00000000 -0.00000000
vn -0.00000000 -1.00000000 -0.00000000
vn -0.00000000 -1.00000000 -0.00000000
vn 0.00000000 -1.00000000 0.00000000
vn -0.00000000 -1.00000000 -0.00000000
vn -0.00000000 -1.00000000 -0.00000000
vn -0.00000000 -1.00000000 -0.00000000
vn -0.00000000 -1.00000000 -0.00000000
vn -0.00000000 -1.00000000 -0.00000000
vn -0.00000000 -1.00000000 -0.00000000
vn -0.00000000 -1.00000000 -0.00000000
vn 0.00000000 -1.00000000 0.00000000
vn 0.00000000 -1.00000000 0.00000000
vn -0.00000000 -1.00000000 -0.00000000
vn -0.00000000 -1.00000000 -0.00000000
vn 0.00000000 -1.00000000 0.00000000
vn -0.00000000 -1.00000000 -0.00000000
vn 0.00000000 -1.00000000 0.00000000
vn 0.00000000 -1.00000000 0.00000000
vn -0.00000000 -1.00000000 -0.00000000
vn -0.00000000 -1.00000000 -0.00000000
vn -0.00000000 -1.00000000 -0.00000000
vn 0.00000000 -1.00000000 0.00000000
vn 0.00000000 -1.00000000 0.00000000
vn -0.00000000 -1.00000000 -0.00000000
vn -0.00000000 -1.00000000 -0.00000000
vn 0.00000000 -1.00000000 0.00000000
vn -0.00000000 -1.00000000 -0.00000000
vn -0.00000000 -1.00000000 -0.00000000
vn 0.00000000 -1.00000000 0.00000000
vn -0.00000000 -1.00000000 -0.00000000
vn 0.00000000 -1.00000000 0.00000000
vn -0.00000000 -1.00000000 -0.00000000
vn -0.00000000 -1.00000000 -0.00000000
vn 0.00000000 -1.00000000 0.00000000
vn -0.00000000 -1.00000000 -0.00000000
vn -0.00000000 -1.00000000 -0.00000000
vn -0.00000000 -1.00000000 -0.00000000
vn 0.00000000 -1.00000000 0.00000000
vn -0.00000000 -1.00000000 -0.00000000
vn -0.00000000 -1.00000000 -0.00000000
vn 0.00000000 -1.00000000 0.00000000
vn 0.00000000 -1.00000000 0.00000000
vn 0.00000000 -1.00000000 0.00000000
vn -0.00000000 -1.00000000 -0.00000000
vn -0.00000000 -1.00000000 -0.00000000
vn 0.00000000 -1.00000000 0.00000000
vn -0.00000000 -1.00000000 -0.00000000
vn -0.00000000 -1.00000000 -0.00000000
vn 0.00000000 -1.00000000 0.00000000
vn -0.00000000 -1.00000000 -0.00000000
vn -0.00000000 -1.00000000 -0.00000000
vn 0.00000000 -1.00000000 0.00000000
vn -0.00000000 -1.00000000 -0.00000000
vn -0.00000000 -1.00000000 -0.00000000
vn -0.00000000 -1.00000000 -0.00000000
vn -0.00000000 -1.00000000 -0.00000000
vn -0.00000000 -1.00000000 -0.00000000
vn -0.00000000 -1.00000000 -0.00000000
vn 0.00000000 -1.00000000 0.00000000
vn 0.00000000 -1.00000000 0.00000000
vn 0.00000000 -1.00000000 0.00000000
vn 0.00000000 -1.00000000 0.00000000
vn -0.00000000 -1.00000000 -0.00000000
vn -0.00000000 -1.00000000 -0.00000000
vn 0.00000000 -0.70710700 -0.70710700
vn 0.00000000 -1.00000000 0.00000000
vn 0.00000000 -1.00000000 0.00000000
vn 0.00000000 -1.00000000 0.00000000
vn 0.00000000 -1.00000000 0.00000000
vn 0.00000000 -1.00000000 0.00000000
vn 0.00000000 -1.00000000 0.00000000
vn 0.00000000 -1.00000000 0.00000000
vn -0.70710700 0.00000000 -0.70710700
vn -0.70710700 0.70710700 0.00000000
vn 0.00000000 0.70710700 0.70710700
vn 0.70710700 -0.00000000 0.70710700
vn 0.70710700 -0.00000000 0.70710700
vn 0.00000000 -0.70710700 0.70710700
vn -0.70710700 -0.70710700 0.00000000
vn -0.70710700 0.00000000 -0.70710700
vn -0.70710700 0.70710700 0.00000000
vn -0.00000000 1.00000000 -0.00000000
vn -0.00000000 1.00000000 -0.00000000
vn -0.00000000 1.00000000 -0.00000000
vn 0.00000000 1.00000000 0.00000000
vn 0.00000000 1.00000000 0.00000000
vn 0.00000000 1.00000000 0.00000000
vn 0.00000000 1.00000000 0.00000000
vn 0.00000000 1.00000000 0.00000000
vn 0.00000000 1.00000000 0.00000000
vn -0.00000000 1.00000000 -0.00000000
vn 0.00000000 1.00000000 0.00000000
vn -0.00000000 1.00000000 -0.00000000
vn -0.00000000 1.00000000 -0.00000000
vn -0.00000000 1.00000000 -0.00000000
vn 0.00000000 1.00000000 0.00000000
vn 0.00000000 1.00000000 0.00000000
vn -0.00000000 1.00000000 -0.00000000
vn 0.00000000 1.00000000 0.00000000
vn -0.00000000 1.00000000 -0.00000000
vn -0.00000000 1.00000000 -0.00000000
vn -0.00000000 1.00000000 -0.00000000
vn 0.00000000 1.00000000 0.00000000
vn -0.00000000 1.00000000 -0.00000000
vn 0.00000000 1.00000000 0.00000000
vn 0.00000000 1.00000000 0.00000000
vn -0.00000000 1.00000000 -0.00000000
vn -0.00000000 1.00000000 -0.00000000
vn -0.00000000 1.00000000 -0.00000000
vn 0.00000000 1.00000000 0.00000000
vn -0.00000000 1.00000000 -0.00000000
vn 0.00000000 1.00000000 0.00000000
vn 0.00000000 1.00000000 0.00000000
vn 0.00000000 1.00000000 0.00000000
vn 0.00000000 1.00000000 0.00000000
vn -0.00000000 1.00000000 -0.00000000
vn -0.00000000 1.00000000 -0.00000000
vn 0.00000000 1.00000000 0.00000000
vn -0.00000000 1.00000000 -0.00000000
vn 0.00000000 1.00000000 0.00000000
vn 0.00000000 1.00000000 0.00000000
vn -0.00000000 1.00000000 -0.00000000
vn 0.00000000 1.00000000 0.00000000
vn -0.00000000 1.00000000 -0.00000000
vn -0.00000000 1.00000000 -0.00000000
vn 0.00000000 1.00000000 0.00000000
vn 0.00000000 1.00000000 0.00000000
vn 0.00000000 1.00000000 0.00000000
vn 0.00000000 1.00000000 0.00000000
vn 0.00000000 1.00000000 0.00000000
vn 0.00000000 1.00000000 0.00000000
vn -0.00000000 1.00000000 -0.00000000
vn 0.00000000 1.00000000 0.00000000
vn -0.00000000 1.00000000 -0.00000000
vn 0.00000000 1.00000000 0.00000000
vn -0.00000000 1.00000000 -0.00000000
vn 0.00000000 1.00000000 0.00000000
vn -0.00000000 1.00000000 -0.00000000
vn -0.00000000 1.00000000 -0.00000000
vn -0.00000000 1.00000000 -0.00000000
vn -0.00000000 1.00000000 -0.00000000
vn -0.00000000 1.00000000 -0.00000000
vn 0.00000000 1.00000000 0.00000000
vn 0.00000000 1.00000000 0.00000000
vn 0.00000000 1.00000000 0.00000000
vn -0.00000000 1.00000000 -0.00000000
vn 0.00000000 1.00000000 0.00000000
vn 0.00000000 1.00000000 0.00000000
vn -0.00000000 1.00000000 -0.00000000
vn -0.00000000 1.00000000 -0.00000000
vn 0.00000000 1.00000000 0.00000000
vn -0.00000000 1.00000000 -0.00000000
vn 0.00000000 1.00000000 0.00000000
vn 0.00000000 1.00000000 0.00000000
vn 0.00000000 1.00000000 0.00000000
vn -0.00000000 1.00000000 -0.00000000
vn 0.00000000 1.00000000 0.00000000
vn -0.00000000 1.00000000 -0.00000000
vn 0.00000000 1.00000000 0.00000000
vn -0.00000000 1.00000000 -0.00000000
vn -0.00000000 1.00000000 -0.00000000
vn -0.00000000 1.00000000 -0.00000000
vn 0.00000000 1.00000000 0.00000000
vn 0.00000000 1.00000000 0.00000000
vn 0.00000000 1.00000000 0.00000000
vn -0.00000000 1.00000000 -0.00000000
vn -0.00000000 1.00000000 -0.00000000
vn -0.00000000 1.00000000 -0.00000000
vn 0.00000000 1.00000000 0.00000000
vn -0.00000000 1.00000000 -0.00000000
vn -0.00000000 1.00000000 -0.00000000
vn 0.00000000 1.00000000 0.00000000
vn -0.00000000 1.00000000 -0.00000000
vn 0.00000000 1.00000000 0.00000000
vn -0.00000000 1.00000000 -0.00000000
vn -0.00000000 1.00000000 -0.00000000
vn 0.00000000 1.00000000 0.00000000
vn 0.00000000 1.00000000 0.00000000
vn 0.00000000 0.70710700 0.70710700
vn -0.00000000 1.00000000 -0.00000000
vn -0.00000000 1.00000000 -0.00000000
vn 0.00000000 1.00000000 -0.00000000
vn 0.00000000 1.00000000 -0.00000000
vn -0.00000000 1.00000000 -0.00000000
vn -0.00000000 1.00000000 -0.00000000
vn 0.00000000 1.00000000 -0.00000000
vn -0.00000000 -0.70710700 0.70710700
vn 0.00000000 -1.00000000 -0.00000000
vn 0.00000000 -1.00000000 -0.00000000
vn 0.00000000 -1.00000000 0.00000000
vn 0.00000000 -1.00000000 0.00000000
vn 0.00000000 -1.00000000 0.00000000
vn 0.00000000 -1.00000000 0.00000000
vn 0.00000000 -1.00000000 -0.00000000
vn -0.70710700 -0.70710700 0.00000000
vn 0.00000000 -1.00000000 0.00000000
vn 0.00000000 -1.00000000 0.00000000
vn 0.00000000 -1.00000000 0.00000000
vn 0.00000000 -1.00000000 0.00000000
vn 0.00000000 -1.00000000 0.00000000
vn 0.00000000 -1.00000000 0.00000000
vn 0.00000000 -1.00000000 0.00000000
vn 0.00000000 -1.00000000 0.00000000
vn 0.00000000 -1.00000000 0.00000000
vn 0.00000000 -1.00000000 0.00000000
vn 0.00000000 -1.00000000 0.00000000
vn 0.00000000 -1.00000000 0.00000000
vn 0.00000000 -1.00000000 0.00000000
vn 0.00000000 -1.00000000 0.00000000
vn 0.00000000 -1.00000000 0.00000000
vn 0.00000000 -1.00000000 0.00000000
vn 0.00000000 -1.00000000 0.00000000
vn 0.00000000 -1.00000000 0.00000000
vn 0.00000000 -1.00000000 0.00000000
vn 0.00000000 -1.00000000 0.00000000
vn 0.00000000 -1.00000000 0.00000000
vn 0.00000000 -1.00000000 0.00000000
vn 0.00000000 -1.00000000 0.00000000
vn 0.00000000 -1.00000000 0.00000000
vn 0.00000000 -1.00000000 0.00000000
vn 0.00000000 -1.00000000 0.00000000
vn 0.00000000 -1.00000000 0.00000000
vn 0.00000000 -1.00000000 0.00000000
vn 0.00000000 -1.00000000 0.00000000
vn 0.00000000 -1.00000000 0.00000000
vn 0.00000000 -1.00000000 0.00000000
vn 0.00000000 -1.00000000 0.00000000
vn 0.00000000 -1.00000000 0.00000000
vn 0.00000000 -1.00000000 0.00000000
vn 0.00000000 -1.00000000 0.00000000
vn 0.00000000 -1.00000000 0.00000000
vn 0.00000000 -1.00000000 0.00000000
vn 0.00000000 -1.00000000 0.00000000
vn 0.00000000 -1.00000000 0.00000000
vn 0.00000000 -1.00000000 0.00000000
vn 0.00000000 -1.00000000 0.00000000
vn 0.00000000 -1.00000000 0.00000000
vn 0.00000000 -1.00000000 0.00000000
vn 0.00000000 -1.00000000 0.00000000
vn 0.00000000 -1.00000000 0.00000000
vn 0.00000000 -1.00000000 0.00000000
vn 0.00000000 -1.00000000 0.00000000
vn 0.00000000 -1.00000000 0.00000000
vn 0.00000000 -1.00000000 0.00000000
vn 0.00000000 -1.00000000 0.00000000
vn 0.00000000 -1.00000000 0.00000000
vn 0.00000000 -1.00000000 0.00000000
vn 0.00000000 -1.00000000 0.00000000
vn 0.00000000 -1.00000000 0.00000000
vn 0.00000000 -1.00000000 0.00000000
vn 0.00000000 -1.00000000 0.00000000
vn 0.00000000 -1.00000000 0.00000000
vn 0.00000000 -1.00000000 0.00000000
vn 0.00000000 -1.00000000 0.00000000
vn 0.00000000 -1.00000000 0.00000000
vn 0.00000000 -1.00000000 0.00000000
vn 0.00000000 -1.00000000 0.00000000
vn 0.00000000 -1.00000000 0.00000000
vn 0.00000000 -1.00000000 0.00000000
vn 0.00000000 -1.00000000 0.00000000
vn 0.00000000 -1.00000000 0.00000000
vn 0.00000000 -1.00000000 0.00000000
vn 0.00000000 -1.00000000 0.00000000
vn 0.00000000 -1.00000000 0.00000000
vn 0.00000000 -1.00000000 0.00000000
vn 0.00000000 -1.00000000 0.00000000
vn 0.00000000 -1.00000000 0.00000000
vn 0.00000000 -1.00000000 0.00000000
vn 0.00000000 -1.00000000 0.00000000
vn 0.00000000 -1.00000000 0.00000000
vn 0.00000000 -1.00000000 0.00000000
vn 0.00000000 -1.00000000 0.00000000
vn 0.00000000 -1.00000000 0.00000000
vn 0.00000000 -1.00000000 0.00000000
vn 0.00000000 -1.00000000 0.00000000
vn 0.00000000 -1.00000000 0.00000000
vn 0.00000000 -1.00000000 0.00000000
vn 0.00000000 -1.00000000 0.00000000
vn 0.00000000 -1.00000000 0.00000000
vn 0.00000000 -1.00000000 0.00000000
vn 0.00000000 -1.00000000 0.00000000
vn 0.00000000 -1.00000000 0.00000000
vn 0.00000000 -1.00000000 0.00000000
vn 0.00000000 -1.00000000 0.00000000
vn 0.00000000 -1.00000000 0.00000000
vn 0.00000000 -1.00000000 0.00000000
vn 0.00000000 -1.00000000 0.00000000
vn 0.00000000 -1.00000000 0.00000000
vn 0.00000000 -1.00000000 0.00000000
vn 0.00000000 -1.00000000 0.00000000
vn 0.00000000 -1.00000000 0.00000000
vn 0.00000000 -1.00000000 0.00000000
vn -0.70710700 0.00000000 0.70710700
vn -0.70710700 -0.00000000 0.70710700
vn -0.00000000 -0.00000000 1.00000000
vn -0.00000000 -0.00000000 1.00000000
vn -0.00000000 -0.00000000 1.00000000
vn -0.00000000 -0.00000000 1.00000000
vn -0.00000000 -0.00000000 1.00000000
vn -0.00000000 -0.00000000 1.00000000
vn -0.00000000 -0.00000000 1.00000000
vn -0.00000000 -0.00000000 1.00000000
vn -0.00000000 -0.00000000 1.00000000
vn -0.00000000 -0.00000000 1.00000000
vn -0.00000000 -0.00000000 1.00000000
vn -0.00000000 -0.00000000 1.00000000
vn -0.00000000 -0.00000000 1.00000000
vn -0.00000000 -0.00000000 1.00000000
vn -0.00000000 -0.00000000 1.00000000
vn -0.00000000 -0.00000000 1.00000000
vn -0.00000000 -0.00000000 1.00000000
vn -0.00000000 -0.00000000 1.00000000
vn -0.00000000 -0.00000000 1.00000000
vn -0.00000000 -0.00000000 1.00000000
vn -0.00000000 -0.00000000 1.00000000
vn -0.00000000 -0.00000000 1.00000000
vn -0.00000000 -0.00000000 1.00000000
vn -0.00000000 -0.00000000 1.00000000
vn -0.00000000 -0.00000000 1.00000000
vn -0.00000000 -0.00000000 1.00000000
vn -0.00000000 -0.00000000 1.00000000
vn -0.00000000 -0.00000000 1.00000000
vn -0.00000000 -0.00000000 1.00000000
vn -0.00000000 -0.00000000 1.00000000
vn -0.00000000 -0.00000000 1.00000000
vn -0.00000000 -0.00000000 1.00000000
vn -0.00000000 -0.00000000 1.00000000
vn -0.00000000 -0.00000000 1.00000000
vn -0.00000000 -0.00000000 1.00000000
vn -0.00000000 -0.00000000 1.00000000
vn -0.00000000 -0.00000000 1.00000000
vn -0.00000000 -0.00000000 1.00000000
vn -0.00000000 -0.00000000 1.00000000
vn -0.00000000 -0.00000000 1.00000000
vn -0.00000000 -0.00000000 1.00000000
vn -0.00000000 -0.00000000 1.00000000
vn -0.00000000 -0.00000000 1.00000000
vn -0.00000000 -0.00000000 1.00000000
vn -0.00000000 -0.00000000 1.00000000
vn -0.00000000 -0.00000000 1.00000000
vn -0.00000000 -0.00000000 1.00000000
vn -0.00000000 -0.00000000 1.00000000
vn -0.00000000 -0.00000000 1.00000000
vn -0.00000000 -0.00000000 1.00000000
vn -0.00000000 -0.00000000 1.00000000
vn -0.00000000 -0.00000000 1.00000000
vn -0.00000000 -0.00000000 1.00000000
vn -0.00000000 -0.00000000 1.00000000
vn -0.00000000 -0.00000000 1.00000000
vn -0.00000000 -0.00000000 1.00000000
vn -0.00000000 -0.00000000 1.00000000
vn -0.00000000 -0.00000000 1.00000000
vn -0.00000000 -0.00000000 1.00000000
vn -0.00000000 -0.00000000 1.00000000
vn -0.00000000 -0.00000000 1.00000000
vn -0.00000000 -0.00000000 1.00000000
vn -0.00000000 -0.00000000 1.00000000
vn -0.00000000 -0.00000000 1.00000000
vn -0.00000000 -0.00000000 1.00000000
vn -0.00000000 -0.00000000 1.00000000
vn -0.00000000 -0.00000000 1.00000000
vn -0.00000000 -0.00000000 1.00000000
vn -0.00000000 -0.00000000 1.00000000
vn -0.00000000 -0.00000000 1.00000000
vn -0.00000000 -0.00000000 1.00000000
vn -0.00000000 -0.00000000 1.00000000
vn -0.00000000 -0.00000000 1.00000000
vn -0.00000000 -0.00000000 1.00000000
vn -0.00000000 -0.00000000 1.00000000
vn -0.00000000 -0.00000000 1.00000000
vn -0.00000000 -0.00000000 1.00000000
vn -1.00000000 0.00000000 0.00000000
vn -1.00000000 0.00000000 0.00000000
vn -1.00000000 0.00000000 0.00000000
vn -1.00000000 0.00000000 0.00000000
vn -1.00000000 0.00000000 0.00000000
vn -1.00000000 0.00000000 0.00000000
vn -1.00000000 0.00000000 0.00000000
vn -1.00000000 0.00000000 0.00000000
vn -1.00000000 0.00000000 0.00000000
vn -1.00000000 0.00000000 0.00000000
vn -1.00000000 0.00000000 0.00000000
vn -1.00000000 0.00000000 0.00000000
vn -1.00000000 0.00000000 0.00000000
vn -1.00000000 0.00000000 0.00000000
vn -1.00000000 0.00000000 0.00000000
vn -1.00000000 0.00000000 0.00000000
vn -1.00000000 0.00000000 0.00000000
vn -1.00000000 0.00000000 0.00000000
vn -1.00000000 0.00000000 0.00000000
vn -1.00000000 0.00000000 0.00000000
vn -1.00000000 0.00000000 0.00000000
vn -1.00000000 0.00000000 0.00000000
vn -1.00000000 0.00000000 0.00000000
vn -1.00000000 0.00000000 0.00000000
vn -1.00000000 0.00000000 0.00000000
vn -1.00000000 0.00000000 0.00000000
vn -1.00000000 0.00000000 0.00000000
vn -1.00000000 0.00000000 0.00000000
vn -1.00000000 0.00000000 0.00000000
vn -1.00000000 0.00000000 0.00000000
vn -1.00000000 0.00000000 0.00000000
vn -1.00000000 0.00000000 0.00000000
vn -1.00000000 0.00000000 0.00000000
vn -1.00000000 0.00000000 0.00000000
vn -1.00000000 0.00000000 0.00000000
vn -1.00000000 0.00000000 0.00000000
vn -1.00000000 0.00000000 0.00000000
vn -1.00000000 0.00000000 0.00000000
vn -1.00000000 0.00000000 0.00000000
vn -1.00000000 0.00000000 0.00000000
vn -1.00000000 0.00000000 0.00000000
vn -1.00000000 0.00000000 0.00000000
vn -1.00000000 0.00000000 0.00000000
vn -1.00000000 0.00000000 0.00000000
vn -1.00000000 0.00000000 0.00000000
vn -1.00000000 0.00000000 0.00000000
vn -1.00000000 0.00000000 0.00000000
vn -1.00000000 0.00000000 0.00000000
vn -1.00000000 0.00000000 0.00000000
vn -1.00000000 0.00000000 0.00000000
vn -1.00000000 0.00000000 0.00000000
vn -1.00000000 0.00000000 0.00000000
vn -1.00000000 0.00000000 0.00000000
vn -1.00000000 0.00000000 0.00000000
vn -1.00000000 0.00000000 0.00000000
vn -1.00000000 0.00000000 0.00000000
vn -1.00000000 0.00000000 0.00000000
vn -1.00000000 0.00000000 0.00000000
vn -1.00000000 0.00000000 0.00000000
vn -1.00000000 0.00000000 0.00000000
vn -1.00000000 0.00000000 0.00000000
vn -1.00000000 0.00000000 0.00000000
vn -1.00000000 0.00000000 0.00000000
vn -1.00000000 0.00000000 0.00000000
vn -1.00000000 0.00000000 0.00000000
vn -1.00000000 0.00000000 0.00000000
vn -1.00000000 0.00000000 0.00000000
vn -1.00000000 0.00000000 0.00000000
vn -1.00000000 0.00000000 0.00000000
vn -1.00000000 0.00000000 0.00000000
vn -1.00000000 0.00000000 0.00000000
vn -1.00000000 0.00000000 0.00000000
vn -1.00000000 0.00000000 0.00000000
vn -1.00000000 0.00000000 0.00000000
vn -1.00000000 0.00000000 0.00000000
vn -1.00000000 0.00000000 0.00000000
vn -1.00000000 0.00000000 0.00000000
vn -1.00000000 0.00000000 0.00000000
vn -1.00000000 0.00000000 0.00000000
vn -1.00000000 0.00000000 0.00000000
vn -1.00000000 0.00000000 0.00000000
vn -1.00000000 0.00000000 0.00000000
vn -1.00000000 0.00000000 0.00000000
vn -1.00000000 0.00000000 0.00000000
vn -1.00000000 0.00000000 0.00000000
vn -1.00000000 0.00000000 0.00000000
vn -1.00000000 0.00000000 0.00000000
vn -1.00000000 0.00000000 0.00000000
vn -1.00000000 0.00000000 0.00000000
vn -1.00000000 0.00000000 0.00000000
vn -1.00000000 0.00000000 0.00000000
vn -1.00000000 0.00000000 0.00000000
vn -1.00000000 0.00000000 0.00000000
vn -1.00000000 0.00000000 0.00000000
vn -1.00000000 0.00000000 0.00000000
vn -1.00000000 0.00000000 0.00000000
vn -1.00000000 0.00000000 0.00000000
vn -1.00000000 0.00000000 0.00000000
vn -1.00000000 0.00000000 0.00000000
vn -1.00000000 0.00000000 0.00000000
vn -1.00000000 0.00000000 0.00000000
vn -1.00000000 0.00000000 0.00000000
vn -1.00000000 0.00000000 0.00000000
vn -1.00000000 0.00000000 0.00000000
vn -1.00000000 0.00000000 0.00000000
vn -1.00000000 0.00000000 0.00000000
vn -1.00000000 0.00000000 0.00000000
vn -1.00000000 0.00000000 0.00000000
vn -1.00000000 0.00000000 0.00000000
vn -1.00000000 0.00000000 0.00000000
vn -1.00000000 0.00000000 0.00000000
vn -1.00000000 0.00000000 0.00000000
vn -1.00000000 0.00000000 0.00000000
vn -1.00000000 0.00000000 0.00000000
vn -1.00000000 0.00000000 0.00000000
vn -1.00000000 0.00000000 0.00000000
vn -1.00000000 0.00000000 0.00000000
vn -1.00000000 0.00000000 0.00000000
vn -1.00000000 0.00000000 0.00000000
vn -1.00000000 0.00000000 0.00000000
vn -1.00000000 0.00000000 0.00000000
vn -1.00000000 0.00000000 0.00000000
vn -1.00000000 0.00000000 0.00000000
vn -1.00000000 0.00000000 0.00000000
vn -1.00000000 0.00000000 0.00000000
vn -1.00000000 0.00000000 0.00000000
vn -1.00000000 0.00000000 0.00000000
vn -1.00000000 0.00000000 0.00000000
vn -1.00000000 0.00000000 0.00000000
vn -1.00000000 0.00000000 0.00000000
vn -1.00000000 0.00000000 0.00000000
vn -1.00000000 0.00000000 0.00000000
vn -1.00000000 0.00000000 0.00000000
vn -1.00000000 0.00000000 0.00000000
vn -1.00000000 0.00000000 0.00000000
vn -1.00000000 0.00000000 0.00000000
vn -1.00000000 0.00000000 0.00000000
vn -1.00000000 0.00000000 0.00000000
vn -1.00000000 0.00000000 0.00000000
vn -1.00000000 0.00000000 0.00000000
vn -1.00000000 0.00000000 0.00000000
vn -1.00000000 0.00000000 0.00000000
vn -1.00000000 0.00000000 0.00000000
vn -1.00000000 0.00000000 0.00000000
vn -1.00000000 0.00000000 0.00000000
vn -1.00000000 0.00000000 0.00000000
vn -1.00000000 0.00000000 0.00000000
vn -1.00000000 0.00000000 0.00000000
vn -1.00000000 0.00000000 0.00000000
vn -1.00000000 0.00000000 0.00000000
vn -1.00000000 0.00000000 0.00000000
vn -1.00000000 0.00000000 0.00000000
vn -1.00000000 0.00000000 0.00000000
vn -1.00000000 0.00000000 0.00000000
vn -1.00000000 0.00000000 0.00000000
vn -1.00000000 0.00000000 0.00000000
vn -1.00000000 0.00000000 0.00000000
vn -1.00000000 0.00000000 0.00000000
vn -1.00000000 0.00000000 0.00000000
vn -1.00000000 0.00000000 0.00000000
vn -1.00000000 0.00000000 0.00000000
vn -1.00000000 0.00000000 0.00000000
vn -1.00000000 0.00000000 0.00000000
vn -1.00000000 0.00000000 0.00000000
vn -1.00000000 0.00000000 0.00000000
vn -1.00000000 0.00000000 0.00000000
vn -1.00000000 0.00000000 0.00000000
vn -1.00000000 0.00000000 0.00000000
vn -1.00000000 0.00000000 0.00000000
vn -1.00000000 0.00000000 0.00000000
vn -1.00000000 0.00000000 0.00000000
vn -1.00000000 0.00000000 0.00000000
vn -1.00000000 0.00000000 0.00000000
vn -1.00000000 0.00000000 0.00000000
vn -1.00000000 0.00000000 0.00000000
vn -1.00000000 0.00000000 0.00000000
vn -1.00000000 0.00000000 0.00000000
vn -1.00000000 0.00000000 0.00000000
vn -1.00000000 0.00000000 0.00000000
vn -1.00000000 0.00000000 0.00000000
vn -1.00000000 0.00000000 0.00000000
vn -1.00000000 0.00000000 0.00000000
vn -1.00000000 0.00000000 0.00000000
vn -1.00000000 0.00000000 0.00000000
vn -1.00000000 0.00000000 0.00000000
vn -1.00000000 0.00000000 0.00000000
vn -1.00000000 0.00000000 0.00000000
vn -1.00000000 0.00000000 0.00000000
vn -1.00000000 0.00000000 0.00000000
vn -1.00000000 0.00000000 0.00000000
vn -1.00000000 0.00000000 0.00000000
vn -1.00000000 0.00000000 0.00000000
vn -1.00000000 0.00000000 0.00000000
vn -1.00000000 0.00000000 0.00000000
vn -1.00000000 0.00000000 0.00000000
vn -1.00000000 0.00000000 0.00000000
vn -1.00000000 0.00000000 0.00000000
vn -1.00000000 0.00000000 0.00000000
vn -1.00000000 0.00000000 0.00000000
vn -1.00000000 0.00000000 0.00000000
vn -1.00000000 0.00000000 0.00000000
vn -1.00000000 0.00000000 0.00000000
vn -1.00000000 0.00000000 0.00000000
vn -1.00000000 0.00000000 0.00000000
vn -1.00000000 0.00000000 0.00000000
vn -1.00000000 0.00000000 0.00000000
vn -1.00000000 0.00000000 0.00000000
vn -1.00000000 0.00000000 0.00000000
vn -1.00000000 0.00000000 0.00000000
vn -1.00000000 0.00000000 0.00000000
vn -1.00000000 0.00000000 0.00000000
vn -1.00000000 0.00000000 0.00000000
vn -1.00000000 0.00000000 0.00000000
vn -1.00000000 0.00000000 0.00000000
vn -1.00000000 0.00000000 0.00000000
vn -1.00000000 0.00000000 0.00000000
vn -1.00000000 0.00000000 0.00000000
vn -1.00000000 0.00000000 0.00000000
vn -1.00000000 0.00000000 0.00000000
vn -1.00000000 0.00000000 0.00000000
vn -1.00000000 0.00000000 0.00000000
vn -1.00000000 0.00000000 0.00000000
vn -1.00000000 0.00000000 0.00000000
vn -1.00000000 0.00000000 0.00000000
vn -1.00000000 0.00000000 0.00000000
vn -1.00000000 0.00000000 0.00000000
vn -1.00000000 0.00000000 0.00000000
vn -1.00000000 0.00000000 0.00000000
vn -1.00000000 0.00000000 0.00000000
vn -1.00000000 0.00000000 0.00000000
vn -1.00000000 0.00000000 0.00000000
vn -1.00000000 0.00000000 0.00000000
vn -1.00000000 0.00000000 0.00000000
vn -1.00000000 0.00000000 0.00000000
vn -1.00000000 0.00000000 0.00000000
vn -1.00000000 0.00000000 0.00000000
vn -1.00000000 0.00000000 0.00000000
vn -1.00000000 0.00000000 0.00000000
vn -1.00000000 0.00000000 0.00000000
vn -1.00000000 0.00000000 0.00000000
vn -1.00000000 0.00000000 0.00000000
vn -1.00000000 0.00000000 0.00000000
vn -1.00000000 0.00000000 0.00000000
vn -1.00000000 0.00000000 0.00000000
vn -1.00000000 0.00000000 0.00000000
vn -1.00000000 0.00000000 0.00000000
vn -1.00000000 0.00000000 0.00000000
vn -1.00000000 0.00000000 0.00000000
vn -1.00000000 0.00000000 0.00000000
vn -1.00000000 0.00000000 0.00000000
vn -1.00000000 0.00000000 0.00000000
vn -1.00000000 0.00000000 0.00000000
vn -1.00000000 0.00000000 0.00000000
vn -1.00000000 0.00000000 0.00000000
vn -1.00000000 0.00000000 0.00000000
vn -1.00000000 0.00000000 0.00000000
vn -1.00000000 0.00000000 0.00000000
vn -1.00000000 0.00000000 0.00000000
vn -1.00000000 0.00000000 0.00000000
vn -1.00000000 0.00000000 0.00000000
vn -1.00000000 0.00000000 0.00000000
vn -1.00000000 0.00000000 0.00000000
vn -1.00000000 0.00000000 0.00000000
vn -1.00000000 0.00000000 0.00000000
vn -1.00000000 0.00000000 0.00000000
vn -1.00000000 0.00000000 0.00000000
vn -1.00000000 0.00000000 0.00000000
vn -1.00000000 0.00000000 0.00000000
vn -1.00000000 0.00000000 0.00000000
vn -1.00000000 0.00000000 0.00000000
vn -1.00000000 0.00000000 0.00000000
vn -1.00000000 0.00000000 0.00000000
vn -1.00000000 0.00000000 0.00000000
vn -1.00000000 0.00000000 0.00000000
vn -1.00000000 0.00000000 0.00000000
vn -1.00000000 0.00000000 0.00000000
vn -1.00000000 0.00000000 0.00000000
vn -1.00000000 0.00000000 0.00000000
vn -1.00000000 0.00000000 0.00000000
vn -1.00000000 0.00000000 0.00000000
vn -1.00000000 0.00000000 0.00000000
vn -1.00000000 0.00000000 0.00000000
vn -1.00000000 0.00000000 0.00000000
vn -1.00000000 0.00000000 0.00000000
vn -1.00000000 0.00000000 0.00000000
vn -1.00000000 0.00000000 0.00000000
vn -1.00000000 0.00000000 0.00000000
vn -1.00000000 0.00000000 0.00000000
vn -1.00000000 0.00000000 0.00000000
vn -1.00000000 0.00000000 0.00000000
vn -1.00000000 0.00000000 0.00000000
vn -1.00000000 0.00000000 0.00000000
vn -1.00000000 0.00000000 0.00000000
vn -1.00000000 0.00000000 0.00000000
vn -1.00000000 0.00000000 0.00000000
vn -1.00000000 0.00000000 0.00000000
vn -1.00000000 0.00000000 0.00000000
vn -1.00000000 0.00000000 0.00000000
vn -1.00000000 0.00000000 0.00000000
vn -1.00000000 0.00000000 0.00000000
vn -1.00000000 0.00000000 0.00000000
vn -1.00000000 0.00000000 0.00000000
vn -1.00000000 0.00000000 0.00000000
vn -1.00000000 0.00000000 0.00000000
vn -1.00000000 0.00000000 0.00000000
vn -1.00000000 0.00000000 0.00000000
vn -1.00000000 0.00000000 0.00000000
vn -1.00000000 0.00000000 0.00000000
vn -1.00000000 0.00000000 0.00000000
vn -1.00000000 0.00000000 0.00000000
vn -1.00000000 0.00000000 0.00000000
vn -1.00000000 0.00000000 0.00000000
vn -1.00000000 0.00000000 0.00000000
vn -1.00000000 0.00000000 0.00000000
vn -1.00000000 0.00000000 0.00000000
vn -1.00000000 0.00000000 0.00000000
vn -1.00000000 0.00000000 0.00000000
vn -1.00000000 0.00000000 0.00000000
vn -1.00000000 0.00000000 0.00000000
vn -1.00000000 0.00000000 0.00000000
vn -1.00000000 0.00000000 0.00000000
vn -1.00000000 0.00000000 0.00000000
vn -1.00000000 0.00000000 0.00000000
vn -1.00000000 0.00000000 0.00000000
vn -1.00000000 0.00000000 0.00000000
vn -1.00000000 0.00000000 0.00000000
vn -1.00000000 0.00000000 0.00000000
vn -1.00000000 0.00000000 0.00000000
vn -1.00000000 0.00000000 0.00000000
vn -1.00000000 0.00000000 0.00000000
vn -1.00000000 0.00000000 0.00000000
vn -1.00000000 0.00000000 0.00000000
vn -1.00000000 0.00000000 0.00000000
vn -1.00000000 0.00000000 0.00000000
vn -1.00000000 0.00000000 0.00000000
vn -1.00000000 0.00000000 0.00000000
vn -1.00000000 0.00000000 0.00000000
vn -1.00000000 0.00000000 0.00000000
vn -1.00000000 0.00000000 0.00000000
vn -1.00000000 0.00000000 0.00000000
vn -1.00000000 0.00000000 0.00000000
vn -1.00000000 0.00000000 0.00000000
vn -1.00000000 0.00000000 0.00000000
vn -1.00000000 0.00000000 0.00000000
vn -1.00000000 0.00000000 0.00000000
vn -1.00000000 0.00000000 0.00000000
vn -1.00000000 0.00000000 0.00000000
vn -1.00000000 0.00000000 0.00000000
vn -1.00000000 0.00000000 0.00000000
vn -1.00000000 0.00000000 0.00000000
vn -1.00000000 0.00000000 0.00000000
vn -1.00000000 0.00000000 0.00000000
vn -1.00000000 0.00000000 0.00000000
vn -1.00000000 0.00000000 0.00000000
vn -1.00000000 0.00000000 0.00000000
vn -1.00000000 0.00000000 0.00000000
vn -1.00000000 0.00000000 0.00000000
vn -1.00000000 0.00000000 0.00000000
vn -1.00000000 0.00000000 0.00000000
vn -1.00000000 0.00000000 0.00000000
vn -1.00000000 0.00000000 0.00000000
vn -1.00000000 0.00000000 0.00000000
vn -1.00000000 0.00000000 0.00000000
vn -1.00000000 0.00000000 0.00000000
vn -1.00000000 0.00000000 0.00000000
vn -1.00000000 0.00000000 0.00000000
vn -1.00000000 0.00000000 0.00000000
vn -1.00000000 0.00000000 0.00000000
vn -1.00000000 0.00000000 0.00000000
vn -1.00000000 0.00000000 0.00000000
vn -1.00000000 0.00000000 0.00000000
vn -1.00000000 0.00000000 0.00000000
vn -1.00000000 0.00000000 0.00000000
vn -1.00000000 0.00000000 0.00000000
vn -1.00000000 0.00000000 0.00000000
vn -1.00000000 0.00000000 0.00000000
vn -1.00000000 0.00000000 0.00000000
vn -1.00000000 0.00000000 0.00000000
vn -1.00000000 0.00000000 0.00000000
vn -1.00000000 0.00000000 0.00000000
vn -1.00000000 0.00000000 0.00000000
vn -1.00000000 0.00000000 0.00000000
vn -1.00000000 0.00000000 0.00000000
vn -1.00000000 0.00000000 0.00000000
vn -1.00000000 0.00000000 0.00000000
vn -1.00000000 0.00000000 0.00000000
vn -1.00000000 0.00000000 0.00000000
vn -1.00000000 0.00000000 0.00000000
vn -1.00000000 0.00000000 0.00000000
vn -1.00000000 0.00000000 0.00000000
vn -1.00000000 0.00000000 0.00000000
vn -1.00000000 0.00000000 0.00000000
vn -1.00000000 0.00000000 0.00000000
vn -1.00000000 0.00000000 0.00000000
vn -1.00000000 0.00000000 0.00000000
vn -1.00000000 0.00000000 0.00000000
vn -1.00000000 0.00000000 0.00000000
vn -1.00000000 0.00000000 0.00000000
vn -1.00000000 0.00000000 0.00000000
vn -1.00000000 0.00000000 0.00000000
vn -1.00000000 0.00000000 0.00000000
vn -1.00000000 0.00000000 0.00000000
vn -1.00000000 0.00000000 0.00000000
vn -1.00000000 0.00000000 0.00000000
vn -1.00000000 0.00000000 0.00000000
vn -1.00000000 0.00000000 0.00000000
vn -1.00000000 0.00000000 0.00000000
vn -1.00000000 0.00000000 0.00000000
vn -1.00000000 0.00000000 0.00000000
vn -1.00000000 0.00000000 0.00000000
vn -1.00000000 0.00000000 0.00000000
vn -1.00000000 0.00000000 0.00000000
vn -1.00000000 0.00000000 0.00000000
vn -1.00000000 0.00000000 0.00000000
vn -1.00000000 0.00000000 0.00000000
vn -1.00000000 0.00000000 0.00000000
vn -1.00000000 0.00000000 0.00000000
vn -1.00000000 0.00000000 0.00000000
vn -1.00000000 0.00000000 0.00000000
vn -1.00000000 0.00000000 0.00000000
vn -1.00000000 0.00000000 0.00000000
vn -1.00000000 0.00000000 0.00000000
vn -1.00000000 0.00000000 0.00000000
vn -1.00000000 0.00000000 0.00000000
vn -1.00000000 0.00000000 0.00000000
vn -1.00000000 0.00000000 0.00000000
vn -1.00000000 0.00000000 0.00000000
vn -1.00000000 0.00000000 0.00000000
vn -1.00000000 0.00000000 0.00000000
vn -1.00000000 0.00000000 0.00000000
vn -1.00000000 0.00000000 0.00000000
vn -1.00000000 0.00000000 0.00000000
vn -1.00000000 0.00000000 0.00000000
vn -1.00000000 0.00000000 0.00000000
vn -1.00000000 0.00000000 0.00000000
vn -1.00000000 0.00000000 0.00000000
vn -1.00000000 0.00000000 0.00000000
vn -1.00000000 0.00000000 0.00000000
vn -1.00000000 0.00000000 0.00000000
vn -1.00000000 0.00000000 0.00000000
vn -1.00000000 0.00000000 0.00000000
vn -1.00000000 0.00000000 0.00000000
vn -1.00000000 0.00000000 0.00000000
vn -1.00000000 0.00000000 0.00000000
vn -1.00000000 0.00000000 0.00000000
vn -1.00000000 0.00000000 0.00000000
vn -1.00000000 0.00000000 0.00000000
vn -1.00000000 0.00000000 0.00000000
vn -1.00000000 0.00000000 0.00000000
vn -1.00000000 0.00000000 0.00000000
vn -1.00000000 0.00000000 0.00000000
vn -1.00000000 0.00000000 0.00000000
vn -1.00000000 0.00000000 0.00000000
vn -1.00000000 0.00000000 0.00000000
vn -1.00000000 0.00000000 0.00000000
vn -1.00000000 0.00000000 0.00000000
vn -1.00000000 0.00000000 0.00000000
vn -1.00000000 0.00000000 0.00000000
vn -1.00000000 0.00000000 0.00000000
vn -1.00000000 0.00000000 0.00000000
vn -1.00000000 0.00000000 0.00000000
vn -1.00000000 0.00000000 0.00000000
vn -1.00000000 0.00000000 0.00000000
vn -1.00000000 0.00000000 0.00000000
vn -1.00000000 0.00000000 0.00000000
vn -1.00000000 0.00000000 0.00000000
vn -1.00000000 0.00000000 0.00000000
vn -1.00000000 0.00000000 0.00000000
vn -1.00000000 0.00000000 0.00000000
vn -1.00000000 0.00000000 0.00000000
vn -1.00000000 0.00000000 0.00000000
vn -1.00000000 0.00000000 0.00000000
vn -1.00000000 0.00000000 0.00000000
vn -1.00000000 0.00000000 0.00000000
vn -1.00000000 0.00000000 0.00000000
vn -1.00000000 0.00000000 0.00000000
vn -1.00000000 0.00000000 0.00000000
vn -1.00000000 0.00000000 0.00000000
vn -1.00000000 0.00000000 0.00000000
vn -1.00000000 0.00000000 0.00000000
vn -1.00000000 0.00000000 0.00000000
vn -1.00000000 0.00000000 0.00000000
vn -1.00000000 0.00000000 0.00000000
vn -1.00000000 0.00000000 0.00000000
vn -1.00000000 0.00000000 0.00000000
vn -1.00000000 0.00000000 0.00000000
vn -1.00000000 0.00000000 0.00000000
vn -1.00000000 0.00000000 0.00000000
vn -1.00000000 0.00000000 0.00000000
vn -1.00000000 0.00000000 0.00000000
vn -1.00000000 0.00000000 0.00000000
vn -1.00000000 0.00000000 0.00000000
vn -1.00000000 0.00000000 0.00000000
vn -1.00000000 0.00000000 0.00000000
vn -1.00000000 0.00000000 0.00000000
vn -1.00000000 0.00000000 0.00000000
vn -1.00000000 0.00000000 0.00000000
vn -1.00000000 0.00000000 0.00000000
vn -1.00000000 0.00000000 0.00000000
vn -1.00000000 0.00000000 0.00000000
vn -1.00000000 0.00000000 0.00000000
vn -1.00000000 0.00000000 0.00000000
vn -1.00000000 0.00000000 0.00000000
vn -1.00000000 0.00000000 0.00000000
vn -1.00000000 0.00000000 0.00000000
vn -1.00000000 0.00000000 0.00000000
vn -1.00000000 0.00000000 0.00000000
vn -1.00000000 0.00000000 0.00000000
vn -1.00000000 0.00000000 0.00000000
vn -1.00000000 0.00000000 0.00000000
vn -1.00000000 0.00000000 0.00000000
vn -1.00000000 0.00000000 0.00000000
vn -1.00000000 0.00000000 0.00000000
vn -1.00000000 0.00000000 0.00000000
vn -1.00000000 0.00000000 0.00000000
vn -1.00000000 0.00000000 0.00000000
vn -1.00000000 0.00000000 0.00000000
vn -1.00000000 0.00000000 0.00000000
vn -1.00000000 0.00000000 0.00000000
vn -1.00000000 0.00000000 0.00000000
vn -1.00000000 0.00000000 0.00000000
vn -1.00000000 0.00000000 0.00000000
vn -1.00000000 0.00000000 0.00000000
vn -1.00000000 0.00000000 0.00000000
vn -1.00000000 0.00000000 0.00000000
vn -1.00000000 0.00000000 0.00000000
vn -1.00000000 0.00000000 0.00000000
vn -1.00000000 0.00000000 0.00000000
vn -1.00000000 0.00000000 0.00000000
vn -1.00000000 0.00000000 0.00000000
vn -1.00000000 0.00000000 0.00000000
vn -1.00000000 0.00000000 0.00000000
vn -1.00000000 0.00000000 0.00000000
vn -1.00000000 0.00000000 0.00000000
vn -1.00000000 0.00000000 0.00000000
vn -1.00000000 0.00000000 0.00000000
vn -1.00000000 0.00000000 0.00000000
vn -1.00000000 0.00000000 0.00000000
vn -1.00000000 0.00000000 0.00000000
vn -1.00000000 0.00000000 0.00000000
vn -1.00000000 0.00000000 0.00000000
vn -1.00000000 0.00000000 0.00000000
vn -1.00000000 0.00000000 0.00000000
vn -1.00000000 0.00000000 0.00000000
vn -1.00000000 0.00000000 0.00000000
vn -1.00000000 0.00000000 0.00000000
vn -1.00000000 0.00000000 0.00000000
vn -1.00000000 0.00000000 0.00000000
vn -1.00000000 0.00000000 0.00000000
vn -1.00000000 0.00000000 0.00000000
vn -1.00000000 0.00000000 0.00000000
vn -1.00000000 0.00000000 0.00000000
vn -1.00000000 0.00000000 0.00000000
vn -1.00000000 0.00000000 0.00000000
vn -1.00000000 0.00000000 0.00000000
vn -1.00000000 0.00000000 0.00000000
vn -1.00000000 0.00000000 0.00000000
vn -1.00000000 0.00000000 0.00000000
vn -1.00000000 0.00000000 0.00000000
vn -1.00000000 0.00000000 0.00000000
vn -1.00000000 0.00000000 0.00000000
vn -1.00000000 0.00000000 0.00000000
vn -1.00000000 0.00000000 0.00000000
vn -1.00000000 0.00000000 0.00000000
vn -1.00000000 0.00000000 0.00000000
vn -1.00000000 0.00000000 0.00000000
vn -1.00000000 0.00000000 0.00000000
vn -1.00000000 0.00000000 0.00000000
vn -1.00000000 0.00000000 0.00000000
vn -1.00000000 0.00000000 0.00000000
vn -1.00000000 0.00000000 0.00000000
vn -1.00000000 0.00000000 0.00000000
vn -1.00000000 0.00000000 0.00000000
vn -1.00000000 0.00000000 0.00000000
vn -1.00000000 0.00000000 0.00000000
vn -1.00000000 0.00000000 0.00000000
vn -1.00000000 0.00000000 0.00000000
vn -1.00000000 0.00000000 0.00000000
vn -1.00000000 0.00000000 0.00000000
vn -1.00000000 0.00000000 0.00000000
vn -1.00000000 0.00000000 0.00000000
vn -1.00000000 0.00000000 0.00000000
vn -1.00000000 0.00000000 0.00000000
vn -1.00000000 0.00000000 0.00000000
vn -1.00000000 0.00000000 0.00000000
vn -1.00000000 0.00000000 0.00000000
vn -1.00000000 0.00000000 0.00000000
vn -1.00000000 0.00000000 0.00000000
vn -1.00000000 0.00000000 0.00000000
vn -1.00000000 0.00000000 0.00000000
vn -1.00000000 0.00000000 0.00000000
vn -1.00000000 0.00000000 0.00000000
vn -1.00000000 0.00000000 0.00000000
vn -1.00000000 0.00000000 0.00000000
vn -1.00000000 0.00000000 0.00000000
vn -1.00000000 0.00000000 0.00000000
vn -1.00000000 0.00000000 0.00000000
vn -1.00000000 0.00000000 0.00000000
vn -1.00000000 0.00000000 0.00000000
vn -1.00000000 0.00000000 0.00000000
vn -1.00000000 0.00000000 0.00000000
vn -1.00000000 0.00000000 0.00000000
vn -1.00000000 0.00000000 0.00000000
vn -1.00000000 0.00000000 0.00000000
vn -1.00000000 0.00000000 0.00000000
vn -1.00000000 0.00000000 0.00000000
vn -1.00000000 0.00000000 0.00000000
vn -1.00000000 0.00000000 0.00000000
vn -1.00000000 0.00000000 0.00000000
vn -1.00000000 0.00000000 0.00000000
vn -1.00000000 0.00000000 0.00000000
vn -1.00000000 0.00000000 0.00000000
vn -1.00000000 0.00000000 0.00000000
vn -1.00000000 0.00000000 0.00000000
vn -1.00000000 0.00000000 0.00000000
vn -1.00000000 0.00000000 0.00000000
vn -1.00000000 0.00000000 0.00000000
vn -1.00000000 0.00000000 0.00000000
vn -1.00000000 0.00000000 0.00000000
vn -1.00000000 0.00000000 0.00000000
vn -1.00000000 0.00000000 0.00000000
vn -1.00000000 0.00000000 0.00000000
vn -1.00000000 0.00000000 0.00000000
vn -1.00000000 0.00000000 0.00000000
vn -1.00000000 0.00000000 0.00000000
vn -1.00000000 0.00000000 0.00000000
vn -1.00000000 0.00000000 0.00000000
vn -1.00000000 0.00000000 0.00000000
vn -1.00000000 0.00000000 0.00000000
vn -1.00000000 0.00000000 0.00000000
vn -1.00000000 0.00000000 0.00000000
vn -1.00000000 0.00000000 0.00000000
vn -1.00000000 0.00000000 0.00000000
vn -1.00000000 0.00000000 0.00000000
vn -1.00000000 0.00000000 0.00000000
vn -1.00000000 0.00000000 0.00000000
vn -1.00000000 0.00000000 0.00000000
vn -1.00000000 0.00000000 0.00000000
vn -1.00000000 0.00000000 0.00000000
vn -1.00000000 0.00000000 0.00000000
vn -1.00000000 0.00000000 0.00000000
vn -1.00000000 0.00000000 0.00000000
vn -1.00000000 0.00000000 0.00000000
vn -1.00000000 0.00000000 0.00000000
vn -1.00000000 0.00000000 0.00000000
vn -1.00000000 0.00000000 0.00000000
vn -1.00000000 0.00000000 0.00000000
vn -1.00000000 0.00000000 0.00000000
vn -1.00000000 0.00000000 0.00000000
vn -1.00000000 0.00000000 0.00000000
vn -1.00000000 0.00000000 0.00000000
vn -1.00000000 0.00000000 0.00000000
vn -1.00000000 0.00000000 0.00000000
vn -1.00000000 0.00000000 0.00000000
vn -1.00000000 0.00000000 0.00000000
vn -1.00000000 0.00000000 0.00000000
vn -1.00000000 0.00000000 0.00000000
vn -1.00000000 0.00000000 0.00000000
vn -1.00000000 0.00000000 0.00000000
vn -1.00000000 0.00000000 0.00000000
vn -1.00000000 0.00000000 0.00000000
vn -1.00000000 0.00000000 0.00000000
vn -1.00000000 0.00000000 0.00000000
vn -1.00000000 0.00000000 0.00000000
vn -1.00000000 0.00000000 0.00000000
vn -1.00000000 0.00000000 0.00000000
vn -1.00000000 0.00000000 0.00000000
vn -1.00000000 0.00000000 0.00000000
vn -1.00000000 0.00000000 0.00000000
vn -1.00000000 0.00000000 0.00000000
vn -1.00000000 0.00000000 0.00000000
vn -1.00000000 0.00000000 0.00000000
vn -1.00000000 0.00000000 0.00000000
vn -1.00000000 0.00000000 0.00000000
vn -1.00000000 0.00000000 0.00000000
vn -1.00000000 0.00000000 0.00000000
vn -1.00000000 0.00000000 0.00000000
vn -1.00000000 0.00000000 0.00000000
vn -1.00000000 0.00000000 0.00000000
vn -1.00000000 0.00000000 0.00000000
vn -1.00000000 0.00000000 0.00000000
vn -1.00000000 0.00000000 0.00000000
vn -1.00000000 0.00000000 0.00000000
vn -1.00000000 0.00000000 0.00000000
vn -1.00000000 0.00000000 0.00000000
vn -1.00000000 0.00000000 0.00000000
vn -1.00000000 0.00000000 0.00000000
vn -1.00000000 0.00000000 0.00000000
vn -1.00000000 0.00000000 0.00000000
vn -1.00000000 0.00000000 0.00000000
vn -1.00000000 0.00000000 0.00000000
vn -1.00000000 0.00000000 0.00000000
vn -1.00000000 0.00000000 0.00000000
vn -1.00000000 0.00000000 0.00000000
vn -1.00000000 0.00000000 0.00000000
vn -1.00000000 0.00000000 0.00000000
vn -1.00000000 0.00000000 0.00000000
vn -1.00000000 0.00000000 0.00000000
vn -1.00000000 0.00000000 0.00000000
vn -1.00000000 0.00000000 0.00000000
vn -1.00000000 0.00000000 0.00000000
vn -1.00000000 0.00000000 0.00000000
vn -1.00000000 0.00000000 0.00000000
vn -1.00000000 0.00000000 0.00000000
vn -1.00000000 0.00000000 0.00000000
vn -1.00000000 0.00000000 0.00000000
vn -1.00000000 0.00000000 0.00000000
vn -1.00000000 0.00000000 0.00000000
vn -1.00000000 0.00000000 0.00000000
vn -1.00000000 0.00000000 0.00000000
vn -1.00000000 0.00000000 0.00000000
vn -1.00000000 0.00000000 0.00000000
vn -1.00000000 0.00000000 0.00000000
vn -1.00000000 0.00000000 0.00000000
vn -1.00000000 0.00000000 0.00000000
vn -1.00000000 0.00000000 0.00000000
vn -1.00000000 0.00000000 0.00000000
vn -1.00000000 0.00000000 0.00000000
vn -1.00000000 0.00000000 0.00000000
vn -1.00000000 0.00000000 0.00000000
vn -1.00000000 0.00000000 0.00000000
vn -1.00000000 0.00000000 0.00000000
vn -1.00000000 0.00000000 0.00000000
vn -1.00000000 0.00000000 0.00000000
vn -1.00000000 0.00000000 0.00000000
vn -1.00000000 0.00000000 0.00000000
vn -1.00000000 0.00000000 0.00000000
vn -1.00000000 0.00000000 0.00000000
vn -1.00000000 0.00000000 0.00000000
vn -1.00000000 0.00000000 0.00000000
vn -1.00000000 0.00000000 0.00000000
vn -1.00000000 0.00000000 0.00000000
vn -1.00000000 0.00000000 0.00000000
vn -1.00000000 0.00000000 0.00000000
vn -1.00000000 0.00000000 0.00000000
vn -1.00000000 0.00000000 0.00000000
vn -1.00000000 0.00000000 0.00000000
vn -1.00000000 0.00000000 0.00000000
vn -1.00000000 0.00000000 0.00000000
vn -1.00000000 0.00000000 0.00000000
vn -1.00000000 0.00000000 0.00000000
vn -1.00000000 0.00000000 0.00000000
vn -1.00000000 0.00000000 0.00000000
vn -1.00000000 0.00000000 0.00000000
vn -1.00000000 0.00000000 0.00000000
vn -1.00000000 0.00000000 0.00000000
vn -1.00000000 0.00000000 0.00000000
vn -1.00000000 0.00000000 0.00000000
vn -1.00000000 0.00000000 0.00000000
vn -1.00000000 0.00000000 0.00000000
vn -1.00000000 0.00000000 0.00000000
vn -1.00000000 0.00000000 0.00000000
vn -1.00000000 0.00000000 0.00000000
vn -1.00000000 0.00000000 0.00000000
vn -1.00000000 0.00000000 0.00000000
vn -1.00000000 0.00000000 0.00000000
vn -1.00000000 0.00000000 0.00000000
vn -1.00000000 0.00000000 0.00000000
vn -1.00000000 0.00000000 0.00000000
vn -1.00000000 0.00000000 0.00000000
vn -1.00000000 0.00000000 0.00000000
vn -1.00000000 0.00000000 0.00000000
vn -1.00000000 0.00000000 0.00000000
vn -1.00000000 0.00000000 0.00000000
vn -1.00000000 0.00000000 0.00000000
vn -1.00000000 0.00000000 0.00000000
vn -1.00000000 0.00000000 0.00000000
vn -1.00000000 0.00000000 0.00000000
vn -1.00000000 0.00000000 0.00000000
vn -1.00000000 0.00000000 0.00000000
vn -1.00000000 0.00000000 0.00000000
vn -1.00000000 0.00000000 0.00000000
vn -1.00000000 0.00000000 0.00000000
vn -1.00000000 0.00000000 0.00000000
vn -1.00000000 0.00000000 0.00000000
vn -1.00000000 0.00000000 0.00000000
vn -1.00000000 0.00000000 0.00000000
vn -1.00000000 0.00000000 0.00000000
vn -1.00000000 0.00000000 0.00000000
vn -1.00000000 0.00000000 0.00000000
vn -1.00000000 0.00000000 0.00000000
vn -1.00000000 0.00000000 0.00000000
vn -1.00000000 0.00000000 0.00000000
vn -1.00000000 0.00000000 0.00000000
vn -1.00000000 0.00000000 0.00000000
vn -1.00000000 0.00000000 0.00000000
vn -1.00000000 0.00000000 0.00000000
vn -1.00000000 0.00000000 0.00000000
vn -1.00000000 0.00000000 0.00000000
vn -1.00000000 0.00000000 0.00000000
vn -1.00000000 0.00000000 0.00000000
vn -1.00000000 0.00000000 0.00000000
vn -1.00000000 0.00000000 0.00000000
vn -1.00000000 0.00000000 0.00000000
vn -1.00000000 0.00000000 0.00000000
vn -1.00000000 0.00000000 0.00000000
vn -1.00000000 0.00000000 0.00000000
vn -1.00000000 0.00000000 0.00000000
vn -1.00000000 0.00000000 0.00000000
vn -1.00000000 0.00000000 0.00000000
vn -1.00000000 0.00000000 0.00000000
vn -1.00000000 0.00000000 0.00000000
vn -1.00000000 0.00000000 0.00000000
vn -1.00000000 0.00000000 0.00000000
vn -1.00000000 0.00000000 0.00000000
vn -1.00000000 0.00000000 0.00000000
vn -1.00000000 0.00000000 0.00000000
vn -1.00000000 0.00000000 0.00000000
vn -1.00000000 0.00000000 0.00000000
vn -1.00000000 0.00000000 0.00000000
vn -1.00000000 0.00000000 0.00000000
vn -1.00000000 0.00000000 0.00000000
vn -1.00000000 0.00000000 0.00000000
vn -1.00000000 0.00000000 0.00000000
vn -1.00000000 0.00000000 0.00000000
vn -1.00000000 0.00000000 0.00000000
vn -1.00000000 0.00000000 0.00000000
vn -1.00000000 0.00000000 0.00000000
vn -1.00000000 0.00000000 0.00000000
vn -1.00000000 0.00000000 0.00000000
vn -1.00000000 0.00000000 0.00000000
vn -1.00000000 0.00000000 0.00000000
vn -1.00000000 0.00000000 0.00000000
vn -1.00000000 0.00000000 0.00000000
vn -1.00000000 0.00000000 0.00000000
vn -1.00000000 0.00000000 0.00000000
vn -1.00000000 0.00000000 0.00000000
vn -1.00000000 0.00000000 0.00000000
vn -1.00000000 0.00000000 0.00000000
vn -1.00000000 0.00000000 0.00000000
vn -1.00000000 0.00000000 0.00000000
vn -1.00000000 0.00000000 0.00000000
vn -1.00000000 0.00000000 0.00000000
vn -1.00000000 0.00000000 0.00000000
vn -1.00000000 0.00000000 0.00000000
vn -1.00000000 0.00000000 0.00000000
vn -1.00000000 0.00000000 0.00000000
vn -1.00000000 0.00000000 0.00000000
vn -1.00000000 0.00000000 0.00000000
vn -1.00000000 0.00000000 0.00000000
vn -1.00000000 0.00000000 0.00000000
vn -1.00000000 0.00000000 0.00000000
vn -1.00000000 0.00000000 0.00000000
vn -1.00000000 0.00000000 0.00000000
vn -1.00000000 0.00000000 0.00000000
vn -1.00000000 0.00000000 0.00000000
vn -1.00000000 0.00000000 0.00000000
vn -1.00000000 0.00000000 0.00000000
vn -1.00000000 0.00000000 0.00000000
vn -1.00000000 0.00000000 0.00000000
vn -1.00000000 0.00000000 0.00000000
vn -1.00000000 0.00000000 0.00000000
vn -1.00000000 0.00000000 0.00000000
vn -1.00000000 0.00000000 0.00000000
vn -1.00000000 0.00000000 0.00000000
vn -1.00000000 0.00000000 0.00000000
vn -1.00000000 0.00000000 0.00000000
vn -1.00000000 0.00000000 0.00000000
vn -1.00000000 0.00000000 0.00000000
vn -1.00000000 0.00000000 0.00000000
vn -1.00000000 0.00000000 0.00000000
vn -1.00000000 0.00000000 0.00000000
vn -1.00000000 0.00000000 0.00000000
vn -1.00000000 0.00000000 0.00000000
vn -1.00000000 0.00000000 0.00000000
vn -1.00000000 0.00000000 0.00000000
vn -1.00000000 0.00000000 0.00000000
vn -1.00000000 0.00000000 0.00000000
vn -1.00000000 0.00000000 0.00000000
vn -1.00000000 0.00000000 0.00000000
vn -1.00000000 0.00000000 0.00000000
vn -1.00000000 0.00000000 0.00000000
vn -1.00000000 0.00000000 0.00000000
vn -1.00000000 0.00000000 0.00000000
vn -1.00000000 0.00000000 0.00000000
vn -1.00000000 0.00000000 0.00000000
vn -1.00000000 0.00000000 0.00000000
vn -1.00000000 0.00000000 0.00000000
vn -1.00000000 0.00000000 0.00000000
vn -1.00000000 0.00000000 0.00000000
vn -1.00000000 0.00000000 0.00000000
vn -1.00000000 0.00000000 0.00000000
vn -1.00000000 0.00000000 0.00000000
vn -1.00000000 0.00000000 0.00000000
vn -1.00000000 0.00000000 0.00000000
vn -1.00000000 0.00000000 0.00000000
vn -1.00000000 0.00000000 0.00000000
vn -1.00000000 0.00000000 0.00000000
vn -1.00000000 0.00000000 0.00000000
vn -1.00000000 0.00000000 0.00000000
vn -1.00000000 0.00000000 0.00000000
vn -1.00000000 0.00000000 0.00000000
vn -1.00000000 0.00000000 0.00000000
vn -1.00000000 0.00000000 0.00000000
vn -1.00000000 0.00000000 0.00000000
vn -1.00000000 0.00000000 0.00000000
vn -1.00000000 0.00000000 0.00000000
vn -1.00000000 0.00000000 0.00000000
vn -1.00000000 0.00000000 0.00000000
vn -1.00000000 0.00000000 0.00000000
vn -1.00000000 0.00000000 0.00000000
vn -1.00000000 0.00000000 0.00000000
vn -1.00000000 0.00000000 0.00000000
vn -1.00000000 0.00000000 0.00000000
vn -1.00000000 0.00000000 0.00000000
vn -1.00000000 0.00000000 0.00000000
vn -1.00000000 0.00000000 0.00000000
vn -1.00000000 0.00000000 0.00000000
vn -1.00000000 0.00000000 0.00000000
vn -1.00000000 0.00000000 0.00000000
vn -1.00000000 0.00000000 0.00000000
vn -1.00000000 0.00000000 0.00000000
vn -1.00000000 0.00000000 0.00000000
vn -1.00000000 0.00000000 0.00000000
vn -1.00000000 0.00000000 0.00000000
vn -1.00000000 0.00000000 0.00000000
vn -1.00000000 0.00000000 0.00000000
vn -1.00000000 0.00000000 0.00000000
vn -1.00000000 0.00000000 0.00000000
vn -1.00000000 0.00000000 0.00000000
vn -1.00000000 0.00000000 0.00000000
vn -1.00000000 0.00000000 0.00000000
vn -1.00000000 0.00000000 0.00000000
vn -1.00000000 0.00000000 0.00000000
vn -1.00000000 0.00000000 0.00000000
vn -1.00000000 0.00000000 0.00000000
vn -1.00000000 0.00000000 0.00000000
vn -1.00000000 0.00000000 0.00000000
vn -1.00000000 0.00000000 0.00000000
vn -1.00000000 0.00000000 0.00000000
vn -1.00000000 0.00000000 0.00000000
vn -1.00000000 0.00000000 0.00000000
vn -1.00000000 0.00000000 0.00000000
vn -1.00000000 0.00000000 0.00000000
vn -1.00000000 0.00000000 0.00000000
vn -1.00000000 0.00000000 0.00000000
vn -1.00000000 0.00000000 0.00000000
vn -1.00000000 0.00000000 0.00000000
vn -1.00000000 0.00000000 0.00000000
vn 1.00000000 -0.00000000 -0.00000000
vn 1.00000000 -0.00000000 -0.00000000
vn 1.00000000 -0.00000000 -0.00000000
vn 1.00000000 -0.00000000 -0.00000000
vn 1.00000000 -0.00000000 -0.00000000
vn 1.00000000 -0.00000000 -0.00000000
vn 1.00000000 -0.00000000 -0.00000000
vn 1.00000000 -0.00000000 -0.00000000
vn 1.00000000 -0.00000000 -0.00000000
vn 1.00000000 -0.00000000 -0.00000000
vn 1.00000000 -0.00000000 -0.00000000
vn 1.00000000 -0.00000000 -0.00000000
vn 1.00000000 -0.00000000 -0.00000000
vn 1.00000000 -0.00000000 -0.00000000
vn 1.00000000 -0.00000000 -0.00000000
vn 1.00000000 -0.00000000 -0.00000000
vn 1.00000000 -0.00000000 -0.00000000
vn 1.00000000 -0.00000000 -0.00000000
vn 1.00000000 -0.00000000 -0.00000000
vn 1.00000000 -0.00000000 -0.00000000
vn 1.00000000 -0.00000000 -0.00000000
vn 1.00000000 -0.00000000 -0.00000000
vn 1.00000000 -0.00000000 -0.00000000
vn 1.00000000 -0.00000000 -0.00000000
vn 1.00000000 -0.00000000 -0.00000000
vn 1.00000000 -0.00000000 -0.00000000
vn 1.00000000 -0.00000000 -0.00000000
vn 1.00000000 -0.00000000 -0.00000000
vn 1.00000000 -0.00000000 -0.00000000
vn 1.00000000 -0.00000000 -0.00000000
vn 1.00000000 -0.00000000 -0.00000000
vn 1.00000000 -0.00000000 -0.00000000
vn 1.00000000 -0.00000000 -0.00000000
vn 1.00000000 -0.00000000 -0.00000000
vn 1.00000000 -0.00000000 -0.00000000
vn 1.00000000 -0.00000000 -0.00000000
vn 1.00000000 -0.00000000 -0.00000000
vn 1.00000000 -0.00000000 -0.00000000
vn 1.00000000 -0.00000000 -0.00000000
vn 1.00000000 -0.00000000 -0.00000000
vn 1.00000000 -0.00000000 -0.00000000
vn 1.00000000 -0.00000000 -0.00000000
vn 1.00000000 -0.00000000 -0.00000000
vn 1.00000000 -0.00000000 -0.00000000
vn 1.00000000 -0.00000000 -0.00000000
vn 1.00000000 -0.00000000 -0.00000000
vn 1.00000000 -0.00000000 -0.00000000
vn 1.00000000 -0.00000000 -0.00000000
vn 1.00000000 -0.00000000 -0.00000000
vn 1.00000000 -0.00000000 -0.00000000
vn 1.00000000 -0.00000000 -0.00000000
vn 1.00000000 -0.00000000 -0.00000000
vn 1.00000000 -0.00000000 -0.00000000
vn 1.00000000 -0.00000000 -0.00000000
vn 1.00000000 -0.00000000 -0.00000000
vn 1.00000000 -0.00000000 -0.00000000
vn 1.00000000 -0.00000000 -0.00000000
vn 1.00000000 -0.00000000 -0.00000000
vn 1.00000000 -0.00000000 -0.00000000
vn 1.00000000 -0.00000000 -0.00000000
vn 1.00000000 -0.00000000 -0.00000000
vn 1.00000000 -0.00000000 -0.00000000
vn 1.00000000 -0.00000000 -0.00000000
vn 1.00000000 -0.00000000 -0.00000000
vn 1.00000000 -0.00000000 -0.00000000
vn 1.00000000 -0.00000000 -0.00000000
vn 1.00000000 -0.00000000 -0.00000000
vn 1.00000000 -0.00000000 -0.00000000
vn 1.00000000 -0.00000000 -0.00000000
vn 1.00000000 -0.00000000 -0.00000000
vn 1.00000000 -0.00000000 -0.00000000
vn 1.00000000 -0.00000000 -0.00000000
vn 1.00000000 -0.00000000 -0.00000000
vn 1.00000000 -0.00000000 -0.00000000
vn 1.00000000 -0.00000000 -0.00000000
vn 1.00000000 -0.00000000 -0.00000000
vn 1.00000000 -0.00000000 -0.00000000
vn 1.00000000 -0.00000000 -0.00000000
vn 1.00000000 -0.00000000 -0.00000000
vn 1.00000000 -0.00000000 -0.00000000
vn 1.00000000 -0.00000000 -0.00000000
vn 1.00000000 -0.00000000 -0.00000000
vn 1.00000000 -0.00000000 -0.00000000
vn 1.00000000 -0.00000000 -0.00000000
vn 1.00000000 -0.00000000 -0.00000000
vn 1.00000000 -0.00000000 -0.00000000
vn 1.00000000 -0.00000000 -0.00000000
vn 1.00000000 -0.00000000 -0.00000000
vn 1.00000000 -0.00000000 -0.00000000
vn 1.00000000 -0.00000000 -0.00000000
vn 1.00000000 -0.00000000 -0.00000000
vn 1.00000000 -0.00000000 -0.00000000
vn 1.00000000 -0.00000000 -0.00000000
vn 1.00000000 -0.00000000 -0.00000000
vn 1.00000000 -0.00000000 -0.00000000
vn 1.00000000 -0.00000000 -0.00000000
vn 1.00000000 -0.00000000 -0.00000000
vn 1.00000000 -0.00000000 -0.00000000
vn 1.00000000 -0.00000000 -0.00000000
vn 1.00000000 -0.00000000 -0.00000000
vn 1.00000000 -0.00000000 -0.00000000
vn 1.00000000 -0.00000000 -0.00000000
vn 1.00000000 -0.00000000 -0.00000000
vn 1.00000000 -0.00000000 -0.00000000
vn 1.00000000 -0.00000000 -0.00000000
vn 1.00000000 -0.00000000 -0.00000000
vn 1.00000000 -0.00000000 -0.00000000
vn 1.00000000 -0.00000000 -0.00000000
vn 1.00000000 -0.00000000 -0.00000000
vn 1.00000000 -0.00000000 -0.00000000
vn 1.00000000 -0.00000000 -0.00000000
vn 1.00000000 -0.00000000 -0.00000000
vn 1.00000000 -0.00000000 -0.00000000
vn 1.00000000 -0.00000000 -0.00000000
vn 1.00000000 -0.00000000 -0.00000000
vn 1.00000000 -0.00000000 -0.00000000
vn 1.00000000 -0.00000000 -0.00000000
vn 1.00000000 -0.00000000 -0.00000000
vn 1.00000000 -0.00000000 -0.00000000
vn 1.00000000 -0.00000000 -0.00000000
vn 1.00000000 -0.00000000 -0.00000000
vn 1.00000000 -0.00000000 -0.00000000
vn 1.00000000 -0.00000000 -0.00000000
vn 1.00000000 -0.00000000 -0.00000000
vn 1.00000000 -0.00000000 -0.00000000
vn 1.00000000 -0.00000000 -0.00000000
vn 1.00000000 -0.00000000 -0.00000000
vn 1.00000000 -0.00000000 -0.00000000
vn 1.00000000 -0.00000000 -0.00000000
vn 1.00000000 -0.00000000 -0.00000000
vn 1.00000000 -0.00000000 -0.00000000
vn 1.00000000 -0.00000000 -0.00000000
vn 1.00000000 -0.00000000 -0.00000000
vn 1.00000000 -0.00000000 -0.00000000
vn 1.00000000 -0.00000000 -0.00000000
vn 1.00000000 -0.00000000 -0.00000000
vn 1.00000000 -0.00000000 -0.00000000
vn 1.00000000 -0.00000000 -0.00000000
vn 1.00000000 -0.00000000 -0.00000000
vn 1.00000000 -0.00000000 -0.00000000
vn 1.00000000 -0.00000000 -0.00000000
vn 1.00000000 -0.00000000 -0.00000000
vn 1.00000000 -0.00000000 -0.00000000
vn 1.00000000 -0.00000000 -0.00000000
vn 1.00000000 -0.00000000 -0.00000000
vn 1.00000000 -0.00000000 -0.00000000
vn 1.00000000 -0.00000000 -0.00000000
vn 1.00000000 -0.00000000 -0.00000000
vn 1.00000000 -0.00000000 -0.00000000
vn 1.00000000 -0.00000000 -0.00000000
vn 1.00000000 -0.00000000 -0.00000000
vn 1.00000000 -0.00000000 -0.00000000
vn 1.00000000 -0.00000000 -0.00000000
vn 1.00000000 -0.00000000 -0.00000000
vn 1.00000000 -0.00000000 -0.00000000
vn 1.00000000 -0.00000000 -0.00000000
vn 1.00000000 -0.00000000 -0.00000000
vn 1.00000000 -0.00000000 -0.00000000
vn 1.00000000 -0.00000000 -0.00000000
vn 1.00000000 -0.00000000 -0.00000000
vn 1.00000000 -0.00000000 -0.00000000
vn 1.00000000 -0.00000000 -0.00000000
vn 1.00000000 -0.00000000 -0.00000000
vn 1.00000000 -0.00000000 -0.00000000
vn 1.00000000 -0.00000000 -0.00000000
vn 1.00000000 -0.00000000 -0.00000000
vn 1.00000000 -0.00000000 -0.00000000
vn 1.00000000 -0.00000000 -0.00000000
vn 1.00000000 -0.00000000 -0.00000000
vn 1.00000000 -0.00000000 -0.00000000
vn 1.00000000 -0.00000000 -0.00000000
vn 1.00000000 -0.00000000 -0.00000000
vn 1.00000000 -0.00000000 -0.00000000
vn 1.00000000 -0.00000000 -0.00000000
vn 1.00000000 -0.00000000 -0.00000000
vn 1.00000000 -0.00000000 -0.00000000
vn 1.00000000 -0.00000000 -0.00000000
vn 1.00000000 -0.00000000 -0.00000000
vn 1.00000000 -0.00000000 -0.00000000
vn 1.00000000 -0.00000000 -0.00000000
vn 1.00000000 -0.00000000 -0.00000000
vn 1.00000000 -0.00000000 -0.00000000
vn 1.00000000 -0.00000000 -0.00000000
vn 1.00000000 -0.00000000 -0.00000000
vn 1.00000000 -0.00000000 -0.00000000
vn 1.00000000 -0.00000000 -0.00000000
vn 1.00000000 -0.00000000 -0.00000000
vn 1.00000000 -0.00000000 -0.00000000
vn 1.00000000 -0.00000000 -0.00000000
vn 1.00000000 -0.00000000 -0.00000000
vn 1.00000000 -0.00000000 -0.00000000
vn 1.00000000 -0.00000000 -0.00000000
vn 1.00000000 -0.00000000 -0.00000000
vn 1.00000000 -0.00000000 -0.00000000
vn 1.00000000 -0.00000000 -0.00000000
vn 1.00000000 -0.00000000 -0.00000000
vn 1.00000000 -0.00000000 -0.00000000
vn 1.00000000 -0.00000000 -0.00000000
vn 1.00000000 -0.00000000 -0.00000000
vn 1.00000000 -0.00000000 -0.00000000
vn 1.00000000 -0.00000000 -0.00000000
vn 1.00000000 -0.00000000 -0.00000000
vn 1.00000000 -0.00000000 -0.00000000
vn 1.00000000 -0.00000000 -0.00000000
vn 1.00000000 -0.00000000 -0.00000000
vn 1.00000000 -0.00000000 -0.00000000
vn 1.00000000 -0.00000000 -0.00000000
vn 1.00000000 -0.00000000 -0.00000000
vn 1.00000000 -0.00000000 -0.00000000
vn 1.00000000 -0.00000000 -0.00000000
vn 1.00000000 -0.00000000 -0.00000000
vn 1.00000000 -0.00000000 -0.00000000
vn 1.00000000 -0.00000000 -0.00000000
vn 1.00000000 -0.00000000 -0.00000000
vn 1.00000000 -0.00000000 -0.00000000
vn 1.00000000 -0.00000000 -0.00000000
vn 1.00000000 -0.00000000 -0.00000000
vn 1.00000000 -0.00000000 -0.00000000
vn 1.00000000 -0.00000000 -0.00000000
vn 1.00000000 -0.00000000 -0.00000000
vn 1.00000000 -0.00000000 -0.00000000
vn 1.00000000 -0.00000000 -0.00000000
vn 1.00000000 -0.00000000 -0.00000000
vn 1.00000000 -0.00000000 -0.00000000
vn 1.00000000 -0.00000000 -0.00000000
vn 1.00000000 -0.00000000 -0.00000000
vn 1.00000000 -0.00000000 -0.00000000
vn 1.00000000 -0.00000000 -0.00000000
vn 1.00000000 -0.00000000 -0.00000000
vn 1.00000000 -0.00000000 -0.00000000
vn 1.00000000 -0.00000000 -0.00000000
vn 1.00000000 -0.00000000 -0.00000000
vn 1.00000000 -0.00000000 -0.00000000
vn 1.00000000 -0.00000000 -0.00000000
vn 1.00000000 -0.00000000 -0.00000000
vn 1.00000000 -0.00000000 -0.00000000
vn 1.00000000 -0.00000000 -0.00000000
vn 1.00000000 -0.00000000 -0.00000000
vn 1.00000000 -0.00000000 -0.00000000
vn 1.00000000 -0.00000000 -0.00000000
vn 1.00000000 -0.00000000 -0.00000000
vn 1.00000000 -0.00000000 -0.00000000
vn 1.00000000 -0.00000000 -0.00000000
vn 1.00000000 -0.00000000 -0.00000000
vn 1.00000000 -0.00000000 -0.00000000
vn 1.00000000 -0.00000000 -0.00000000
vn 1.00000000 -0.00000000 -0.00000000
vn 1.00000000 -0.00000000 -0.00000000
vn 1.00000000 -0.00000000 -0.00000000
vn 1.00000000 -0.00000000 -0.00000000
vn 1.00000000 -0.00000000 -0.00000000
vn 1.00000000 -0.00000000 -0.00000000
vn 1.00000000 -0.00000000 -0.00000000
vn 1.00000000 -0.00000000 -0.00000000
vn 1.00000000 -0.00000000 -0.00000000
vn 1.00000000 -0.00000000 -0.00000000
vn 1.00000000 -0.00000000 -0.00000000
vn 1.00000000 -0.00000000 -0.00000000
vn 1.00000000 -0.00000000 -0.00000000
vn 1.00000000 -0.00000000 -0.00000000
vn 1.00000000 -0.00000000 -0.00000000
vn 1.00000000 -0.00000000 -0.00000000
vn 1.00000000 -0.00000000 -0.00000000
vn 1.00000000 -0.00000000 -0.00000000
vn 1.00000000 -0.00000000 -0.00000000
vn 1.00000000 -0.00000000 -0.00000000
vn 1.00000000 -0.00000000 -0.00000000
vn 1.00000000 -0.00000000 -0.00000000
vn 1.00000000 -0.00000000 -0.00000000
vn 1.00000000 -0.00000000 -0.00000000
vn 1.00000000 -0.00000000 -0.00000000
vn 1.00000000 -0.00000000 -0.00000000
vn 1.00000000 -0.00000000 -0.00000000
vn 1.00000000 -0.00000000 -0.00000000
vn 1.00000000 -0.00000000 -0.00000000
vn 1.00000000 -0.00000000 -0.00000000
vn 1.00000000 -0.00000000 -0.00000000
vn 1.00000000 -0.00000000 -0.00000000
vn 1.00000000 -0.00000000 -0.00000000
vn 1.00000000 -0.00000000 -0.00000000
vn 1.00000000 -0.00000000 -0.00000000
vn 1.00000000 -0.00000000 -0.00000000
vn 1.00000000 -0.00000000 -0.00000000
vn 1.00000000 -0.00000000 -0.00000000
vn 1.00000000 -0.00000000 -0.00000000
vn 1.00000000 -0.00000000 -0.00000000
vn 1.00000000 -0.00000000 -0.00000000
vn 1.00000000 -0.00000000 -0.00000000
vn 1.00000000 -0.00000000 -0.00000000
vn 1.00000000 -0.00000000 -0.00000000
vn 1.00000000 -0.00000000 -0.00000000
vn 1.00000000 -0.00000000 -0.00000000
vn 1.00000000 -0.00000000 -0.00000000
vn 1.00000000 -0.00000000 -0.00000000
vn 1.00000000 -0.00000000 -0.00000000
vn 1.00000000 -0.00000000 -0.00000000
vn 1.00000000 -0.00000000 -0.00000000
vn 1.00000000 -0.00000000 -0.00000000
vn 1.00000000 -0.00000000 -0.00000000
vn 1.00000000 -0.00000000 -0.00000000
vn 1.00000000 -0.00000000 -0.00000000
vn 1.00000000 -0.00000000 -0.00000000
vn 1.00000000 -0.00000000 -0.00000000
vn 1.00000000 -0.00000000 -0.00000000
vn 1.00000000 -0.00000000 -0.00000000
vn 1.00000000 -0.00000000 -0.00000000
vn 1.00000000 -0.00000000 -0.00000000
vn 1.00000000 -0.00000000 -0.00000000
vn 1.00000000 -0.00000000 -0.00000000
vn 1.00000000 -0.00000000 -0.00000000
vn 1.00000000 -0.00000000 -0.00000000
vn 1.00000000 -0.00000000 -0.00000000
vn 1.00000000 -0.00000000 -0.00000000
vn 1.00000000 -0.00000000 -0.00000000
vn 1.00000000 -0.00000000 -0.00000000
vn 1.00000000 -0.00000000 -0.00000000
vn 1.00000000 -0.00000000 -0.00000000
vn 1.00000000 -0.00000000 -0.00000000
vn 1.00000000 -0.00000000 -0.00000000
vn 1.00000000 -0.00000000 -0.00000000
vn 1.00000000 -0.00000000 -0.00000000
vn 1.00000000 -0.00000000 -0.00000000
vn 1.00000000 -0.00000000 -0.00000000
vn 1.00000000 -0.00000000 -0.00000000
vn 1.00000000 -0.00000000 -0.00000000
vn 1.00000000 -0.00000000 -0.00000000
vn 1.00000000 -0.00000000 -0.00000000
vn 1.00000000 -0.00000000 -0.00000000
vn 1.00000000 -0.00000000 -0.00000000
vn 1.00000000 -0.00000000 -0.00000000
vn 1.00000000 -0.00000000 -0.00000000
vn 1.00000000 -0.00000000 -0.00000000
vn 1.00000000 -0.00000000 -0.00000000
vn 1.00000000 -0.00000000 -0.00000000
vn 1.00000000 -0.00000000 -0.00000000
vn 1.00000000 -0.00000000 -0.00000000
vn 1.00000000 -0.00000000 -0.00000000
vn 1.00000000 -0.00000000 -0.00000000
vn 1.00000000 -0.00000000 -0.00000000
vn 1.00000000 -0.00000000 -0.00000000
vn 1.00000000 -0.00000000 -0.00000000
vn 1.00000000 -0.00000000 -0.00000000
vn 1.00000000 -0.00000000 -0.00000000
vn 1.00000000 -0.00000000 -0.00000000
vn 1.00000000 -0.00000000 -0.00000000
vn 1.00000000 -0.00000000 -0.00000000
vn 1.00000000 -0.00000000 -0.00000000
vn 1.00000000 -0.00000000 -0.00000000
vn 1.00000000 -0.00000000 -0.00000000
vn 1.00000000 -0.00000000 -0.00000000
vn 1.00000000 -0.00000000 -0.00000000
vn 1.00000000 -0.00000000 -0.00000000
vn 1.00000000 -0.00000000 -0.00000000
vn 1.00000000 -0.00000000 -0.00000000
vn 1.00000000 -0.00000000 -0.00000000
vn 1.00000000 -0.00000000 -0.00000000
vn 1.00000000 -0.00000000 -0.00000000
vn 1.00000000 -0.00000000 -0.00000000
vn 1.00000000 -0.00000000 -0.00000000
vn 1.00000000 -0.00000000 -0.00000000
vn 1.00000000 -0.00000000 -0.00000000
vn 1.00000000 -0.00000000 -0.00000000
vn 1.00000000 -0.00000000 -0.00000000
vn 1.00000000 -0.00000000 -0.00000000
vn 1.00000000 -0.00000000 -0.00000000
vn 1.00000000 -0.00000000 -0.00000000
vn 1.00000000 -0.00000000 -0.00000000
vn 1.00000000 -0.00000000 -0.00000000
vn 1.00000000 -0.00000000 -0.00000000
vn 1.00000000 -0.00000000 -0.00000000
vn 1.00000000 -0.00000000 -0.00000000
vn 1.00000000 -0.00000000 -0.00000000
vn 1.00000000 -0.00000000 -0.00000000
vn 1.00000000 -0.00000000 -0.00000000
vn 1.00000000 -0.00000000 -0.00000000
vn 1.00000000 -0.00000000 -0.00000000
vn 1.00000000 -0.00000000 -0.00000000
vn 1.00000000 -0.00000000 -0.00000000
vn 1.00000000 -0.00000000 -0.00000000
vn 1.00000000 -0.00000000 -0.00000000
vn 1.00000000 -0.00000000 -0.00000000
vn 1.00000000 -0.00000000 -0.00000000
vn 1.00000000 -0.00000000 -0.00000000
vn 1.00000000 -0.00000000 -0.00000000
vn 1.00000000 -0.00000000 -0.00000000
vn 1.00000000 -0.00000000 -0.00000000
vn 1.00000000 -0.00000000 -0.00000000
vn 1.00000000 -0.00000000 -0.00000000
vn 1.00000000 -0.00000000 -0.00000000
vn 1.00000000 -0.00000000 -0.00000000
vn 1.00000000 -0.00000000 -0.00000000
vn 1.00000000 -0.00000000 -0.00000000
vn 1.00000000 -0.00000000 -0.00000000
vn 1.00000000 -0.00000000 -0.00000000
vn 1.00000000 -0.00000000 -0.00000000
vn 1.00000000 -0.00000000 -0.00000000
vn 1.00000000 -0.00000000 -0.00000000
vn 1.00000000 -0.00000000 -0.00000000
vn 1.00000000 -0.00000000 -0.00000000
vn 1.00000000 -0.00000000 -0.00000000
vn 1.00000000 -0.00000000 -0.00000000
vn 1.00000000 -0.00000000 -0.00000000
vn 1.00000000 -0.00000000 -0.00000000
vn 1.00000000 -0.00000000 -0.00000000
vn 1.00000000 -0.00000000 -0.00000000
vn 1.00000000 -0.00000000 -0.00000000
vn 1.00000000 -0.00000000 -0.00000000
vn 1.00000000 -0.00000000 -0.00000000
vn 1.00000000 -0.00000000 -0.00000000
vn 1.00000000 -0.00000000 -0.00000000
vn 1.00000000 -0.00000000 -0.00000000
vn 1.00000000 -0.00000000 -0.00000000
vn 1.00000000 -0.00000000 -0.00000000
vn 1.00000000 -0.00000000 -0.00000000
vn 1.00000000 -0.00000000 -0.00000000
vn 1.00000000 -0.00000000 -0.00000000
vn 1.00000000 -0.00000000 -0.00000000
vn 1.00000000 -0.00000000 -0.00000000
vn 1.00000000 -0.00000000 -0.00000000
vn 1.00000000 -0.00000000 -0.00000000
vn 1.00000000 -0.00000000 -0.00000000
vn 1.00000000 -0.00000000 -0.00000000
vn 1.00000000 -0.00000000 -0.00000000
vn 1.00000000 -0.00000000 -0.00000000
vn 1.00000000 -0.00000000 -0.00000000
vn 1.00000000 -0.00000000 -0.00000000
vn 1.00000000 -0.00000000 -0.00000000
vn 1.00000000 -0.00000000 -0.00000000
vn 1.00000000 -0.00000000 -0.00000000
vn 1.00000000 -0.00000000 -0.00000000
vn 1.00000000 -0.00000000 -0.00000000
vn 1.00000000 -0.00000000 -0.00000000
vn 1.00000000 -0.00000000 -0.00000000
vn 1.00000000 -0.00000000 -0.00000000
vn 1.00000000 -0.00000000 -0.00000000
vn 1.00000000 -0.00000000 -0.00000000
vn 1.00000000 -0.00000000 -0.00000000
vn 1.00000000 -0.00000000 -0.00000000
vn 1.00000000 -0.00000000 -0.00000000
vn 1.00000000 -0.00000000 -0.00000000
vn 1.00000000 -0.00000000 -0.00000000
vn 1.00000000 -0.00000000 -0.00000000
vn 1.00000000 -0.00000000 -0.00000000
vn 1.00000000 -0.00000000 -0.00000000
vn 1.00000000 -0.00000000 -0.00000000
vn 1.00000000 -0.00000000 -0.00000000
vn 1.00000000 -0.00000000 -0.00000000
vn 1.00000000 -0.00000000 -0.00000000
vn 1.00000000 -0.00000000 -0.00000000
vn 1.00000000 -0.00000000 -0.00000000
vn 1.00000000 -0.00000000 -0.00000000
vn 1.00000000 -0.00000000 -0.00000000
vn 1.00000000 -0.00000000 -0.00000000
vn 1.00000000 -0.00000000 -0.00000000
vn 1.00000000 -0.00000000 -0.00000000
vn 1.00000000 -0.00000000 -0.00000000
vn 1.00000000 -0.00000000 -0.00000000
vn 1.00000000 -0.00000000 -0.00000000
vn 1.00000000 -0.00000000 -0.00000000
vn 1.00000000 -0.00000000 -0.00000000
vn 1.00000000 -0.00000000 -0.00000000
vn 1.00000000 -0.00000000 -0.00000000
vn 1.00000000 -0.00000000 -0.00000000
vn 1.00000000 -0.00000000 -0.00000000
vn 1.00000000 -0.00000000 -0.00000000
vn 1.00000000 -0.00000000 -0.00000000
vn 1.00000000 -0.00000000 -0.00000000
vn 1.00000000 -0.00000000 -0.00000000
vn 1.00000000 -0.00000000 -0.00000000
vn 1.00000000 -0.00000000 -0.00000000
vn 1.00000000 -0.00000000 -0.00000000
vn 1.00000000 -0.00000000 -0.00000000
vn 1.00000000 -0.00000000 -0.00000000
vn 1.00000000 -0.00000000 -0.00000000
vn 1.00000000 -0.00000000 -0.00000000
vn 1.00000000 -0.00000000 -0.00000000
vn 1.00000000 -0.00000000 -0.00000000
vn 1.00000000 -0.00000000 -0.00000000
vn 1.00000000 -0.00000000 -0.00000000
vn 1.00000000 -0.00000000 -0.00000000
vn 1.00000000 -0.00000000 -0.00000000
vn 1.00000000 -0.00000000 -0.00000000
vn 1.00000000 -0.00000000 -0.00000000
vn 1.00000000 -0.00000000 -0.00000000
vn 1.00000000 -0.00000000 -0.00000000
vn 1.00000000 -0.00000000 -0.00000000
vn 1.00000000 -0.00000000 -0.00000000
vn 1.00000000 -0.00000000 -0.00000000
vn 1.00000000 -0.00000000 -0.00000000
vn 1.00000000 -0.00000000 -0.00000000
vn 1.00000000 -0.00000000 -0.00000000
vn 1.00000000 -0.00000000 -0.00000000
vn 1.00000000 -0.00000000 -0.00000000
vn 1.00000000 -0.00000000 -0.00000000
vn 1.00000000 -0.00000000 -0.00000000
vn 1.00000000 -0.00000000 -0.00000000
vn 1.00000000 -0.00000000 -0.00000000
vn 1.00000000 -0.00000000 -0.00000000
vn 1.00000000 -0.00000000 -0.00000000
vn 1.00000000 -0.00000000 -0.00000000
vn 1.00000000 -0.00000000 -0.00000000
vn 1.00000000 -0.00000000 -0.00000000
vn 1.00000000 -0.00000000 -0.00000000
vn 1.00000000 -0.00000000 -0.00000000
vn 1.00000000 -0.00000000 -0.00000000
vn 1.00000000 -0.00000000 -0.00000000
vn 1.00000000 -0.00000000 -0.00000000
vn 1.00000000 -0.00000000 -0.00000000
vn 1.00000000 -0.00000000 -0.00000000
vn 1.00000000 -0.00000000 -0.00000000
vn 1.00000000 -0.00000000 -0.00000000
vn 1.00000000 -0.00000000 -0.00000000
vn 1.00000000 -0.00000000 -0.00000000
vn 1.00000000 -0.00000000 -0.00000000
vn 1.00000000 -0.00000000 -0.00000000
vn 1.00000000 -0.00000000 -0.00000000
vn 1.00000000 -0.00000000 -0.00000000
vn 1.00000000 -0.00000000 -0.00000000
vn 1.00000000 -0.00000000 -0.00000000
vn 1.00000000 -0.00000000 -0.00000000
vn 1.00000000 -0.00000000 -0.00000000
vn 1.00000000 -0.00000000 -0.00000000
vn 1.00000000 -0.00000000 -0.00000000
vn 1.00000000 -0.00000000 -0.00000000
vn 1.00000000 -0.00000000 -0.00000000
vn 1.00000000 -0.00000000 -0.00000000
vn 1.00000000 -0.00000000 -0.00000000
vn 1.00000000 -0.00000000 -0.00000000
vn 1.00000000 -0.00000000 -0.00000000
vn 1.00000000 -0.00000000 -0.00000000
vn 1.00000000 -0.00000000 -0.00000000
vn 1.00000000 -0.00000000 -0.00000000
vn 1.00000000 -0.00000000 -0.00000000
vn 1.00000000 -0.00000000 -0.00000000
vn 1.00000000 -0.00000000 -0.00000000
vn 1.00000000 -0.00000000 -0.00000000
vn 1.00000000 -0.00000000 -0.00000000
vn 1.00000000 -0.00000000 -0.00000000
vn 1.00000000 -0.00000000 -0.00000000
vn 1.00000000 -0.00000000 -0.00000000
vn 1.00000000 -0.00000000 -0.00000000
vn 1.00000000 -0.00000000 -0.00000000
vn 1.00000000 -0.00000000 -0.00000000
vn 1.00000000 -0.00000000 -0.00000000
vn 1.00000000 -0.00000000 -0.00000000
vn 1.00000000 -0.00000000 -0.00000000
vn 1.00000000 -0.00000000 -0.00000000
vn 1.00000000 -0.00000000 -0.00000000
vn 1.00000000 -0.00000000 -0.00000000
vn 1.00000000 -0.00000000 -0.00000000
vn 1.00000000 -0.00000000 -0.00000000
vn 1.00000000 -0.00000000 -0.00000000
vn 1.00000000 -0.00000000 -0.00000000
vn 1.00000000 -0.00000000 -0.00000000
vn 1.00000000 -0.00000000 -0.00000000
vn 1.00000000 -0.00000000 -0.00000000
vn 1.00000000 -0.00000000 -0.00000000
vn 1.00000000 -0.00000000 -0.00000000
vn 1.00000000 -0.00000000 -0.00000000
vn 1.00000000 -0.00000000 -0.00000000
vn 1.00000000 -0.00000000 -0.00000000
vn 1.00000000 -0.00000000 -0.00000000
vn 1.00000000 -0.00000000 -0.00000000
vn 1.00000000 -0.00000000 -0.00000000
vn 1.00000000 -0.00000000 -0.00000000
vn 1.00000000 -0.00000000 -0.00000000
vn 1.00000000 -0.00000000 -0.00000000
vn 1.00000000 -0.00000000 -0.00000000
vn 1.00000000 -0.00000000 -0.00000000
vn 1.00000000 -0.00000000 -0.00000000
vn 1.00000000 -0.00000000 -0.00000000
vn 1.00000000 -0.00000000 -0.00000000
vn 1.00000000 -0.00000000 -0.00000000
vn 1.00000000 -0.00000000 -0.00000000
vn 1.00000000 -0.00000000 -0.00000000
vn 1.00000000 -0.00000000 -0.00000000
vn 1.00000000 -0.00000000 -0.00000000
vn 1.00000000 -0.00000000 -0.00000000
vn 1.00000000 -0.00000000 -0.00000000
vn 1.00000000 -0.00000000 -0.00000000
vn 1.00000000 -0.00000000 -0.00000000
vn 1.00000000 -0.00000000 -0.00000000
vn 1.00000000 -0.00000000 -0.00000000
vn 1.00000000 -0.00000000 -0.00000000
vn 1.00000000 -0.00000000 -0.00000000
vn 1.00000000 -0.00000000 -0.00000000
vn 1.00000000 -0.00000000 -0.00000000
vn 1.00000000 -0.00000000 -0.00000000
vn 1.00000000 -0.00000000 -0.00000000
vn 1.00000000 -0.00000000 -0.00000000
vn 1.00000000 -0.00000000 -0.00000000
vn 1.00000000 -0.00000000 -0.00000000
vn 1.00000000 -0.00000000 -0.00000000
vn 1.00000000 -0.00000000 -0.00000000
vn 1.00000000 -0.00000000 -0.00000000
vn 1.00000000 -0.00000000 -0.00000000
vn 1.00000000 -0.00000000 -0.00000000
vn 1.00000000 -0.00000000 -0.00000000
vn 1.00000000 -0.00000000 -0.00000000
vn 1.00000000 -0.00000000 -0.00000000
vn 1.00000000 -0.00000000 -0.00000000
vn 1.00000000 -0.00000000 -0.00000000
vn 1.00000000 -0.00000000 -0.00000000
vn 1.00000000 -0.00000000 -0.00000000
vn 1.00000000 -0.00000000 -0.00000000
vn 1.00000000 -0.00000000 -0.00000000
vn 1.00000000 -0.00000000 -0.00000000
vn 1.00000000 -0.00000000 -0.00000000
vn 1.00000000 -0.00000000 -0.00000000
vn 1.00000000 -0.00000000 -0.00000000
vn 1.00000000 -0.00000000 -0.00000000
vn 1.00000000 -0.00000000 -0.00000000
vn 1.00000000 -0.00000000 -0.00000000
vn 1.00000000 -0.00000000 -0.00000000
vn 1.00000000 -0.00000000 -0.00000000
vn 1.00000000 -0.00000000 -0.00000000
vn 1.00000000 -0.00000000 -0.00000000
vn 1.00000000 -0.00000000 -0.00000000
vn 1.00000000 -0.00000000 -0.00000000
vn 1.00000000 -0.00000000 -0.00000000
vn 1.00000000 -0.00000000 -0.00000000
vn 1.00000000 -0.00000000 -0.00000000
vn 1.00000000 -0.00000000 -0.00000000
vn 1.00000000 -0.00000000 -0.00000000
vn 1.00000000 -0.00000000 -0.00000000
vn 1.00000000 -0.00000000 -0.00000000
vn 1.00000000 -0.00000000 -0.00000000
vn 1.00000000 -0.00000000 -0.00000000
vn 1.00000000 -0.00000000 -0.00000000
vn 1.00000000 -0.00000000 -0.00000000
vn 1.00000000 -0.00000000 -0.00000000
vn 1.00000000 -0.00000000 -0.00000000
vn 1.00000000 -0.00000000 -0.00000000
vn 1.00000000 -0.00000000 -0.00000000
vn 1.00000000 -0.00000000 -0.00000000
vn 1.00000000 -0.00000000 -0.00000000
vn 1.00000000 -0.00000000 -0.00000000
vn 1.00000000 -0.00000000 -0.00000000
vn 1.00000000 -0.00000000 -0.00000000
vn 1.00000000 -0.00000000 -0.00000000
vn 1.00000000 -0.00000000 -0.00000000
vn 1.00000000 -0.00000000 -0.00000000
vn 1.00000000 -0.00000000 -0.00000000
vn 1.00000000 -0.00000000 -0.00000000
vn 1.00000000 -0.00000000 -0.00000000
vn 1.00000000 -0.00000000 -0.00000000
vn 1.00000000 -0.00000000 -0.00000000
vn 1.00000000 -0.00000000 -0.00000000
vn 1.00000000 -0.00000000 -0.00000000
vn 1.00000000 -0.00000000 -0.00000000
vn 1.00000000 -0.00000000 -0.00000000
vn 1.00000000 -0.00000000 -0.00000000
vn 1.00000000 -0.00000000 -0.00000000
vn 1.00000000 -0.00000000 -0.00000000
vn 1.00000000 -0.00000000 -0.00000000
vn 1.00000000 -0.00000000 -0.00000000
vn 1.00000000 -0.00000000 -0.00000000
vn 1.00000000 -0.00000000 -0.00000000
vn 1.00000000 -0.00000000 -0.00000000
vn 1.00000000 -0.00000000 -0.00000000
vn 1.00000000 -0.00000000 -0.00000000
vn 1.00000000 -0.00000000 -0.00000000
vn 1.00000000 -0.00000000 -0.00000000
vn 1.00000000 -0.00000000 -0.00000000
vn 1.00000000 -0.00000000 -0.00000000
vn 1.00000000 -0.00000000 -0.00000000
vn 1.00000000 -0.00000000 -0.00000000
vn 1.00000000 -0.00000000 -0.00000000
vn 1.00000000 -0.00000000 -0.00000000
vn 1.00000000 -0.00000000 -0.00000000
vn 1.00000000 -0.00000000 -0.00000000
vn 1.00000000 -0.00000000 -0.00000000
vn 1.00000000 -0.00000000 -0.00000000
vn 1.00000000 -0.00000000 -0.00000000
vn 1.00000000 -0.00000000 -0.00000000
vn 1.00000000 -0.00000000 -0.00000000
vn 1.00000000 -0.00000000 -0.00000000
vn 1.00000000 -0.00000000 -0.00000000
vn 1.00000000 -0.00000000 -0.00000000
vn 1.00000000 -0.00000000 -0.00000000
vn 1.00000000 -0.00000000 -0.00000000
vn 1.00000000 -0.00000000 -0.00000000
vn 1.00000000 -0.00000000 -0.00000000
vn 1.00000000 -0.00000000 -0.00000000
vn 1.00000000 -0.00000000 -0.00000000
vn 1.00000000 -0.00000000 -0.00000000
vn 1.00000000 -0.00000000 -0.00000000
vn 1.00000000 -0.00000000 -0.00000000
vn 1.00000000 -0.00000000 -0.00000000
vn 1.00000000 -0.00000000 -0.00000000
vn 1.00000000 -0.00000000 -0.00000000
vn 1.00000000 -0.00000000 -0.00000000
vn 1.00000000 -0.00000000 -0.00000000
vn 1.00000000 -0.00000000 -0.00000000
vn 1.00000000 -0.00000000 -0.00000000
vn 1.00000000 -0.00000000 -0.00000000
vn 1.00000000 -0.00000000 -0.00000000
vn 1.00000000 -0.00000000 -0.00000000
vn 1.00000000 -0.00000000 -0.00000000
vn 1.00000000 -0.00000000 -0.00000000
vn 1.00000000 -0.00000000 -0.00000000
vn 1.00000000 -0.00000000 -0.00000000
vn 1.00000000 -0.00000000 -0.00000000
vn 1.00000000 -0.00000000 -0.00000000
vn 1.00000000 -0.00000000 -0.00000000
vn 1.00000000 -0.00000000 -0.00000000
vn 1.00000000 -0.00000000 -0.00000000
vn 1.00000000 -0.00000000 -0.00000000
vn 1.00000000 -0.00000000 -0.00000000
vn 1.00000000 -0.00000000 -0.00000000
vn 1.00000000 -0.00000000 -0.00000000
vn 1.00000000 -0.00000000 -0.00000000
vn 1.00000000 -0.00000000 -0.00000000
vn 1.00000000 -0.00000000 -0.00000000
vn 1.00000000 -0.00000000 -0.00000000
vn 1.00000000 -0.00000000 -0.00000000
vn 1.00000000 -0.00000000 -0.00000000
vn 1.00000000 -0.00000000 -0.00000000
vn 1.00000000 -0.00000000 -0.00000000
vn 1.00000000 -0.00000000 -0.00000000
vn 1.00000000 -0.00000000 -0.00000000
vn 1.00000000 -0.00000000 -0.00000000
vn 1.00000000 -0.00000000 -0.00000000
vn 1.00000000 -0.00000000 -0.00000000
vn 1.00000000 -0.00000000 -0.00000000
vn 1.00000000 -0.00000000 -0.00000000
vn 1.00000000 -0.00000000 -0.00000000
vn 1.00000000 -0.00000000 -0.00000000
vn 1.00000000 -0.00000000 -0.00000000
vn 1.00000000 -0.00000000 -0.00000000
vn 1.00000000 -0.00000000 -0.00000000
vn 1.00000000 -0.00000000 -0.00000000
vn 1.00000000 -0.00000000 -0.00000000
vn 1.00000000 -0.00000000 -0.00000000
vn 1.00000000 -0.00000000 -0.00000000
vn 1.00000000 -0.00000000 -0.00000000
vn 1.00000000 -0.00000000 -0.00000000
vn 1.00000000 -0.00000000 -0.00000000
vn 1.00000000 -0.00000000 -0.00000000
vn 1.00000000 -0.00000000 -0.00000000
vn 1.00000000 -0.00000000 -0.00000000
vn 1.00000000 -0.00000000 -0.00000000
vn 1.00000000 -0.00000000 -0.00000000
vn 1.00000000 -0.00000000 -0.00000000
vn 1.00000000 -0.00000000 -0.00000000
vn 1.00000000 -0.00000000 -0.00000000
vn 1.00000000 -0.00000000 -0.00000000
vn 1.00000000 -0.00000000 -0.00000000
vn 1.00000000 -0.00000000 -0.00000000
vn 1.00000000 -0.00000000 -0.00000000
vn 1.00000000 -0.00000000 -0.00000000
vn 1.00000000 -0.00000000 -0.00000000
vn 1.00000000 -0.00000000 -0.00000000
vn 1.00000000 -0.00000000 -0.00000000
vn 1.00000000 -0.00000000 -0.00000000
vn 1.00000000 -0.00000000 -0.00000000
vn 1.00000000 -0.00000000 -0.00000000
vn 1.00000000 -0.00000000 -0.00000000
vn 1.00000000 -0.00000000 -0.00000000
vn 1.00000000 -0.00000000 -0.00000000
vn 1.00000000 -0.00000000 -0.00000000
vn 1.00000000 -0.00000000 -0.00000000
vn 1.00000000 -0.00000000 -0.00000000
vn 1.00000000 -0.00000000 -0.00000000
vn 1.00000000 -0.00000000 -0.00000000
vn 1.00000000 -0.00000000 -0.00000000
vn 1.00000000 -0.00000000 -0.00000000
vn 1.00000000 -0.00000000 -0.00000000
vn 1.00000000 -0.00000000 -0.00000000
vn 1.00000000 -0.00000000 -0.00000000
vn 1.00000000 -0.00000000 -0.00000000
vn 1.00000000 -0.00000000 -0.00000000
vn 1.00000000 -0.00000000 -0.00000000
vn 1.00000000 -0.00000000 -0.00000000
vn 1.00000000 -0.00000000 -0.00000000
vn 1.00000000 -0.00000000 -0.00000000
vn 1.00000000 -0.00000000 -0.00000000
vn 1.00000000 -0.00000000 -0.00000000
vn 1.00000000 -0.00000000 -0.00000000
vn 1.00000000 -0.00000000 -0.00000000
vn 1.00000000 -0.00000000 -0.00000000
vn 1.00000000 -0.00000000 -0.00000000
vn 1.00000000 -0.00000000 -0.00000000
vn 1.00000000 -0.00000000 -0.00000000
vn 1.00000000 -0.00000000 -0.00000000
vn 1.00000000 -0.00000000 -0.00000000
vn 1.00000000 -0.00000000 -0.00000000
vn 1.00000000 -0.00000000 -0.00000000
vn 1.00000000 -0.00000000 -0.00000000
vn 1.00000000 -0.00000000 -0.00000000
vn 1.00000000 -0.00000000 -0.00000000
vn 1.00000000 -0.00000000 -0.00000000
vn 1.00000000 -0.00000000 -0.00000000
vn 1.00000000 -0.00000000 -0.00000000
vn 1.00000000 -0.00000000 -0.00000000
vn 1.00000000 -0.00000000 -0.00000000
vn 1.00000000 -0.00000000 -0.00000000
vn 1.00000000 -0.00000000 -0.00000000
vn 1.00000000 -0.00000000 -0.00000000
vn 1.00000000 -0.00000000 -0.00000000
vn 1.00000000 -0.00000000 -0.00000000
vn 1.00000000 -0.00000000 -0.00000000
vn 1.00000000 -0.00000000 -0.00000000
vn 1.00000000 -0.00000000 -0.00000000
vn 1.00000000 -0.00000000 -0.00000000
vn 1.00000000 -0.00000000 -0.00000000
vn 1.00000000 -0.00000000 -0.00000000
vn 1.00000000 -0.00000000 -0.00000000
vn 1.00000000 -0.00000000 -0.00000000
vn 1.00000000 -0.00000000 -0.00000000
vn 1.00000000 -0.00000000 -0.00000000
vn 1.00000000 -0.00000000 -0.00000000
vn 1.00000000 -0.00000000 -0.00000000
vn 1.00000000 -0.00000000 -0.00000000
vn 1.00000000 -0.00000000 -0.00000000
vn 1.00000000 -0.00000000 -0.00000000
vn 1.00000000 -0.00000000 -0.00000000
vn 1.00000000 -0.00000000 -0.00000000
vn 1.00000000 -0.00000000 -0.00000000
vn 1.00000000 -0.00000000 -0.00000000
vn 1.00000000 -0.00000000 -0.00000000
vn 1.00000000 -0.00000000 -0.00000000
vn 1.00000000 -0.00000000 -0.00000000
vn 1.00000000 -0.00000000 -0.00000000
vn 1.00000000 -0.00000000 -0.00000000
vn 1.00000000 -0.00000000 -0.00000000
vn 1.00000000 -0.00000000 -0.00000000
vn 1.00000000 -0.00000000 -0.00000000
vn 1.00000000 -0.00000000 -0.00000000
vn 1.00000000 -0.00000000 -0.00000000
vn 1.00000000 -0.00000000 -0.00000000
vn 1.00000000 -0.00000000 -0.00000000
vn 1.00000000 -0.00000000 -0.00000000
vn 1.00000000 -0.00000000 -0.00000000
vn 1.00000000 -0.00000000 -0.00000000
vn 1.00000000 -0.00000000 -0.00000000
vn 1.00000000 -0.00000000 -0.00000000
vn 1.00000000 -0.00000000 -0.00000000
vn 1.00000000 -0.00000000 -0.00000000
vn 1.00000000 -0.00000000 -0.00000000
vn 1.00000000 -0.00000000 -0.00000000
vn 1.00000000 -0.00000000 -0.00000000
vn 1.00000000 -0.00000000 -0.00000000
vn 1.00000000 -0.00000000 -0.00000000
vn 1.00000000 -0.00000000 -0.00000000
vn 1.00000000 -0.00000000 -0.00000000
vn 1.00000000 -0.00000000 -0.00000000
vn 1.00000000 -0.00000000 -0.00000000
vn 1.00000000 -0.00000000 -0.00000000
vn 1.00000000 -0.00000000 -0.00000000
vn 1.00000000 -0.00000000 -0.00000000
vn 1.00000000 -0.00000000 -0.00000000
vn 1.00000000 -0.00000000 -0.00000000
vn 1.00000000 -0.00000000 -0.00000000
vn 1.00000000 -0.00000000 -0.00000000
vn 1.00000000 -0.00000000 -0.00000000
vn 1.00000000 -0.00000000 -0.00000000
vn 1.00000000 -0.00000000 -0.00000000
vn 1.00000000 -0.00000000 -0.00000000
vn 1.00000000 -0.00000000 -0.00000000
vn 1.00000000 -0.00000000 -0.00000000
vn 1.00000000 -0.00000000 -0.00000000
vn 1.00000000 -0.00000000 -0.00000000
vn 1.00000000 -0.00000000 -0.00000000
vn 1.00000000 -0.00000000 -0.00000000
vn 1.00000000 -0.00000000 -0.00000000
vn 1.00000000 -0.00000000 -0.00000000
vn 1.00000000 -0.00000000 -0.00000000
vn 1.00000000 -0.00000000 -0.00000000
vn 1.00000000 -0.00000000 -0.00000000
vn 1.00000000 -0.00000000 -0.00000000
vn 1.00000000 -0.00000000 -0.00000000
vn 1.00000000 -0.00000000 -0.00000000
vn 1.00000000 -0.00000000 -0.00000000
vn 1.00000000 -0.00000000 -0.00000000
vn 1.00000000 -0.00000000 -0.00000000
vn 1.00000000 -0.00000000 -0.00000000
vn 1.00000000 -0.00000000 -0.00000000
vn 1.00000000 -0.00000000 -0.00000000
vn 1.00000000 -0.00000000 -0.00000000
vn 1.00000000 -0.00000000 -0.00000000
vn 1.00000000 -0.00000000 -0.00000000
vn 1.00000000 -0.00000000 -0.00000000
vn 1.00000000 -0.00000000 -0.00000000
vn 1.00000000 -0.00000000 -0.00000000
vn 1.00000000 -0.00000000 -0.00000000
vn 1.00000000 -0.00000000 -0.00000000
vn 1.00000000 -0.00000000 -0.00000000
vn 1.00000000 -0.00000000 -0.00000000
vn 1.00000000 -0.00000000 -0.00000000
vn 1.00000000 -0.00000000 -0.00000000
vn 1.00000000 -0.00000000 -0.00000000
vn 1.00000000 -0.00000000 -0.00000000
vn 1.00000000 -0.00000000 -0.00000000
vn 1.00000000 -0.00000000 -0.00000000
vn 1.00000000 -0.00000000 -0.00000000
vn 1.00000000 -0.00000000 -0.00000000
vn 1.00000000 -0.00000000 -0.00000000
vn 1.00000000 -0.00000000 -0.00000000
vn 1.00000000 -0.00000000 -0.00000000
vn 1.00000000 -0.00000000 -0.00000000
vn 1.00000000 -0.00000000 -0.00000000
vn 1.00000000 -0.00000000 -0.00000000
vn 1.00000000 -0.00000000 -0.00000000
vn 1.00000000 -0.00000000 -0.00000000
vn 1.00000000 -0.00000000 -0.00000000
vn 1.00000000 -0.00000000 -0.00000000
vn 1.00000000 -0.00000000 -0.00000000
vn 1.00000000 -0.00000000 -0.00000000
vn 1.00000000 -0.00000000 -0.00000000
vn 1.00000000 -0.00000000 -0.00000000
vn 1.00000000 -0.00000000 -0.00000000
vn 1.00000000 -0.00000000 -0.00000000
vn 1.00000000 -0.00000000 -0.00000000
vn 1.00000000 -0.00000000 -0.00000000
vn 1.00000000 -0.00000000 -0.00000000
vn 1.00000000 -0.00000000 -0.00000000
vn 1.00000000 -0.00000000 -0.00000000
vn 0.00000000 -0.00000000 -1.00000000
vn 0.00000000 -0.00000000 -1.00000000
vn 0.00000000 -0.00000000 -1.00000000
vn 0.00000000 -0.00000000 -1.00000000
vn 0.00000000 -0.00000000 -1.00000000
vn 0.00000000 -0.00000000 -1.00000000
vn 0.00000000 -0.00000000 -1.00000000
vn 0.00000000 -0.00000000 -1.00000000
vn 0.00000000 -0.00000000 -1.00000000
vn 0.00000000 -0.00000000 -1.00000000
vn 0.00000000 -0.00000000 -1.00000000
vn 0.00000000 -0.00000000 -1.00000000
vn 0.00000000 -0.00000000 -1.00000000
vn 0.00000000 -0.00000000 -1.00000000
vn 0.00000000 -0.00000000 -1.00000000
vn 0.00000000 -0.00000000 -1.00000000
vn 0.00000000 -0.00000000 -1.00000000
vn 0.00000000 -0.00000000 -1.00000000
vn 0.00000000 -0.00000000 -1.00000000
vn 0.00000000 -0.00000000 -1.00000000
vn 0.00000000 -0.00000000 -1.00000000
vn 0.00000000 -0.00000000 -1.00000000
vn 0.00000000 -0.00000000 -1.00000000
vn 0.00000000 -0.00000000 -1.00000000
vn 0.00000000 -0.00000000 -1.00000000
vn 0.00000000 -0.00000000 -1.00000000
vn 0.00000000 -0.00000000 -1.00000000
vn 0.00000000 -0.00000000 -1.00000000
vn 0.00000000 -0.00000000 -1.00000000
vn 0.00000000 -0.00000000 -1.00000000
vn 0.00000000 -0.00000000 -1.00000000
vn 0.00000000 -0.00000000 -1.00000000
vn 0.00000000 -0.00000000 -1.00000000
vn 0.00000000 -0.00000000 -1.00000000
vn 0.00000000 -0.00000000 -1.00000000
vn 0.00000000 -0.00000000 -1.00000000
vn 0.00000000 -0.00000000 -1.00000000
vn 0.00000000 -0.00000000 -1.00000000
vn 0.00000000 -0.00000000 -1.00000000
vn 0.00000000 -0.00000000 -1.00000000
vn 0.00000000 -0.00000000 -1.00000000
vn 0.00000000 -0.00000000 -1.00000000
vn 0.00000000 -0.00000000 -1.00000000
vn 0.00000000 -0.00000000 -1.00000000
vn 0.00000000 -0.00000000 -1.00000000
vn 0.00000000 -0.00000000 -1.00000000
vn 0.00000000 -0.00000000 -1.00000000
vn 0.00000000 -0.00000000 -1.00000000
vn 0.00000000 -0.00000000 -1.00000000
vn 0.00000000 -0.00000000 -1.00000000
vn 0.00000000 -0.00000000 -1.00000000
vn 0.00000000 -0.00000000 -1.00000000
vn 0.00000000 -0.00000000 -1.00000000
vn 0.00000000 -0.00000000 -1.00000000
vn 0.00000000 -0.00000000 -1.00000000
vn 0.00000000 -0.00000000 -1.00000000
vn 0.00000000 -0.00000000 -1.00000000
vn 0.00000000 -0.00000000 -1.00000000
vn 0.00000000 -0.00000000 -1.00000000
vn 0.00000000 -0.00000000 -1.00000000
vn 0.00000000 -0.00000000 -1.00000000
vn 0.00000000 -0.00000000 -1.00000000
vn 0.00000000 -0.00000000 -1.00000000
vn 0.00000000 -0.00000000 -1.00000000
vn 0.00000000 -0.00000000 -1.00000000
vn 0.00000000 -0.00000000 -1.00000000
vn 0.00000000 -0.00000000 -1.00000000
vn 0.00000000 -0.00000000 -1.00000000
vn 0.00000000 -0.00000000 -1.00000000
vn 0.00000000 -0.00000000 -1.00000000
vn 0.00000000 -0.00000000 -1.00000000
vn 0.00000000 -0.00000000 -1.00000000
vn 0.00000000 -0.00000000 -1.00000000
vn 0.00000000 -0.00000000 -1.00000000
vn 0.00000000 -0.00000000 -1.00000000
vn 0.00000000 -0.00000000 -1.00000000
vn 0.00000000 -0.00000000 -1.00000000
vn 0.70710700 -0.00000000 -0.70710700
vn 0.70710700 -0.00000000 -0.70710700
vn 0.70710700 -0.00000000 -0.70710700
vn 0.70710700 -0.00000000 -0.70710700
vn 0.70710700 -0.00000000 -0.70710700
vn 0.70710700 -0.00000000 -0.70710700
vn 0.70710700 -0.00000000 -0.70710700
vn 0.92388000 -0.00000000 -0.38268300
vn 0.38268300 -0.00000000 -0.92388000
vn 0.45110000 0.45110000 -0.77007600
vn 0.45110000 -0.45110000 -0.77007600
vn 0.00000000 0.70710700 -0.70710700
vn 0.00000000 0.70710700 -0.70710700
vn 0.00000000 0.70710700 -0.70710700
vn 0.00000000 0.70710700 -0.70710700
vn 0.00000000 0.70710700 -0.70710700
vn 0.00000000 0.70710700 -0.70710700
vn 0.00000000 0.70710700 -0.70710700
vn 0.00000000 0.38268300 -0.92388000
vn 0.00000000 0.92388000 -0.38268300
vn 0.70710700 0.70710700 -0.00000000
vn 0.70710700 0.70710700 -0.00000000
vn 0.70710700 0.70710700 -0.00000000
vn 0.70710700 0.70710700 -0.00000000
vn 0.70710700 0.70710700 -0.00000000
vn 0.70710700 0.70710700 -0.00000000
vn 0.70710700 0.70710700 -0.00000000
vn 0.70710700 0.70710700 -0.00000000
vn 0.70710700 0.70710700 -0.00000000
vn 0.70710700 0.70710700 -0.00000000
vn 0.70710700 0.70710700 -0.00000000
vn 0.70710700 0.70710700 -0.00000000
vn 0.70710700 0.70710700 -0.00000000
vn 0.70710700 0.70710700 -0.00000000
vn 0.70710700 0.70710700 -0.00000000
vn 0.70710700 0.70710700 -0.00000000
vn 0.70710700 0.70710700 -0.00000000
vn 0.70710700 0.70710700 -0.00000000
vn 0.70710700 0.70710700 -0.00000000
vn 0.70710700 0.70710700 -0.00000000
vn 0.70710700 0.70710700 -0.00000000
vn 0.70710700 0.70710700 -0.00000000
vn 0.70710700 0.70710700 -0.00000000
vn 0.70710700 0.70710700 -0.00000000
vn 0.70710700 0.70710700 -0.00000000
vn 0.70710700 0.70710700 -0.00000000
vn 0.70710700 0.70710700 -0.00000000
vn 0.70710700 0.70710700 -0.00000000
vn 0.70710700 0.70710700 -0.00000000
vn 0.70710700 0.70710700 -0.00000000
vn 0.70710700 0.70710700 -0.00000000
vn 0.70710700 0.70710700 -0.00000000
vn 0.70710700 0.70710700 -0.00000000
vn 0.70710700 0.70710700 -0.00000000
vn 0.70710700 0.70710700 -0.00000000
vn 0.70710700 0.70710700 -0.00000000
vn 0.70710700 0.70710700 -0.00000000
vn 0.70710700 0.70710700 -0.00000000
vn 0.70710700 0.70710700 -0.00000000
vn 0.70710700 0.70710700 -0.00000000
vn 0.70710700 0.70710700 -0.00000000
vn 0.70710700 0.70710700 -0.00000000
vn 0.70710700 0.70710700 -0.00000000
vn 0.70710700 0.70710700 -0.00000000
vn 0.70710700 0.70710700 -0.00000000
vn 0.70710700 0.70710700 -0.00000000
vn 0.70710700 0.70710700 -0.00000000
vn 0.70710700 0.70710700 -0.00000000
vn 0.70710700 0.70710700 -0.00000000
vn 0.70710700 0.70710700 -0.00000000
vn 0.70710700 0.70710700 -0.00000000
vn 0.70710700 0.70710700 -0.00000000
vn 0.70710700 0.70710700 -0.00000000
vn 0.70710700 0.70710700 -0.00000000
vn 0.70710700 0.70710700 -0.00000000
vn 0.70710700 0.70710700 -0.00000000
vn 0.70710700 0.70710700 -0.00000000
vn 0.70710700 0.70710700 -0.00000000
vn 0.70710700 0.70710700 -0.00000000
vn 0.70710700 0.70710700 -0.00000000
vn 0.70710700 0.70710700 -0.00000000
vn 0.70710700 0.70710700 -0.00000000
vn 0.70710700 0.70710700 -0.00000000
vn 0.70710700 0.70710700 -0.00000000
vn 0.70710700 0.70710700 -0.00000000
vn 0.70710700 0.70710700 -0.00000000
vn 0.70710700 0.70710700 -0.00000000
vn 0.70710700 0.70710700 -0.00000000
vn 0.70710700 0.70710700 -0.00000000
vn 0.70710700 0.70710700 -0.00000000
vn 0.70710700 0.70710700 -0.00000000
vn 0.70710700 0.70710700 -0.00000000
vn 0.70710700 0.70710700 -0.00000000
vn 0.70710700 0.70710700 -0.00000000
vn 0.70710700 0.70710700 -0.00000000
vn 0.70710700 0.70710700 -0.00000000
vn 0.70710700 0.70710700 -0.00000000
vn 0.70710700 0.70710700 -0.00000000
vn 0.70710700 0.70710700 -0.00000000
vn 0.70710700 0.70710700 -0.00000000
vn 0.70710700 0.70710700 -0.00000000
vn 0.70710700 0.70710700 -0.00000000
vn 0.70710700 0.70710700 -0.00000000
vn 0.70710700 0.70710700 -0.00000000
vn 0.70710700 0.70710700 -0.00000000
vn 0.70710700 0.70710700 -0.00000000
vn 0.70710700 0.70710700 -0.00000000
vn 0.70710700 0.70710700 -0.00000000
vn 0.70710700 0.70710700 -0.00000000
vn 0.70710700 0.70710700 -0.00000000
vn 0.70710700 0.70710700 -0.00000000
vn 0.70710700 0.70710700 -0.00000000
vn 0.70710700 0.70710700 -0.00000000
vn 0.70710700 0.70710700 -0.00000000
vn 0.70710700 0.70710700 -0.00000000
vn 0.70710700 0.70710700 -0.00000000
vn 0.70710700 0.70710700 -0.00000000
vn 0.92388000 0.38268300 -0.00000000
vn 0.38268300 0.92388000 -0.00000000
vn 0.70710700 -0.70710700 0.00000000
vn 0.70710700 -0.70710700 0.00000000
vn 0.70710700 -0.70710700 0.00000000
vn 0.70710700 -0.70710700 0.00000000
vn 0.70710700 -0.70710700 0.00000000
vn 0.70710700 -0.70710700 0.00000000
vn 0.70710700 -0.70710700 0.00000000
vn 0.70710700 -0.70710700 0.00000000
vn 0.70710700 -0.70710700 0.00000000
vn 0.70710700 -0.70710700 0.00000000
vn 0.70710700 -0.70710700 0.00000000
vn 0.70710700 -0.70710700 0.00000000
vn 0.70710700 -0.70710700 0.00000000
vn 0.70710700 -0.70710700 0.00000000
vn 0.70710700 -0.70710700 0.00000000
vn 0.70710700 -0.70710700 0.00000000
vn 0.70710700 -0.70710700 0.00000000
vn 0.70710700 -0.70710700 0.00000000
vn 0.70710700 -0.70710700 0.00000000
vn 0.70710700 -0.70710700 0.00000000
vn 0.70710700 -0.70710700 0.00000000
vn 0.70710700 -0.70710700 0.00000000
vn 0.70710700 -0.70710700 0.00000000
vn 0.70710700 -0.70710700 0.00000000
vn 0.70710700 -0.70710700 0.00000000
vn 0.70710700 -0.70710700 0.00000000
vn 0.70710700 -0.70710700 0.00000000
vn 0.70710700 -0.70710700 0.00000000
vn 0.70710700 -0.70710700 0.00000000
vn 0.70710700 -0.70710700 0.00000000
vn 0.70710700 -0.70710700 0.00000000
vn 0.70710700 -0.70710700 0.00000000
vn 0.70710700 -0.70710700 0.00000000
vn 0.70710700 -0.70710700 0.00000000
vn 0.70710700 -0.70710700 0.00000000
vn 0.70710700 -0.70710700 0.00000000
vn 0.70710700 -0.70710700 0.00000000
vn 0.70710700 -0.70710700 0.00000000
vn 0.70710700 -0.70710700 0.00000000
vn 0.70710700 -0.70710700 0.00000000
vn 0.70710700 -0.70710700 0.00000000
vn 0.70710700 -0.70710700 0.00000000
vn 0.70710700 -0.70710700 0.00000000
vn 0.70710700 -0.70710700 0.00000000
vn 0.70710700 -0.70710700 0.00000000
vn 0.70710700 -0.70710700 0.00000000
vn 0.70710700 -0.70710700 0.00000000
vn 0.70710700 -0.70710700 0.00000000
vn 0.70710700 -0.70710700 0.00000000
vn 0.70710700 -0.70710700 0.00000000
vn 0.70710700 -0.70710700 0.00000000
vn 0.70710700 -0.70710700 0.00000000
vn 0.70710700 -0.70710700 0.00000000
vn 0.70710700 -0.70710700 0.00000000
vn 0.70710700 -0.70710700 0.00000000
vn 0.70710700 -0.70710700 0.00000000
vn 0.70710700 -0.70710700 0.00000000
vn 0.70710700 -0.70710700 0.00000000
vn 0.70710700 -0.70710700 0.00000000
vn 0.70710700 -0.70710700 0.00000000
vn 0.70710700 -0.70710700 0.00000000
vn 0.70710700 -0.70710700 0.00000000
vn 0.70710700 -0.70710700 0.00000000
vn 0.70710700 -0.70710700 0.00000000
vn 0.70710700 -0.70710700 0.00000000
vn 0.70710700 -0.70710700 0.00000000
vn 0.70710700 -0.70710700 0.00000000
vn 0.70710700 -0.70710700 0.00000000
vn 0.70710700 -0.70710700 0.00000000
vn 0.70710700 -0.70710700 0.00000000
vn 0.70710700 -0.70710700 0.00000000
vn 0.70710700 -0.70710700 0.00000000
vn 0.70710700 -0.70710700 0.00000000
vn 0.70710700 -0.70710700 0.00000000
vn 0.70710700 -0.70710700 0.00000000
vn 0.70710700 -0.70710700 0.00000000
vn 0.70710700 -0.70710700 0.00000000
vn 0.70710700 -0.70710700 0.00000000
vn 0.70710700 -0.70710700 0.00000000
vn 0.70710700 -0.70710700 0.00000000
vn 0.70710700 -0.70710700 0.00000000
vn 0.70710700 -0.70710700 0.00000000
vn 0.70710700 -0.70710700 0.00000000
vn 0.70710700 -0.70710700 0.00000000
vn 0.70710700 -0.70710700 0.00000000
vn 0.70710700 -0.70710700 0.00000000
vn 0.70710700 -0.70710700 0.00000000
vn 0.70710700 -0.70710700 0.00000000
vn 0.70710700 -0.70710700 0.00000000
vn 0.70710700 -0.70710700 0.00000000
vn 0.70710700 -0.70710700 0.00000000
vn 0.70710700 -0.70710700 0.00000000
vn 0.70710700 -0.70710700 0.00000000
vn 0.70710700 -0.70710700 0.00000000
vn 0.70710700 -0.70710700 0.00000000
vn 0.70710700 -0.70710700 0.00000000
vn 0.70710700 -0.70710700 0.00000000
vn 0.92388000 -0.38268300 0.00000000
vn 0.38268300 -0.92388000 0.00000000
vn 0.00000000 -0.70710700 -0.70710700
vn 0.00000000 -0.70710700 -0.70710700
vn 0.00000000 -0.70710700 -0.70710700
vn 0.00000000 -0.70710700 -0.70710700
vn 0.00000000 -0.70710700 -0.70710700
vn 0.00000000 -0.70710700 -0.70710700
vn 0.00000000 -0.70710700 -0.70710700
vn 0.00000000 -0.38268300 -0.92388000
vn 0.00000000 -0.92388000 -0.38268300
vn -0.45110000 0.45110000 -0.77007600
vn 0.45110000 0.45110000 0.77007600
vn 0.45110000 -0.45110000 0.77007600
vn -0.45110000 -0.45110000 -0.77007600
vn -0.70710700 0.00000000 -0.70710700
vn -0.70710700 0.00000000 -0.70710700
vn -0.70710700 0.00000000 -0.70710700
vn -0.70710700 0.00000000 -0.70710700
vn -0.70710700 0.00000000 -0.70710700
vn -0.70710700 0.00000000 -0.70710700
vn -0.70710700 0.00000000 -0.70710700
vn -0.92388000 0.00000000 -0.38268300
vn -0.38268300 0.00000000 -0.92388000
vn -0.70710700 0.70710700 0.00000000
vn -0.70710700 0.70710700 0.00000000
vn -0.70710700 0.70710700 0.00000000
vn -0.70710700 0.70710700 0.00000000
vn -0.70710700 0.70710700 0.00000000
vn -0.70710700 0.70710700 0.00000000
vn -0.70710700 0.70710700 0.00000000
vn -0.70710700 0.70710700 0.00000000
vn -0.70710700 0.70710700 0.00000000
vn -0.70710700 0.70710700 0.00000000
vn -0.70710700 0.70710700 0.00000000
vn -0.70710700 0.70710700 0.00000000
vn -0.70710700 0.70710700 0.00000000
vn -0.70710700 0.70710700 0.00000000
vn -0.70710700 0.70710700 0.00000000
vn -0.70710700 0.70710700 0.00000000
vn -0.70710700 0.70710700 0.00000000
vn -0.70710700 0.70710700 0.00000000
vn -0.70710700 0.70710700 0.00000000
vn -0.70710700 0.70710700 0.00000000
vn -0.70710700 0.70710700 0.00000000
vn -0.70710700 0.70710700 0.00000000
vn -0.70710700 0.70710700 0.00000000
vn -0.70710700 0.70710700 0.00000000
vn -0.70710700 0.70710700 0.00000000
vn -0.70710700 0.70710700 0.00000000
vn -0.70710700 0.70710700 0.00000000
vn -0.70710700 0.70710700 0.00000000
vn -0.70710700 0.70710700 0.00000000
vn -0.70710700 0.70710700 0.00000000
vn -0.70710700 0.70710700 0.00000000
vn -0.70710700 0.70710700 0.00000000
vn -0.70710700 0.70710700 0.00000000
vn -0.70710700 0.70710700 0.00000000
vn -0.70710700 0.70710700 0.00000000
vn -0.70710700 0.70710700 0.00000000
vn -0.70710700 0.70710700 0.00000000
vn -0.70710700 0.70710700 0.00000000
vn -0.70710700 0.70710700 0.00000000
vn -0.70710700 0.70710700 0.00000000
vn -0.70710700 0.70710700 0.00000000
vn -0.70710700 0.70710700 0.00000000
vn -0.70710700 0.70710700 0.00000000
vn -0.70710700 0.70710700 0.00000000
vn -0.70710700 0.70710700 0.00000000
vn -0.70710700 0.70710700 0.00000000
vn -0.70710700 0.70710700 0.00000000
vn -0.70710700 0.70710700 0.00000000
vn -0.70710700 0.70710700 0.00000000
vn -0.70710700 0.70710700 0.00000000
vn -0.70710700 0.70710700 0.00000000
vn -0.70710700 0.70710700 0.00000000
vn -0.70710700 0.70710700 0.00000000
vn -0.70710700 0.70710700 0.00000000
vn -0.70710700 0.70710700 0.00000000
vn -0.70710700 0.70710700 0.00000000
vn -0.70710700 0.70710700 0.00000000
vn -0.70710700 0.70710700 0.00000000
vn -0.70710700 0.70710700 0.00000000
vn -0.70710700 0.70710700 0.00000000
vn -0.70710700 0.70710700 0.00000000
vn -0.70710700 0.70710700 0.00000000
vn -0.70710700 0.70710700 0.00000000
vn -0.70710700 0.70710700 0.00000000
vn -0.70710700 0.70710700 0.00000000
vn -0.70710700 0.70710700 0.00000000
vn -0.70710700 0.70710700 0.00000000
vn -0.70710700 0.70710700 0.00000000
vn -0.70710700 0.70710700 0.00000000
vn -0.70710700 0.70710700 0.00000000
vn -0.70710700 0.70710700 0.00000000
vn -0.70710700 0.70710700 0.00000000
vn -0.70710700 0.70710700 0.00000000
vn -0.70710700 0.70710700 0.00000000
vn -0.70710700 0.70710700 0.00000000
vn -0.70710700 0.70710700 0.00000000
vn -0.70710700 0.70710700 0.00000000
vn -0.70710700 0.70710700 0.00000000
vn -0.70710700 0.70710700 0.00000000
vn -0.70710700 0.70710700 0.00000000
vn -0.70710700 0.70710700 0.00000000
vn -0.70710700 0.70710700 0.00000000
vn -0.70710700 0.70710700 0.00000000
vn -0.70710700 0.70710700 0.00000000
vn -0.70710700 0.70710700 0.00000000
vn -0.70710700 0.70710700 0.00000000
vn -0.70710700 0.70710700 0.00000000
vn -0.70710700 0.70710700 0.00000000
vn -0.70710700 0.70710700 0.00000000
vn -0.70710700 0.70710700 0.00000000
vn -0.70710700 0.70710700 0.00000000
vn -0.70710700 0.70710700 0.00000000
vn -0.70710700 0.70710700 0.00000000
vn -0.70710700 0.70710700 0.00000000
vn -0.70710700 0.70710700 0.00000000
vn -0.70710700 0.70710700 0.00000000
vn -0.70710700 0.70710700 0.00000000
vn -0.92388000 0.38268300 0.00000000
vn -0.38268300 0.92388000 0.00000000
vn 0.00000000 0.70710700 0.70710700
vn 0.00000000 0.70710700 0.70710700
vn 0.00000000 0.70710700 0.70710700
vn 0.00000000 0.70710700 0.70710700
vn 0.00000000 0.70710700 0.70710700
vn 0.00000000 0.70710700 0.70710700
vn 0.00000000 0.70710700 0.70710700
vn 0.00000000 0.38268300 0.92388000
vn 0.00000000 0.92388000 0.38268300
vn 0.70710700 -0.00000000 0.70710700
vn 0.70710700 -0.00000000 0.70710700
vn 0.70710700 -0.00000000 0.70710700
vn 0.70710700 -0.00000000 0.70710700
vn 0.70710700 -0.00000000 0.70710700
vn 0.70710700 -0.00000000 0.70710700
vn 0.70710700 -0.00000000 0.70710700
vn 0.38268300 -0.00000000 0.92388000
vn 0.92388000 -0.00000000 0.38268300
vn 0.00000000 -0.70710700 0.70710700
vn 0.00000000 -0.70710700 0.70710700
vn 0.00000000 -0.70710700 0.70710700
vn 0.00000000 -0.70710700 0.70710700
vn 0.00000000 -0.70710700 0.70710700
vn 0.00000000 -0.70710700 0.70710700
vn 0.00000000 -0.70710700 0.70710700
vn 0.00000000 -0.38268300 0.92388000
vn 0.00000000 -0.92388000 0.38268300
vn -0.70710700 -0.70710700 0.00000000
vn -0.70710700 -0.70710700 0.00000000
vn -0.70710700 -0.70710700 0.00000000
vn -0.70710700 -0.70710700 0.00000000
vn -0.70710700 -0.70710700 0.00000000
vn -0.70710700 -0.70710700 0.00000000
vn -0.70710700 -0.70710700 0.00000000
vn -0.70710700 -0.70710700 0.00000000
vn -0.70710700 -0.70710700 0.00000000
vn -0.70710700 -0.70710700 0.00000000
vn -0.70710700 -0.70710700 0.00000000
vn -0.70710700 -0.70710700 0.00000000
vn -0.70710700 -0.70710700 0.00000000
vn -0.70710700 -0.70710700 0.00000000
vn -0.70710700 -0.70710700 0.00000000
vn -0.70710700 -0.70710700 0.00000000
vn -0.70710700 -0.70710700 0.00000000
vn -0.70710700 -0.70710700 0.00000000
vn -0.70710700 -0.70710700 0.00000000
vn -0.70710700 -0.70710700 0.00000000
vn -0.70710700 -0.70710700 0.00000000
vn -0.70710700 -0.70710700 0.00000000
vn -0.70710700 -0.70710700 0.00000000
vn -0.70710700 -0.70710700 0.00000000
vn -0.70710700 -0.70710700 0.00000000
vn -0.70710700 -0.70710700 0.00000000
vn -0.70710700 -0.70710700 0.00000000
vn -0.70710700 -0.70710700 0.00000000
vn -0.70710700 -0.70710700 0.00000000
vn -0.70710700 -0.70710700 0.00000000
vn -0.70710700 -0.70710700 0.00000000
vn -0.70710700 -0.70710700 0.00000000
vn -0.70710700 -0.70710700 0.00000000
vn -0.70710700 -0.70710700 0.00000000
vn -0.70710700 -0.70710700 0.00000000
vn -0.70710700 -0.70710700 0.00000000
vn -0.70710700 -0.70710700 0.00000000
vn -0.70710700 -0.70710700 0.00000000
vn -0.70710700 -0.70710700 0.00000000
vn -0.70710700 -0.70710700 0.00000000
vn -0.70710700 -0.70710700 0.00000000
vn -0.70710700 -0.70710700 0.00000000
vn -0.70710700 -0.70710700 0.00000000
vn -0.70710700 -0.70710700 0.00000000
vn -0.70710700 -0.70710700 0.00000000
vn -0.70710700 -0.70710700 0.00000000
vn -0.70710700 -0.70710700 0.00000000
vn -0.70710700 -0.70710700 0.00000000
vn -0.70710700 -0.70710700 0.00000000
vn -0.70710700 -0.70710700 0.00000000
vn -0.70710700 -0.70710700 0.00000000
vn -0.70710700 -0.70710700 0.00000000
vn -0.70710700 -0.70710700 0.00000000
vn -0.70710700 -0.70710700 0.00000000
vn -0.70710700 -0.70710700 0.00000000
vn -0.70710700 -0.70710700 0.00000000
vn -0.70710700 -0.70710700 0.00000000
vn -0.70710700 -0.70710700 0.00000000
vn -0.70710700 -0.70710700 0.00000000
vn -0.70710700 -0.70710700 0.00000000
vn -0.70710700 -0.70710700 0.00000000
vn -0.70710700 -0.70710700 0.00000000
vn -0.70710700 -0.70710700 0.00000000
vn -0.70710700 -0.70710700 0.00000000
vn -0.70710700 -0.70710700 0.00000000
vn -0.70710700 -0.70710700 0.00000000
vn -0.70710700 -0.70710700 0.00000000
vn -0.70710700 -0.70710700 0.00000000
vn -0.70710700 -0.70710700 0.00000000
vn -0.70710700 -0.70710700 0.00000000
vn -0.70710700 -0.70710700 0.00000000
vn -0.70710700 -0.70710700 0.00000000
vn -0.70710700 -0.70710700 0.00000000
vn -0.70710700 -0.70710700 0.00000000
vn -0.70710700 -0.70710700 0.00000000
vn -0.70710700 -0.70710700 0.00000000
vn -0.70710700 -0.70710700 0.00000000
vn -0.70710700 -0.70710700 0.00000000
vn -0.70710700 -0.70710700 0.00000000
vn -0.70710700 -0.70710700 0.00000000
vn -0.70710700 -0.70710700 0.00000000
vn -0.70710700 -0.70710700 0.00000000
vn -0.70710700 -0.70710700 0.00000000
vn -0.70710700 -0.70710700 0.00000000
vn -0.70710700 -0.70710700 0.00000000
vn -0.70710700 -0.70710700 0.00000000
vn -0.70710700 -0.70710700 0.00000000
vn -0.70710700 -0.70710700 0.00000000
vn -0.70710700 -0.70710700 0.00000000
vn -0.70710700 -0.70710700 0.00000000
vn -0.70710700 -0.70710700 0.00000000
vn -0.70710700 -0.70710700 0.00000000
vn -0.70710700 -0.70710700 0.00000000
vn -0.70710700 -0.70710700 0.00000000
vn -0.70710700 -0.70710700 0.00000000
vn -0.70710700 -0.70710700 0.00000000
vn -0.70710700 -0.70710700 0.00000000
vn -0.92388000 -0.38268300 0.00000000
vn -0.38268300 -0.92388000 0.00000000
vn -0.45110000 0.45110000 0.77007600
vn -0.45110000 -0.45110000 0.77007600
vn -0.70710700 -0.00000000 0.70710700
vn -0.70710700 -0.00000000 0.70710700
vn -0.70710700 -0.00000000 0.70710700
vn -0.70710700 -0.00000000 0.70710700
vn -0.70710700 -0.00000000 0.70710700
vn -0.70710700 -0.00000000 0.70710700
vn -0.70710700 -0.00000000 0.70710700
vn -0.38268300 -0.00000000 0.92388000
vn -0.92388000 -0.00000000 0.38268300
vn -0.00000000 1.00000000 -0.00000000
vn -0.00000000 1.00000000 -0.00000000
vn -0.00000000 1.00000000 -0.00000000
vn -0.00000000 1.00000000 -0.00000000
vn -0.00000000 1.00000000 -0.00000000
vn -0.00000000 1.00000000 -0.00000000
vn -0.00000000 1.00000000 -0.00000000
vn -0.00000000 1.00000000 -0.00000000
vn -0.00000000 1.00000000 -0.00000000
vn -0.00000000 1.00000000 -0.00000000
vn -0.00000000 1.00000000 -0.00000000
vn -0.00000000 1.00000000 -0.00000000
vn -0.00000000 1.00000000 -0.00000000
vn -0.00000000 1.00000000 -0.00000000
vn -0.00000000 1.00000000 -0.00000000
vn -0.00000000 1.00000000 -0.00000000
vn -0.00000000 1.00000000 -0.00000000
vn -0.00000000 1.00000000 -0.00000000
vn -0.00000000 1.00000000 -0.00000000
vn -0.00000000 1.00000000 -0.00000000
vn -0.00000000 1.00000000 -0.00000000
vn -0.00000000 1.00000000 -0.00000000
vn -0.00000000 1.00000000 -0.00000000
vn -0.00000000 1.00000000 -0.00000000
vn -0.00000000 1.00000000 -0.00000000
vn -0.00000000 1.00000000 -0.00000000
vn -0.00000000 1.00000000 -0.00000000
vn -0.00000000 1.00000000 -0.00000000
vn -0.00000000 1.00000000 -0.00000000
vn -0.00000000 1.00000000 -0.00000000
vn -0.00000000 1.00000000 -0.00000000
vn -0.00000000 1.00000000 -0.00000000
vn -0.00000000 1.00000000 -0.00000000
vn -0.00000000 1.00000000 -0.00000000
vn -0.00000000 1.00000000 -0.00000000
vn -0.00000000 1.00000000 -0.00000000
vn -0.00000000 1.00000000 -0.00000000
vn -0.00000000 1.00000000 -0.00000000
vn -0.00000000 1.00000000 -0.00000000
vn -0.00000000 1.00000000 -0.00000000
vn -0.00000000 1.00000000 -0.00000000
vn -0.00000000 1.00000000 -0.00000000
vn -0.00000000 1.00000000 -0.00000000
vn -0.00000000 1.00000000 -0.00000000
vn -0.00000000 1.00000000 -0.00000000
vn -0.00000000 1.00000000 -0.00000000
vn -0.00000000 1.00000000 -0.00000000
vn -0.00000000 1.00000000 -0.00000000
vn -0.00000000 1.00000000 -0.00000000
vn -0.00000000 1.00000000 -0.00000000
vn -0.00000000 1.00000000 -0.00000000
vn -0.00000000 1.00000000 -0.00000000
vn -0.00000000 1.00000000 -0.00000000
vn -0.00000000 1.00000000 -0.00000000
vn -0.00000000 1.00000000 -0.00000000
vn -0.00000000 1.00000000 -0.00000000
vn -0.00000000 1.00000000 -0.00000000
vn -0.00000000 1.00000000 -0.00000000
vn -0.00000000 1.00000000 -0.00000000
vn -0.00000000 1.00000000 -0.00000000
vn -0.00000000 1.00000000 -0.00000000
vn -0.00000000 1.00000000 -0.00000000
vn -0.00000000 1.00000000 -0.00000000
vn -0.00000000 1.00000000 -0.00000000
vn -0.00000000 1.00000000 -0.00000000
vn -0.00000000 1.00000000 -0.00000000
vn -0.00000000 1.00000000 -0.00000000
vn -0.00000000 1.00000000 -0.00000000
vn -0.00000000 1.00000000 -0.00000000
vn -0.00000000 1.00000000 -0.00000000
vn -0.00000000 1.00000000 -0.00000000
vn -0.00000000 1.00000000 -0.00000000
vn -0.00000000 1.00000000 -0.00000000
vn -0.00000000 1.00000000 -0.00000000
vn -0.00000000 1.00000000 -0.00000000
vn -0.00000000 1.00000000 -0.00000000
vn -0.00000000 1.00000000 -0.00000000
vn -0.00000000 1.00000000 -0.00000000
vn -0.00000000 1.00000000 -0.00000000
vn -0.00000000 1.00000000 -0.00000000
vn -0.00000000 1.00000000 -0.00000000
vn -0.00000000 1.00000000 -0.00000000
vn -0.00000000 1.00000000 -0.00000000
vn -0.00000000 1.00000000 -0.00000000
vn -0.00000000 1.00000000 -0.00000000
vn -0.00000000 1.00000000 -0.00000000
vn -0.00000000 1.00000000 -0.00000000
vn -0.00000000 1.00000000 -0.00000000
vn -0.00000000 1.00000000 -0.00000000
vn -0.00000000 1.00000000 -0.00000000
vn -0.00000000 1.00000000 -0.00000000
vn -0.00000000 1.00000000 -0.00000000
vn -0.00000000 1.00000000 -0.00000000
vn -0.00000000 1.00000000 -0.00000000
vn -0.00000000 1.00000000 -0.00000000
vn -0.00000000 1.00000000 -0.00000000
vn -0.00000000 1.00000000 -0.00000000
vn -0.00000000 1.00000000 -0.00000000
vn -0.00000000 1.00000000 -0.00000000
vn -0.00000000 1.00000000 -0.00000000
vn -0.00000000 1.00000000 -0.00000000
vn -0.00000000 1.00000000 -0.00000000
vn -0.00000000 1.00000000 -0.00000000
vn -0.00000000 1.00000000 -0.00000000
vn -0.00000000 1.00000000 -0.00000000
vn -0.00000000 1.00000000 -0.00000000
vn -0.00000000 1.00000000 -0.00000000
vn -0.00000000 1.00000000 -0.00000000
vn -0.00000000 1.00000000 -0.00000000
vn -0.00000000 1.00000000 -0.00000000
vn -0.00000000 1.00000000 -0.00000000
vn -0.00000000 1.00000000 -0.00000000
vn -0.00000000 1.00000000 -0.00000000
vn -0.00000000 1.00000000 -0.00000000
vn -0.00000000 1.00000000 -0.00000000
vn -0.00000000 1.00000000 -0.00000000
vn -0.00000000 1.00000000 -0.00000000
vn -0.00000000 1.00000000 -0.00000000
vn -0.00000000 1.00000000 -0.00000000
vn -0.00000000 1.00000000 -0.00000000
vn -0.00000000 1.00000000 -0.00000000
vn -0.00000000 1.00000000 -0.00000000
vn -0.00000000 1.00000000 -0.00000000
vn -0.00000000 1.00000000 -0.00000000
vn -0.00000000 1.00000000 -0.00000000
vn -0.00000000 1.00000000 -0.00000000
vn -0.00000000 1.00000000 -0.00000000
vn -0.00000000 1.00000000 -0.00000000
vn -0.00000000 1.00000000 -0.00000000
vn -0.00000000 1.00000000 -0.00000000
vn -0.00000000 1.00000000 -0.00000000
vn -0.00000000 1.00000000 -0.00000000
vn -0.00000000 1.00000000 -0.00000000
vn -0.00000000 1.00000000 -0.00000000
vn -0.00000000 1.00000000 -0.00000000
vn -0.00000000 1.00000000 -0.00000000
vn -0.00000000 1.00000000 -0.00000000
vn -0.00000000 1.00000000 -0.00000000
vn -0.00000000 1.00000000 -0.00000000
vn -0.00000000 1.00000000 -0.00000000
vn -0.00000000 1.00000000 -0.00000000
vn -0.00000000 1.00000000 -0.00000000
vn -0.00000000 1.00000000 -0.00000000
vn -0.00000000 1.00000000 -0.00000000
vn -0.00000000 1.00000000 -0.00000000
vn -0.00000000 1.00000000 -0.00000000
vn -0.00000000 1.00000000 -0.00000000
vn -0.00000000 1.00000000 -0.00000000
vn -0.00000000 1.00000000 -0.00000000
vn -0.00000000 1.00000000 -0.00000000
vn -0.00000000 1.00000000 -0.00000000
vn -0.00000000 1.00000000 -0.00000000
vn -0.00000000 1.00000000 -0.00000000
vn -0.00000000 1.00000000 -0.00000000
vn -0.00000000 1.00000000 -0.00000000
vn -0.00000000 1.00000000 -0.00000000
vn -0.00000000 1.00000000 -0.00000000
vn -0.00000000 1.00000000 -0.00000000
vn -0.00000000 1.00000000 -0.00000000
vn -0.00000000 1.00000000 -0.00000000
vn -0.00000000 1.00000000 -0.00000000
vn -0.00000000 1.00000000 -0.00000000
vn -0.00000000 1.00000000 -0.00000000
vn -0.00000000 1.00000000 -0.00000000
vn -0.00000000 1.00000000 -0.00000000
vn -0.00000000 1.00000000 -0.00000000
vn -0.00000000 1.00000000 -0.00000000
vn -0.00000000 1.00000000 -0.00000000
vn -0.00000000 1.00000000 -0.00000000
vn -0.00000000 1.00000000 -0.00000000
vn -0.00000000 1.00000000 -0.00000000
vn -0.00000000 1.00000000 -0.00000000
vn -0.00000000 1.00000000 -0.00000000
vn -0.00000000 1.00000000 -0.00000000
vn -0.00000000 1.00000000 -0.00000000
vn -0.00000000 1.00000000 -0.00000000
vn -0.00000000 1.00000000 -0.00000000
vn -0.00000000 1.00000000 -0.00000000
vn -0.00000000 1.00000000 -0.00000000
vn -0.00000000 1.00000000 -0.00000000
vn -0.00000000 1.00000000 -0.00000000
vn -0.00000000 1.00000000 -0.00000000
vn -0.00000000 1.00000000 -0.00000000
vn -0.00000000 1.00000000 -0.00000000
vn -0.00000000 1.00000000 -0.00000000
vn -0.00000000 1.00000000 -0.00000000
vn -0.00000000 1.00000000 -0.00000000
vn -0.00000000 1.00000000 -0.00000000
vn -0.00000000 1.00000000 -0.00000000
vn -0.00000000 1.00000000 -0.00000000
vn -0.00000000 1.00000000 -0.00000000
vn -0.00000000 1.00000000 -0.00000000
vn -0.00000000 1.00000000 -0.00000000
vn -0.00000000 1.00000000 -0.00000000
vn -0.00000000 1.00000000 -0.00000000
vn -0.00000000 1.00000000 -0.00000000
vn -0.00000000 1.00000000 -0.00000000
vn -0.00000000 1.00000000 -0.00000000
vn -0.00000000 1.00000000 -0.00000000
vn -0.00000000 1.00000000 -0.00000000
vn -0.00000000 1.00000000 -0.00000000
vn -0.00000000 1.00000000 -0.00000000
vn -0.00000000 1.00000000 -0.00000000
vn -0.00000000 1.00000000 -0.00000000
vn -0.00000000 1.00000000 -0.00000000
vn -0.00000000 1.00000000 -0.00000000
vn -0.00000000 1.00000000 -0.00000000
vn -0.00000000 1.00000000 -0.00000000
vn -0.00000000 1.00000000 -0.00000000
vn -0.00000000 1.00000000 -0.00000000
vn -0.00000000 1.00000000 -0.00000000
vn -0.00000000 1.00000000 -0.00000000
vn -0.00000000 1.00000000 -0.00000000
vn -0.00000000 1.00000000 -0.00000000
vn -0.00000000 1.00000000 -0.00000000
vn -0.00000000 1.00000000 -0.00000000
vn -0.00000000 1.00000000 -0.00000000
vn -0.00000000 1.00000000 -0.00000000
vn -0.00000000 1.00000000 -0.00000000
vn -0.00000000 1.00000000 -0.00000000
vn -0.00000000 1.00000000 -0.00000000
vn -0.00000000 1.00000000 -0.00000000
vn -0.00000000 1.00000000 -0.00000000
vn -0.00000000 1.00000000 -0.00000000
vn -0.00000000 1.00000000 -0.00000000
vn -0.00000000 1.00000000 -0.00000000
vn -0.00000000 1.00000000 -0.00000000
vn -0.00000000 1.00000000 -0.00000000
vn -0.00000000 1.00000000 -0.00000000
vn -0.00000000 1.00000000 -0.00000000
vn -0.00000000 1.00000000 -0.00000000
vn -0.00000000 1.00000000 -0.00000000
vn -0.00000000 1.00000000 -0.00000000
vn -0.00000000 1.00000000 -0.00000000
vn -0.00000000 1.00000000 -0.00000000
vn -0.00000000 1.00000000 -0.00000000
vn -0.00000000 1.00000000 -0.00000000
vn -0.00000000 1.00000000 -0.00000000
vn -0.00000000 1.00000000 -0.00000000
vn -0.00000000 1.00000000 -0.00000000
vn -0.00000000 1.00000000 -0.00000000
vn -0.00000000 1.00000000 -0.00000000
vn -0.00000000 1.00000000 -0.00000000
vn -0.00000000 1.00000000 -0.00000000
vn -0.00000000 1.00000000 -0.00000000
vn -0.00000000 1.00000000 -0.00000000
vn -0.00000000 1.00000000 -0.00000000
vn -0.00000000 1.00000000 -0.00000000
vn -0.00000000 1.00000000 -0.00000000
vn -0.00000000 1.00000000 -0.00000000
vn -0.00000000 1.00000000 -0.00000000
vn -0.00000000 1.00000000 -0.00000000
vn -0.00000000 1.00000000 -0.00000000
vn -0.00000000 1.00000000 -0.00000000
vn -0.00000000 1.00000000 -0.00000000
vn -0.00000000 1.00000000 -0.00000000
vn -0.00000000 1.00000000 -0.00000000
vn -0.00000000 1.00000000 -0.00000000
vn -0.00000000 1.00000000 -0.00000000
vn -0.00000000 1.00000000 -0.00000000
vn -0.00000000 1.00000000 -0.00000000
vn -0.00000000 1.00000000 -0.00000000
vn -0.00000000 1.00000000 -0.00000000
vn -0.00000000 1.00000000 -0.00000000
vn -0.00000000 1.00000000 -0.00000000
vn -0.00000000 1.00000000 -0.00000000
vn -0.00000000 1.00000000 -0.00000000
vn -0.00000000 1.00000000 -0.00000000
vn -0.00000000 1.00000000 -0.00000000
vn -0.00000000 1.00000000 -0.00000000
vn -0.00000000 1.00000000 -0.00000000
vn -0.00000000 1.00000000 -0.00000000
vn -0.00000000 1.00000000 -0.00000000
vn -0.00000000 1.00000000 -0.00000000
vn -0.00000000 1.00000000 -0.00000000
vn -0.00000000 1.00000000 -0.00000000
vn -0.00000000 1.00000000 -0.00000000
vn -0.00000000 1.00000000 -0.00000000
vn -0.00000000 1.00000000 -0.00000000
vn -0.00000000 1.00000000 -0.00000000
vn -0.00000000 1.00000000 -0.00000000
vn -0.00000000 1.00000000 -0.00000000
vn -0.00000000 1.00000000 -0.00000000
vn -0.00000000 1.00000000 -0.00000000
vn -0.00000000 1.00000000 -0.00000000
vn -0.00000000 1.00000000 -0.00000000
vn -0.00000000 1.00000000 -0.00000000
vn -0.00000000 1.00000000 -0.00000000
vn -0.00000000 1.00000000 -0.00000000
vn -0.00000000 1.00000000 -0.00000000
vn -0.00000000 1.00000000 -0.00000000
vn -0.00000000 1.00000000 -0.00000000
vn -0.00000000 1.00000000 -0.00000000
vn -0.00000000 1.00000000 -0.00000000
vn -0.00000000 1.00000000 -0.00000000
vn -0.00000000 1.00000000 -0.00000000
vn -0.00000000 1.00000000 -0.00000000
vn -0.00000000 1.00000000 -0.00000000
vn -0.00000000 1.00000000 -0.00000000
vn -0.00000000 1.00000000 -0.00000000
vn -0.00000000 1.00000000 -0.00000000
vn -0.00000000 1.00000000 -0.00000000
vn -0.00000000 1.00000000 -0.00000000
vn -0.00000000 1.00000000 -0.00000000
vn -0.00000000 1.00000000 -0.00000000
vn -0.00000000 1.00000000 -0.00000000
vn -0.00000000 1.00000000 -0.00000000
vn -0.00000000 1.00000000 -0.00000000
vn -0.00000000 1.00000000 -0.00000000
vn -0.00000000 1.00000000 -0.00000000
vn -0.00000000 1.00000000 -0.00000000
vn -0.00000000 1.00000000 -0.00000000
vn -0.00000000 1.00000000 -0.00000000
vn -0.00000000 1.00000000 -0.00000000
vn -0.00000000 1.00000000 -0.00000000
vn -0.00000000 1.00000000 -0.00000000
vn -0.00000000 1.00000000 -0.00000000
vn -0.00000000 1.00000000 -0.00000000
vn -0.00000000 1.00000000 -0.00000000
vn -0.00000000 1.00000000 -0.00000000
vn -0.00000000 1.00000000 -0.00000000
vn -0.00000000 1.00000000 -0.00000000
vn -0.00000000 1.00000000 -0.00000000
vn -0.00000000 1.00000000 -0.00000000
vn -0.00000000 1.00000000 -0.00000000
vn -0.00000000 1.00000000 -0.00000000
vn -0.00000000 1.00000000 -0.00000000
vn -0.00000000 1.00000000 -0.00000000
vn -0.00000000 1.00000000 -0.00000000
vn -0.00000000 1.00000000 -0.00000000
vn -0.00000000 1.00000000 -0.00000000
vn -0.00000000 1.00000000 -0.00000000
vn -0.00000000 1.00000000 -0.00000000
vn -0.00000000 1.00000000 -0.00000000
vn -0.00000000 1.00000000 -0.00000000
vn -0.00000000 1.00000000 -0.00000000
vn -0.00000000 1.00000000 -0.00000000
vn -0.00000000 1.00000000 -0.00000000
vn -0.00000000 1.00000000 -0.00000000
vn -0.00000000 1.00000000 -0.00000000
vn -0.00000000 1.00000000 -0.00000000
vn -0.00000000 1.00000000 -0.00000000
vn -0.00000000 1.00000000 -0.00000000
vn -0.00000000 1.00000000 -0.00000000
vn -0.00000000 1.00000000 -0.00000000
vn -0.00000000 1.00000000 -0.00000000
vn -0.00000000 1.00000000 -0.00000000
vn -0.00000000 1.00000000 -0.00000000
vn -0.00000000 1.00000000 -0.00000000
vn -0.00000000 1.00000000 -0.00000000
vn -0.00000000 1.00000000 -0.00000000
vn -0.00000000 1.00000000 -0.00000000
vn -0.00000000 1.00000000 -0.00000000
vn -0.00000000 1.00000000 -0.00000000
vn -0.00000000 1.00000000 -0.00000000
vn -0.00000000 1.00000000 -0.00000000
vn -0.00000000 1.00000000 -0.00000000
vn -0.00000000 1.00000000 -0.00000000
vn -0.00000000 1.00000000 -0.00000000
vn -0.00000000 1.00000000 -0.00000000
vn -0.00000000 1.00000000 -0.00000000
vn -0.00000000 1.00000000 -0.00000000
vn -0.00000000 1.00000000 -0.00000000
vn -0.00000000 1.00000000 -0.00000000
vn -0.00000000 1.00000000 -0.00000000
vn -0.00000000 1.00000000 -0.00000000
vn -0.00000000 1.00000000 -0.00000000
vn -0.00000000 1.00000000 -0.00000000
vn -0.00000000 1.00000000 -0.00000000
vn -0.00000000 1.00000000 -0.00000000
vn -0.00000000 1.00000000 -0.00000000
vn -0.00000000 1.00000000 -0.00000000
vn -0.00000000 1.00000000 -0.00000000
vn -0.00000000 1.00000000 -0.00000000
vn -0.00000000 1.00000000 -0.00000000
vn -0.00000000 1.00000000 -0.00000000
vn -0.00000000 1.00000000 -0.00000000
vn -0.00000000 1.00000000 -0.00000000
vn -0.00000000 1.00000000 -0.00000000
vn -0.00000000 1.00000000 -0.00000000
vn -0.00000000 1.00000000 -0.00000000
vn -0.00000000 1.00000000 -0.00000000
vn -0.00000000 1.00000000 -0.00000000
vn -0.00000000 1.00000000 -0.00000000
vn -0.00000000 1.00000000 -0.00000000
vn -0.00000000 1.00000000 -0.00000000
vn -0.00000000 1.00000000 -0.00000000
vn -0.00000000 1.00000000 -0.00000000
vn -0.00000000 1.00000000 -0.00000000
vn -0.00000000 1.00000000 -0.00000000
vn -0.00000000 1.00000000 -0.00000000
vn -0.00000000 1.00000000 -0.00000000
vn -0.00000000 1.00000000 -0.00000000
vn -0.00000000 1.00000000 -0.00000000
vn -0.00000000 1.00000000 -0.00000000
vn -0.00000000 1.00000000 -0.00000000
vn -0.00000000 1.00000000 -0.00000000
vn -0.00000000 1.00000000 -0.00000000
vn -0.00000000 1.00000000 -0.00000000
vn -0.00000000 1.00000000 -0.00000000
vn -0.00000000 1.00000000 -0.00000000
vn -0.00000000 1.00000000 -0.00000000
vn -0.00000000 1.00000000 -0.00000000
vn -0.00000000 1.00000000 -0.00000000
vn -0.00000000 1.00000000 -0.00000000
vn -0.00000000 1.00000000 -0.00000000
vn -0.00000000 1.00000000 -0.00000000
vn -0.00000000 1.00000000 -0.00000000
vn -0.00000000 1.00000000 -0.00000000
vn -0.00000000 1.00000000 -0.00000000
vn -0.00000000 1.00000000 -0.00000000
vn -0.00000000 1.00000000 -0.00000000
vn -0.00000000 1.00000000 -0.00000000
vn -0.00000000 1.00000000 -0.00000000
vn -0.00000000 1.00000000 -0.00000000
vn -0.00000000 1.00000000 -0.00000000
vn -0.00000000 1.00000000 -0.00000000
vn -0.00000000 1.00000000 -0.00000000
vn -0.00000000 1.00000000 -0.00000000
vn -0.00000000 1.00000000 -0.00000000
vn -0.00000000 1.00000000 -0.00000000
vn -0.00000000 1.00000000 -0.00000000
vn -0.00000000 1.00000000 -0.00000000
vn -0.00000000 1.00000000 -0.00000000
vn -0.00000000 1.00000000 -0.00000000
vn -0.00000000 1.00000000 -0.00000000
vn -0.00000000 1.00000000 -0.00000000
vn -0.00000000 1.00000000 -0.00000000
vn -0.00000000 1.00000000 -0.00000000
vn -0.00000000 1.00000000 -0.00000000
vn -0.00000000 1.00000000 -0.00000000
vn -0.00000000 1.00000000 -0.00000000
vn -0.00000000 1.00000000 -0.00000000
vn -0.00000000 1.00000000 -0.00000000
vn -0.00000000 1.00000000 -0.00000000
vn -0.00000000 1.00000000 -0.00000000
vn -0.00000000 1.00000000 -0.00000000
vn -0.00000000 1.00000000 -0.00000000
vn -0.00000000 1.00000000 -0.00000000
vn -0.00000000 1.00000000 -0.00000000
vn -0.00000000 1.00000000 -0.00000000
vn -0.00000000 1.00000000 -0.00000000
vn -0.00000000 1.00000000 -0.00000000
vn -0.00000000 1.00000000 -0.00000000
vn -0.00000000 1.00000000 -0.00000000
vn -0.00000000 1.00000000 -0.00000000
vn -0.00000000 1.00000000 -0.00000000
vn -0.00000000 1.00000000 -0.00000000
vn -0.00000000 1.00000000 -0.00000000
vn -0.00000000 1.00000000 -0.00000000
vn -0.00000000 1.00000000 -0.00000000
vn -0.00000000 1.00000000 -0.00000000
vn -0.00000000 1.00000000 -0.00000000
vn -0.00000000 1.00000000 -0.00000000
vn -0.00000000 1.00000000 -0.00000000
vn -0.00000000 1.00000000 -0.00000000
vn -0.00000000 1.00000000 -0.00000000
vn -0.00000000 1.00000000 -0.00000000
vn -0.00000000 1.00000000 -0.00000000
vn -0.00000000 1.00000000 -0.00000000
vn -0.00000000 1.00000000 -0.00000000
vn -0.00000000 1.00000000 -0.00000000
vn -0.00000000 1.00000000 -0.00000000
vn -0.00000000 1.00000000 -0.00000000
vn -0.00000000 1.00000000 -0.00000000
vn -0.00000000 1.00000000 -0.00000000
vn -0.00000000 1.00000000 -0.00000000
vn -0.00000000 1.00000000 -0.00000000
vn -0.00000000 1.00000000 -0.00000000
vn -0.00000000 1.00000000 -0.00000000
vn -0.00000000 1.00000000 -0.00000000
vn -0.00000000 1.00000000 -0.00000000
vn -0.00000000 1.00000000 -0.00000000
vn -0.00000000 1.00000000 -0.00000000
vn -0.00000000 1.00000000 -0.00000000
vn -0.00000000 1.00000000 -0.00000000
vn -0.00000000 1.00000000 -0.00000000
vn -0.00000000 1.00000000 -0.00000000
vn -0.00000000 1.00000000 -0.00000000
vn -0.00000000 1.00000000 -0.00000000
vn -0.00000000 1.00000000 -0.00000000
vn -0.00000000 1.00000000 -0.00000000
vn -0.00000000 1.00000000 -0.00000000
vn -0.00000000 1.00000000 -0.00000000
vn -0.00000000 1.00000000 -0.00000000
vn -0.00000000 1.00000000 -0.00000000
vn -0.00000000 1.00000000 -0.00000000
vn -0.00000000 1.00000000 -0.00000000
vn -0.00000000 1.00000000 -0.00000000
vn -0.00000000 1.00000000 -0.00000000
vn -0.00000000 1.00000000 -0.00000000
vn -0.00000000 1.00000000 -0.00000000
vn -0.00000000 1.00000000 -0.00000000
vn -0.00000000 1.00000000 -0.00000000
vn -0.00000000 1.00000000 -0.00000000
vn -0.00000000 1.00000000 -0.00000000
vn -0.00000000 1.00000000 -0.00000000
vn -0.00000000 1.00000000 -0.00000000
vn -0.00000000 1.00000000 -0.00000000
vn -0.00000000 1.00000000 -0.00000000
vn -0.00000000 1.00000000 -0.00000000
vn -0.00000000 1.00000000 -0.00000000
vn -0.00000000 1.00000000 -0.00000000
vn -0.00000000 1.00000000 -0.00000000
vn -0.00000000 1.00000000 -0.00000000
vn -0.00000000 1.00000000 -0.00000000
vn -0.00000000 1.00000000 -0.00000000
vn -0.00000000 1.00000000 -0.00000000
vn -0.00000000 1.00000000 -0.00000000
vn -0.00000000 1.00000000 -0.00000000
vn -0.00000000 1.00000000 -0.00000000
vn -0.00000000 1.00000000 -0.00000000
vn -0.00000000 1.00000000 -0.00000000
vn -0.00000000 1.00000000 -0.00000000
vn -0.00000000 1.00000000 -0.00000000
vn -0.00000000 1.00000000 -0.00000000
vn -0.00000000 1.00000000 -0.00000000
vn -0.00000000 1.00000000 -0.00000000
vn -0.00000000 1.00000000 -0.00000000
vn -0.00000000 1.00000000 -0.00000000
vn -0.00000000 1.00000000 -0.00000000
vn -0.00000000 1.00000000 -0.00000000
vn -0.00000000 1.00000000 -0.00000000
vn -0.00000000 1.00000000 -0.00000000
vn -0.00000000 1.00000000 -0.00000000
vn -0.00000000 1.00000000 -0.00000000
vn -0.00000000 1.00000000 -0.00000000
vn -0.00000000 1.00000000 -0.00000000
vn -0.00000000 1.00000000 -0.00000000
vn -0.00000000 1.00000000 -0.00000000
vn -0.00000000 1.00000000 -0.00000000
vn -0.00000000 1.00000000 -0.00000000
vn -0.00000000 1.00000000 -0.00000000
vn -0.00000000 1.00000000 -0.00000000
vn -0.00000000 1.00000000 -0.00000000
vn -0.00000000 1.00000000 -0.00000000
vn -0.00000000 1.00000000 -0.00000000
vn -0.00000000 1.00000000 -0.00000000
vn -0.00000000 1.00000000 -0.00000000
vn -0.00000000 1.00000000 -0.00000000
vn -0.00000000 1.00000000 -0.00000000
vn -0.00000000 1.00000000 -0.00000000
vn -0.00000000 1.00000000 -0.00000000
vn -0.00000000 1.00000000 -0.00000000
vn -0.00000000 1.00000000 -0.00000000
vn -0.00000000 1.00000000 -0.00000000
vn -0.00000000 1.00000000 -0.00000000
vn -0.00000000 1.00000000 -0.00000000
vn -0.00000000 1.00000000 -0.00000000
vn -0.00000000 1.00000000 -0.00000000
vn -0.00000000 1.00000000 -0.00000000
vn -0.00000000 1.00000000 -0.00000000
vn -0.00000000 1.00000000 -0.00000000
vn -0.00000000 1.00000000 -0.00000000
vn -0.00000000 1.00000000 -0.00000000
vn -0.00000000 1.00000000 -0.00000000
vn -0.00000000 1.00000000 -0.00000000
vn -0.00000000 1.00000000 -0.00000000
vn -0.00000000 1.00000000 -0.00000000
vn -0.00000000 1.00000000 -0.00000000
vn -0.00000000 1.00000000 -0.00000000
vn -0.00000000 1.00000000 -0.00000000
vn -0.00000000 1.00000000 -0.00000000
vn -0.00000000 1.00000000 -0.00000000
vn -0.00000000 1.00000000 -0.00000000
vn -0.00000000 1.00000000 -0.00000000
vn -0.00000000 1.00000000 -0.00000000
vn -0.00000000 1.00000000 -0.00000000
vn -0.00000000 1.00000000 -0.00000000
vn -0.00000000 1.00000000 -0.00000000
vn -0.00000000 1.00000000 -0.00000000
vn -0.00000000 1.00000000 -0.00000000
vn -0.00000000 1.00000000 -0.00000000
vn -0.00000000 1.00000000 -0.00000000
vn -0.00000000 1.00000000 -0.00000000
vn -0.00000000 1.00000000 -0.00000000
vn -0.00000000 1.00000000 -0.00000000
vn -0.00000000 1.00000000 -0.00000000
vn -0.00000000 1.00000000 -0.00000000
vn -0.00000000 1.00000000 -0.00000000
vn -0.00000000 1.00000000 -0.00000000
vn -0.00000000 1.00000000 -0.00000000
vn -0.00000000 1.00000000 -0.00000000
vn -0.00000000 1.00000000 -0.00000000
vn -0.00000000 1.00000000 -0.00000000
vn -0.00000000 1.00000000 -0.00000000
vn -0.00000000 1.00000000 -0.00000000
vn -0.00000000 1.00000000 -0.00000000
vn -0.00000000 1.00000000 -0.00000000
vn -0.00000000 1.00000000 -0.00000000
vn -0.00000000 1.00000000 -0.00000000
vn -0.00000000 1.00000000 -0.00000000
vn -0.00000000 1.00000000 -0.00000000
vn -0.00000000 1.00000000 -0.00000000
vn -0.00000000 1.00000000 -0.00000000
vn -0.00000000 1.00000000 -0.00000000
vn -0.00000000 1.00000000 -0.00000000
vn -0.00000000 1.00000000 -0.00000000
vn -0.00000000 1.00000000 -0.00000000
vn -0.00000000 1.00000000 -0.00000000
vn -0.00000000 1.00000000 -0.00000000
vn -0.00000000 1.00000000 -0.00000000
vn -0.00000000 1.00000000 -0.00000000
vn -0.00000000 1.00000000 -0.00000000
vn -0.00000000 1.00000000 -0.00000000
vn -0.00000000 1.00000000 -0.00000000
vn -0.00000000 1.00000000 -0.00000000
vn -0.00000000 1.00000000 -0.00000000
vn -0.00000000 1.00000000 -0.00000000
vn -0.00000000 1.00000000 -0.00000000
vn -0.00000000 1.00000000 -0.00000000
vn -0.00000000 1.00000000 -0.00000000
vn -0.00000000 1.00000000 -0.00000000
vn -0.00000000 1.00000000 -0.00000000
vn -0.00000000 1.00000000 -0.00000000
vn -0.00000000 1.00000000 -0.00000000
vn -0.00000000 1.00000000 -0.00000000
vn -0.00000000 1.00000000 -0.00000000
vn -0.00000000 1.00000000 -0.00000000
vn -0.00000000 1.00000000 -0.00000000
vn -0.00000000 1.00000000 -0.00000000
vn -0.00000000 1.00000000 -0.00000000
vn -0.00000000 1.00000000 -0.00000000
vn -0.00000000 1.00000000 -0.00000000
vn -0.00000000 1.00000000 -0.00000000
vn -0.00000000 1.00000000 -0.00000000
vn -0.00000000 1.00000000 -0.00000000
vn -0.00000000 1.00000000 -0.00000000
vn -0.00000000 1.00000000 -0.00000000
vn -0.00000000 1.00000000 -0.00000000
vn -0.00000000 1.00000000 -0.00000000
vn -0.00000000 1.00000000 -0.00000000
vn -0.00000000 1.00000000 -0.00000000
vn -0.00000000 1.00000000 -0.00000000
vn -0.00000000 1.00000000 -0.00000000
vn -0.00000000 1.00000000 -0.00000000
vn -0.00000000 1.00000000 -0.00000000
vn -0.00000000 1.00000000 -0.00000000
vn -0.00000000 1.00000000 -0.00000000
vn -0.00000000 1.00000000 -0.00000000
vn -0.00000000 1.00000000 -0.00000000
vn -0.00000000 1.00000000 -0.00000000
vn -0.00000000 1.00000000 -0.00000000
vn -0.00000000 1.00000000 -0.00000000
vn -0.00000000 1.00000000 -0.00000000
vn -0.00000000 1.00000000 -0.00000000
vn -0.00000000 1.00000000 -0.00000000
vn -0.00000000 1.00000000 -0.00000000
vn -0.00000000 1.00000000 -0.00000000
vn -0.00000000 1.00000000 -0.00000000
vn -0.00000000 1.00000000 -0.00000000
vn -0.00000000 1.00000000 -0.00000000
vn -0.00000000 1.00000000 -0.00000000
vn -0.00000000 1.00000000 -0.00000000
vn -0.00000000 1.00000000 -0.00000000
vn -0.00000000 1.00000000 -0.00000000
vn -0.00000000 1.00000000 -0.00000000
vn -0.00000000 1.00000000 -0.00000000
vn -0.00000000 1.00000000 -0.00000000
vn -0.00000000 1.00000000 -0.00000000
vn -0.00000000 1.00000000 -0.00000000
vn -0.00000000 1.00000000 -0.00000000
vn -0.00000000 1.00000000 -0.00000000
vn -0.00000000 1.00000000 -0.00000000
vn -0.00000000 1.00000000 -0.00000000
vn -0.00000000 1.00000000 -0.00000000
vn -0.00000000 1.00000000 -0.00000000
vn -0.00000000 1.00000000 -0.00000000
vn -0.00000000 1.00000000 -0.00000000
vn -0.00000000 1.00000000 -0.00000000
vn -0.00000000 1.00000000 -0.00000000
vn -0.00000000 1.00000000 -0.00000000
vn -0.00000000 1.00000000 -0.00000000
vn -0.00000000 1.00000000 -0.00000000
vn -0.00000000 1.00000000 -0.00000000
vn -0.00000000 1.00000000 -0.00000000
vn -0.00000000 1.00000000 -0.00000000
vn -0.00000000 1.00000000 -0.00000000
vn -0.00000000 1.00000000 -0.00000000
vn -0.00000000 1.00000000 -0.00000000
vn -0.00000000 1.00000000 -0.00000000
vn -0.00000000 1.00000000 -0.00000000
vn -0.00000000 1.00000000 -0.00000000
vn -0.00000000 1.00000000 -0.00000000
vn -0.00000000 1.00000000 -0.00000000
vn -0.00000000 1.00000000 -0.00000000
vn -0.00000000 1.00000000 -0.00000000
vn -0.00000000 1.00000000 -0.00000000
vn -0.00000000 1.00000000 -0.00000000
vn -0.00000000 1.00000000 -0.00000000
vn -0.00000000 1.00000000 -0.00000000
vn -0.00000000 1.00000000 -0.00000000
vn -0.00000000 1.00000000 -0.00000000
vn -0.00000000 1.00000000 -0.00000000
vn -0.00000000 1.00000000 -0.00000000
vn -0.00000000 1.00000000 -0.00000000
vn -0.00000000 1.00000000 -0.00000000
vn -0.00000000 1.00000000 -0.00000000
vn -0.00000000 1.00000000 -0.00000000
vn -0.00000000 1.00000000 -0.00000000
vn -0.00000000 1.00000000 -0.00000000
vn -0.00000000 1.00000000 -0.00000000
vn -0.00000000 1.00000000 -0.00000000
vn -0.00000000 1.00000000 -0.00000000
vn -0.00000000 1.00000000 -0.00000000
vn -0.00000000 1.00000000 -0.00000000
vn -0.00000000 1.00000000 -0.00000000
vn -0.00000000 1.00000000 -0.00000000
vn -0.00000000 1.00000000 -0.00000000
vn -0.00000000 1.00000000 -0.00000000
vn -0.00000000 1.00000000 -0.00000000
vn -0.00000000 1.00000000 -0.00000000
vn -0.00000000 1.00000000 -0.00000000
vn -0.00000000 1.00000000 -0.00000000
vn -0.00000000 1.00000000 -0.00000000
vn -0.00000000 1.00000000 -0.00000000
vn -0.00000000 1.00000000 -0.00000000
vn -0.00000000 1.00000000 -0.00000000
vn -0.00000000 1.00000000 -0.00000000
vn -0.00000000 1.00000000 -0.00000000
vn -0.00000000 1.00000000 -0.00000000
vn -0.00000000 1.00000000 -0.00000000
vn -0.00000000 1.00000000 -0.00000000
vn -0.00000000 1.00000000 -0.00000000
vn -0.00000000 1.00000000 -0.00000000
vn -0.00000000 1.00000000 -0.00000000
vn -0.00000000 1.00000000 -0.00000000
vn -0.00000000 1.00000000 -0.00000000
vn -0.00000000 1.00000000 -0.00000000
vn -0.00000000 1.00000000 -0.00000000
vn -0.00000000 1.00000000 -0.00000000
vn -0.00000000 1.00000000 -0.00000000
vn -0.00000000 1.00000000 -0.00000000
vn -0.00000000 1.00000000 -0.00000000
vn -0.00000000 1.00000000 -0.00000000
vn -0.00000000 1.00000000 -0.00000000
vn -0.00000000 1.00000000 -0.00000000
vn -0.00000000 1.00000000 -0.00000000
vn -0.00000000 1.00000000 -0.00000000
vn -0.00000000 1.00000000 -0.00000000
vn -0.00000000 1.00000000 -0.00000000
vn -0.00000000 1.00000000 -0.00000000
vn -0.00000000 1.00000000 -0.00000000
vn -0.00000000 1.00000000 -0.00000000
vn -0.00000000 1.00000000 -0.00000000
vn -0.00000000 1.00000000 -0.00000000
vn -0.00000000 1.00000000 -0.00000000
vn -0.00000000 1.00000000 -0.00000000
vn -0.00000000 1.00000000 -0.00000000
vn -0.00000000 1.00000000 -0.00000000
vn -0.00000000 1.00000000 -0.00000000
vn -0.00000000 1.00000000 -0.00000000
vn -0.00000000 1.00000000 -0.00000000
vn -0.00000000 1.00000000 -0.00000000
vn -0.00000000 1.00000000 -0.00000000
vn -0.00000000 1.00000000 -0.00000000
vn -0.00000000 1.00000000 -0.00000000
vn -0.00000000 1.00000000 -0.00000000
vn -0.00000000 1.00000000 -0.00000000
vn -0.00000000 1.00000000 -0.00000000
vn -0.00000000 1.00000000 -0.00000000
vn -0.00000000 1.00000000 -0.00000000
vn -0.00000000 1.00000000 -0.00000000
vn -0.00000000 1.00000000 -0.00000000
vn -0.00000000 1.00000000 -0.00000000
vn -0.00000000 1.00000000 -0.00000000
vn -0.00000000 1.00000000 -0.00000000
vn -0.00000000 1.00000000 -0.00000000
vn -0.00000000 1.00000000 -0.00000000
vn -0.00000000 1.00000000 -0.00000000
vn -0.00000000 1.00000000 -0.00000000
vn -0.00000000 1.00000000 -0.00000000
vn -0.00000000 1.00000000 -0.00000000
vn -0.00000000 1.00000000 -0.00000000
vn -0.00000000 1.00000000 -0.00000000
vn -0.00000000 1.00000000 -0.00000000
vn -0.00000000 1.00000000 -0.00000000
vn -0.00000000 1.00000000 -0.00000000
vn -0.00000000 1.00000000 -0.00000000
vn -0.00000000 1.00000000 -0.00000000
vn -0.00000000 1.00000000 -0.00000000
vn -0.00000000 1.00000000 -0.00000000
vn -0.00000000 1.00000000 -0.00000000
vn -0.00000000 1.00000000 -0.00000000
vn -0.00000000 1.00000000 -0.00000000
vn -0.00000000 1.00000000 -0.00000000
vn -0.00000000 1.00000000 -0.00000000
vn -0.00000000 1.00000000 -0.00000000
vn -0.00000000 1.00000000 -0.00000000
vn -0.00000000 1.00000000 -0.00000000
vn -0.00000000 1.00000000 -0.00000000
vn -0.00000000 1.00000000 -0.00000000
vn -0.00000000 1.00000000 -0.00000000
vn -0.00000000 1.00000000 -0.00000000
vn -0.00000000 1.00000000 -0.00000000
vn -0.00000000 1.00000000 -0.00000000
vn -0.00000000 1.00000000 -0.00000000
vn -0.00000000 1.00000000 -0.00000000
vn -0.00000000 1.00000000 -0.00000000
vn -0.00000000 1.00000000 -0.00000000
vn -0.00000000 1.00000000 -0.00000000
vn -0.00000000 1.00000000 -0.00000000
vn -0.00000000 1.00000000 -0.00000000
vn -0.00000000 1.00000000 -0.00000000
vn -0.00000000 1.00000000 -0.00000000
vn -0.00000000 1.00000000 -0.00000000
vn -0.00000000 1.00000000 -0.00000000
vn -0.00000000 1.00000000 -0.00000000
vn -0.00000000 1.00000000 -0.00000000
vn -0.00000000 1.00000000 -0.00000000
vn -0.00000000 1.00000000 -0.00000000
vn -0.00000000 1.00000000 -0.00000000
vn -0.00000000 1.00000000 -0.00000000
vn -0.00000000 1.00000000 -0.00000000
vn -0.00000000 1.00000000 -0.00000000
vn -0.00000000 1.00000000 -0.00000000
vn -0.00000000 1.00000000 -0.00000000
vn -0.00000000 1.00000000 -0.00000000
vn -0.00000000 1.00000000 -0.00000000
vn -0.00000000 1.00000000 -0.00000000
vn -0.00000000 1.00000000 -0.00000000
vn -0.00000000 1.00000000 -0.00000000
vn -0.00000000 1.00000000 -0.00000000
vn -0.00000000 1.00000000 -0.00000000
vn -0.00000000 1.00000000 -0.00000000
vn -0.00000000 1.00000000 -0.00000000
vn -0.00000000 1.00000000 -0.00000000
vn -0.00000000 1.00000000 -0.00000000
vn -0.00000000 1.00000000 -0.00000000
vn -0.00000000 1.00000000 -0.00000000
vn -0.00000000 1.00000000 -0.00000000
vn -0.00000000 1.00000000 -0.00000000
vn -0.00000000 1.00000000 -0.00000000
vn -0.00000000 1.00000000 -0.00000000
vn -0.00000000 1.00000000 -0.00000000
vn -0.00000000 1.00000000 -0.00000000
vn -0.00000000 1.00000000 -0.00000000
vn -0.00000000 1.00000000 -0.00000000
vn -0.00000000 1.00000000 -0.00000000
vn -0.00000000 1.00000000 -0.00000000
vn -0.00000000 1.00000000 -0.00000000
vn -0.00000000 1.00000000 -0.00000000
vn -0.00000000 1.00000000 -0.00000000
vn -0.00000000 1.00000000 -0.00000000
vn -0.00000000 1.00000000 -0.00000000
vn -0.00000000 1.00000000 -0.00000000
vn -0.00000000 1.00000000 -0.00000000
vn -0.00000000 1.00000000 -0.00000000
vn -0.00000000 1.00000000 -0.00000000
vn -0.00000000 1.00000000 -0.00000000
vn -0.00000000 1.00000000 -0.00000000
vn -0.00000000 1.00000000 -0.00000000
vn -0.00000000 1.00000000 -0.00000000
vn -0.00000000 1.00000000 -0.00000000
vn -0.00000000 1.00000000 -0.00000000
vn -0.00000000 1.00000000 -0.00000000
vn -0.00000000 1.00000000 -0.00000000
vn -0.00000000 1.00000000 -0.00000000
vn -0.00000000 1.00000000 -0.00000000
vn -0.00000000 1.00000000 -0.00000000
vn -0.00000000 1.00000000 -0.00000000
vn -0.00000000 1.00000000 -0.00000000
vn -0.00000000 1.00000000 -0.00000000
vn -0.00000000 1.00000000 -0.00000000
vn -0.00000000 1.00000000 -0.00000000
vn -0.00000000 1.00000000 -0.00000000
vn -0.00000000 1.00000000 -0.00000000
vn -0.00000000 1.00000000 -0.00000000
vn -0.00000000 1.00000000 -0.00000000
vn -0.00000000 1.00000000 -0.00000000
vn -0.00000000 1.00000000 -0.00000000
vn -0.00000000 1.00000000 -0.00000000
vn -0.00000000 1.00000000 -0.00000000
vn -0.00000000 1.00000000 -0.00000000
vn -0.00000000 1.00000000 -0.00000000
vn -0.00000000 1.00000000 -0.00000000
vn -0.00000000 1.00000000 -0.00000000
vn -0.00000000 1.00000000 -0.00000000
vn -0.00000000 1.00000000 -0.00000000
vn -0.00000000 1.00000000 -0.00000000
vn -0.00000000 1.00000000 -0.00000000
vn -0.00000000 1.00000000 -0.00000000
vn -0.00000000 1.00000000 -0.00000000
vn -0.00000000 1.00000000 -0.00000000
vn -0.00000000 1.00000000 -0.00000000
vn -0.00000000 1.00000000 -0.00000000
vn -0.00000000 1.00000000 -0.00000000
vn -0.00000000 1.00000000 -0.00000000
vn -0.00000000 1.00000000 -0.00000000
vn -0.00000000 1.00000000 -0.00000000
vn -0.00000000 1.00000000 -0.00000000
vn -0.00000000 1.00000000 -0.00000000
vn -0.00000000 1.00000000 -0.00000000
vn -0.00000000 1.00000000 -0.00000000
vn -0.00000000 1.00000000 -0.00000000
vn -0.00000000 1.00000000 -0.00000000
vn -0.00000000 1.00000000 -0.00000000
vn -0.00000000 1.00000000 -0.00000000
vn -0.00000000 1.00000000 -0.00000000
vn -0.00000000 1.00000000 -0.00000000
vn -0.00000000 1.00000000 -0.00000000
vn -0.00000000 1.00000000 -0.00000000
vn -0.00000000 1.00000000 -0.00000000
vn -0.00000000 1.00000000 -0.00000000
vn -0.00000000 1.00000000 -0.00000000
vn -0.00000000 1.00000000 -0.00000000
vn -0.00000000 1.00000000 -0.00000000
vn -0.00000000 1.00000000 -0.00000000
vn -0.00000000 1.00000000 -0.00000000
vn -0.00000000 1.00000000 -0.00000000
vn -0.00000000 1.00000000 -0.00000000
vn -0.00000000 1.00000000 -0.00000000
vn -0.00000000 1.00000000 -0.00000000
vn -0.00000000 1.00000000 -0.00000000
vn -0.00000000 1.00000000 -0.00000000
vn -0.00000000 1.00000000 -0.00000000
vn -0.00000000 1.00000000 -0.00000000
vn -0.00000000 1.00000000 -0.00000000
vn -0.00000000 1.00000000 -0.00000000
vn -0.00000000 1.00000000 -0.00000000
vn -0.00000000 1.00000000 -0.00000000
vn -0.00000000 1.00000000 -0.00000000
vn -0.00000000 1.00000000 -0.00000000
vn -0.00000000 1.00000000 -0.00000000
vn -0.00000000 1.00000000 -0.00000000
vn -0.00000000 1.00000000 -0.00000000
vn 0.00000000 -1.00000000 0.00000000
vn 0.00000000 -1.00000000 0.00000000
vn 0.00000000 -1.00000000 0.00000000
vn 0.00000000 -1.00000000 0.00000000
vn 0.00000000 -1.00000000 0.00000000
vn 0.00000000 -1.00000000 0.00000000
vn 0.00000000 -1.00000000 0.00000000
vn 0.00000000 -1.00000000 0.00000000
vn 0.00000000 -1.00000000 0.00000000
vn 0.00000000 -1.00000000 0.00000000
vn 0.00000000 -1.00000000 0.00000000
vn 0.00000000 -1.00000000 0.00000000
vn 0.00000000 -1.00000000 0.00000000
vn 0.00000000 -1.00000000 0.00000000
vn 0.00000000 -1.00000000 0.00000000
vn 0.00000000 -1.00000000 0.00000000
vn 0.00000000 -1.00000000 0.00000000
vn 0.00000000 -1.00000000 0.00000000
vn 0.00000000 -1.00000000 0.00000000
vn 0.00000000 -1.00000000 0.00000000
vn 0.00000000 -1.00000000 0.00000000
vn 0.00000000 -1.00000000 0.00000000
vn 0.00000000 -1.00000000 0.00000000
vn 0.00000000 -1.00000000 0.00000000
vn 0.00000000 -1.00000000 0.00000000
vn 0.00000000 -1.00000000 0.00000000
vn 0.00000000 -1.00000000 0.00000000
vn 0.00000000 -1.00000000 0.00000000
vn 0.00000000 -1.00000000 0.00000000
vn 0.00000000 -1.00000000 0.00000000
vn 0.00000000 -1.00000000 0.00000000
vn 0.00000000 -1.00000000 0.00000000
vn 0.00000000 -1.00000000 0.00000000
vn 0.00000000 -1.00000000 0.00000000
vn 0.00000000 -1.00000000 0.00000000
vn 0.00000000 -1.00000000 0.00000000
vn 0.00000000 -1.00000000 0.00000000
vn 0.00000000 -1.00000000 0.00000000
vn 0.00000000 -1.00000000 0.00000000
vn 0.00000000 -1.00000000 0.00000000
vn 0.00000000 -1.00000000 0.00000000
vn 0.00000000 -1.00000000 0.00000000
vn 0.00000000 -1.00000000 0.00000000
vn 0.00000000 -1.00000000 0.00000000
vn 0.00000000 -1.00000000 0.00000000
vn 0.00000000 -1.00000000 0.00000000
vn 0.00000000 -1.00000000 0.00000000
vn 0.00000000 -1.00000000 0.00000000
vn 0.00000000 -1.00000000 0.00000000
vn 0.00000000 -1.00000000 0.00000000
vn 0.00000000 -1.00000000 0.00000000
vn 0.00000000 -1.00000000 0.00000000
vn 0.00000000 -1.00000000 0.00000000
vn 0.00000000 -1.00000000 0.00000000
vn 0.00000000 -1.00000000 0.00000000
vn 0.00000000 -1.00000000 0.00000000
vn 0.00000000 -1.00000000 0.00000000
vn 0.00000000 -1.00000000 0.00000000
vn 0.00000000 -1.00000000 0.00000000
vn 0.00000000 -1.00000000 0.00000000
vn 0.00000000 -1.00000000 0.00000000
vn 0.00000000 -1.00000000 0.00000000
vn 0.00000000 -1.00000000 0.00000000
vn 0.00000000 -1.00000000 0.00000000
vn 0.00000000 -1.00000000 0.00000000
vn 0.00000000 -1.00000000 0.00000000
vn 0.00000000 -1.00000000 0.00000000
vn 0.00000000 -1.00000000 0.00000000
vn 0.00000000 -1.00000000 0.00000000
vn 0.00000000 -1.00000000 0.00000000
vn 0.00000000 -1.00000000 0.00000000
vn 0.00000000 -1.00000000 0.00000000
vn 0.00000000 -1.00000000 0.00000000
vn 0.00000000 -1.00000000 0.00000000
vn 0.00000000 -1.00000000 0.00000000
vn 0.00000000 -1.00000000 0.00000000
vn 0.00000000 -1.00000000 0.00000000
vn 0.00000000 -1.00000000 0.00000000
vn 0.00000000 -1.00000000 0.00000000
vn 0.00000000 -1.00000000 0.00000000
vn 0.00000000 -1.00000000 0.00000000
vn 0.00000000 -1.00000000 0.00000000
vn 0.00000000 -1.00000000 0.00000000
vn 0.00000000 -1.00000000 0.00000000
vn 0.00000000 -1.00000000 0.00000000
vn 0.00000000 -1.00000000 0.00000000
vn 0.00000000 -1.00000000 0.00000000
vn 0.00000000 -1.00000000 0.00000000
vn 0.00000000 -1.00000000 0.00000000
vn 0.00000000 -1.00000000 0.00000000
vn 0.00000000 -1.00000000 0.00000000
vn 0.00000000 -1.00000000 0.00000000
vn 0.00000000 -1.00000000 0.00000000
vn 0.00000000 -1.00000000 0.00000000
vn 0.00000000 -1.00000000 0.00000000
vn 0.00000000 -1.00000000 0.00000000
vn 0.00000000 -1.00000000 0.00000000
vn 0.00000000 -1.00000000 0.00000000
vn 0.00000000 -1.00000000 0.00000000
vn 0.00000000 -1.00000000 0.00000000
vn 0.00000000 -1.00000000 0.00000000
vn 0.00000000 -1.00000000 0.00000000
vn 0.00000000 -1.00000000 0.00000000
vn 0.00000000 -1.00000000 0.00000000
vn 0.00000000 -1.00000000 0.00000000
vn 0.00000000 -1.00000000 0.00000000
vn 0.00000000 -1.00000000 0.00000000
vn 0.00000000 -1.00000000 0.00000000
vn 0.00000000 -1.00000000 0.00000000
vn 0.00000000 -1.00000000 0.00000000
vn 0.00000000 -1.00000000 0.00000000
vn 0.00000000 -1.00000000 0.00000000
vn 0.00000000 -1.00000000 0.00000000
vn 0.00000000 -1.00000000 0.00000000
vn 0.00000000 -1.00000000 0.00000000
vn 0.00000000 -1.00000000 0.00000000
vn 0.00000000 -1.00000000 0.00000000
vn 0.00000000 -1.00000000 0.00000000
vn 0.00000000 -1.00000000 0.00000000
vn 0.00000000 -1.00000000 0.00000000
vn 0.00000000 -1.00000000 0.00000000
vn 0.00000000 -1.00000000 0.00000000
vn 0.00000000 -1.00000000 0.00000000
vn 0.00000000 -1.00000000 0.00000000
vn 0.00000000 -1.00000000 0.00000000
vn 0.00000000 -1.00000000 0.00000000
vn 0.00000000 -1.00000000 0.00000000
vn 0.00000000 -1.00000000 0.00000000
vn 0.00000000 -1.00000000 0.00000000
vn 0.00000000 -1.00000000 0.00000000
vn 0.00000000 -1.00000000 0.00000000
vn 0.00000000 -1.00000000 0.00000000
vn 0.00000000 -1.00000000 0.00000000
vn 0.00000000 -1.00000000 0.00000000
vn 0.00000000 -1.00000000 0.00000000
vn 0.00000000 -1.00000000 0.00000000
vn 0.00000000 -1.00000000 0.00000000
vn 0.00000000 -1.00000000 0.00000000
vn 0.00000000 -1.00000000 0.00000000
vn 0.00000000 -1.00000000 0.00000000
vn 0.00000000 -1.00000000 0.00000000
vn 0.00000000 -1.00000000 0.00000000
vn 0.00000000 -1.00000000 0.00000000
vn 0.00000000 -1.00000000 0.00000000
vn 0.00000000 -1.00000000 0.00000000
vn 0.00000000 -1.00000000 0.00000000
vn 0.00000000 -1.00000000 0.00000000
vn 0.00000000 -1.00000000 0.00000000
vn 0.00000000 -1.00000000 0.00000000
vn 0.00000000 -1.00000000 0.00000000
vn 0.00000000 -1.00000000 0.00000000
vn 0.00000000 -1.00000000 0.00000000
vn 0.00000000 -1.00000000 0.00000000
vn 0.00000000 -1.00000000 0.00000000
vn 0.00000000 -1.00000000 0.00000000
vn 0.00000000 -1.00000000 0.00000000
vn 0.00000000 -1.00000000 0.00000000
vn 0.00000000 -1.00000000 0.00000000
vn 0.00000000 -1.00000000 0.00000000
vn 0.00000000 -1.00000000 0.00000000
vn 0.00000000 -1.00000000 0.00000000
vn 0.00000000 -1.00000000 0.00000000
vn 0.00000000 -1.00000000 0.00000000
vn 0.00000000 -1.00000000 0.00000000
vn 0.00000000 -1.00000000 0.00000000
vn 0.00000000 -1.00000000 0.00000000
vn 0.00000000 -1.00000000 0.00000000
vn 0.00000000 -1.00000000 0.00000000
vn 0.00000000 -1.00000000 0.00000000
vn 0.00000000 -1.00000000 0.00000000
vn 0.00000000 -1.00000000 0.00000000
vn 0.00000000 -1.00000000 0.00000000
vn 0.00000000 -1.00000000 0.00000000
vn 0.00000000 -1.00000000 0.00000000
vn 0.00000000 -1.00000000 0.00000000
vn 0.00000000 -1.00000000 0.00000000
vn 0.00000000 -1.00000000 0.00000000
vn 0.00000000 -1.00000000 0.00000000
vn 0.00000000 -1.00000000 0.00000000
vn 0.00000000 -1.00000000 0.00000000
vn 0.00000000 -1.00000000 0.00000000
vn 0.00000000 -1.00000000 0.00000000
vn 0.00000000 -1.00000000 0.00000000
vn 0.00000000 -1.00000000 0.00000000
vn 0.00000000 -1.00000000 0.00000000
vn 0.00000000 -1.00000000 0.00000000
vn 0.00000000 -1.00000000 0.00000000
vn 0.00000000 -1.00000000 0.00000000
vn 0.00000000 -1.00000000 0.00000000
vn 0.00000000 -1.00000000 0.00000000
vn 0.00000000 -1.00000000 0.00000000
vn 0.00000000 -1.00000000 0.00000000
vn 0.00000000 -1.00000000 0.00000000
vn 0.00000000 -1.00000000 0.00000000
vn 0.00000000 -1.00000000 0.00000000
vn 0.00000000 -1.00000000 0.00000000
vn 0.00000000 -1.00000000 0.00000000
vn 0.00000000 -1.00000000 0.00000000
vn 0.00000000 -1.00000000 0.00000000
vn 0.00000000 -1.00000000 0.00000000
vn 0.00000000 -1.00000000 0.00000000
vn 0.00000000 -1.00000000 0.00000000
vn 0.00000000 -1.00000000 0.00000000
vn 0.00000000 -1.00000000 0.00000000
vn 0.00000000 -1.00000000 0.00000000
vn 0.00000000 -1.00000000 0.00000000
vn 0.00000000 -1.00000000 0.00000000
vn 0.00000000 -1.00000000 0.00000000
vn 0.00000000 -1.00000000 0.00000000
vn 0.00000000 -1.00000000 0.00000000
vn 0.00000000 -1.00000000 0.00000000
vn 0.00000000 -1.00000000 0.00000000
vn 0.00000000 -1.00000000 0.00000000
vn 0.00000000 -1.00000000 0.00000000
vn 0.00000000 -1.00000000 0.00000000
vn 0.00000000 -1.00000000 0.00000000
vn 0.00000000 -1.00000000 0.00000000
vn 0.00000000 -1.00000000 0.00000000
vn 0.00000000 -1.00000000 0.00000000
vn 0.00000000 -1.00000000 0.00000000
vn 0.00000000 -1.00000000 0.00000000
vn 0.00000000 -1.00000000 0.00000000
vn 0.00000000 -1.00000000 0.00000000
vn 0.00000000 -1.00000000 0.00000000
vn 0.00000000 -1.00000000 0.00000000
vn 0.00000000 -1.00000000 0.00000000
vn 0.00000000 -1.00000000 0.00000000
vn 0.00000000 -1.00000000 0.00000000
vn 0.00000000 -1.00000000 0.00000000
vn 0.00000000 -1.00000000 0.00000000
vn 0.00000000 -1.00000000 0.00000000
vn 0.00000000 -1.00000000 0.00000000
vn 0.00000000 -1.00000000 0.00000000
vn 0.00000000 -1.00000000 0.00000000
vn 0.00000000 -1.00000000 0.00000000
vn 0.00000000 -1.00000000 0.00000000
vn 0.00000000 -1.00000000 0.00000000
vn 0.00000000 -1.00000000 0.00000000
vn 0.00000000 -1.00000000 0.00000000
vn 0.00000000 -1.00000000 0.00000000
vn 0.00000000 -1.00000000 0.00000000
vn 0.00000000 -1.00000000 0.00000000
vn 0.00000000 -1.00000000 0.00000000
vn 0.00000000 -1.00000000 0.00000000
vn 0.00000000 -1.00000000 0.00000000
vn 0.00000000 -1.00000000 0.00000000
vn 0.00000000 -1.00000000 0.00000000
vn 0.00000000 -1.00000000 0.00000000
vn 0.00000000 -1.00000000 0.00000000
vn 0.00000000 -1.00000000 0.00000000
vn 0.00000000 -1.00000000 0.00000000
vn 0.00000000 -1.00000000 0.00000000
vn 0.00000000 -1.00000000 0.00000000
vn 0.00000000 -1.00000000 0.00000000
vn 0.00000000 -1.00000000 0.00000000
vn 0.00000000 -1.00000000 0.00000000
vn 0.00000000 -1.00000000 0.00000000
vn 0.00000000 -1.00000000 0.00000000
vn 0.00000000 -1.00000000 0.00000000
vn 0.00000000 -1.00000000 0.00000000
vn 0.00000000 -1.00000000 0.00000000
vn 0.00000000 -1.00000000 0.00000000
vn 0.00000000 -1.00000000 0.00000000
vn 0.00000000 -1.00000000 0.00000000
vn 0.00000000 -1.00000000 0.00000000
vn 0.00000000 -1.00000000 0.00000000
vn 0.00000000 -1.00000000 0.00000000
vn 0.00000000 -1.00000000 0.00000000
vn 0.00000000 -1.00000000 0.00000000
vn 0.00000000 -1.00000000 0.00000000
vn 0.00000000 -1.00000000 0.00000000
vn 0.00000000 -1.00000000 0.00000000
vn 0.00000000 -1.00000000 0.00000000
vn 0.00000000 -1.00000000 0.00000000
vn 0.00000000 -1.00000000 0.00000000
vn 0.00000000 -1.00000000 0.00000000
vn 0.00000000 -1.00000000 0.00000000
vn 0.00000000 -1.00000000 0.00000000
vn 0.00000000 -1.00000000 0.00000000
vn 0.00000000 -1.00000000 0.00000000
vn 0.00000000 -1.00000000 0.00000000
vn 0.00000000 -1.00000000 0.00000000
vn 0.00000000 -1.00000000 0.00000000
vn 0.00000000 -1.00000000 0.00000000
vn 0.00000000 -1.00000000 0.00000000
vn 0.00000000 -1.00000000 0.00000000
vn 0.00000000 -1.00000000 0.00000000
vn 0.00000000 -1.00000000 0.00000000
vn 0.00000000 -1.00000000 0.00000000
vn 0.00000000 -1.00000000 0.00000000
vn 0.00000000 -1.00000000 0.00000000
vn 0.00000000 -1.00000000 0.00000000
vn 0.00000000 -1.00000000 0.00000000
vn 0.00000000 -1.00000000 0.00000000
vn 0.00000000 -1.00000000 0.00000000
vn 0.00000000 -1.00000000 0.00000000
vn 0.00000000 -1.00000000 0.00000000
vn 0.00000000 -1.00000000 0.00000000
vn 0.00000000 -1.00000000 0.00000000
vn 0.00000000 -1.00000000 0.00000000
vn 0.00000000 -1.00000000 0.00000000
vn 0.00000000 -1.00000000 0.00000000
vn 0.00000000 -1.00000000 0.00000000
vn 0.00000000 -1.00000000 0.00000000
vn 0.00000000 -1.00000000 0.00000000
vn 0.00000000 -1.00000000 0.00000000
vn 0.00000000 -1.00000000 0.00000000
vn 0.00000000 -1.00000000 0.00000000
vn 0.00000000 -1.00000000 0.00000000
vn 0.00000000 -1.00000000 0.00000000
vn 0.00000000 -1.00000000 0.00000000
vn 0.00000000 -1.00000000 0.00000000
vn 0.00000000 -1.00000000 0.00000000
vn 0.00000000 -1.00000000 0.00000000
vn 0.00000000 -1.00000000 0.00000000
vn 0.00000000 -1.00000000 0.00000000
vn 0.00000000 -1.00000000 0.00000000
vn 0.00000000 -1.00000000 0.00000000
vn 0.00000000 -1.00000000 0.00000000
vn 0.00000000 -1.00000000 0.00000000
vn 0.00000000 -1.00000000 0.00000000
vn 0.00000000 -1.00000000 0.00000000
vn 0.00000000 -1.00000000 0.00000000
vn 0.00000000 -1.00000000 0.00000000
vn 0.00000000 -1.00000000 0.00000000
vn 0.00000000 -1.00000000 0.00000000
vn 0.00000000 -1.00000000 0.00000000
vn 0.00000000 -1.00000000 0.00000000
vn 0.00000000 -1.00000000 0.00000000
vn 0.00000000 -1.00000000 0.00000000
vn 0.00000000 -1.00000000 0.00000000
vn 0.00000000 -1.00000000 0.00000000
vn 0.00000000 -1.00000000 0.00000000
vn 0.00000000 -1.00000000 0.00000000
vn 0.00000000 -1.00000000 0.00000000
vn 0.00000000 -1.00000000 0.00000000
vn 0.00000000 -1.00000000 0.00000000
vn 0.00000000 -1.00000000 0.00000000
vn 0.00000000 -1.00000000 0.00000000
vn 0.00000000 -1.00000000 0.00000000
vn 0.00000000 -1.00000000 0.00000000
vn 0.00000000 -1.00000000 0.00000000
vn 0.00000000 -1.00000000 0.00000000
vn 0.00000000 -1.00000000 0.00000000
vn 0.00000000 -1.00000000 0.00000000
vn 0.00000000 -1.00000000 0.00000000
vn 0.00000000 -1.00000000 0.00000000
vn 0.00000000 -1.00000000 0.00000000
vn 0.00000000 -1.00000000 0.00000000
vn 0.00000000 -1.00000000 0.00000000
vn 0.00000000 -1.00000000 0.00000000
vn 0.00000000 -1.00000000 0.00000000
vn 0.00000000 -1.00000000 0.00000000
vn 0.00000000 -1.00000000 0.00000000
vn 0.00000000 -1.00000000 0.00000000
vn 0.00000000 -1.00000000 0.00000000
vn 0.00000000 -1.00000000 0.00000000
vn 0.00000000 -1.00000000 0.00000000
vn 0.00000000 -1.00000000 0.00000000
vn 0.00000000 -1.00000000 0.00000000
vn 0.00000000 -1.00000000 0.00000000
vn 0.00000000 -1.00000000 0.00000000
vn 0.00000000 -1.00000000 0.00000000
vn 0.00000000 -1.00000000 0.00000000
vn 0.00000000 -1.00000000 0.00000000
vn 0.00000000 -1.00000000 0.00000000
vn 0.00000000 -1.00000000 0.00000000
vn 0.00000000 -1.00000000 0.00000000
vn 0.00000000 -1.00000000 0.00000000
vn 0.00000000 -1.00000000 0.00000000
vn 0.00000000 -1.00000000 0.00000000
vn 0.00000000 -1.00000000 0.00000000
vn 0.00000000 -1.00000000 0.00000000
vn 0.00000000 -1.00000000 0.00000000
vn 0.00000000 -1.00000000 0.00000000
vn 0.00000000 -1.00000000 0.00000000
vn 0.00000000 -1.00000000 0.00000000
vn 0.00000000 -1.00000000 0.00000000
vn 0.00000000 -1.00000000 0.00000000
vn 0.00000000 -1.00000000 0.00000000
vn 0.00000000 -1.00000000 0.00000000
vn 0.00000000 -1.00000000 0.00000000
vn 0.00000000 -1.00000000 0.00000000
vn 0.00000000 -1.00000000 0.00000000
vn 0.00000000 -1.00000000 0.00000000
vn 0.00000000 -1.00000000 0.00000000
vn 0.00000000 -1.00000000 0.00000000
vn 0.00000000 -1.00000000 0.00000000
vn 0.00000000 -1.00000000 0.00000000
vn 0.00000000 -1.00000000 0.00000000
vn 0.00000000 -1.00000000 0.00000000
vn 0.00000000 -1.00000000 0.00000000
vn 0.00000000 -1.00000000 0.00000000
vn 0.00000000 -1.00000000 0.00000000
vn 0.00000000 -1.00000000 0.00000000
vn 0.00000000 -1.00000000 0.00000000
vn 0.00000000 -1.00000000 0.00000000
vn 0.00000000 -1.00000000 0.00000000
vn 0.00000000 -1.00000000 0.00000000
vn 0.00000000 -1.00000000 0.00000000
vn 0.00000000 -1.00000000 0.00000000
vn 0.00000000 -1.00000000 0.00000000
vn 0.00000000 -1.00000000 0.00000000
vn 0.00000000 -1.00000000 0.00000000
vn 0.00000000 -1.00000000 0.00000000
vn 0.00000000 -1.00000000 0.00000000
vn 0.00000000 -1.00000000 0.00000000
vn 0.00000000 -1.00000000 0.00000000
vn 0.00000000 -1.00000000 0.00000000
vn 0.00000000 -1.00000000 0.00000000
vn 0.00000000 -1.00000000 0.00000000
vn 0.00000000 -1.00000000 0.00000000
vn 0.00000000 -1.00000000 0.00000000
vn 0.00000000 -1.00000000 0.00000000
vn 0.00000000 -1.00000000 0.00000000
vn 0.00000000 -1.00000000 0.00000000
vn 0.00000000 -1.00000000 0.00000000
vn 0.00000000 -1.00000000 0.00000000
vn 0.00000000 -1.00000000 0.00000000
vn 0.00000000 -1.00000000 0.00000000
vn 0.00000000 -1.00000000 0.00000000
vn 0.00000000 -1.00000000 0.00000000
vn 0.00000000 -1.00000000 0.00000000
vn 0.00000000 -1.00000000 0.00000000
vn 0.00000000 -1.00000000 0.00000000
vn 0.00000000 -1.00000000 0.00000000
vn 0.00000000 -1.00000000 0.00000000
vn 0.00000000 -1.00000000 0.00000000
vn 0.00000000 -1.00000000 0.00000000
vn 0.00000000 -1.00000000 0.00000000
vn 0.00000000 -1.00000000 0.00000000
vn 0.00000000 -1.00000000 0.00000000
vn 0.00000000 -1.00000000 0.00000000
vn 0.00000000 -1.00000000 0.00000000
vn 0.00000000 -1.00000000 0.00000000
vn 0.00000000 -1.00000000 0.00000000
vn 0.00000000 -1.00000000 0.00000000
vn 0.00000000 -1.00000000 0.00000000
vn 0.00000000 -1.00000000 0.00000000
vn 0.00000000 -1.00000000 0.00000000
vn 0.00000000 -1.00000000 0.00000000
vn 0.00000000 -1.00000000 0.00000000
vn 0.00000000 -1.00000000 0.00000000
vn 0.00000000 -1.00000000 0.00000000
vn 0.00000000 -1.00000000 0.00000000
vn 0.00000000 -1.00000000 0.00000000
vn 0.00000000 -1.00000000 0.00000000
vn 0.00000000 -1.00000000 0.00000000
vn 0.00000000 -1.00000000 0.00000000
vn 0.00000000 -1.00000000 0.00000000
vn 0.00000000 -1.00000000 0.00000000
vn 0.00000000 -1.00000000 0.00000000
vn 0.00000000 -1.00000000 0.00000000
vn 0.00000000 -1.00000000 0.00000000
vn 0.00000000 -1.00000000 0.00000000
vn 0.00000000 -1.00000000 0.00000000
vn 0.00000000 -1.00000000 0.00000000
vn 0.00000000 -1.00000000 0.00000000
vn 0.00000000 -1.00000000 0.00000000
vn 0.00000000 -1.00000000 0.00000000
vn 0.00000000 -1.00000000 0.00000000
vn 0.00000000 -1.00000000 0.00000000
vn 0.00000000 -1.00000000 0.00000000
vn 0.00000000 -1.00000000 0.00000000
vn 0.00000000 -1.00000000 0.00000000
vn 0.00000000 -1.00000000 0.00000000
vn 0.00000000 -1.00000000 0.00000000
vn 0.00000000 -1.00000000 0.00000000
vn 0.00000000 -1.00000000 0.00000000
vn 0.00000000 -1.00000000 0.00000000
vn 0.00000000 -1.00000000 0.00000000
vn 0.00000000 -1.00000000 0.00000000
vn 0.00000000 -1.00000000 0.00000000
vn 0.00000000 -1.00000000 0.00000000
vn 0.00000000 -1.00000000 0.00000000
vn 0.00000000 -1.00000000 0.00000000
vn 0.00000000 -1.00000000 0.00000000
vn 0.00000000 -1.00000000 0.00000000
vn 0.00000000 -1.00000000 0.00000000
vn 0.00000000 -1.00000000 0.00000000
vn 0.00000000 -1.00000000 0.00000000
vn 0.00000000 -1.00000000 0.00000000
vn 0.00000000 -1.00000000 0.00000000
vn 0.00000000 -1.00000000 0.00000000
vn 0.00000000 -1.00000000 0.00000000
vn 0.00000000 -1.00000000 0.00000000
vn 0.00000000 -1.00000000 0.00000000
vn 0.00000000 -1.00000000 0.00000000
vn 0.00000000 -1.00000000 0.00000000
vn 0.00000000 -1.00000000 0.00000000
vn 0.00000000 -1.00000000 0.00000000
vn 0.00000000 -1.00000000 0.00000000
vn 0.00000000 -1.00000000 0.00000000
vn 0.00000000 -1.00000000 0.00000000
vn 0.00000000 -1.00000000 0.00000000
vn 0.00000000 -1.00000000 0.00000000
vn 0.00000000 -1.00000000 0.00000000
vn 0.00000000 -1.00000000 0.00000000
vn 0.00000000 -1.00000000 0.00000000
vn 0.00000000 -1.00000000 0.00000000
vn 0.00000000 -1.00000000 0.00000000
vn 0.00000000 -1.00000000 0.00000000
vn 0.00000000 -1.00000000 0.00000000
vn 0.00000000 -1.00000000 0.00000000
vn 0.00000000 -1.00000000 0.00000000
vn 0.00000000 -1.00000000 0.00000000
vn 0.00000000 -1.00000000 0.00000000
vn 0.00000000 -1.00000000 0.00000000
vn 0.00000000 -1.00000000 0.00000000
vn 0.00000000 -1.00000000 0.00000000
vn 0.00000000 -1.00000000 0.00000000
vn 0.00000000 -1.00000000 0.00000000
vn 0.00000000 -1.00000000 0.00000000
vn 0.00000000 -1.00000000 0.00000000
vn 0.00000000 -1.00000000 0.00000000
vn 0.00000000 -1.00000000 0.00000000
vn 0.00000000 -1.00000000 0.00000000
vn 0.00000000 -1.00000000 0.00000000
vn 0.00000000 -1.00000000 0.00000000
vn 0.00000000 -1.00000000 0.00000000
vn 0.00000000 -1.00000000 0.00000000
vn 0.00000000 -1.00000000 0.00000000
vn 0.00000000 -1.00000000 0.00000000
vn 0.00000000 -1.00000000 0.00000000
vn 0.00000000 -1.00000000 0.00000000
vn 0.00000000 -1.00000000 0.00000000
vn 0.00000000 -1.00000000 0.00000000
vn 0.00000000 -1.00000000 0.00000000
vn 0.00000000 -1.00000000 0.00000000
vn 0.00000000 -1.00000000 0.00000000
vn 0.00000000 -1.00000000 0.00000000
vn 0.00000000 -1.00000000 0.00000000
vn 0.00000000 -1.00000000 0.00000000
vn 0.00000000 -1.00000000 0.00000000
vn 0.00000000 -1.00000000 0.00000000
vn 0.00000000 -1.00000000 0.00000000
vn 0.00000000 -1.00000000 0.00000000
vn 0.00000000 -1.00000000 0.00000000
vn 0.00000000 -1.00000000 0.00000000
vn 0.00000000 -1.00000000 0.00000000
vn 0.00000000 -1.00000000 0.00000000
vn 0.00000000 -1.00000000 0.00000000
vn 0.00000000 -1.00000000 0.00000000
vn 0.00000000 -1.00000000 0.00000000
vn 0.00000000 -1.00000000 0.00000000
vn 0.00000000 -1.00000000 0.00000000
vn 0.00000000 -1.00000000 0.00000000
vn 0.00000000 -1.00000000 0.00000000
vn 0.00000000 -1.00000000 0.00000000
vn 0.00000000 -1.00000000 0.00000000
vn 0.00000000 -1.00000000 0.00000000
vn 0.00000000 -1.00000000 0.00000000
vn 0.00000000 -1.00000000 0.00000000
vn 0.00000000 -1.00000000 0.00000000
vn 0.00000000 -1.00000000 0.00000000
vn 0.00000000 -1.00000000 0.00000000
vn 0.00000000 -1.00000000 0.00000000
vn 0.00000000 -1.00000000 0.00000000
vn 0.00000000 -1.00000000 0.00000000
vn 0.00000000 -1.00000000 0.00000000
vn 0.00000000 -1.00000000 0.00000000
vn 0.00000000 -1.00000000 0.00000000
vn 0.00000000 -1.00000000 0.00000000
vn 0.00000000 -1.00000000 0.00000000
vn 0.00000000 -1.00000000 0.00000000
vn 0.00000000 -1.00000000 0.00000000
vn 0.00000000 -1.00000000 0.00000000
vn 0.00000000 -1.00000000 0.00000000
vn 0.00000000 -1.00000000 0.00000000
vn 0.00000000 -1.00000000 0.00000000
vn 0.00000000 -1.00000000 0.00000000
vn 0.00000000 -1.00000000 0.00000000
vn 0.00000000 -1.00000000 0.00000000
vn 0.00000000 -1.00000000 0.00000000
vn 0.00000000 -1.00000000 0.00000000
vn 0.00000000 -1.00000000 0.00000000
vn 0.00000000 -1.00000000 0.00000000
vn 0.00000000 -1.00000000 0.00000000
vn 0.00000000 -1.00000000 0.00000000
vn 0.00000000 -1.00000000 0.00000000
vn 0.00000000 -1.00000000 0.00000000
vn 0.00000000 -1.00000000 0.00000000
vn 0.00000000 -1.00000000 0.00000000
vn 0.00000000 -1.00000000 0.00000000
vn 0.00000000 -1.00000000 0.00000000
vn 0.00000000 -1.00000000 0.00000000
vn 0.00000000 -1.00000000 0.00000000
vn 0.00000000 -1.00000000 0.00000000
vn 0.00000000 -1.00000000 0.00000000
vn 0.00000000 -1.00000000 0.00000000
vn 0.00000000 -1.00000000 0.00000000
vn 0.00000000 -1.00000000 0.00000000
vn 0.00000000 -1.00000000 0.00000000
vn 0.00000000 -1.00000000 0.00000000
vn 0.00000000 -1.00000000 0.00000000
vn 0.00000000 -1.00000000 0.00000000
vn 0.00000000 -1.00000000 0.00000000
vn 0.00000000 -1.00000000 0.00000000
vn 0.00000000 -1.00000000 0.00000000
vn 0.00000000 -1.00000000 0.00000000
vn 0.00000000 -1.00000000 0.00000000
vn 0.00000000 -1.00000000 0.00000000
vn 0.00000000 -1.00000000 0.00000000
vn 0.00000000 -1.00000000 0.00000000
vn 0.00000000 -1.00000000 0.00000000
vn 0.00000000 -1.00000000 0.00000000
vn 0.00000000 -1.00000000 0.00000000
vn 0.00000000 -1.00000000 0.00000000
vn 0.00000000 -1.00000000 0.00000000
vn 0.00000000 -1.00000000 0.00000000
vn 0.00000000 -1.00000000 0.00000000
vn 0.00000000 -1.00000000 0.00000000
vn 0.00000000 -1.00000000 0.00000000
vn 0.00000000 -1.00000000 0.00000000
vn 0.00000000 -1.00000000 0.00000000
vn 0.00000000 -1.00000000 0.00000000
vn 0.00000000 -1.00000000 0.00000000
vn 0.00000000 -1.00000000 0.00000000
vn 0.00000000 -1.00000000 0.00000000
vn 0.00000000 -1.00000000 0.00000000
vn 0.00000000 -1.00000000 0.00000000
vn 0.00000000 -1.00000000 0.00000000
vn 0.00000000 -1.00000000 0.00000000
vn 0.00000000 -1.00000000 0.00000000
vn 0.00000000 -1.00000000 0.00000000
vn 0.00000000 -1.00000000 0.00000000
vn 0.00000000 -1.00000000 0.00000000
vn 0.00000000 -1.00000000 0.00000000
vn 0.00000000 -1.00000000 0.00000000
vn 0.00000000 -1.00000000 0.00000000
vn 0.00000000 -1.00000000 0.00000000
vn 0.00000000 -1.00000000 0.00000000
vn 0.00000000 -1.00000000 0.00000000
vn 0.00000000 -1.00000000 0.00000000
vn 0.00000000 -1.00000000 0.00000000
vn 0.00000000 -1.00000000 0.00000000
vn 0.00000000 -1.00000000 0.00000000
vn 0.00000000 -1.00000000 0.00000000
vn 0.00000000 -1.00000000 0.00000000
vn 0.00000000 -1.00000000 0.00000000
vn 0.00000000 -1.00000000 0.00000000
vn 0.00000000 -1.00000000 0.00000000
vn 0.00000000 -1.00000000 0.00000000
vn 0.00000000 -1.00000000 0.00000000
vn 0.00000000 -1.00000000 0.00000000
vn 0.00000000 -1.00000000 0.00000000
vn 0.00000000 -1.00000000 0.00000000
vn 0.00000000 -1.00000000 0.00000000
vn 0.00000000 -1.00000000 0.00000000
vn 0.00000000 -1.00000000 0.00000000
vn 0.00000000 -1.00000000 0.00000000
vn 0.00000000 -1.00000000 0.00000000
vn 0.00000000 -1.00000000 0.00000000
vn 0.00000000 -1.00000000 0.00000000
vn 0.00000000 -1.00000000 0.00000000
vn 0.00000000 -1.00000000 0.00000000
vn 0.00000000 -1.00000000 0.00000000
vn 0.00000000 -1.00000000 0.00000000
vn 0.00000000 -1.00000000 0.00000000
vn 0.00000000 -1.00000000 0.00000000
vn 0.00000000 -1.00000000 0.00000000
vn 0.00000000 -1.00000000 0.00000000
vn 0.00000000 -1.00000000 0.00000000
vn 0.00000000 -1.00000000 0.00000000
vn 0.00000000 -1.00000000 0.00000000
vn 0.00000000 -1.00000000 0.00000000
vn 0.00000000 -1.00000000 0.00000000
vn 0.00000000 -1.00000000 0.00000000
vn 0.00000000 -1.00000000 0.00000000
vn 0.00000000 -1.00000000 0.00000000
vn 0.00000000 -1.00000000 0.00000000
vn 0.00000000 -1.00000000 0.00000000
vn 0.00000000 -1.00000000 0.00000000
vn 0.00000000 -1.00000000 0.00000000
vn 0.00000000 -1.00000000 0.00000000
vn 0.00000000 -1.00000000 0.00000000
vn 0.00000000 -1.00000000 0.00000000
vn 0.00000000 -1.00000000 0.00000000
vn 0.00000000 -1.00000000 0.00000000
vn 0.00000000 -1.00000000 0.00000000
vn 0.00000000 -1.00000000 0.00000000
vn 0.00000000 -1.00000000 0.00000000
vn 0.00000000 -1.00000000 0.00000000
vn 0.00000000 -1.00000000 0.00000000
vn 0.00000000 -1.00000000 0.00000000
vn 0.00000000 -1.00000000 0.00000000
vn 0.00000000 -1.00000000 0.00000000
vn 0.00000000 -1.00000000 0.00000000
vn 0.00000000 -1.00000000 0.00000000
vn 0.00000000 -1.00000000 0.00000000
vn 0.00000000 -1.00000000 0.00000000
vn 0.00000000 -1.00000000 0.00000000
vn 0.00000000 -1.00000000 0.00000000
vn 0.00000000 -1.00000000 0.00000000
vn 0.00000000 -1.00000000 0.00000000
vn 0.00000000 -1.00000000 0.00000000
vn 0.00000000 -1.00000000 0.00000000
vn 0.00000000 -1.00000000 0.00000000
vn 0.00000000 -1.00000000 0.00000000
vn 0.00000000 -1.00000000 0.00000000
vn 0.00000000 -1.00000000 0.00000000
vn 0.00000000 -1.00000000 0.00000000
vn 0.00000000 -1.00000000 0.00000000
vn 0.00000000 -1.00000000 0.00000000
vn 0.00000000 -1.00000000 0.00000000
vn 0.00000000 -1.00000000 0.00000000
vn 0.00000000 -1.00000000 0.00000000
vn 0.00000000 -1.00000000 0.00000000
vn 0.00000000 -1.00000000 0.00000000
vn 0.00000000 -1.00000000 0.00000000
vn 0.00000000 -1.00000000 0.00000000
vn 0.00000000 -1.00000000 0.00000000
vn 0.00000000 -1.00000000 0.00000000
vn 0.00000000 -1.00000000 0.00000000
vn 0.00000000 -1.00000000 0.00000000
vn 0.00000000 -1.00000000 0.00000000
vn 0.00000000 -1.00000000 0.00000000
vn 0.00000000 -1.00000000 0.00000000
vn 0.00000000 -1.00000000 0.00000000
vn 0.00000000 -1.00000000 0.00000000
vn 0.00000000 -1.00000000 0.00000000
vn 0.00000000 -1.00000000 0.00000000
vn 0.00000000 -1.00000000 0.00000000
vn 0.00000000 -1.00000000 0.00000000
vn 0.00000000 -1.00000000 0.00000000
vn 0.00000000 -1.00000000 0.00000000
vn 0.00000000 -1.00000000 0.00000000
vn 0.00000000 -1.00000000 0.00000000
vn 0.00000000 -1.00000000 0.00000000
vn 0.00000000 -1.00000000 0.00000000
vn 0.00000000 -1.00000000 0.00000000
vn 0.00000000 -1.00000000 0.00000000
vn 0.00000000 -1.00000000 0.00000000
vn 0.00000000 -1.00000000 0.00000000
vn 0.00000000 -1.00000000 0.00000000
vn 0.00000000 -1.00000000 0.00000000
vn 0.00000000 -1.00000000 0.00000000
vn 0.00000000 -1.00000000 0.00000000
vn 0.00000000 -1.00000000 0.00000000
vn 0.00000000 -1.00000000 0.00000000
vn 0.00000000 -1.00000000 0.00000000
vn 0.00000000 -1.00000000 0.00000000
vn 0.00000000 -1.00000000 0.00000000
vn 0.00000000 -1.00000000 0.00000000
vn 0.00000000 -1.00000000 0.00000000
vn 0.00000000 -1.00000000 0.00000000
vn 0.00000000 -1.00000000 0.00000000
vn 0.00000000 -1.00000000 0.00000000
vn 0.00000000 -1.00000000 0.00000000
vn 0.00000000 -1.00000000 0.00000000
vn 0.00000000 -1.00000000 0.00000000
vn 0.00000000 -1.00000000 0.00000000
vn 0.00000000 -1.00000000 0.00000000
vn 0.00000000 -1.00000000 0.00000000
vn 0.00000000 -1.00000000 0.00000000
vn 0.00000000 -1.00000000 0.00000000
vn 0.00000000 -1.00000000 0.00000000
vn 0.00000000 -1.00000000 0.00000000
vn 0.00000000 -1.00000000 0.00000000
vn 0.00000000 -1.00000000 0.00000000
vn 0.00000000 -1.00000000 0.00000000
vn 0.00000000 -1.00000000 0.00000000
vn 0.00000000 -1.00000000 0.00000000
vn 0.00000000 -1.00000000 0.00000000
vn 0.00000000 -1.00000000 0.00000000
vn 0.00000000 -1.00000000 0.00000000
vn 0.00000000 -1.00000000 0.00000000
vn 0.00000000 -1.00000000 0.00000000
vn 0.00000000 -1.00000000 0.00000000
vn 0.00000000 -1.00000000 0.00000000
vn 0.00000000 -1.00000000 0.00000000
vn 0.00000000 -1.00000000 0.00000000
vn 0.00000000 -1.00000000 0.00000000
vn 0.00000000 -1.00000000 0.00000000
vn 0.00000000 -1.00000000 0.00000000
vn 0.00000000 -1.00000000 0.00000000
vn 0.00000000 -1.00000000 0.00000000
vn 0.00000000 -1.00000000 0.00000000
vn 0.00000000 -1.00000000 0.00000000
vn 0.00000000 -1.00000000 0.00000000
vn 0.00000000 -1.00000000 0.00000000
vn 0.00000000 -1.00000000 0.00000000
vn 0.00000000 -1.00000000 0.00000000
vn 0.00000000 -1.00000000 0.00000000
vn 0.00000000 -1.00000000 0.00000000
vn 0.00000000 -1.00000000 0.00000000
vn 0.00000000 -1.00000000 0.00000000
vn 0.00000000 -1.00000000 0.00000000
vn 0.00000000 -1.00000000 0.00000000
vn 0.00000000 -1.00000000 0.00000000
vn 0.00000000 -1.00000000 0.00000000
vn 0.00000000 -1.00000000 0.00000000
vn 0.00000000 -1.00000000 0.00000000
vn 0.00000000 -1.00000000 0.00000000
vn 0.00000000 -1.00000000 0.00000000
vn 0.00000000 -1.00000000 0.00000000
vn 0.00000000 -1.00000000 0.00000000
vn 0.00000000 -1.00000000 0.00000000
vn 0.00000000 -1.00000000 0.00000000
vn 0.00000000 -1.00000000 0.00000000
vn 0.00000000 -1.00000000 0.00000000
vn 0.00000000 -1.00000000 0.00000000
vn 0.00000000 -1.00000000 0.00000000
vn 0.00000000 -1.00000000 0.00000000
vn 0.00000000 -1.00000000 0.00000000
vn 0.00000000 -1.00000000 0.00000000
vn 0.00000000 -1.00000000 0.00000000
vn 0.00000000 -1.00000000 0.00000000
vn 0.00000000 -1.00000000 0.00000000
vn 0.00000000 -1.00000000 0.00000000
vn 0.00000000 -1.00000000 0.00000000
vn 0.00000000 -1.00000000 0.00000000
vn 0.00000000 -1.00000000 0.00000000
vn 0.00000000 -1.00000000 0.00000000
vn 0.00000000 -1.00000000 0.00000000
vn 0.00000000 -1.00000000 0.00000000
vn 0.00000000 -1.00000000 0.00000000
vn 0.00000000 -1.00000000 0.00000000
vn 0.00000000 -1.00000000 0.00000000
vn 0.00000000 -1.00000000 0.00000000
vn 0.00000000 -1.00000000 0.00000000
vn 0.00000000 -1.00000000 0.00000000
vn 0.00000000 -1.00000000 0.00000000
vn 0.00000000 -1.00000000 0.00000000
vn 0.00000000 -1.00000000 0.00000000
vn 0.00000000 -1.00000000 0.00000000
vn 0.00000000 -1.00000000 0.00000000
vn 0.00000000 -1.00000000 0.00000000
vn 0.00000000 -1.00000000 0.00000000
vn 0.00000000 -1.00000000 0.00000000
vn 0.00000000 -1.00000000 0.00000000
vn 0.00000000 -1.00000000 0.00000000
vn 0.00000000 -1.00000000 0.00000000
vn 0.00000000 -1.00000000 0.00000000
vn 0.00000000 -1.00000000 0.00000000
vn 0.00000000 -1.00000000 0.00000000
vn 0.00000000 -1.00000000 0.00000000
vn 0.00000000 -1.00000000 0.00000000
vn 0.00000000 -1.00000000 0.00000000
vn 0.00000000 -1.00000000 0.00000000
vn 0.00000000 -1.00000000 0.00000000
vn 0.00000000 -1.00000000 0.00000000
vn 0.00000000 -1.00000000 0.00000000
vn 0.00000000 -1.00000000 0.00000000
vn 0.00000000 -1.00000000 0.00000000
vn 0.00000000 -1.00000000 0.00000000
vn 0.00000000 -1.00000000 0.00000000
vn 0.00000000 -1.00000000 0.00000000
vn 0.00000000 -1.00000000 0.00000000
vn 0.00000000 -1.00000000 0.00000000
vn 0.00000000 -1.00000000 0.00000000
vn 0.00000000 -1.00000000 0.00000000
vn 0.00000000 -1.00000000 0.00000000
vn 0.00000000 -1.00000000 0.00000000
vn 0.00000000 -1.00000000 0.00000000
vn 0.00000000 -1.00000000 0.00000000
vn 0.00000000 -1.00000000 0.00000000
vn 0.00000000 -1.00000000 0.00000000
vn 0.00000000 -1.00000000 0.00000000
vn 0.00000000 -1.00000000 0.00000000
vn 0.00000000 -1.00000000 0.00000000
vn 0.00000000 -1.00000000 0.00000000
vn 0.00000000 -1.00000000 0.00000000
vn 0.00000000 -1.00000000 0.00000000
vn 0.00000000 -1.00000000 0.00000000
vn 0.00000000 -1.00000000 0.00000000
vn 0.00000000 -1.00000000 0.00000000
vn 0.00000000 -1.00000000 0.00000000
vn 0.00000000 -1.00000000 0.00000000
vn 0.00000000 -1.00000000 0.00000000
vn 0.00000000 -1.00000000 0.00000000
vn 0.00000000 -1.00000000 0.00000000
vn 0.00000000 -1.00000000 0.00000000
vn 0.00000000 -1.00000000 0.00000000
vn 0.00000000 -1.00000000 0.00000000
vn 0.00000000 -1.00000000 0.00000000
vn 0.00000000 -1.00000000 0.00000000
vn 0.00000000 -1.00000000 0.00000000
vn 0.00000000 -1.00000000 0.00000000
vn 0.00000000 -1.00000000 0.00000000
vn 0.00000000 -1.00000000 0.00000000
vn 0.00000000 -1.00000000 0.00000000
vn 0.00000000 -1.00000000 0.00000000
vn 0.00000000 -1.00000000 0.00000000
vn 0.00000000 -1.00000000 0.00000000
vn 0.00000000 -1.00000000 0.00000000
vn 0.00000000 -1.00000000 0.00000000
vn 0.00000000 -1.00000000 0.00000000
vn 0.00000000 -1.00000000 0.00000000
vn 0.00000000 -1.00000000 0.00000000
vn 0.00000000 -1.00000000 0.00000000
vn 0.00000000 -1.00000000 0.00000000
vn 0.00000000 -1.00000000 0.00000000
vn 0.00000000 -1.00000000 0.00000000
vn 0.00000000 -1.00000000 0.00000000
vn 0.00000000 -1.00000000 0.00000000
vn 0.00000000 -1.00000000 0.00000000
vn 0.00000000 -1.00000000 0.00000000
vn 0.00000000 -1.00000000 0.00000000
vn 0.00000000 -1.00000000 0.00000000
vn 0.00000000 -1.00000000 0.00000000
vn 0.00000000 -1.00000000 0.00000000
vn 0.00000000 -1.00000000 0.00000000
vn 0.00000000 -1.00000000 0.00000000
vn 0.00000000 -1.00000000 0.00000000
vn 0.00000000 -1.00000000 0.00000000
vn 0.00000000 -1.00000000 0.00000000
vn 0.00000000 -1.00000000 0.00000000
vn 0.00000000 -1.00000000 0.00000000
vn 0.00000000 -1.00000000 0.00000000
vn 0.00000000 -1.00000000 0.00000000
vn 0.00000000 -1.00000000 0.00000000
vn 0.00000000 -1.00000000 0.00000000
vn 0.00000000 -1.00000000 0.00000000
vn 0.00000000 -1.00000000 0.00000000
vn 0.00000000 -1.00000000 0.00000000
vn 0.00000000 -1.00000000 0.00000000
vn 0.00000000 -1.00000000 0.00000000
vn 0.00000000 -1.00000000 0.00000000
vn 0.00000000 -1.00000000 0.00000000
vn 0.00000000 -1.00000000 0.00000000
vn 0.00000000 -1.00000000 0.00000000
vn 0.00000000 -1.00000000 0.00000000
vn 0.00000000 -1.00000000 0.00000000
vn 0.00000000 -1.00000000 0.00000000
vn 0.00000000 -1.00000000 0.00000000
f 950//950 938//938 962//962
f 952//952 940//940 964//964
f 944//944 952//952 965//965
f 945//945 950//950 963//963
f 27//27 955//955 973//973
f 958//958 29//29 970//970
f 34//34 961//961 975//975
f 959//959 48//48 977//977
f 954//954 41//41 972//972
f 50//50 957//957 976//976
f 960//960 36//36 974//974
f 43//43 956//956 971//971
f 958//958 943//943 984//984
f 942//942 956//956 985//985
f 960//960 944//944 983//983
f 41//41 954//954 967//967
f 955//955 27//27 966//966
f 961//961 34//34 968//968
f 48//48 959//959 969//969
f 964//964 940//940 989//989
f 962//962 938//938 988//988
f 951//951 939//939 963//963
f 942//942 951//951 964//964
f 943//943 953//953 962//962
f 953//953 941//941 965//965
f 965//965 952//952 987//987
f 963//963 950//950 986//986
f 48//48 47//47 977//977
f 29//29 30//30 970//970
f 26//26 27//27 973//973
f 41//41 40//40 972//972
f 33//33 34//34 975//975
f 44//44 43//43 971//971
f 36//36 37//37 974//974
f 51//51 50//50 976//976
f 982//982 945//945 1004//1004
f 953//953 937//937 1002//1002
f 957//957 50//50 982//982
f 36//36 960//960 983//983
f 29//29 958//958 984//984
f 956//956 43//43 985//985
f 950//950 945//945 978//978
f 953//953 943//943 981//981
f 951//951 942//942 980//980
f 940//940 952//952 979//979
f 937//937 953//953 987//987
f 938//938 950//950 978//978
f 952//952 944//944 979//979
f 939//939 951//951 980//980
f 941//941 953//953 981//981
f 941//941 961//961 1005//1005
f 939//939 957//957 1004//1004
f 954//954 942//942 967//967
f 943//943 955//955 966//966
f 959//959 945//945 969//969
f 957//957 939//939 995//995
f 961//961 941//941 997//997
f 955//955 943//943 988//988
f 956//956 942//942 989//989
f 944//944 960//960 979//979
f 942//942 954//954 980//980
f 943//943 958//958 981//981
f 945//945 959//959 978//978
f 987//987 952//952 1003//1003
f 943//943 966//966 984//984
f 967//967 942//942 985//985
f 944//944 968//968 983//983
f 969//969 945//945 982//982
f 978//978 959//959 994//994
f 938//938 978//978 994//994
f 979//979 960//960 996//996
f 42//42 41//41 967//967
f 27//27 28//28 966//966
f 34//34 35//35 968//968
f 49//49 48//48 969//969
f 937//937 987//987 1003//1003
f 940//940 979//979 996//996
f 957//957 982//982 1004//1004
f 4//4 52//52 990//990
f 39//39 4//4 990//990
f 1//1 25//25 991//991
f 46//46 1//1 991//991
f 31//31 2//2 993//993
f 2//2 32//32 993//993
f 38//38 3//3 992//992
f 3//3 45//45 992//992
f 965//965 941//941 1005//1005
f 963//963 939//939 1004//1004
f 952//952 964//964 1003//1003
f 962//962 953//953 1002//1002
f 943//943 962//962 988//988
f 942//942 964//964 989//989
f 953//953 965//965 987//987
f 951//951 963//963 986//986
f 961//961 968//968 1005//1005
f 968//968 944//944 1005//1005
f 939//939 980//980 999//999
f 941//941 981//981 1001//1001
f 980//980 954//954 999//999
f 981//981 958//958 1001//1001
f 951//951 986//986 1003//1003
f 50//50 49//49 982//982
f 43//43 42//42 985//985
f 35//35 36//36 983//983
f 28//28 29//29 984//984
f 945//945 963//963 1004//1004
f 944//944 965//965 1005//1005
f 950//950 962//962 1002//1002
f 964//964 951//951 1003//1003
f 986//986 937//937 1003//1003
f 32//32 33//33 1012//1012
f 45//45 44//44 1006//1006
f 40//40 39//39 1010//1010
f 25//25 26//26 1009//1009
f 52//52 51//51 1011//1011
f 30//30 31//31 1007//1007
f 47//47 46//46 1013//1013
f 37//37 38//38 1008//1008
f 42//42 967//967 985//985
f 49//49 969//969 982//982
f 966//966 28//28 984//984
f 968//968 35//35 983//983
f 975//975 961//961 997//997
f 960//960 974//974 996//996
f 959//959 977//977 994//994
f 976//976 957//957 995//995
f 948//948 971//971 1000//1000
f 970//970 949//949 1001//1001
f 946//946 973//973 998//998
f 972//972 947//947 999//999
f 956//956 989//989 1000//1000
f 988//988 938//938 998//998
f 955//955 988//988 998//998
f 989//989 940//940 1000//1000
f 996//996 948//948 1000//1000
f 949//949 997//997 1001//1001
f 994//994 946//946 998//998
f 947//947 995//995 999//999
f 937//937 986//986 1002//1002
f 986//986 950//950 1002//1002
f 947//947 972//972 1010//1010
f 976//976 947//947 1011//1011
f 949//949 970//970 1007//1007
f 948//948 974//974 1008//1008
f 971//971 948//948 1006//1006
f 973//973 946//946 1009//1009
f 946//946 977//977 1013//1013
f 975//975 949//949 1012//1012
f 947//947 976//976 995//995
f 974//974 948//948 996//996
f 977//977 946//946 994//994
f 949//949 975//975 997//997
f 974//974 37//37 1008//1008
f 970//970 30//30 1007//1007
f 26//26 973//973 1009//1009
f 972//972 40//40 1010//1010
f 977//977 47//47 1013//1013
f 33//33 975//975 1012//1012
f 44//44 971//971 1006//1006
f 51//51 976//976 1011//1011
f 954//954 972//972 999//999
f 971//971 956//956 1000//1000
f 973//973 955//955 998//998
f 958//958 970//970 1001//1001
f 947//947 990//990 1011//1011
f 990//990 947//947 1010//1010
f 991//991 946//946 1013//1013
f 993//993 949//949 1007//1007
f 949//949 993//993 1012//1012
f 946//946 991//991 1009//1009
f 992//992 948//948 1008//1008
f 948//948 992//992 1006//1006
f 995//995 939//939 999//999
f 938//938 994//994 998//998
f 940//940 996//996 1000//1000
f 997//997 941//941 1001//1001
f 39//39 990//990 1010//1010
f 38//38 992//992 1008//1008
f 993//993 32//32 1012//1012
f 990//990 52//52 1011//1011
f 46//46 991//991 1013//1013
f 992//992 45//45 1006//1006
f 31//31 993//993 1007//1007
f 991//991 25//25 1009//1009
f 1016//1016 1413//1413 1231//1231
f 1408//1408 1715//1715 1623//1623
f 1027//1027 1360//1360 1275//1275
f 1242//1242 1442//1442 232//232
f 1237//1237 1473//1473 116//116
f 1030//1030 1423//1423 1248//1248
f 1237//1237 1658//1658 1113//1113
f 1083//1083 1738//1738 1310//1310
f 133//133 1310//1310 134//134
f 183//183 1311//1311 182//182
f 131//131 1316//1316 132//132
f 185//185 1315//1315 184//184
f 215//215 1313//1313 214//214
f 221//221 1312//1312 220//220
f 223//223 1314//1314 222//222
f 1316//1316 1730//1730 1084//1084
f 1135//1135 1424//1424 1342//1342
f 1342//1342 1424//1424 1084//1084
f 127//127 1270//1270 128//128
f 1301//1301 1824//1824 1235//1235
f 1081//1081 1824//1824 1301//1301
f 1300//1300 1825//1825 1233//1233
f 1075//1075 1825//1825 1300//1300
f 1343//1343 1738//1738 1083//1083
f 1276//1276 1363//1363 1024//1024
f 1098//1098 1761//1761 1284//1284
f 1285//1285 1760//1760 1099//1099
f 1462//1462 1736//1736 228//228
f 149//149 1789//1789 1380//1380
f 1109//1109 1715//1715 1408//1408
f 217//217 1318//1318 216//216
f 1084//1084 1730//1730 1342//1342
f 1022//1022 1414//1414 1279//1279
f 1083//1083 1432//1432 1343//1343
f 71//71 1277//1277 72//72
f 1294//1294 1506//1506 1086//1086
f 1167//1167 1681//1681 1277//1277
f 1085//1085 1508//1508 1296//1296
f 1166//1166 1674//1674 1270//1270
f 1343//1343 1432//1432 1136//1136
f 1231//1231 1637//1637 1016//1016
f 1278//1278 1844//1844 1021//1021
f 1239//1239 1596//1596 1107//1107
f 1172//1172 1634//1634 1279//1279
f 1279//1279 1634//1634 1022//1022
f 133//133 1643//1643 1310//1310
f 1316//1316 1643//1643 132//132
f 1315//1315 1644//1644 184//184
f 183//183 1644//1644 1311//1311
f 221//221 1646//1646 1312//1312
f 215//215 1645//1645 1313//1313
f 1314//1314 1646//1646 222//222
f 1333//1333 1428//1428 1034//1034
f 1330//1330 1426//1426 1031//1031
f 1098//1098 1920//1920 1761//1761
f 1760//1760 1921//1921 1099//1099
f 1250//1250 1790//1790 1073//1073
f 1333//1333 1598//1598 1428//1428
f 1330//1330 1597//1597 1426//1426
f 195//195 1308//1308 194//194
f 202//202 1309//1309 201//201
f 1164//1164 1638//1638 1245//1245
f 1245//1245 1638//1638 1055//1055
f 1314//1314 1508//1508 1085//1085
f 1086//1086 1506//1506 1313//1313
f 1292//1292 1420//1420 1021//1021
f 1311//1311 1949//1949 182//182
f 185//185 1950//1950 1315//1315
f 110//110 1293//1293 111//111
f 1281//1281 1339//1339 1020//1020
f 156//156 1449//1449 6//6
f 6//6 1449//1449 59//59
f 164//164 1450//1450 8//8
f 8//8 1450//1450 157//157
f 1016//1016 1637//1637 1272//1272
f 174//174 1534//1534 1227//1227
f 1228//1228 1535//1535 207//207
f 1318//1318 1645//1645 216//216
f 1021//1021 1844//1844 1304//1304
f 1334//1334 1497//1497 1148//1148
f 1023//1023 1335//1335 1286//1286
f 1287//1287 1334//1334 1025//1025
f 1135//1135 1543//1543 1243//1243
f 1257//1257 1671//1671 1169//1169
f 1361//1361 1536//1536 109//109
f 1171//1171 1483//1483 1345//1345
f 1211//1211 1652//1652 1394//1394
f 1209//1209 1654//1654 1395//1395
f 1327//1327 1526//1526 1173//1173
f 1018//1018 1526//1526 1327//1327
f 1615//1615 1627//1627 1259//1259
f 1262//1262 1628//1628 1617//1617
f 1171//1171 1633//1633 1483//1483
f 1270//1270 1674//1674 1054//1054
f 62//62 1504//1504 1283//1283
f 258//258 1503//1503 1282//1282
f 1161//1161 1466//1466 1248//1248
f 1245//1245 1465//1465 1164//1164
f 1162//1162 1464//1464 1246//1246
f 1131//1131 1495//1495 1324//1324
f 1326//1326 1496//1496 1129//1129
f 1637//1637 1770//1770 1272//1272
f 1242//1242 1717//1717 1116//1116
f 1244//1244 1446//1446 1059//1059
f 1277//1277 1681//1681 1069//1069
f 1355//1355 1494//1494 1132//1132
f 1394//1394 1652//1652 1056//1056
f 1395//1395 1654//1654 1057//1057
f 1183//1183 1547//1547 1478//1478
f 1227//1227 1544//1544 174//174
f 207//207 1545//1545 1228//1228
f 1064//1064 1615//1615 1259//1259
f 1067//1067 1616//1616 1263//1263
f 1262//1262 1617//1617 1065//1065
f 161//161 1340//1340 162//162
f 55//55 1341//1341 54//54
f 1316//1316 1354//1354 1157//1157
f 1157//1157 1350//1350 1310//1310
f 1310//1310 1350//1350 1083//1083
f 1084//1084 1354//1354 1316//1316
f 1160//1160 1352//1352 1313//1313
f 1313//1313 1352//1352 1086//1086
f 1158//1158 1353//1353 1311//1311
f 1159//1159 1351//1351 1312//1312
f 1312//1312 1351//1351 1087//1087
f 1311//1311 1353//1353 1088//1088
f 1248//1248 1708//1708 1030//1030
f 1256//1256 1776//1776 1071//1071
f 1164//1164 1770//1770 1637//1637
f 1332//1332 1660//1660 1147//1147
f 1017//1017 1445//1445 1247//1247
f 1147//1147 1663//1663 1332//1332
f 1300//1300 1659//1659 1075//1075
f 1206//1206 1653//1653 1386//1386
f 1193//1193 1615//1615 1539//1539
f 1540//1540 1617//1617 1194//1194
f 1196//1196 1616//1616 1538//1538
f 1309//1309 1532//1532 201//201
f 1308//1308 1533//1533 194//194
f 1495//1495 1833//1833 1324//1324
f 1326//1326 1830//1830 1496//1496
f 1292//1292 1412//1412 1090//1090
f 1035//1035 1514//1514 1350//1350
f 1036//1036 1515//1515 1353//1353
f 1246//1246 1685//1685 1162//1162
f 1248//1248 1686//1686 1161//1161
f 1295//1295 1732//1732 211//211
f 1249//1249 1729//1729 1117//1117
f 1352//1352 1455//1455 1086//1086
f 1265//1265 1766//1766 1074//1074
f 1380//1380 1789//1789 1212//1212
f 1233//1233 1866//1866 1300//1300
f 1235//1235 1865//1865 1301//1301
f 1018//1018 1929//1929 1305//1305
f 1386//1386 1653//1653 1058//1058
f 1273//1273 1690//1690 1015//1015
f 1271//1271 1689//1689 1015//1015
f 1035//1035 1565//1565 1514//1514
f 1036//1036 1566//1566 1515//1515
f 1320//1320 1372//1372 168//168
f 1355//1355 1828//1828 1494//1494
f 1266//1266 1692//1692 1029//1029
f 1454//1454 1879//1879 1281//1281
f 1185//1185 1736//1736 1462//1462
f 226//226 1736//1736 1299//1299
f 108//108 1361//1361 109//109
f 1387//1387 1790//1790 1250//1250
f 1107//1107 1632//1632 1239//1239
f 1081//1081 1497//1497 1334//1334
f 1055//1055 1396//1396 1245//1245
f 105//105 1622//1622 1467//1467
f 66//66 1623//1623 1468//1468
f 1277//1277 1552//1552 1167//1167
f 1229//1229 1694//1694 1542//1542
f 1058//1058 1687//1687 1386//1386
f 1386//1386 1687//1687 1247//1247
f 1617//1617 1628//1628 1148//1148
f 1144//1144 1627//1627 1615//1615
f 116//116 1658//1658 1237//1237
f 149//149 1380//1380 150//150
f 1254//1254 1606//1606 1061//1061
f 1255//1255 1607//1607 1111//1111
f 1253//1253 1605//1605 1110//1110
f 1327//1327 1929//1929 1018//1018
f 1270//1270 1551//1551 1166//1166
f 1110//1110 1612//1612 1266//1266
f 1163//1163 1692//1692 1266//1266
f 1306//1306 1417//1417 1085//1085
f 1057//1057 1609//1609 1268//1268
f 1269//1269 1608//1608 1103//1103
f 1015//1015 1648//1648 1273//1273
f 1015//1015 1649//1649 1271//1271
f 1087//1087 1447//1447 1312//1312
f 1385//1385 1840//1840 1719//1719
f 1247//1247 1742//1742 1017//1017
f 1269//1269 1685//1685 1056//1056
f 1162//1162 1685//1685 1269//1269
f 1161//1161 1686//1686 1268//1268
f 1268//1268 1686//1686 1057//1057
f 1029//1029 1651//1651 1266//1266
f 1318//1318 1448//1448 1090//1090
f 1113//1113 1501//1501 1237//1237
f 78//78 1733//1733 1418//1418
f 238//238 1734//1734 1419//1419
f 1021//1021 1412//1412 1292//1292
f 1456//1456 1573//1573 1118//1118
f 1340//1340 1570//1570 162//162
f 1341//1341 1571//1571 54//54
f 1134//1134 1531//1531 1287//1287
f 1286//1286 1530//1530 1133//1133
f 1395//1395 1686//1686 1248//1248
f 1057//1057 1686//1686 1395//1395
f 1056//1056 1685//1685 1394//1394
f 1394//1394 1685//1685 1246//1246
f 1445//1445 1595//1595 1104//1104
f 1113//1113 1658//1658 1434//1434
f 1163//1163 1687//1687 1274//1274
f 1274//1274 1687//1687 1058//1058
f 1266//1266 1703//1703 1163//1163
f 1240//1240 1595//1595 1445//1445
f 1156//1156 1639//1639 1293//1293
f 1108//1108 1584//1584 1259//1259
f 1260//1260 1583//1583 1063//1063
f 1065//1065 1582//1582 1262//1262
f 1261//1261 1581//1581 1066//1066
f 1263//1263 1580//1580 1067//1067
f 1070//1070 1579//1579 1264//1264
f 1059//1059 1621//1621 1244//1244
f 1243//1243 1424//1424 1135//1135
f 1073//1073 1640//1640 1250//1250
f 169//169 1320//1320 168//168
f 1259//1259 1679//1679 1108//1108
f 1105//1105 1680//1680 1262//1262
f 1263//1263 1680//1680 1105//1105
f 1108//1108 1679//1679 1264//1264
f 1407//1407 1794//1794 1622//1622
f 1548//1548 1659//1659 1300//1300
f 1348//1348 1360//1360 1142//1142
f 1101//1101 1593//1593 1273//1273
f 1271//1271 1592//1592 1062//1062
f 1061//1061 1594//1594 1272//1272
f 1260//1260 1632//1632 1107//1107
f 1049//1049 1933//1933 1240//1240
f 1058//1058 1588//1588 1274//1274
f 1229//1229 1542//1542 1307//1307
f 1268//1268 1689//1689 1161//1161
f 1269//1269 1690//1690 1162//1162
f 1101//1101 1648//1648 1268//1268
f 1103//1103 1649//1649 1269//1269
f 1257//1257 1883//1883 1671//1671
f 1307//1307 1867//1867 1229//1229
f 1240//1240 1925//1925 1049//1049
f 1254//1254 1657//1657 1111//1111
f 1111//1111 1657//1657 1255//1255
f 1110//1110 1651//1651 1253//1253
f 1106//1106 1516//1516 1251//1251
f 1114//1114 1443//1443 1294//1294
f 1271//1271 1649//1649 1103//1103
f 1273//1273 1648//1648 1101//1101
f 211//211 1732//1732 210//210
f 1448//1448 1756//1756 1090//1090
f 1261//1261 1516//1516 1106//1106
f 1018//1018 1417//1417 1306//1306
f 1296//1296 1444//1444 1115//1115
f 1310//1310 1643//1643 1157//1157
f 1157//1157 1643//1643 1316//1316
f 1312//1312 1646//1646 1159//1159
f 1313//1313 1645//1645 1160//1160
f 1311//1311 1644//1644 1158//1158
f 1158//1158 1644//1644 1315//1315
f 1159//1159 1646//1646 1314//1314
f 1169//1169 1655//1655 1257//1257
f 1315//1315 1374//1374 1089//1089
f 1088//1088 1373//1373 1311//1311
f 1246//1246 1710//1710 1459//1459
f 1097//1097 1459//1459 1274//1274
f 1266//1266 1651//1651 1110//1110
f 1199//1199 1573//1573 1456//1456
f 1102//1102 1537//1537 1272//1272
f 1274//1274 1692//1692 1163//1163
f 1183//1183 1478//1478 1336//1336
f 1352//1352 1525//1525 1455//1455
f 1113//1113 1434//1434 1250//1250
f 1251//1251 1794//1794 1106//1106
f 1280//1280 1688//1688 1165//1165
f 1285//1285 1660//1660 1079//1079
f 1057//1057 1654//1654 1609//1609
f 1075//1075 1659//1659 1286//1286
f 1385//1385 1719//1719 1044//1044
f 1062//1062 1769//1769 1271//1271
f 1272//1272 1770//1770 1061//1061
f 1293//1293 1677//1677 111//111
f 1364//1364 1518//1518 1093//1093
f 1160//1160 1645//1645 1318//1318
f 1459//1459 1710//1710 1029//1029
f 1095//1095 1372//1372 1320//1320
f 1538//1538 1616//1616 1067//1067
f 1065//1065 1617//1617 1540//1540
f 1539//1539 1615//1615 1064//1064
f 1606//1606 1666//1666 1061//1061
f 1114//1114 1879//1879 1454//1454
f 227//227 1736//1736 226//226
f 1639//1639 1737//1737 1293//1293
f 232//232 1717//1717 1242//1242
f 1543//1543 1842//1842 1243//1243
f 1116//1116 1507//1507 1242//1242
f 1248//1248 1423//1423 1395//1395
f 1102//1102 1683//1683 1537//1537
f 1364//1364 1385//1385 1143//1143
f 1099//1099 1483//1483 1285//1285
f 1273//1273 1768//1768 1690//1690
f 1271//1271 1769//1769 1689//1689
f 1284//1284 1505//1505 1098//1098
f 1272//1272 1537//1537 1016//1016
f 1111//1111 1606//1606 1254//1254
f 1117//1117 1439//1439 1265//1265
f 1275//1275 1430//1430 1027//1027
f 1024//1024 1431//1431 1276//1276
f 1435//1435 1620//1620 1116//1116
f 1256//1256 1620//1620 1435//1435
f 1250//1250 1640//1640 1113//1113
f 1074//1074 1611//1611 1265//1265
f 127//127 1551//1551 1270//1270
f 1414//1414 1476//1476 1279//1279
f 1090//1090 1412//1412 1349//1349
f 1467//1467 1622//1622 1186//1186
f 1468//1468 1623//1623 1187//1187
f 1021//1021 1672//1672 1278//1278
f 1537//1537 1683//1683 1257//1257
f 1596//1596 1728//1728 1197//1197
f 1432//1432 1621//1621 1136//1136
f 1244//1244 1621//1621 1432//1432
f 1281//1281 1572//1572 1454//1454
f 1117//1117 1519//1519 1249//1249
f 1079//1079 1760//1760 1285//1285
f 1509//1509 1674//1674 1236//1236
f 1156//1156 1536//1536 1361//1361
f 232//232 1442//1442 231//231
f 1259//1259 1584//1584 1064//1064
f 1107//1107 1583//1583 1260//1260
f 1106//1106 1581//1581 1261//1261
f 1262//1262 1582//1582 1105//1105
f 1105//1105 1580//1580 1263//1263
f 1264//1264 1579//1579 1108//1108
f 1542//1542 1694//1694 1053//1053
f 71//71 1552//1552 1277//1277
f 1134//1134 1532//1532 1309//1309
f 1133//1133 1533//1533 1308//1308
f 1268//1268 1609//1609 1101//1101
f 1056//1056 1608//1608 1269//1269
f 1563//1563 1881//1881 1149//1149
f 1401//1401 1776//1776 1256//1256
f 1596//1596 1848//1848 1107//1107
f 1061//1061 1465//1465 1254//1254
f 1085//1085 1417//1417 1347//1347
f 1089//1089 1360//1360 1348//1348
f 1317//1317 1547//1547 1098//1098
f 1341//1341 1398//1398 1125//1125
f 1118//1118 1398//1398 1341//1341
f 1340//1340 1397//1397 1126//1126
f 1119//1119 1397//1397 1340//1340
f 1592//1592 1668//1668 1062//1062
f 1061//1061 1666//1666 1594//1594
f 1066//1066 1554//1554 1261//1261
f 1264//1264 1555//1555 1070//1070
f 1319//1319 1585//1585 1028//1028
f 230//230 1379//1379 229//229
f 1277//1277 1441//1441 72//72
f 1478//1478 1547//1547 1041//1041
f 1071//1071 1620//1620 1256//1256
f 1106//1106 1794//1794 1407//1407
f 1151//1151 1548//1548 1375//1375
f 1087//1087 1420//1420 1292//1292
f 1270//1270 1461//1461 128//128
f 1272//1272 1594//1594 1102//1102
f 1103//1103 1592//1592 1271//1271
f 1457//1457 1492//1492 1119//1119
f 1200//1200 1492//1492 1457//1457
f 1365//1365 1493//1493 1092//1092
f 1109//1109 1684//1684 1477//1477
f 122//122 1576//1576 1567//1567
f 1058//1058 1653//1653 1588//1588
f 1365//1365 1384//1384 1138//1138
f 1137//1137 1383//1383 1366//1366
f 1265//1265 1611//1611 1117//1117
f 1364//1364 1783//1783 1518//1518
f 1360//1360 1626//1626 1275//1275
f 118//118 1378//1378 119//119
f 61//61 1504//1504 62//62
f 259//259 1503//1503 258//258
f 1149//1149 1881//1881 1430//1430
f 1361//1361 1493//1493 1156//1156
f 1092//1092 1493//1493 1361//1361
f 1063//1063 1673//1673 1260//1260
f 1274//1274 1588//1588 1097//1097
f 1085//1085 1484//1484 1314//1314
f 1089//1089 1485//1485 1315//1315
f 1054//1054 1543//1543 1270//1270
f 120//120 1823//1823 1429//1429
f 171//171 1336//1336 170//170
f 1477//1477 1684//1684 1258//1258
f 1361//1361 1458//1458 1092//1092
f 1180//1180 1677//1677 1293//1293
f 1287//1287 1531//1531 1334//1334
f 1335//1335 1530//1530 1286//1286
f 211//211 1443//1443 1295//1295
f 1623//1623 1715//1715 1187//1187
f 116//116 1473//1473 117//117
f 1418//1418 1733//1733 1197//1197
f 1419//1419 1734//1734 1198//1198
f 1098//1098 1505//1505 1317//1317
f 1436//1436 1554//1554 1147//1147
f 1299//1299 1444//1444 226//226
f 1090//1090 1756//1756 1292//1292
f 1144//1144 1598//1598 1335//1335
f 1151//1151 1555//1555 1437//1437
f 1078//1078 1872//1872 1356//1356
f 1357//1357 1871//1871 1082//1082
f 1411//1411 1766//1766 1265//1265
f 1548//1548 1811//1811 1375//1375
f 1026//1026 1436//1436 1285//1285
f 1436//1436 1926//1926 1554//1554
f 1286//1286 1437//1437 1023//1023
f 1132//1132 1539//1539 1322//1322
f 1325//1325 1540//1540 1131//1131
f 1130//1130 1541//1541 1323//1323
f 1129//1129 1538//1538 1321//1321
f 1090//1090 1479//1479 1318//1318
f 1069//1069 1624//1624 1277//1277
f 1555//1555 1927//1927 1437//1437
f 1139//1139 1812//1812 1346//1346
f 78//78 1418//1418 79//79
f 238//238 1419//1419 237//237
f 1477//1477 1715//1715 1109//1109
f 1020//1020 1650//1650 1281//1281
f 1120//1120 1476//1476 1320//1320
f 1320//1320 1476//1476 1095//1095
f 1690//1690 1768//1768 1162//1162
f 1689//1689 1769//1769 1161//1161
f 1116//1116 1717//1717 1435//1435
f 200//200 1337//1337 199//199
f 193//193 1338//1338 192//192
f 1305//1305 1691//1691 1072//1072
f 1616//1616 1877//1877 1263//1263
f 1054//1054 1674//1674 1509//1509
f 1293//1293 1737//1737 1180//1180
f 1276//1276 1625//1625 1363//1363
f 1319//1319 1425//1425 1100//1100
f 1038//1038 1745//1745 1347//1347
f 1036//1036 1746//1746 1348//1348
f 1133//1133 1530//1530 1338//1338
f 1081//1081 1531//1531 1309//1309
f 1309//1309 1531//1531 1134//1134
f 1306//1306 1526//1526 1018//1018
f 1498//1498 1812//1812 1139//1139
f 1279//1279 1517//1517 1172//1172
f 1312//1312 1447//1447 220//220
f 1309//1309 1824//1824 1081//1081
f 1380//1380 1675//1675 1168//1168
f 1604//1604 1630//1630 203//203
f 1603//1603 1631//1631 196//196
f 1428//1428 1598//1598 1144//1144
f 1426//1426 1597//1597 1150//1150
f 1420//1420 1672//1672 1021//1021
f 1226//1226 1756//1756 1448//1448
f 1037//1037 1744//1744 1349//1349
f 1252//1252 1715//1715 1477//1477
f 1066//1066 1833//1833 1495//1495
f 1496//1496 1830//1830 1070//1070
f 1165//1165 1887//1887 1280//1280
f 1396//1396 1813//1813 1212//1212
f 217//217 1448//1448 1318//1318
f 1335//1335 1627//1627 1144//1144
f 1148//1148 1628//1628 1334//1334
f 1413//1413 1523//1523 1231//1231
f 1464//1464 1605//1605 1253//1253
f 1060//1060 1605//1605 1464//1464
f 1062//1062 1607//1607 1466//1466
f 1466//1466 1607//1607 1255//1255
f 1299//1299 1499//1499 1115//1115
f 1288//1288 1470//1470 198//198
f 1291//1291 1472//1472 191//191
f 168//168 1372//1372 167//167
f 1356//1356 1872//1872 1232//1232
f 1234//1234 1871//1871 1357//1357
f 1501//1501 1699//1699 1237//1237
f 1128//1128 1707//1707 1490//1490
f 230//230 1731//1731 1379//1379
f 1429//1429 1691//1691 1112//1112
f 1241//1241 1691//1691 1429//1429
f 1282//1282 1600//1600 258//258
f 1283//1283 1599//1599 62//62
f 1048//1048 1397//1397 1369//1369
f 1369//1369 1397//1397 1119//1119
f 1295//1295 1443//1443 1114//1114
f 1125//1125 1748//1748 1282//1282
f 1126//1126 1747//1747 1283//1283
f 1285//1285 1483//1483 1026//1026
f 1293//1293 1536//1536 1156//1156
f 110//110 1536//1536 1293//1293
f 1282//1282 1503//1503 1125//1125
f 1283//1283 1504//1504 1126//1126
f 1122//1122 1469//1469 1289//1289
f 1290//1290 1471//1471 1123//1123
f 1287//1287 1610//1610 1134//1134
f 1072//1072 1818//1818 1305//1305
f 1366//1366 1383//1383 1091//1091
f 1092//1092 1384//1384 1365//1365
f 1383//1383 1520//1520 1091//1091
f 1117//1117 1729//1729 1439//1439
f 1115//1115 1444//1444 1299//1299
f 1196//1196 1538//1538 1496//1496
f 1495//1495 1540//1540 1194//1194
f 1193//1193 1539//1539 1494//1494
f 1609//1609 1654//1654 1207//1207
f 1129//1129 1724//1724 1326//1326
f 1324//1324 1723//1723 1131//1131
f 1296//1296 1735//1735 1085//1085
f 1133//1133 1613//1613 1286//1286
f 1286//1286 1613//1613 1075//1075
f 1719//1719 1840//1840 1190//1190
f 1114//1114 1454//1454 1295//1295
f 1567//1567 1576//1576 1205//1205
f 198//198 1938//1938 1288//1288
f 191//191 1939//1939 1291//1291
f 1380//1380 1813//1813 1675//1675
f 118//118 1759//1759 1378//1378
f 94//94 1527//1527 1321//1321
f 87//87 1529//1529 1322//1322
f 1325//1325 1528//1528 99//99
f 1213//1213 1666//1666 1606//1606
f 1185//1185 1819//1819 1299//1299
f 1299//1299 1736//1736 1185//1185
f 1086//1086 1619//1619 1294//1294
f 1429//1429 1823//1823 1241//1241
f 1115//1115 1735//1735 1296//1296
f 1093//1093 1385//1385 1364//1364
f 1430//1430 1549//1549 1149//1149
f 173//173 1381//1381 172//172
f 209//209 1382//1382 208//208
f 1025//1025 1522//1522 1287//1287
f 1348//1348 1485//1485 1089//1089
f 1347//1347 1484//1484 1085//1085
f 1365//1365 1743//1743 1493//1493
f 1470//1470 1695//1695 1121//1121
f 1288//1288 1695//1695 1470//1470
f 1291//1291 1697//1697 1472//1472
f 1472//1472 1697//1697 1124//1124
f 1235//1235 1630//1630 1604//1604
f 1233//1233 1631//1631 1603//1603
f 1127//1127 1718//1718 1489//1489
f 1051//1051 1699//1699 1501//1501
f 1247//1247 1445//1445 1386//1386
f 1345//1345 1483//1483 1099//1099
f 1347//1347 1745//1745 1484//1484
f 1348//1348 1746//1746 1485//1485
f 1292//1292 1937//1937 1087//1087
f 120//120 1429//1429 121//121
f 1219//1219 1668//1668 1592//1592
f 1594//1594 1666//1666 1218//1218
f 1289//1289 1696//1696 1122//1122
f 1123//1123 1698//1698 1290//1290
f 112//112 1387//1387 113//113
f 228//228 1736//1736 227//227
f 1349//1349 1744//1744 1479//1479
f 1085//1085 1735//1735 1306//1306
f 108//108 1458//1458 1361//1361
f 1358//1358 1816//1816 1094//1094
f 169//169 1491//1491 1320//1320
f 1320//1320 1491//1491 1120//1120
f 1428//1428 1615//1615 1193//1193
f 1194//1194 1617//1617 1427//1427
f 1426//1426 1616//1616 1196//1196
f 1034//1034 1662//1662 1303//1303
f 1360//1360 1553//1553 1142//1142
f 1349//1349 1479//1479 1090//1090
f 1089//1089 1626//1626 1360//1360
f 1430//1430 1855//1855 1549//1549
f 163//163 1570//1570 1422//1422
f 53//53 1571//1571 1421//1421
f 1699//1699 1894//1894 1391//1391
f 1349//1349 1412//1412 1141//1141
f 1087//1087 1937//1937 1447//1447
f 1084//1084 1424//1424 1346//1346
f 1294//1294 1619//1619 1114//1114
f 1329//1329 1568//1568 1146//1146
f 1069//1069 1568//1568 1329//1329
f 1301//1301 1497//1497 1081//1081
f 1588//1588 1653//1653 1210//1210
f 1445//1445 1642//1642 1240//1240
f 1017//1017 1642//1642 1445//1445
f 1385//1385 1577//1577 1143//1143
f 112//112 1677//1677 1387//1387
f 162//162 1570//1570 163//163
f 54//54 1571//1571 53//53
f 152//152 1367//1367 153//153
f 1496//1496 1538//1538 1129//1129
f 1131//1131 1540//1540 1495//1495
f 1494//1494 1539//1539 1132//1132
f 1082//1082 1757//1757 1357//1357
f 1356//1356 1758//1758 1078//1078
f 1095//1095 1414//1414 1359//1359
f 1094//1094 1413//1413 1358//1358
f 74//74 1564//1564 1323//1323
f 68//68 1370//1370 69//69
f 1347//1347 1417//1417 1140//1140
f 1373//1373 1625//1625 1181//1181
f 1088//1088 1625//1625 1373//1373
f 1182//1182 1626//1626 1374//1374
f 1374//1374 1626//1626 1089//1089
f 1490//1490 1707//1707 1200//1200
f 1547//1547 1851//1851 1098//1098
f 124//124 1371//1371 125//125
f 1136//1136 1621//1621 1328//1328
f 1300//1300 1714//1714 1031//1031
f 1032//1032 1711//1711 1302//1302
f 1303//1303 1712//1712 1034//1034
f 1363//1363 1625//1625 1088//1088
f 1052//1052 1728//1728 1596//1596
f 1315//1315 1485//1485 1158//1158
f 1314//1314 1484//1484 1159//1159
f 1031//1031 1548//1548 1300//1300
f 1302//1302 1550//1550 1032//1032
f 1335//1335 1598//1598 1080//1080
f 1178//1178 1699//1699 1391//1391
f 1304//1304 1561//1561 1021//1021
f 1055//1055 1813//1813 1396//1396
f 1305//1305 1562//1562 1018//1018
f 137//137 1546//1546 1328//1328
f 1280//1280 1944//1944 1688//1688
f 1539//1539 1835//1835 1322//1322
f 1325//1325 1834//1834 1540//1540
f 1541//1541 1831//1831 1323//1323
f 1538//1538 1832//1832 1321//1321
f 1436//1436 1660//1660 1285//1285
f 1236//1236 1917//1917 1509//1509
f 1318//1318 1479//1479 1160//1160
f 1247//1247 1687//1687 1446//1446
f 1446//1446 1687//1687 1163//1163
f 1310//1310 1738//1738 134//134
f 1286//1286 1659//1659 1437//1437
f 1458//1458 1826//1826 1092//1092
f 58//58 1489//1489 57//57
f 158//158 1490//1490 159//159
f 1050//1050 1737//1737 1639//1639
f 1452//1452 1575//1575 1172//1172
f 1453//1453 1574//1574 1171//1171
f 1585//1585 1867//1867 1028//1028
f 1119//1119 1492//1492 1369//1369
f 1110//1110 1897//1897 1612//1612
f 1054//1054 1842//1842 1543//1543
f 1317//1317 1629//1629 1137//1137
f 131//131 1730//1730 1316//1316
f 1100//1100 1846//1846 1379//1379
f 1016//1016 1940//1940 1413//1413
f 1022//1022 1941//1941 1414//1414
f 1197//1197 1728//1728 1418//1418
f 1198//1198 1727//1727 1419//1419
f 236//236 1401//1401 235//235
f 1165//1165 1509//1509 1307//1307
f 1383//1383 1839//1839 1520//1520
f 1608//1608 1891//1891 1103//1103
f 1381//1381 1741//1741 172//172
f 171//171 1741//1741 1336//1336
f 1607//1607 1898//1898 1111//1111
f 1605//1605 1899//1899 1110//1110
f 1079//1079 1660//1660 1332//1332
f 1655//1655 1940//1940 1016//1016
f 1656//1656 1941//1941 1022//1022
f 1096//1096 1423//1423 1396//1396
f 1246//1246 1459//1459 1394//1394
f 1195//1195 1451//1451 1329//1329
f 1329//1329 1451//1451 1069//1069
f 1198//1198 1933//1933 1727//1727
f 1307//1307 1542//1542 1165//1165
f 1204//1204 1591//1591 1513//1513
f 1203//1203 1589//1589 1512//1512
f 1202//1202 1590//1590 1511//1511
f 1332//1332 1663//1663 1033//1033
f 1321//1321 1752//1752 94//94
f 1322//1322 1750//1750 87//87
f 1324//1324 1754//1754 101//101
f 92//92 1755//1755 1326//1326
f 99//99 1753//1753 1325//1325
f 1323//1323 1751//1751 74//74
f 1308//1308 1613//1613 1133//1133
f 1313//1313 1506//1506 214//214
f 1489//1489 1718//1718 1199//1199
f 1700//1700 1816//1816 1358//1358
f 1575//1575 1726//1726 1172//1172
f 1574//1574 1725//1725 1171//1171
f 223//223 1508//1508 1314//1314
f 1148//1148 1497//1497 1427//1427
f 1212//1212 1903//1903 1396//1396
f 1394//1394 1902//1902 1211//1211
f 1395//1395 1901//1901 1209//1209
f 1195//1195 1541//1541 1451//1451
f 1451//1451 1541//1541 1130//1130
f 1132//1132 1838//1838 1355//1355
f 80//80 1411//1411 81//81
f 1340//1340 1771//1771 1119//1119
f 1341//1341 1772//1772 1118//1118
f 154//154 1388//1388 155//155
f 166//166 1389//1389 165//165
f 1071//1071 1815//1815 1620//1620
f 195//195 1631//1631 1308//1308
f 202//202 1630//1630 1309//1309
f 1727//1727 1895//1895 1390//1390
f 1728//1728 1892//1892 1393//1393
f 1466//1466 1708//1708 1248//1248
f 1245//1245 1709//1709 1465//1465
f 1464//1464 1710//1710 1246//1246
f 175//175 1534//1534 174//174
f 207//207 1535//1535 206//206
f 1530//1530 1875//1875 1338//1338
f 1671//1671 1883//1883 1047//1047
f 1337//1337 1938//1938 199//199
f 1338//1338 1939//1939 192//192
f 1350//1350 1514//1514 1083//1083
f 1353//1353 1515//1515 1088//1088
f 1379//1379 1462//1462 229//229
f 1115//1115 1499//1499 1344//1344
f 1519//1519 1563//1563 1068//1068
f 1267//1267 1563//1563 1519//1519
f 1431//1431 1673//1673 1145//1145
f 1362//1362 1432//1432 1083//1083
f 1577//1577 1647//1647 1173//1173
f 1137//1137 1935//1935 1317//1317
f 1027//1027 1553//1553 1360//1360
f 1583//1583 1831//1831 1063//1063
f 1065//1065 1834//1834 1582//1582
f 1581//1581 1833//1833 1066//1066
f 1580//1580 1832//1832 1067//1067
f 1070//1070 1830//1830 1579//1579
f 1028//1028 1702//1702 1319//1319
f 1420//1420 1524//1524 1154//1154
f 1336//1336 1741//1741 1183//1183
f 1177//1177 1727//1727 1390//1390
f 1179//1179 1728//1728 1393//1393
f 1023//1023 1627//1627 1335//1335
f 1334//1334 1628//1628 1025//1025
f 1379//1379 1846//1846 1462//1462
f 1460//1460 1577//1577 1173//1173
f 1181//1181 1758//1758 1356//1356
f 1357//1357 1757//1757 1182//1182
f 236//236 1678//1678 1401//1401
f 1100//1100 1585//1585 1319//1319
f 1323//1323 1564//1564 1130//1130
f 1014//1014 1560//1560 1346//1346
f 1346//1346 1560//1560 1139//1139
f 1578//1578 1702//1702 1143//1143
f 1394//1394 1459//1459 1097//1097
f 1319//1319 1702//1702 1578//1578
f 1032//1032 1502//1502 1331//1331
f 1328//1328 1762//1762 137//137
f 1120//1120 1491//1491 1336//1336
f 1336//1336 1491//1491 170//170
f 101//101 1723//1723 1324//1324
f 1326//1326 1724//1724 92//92
f 130//130 1693//1693 1342//1342
f 1136//1136 1822//1822 1343//1343
f 1367//1367 1816//1816 1706//1706
f 1083//1083 1514//1514 1362//1362
f 1088//1088 1515//1515 1363//1363
f 193//193 1533//1533 1338//1338
f 1338//1338 1533//1533 1133//1133
f 200//200 1532//1532 1337//1337
f 1337//1337 1532//1532 1134//1134
f 1620//1620 1815//1815 1298//1298
f 1321//1321 1527//1527 1129//1129
f 1322//1322 1529//1529 1132//1132
f 1131//1131 1528//1528 1325//1325
f 1086//1086 1455//1455 1339//1339
f 107//107 1458//1458 108//108
f 152//152 1433//1433 1367//1367
f 1602//1602 1863//1863 1123//1123
f 1121//1121 1866//1866 1603//1603
f 1124//1124 1864//1864 1601//1601
f 1122//1122 1865//1865 1604//1604
f 1095//1095 1476//1476 1414//1414
f 1384//1384 1574//1574 1138//1138
f 1339//1339 1619//1619 1086//1086
f 1387//1387 1677//1677 1180//1180
f 1386//1386 1445//1445 1104//1104
f 1386//1386 1889//1889 1206//1206
f 1029//1029 1692//1692 1459//1459
f 1459//1459 1692//1692 1274//1274
f 1737//1737 1893//1893 1392//1392
f 1446//1446 1703//1703 1059//1059
f 1483//1483 1633//1633 1026//1026
f 1706//1706 1816//1816 1175//1175
f 1431//1431 1868//1868 1673//1673
f 1489//1489 1885//1885 57//57
f 1490//1490 1886//1886 159//159
f 80//80 1676//1676 1411//1411
f 147//147 1399//1399 148//148
f 244//244 1400//1400 243//243
f 1180//1180 1737//1737 1392//1392
f 1596//1596 1924//1924 1052//1052
f 1511//1511 1590//1590 1140//1140
f 1512//1512 1589//1589 1141//1141
f 1513//1513 1591//1591 1142//1142
f 1196//1196 1496//1496 1375//1375
f 1376//1376 1495//1495 1194//1194
f 1193//1193 1494//1494 1377//1377
f 1101//1101 1909//1909 1593//1593
f 1183//1183 1741//1741 1381//1381
f 1371//1371 1438//1438 125//125
f 1395//1395 1423//1423 1096//1096
f 1370//1370 1440//1440 69//69
f 1420//1420 1841//1841 1524//1524
f 1336//1336 1478//1478 1120//1120
f 1112//1112 1929//1929 1463//1463
f 1359//1359 1670//1670 1040//1040
f 1170//1170 1670//1670 1359//1359
f 1121//1121 1603//1603 1470//1470
f 1124//1124 1601//1601 1472//1472
f 1471//1471 1602//1602 1123//1123
f 1122//1122 1604//1604 1469//1469
f 1018//1018 1562//1562 1417//1417
f 114//114 1434//1434 115//115
f 1640//1640 1844//1844 1113//1113
f 248//248 1402//1402 247//247
f 240//240 1403//1403 239//239
f 103//103 1407//1407 104//104
f 89//89 1409//1409 90//90
f 96//96 1406//1406 97//97
f 76//76 1410//1410 77//77
f 143//143 1404//1404 144//144
f 64//64 1408//1408 65//65
f 256//256 1405//1405 255//255
f 1379//1379 1731//1731 1174//1174
f 1173//1173 1647//1647 1327//1327
f 1108//1108 1911//1911 1584//1584
f 1339//1339 1888//1888 1020//1020
f 1463//1463 1929//1929 1327//1327
f 1240//1240 1933//1933 1595//1595
f 1146//1146 1502//1502 1329//1329
f 1021//1021 1561//1561 1412//1412
f 1149//1149 1662//1662 1377//1377
f 1497//1497 1809//1809 1427//1427
f 1140//1140 1590//1590 1347//1347
f 1347//1347 1590//1590 1038//1038
f 1142//1142 1591//1591 1348//1348
f 1348//1348 1591//1591 1036//1036
f 114//114 1880//1880 1434//1434
f 1378//1378 1759//1759 1178//1178
f 1622//1622 1794//1794 1186//1186
f 1154//1154 1934//1934 1672//1672
f 1349//1349 1589//1589 1037//1037
f 1141//1141 1589//1589 1349//1349
f 139//139 1415//1415 140//140
f 252//252 1416//1416 251//251
f 1572//1572 1650//1650 1138//1138
f 1328//1328 1546//1546 1136//1136
f 1329//1329 1859//1859 1195//1195
f 1680//1680 1877//1877 1025//1025
f 1509//1509 1917//1917 1307//1307
f 1099//1099 1850//1850 1345//1345
f 1174//1174 1669//1669 1379//1379
f 1379//1379 1669//1669 1100//1100
f 1691//1691 1922//1922 1072//1072
f 209//209 1845//1845 1382//1382
f 122//122 1567//1567 123//123
f 1331//1331 1711//1711 1032//1032
f 1031//1031 1714//1714 1330//1330
f 1033//1033 1713//1713 1332//1332
f 1034//1034 1712//1712 1333//1333
f 1331//1331 1698//1698 1123//1123
f 1330//1330 1695//1695 1076//1076
f 1333//1333 1697//1697 1080//1080
f 1122//1122 1696//1696 1332//1332
f 229//229 1462//1462 228//228
f 166//166 1705//1705 1389//1389
f 154//154 1706//1706 1388//1388
f 212//212 1443//1443 211//211
f 66//66 1468//1468 67//67
f 105//105 1467//1467 106//106
f 1281//1281 1650//1650 1572//1572
f 1296//1296 1905//1905 1444//1444
f 1401//1401 1678//1678 1177//1177
f 220//220 1447//1447 219//219
f 226//226 1444//1444 225//225
f 1137//1137 1629//1629 1383//1383
f 1443//1443 1907//1907 1294//1294
f 1118//1118 1573//1573 1368//1368
f 218//218 1448//1448 217//217
f 1041//1041 1517//1517 1478//1478
f 1375//1375 1555//1555 1151//1151
f 1070//1070 1555//1555 1375//1375
f 1376//1376 1554//1554 1066//1066
f 1147//1147 1554//1554 1376//1376
f 1370//1370 1808//1808 1091//1091
f 1189//1189 1808//1808 1370//1370
f 1115//1115 1884//1884 1735//1735
f 93//93 1527//1527 94//94
f 86//86 1529//1529 87//87
f 99//99 1528//1528 100//100
f 1044//1044 1577//1577 1385//1385
f 1527//1527 1724//1724 1129//1129
f 1131//1131 1723//1723 1528//1528
f 1639//1639 1843//1843 1050//1050
f 1035//1035 1785//1785 1565//1565
f 1529//1529 1838//1838 1132//1132
f 1281//1281 1879//1879 1339//1339
f 1344//1344 1499//1499 1043//1043
f 1411//1411 1676//1676 1179//1179
f 1354//1354 1498//1498 1035//1035
f 1094//1094 1523//1523 1413//1413
f 1377//1377 1563//1563 1149//1149
f 1068//1068 1563//1563 1377//1377
f 1076//1076 1597//1597 1330//1330
f 1080//1080 1598//1598 1333//1333
f 1367//1367 1706//1706 153//153
f 234//234 1435//1435 233//233
f 1080//1080 1530//1530 1335//1335
f 1334//1334 1531//1531 1081//1081
f 1344//1344 1884//1884 1115//1115
f 72//72 1441//1441 73//73
f 1153//1153 1888//1888 1455//1455
f 1331//1331 1847//1847 1077//1077
f 68//68 1792//1792 1370//1370
f 1332//1332 1713//1713 1122//1122
f 1123//1123 1711//1711 1331//1331
f 1332//1332 1696//1696 1079//1079
f 1077//1077 1698//1698 1331//1331
f 1370//1370 1792//1792 1189//1189
f 1342//1342 1730//1730 130//130
f 1175//1175 1474//1474 1388//1388
f 1176//1176 1475//1475 1389//1389
f 1389//1389 1475//1475 1128//1128
f 1388//1388 1474//1474 1127//1127
f 1492//1492 1670//1670 1369//1369
f 1434//1434 1880//1880 1250//1250
f 1230//1230 1639//1639 1493//1493
f 1493//1493 1639//1639 1156//1156
f 1125//1125 1571//1571 1341//1341
f 1126//1126 1570//1570 1340//1340
f 1618//1618 1888//1888 1153//1153
f 128//128 1461//1461 129//129
f 135//135 1738//1738 1343//1343
f 1204//1204 1513//1513 1393//1393
f 1202//1202 1511//1511 1391//1391
f 1203//1203 1512//1512 1392//1392
f 1201//1201 1510//1510 1390//1390
f 1389//1389 1705//1705 1176//1176
f 1388//1388 1706//1706 1175//1175
f 210//210 1845//1845 209//209
f 1371//1371 1799//1799 1190//1190
f 1423//1423 1928//1928 1396//1396
f 1125//1125 1503//1503 1421//1421
f 1126//1126 1504//1504 1422//1422
f 1097//1097 1902//1902 1394//1394
f 1396//1396 1903//1903 1096//1096
f 1096//1096 1901//1901 1395//1395
f 1045//1045 1574//1574 1384//1384
f 1454//1454 1572//1572 1042//1042
f 124//124 1799//1799 1371//1371
f 151//151 1433//1433 152//152
f 1046//1046 1575//1575 1366//1366
f 1366//1366 1575//1575 1137//1137
f 1104//1104 1889//1889 1386//1386
f 82//82 1439//1439 83//83
f 1304//1304 1844//1844 1640//1640
f 1359//1359 1941//1941 1170//1170
f 1621//1621 1836//1836 1328//1328
f 1118//1118 1772//1772 1456//1456
f 1119//1119 1771//1771 1457//1457
f 1359//1359 1821//1821 1095//1095
f 1051//1051 1894//1894 1699//1699
f 1134//1134 1610//1610 1337//1337
f 1342//1342 1693//1693 1135//1135
f 125//125 1438//1438 126//126
f 1038//1038 1524//1524 1351//1351
f 1037//1037 1525//1525 1352//1352
f 69//69 1440//1440 70//70
f 1363//1363 1641//1641 1024//1024
f 1155//1155 1641//1641 1363//1363
f 1152//1152 1642//1642 1362//1362
f 1362//1362 1642//1642 1017//1017
f 179//179 1852//1852 1356//1356
f 1357//1357 1853//1853 188//188
f 161//161 1771//1771 1340//1340
f 55//55 1772//1772 1341//1341
f 136//136 1546//1546 137//137
f 1375//1375 1496//1496 1070//1070
f 1066//1066 1495//1495 1376//1376
f 1377//1377 1494//1494 1068//1068
f 1369//1369 1722//1722 1048//1048
f 1170//1170 1722//1722 1369//1369
f 1500//1500 1541//1541 1195//1195
f 1063//1063 1541//1541 1500//1500
f 1362//1362 1514//1514 1152//1152
f 1363//1363 1515//1515 1155//1155
f 129//129 1693//1693 130//130
f 1732//1732 1845//1845 210//210
f 1517//1517 1827//1827 1478//1478
f 1190//1190 1840//1840 1371//1371
f 1176//1176 1705//1705 1372//1372
f 1600//1600 1665//1665 257//257
f 1599//1599 1664//1664 63//63
f 1064//1064 1835//1835 1539//1539
f 1540//1540 1834//1834 1065//1065
f 1067//1067 1832//1832 1538//1538
f 1063//1063 1831//1831 1541//1541
f 181//181 1949//1949 1373//1373
f 1374//1374 1950//1950 186//186
f 1611//1611 1856//1856 1117//1117
f 1033//1033 1809//1809 1713//1713
f 1371//1371 1840//1840 1093//1093
f 1396//1396 1928//1928 1245//1245
f 1351//1351 1841//1841 1087//1087
f 1302//1302 1872//1872 1661//1661
f 1239//1239 1924//1924 1596//1596
f 1442//1442 1791//1791 1174//1174
f 1150//1150 1857//1857 1522//1522
f 1346//1346 1812//1812 1084//1084
f 85//85 1767//1767 1355//1355
f 73//73 1564//1564 74//74
f 1145//1145 1661//1661 1431//1431
f 1372//1372 1705//1705 167//167
f 1494//1494 1828//1828 1068//1068
f 1346//1346 1784//1784 1014//1014
f 1043//1043 1942//1942 1344//1344
f 1343//1343 1822//1822 135//135
f 1333//1333 1712//1712 1697//1697
f 1697//1697 1712//1712 1124//1124
f 1330//1330 1714//1714 1695//1695
f 1695//1695 1714//1714 1121//1121
f 1412//1412 1561//1561 1141//1141
f 1597//1597 1857//1857 1150//1150
f 1672//1672 1934//1934 1278//1278
f 199//199 1938//1938 198//198
f 192//192 1939//1939 191//191
f 1514//1514 1565//1565 1152//1152
f 1515//1515 1566//1566 1155//1155
f 1345//1345 1936//1936 1171//1171
f 1299//1299 1819//1819 1499//1499
f 234//234 1923//1923 1435//1435
f 1546//1546 1822//1822 1136//1136
f 1373//1373 1949//1949 1311//1311
f 1315//1315 1950//1950 1374//1374
f 1356//1356 1852//1852 1181//1181
f 1182//1182 1853//1853 1357//1357
f 1084//1084 1812//1812 1354//1354
f 1160//1160 1744//1744 1352//1352
f 1352//1352 1744//1744 1037//1037
f 1351//1351 1745//1745 1038//1038
f 1159//1159 1745//1745 1351//1351
f 1353//1353 1746//1746 1036//1036
f 1158//1158 1746//1746 1353//1353
f 1356//1356 1720//1720 179//179
f 188//188 1721//1721 1357//1357
f 178//178 1720//1720 1602//1602
f 1601//1601 1721//1721 189//189
f 1157//1157 1749//1749 1350//1350
f 1350//1350 1749//1749 1035//1035
f 1354//1354 1749//1749 1157//1157
f 1035//1035 1749//1749 1354//1354
f 147//147 1787//1787 1399//1399
f 1400//1400 1788//1788 243//243
f 1399//1399 1789//1789 148//148
f 244//244 1786//1786 1400//1400
f 198//198 1470//1470 197//197
f 191//191 1472//1472 190//190
f 177//177 1471//1471 176//176
f 205//205 1469//1469 204//204
f 1306//1306 1884//1884 1526//1526
f 1417//1417 1562//1562 1140//1140
f 1355//1355 1838//1838 85//85
f 1232//1232 1720//1720 1356//1356
f 1357//1357 1721//1721 1234//1234
f 1113//1113 1844//1844 1501//1501
f 1263//1263 1877//1877 1680//1680
f 1410//1410 1733//1733 77//77
f 1403//1403 1734//1734 239//239
f 1452//1452 1517//1517 1041//1041
f 1172//1172 1517//1517 1452//1452
f 1367//1367 1906//1906 1094//1094
f 240//240 1773//1773 1403//1403
f 1402//1402 1775//1775 247//247
f 1404//1404 1774//1774 144//144
f 248//248 1797//1797 1402//1402
f 143//143 1796//1796 1404//1404
f 1405//1405 1795//1795 255//255
f 1120//1120 1827//1827 1476//1476
f 1476//1476 1827//1827 1279//1279
f 1287//1287 1857//1857 1610//1610
f 1049//1049 1895//1895 1727//1727
f 1052//1052 1892//1892 1728//1728
f 1308//1308 1825//1825 1613//1613
f 1398//1398 1748//1748 1125//1125
f 1397//1397 1747//1747 1126//1126
f 1662//1662 1810//1810 1377//1377
f 1713//1713 1809//1809 1301//1301
f 1039//1039 1700//1700 1358//1358
f 1040//1040 1701//1701 1359//1359
f 1174//1174 1791//1791 1694//1694
f 1383//1383 1629//1629 1019//1019
f 1435//1435 1923//1923 1256//1256
f 1358//1358 1777//1777 1039//1039
f 89//89 1801//1801 1409//1409
f 96//96 1802//1802 1406//1406
f 103//103 1804//1804 1407//1407
f 1409//1409 1805//1805 90//90
f 1406//1406 1803//1803 97//97
f 76//76 1800//1800 1410//1410
f 252//252 1782//1782 1416//1416
f 1415//1415 1781//1781 140//140
f 1416//1416 1780//1780 251//251
f 1368//1368 1573//1573 1039//1039
f 1438//1438 1551//1551 126//126
f 1440//1440 1552//1552 70//70
f 1521//1521 1761//1761 1077//1077
f 1284//1284 1761//1761 1521//1521
f 1091//1091 1870//1870 1370//1370
f 1093//1093 1876//1876 1371//1371
f 1565//1565 1785//1785 1201//1201
f 1729//1729 1767//1767 84//84
f 1735//1735 1884//1884 1306//1306
f 1463//1463 1719//1719 1205//1205
f 1044//1044 1719//1719 1463//1463
f 1166//1166 1551//1551 1438//1438
f 137//137 1762//1762 138//138
f 1138//1138 1650//1650 1365//1365
f 1365//1365 1650//1650 1020//1020
f 173//173 1544//1544 1381//1381
f 1382//1382 1545//1545 208//208
f 91//91 1755//1755 92//92
f 98//98 1753//1753 99//99
f 87//87 1750//1750 88//88
f 101//101 1754//1754 102//102
f 94//94 1752//1752 95//95
f 74//74 1751//1751 75//75
f 1167//1167 1552//1552 1440//1440
f 1688//1688 1944//1944 1014//1014
f 1380//1380 1614//1614 150//150
f 82//82 1930//1930 1439//1439
f 1031//1031 1811//1811 1548//1548
f 1201//1201 1785//1785 1510//1510
f 1146//1146 1829//1829 1521//1521
f 1500//1500 1704//1704 1145//1145
f 145//145 1480//1480 146//146
f 246//246 1481//1481 245//245
f 242//242 1482//1482 241//241
f 1017//1017 1765//1765 1362//1362
f 1241//1241 1823//1823 1378//1378
f 1378//1378 1823//1823 119//119
f 141//141 1487//1487 142//142
f 254//254 1486//1486 253//253
f 250//250 1488//1488 249//249
f 1390//1390 1510//1510 1071//1071
f 1391//1391 1511//1511 1072//1072
f 1392//1392 1512//1512 1073//1073
f 1393//1393 1513//1513 1074//1074
f 1372//1372 1821//1821 1176//1176
f 1569//1569 1829//1829 1146//1146
f 1373//1373 1635//1635 181//181
f 186//186 1636//1636 1374//1374
f 1364//1364 1702//1702 1028//1028
f 1526//1526 1942//1942 1173//1173
f 1344//1344 1942//1942 1526//1526
f 1761//1761 1920//1920 1227//1227
f 1228//1228 1921//1921 1760//1760
f 104//104 1622//1622 105//105
f 65//65 1623//1623 66//66
f 1297//1297 1856//1856 1611//1611
f 1613//1613 1825//1825 1075//1075
f 1143//1143 1702//1702 1364//1364
f 1439//1439 1930//1930 1265//1265
f 1060//1060 1768//1768 1593//1593
f 1169//1169 1671//1671 1368//1368
f 1369//1369 1670//1670 1170//1170
f 139//139 1798//1798 1415//1415
f 1196//1196 1811//1811 1426//1426
f 1426//1426 1811//1811 1031//1031
f 1193//1193 1810//1810 1428//1428
f 1428//1428 1810//1810 1034//1034
f 257//257 1665//1665 256//256
f 63//63 1664//1664 64//64
f 1154//1154 1672//1672 1420//1420
f 1368//1368 1858//1858 1118//1118
f 1181//1181 1635//1635 1373//1373
f 1374//1374 1636//1636 1182//1182
f 170//170 1491//1491 169//169
f 1028//1028 1783//1783 1364//1364
f 1501//1501 1844//1844 1278//1278
f 1447//1447 1937//1937 1226//1226
f 1366//1366 1904//1904 1046//1046
f 1518//1518 1674//1674 1166//1166
f 1236//1236 1674//1674 1518//1518
f 1238//1238 1681//1681 1520//1520
f 1520//1520 1681//1681 1167//1167
f 1145//1145 1704//1704 1550//1550
f 1095//1095 1821//1821 1372//1372
f 1094//1094 1816//1816 1367//1367
f 1168//1168 1614//1614 1380//1380
f 1091//1091 1808//1808 1366//1366
f 1461//1461 1543//1543 1135//1135
f 1270//1270 1543//1543 1461//1461
f 1319//1319 1578//1578 1425//1425
f 1020//1020 1743//1743 1365//1365
f 1050//1050 1893//1893 1737//1737
f 1471//1471 1945//1945 176//176
f 205//205 1946//1946 1469//1469
f 1039//1039 1777//1777 1368//1368
f 1368//1368 1777//1777 1169//1169
f 1250//1250 1880//1880 1387//1387
f 1387//1387 1880//1880 113//113
f 1289//1289 1862//1862 1696//1696
f 1698//1698 1861//1861 1290//1290
f 1230//1230 1843//1843 1639//1639
f 1376//1376 1663//1663 1147//1147
f 1265//1265 1930//1930 1411//1411
f 1411//1411 1930//1930 81//81
f 1256//1256 1923//1923 1401//1401
f 1401//1401 1923//1923 235//235
f 1398//1398 1858//1858 1047//1047
f 1127//1127 1919//1919 1449//1449
f 1128//1128 1918//1918 1450//1450
f 1151//1151 1659//1659 1548//1548
f 1378//1378 1922//1922 1241//1241
f 1602//1602 1720//1720 1232//1232
f 1234//1234 1721//1721 1601//1601
f 1661//1661 1872//1872 1078//1078
f 182//182 1949//1949 181//181
f 186//186 1950//1950 185//185
f 1393//1393 1766//1766 1179//1179
f 1074//1074 1766//1766 1393//1393
f 258//258 1600//1600 257//257
f 62//62 1599//1599 63//63
f 1099//1099 1921//1921 1382//1382
f 1381//1381 1920//1920 1098//1098
f 1523//1523 1675//1675 1231//1231
f 1168//1168 1675//1675 1523//1523
f 204//204 1604//1604 203//203
f 197//197 1603//1603 196//196
f 178//178 1602//1602 177//177
f 190//190 1601//1601 189//189
f 1071//1071 1776//1776 1390//1390
f 1390//1390 1776//1776 1177//1177
f 1455//1455 1525//1525 1153//1153
f 1290//1290 1945//1945 1471//1471
f 1469//1469 1946//1946 1289//1289
f 1787//1787 1901//1901 1399//1399
f 1400//1400 1900//1900 1788//1788
f 1399//1399 1903//1903 1789//1789
f 1786//1786 1902//1902 1400//1400
f 1477//1477 1656//1656 1022//1022
f 1258//1258 1656//1656 1477//1477
f 1566//1566 1591//1591 1204//1204
f 1116//1116 1878//1878 1507//1507
f 1375//1375 1811//1811 1196//1196
f 1377//1377 1810//1810 1193//1193
f 174//174 1544//1544 173//173
f 208//208 1545//1545 207//207
f 1194//1194 1837//1837 1376//1376
f 83//83 1729//1729 84//84
f 196//196 1631//1631 195//195
f 203//203 1630//1630 202//202
f 1593//1593 1768//1768 1273//1273
f 1128//1128 1779//1779 1389//1389
f 1127//1127 1778//1778 1388//1388
f 1295//1295 1820//1820 1732//1732
f 1150//1150 1877//1877 1616//1616
f 1688//1688 1842//1842 1165//1165
f 1475//1475 1707//1707 1128//1128
f 1490//1490 1918//1918 1128//1128
f 1489//1489 1919//1919 1127//1127
f 1797//1797 1910//1910 1402//1402
f 1796//1796 1909//1909 1404//1404
f 1405//1405 1908//1908 1795//1795
f 1392//1392 1790//1790 1180//1180
f 1073//1073 1790//1790 1392//1392
f 151//151 1614//1614 1433//1433
f 1433//1433 1614//1614 1168//1168
f 1590//1590 1739//1739 1038//1038
f 1589//1589 1740//1740 1037//1037
f 1184//1184 1850//1850 1382//1382
f 1382//1382 1850//1850 1099//1099
f 214//214 1506//1506 213//213
f 1221//1221 1831//1831 1583//1583
f 1224//1224 1833//1833 1581//1581
f 1582//1582 1834//1834 1222//1222
f 1223//1223 1832//1832 1580//1580
f 1579//1579 1830//1830 1225//1225
f 1033//1033 1837//1837 1427//1427
f 1427//1427 1837//1837 1194//1194
f 57//57 1885//1885 56//56
f 159//159 1886//1886 160//160
f 1036//1036 1591//1591 1566//1566
f 224//224 1508//1508 223//223
f 155//155 1778//1778 156//156
f 165//165 1779//1779 164//164
f 1098//1098 1851//1851 1381//1381
f 1381//1381 1851//1851 1183//1183
f 1451//1451 1624//1624 1069//1069
f 1188//1188 1826//1826 1458//1458
f 1197//1197 1848//1848 1596//1596
f 1384//1384 1873//1873 1045//1045
f 1382//1382 1845//1845 1184//1184
f 1178//1178 1806//1806 1378//1378
f 1345//1345 1850//1850 1682//1682
f 233//233 1717//1717 232//232
f 1425//1425 1578//1578 1043//1043
f 1404//1404 1890//1890 1774//1774
f 1773//1773 1889//1889 1403//1403
f 1402//1402 1891//1891 1775//1775
f 1212//1212 1813//1813 1380//1380
f 1074//1074 1814//1814 1611//1611
f 1019//1019 1839//1839 1383//1383
f 1505//1505 1829//1829 1019//1019
f 1284//1284 1829//1829 1505//1505
f 1441//1441 1564//1564 73//73
f 1092//1092 1826//1826 1384//1384
f 1610//1610 1857//1857 1076//1076
f 1117//1117 1856//1856 1519//1519
f 1421//1421 1571//1571 1125//1125
f 1422//1422 1570//1570 1126//1126
f 1802//1802 1915//1915 1406//1406
f 1801//1801 1911//1911 1409//1409
f 1409//1409 1916//1916 1805//1805
f 1804//1804 1912//1912 1407//1407
f 1800//1800 1913//1913 1410//1410
f 1406//1406 1914//1914 1803//1803
f 1072//1072 1806//1806 1391//1391
f 1391//1391 1806//1806 1178//1178
f 1191//1191 1664//1664 1599//1599
f 1192//1192 1665//1665 1600//1600
f 1782//1782 1896//1896 1416//1416
f 1415//1415 1899//1899 1781//1781
f 1416//1416 1898//1898 1780//1780
f 1237//1237 1699//1699 1473//1473
f 1232//1232 1863//1863 1602//1602
f 1601//1601 1864//1864 1234//1234
f 1603//1603 1866//1866 1233//1233
f 1604//1604 1865//1865 1235//1235
f 1424//1424 1784//1784 1346//1346
f 1474//1474 1718//1718 1127//1127
f 134//134 1738//1738 135//135
f 1229//1229 1867//1867 1585//1585
f 130//130 1730//1730 131//131
f 156//156 1778//1778 1449//1449
f 164//164 1779//1779 1450//1450
f 1611//1611 1814//1814 1297//1297
f 180//180 1852//1852 179//179
f 188//188 1853//1853 187//187
f 56//56 1885//1885 1456//1456
f 160//160 1886//1886 1457//1457
f 145//145 1774//1774 1480//1480
f 246//246 1775//1775 1481//1481
f 1482//1482 1773//1773 241//241
f 1130//1130 1564//1564 1441//1441
f 1612//1612 1703//1703 1266//1266
f 1059//1059 1703//1703 1612//1612
f 1093//1093 1840//1840 1385//1385
f 250//250 1780//1780 1488//1488
f 141//141 1781//1781 1487//1487
f 1486//1486 1782//1782 253//253
f 1303//1303 1662//1662 1549//1549
f 1302//1302 1661//1661 1550//1550
f 1480//1480 1774//1774 1207//1207
f 1481//1481 1775//1775 1208//1208
f 1206//1206 1773//1773 1482//1482
f 1410//1410 1848//1848 1733//1733
f 1403//1403 1849//1849 1734//1734
f 115//115 1658//1658 116//116
f 1264//1264 1927//1927 1555//1555
f 1407//1407 1622//1622 104//104
f 1408//1408 1623//1623 65//65
f 1661//1661 1854//1854 1431//1431
f 1429//1429 1576//1576 121//121
f 1554//1554 1926//1926 1261//1261
f 1507//1507 1878//1878 1280//1280
f 1073//1073 1817//1817 1640//1640
f 1488//1488 1780//1780 1216//1216
f 1487//1487 1781//1781 1215//1215
f 1213//1213 1782//1782 1486//1486
f 1040//1040 1670//1670 1492//1492
f 1463//1463 1860//1860 1112//1112
f 1267//1267 1881//1881 1563//1563
f 1505//1505 1629//1629 1317//1317
f 1696//1696 1862//1862 1079//1079
f 1077//1077 1861//1861 1698//1698
f 1627//1627 1679//1679 1259//1259
f 1023//1023 1679//1679 1627//1627
f 1628//1628 1680//1680 1025//1025
f 1262//1262 1680//1680 1628//1628
f 1433//1433 1906//1906 1367//1367
f 201//201 1532//1532 200//200
f 194//194 1533//1533 193//193
f 1695//1695 1874//1874 1076//1076
f 1697//1697 1875//1875 1080//1080
f 1032//1032 1859//1859 1502//1502
f 224//224 1905//1905 1508//1508
f 1568//1568 1681//1681 1238//1238
f 1069//1069 1681//1681 1568//1568
f 109//109 1536//1536 110//110
f 1481//1481 1786//1786 245//245
f 1211//1211 1786//1786 1481//1481
f 1482//1482 1788//1788 1210//1210
f 242//242 1788//1788 1482//1482
f 1480//1480 1787//1787 146//146
f 1209//1209 1787//1787 1480//1480
f 1118//1118 1858//1858 1398//1398
f 254//254 1795//1795 1486//1486
f 1486//1486 1795//1795 1218//1218
f 1487//1487 1796//1796 142//142
f 1217//1217 1796//1796 1487//1487
f 1219//1219 1797//1797 1488//1488
f 1488//1488 1797//1797 249//249
f 1283//1283 1763//1763 1599//1599
f 1282//1282 1764//1764 1600//1600
f 1507//1507 1791//1791 1242//1242
f 1053//1053 1791//1791 1507//1507
f 1022//1022 1634//1634 1477//1477
f 1477//1477 1634//1634 1252//1252
f 1506//1506 1907//1907 213//213
f 1025//1025 1877//1877 1522//1522
f 1465//1465 1709//1709 1254//1254
f 1253//1253 1710//1710 1464//1464
f 1255//1255 1708//1708 1466//1466
f 1732//1732 1820//1820 1184//1184
f 256//256 1665//1665 1405//1405
f 64//64 1664//1664 1408//1408
f 1249//1249 1767//1767 1729//1729
f 1503//1503 1951//1951 1421//1421
f 1504//1504 1952//1952 1422//1422
f 1461//1461 1693//1693 129//129
f 1599//1599 1763//1763 1191//1191
f 1600//1600 1764//1764 1192//1192
f 1453//1453 1572//1572 1138//1138
f 1510//1510 1785//1785 1139//1139
f 126//126 1551//1551 127//127
f 70//70 1552//1552 71//71
f 1640//1640 1817//1817 1304//1304
f 1508//1508 1905//1905 1296//1296
f 150//150 1614//1614 151//151
f 121//121 1576//1576 122//122
f 1080//1080 1875//1875 1530//1530
f 1500//1500 1673//1673 1063//1063
f 1059//1059 1836//1836 1621//1621
f 1050//1050 1843//1843 1559//1559
f 1180//1180 1790//1790 1387//1387
f 1294//1294 1907//1907 1506//1506
f 1024//1024 1641//1641 1632//1632
f 1632//1632 1641//1641 1239//1239
f 1163//1163 1703//1703 1446//1446
f 1052//1052 1924//1924 1556//1556
f 1049//1049 1925//1925 1557//1557
f 1558//1558 1934//1934 1154//1154
f 1144//1144 1615//1615 1428//1428
f 1150//1150 1616//1616 1426//1426
f 1427//1427 1617//1617 1148//1148
f 1519//1519 1856//1856 1267//1267
f 1388//1388 1778//1778 155//155
f 1389//1389 1779//1779 165//165
f 1047//1047 1748//1748 1398//1398
f 1048//1048 1747//1747 1397//1397
f 1460//1460 1578//1578 1143//1143
f 1798//1798 1897//1897 1415//1415
f 1371//1371 1876//1876 1438//1438
f 1418//1418 1676//1676 79//79
f 1177//1177 1678//1678 1419//1419
f 1419//1419 1678//1678 237//237
f 1179//1179 1676//1676 1418//1418
f 1391//1391 1894//1894 1202//1202
f 1392//1392 1893//1893 1203//1203
f 1390//1390 1895//1895 1201//1201
f 1393//1393 1892//1892 1204//1204
f 1560//1560 1944//1944 1298//1298
f 1498//1498 1785//1785 1035//1035
f 56//56 1772//1772 55//55
f 160//160 1771//1771 161//161
f 1370//1370 1870//1870 1440//1440
f 1200//1200 1886//1886 1490//1490
f 1199//1199 1885//1885 1489//1489
f 231//231 1731//1731 230//230
f 1520//1520 1839//1839 1238//1238
f 1202//1202 1739//1739 1590//1590
f 1203//1203 1740//1740 1589//1589
f 212//212 1907//1907 1443//1443
f 1669//1669 1694//1694 1229//1229
f 84//84 1767//1767 85//85
f 1177//1177 1776//1776 1401//1401
f 1044//1044 1647//1647 1577//1577
f 1444//1444 1905//1905 225//225
f 1168//1168 1906//1906 1433//1433
f 1441//1441 1624//1624 1130//1130
f 1277//1277 1624//1624 1441//1441
f 181//181 1635//1635 180//180
f 187//187 1636//1636 186//186
f 1179//1179 1766//1766 1411//1411
f 1425//1425 1819//1819 1185//1185
f 1043//1043 1819//1819 1425//1425
f 1419//1419 1727//1727 1177//1177
f 1418//1418 1728//1728 1179//1179
f 1135//1135 1693//1693 1461//1461
f 1442//1442 1731//1731 231//231
f 117//117 1759//1759 118//118
f 1518//1518 1783//1783 1236//1236
f 1029//1029 1710//1710 1651//1651
f 1651//1651 1710//1710 1253//1253
f 1205//1205 1860//1860 1463//1463
f 1014//1014 1944//1944 1560//1560
f 1142//1142 1814//1814 1513//1513
f 1217//1217 1667//1667 1593//1593
f 1450//1450 1779//1779 1128//1128
f 1449//1449 1778//1778 1127//1127
f 1448//1448 1869//1869 1226//1226
f 218//218 1869//1869 1448//1448
f 1407//1407 1912//1912 1106//1106
f 1438//1438 1876//1876 1166//1166
f 1452//1452 1935//1935 1137//1137
f 1463//1463 1647//1647 1044//1044
f 1327//1327 1647//1647 1463//1463
f 1139//1139 1815//1815 1510//1510
f 1254//1254 1709//1709 1657//1657
f 1657//1657 1709//1709 1030//1030
f 1030//1030 1708//1708 1657//1657
f 1657//1657 1708//1708 1255//1255
f 1408//1408 1931//1931 1109//1109
f 1042//1042 1572//1572 1453//1453
f 1172//1172 1726//1726 1634//1634
f 1633//1633 1725//1725 1251//1251
f 1171//1171 1725//1725 1633//1633
f 1634//1634 1726//1726 1252//1252
f 1226//1226 1869//1869 1447//1447
f 1447//1447 1869//1869 219//219
f 1243//1243 1842//1842 1688//1688
f 1467//1467 1586//1586 1188//1188
f 1468//1468 1587//1587 1189//1189
f 1440//1440 1870//1870 1167//1167
f 1593//1593 1667//1667 1060//1060
f 1413//1413 1940//1940 1358//1358
f 1414//1414 1941//1941 1359//1359
f 1138//1138 1574//1574 1453//1453
f 1137//1137 1575//1575 1452//1452
f 1241//1241 1922//1922 1691//1691
f 1141//1141 1817//1817 1512//1512
f 1456//1456 1772//1772 56//56
f 1457//1457 1771//1771 160//160
f 1216//1216 1898//1898 1607//1607
f 1215//1215 1899//1899 1605//1605
f 1549//1549 1871//1871 1303//1303
f 1082//1082 1871//1871 1549//1549
f 1612//1612 1897//1897 1214//1214
f 1140//1140 1818//1818 1511//1511
f 1434//1434 1658//1658 115//115
f 1258//1258 1722//1722 1656//1656
f 1656//1656 1722//1722 1170//1170
f 1701//1701 1821//1821 1359//1359
f 184//184 1644//1644 183//183
f 132//132 1643//1643 133//133
f 222//222 1646//1646 221//221
f 216//216 1645//1645 215//215
f 1143//1143 1577//1577 1460//1460
f 1208//1208 1891//1891 1608//1608
f 1043//1043 1578//1578 1460//1460
f 1276//1276 1758//1758 1625//1625
f 1625//1625 1758//1758 1181//1181
f 1182//1182 1757//1757 1626//1626
f 1626//1626 1757//1757 1275//1275
f 1553//1553 1814//1814 1142//1142
f 1249//1249 1828//1828 1767//1767
f 1767//1767 1828//1828 1355//1355
f 1560//1560 1815//1815 1139//1139
f 1147//1147 1660//1660 1436//1436
f 1675//1675 1813//1813 1055//1055
f 1437//1437 1659//1659 1151//1151
f 1015//1015 1689//1689 1648//1648
f 1648//1648 1689//1689 1268//1268
f 1015//1015 1690//1690 1649//1649
f 1649//1649 1690//1690 1269//1269
f 179//179 1720//1720 178//178
f 189//189 1721//1721 188//188
f 1474//1474 1700//1700 1039//1039
f 1475//1475 1701//1701 1040//1040
f 1175//1175 1700//1700 1474//1474
f 1176//1176 1701//1701 1475//1475
f 1068//1068 1828//1828 1519//1519
f 1519//1519 1828//1828 1249//1249
f 1186//1186 1586//1586 1467//1467
f 1187//1187 1587//1587 1468//1468
f 1056//1056 1652//1652 1608//1608
f 1608//1608 1652//1652 1208//1208
f 1561//1561 1817//1817 1141//1141
f 79//79 1676//1676 80//80
f 111//111 1677//1677 112//112
f 237//237 1678//1678 236//236
f 1726//1726 1807//1807 1252//1252
f 1231//1231 1675//1675 1638//1638
f 1638//1638 1675//1675 1055//1055
f 1547//1547 1935//1935 1041//1041
f 1317//1317 1935//1935 1547//1547
f 1042//1042 1936//1936 1682//1682
f 1682//1682 1936//1936 1345//1345
f 1174//1174 1694//1694 1669//1669
f 1060//1060 1667//1667 1605//1605
f 1605//1605 1667//1667 1215//1215
f 1062//1062 1668//1668 1607//1607
f 1607//1607 1668//1668 1216//1216
f 1562//1562 1818//1818 1140//1140
f 1502//1502 1859//1859 1329//1329
f 1130//1130 1624//1624 1451//1451
f 1492//1492 1707//1707 1040//1040
f 1200//1200 1707//1707 1492//1492
f 1042//1042 1820//1820 1454//1454
f 1087//1087 1841//1841 1420//1420
f 1403//1403 1889//1889 1849//1849
f 1849//1849 1889//1889 1104//1104
f 1470//1470 1603//1603 197//197
f 1469//1469 1604//1604 204//204
f 1472//1472 1601//1601 190//190
f 177//177 1602//1602 1471//1471
f 1288//1288 1874//1874 1695//1695
f 1291//1291 1875//1875 1697//1697
f 1446//1446 1742//1742 1247//1247
f 1243//1243 1784//1784 1424//1424
f 1425//1425 1846//1846 1100//1100
f 1185//1185 1846//1846 1425//1425
f 167//167 1705//1705 166//166
f 153//153 1706//1706 154//154
f 1493//1493 1743//1743 1230//1230
f 92//92 1724//1724 93//93
f 100//100 1723//1723 101//101
f 1435//1435 1717//1717 233//233
f 1454//1454 1820//1820 1295//1295
f 1422//1422 1948//1948 163//163
f 1421//1421 1947//1947 53//53
f 1468//1468 1792//1792 67//67
f 1188//1188 1793//1793 1467//1467
f 1467//1467 1793//1793 106//106
f 1189//1189 1792//1792 1468//1468
f 1362//1362 1765//1765 1432//1432
f 1473//1473 1759//1759 117//117
f 1427//1427 1809//1809 1033//1033
f 1593//1593 1909//1909 1217//1217
f 1584//1584 1911//1911 1220//1220
f 1112//1112 1860//1860 1429//1429
f 1410//1410 1913//1913 1848//1848
f 1848//1848 1913//1913 1107//1107
f 1439//1439 1729//1729 83//83
f 1567//1567 1719//1719 1190//1190
f 1205//1205 1719//1719 1567//1567
f 135//135 1822//1822 136//136
f 239//239 1734//1734 238//238
f 77//77 1733//1733 78//78
f 1030//1030 1928//1928 1423//1423
f 172//172 1741//1741 171//171
f 1542//1542 1887//1887 1165//1165
f 1432//1432 1765//1765 1244//1244
f 107//107 1793//1793 1458//1458
f 1458//1458 1793//1793 1188//1188
f 85//85 1838//1838 86//86
f 1047//1047 1858//1858 1671//1671
f 138//138 1798//1798 139//139
f 1537//1537 1655//1655 1016//1016
f 1257//1257 1655//1655 1537//1537
f 1464//1464 1768//1768 1060//1060
f 1061//1061 1770//1770 1465//1465
f 1466//1466 1769//1769 1062//1062
f 1174//1174 1731//1731 1442//1442
f 1431//1431 1854//1854 1276//1276
f 1275//1275 1855//1855 1430//1430
f 241//241 1773//1773 240//240
f 247//247 1775//1775 246//246
f 144//144 1774//1774 145//145
f 1526//1526 1884//1884 1344//1344
f 59//59 1919//1919 58//58
f 157//157 1918//1918 158//158
f 1556//1556 1566//1566 1204//1204
f 1557//1557 1565//1565 1201//1201
f 1908//1908 1932//1932 1102//1102
f 1024//1024 1868//1868 1431//1431
f 140//140 1781//1781 141//141
f 251//251 1780//1780 250//250
f 253//253 1782//1782 252//252
f 123//123 1799//1799 124//124
f 1430//1430 1881//1881 1027//1027
f 88//88 1801//1801 89//89
f 95//95 1802//1802 96//96
f 97//97 1803//1803 98//98
f 102//102 1804//1804 103//103
f 75//75 1800//1800 76//76
f 90//90 1805//1805 91//91
f 245//245 1786//1786 244//244
f 243//243 1788//1788 242//242
f 146//146 1787//1787 147//147
f 148//148 1789//1789 149//149
f 67//67 1792//1792 68//68
f 106//106 1793//1793 107//107
f 1046//1046 1726//1726 1575//1575
f 1045//1045 1725//1725 1574//1574
f 255//255 1795//1795 254//254
f 142//142 1796//1796 143//143
f 249//249 1797//1797 248//248
f 1405//1405 1932//1932 1908//1908
f 1764//1764 1883//1883 1192//1192
f 1763//1763 1882//1882 1191//1191
f 1038//1038 1739//1739 1524//1524
f 1037//1037 1740//1740 1525//1525
f 1165//1165 1842//1842 1509//1509
f 1251//1251 1725//1725 1716//1716
f 1716//1716 1725//1725 1045//1045
f 1210//1210 1653//1653 1482//1482
f 1480//1480 1654//1654 1209//1209
f 1481//1481 1652//1652 1211//1211
f 1207//1207 1654//1654 1480//1480
f 1208//1208 1652//1652 1481//1481
f 1482//1482 1653//1653 1206//1206
f 1026//1026 1633//1633 1516//1516
f 1516//1516 1633//1633 1251//1251
f 1487//1487 1667//1667 1217//1217
f 1488//1488 1668//1668 1219//1219
f 1218//1218 1666//1666 1486//1486
f 1897//1897 1899//1899 1415//1415
f 1110//1110 1899//1899 1897//1897
f 1111//1111 1898//1898 1896//1896
f 1896//1896 1898//1898 1416//1416
f 1039//1039 1718//1718 1474//1474
f 1244//1244 1742//1742 1446//1446
f 1473//1473 1699//1699 1178//1178
f 1486//1486 1666//1666 1213//1213
f 1215//1215 1667//1667 1487//1487
f 1216//1216 1668//1668 1488//1488
f 1568//1568 1569//1569 1146//1146
f 1238//1238 1569//1569 1568//1568
f 1046//1046 1807//1807 1726//1726
f 1549//1549 1855//1855 1082//1082
f 1192//1192 1883//1883 1683//1683
f 1191//1191 1882//1882 1684//1684
f 119//119 1823//1823 120//120
f 1152//1152 1565//1565 1557//1557
f 1155//1155 1566//1566 1556//1556
f 1027//1027 1943//1943 1553//1553
f 1553//1553 1943//1943 1297//1297
f 1230//1230 1743//1743 1618//1618
f 1618//1618 1743//1743 1020//1020
f 1040//1040 1707//1707 1475//1475
f 1231//1231 1638//1638 1637//1637
f 1637//1637 1638//1638 1164//1164
f 1789//1789 1903//1903 1212//1212
f 1209//1209 1901//1901 1787//1787
f 1788//1788 1900//1900 1210//1210
f 1211//1211 1902//1902 1786//1786
f 1242//1242 1791//1791 1442//1442
f 1620//1620 1878//1878 1116//1116
f 1298//1298 1878//1878 1620//1620
f 1404//1404 1909//1909 1890//1890
f 1890//1890 1909//1909 1101//1101
f 1891//1891 1910//1910 1103//1103
f 1402//1402 1910//1910 1891//1891
f 1166//1166 1876//1876 1518//1518
f 219//219 1869//1869 218//218
f 113//113 1880//1880 114//114
f 1171//1171 1936//1936 1453//1453
f 1167//1167 1870//1870 1520//1520
f 1762//1762 1836//1836 1214//1214
f 1328//1328 1836//1836 1762//1762
f 5//5 1947//1947 260//260
f 7//7 1948//1948 60//60
f 163//163 1948//1948 7//7
f 53//53 1947//1947 5//5
f 1523//1523 1906//1906 1168//1168
f 225//225 1905//1905 224//224
f 213//213 1907//1907 212//212
f 1019//1019 1629//1629 1505//1505
f 1034//1034 1810//1810 1662//1662
f 235//235 1923//1923 234//234
f 81//81 1930//1930 82//82
f 1516//1516 1926//1926 1026//1026
f 1261//1261 1926//1926 1516//1516
f 176//176 1945//1945 175//175
f 206//206 1946//1946 205//205
f 260//260 1951//1951 259//259
f 60//60 1952//1952 61//61
f 1026//1026 1926//1926 1436//1436
f 1449//1449 1919//1919 59//59
f 1450//1450 1918//1918 157//157
f 1585//1585 1669//1669 1229//1229
f 1437//1437 1927//1927 1023//1023
f 1525//1525 1740//1740 1153//1153
f 1524//1524 1739//1739 1154//1154
f 1460//1460 1942//1942 1043//1043
f 1219//1219 1910//1910 1797//1797
f 1217//1217 1909//1909 1796//1796
f 1795//1795 1908//1908 1218//1218
f 1077//1077 1847//1847 1521//1521
f 1911//1911 1916//1916 1409//1409
f 1108//1108 1916//1916 1911//1911
f 1914//1914 1915//1915 1105//1105
f 1406//1406 1915//1915 1914//1914
f 1400//1400 1902//1902 1900//1900
f 1900//1900 1902//1902 1097//1097
f 1901//1901 1903//1903 1399//1399
f 1096//1096 1903//1903 1901//1901
f 1354//1354 1812//1812 1498//1498
f 1751//1751 1831//1831 1221//1221
f 1323//1323 1831//1831 1751//1751
f 1225//1225 1830//1830 1755//1755
f 1754//1754 1833//1833 1224//1224
f 1324//1324 1833//1833 1754//1754
f 1222//1222 1834//1834 1753//1753
f 1755//1755 1830//1830 1326//1326
f 1753//1753 1834//1834 1325//1325
f 1752//1752 1832//1832 1223//1223
f 1321//1321 1832//1832 1752//1752
f 1322//1322 1835//1835 1750//1750
f 1750//1750 1835//1835 1220//1220
f 1178//1178 1759//1759 1473//1473
f 1145//1145 1673//1673 1500//1500
f 1153//1153 1740//1740 1559//1559
f 1154//1154 1739//1739 1558//1558
f 1223//1223 1915//1915 1802//1802
f 1221//1221 1913//1913 1800//1800
f 1805//1805 1916//1916 1225//1225
f 1224//1224 1912//1912 1804//1804
f 1803//1803 1914//1914 1222//1222
f 1220//1220 1911//1911 1801//1801
f 1756//1756 1937//1937 1292//1292
f 1774//1774 1890//1890 1207//1207
f 1775//1775 1891//1891 1208//1208
f 1206//1206 1889//1889 1773//1773
f 1162//1162 1768//1768 1464//1464
f 1465//1465 1770//1770 1164//1164
f 1161//1161 1769//1769 1466//1466
f 1280//1280 1887//1887 1507//1507
f 1507//1507 1887//1887 1053//1053
f 1290//1290 1861//1861 1534//1534
f 1535//1535 1862//1862 1289//1289
f 1479//1479 1744//1744 1160//1160
f 1484//1484 1745//1745 1159//1159
f 1485//1485 1746//1746 1158//1158
f 1777//1777 1940//1940 1169//1169
f 1358//1358 1940//1940 1777//1777
f 1146//1146 1847//1847 1502//1502
f 1382//1382 1921//1921 1545//1545
f 1544//1544 1920//1920 1381//1381
f 1195//1195 1704//1704 1500//1500
f 1213//1213 1896//1896 1782//1782
f 1781//1781 1899//1899 1215//1215
f 1780//1780 1898//1898 1216//1216
f 1238//1238 1839//1839 1569//1569
f 1569//1569 1839//1839 1019//1019
f 1521//1521 1847//1847 1146//1146
f 1175//1175 1816//1816 1700//1700
f 1550//1550 1661//1661 1145//1145
f 1549//1549 1662//1662 1149//1149
f 1478//1478 1827//1827 1120//1120
f 1462//1462 1846//1846 1185//1185
f 1455//1455 1888//1888 1339//1339
f 1014//1014 1784//1784 1688//1688
f 1688//1688 1784//1784 1243//1243
f 1733//1733 1848//1848 1197//1197
f 1734//1734 1849//1849 1198//1198
f 1041//1041 1935//1935 1452//1452
f 1453//1453 1936//1936 1042//1042
f 1636//1636 1853//1853 1182//1182
f 1181//1181 1852//1852 1635//1635
f 1278//1278 1934//1934 1501//1501
f 1501//1501 1934//1934 1051//1051
f 1456//1456 1885//1885 1199//1199
f 1457//1457 1886//1886 1200//1200
f 1421//1421 1951//1951 1947//1947
f 1947//1947 1951//1951 260//260
f 1422//1422 1952//1952 1948//1948
f 1948//1948 1952//1952 60//60
f 1673//1673 1868//1868 1260//1260
f 1682//1682 1820//1820 1042//1042
f 93//93 1724//1724 1527//1527
f 1528//1528 1723//1723 100//100
f 1301//1301 1809//1809 1497//1497
f 1100//1100 1669//1669 1585//1585
f 1173//1173 1942//1942 1460//1460
f 1550//1550 1704//1704 1032//1032
f 1214//1214 1897//1897 1798//1798
f 1573//1573 1718//1718 1039//1039
f 1139//1139 1785//1785 1498//1498
f 1716//1716 1794//1794 1251//1251
f 1186//1186 1716//1716 1586//1586
f 1586//1586 1716//1716 1045//1045
f 1511//1511 1818//1818 1072//1072
f 1512//1512 1817//1817 1073//1073
f 1510//1510 1815//1815 1071//1071
f 1513//1513 1814//1814 1074//1074
f 1300//1300 1866//1866 1714//1714
f 1714//1714 1866//1866 1121//1121
f 1303//1303 1864//1864 1712//1712
f 1713//1713 1865//1865 1122//1122
f 1301//1301 1865//1865 1713//1713
f 1712//1712 1864//1864 1124//1124
f 1711//1711 1863//1863 1302//1302
f 1123//1123 1863//1863 1711//1711
f 1199//1199 1718//1718 1573//1573
f 1260//1260 1868//1868 1632//1632
f 1632//1632 1868//1868 1024//1024
f 1558//1558 1739//1739 1202//1202
f 1559//1559 1740//1740 1203//1203
f 1169//1169 1940//1940 1655//1655
f 1170//1170 1941//1941 1656//1656
f 1244//1244 1765//1765 1742//1742
f 1742//1742 1765//1765 1017//1017
f 1499//1499 1819//1819 1043//1043
f 1694//1694 1791//1791 1053//1053
f 1691//1691 1929//1929 1112//1112
f 1305//1305 1929//1929 1691//1691
f 1584//1584 1835//1835 1064//1064
f 1220//1220 1835//1835 1584//1584
f 58//58 1919//1919 1489//1489
f 158//158 1918//1918 1490//1490
f 1252//1252 1807//1807 1715//1715
f 1727//1727 1933//1933 1049//1049
f 1183//1183 1851//1851 1547//1547
f 1502//1502 1847//1847 1331//1331
f 1187//1187 1807//1807 1587//1587
f 1279//1279 1827//1827 1517//1517
f 1509//1509 1842//1842 1054//1054
f 1567//1567 1799//1799 123//123
f 1587//1587 1904//1904 1189//1189
f 1522//1522 1857//1857 1287//1287
f 1214//1214 1836//1836 1612//1612
f 1612//1612 1836//1836 1059//1059
f 1521//1521 1829//1829 1284//1284
f 1586//1586 1873//1873 1188//1188
f 1190//1190 1799//1799 1567//1567
f 1631//1631 1825//1825 1308//1308
f 1235//1235 1824//1824 1630//1630
f 1233//1233 1825//1825 1631//1631
f 1630//1630 1824//1824 1309//1309
f 1524//1524 1841//1841 1351//1351
f 86//86 1838//1838 1529//1529
f 1429//1429 1860//1860 1576//1576
f 1534//1534 1861//1861 1227//1227
f 1228//1228 1862//1862 1535//1535
f 1297//1297 1814//1814 1553//1553
f 1298//1298 1815//1815 1560//1560
f 1304//1304 1817//1817 1561//1561
f 1305//1305 1818//1818 1562//1562
f 136//136 1822//1822 1546//1546
f 1587//1587 1807//1807 1046//1046
f 1520//1520 1870//1870 1091//1091
f 1518//1518 1876//1876 1093//1093
f 1535//1535 1946//1946 206//206
f 1289//1289 1946//1946 1535//1535
f 1534//1534 1945//1945 1290//1290
f 175//175 1945//1945 1534//1534
f 61//61 1952//1952 1504//1504
f 259//259 1951//1951 1503//1503
f 1522//1522 1877//1877 1150//1150
f 1559//1559 1843//1843 1153//1153
f 1019//1019 1829//1829 1569//1569
f 1556//1556 1892//1892 1052//1052
f 1202//1202 1894//1894 1558//1558
f 1558//1558 1894//1894 1051//1051
f 1559//1559 1893//1893 1050//1050
f 1203//1203 1893//1893 1559//1559
f 1557//1557 1895//1895 1049//1049
f 1201//1201 1895//1895 1557//1557
f 1204//1204 1892//1892 1556//1556
f 1715//1715 1807//1807 1187//1187
f 1094//1094 1906//1906 1523//1523
f 1376//1376 1837//1837 1663//1663
f 1184//1184 1845//1845 1732//1732
f 1078//1078 1854//1854 1661//1661
f 1023//1023 1927//1927 1679//1679
f 1679//1679 1927//1927 1264//1264
f 1053//1053 1887//1887 1542//1542
f 1722//1722 1882//1882 1048//1048
f 1258//1258 1882//1882 1722//1722
f 1747//1747 1763//1763 1283//1283
f 1748//1748 1764//1764 1282//1282
f 1225//1225 1916//1916 1579//1579
f 1579//1579 1916//1916 1108//1108
f 1582//1582 1914//1914 1105//1105
f 1581//1581 1912//1912 1224//1224
f 1106//1106 1912//1912 1581//1581
f 1105//1105 1915//1915 1580//1580
f 1222//1222 1914//1914 1582//1582
f 1580//1580 1915//1915 1223//1223
f 1583//1583 1913//1913 1221//1221
f 1107//1107 1913//1913 1583//1583
f 1276//1276 1854//1854 1758//1758
f 1758//1758 1854//1854 1078//1078
f 1082//1082 1855//1855 1757//1757
f 1757//1757 1855//1855 1275//1275
f 1195//1195 1859//1859 1704//1704
f 1595//1595 1849//1849 1104//1104
f 1198//1198 1849//1849 1595//1595
f 1192//1192 1932//1932 1665//1665
f 1191//1191 1931//1931 1664//1664
f 1020//1020 1888//1888 1618//1618
f 1186//1186 1794//1794 1716//1716
f 1576//1576 1860//1860 1205//1205
f 1588//1588 1900//1900 1097//1097
f 1210//1210 1900//1900 1588//1588
f 1339//1339 1879//1879 1619//1619
f 1045//1045 1873//1873 1586//1586
f 1227//1227 1920//1920 1544//1544
f 1545//1545 1921//1921 1228//1228
f 1762//1762 1798//1798 138//138
f 1076//1076 1874//1874 1610//1610
f 1610//1610 1874//1874 1337//1337
f 1153//1153 1843//1843 1618//1618
f 1048//1048 1763//1763 1747//1747
f 1047//1047 1764//1764 1748//1748
f 1218//1218 1908//1908 1594//1594
f 1594//1594 1908//1908 1102//1102
f 1592//1592 1910//1910 1219//1219
f 1103//1103 1910//1910 1592//1592
f 1288//1288 1938//1938 1874//1874
f 1874//1874 1938//1938 1337//1337
f 1875//1875 1939//1939 1338//1338
f 1291//1291 1939//1939 1875//1875
f 1618//1618 1843//1843 1230//1230
f 1683//1683 1932//1932 1192//1192
f 1684//1684 1931//1931 1191//1191
f 1556//1556 1924//1924 1155//1155
f 1557//1557 1925//1925 1152//1152
f 1076//1076 1857//1857 1597//1597
f 1606//1606 1896//1896 1213//1213
f 1111//1111 1896//1896 1606//1606
f 1051//1051 1934//1934 1558//1558
f 1642//1642 1925//1925 1240//1240
f 1152//1152 1925//1925 1642//1642
f 1641//1641 1924//1924 1239//1239
f 1155//1155 1924//1924 1641//1641
f 1609//1609 1890//1890 1101//1101
f 1207//1207 1890//1890 1609//1609
f 1750//1750 1801//1801 88//88
f 1751//1751 1800//1800 75//75
f 98//98 1803//1803 1753//1753
f 1752//1752 1802//1802 95//95
f 1754//1754 1804//1804 102//102
f 91//91 1805//1805 1755//1755
f 1184//1184 1820//1820 1682//1682
f 1663//1663 1837//1837 1033//1033
f 1046//1046 1904//1904 1587//1587
f 1176//1176 1821//1821 1701//1701
f 1221//1221 1800//1800 1751//1751
f 1220//1220 1801//1801 1750//1750
f 1223//1223 1802//1802 1752//1752
f 1753//1753 1803//1803 1222//1222
f 1224//1224 1804//1804 1754//1754
f 1755//1755 1805//1805 1225//1225
f 1635//1635 1852//1852 180//180
f 187//187 1853//1853 1636//1636
f 1867//1867 1917//1917 1028//1028
f 1619//1619 1879//1879 1114//1114
f 1214//1214 1798//1798 1762//1762
f 1709//1709 1928//1928 1030//1030
f 1245//1245 1928//1928 1709//1709
f 1595//1595 1933//1933 1198//1198
f 1048//1048 1882//1882 1763//1763
f 1047//1047 1883//1883 1764//1764
f 1682//1682 1850//1850 1184//1184
f 1671//1671 1858//1858 1368//1368
f 1227//1227 1861//1861 1761//1761
f 1760//1760 1862//1862 1228//1228
f 1109//1109 1931//1931 1684//1684
f 1102//1102 1932//1932 1683//1683
f 1704//1704 1859//1859 1032//1032
f 1307//1307 1917//1917 1867//1867
f 1684//1684 1882//1882 1258//1258
f 1683//1683 1883//1883 1257//1257
f 1189//1189 1904//1904 1808//1808
f 1808//1808 1904//1904 1366//1366
f 1665//1665 1932//1932 1405//1405
f 1664//1664 1931//1931 1408//1408
f 1863//1863 1872//1872 1302//1302
f 1232//1232 1872//1872 1863//1863
f 1303//1303 1871//1871 1864//1864
f 1864//1864 1871//1871 1234//1234
f 1188//1188 1873//1873 1826//1826
f 1079//1079 1862//1862 1760//1760
f 1761//1761 1861//1861 1077//1077
f 1028//1028 1917//1917 1783//1783
f 1267//1267 1943//1943 1881//1881
f 1856//1856 1943//1943 1267//1267
f 1226//1226 1937//1937 1756//1756
f 1783//1783 1917//1917 1236//1236
f 1298//1298 1944//1944 1878//1878
f 1826//1826 1873//1873 1384//1384
f 1806//1806 1922//1922 1378//1378
f 1072//1072 1922//1922 1806//1806
f 1881//1881 1943//1943 1027//1027
f 1297//1297 1943//1943 1856//1856
f 1878//1878 1944//1944 1280//1280
f 1961//1961 2188//2188 2372//2372
f 393//393 2312//2312 2723//2723
f 315//315 316//316 2211//2211
f 2387//2387 445//445 2671//2671
f 1960//1960 2196//2196 2583//2583
f 2208//2208 1964//1964 2294//2294
f 2235//2235 1998//1998 2532//2532
f 454//454 2180//2180 2416//2416
f 2193//2193 1970//1970 2366//2366
f 2051//2051 2180//2180 2613//2613
f 2041//2041 2477//2477 2704//2704
f 2241//2241 2022//2022 2677//2677
f 344//344 345//345 2238//2238
f 350//350 351//351 2237//2237
f 438//438 437//437 2236//2236
f 440//440 439//439 2239//2239
f 298//298 299//299 2242//2242
f 296//296 297//297 2241//2241
f 309//309 310//310 2244//2244
f 311//311 312//312 2243//2243
f 352//352 353//353 2240//2240
f 2024//2024 2243//2243 2669//2669
f 1998//1998 2235//2235 2666//2666
f 2268//2268 2068//2068 2367//2367
f 2024//2024 2268//2268 2367//2367
f 2209//2209 1963//1963 2323//2323
f 2308//2308 375//375 2490//2490
f 2022//2022 2270//2270 2677//2677
f 346//346 347//347 2247//2247
f 2268//2268 2024//2024 2669//2669
f 2111//2111 2271//2271 2423//2423
f 457//457 456//456 2262//2262
f 2270//2270 2022//2022 2377//2377
f 1981//1981 2149//2149 2790//2790
f 2018//2018 2224//2224 2451//2451
f 2583//2583 2196//2196 2773//2773
f 2299//2299 2657//2657 2736//2736
f 2149//2149 1981//1981 2786//2786
f 2299//2299 1985//1985 2657//2657
f 2069//2069 2270//2270 2377//2377
f 2108//2108 2274//2274 2419//2419
f 2020//2020 2240//2240 2551//2551
f 2238//2238 2021//2021 2552//2552
f 2017//2017 2236//2236 2545//2545
f 2188//2188 2098//2098 2597//2597
f 2000//2000 2188//2188 2597//2597
f 1954//1954 2210//2210 2782//2782
f 2049//2049 2184//2184 2530//2530
f 2179//2179 2233//2233 2785//2785
f 438//438 2236//2236 2601//2601
f 2238//2238 345//345 2605//2605
f 2237//2237 351//351 2602//2602
f 2239//2239 439//439 2601//2601
f 298//298 2242//2242 2604//2604
f 2244//2244 310//310 2603//2603
f 2241//2241 297//297 2604//2604
f 311//311 2243//2243 2603//2603
f 352//352 2240//2240 2602//2602
f 1971//1971 2261//2261 2369//2369
f 2014//2014 2195//2195 2725//2725
f 2111//2111 2423//2423 2685//2685
f 2239//2239 2018//2018 2451//2451
f 2262//2262 456//456 2703//2703
f 261//261 2538//2538 2569//2569
f 2539//2539 267//267 2568//2568
f 1954//1954 2222//2222 2359//2359
f 2242//2242 299//299 2868//2868
f 309//309 2244//2244 2869//2869
f 2174//2174 273//273 2546//2546
f 2175//2175 283//283 2547//2547
f 2254//2254 2020//2020 2551//2551
f 2021//2021 2255//2255 2552//2552
f 2253//2253 2017//2017 2545//2545
f 2233//2233 1969//1969 2785//2785
f 335//335 336//336 2223//2223
f 2193//2193 2004//2004 2594//2594
f 2096//2096 2193//2193 2594//2594
f 1953//1953 2217//2217 2264//2264
f 1963//1963 2209//2209 2765//2765
f 321//321 2173//2173 2549//2549
f 12//12 468//468 2393//2393
f 365//365 12//12 2393//2393
f 2302//2302 2662//2662 2739//2739
f 346//346 2247//2247 2605//2605
f 2185//2185 1992//1992 2526//2526
f 2070//2070 2185//2185 2526//2526
f 2108//2108 2419//2419 2684//2684
f 2229//2229 1954//1954 2782//2782
f 2254//2254 2060//2060 2360//2360
f 2020//2020 2254//2254 2360//2360
f 2041//2041 2322//2322 2477//2477
f 337//337 2295//2295 2483//2483
f 2302//2302 1987//1987 2662//2662
f 2159//2159 2341//2341 2611//2611
f 2001//2001 2211//2211 2632//2632
f 2211//2211 2115//2115 2632//2632
f 2203//2203 2550//2550 2578//2578
f 2130//2130 2387//2387 2671//2671
f 2038//2038 2388//2388 2571//2571
f 2312//2312 2158//2158 2723//2723
f 2017//2017 2253//2253 2362//2362
f 2253//2253 2058//2058 2362//2362
f 391//391 2309//2309 2542//2542
f 283//283 2175//2175 2392//2392
f 2193//2193 2096//2096 2410//2410
f 2097//2097 2192//2192 2411//2411
f 2053//2053 2187//2187 2651//2651
f 2235//2235 374//374 2680//2680
f 1965//1965 2206//2206 2624//2624
f 2341//2341 2005//2005 2611//2611
f 2114//2114 2232//2232 2629//2629
f 2100//2100 2235//2235 2532//2532
f 261//261 262//262 2538//2538
f 266//266 267//267 2539//2539
f 2203//2203 2008//2008 2550//2550
f 370//370 369//369 2266//2266
f 2332//2332 2182//2182 2564//2564
f 1955//1955 2332//2332 2564//2564
f 2239//2239 2091//2091 2287//2287
f 2018//2018 2239//2239 2287//2287
f 2240//2240 2020//2020 2283//2283
f 2019//2019 2237//2237 2285//2285
f 2092//2092 2240//2240 2283//2283
f 2022//2022 2241//2241 2286//2286
f 2093//2093 2243//2243 2288//2288
f 2243//2243 2024//2024 2288//2288
f 2244//2244 2093//2093 2289//2289
f 2237//2237 2092//2092 2285//2285
f 2025//2025 2244//2244 2289//2289
f 2241//2241 2094//2094 2286//2286
f 2238//2238 2095//2095 2284//2284
f 2021//2021 2238//2238 2284//2284
f 1970//1970 2193//2193 2646//2646
f 2185//2185 2070//2070 2476//2476
f 2638//2638 2324//2324 2766//2766
f 2012//2012 2202//2202 2714//2714
f 2251//2251 2104//2104 2614//2614
f 2235//2235 2126//2126 2666//2666
f 2061//2061 2255//2255 2371//2371
f 2255//2255 2021//2021 2371//2371
f 393//393 392//392 2312//2312
f 2487//2487 2145//2145 2550//2550
f 2190//2190 2068//2068 2511//2511
f 374//374 373//373 2680//2680
f 2251//2251 2614//2614 2670//2670
f 2188//2188 2000//2000 2331//2331
f 2026//2026 2222//2222 2352//2352
f 2286//2286 1975//1975 2467//2467
f 2289//2289 1974//1974 2468//2468
f 2284//2284 1976//1976 2466//2466
f 2038//2038 2321//2321 2388//2388
f 391//391 390//390 2309//2309
f 2192//2192 2097//2097 2628//2628
f 2207//2207 2297//2297 2794//2794
f 2171//2171 2063//2063 2445//2445
f 443//443 2225//2225 2671//2671
f 2054//2054 2194//2194 2665//2665
f 376//376 375//375 2308//2308
f 2018//2018 2287//2287 2401//2401
f 2013//2013 2204//2204 2708//2708
f 2467//2467 1975//1975 2498//2498
f 2466//2466 1976//1976 2499//2499
f 2173//2173 321//321 2455//2455
f 2063//2063 2171//2171 2446//2446
f 273//273 2174//2174 2454//2454
f 2206//2206 2097//2097 2624//2624
f 2211//2211 316//316 2587//2587
f 2214//2214 265//265 2539//2539
f 263//263 2215//2215 2538//2538
f 2468//2468 1974//1974 2507//2507
f 464//464 2250//2250 2313//2313
f 1991//1991 2324//2324 2638//2638
f 2281//2281 360//360 2476//2476
f 2206//2206 1965//1965 2553//2553
f 2217//2217 2400//2400 2815//2815
f 2629//2629 2232//2232 2870//2870
f 337//337 338//338 2295//2295
f 2195//2195 2333//2333 2725//2725
f 324//324 325//325 2232//2232
f 2184//2184 2049//2049 2579//2579
f 2004//2004 2193//2193 2340//2340
f 2209//2209 2323//2323 2570//2570
f 379//379 2412//2412 2567//2567
f 2413//2413 382//382 2566//2566
f 2168//2168 2491//2491 2632//2632
f 2297//2297 1959//1959 2794//2794
f 2550//2550 2083//2083 2578//2578
f 2531//2531 2047//2047 2553//2553
f 2257//2257 2113//2113 2627//2627
f 2183//2183 2531//2531 2553//2553
f 2180//2180 454//454 2613//2613
f 2344//2344 289//289 2717//2717
f 2098//2098 2188//2188 2346//2346
f 2194//2194 2009//2009 2750//2750
f 2040//2040 2275//2275 2353//2353
f 2050//2050 2200//2200 2535//2535
f 2201//2201 2050//2050 2534//2534
f 2269//2269 2067//2067 2503//2503
f 425//425 2415//2415 2561//2561
f 2257//2257 2627//2627 2846//2846
f 2369//2369 2261//2261 2682//2682
f 2661//2661 2325//2325 2767//2767
f 276//276 277//277 2259//2259
f 281//281 282//282 2260//2260
f 2206//2206 2047//2047 2537//2537
f 359//359 360//360 2281//2281
f 2237//2237 2019//2019 2390//2390
f 2206//2206 2005//2005 2628//2628
f 2097//2097 2206//2206 2628//2628
f 386//386 385//385 2267//2267
f 2106//2106 2583//2583 2773//2773
f 2349//2349 2561//2561 2718//2718
f 2026//2026 2247//2247 2391//2391
f 2180//2180 2051//2051 2449//2449
f 2358//2358 400//400 2672//2672
f 2357//2357 413//413 2673//2673
f 2222//2222 1954//1954 2352//2352
f 370//370 2266//2266 2514//2514
f 2005//2005 2341//2341 2628//2628
f 2341//2341 2192//2192 2628//2628
f 386//386 2267//2267 2469//2469
f 2378//2378 2051//2051 2613//2613
f 2223//2223 2090//2090 2590//2590
f 2203//2203 2049//2049 2522//2522
f 2068//2068 2190//2190 2367//2367
f 464//464 463//463 2250//2250
f 276//276 2259//2259 2330//2330
f 2347//2347 2567//2567 2731//2731
f 2566//2566 2347//2347 2732//2732
f 388//388 387//387 2269//2269
f 2080//2080 2279//2279 2294//2294
f 2077//2077 2277//2277 2293//2293
f 2049//2049 2203//2203 2579//2579
f 2183//2183 1996//1996 2850//2850
f 2188//2188 2331//2331 2372//2372
f 449//449 448//448 2251//2251
f 1988//1988 2325//2325 2661//2661
f 2168//2168 2233//2233 2491//2491
f 2390//2390 2019//2019 2693//2693
f 2269//2269 2503//2503 2638//2638
f 2233//2233 2168//2168 2806//2806
f 1969//1969 2233//2233 2806//2806
f 2050//2050 2201//2201 2612//2612
f 2200//2200 2050//2050 2612//2612
f 2224//2224 2052//2052 2386//2386
f 2100//2100 2308//2308 2490//2490
f 444//444 443//443 2671//2671
f 1996//1996 2183//2183 2855//2855
f 2047//2047 2206//2206 2553//2553
f 2236//2236 2091//2091 2601//2601
f 2095//2095 2238//2238 2605//2605
f 2243//2243 2093//2093 2603//2603
f 2093//2093 2244//2244 2603//2603
f 2094//2094 2241//2241 2604//2604
f 2242//2242 2094//2094 2604//2604
f 2091//2091 2239//2239 2601//2601
f 2240//2240 2092//2092 2602//2602
f 2092//2092 2237//2237 2602//2602
f 2023//2023 2242//2242 2315//2315
f 2244//2244 2025//2025 2314//2314
f 1992//1992 2185//2185 2439//2439
f 2171//2171 2353//2353 2544//2544
f 2353//2353 1966//1966 2544//2544
f 1998//1998 2215//2215 2482//2482
f 2215//2215 2064//2064 2482//2482
f 2037//2037 2273//2273 2668//2668
f 269//269 270//270 2257//2257
f 1979//1979 2275//2275 2655//2655
f 2198//2198 2046//2046 2402//2402
f 2046//2046 2199//2199 2402//2402
f 2401//2401 2287//2287 2479//2479
f 2199//2199 2046//2046 2731//2731
f 2046//2046 2198//2198 2732//2732
f 2099//2099 2213//2213 2630//2630
f 2501//2501 2037//2037 2668//2668
f 2188//2188 1961//1961 2640//2640
f 388//388 2269//2269 2727//2727
f 2115//2115 2211//2211 2587//2587
f 2477//2477 2156//2156 2704//2704
f 335//335 2223//2223 2620//2620
f 2247//2247 2095//2095 2605//2605
f 2271//2271 1983//1983 2654//2654
f 2272//2272 1984//1984 2653//2653
f 2250//2250 2034//2034 2313//2313
f 2197//2197 2372//2372 2718//2718
f 2008//2008 2487//2487 2550//2550
f 2372//2372 2048//2048 2718//2718
f 2400//2400 2052//2052 2815//2815
f 2223//2223 2590//2590 2676//2676
f 2202//2202 2012//2012 2563//2563
f 2187//2187 2053//2053 2452//2452
f 2340//2340 2193//2193 2366//2366
f 2081//2081 2299//2299 2329//2329
f 2082//2082 2300//2300 2328//2328
f 2202//2202 2053//2053 2379//2379
f 317//317 2320//2320 2587//2587
f 326//326 2319//2319 2588//2588
f 2204//2204 2054//2054 2382//2382
f 2215//2215 1998//1998 2666//2666
f 2509//2509 1979//1979 2655//2655
f 2195//2195 2014//2014 2592//2592
f 2003//2003 2346//2346 2629//2629
f 2204//2204 2013//2013 2543//2543
f 2233//2233 2179//2179 2456//2456
f 2282//2282 2026//2026 2352//2352
f 2196//2196 1960//1960 2674//2674
f 2412//2412 2135//2135 2567//2567
f 2136//2136 2413//2413 2566//2566
f 2058//2058 2234//2234 2457//2457
f 2009//2009 2194//2194 2473//2473
f 2210//2210 1954//1954 2617//2617
f 2299//2299 2081//2081 2405//2405
f 1985//1985 2299//2299 2405//2405
f 1986//1986 2300//2300 2406//2406
f 2300//2300 2082//2082 2406//2406
f 2423//2423 2044//2044 2696//2696
f 2231//2231 2061//2061 2465//2465
f 2060//2060 2230//2230 2464//2464
f 2147//2147 2530//2530 2663//2663
f 2377//2377 2191//2191 2565//2565
f 2069//2069 2377//2377 2565//2565
f 2302//2302 2075//2075 2399//2399
f 1987//1987 2302//2302 2399//2399
f 2304//2304 1989//1989 2397//2397
f 2074//2074 2304//2304 2397//2397
f 2400//2400 2217//2217 2515//2515
f 2194//2194 2054//2054 2473//2473
f 2040//2040 2392//2392 2655//2655
f 2456//2456 2179//2179 2618//2618
f 2048//2048 2349//2349 2718//2718
f 2295//2295 2090//2090 2483//2483
f 2323//2323 2027//2027 2570//2570
f 2008//2008 2203//2203 2522//2522
f 2415//2415 2134//2134 2561//2561
f 2419//2419 2041//2041 2704//2704
f 1983//1983 2512//2512 2654//2654
f 1984//1984 2513//2513 2653//2653
f 2216//2216 2423//2423 2696//2696
f 2491//2491 2001//2001 2632//2632
f 2005//2005 2206//2206 2537//2537
f 2202//2202 2345//2345 2714//2714
f 2161//2161 2344//2344 2717//2717
f 2049//2049 2530//2530 2792//2792
f 2259//2259 2036//2036 2330//2330
f 2028//2028 2306//2306 2453//2453
f 2277//2277 2017//2017 2293//2293
f 2279//2279 2023//2023 2294//2294
f 2346//2346 2166//2166 2629//2629
f 2246//2246 2039//2039 2450//2450
f 2038//2038 2245//2245 2493//2493
f 2219//2219 2061//2061 2371//2371
f 2059//2059 2266//2266 2342//2342
f 2266//2266 2055//2055 2342//2342
f 2196//2196 2062//2062 2431//2431
f 2212//2212 2419//2419 2704//2704
f 2637//2637 2117//2117 2749//2749
f 2117//2117 2344//2344 2749//2749
f 271//271 2317//2317 2589//2589
f 2248//2248 2042//2042 2505//2505
f 2249//2249 2043//2043 2504//2504
f 2060//2060 2218//2218 2360//2360
f 326//326 327//327 2319//2319
f 317//317 318//318 2320//2320
f 2053//2053 2202//2202 2563//2563
f 2062//2062 2196//2196 2443//2443
f 2058//2058 2220//2220 2362//2362
f 2046//2046 2347//2347 2731//2731
f 2347//2347 2046//2046 2732//2732
f 288//288 289//289 2344//2344
f 2222//2222 2019//2019 2359//2359
f 2403//2403 2148//2148 2432//2432
f 2055//2055 2403//2403 2432//2432
f 2029//2029 2303//2303 2438//2438
f 2075//2075 2302//2302 2327//2327
f 2304//2304 2074//2074 2326//2326
f 2073//2073 2303//2303 2325//2325
f 2072//2072 2305//2305 2323//2323
f 2071//2071 2306//2306 2324//2324
f 2054//2054 2204//2204 2543//2543
f 315//315 2211//2211 2409//2409
f 2030//2030 2267//2267 2383//2383
f 2208//2208 2294//2294 2573//2573
f 2064//2064 2215//2215 2510//2510
f 2295//2295 2029//2029 2438//2438
f 2090//2090 2295//2295 2438//2438
f 265//265 2214//2214 2442//2442
f 271//271 272//272 2317//2317
f 2236//2236 2017//2017 2427//2427
f 2242//2242 2023//2023 2426//2426
f 2051//2051 2378//2378 2592//2592
f 2378//2378 2195//2195 2592//2592
f 2281//2281 2031//2031 2384//2384
f 2318//2318 323//323 2610//2610
f 462//462 461//461 2263//2263
f 2028//2028 2309//2309 2421//2421
f 2230//2230 356//356 2699//2699
f 341//341 2231//2231 2700//2700
f 2308//2308 2027//2027 2420//2420
f 2029//2029 2295//2295 2404//2404
f 2223//2223 2119//2119 2620//2620
f 322//322 323//323 2318//2318
f 2225//2225 443//443 2386//2386
f 2234//2234 434//434 2702//2702
f 447//447 446//446 2301//2301
f 455//455 454//454 2416//2416
f 2146//2146 2358//2358 2672//2672
f 2147//2147 2357//2357 2673//2673
f 2019//2019 2222//2222 2693//2693
f 2015//2015 2291//2291 2809//2809
f 2204//2204 2351//2351 2708//2708
f 2252//2252 2066//2066 2487//2487
f 2247//2247 2026//2026 2424//2424
f 2280//2280 2079//2079 2745//2745
f 2278//2278 2078//2078 2744//2744
f 401//401 400//400 2358//2358
f 414//414 413//413 2357//2357
f 2070//2070 2281//2281 2476//2476
f 2281//2281 2070//2070 2437//2437
f 2031//2031 2281//2281 2437//2437
f 1964//1964 2208//2208 2448//2448
f 2392//2392 2175//2175 2655//2655
f 2211//2211 2001//2001 2511//2511
f 2040//2040 2260//2260 2392//2392
f 2120//2120 2262//2262 2703//2703
f 2260//2260 282//282 2392//2392
f 2217//2217 1953//1953 2609//2609
f 2379//2379 2053//2053 2651//2651
f 2182//2182 2444//2444 2779//2779
f 2212//2212 1958//1958 2419//2419
f 2002//2002 2456//2456 2618//2618
f 2309//2309 2101//2101 2542//2542
f 2119//2119 2223//2223 2676//2676
f 2213//2213 2099//2099 2781//2781
f 2067//2067 2267//2267 2436//2436
f 2267//2267 2030//2030 2436//2436
f 2297//2297 2207//2207 2572//2572
f 2077//2077 2293//2293 2470//2470
f 2279//2279 1975//1975 2689//2689
f 2277//2277 1972//1972 2688//2688
f 2079//2079 2440//2440 2745//2745
f 2078//2078 2441//2441 2744//2744
f 2164//2164 2390//2390 2693//2693
f 447//447 2301//2301 2576//2576
f 350//350 2237//2237 2390//2390
f 2216//2216 1957//1957 2423//2423
f 2081//2081 2248//2248 2519//2519
f 2249//2249 1984//1984 2520//2520
f 2082//2082 2249//2249 2520//2520
f 2248//2248 1983//1983 2519//2519
f 1954//1954 2359//2359 2617//2617
f 2282//2282 1976//1976 2687//2687
f 2267//2267 2067//2067 2469//2469
f 2290//2290 2194//2194 2750//2750
f 2030//2030 2326//2326 2436//2436
f 1967//1967 2376//2376 2540//2540
f 2376//2376 2170//2170 2540//2540
f 265//265 266//266 2539//2539
f 262//262 263//263 2538//2538
f 2215//2215 263//263 2510//2510
f 2353//2353 2275//2275 2475//2475
f 2103//2103 2316//2316 2619//2619
f 2214//2214 2064//2064 2442//2442
f 1958//1958 2212//2212 2463//2463
f 2182//2182 2332//2332 2444//2444
f 2247//2247 347//347 2391//2391
f 2245//2245 2038//2038 2376//2376
f 2269//2269 2141//2141 2727//2727
f 2039//2039 2246//2246 2370//2370
f 2340//2340 2158//2158 2753//2753
f 2453//2453 2306//2306 2720//2720
f 2411//2411 2201//2201 2534//2534
f 2007//2007 2411//2411 2534//2534
f 2410//2410 2006//2006 2535//2535
f 2200//2200 2410//2410 2535//2535
f 2064//2064 2214//2214 2824//2824
f 2374//2374 1968//1968 2554//2554
f 2167//2167 2374//2374 2554//2554
f 465//465 464//464 2313//2313
f 2309//2309 2028//2028 2453//2453
f 2101//2101 2309//2309 2453//2453
f 2291//2291 2177//2177 2809//2809
f 2180//2180 2449//2449 2635//2635
f 1957//1957 2216//2216 2470//2470
f 2429//2429 2065//2065 2645//2645
f 2043//2043 2249//2249 2375//2375
f 2042//2042 2248//2248 2374//2374
f 2263//2263 2131//2131 2789//2789
f 2307//2307 1992//1992 2342//2342
f 2055//2055 2307//2307 2342//2342
f 2327//2327 2031//2031 2437//2437
f 2312//2312 2101//2101 2616//2616
f 2052//2052 2225//2225 2386//2386
f 324//324 2232//2232 2610//2610
f 2090//2090 2223//2223 2483//2483
f 2223//2223 336//336 2483//2483
f 2267//2267 385//385 2383//2383
f 279//279 280//280 2418//2418
f 273//273 274//274 2546//2546
f 283//283 284//284 2547//2547
f 2228//2228 1971//1971 2385//2385
f 2305//2305 2027//2027 2323//2323
f 2306//2306 2028//2028 2324//2324
f 2303//2303 2029//2029 2325//2325
f 2030//2030 2304//2304 2326//2326
f 2302//2302 2031//2031 2327//2327
f 2155//2155 2331//2331 2754//2754
f 356//356 2230//2230 2434//2434
f 2231//2231 341//341 2435//2435
f 2382//2382 2054//2054 2665//2665
f 2274//2274 1982//1982 2789//2789
f 434//434 2234//2234 2433//2433
f 2141//2141 2638//2638 2766//2766
f 2262//2262 2011//2011 2812//2812
f 2225//2225 2052//2052 2400//2400
f 2037//2037 2301//2301 2783//2783
f 2058//2058 2253//2253 2804//2804
f 2265//2265 2010//2010 2825//2825
f 2081//2081 2329//2329 2488//2488
f 2082//2082 2328//2328 2489//2489
f 2169//2169 2370//2370 2593//2593
f 2370//2370 1963//1963 2593//2593
f 2190//2190 2511//2511 2820//2820
f 2252//2252 409//409 2480//2480
f 2368//2368 2166//2166 2640//2640
f 359//359 2281//2281 2384//2384
f 2224//2224 2018//2018 2562//2562
f 2232//2232 2114//2114 2610//2610
f 2060//2060 2254//2254 2803//2803
f 2255//2255 2061//2061 2802//2802
f 2300//2300 2033//2033 2328//2328
f 2299//2299 2032//2032 2329//2329
f 460//460 459//459 2322//2322
f 285//285 286//286 2321//2321
f 2320//2320 2115//2115 2587//2587
f 2319//2319 2116//2116 2588//2588
f 2017//2017 2277//2277 2427//2427
f 2023//2023 2279//2279 2426//2426
f 2438//2438 2303//2303 2686//2686
f 320//320 321//321 2549//2549
f 329//329 330//330 2548//2548
f 2057//2057 2414//2414 2634//2634
f 2414//2414 2221//2221 2634//2634
f 2218//2218 2060//2060 2464//2464
f 2061//2061 2219//2219 2465//2465
f 269//269 2257//2257 2710//2710
f 2449//2449 1994//1994 2635//2635
f 2619//2619 2316//2316 2754//2754
f 2172//2172 2355//2355 2654//2654
f 2355//2355 2044//2044 2654//2654
f 2258//2258 2084//2084 2385//2385
f 2220//2220 2058//2058 2457//2457
f 2426//2426 2279//2279 2689//2689
f 2427//2427 2277//2277 2688//2688
f 1961//1961 2368//2368 2640//2640
f 2222//2222 2026//2026 2856//2856
f 2388//2388 2117//2117 2571//2571
f 2420//2420 2027//2027 2740//2740
f 2548//2548 330//330 2857//2857
f 2232//2232 325//325 2588//2588
f 2116//2116 2232//2232 2588//2588
f 2278//2278 2020//2020 2360//2360
f 2329//2329 2032//2032 2472//2472
f 2328//2328 2033//2033 2471//2471
f 2436//2436 2189//2189 2503//2503
f 2067//2067 2436//2436 2503//2503
f 2301//2301 2387//2387 2783//2783
f 451//451 450//450 2333//2333
f 2424//2424 2282//2282 2687//2687
f 2271//2271 2044//2044 2423//2423
f 2295//2295 338//338 2404//2404
f 2274//2274 2041//2041 2419//2419
f 2056//2056 2250//2250 2430//2430
f 2250//2250 463//463 2430//2430
f 2145//2145 2369//2369 2550//2550
f 2293//2293 1957//1957 2470//2470
f 2251//2251 448//448 2576//2576
f 2080//2080 2294//2294 2494//2494
f 2026//2026 2282//2282 2424//2424
f 2294//2294 2023//2023 2573//2573
f 2317//2317 2113//2113 2589//2589
f 2361//2361 371//371 2514//2514
f 2338//2338 2635//2635 2828//2828
f 2592//2592 2014//2014 2756//2756
f 2312//2312 2616//2616 2753//2753
f 2076//2076 2282//2282 2352//2352
f 2373//2373 307//307 2585//2585
f 2156//2156 2262//2262 2812//2812
f 2078//2078 2278//2278 2463//2463
f 2278//2278 1958//1958 2463//2463
f 2280//2280 2024//2024 2367//2367
f 2028//2028 2421//2421 2766//2766
f 2626//2626 2274//2274 2789//2789
f 2052//2052 2224//2224 2562//2562
f 2422//2422 2263//2263 2789//2789
f 445//445 444//444 2671//2671
f 2104//2104 2251//2251 2576//2576
f 2026//2026 2391//2391 2856//2856
f 1982//1982 2274//2274 2574//2574
f 2274//2274 2108//2108 2574//2574
f 376//376 2308//2308 2420//2420
f 2114//2114 2318//2318 2610//2610
f 2309//2309 390//390 2421//2421
f 2333//2333 450//450 2623//2623
f 279//279 2418//2418 2860//2860
f 371//371 370//370 2514//2514
f 2301//2301 2037//2037 2501//2501
f 2104//2104 2301//2301 2501//2501
f 372//372 2569//2569 2680//2680
f 2110//2110 2518//2518 2580//2580
f 2291//2291 2015//2015 2698//2698
f 2229//2229 2592//2592 2756//2756
f 2160//2160 2265//2265 2825//2825
f 1982//1982 2481//2481 2779//2779
f 2126//2126 2235//2235 2680//2680
f 2230//2230 2060//2060 2434//2434
f 2061//2061 2231//2231 2435//2435
f 2023//2023 2315//2315 2573//2573
f 2124//2124 2314//2314 2572//2572
f 2315//2315 2125//2125 2573//2573
f 2314//2314 2025//2025 2572//2572
f 2148//2148 2429//2429 2645//2645
f 2038//2038 2493//2493 2795//2795
f 2107//2107 2516//2516 2596//2596
f 432//432 431//431 2310//2310
f 423//423 422//422 2311//2311
f 2256//2256 2069//2069 2565//2565
f 1971//1971 2228//2228 2648//2648
f 2234//2234 2058//2058 2433//2433
f 2276//2276 1960//1960 2584//2584
f 2109//2109 2276//2276 2584//2584
f 2251//2251 2123//2123 2623//2623
f 449//449 2251//2251 2623//2623
f 2140//2140 2661//2661 2767//2767
f 2025//2025 2297//2297 2572//2572
f 2010//2010 2265//2265 2746//2746
f 2530//2530 1997//1997 2663//2663
f 2091//2091 2236//2236 2427//2427
f 2094//2094 2242//2242 2426//2426
f 2338//2338 2120//2120 2635//2635
f 2036//2036 2259//2259 2443//2443
f 2259//2259 2062//2062 2443//2443
f 1954//1954 2229//2229 2502//2502
f 2256//2256 293//293 2492//2492
f 2630//2630 2213//2213 2863//2863
f 2252//2252 2487//2487 2769//2769
f 2235//2235 2100//2100 2490//2490
f 374//374 2235//2235 2490//2490
f 2095//2095 2247//2247 2424//2424
f 2331//2331 2000//2000 2754//2754
f 275//275 276//276 2330//2330
f 296//296 2241//2241 2677//2677
f 2538//2538 2126//2126 2569//2569
f 2127//2127 2539//2539 2568//2568
f 2004//2004 2340//2340 2753//2753
f 2301//2301 2104//2104 2576//2576
f 2034//2034 2250//2250 2444//2444
f 2250//2250 2056//2056 2444//2444
f 2273//2273 2037//2037 2364//2364
f 2036//2036 2276//2276 2365//2365
f 2272//2272 2045//2045 2368//2368
f 2029//2029 2404//2404 2767//2767
f 367//367 366//366 2429//2429
f 306//306 307//307 2373//2373
f 2075//2075 2481//2481 2574//2574
f 2590//2590 1995//1995 2676//2676
f 2110//2110 2396//2396 2518//2518
f 2395//2395 2109//2109 2517//2517
f 2107//2107 2398//2398 2516//2516
f 2144//2144 2389//2389 2593//2593
f 2307//2307 2055//2055 2432//2432
f 2102//2102 2363//2363 2743//2743
f 2243//2243 312//312 2669//2669
f 2260//2260 2040//2040 2445//2445
f 2063//2063 2260//2260 2445//2445
f 2043//2043 2320//2320 2788//2788
f 2042//2042 2319//2319 2787//2787
f 2358//2358 2146//2146 2664//2664
f 2357//2357 2147//2147 2663//2663
f 416//416 415//415 2345//2345
f 2384//2384 2031//2031 2739//2739
f 2099//2099 2233//2233 2456//2456
f 2486//2486 2074//2074 2575//2575
f 2011//2011 2262//2262 2747//2747
f 2399//2399 2075//2075 2574//2574
f 2074//2074 2397//2397 2575//2575
f 2537//2537 2047//2047 2826//2826
f 460//460 2322//2322 2681//2681
f 2072//2072 2323//2323 2485//2485
f 2263//2263 461//461 2681//2681
f 2050//2050 2535//2535 2832//2832
f 2534//2534 2050//2050 2833//2833
f 2228//2228 2598//2598 2809//2809
f 2293//2293 2017//2017 2362//2362
f 2341//2341 2035//2035 2366//2366
f 2457//2457 2234//2234 2657//2657
f 2593//2593 2389//2389 2800//2800
f 2436//2436 2326//2326 2759//2759
f 2009//2009 2258//2258 2394//2394
f 2258//2258 2145//2145 2394//2394
f 2618//2618 2102//2102 2743//2743
f 2301//2301 446//446 2387//2387
f 2389//2389 2144//2144 2482//2482
f 2064//2064 2389//2389 2482//2482
f 2664//2664 2146//2146 2850//2850
f 2233//2233 2099//2099 2491//2491
f 2231//2231 2465//2465 2661//2661
f 2464//2464 2230//2230 2662//2662
f 2460//2460 2154//2154 2529//2529
f 2461//2461 2153//2153 2528//2528
f 2458//2458 2150//2150 2527//2527
f 2505//2505 2042//2042 2787//2787
f 2504//2504 2043//2043 2788//2788
f 2232//2232 2116//2116 2870//2870
f 356//356 357//357 2699//2699
f 340//340 341//341 2700//2700
f 409//409 2252//2252 2692//2692
f 440//440 2239//2239 2451//2451
f 2517//2517 2109//2109 2659//2659
f 434//434 433//433 2702//2702
f 2030//2030 2383//2383 2738//2738
f 2341//2341 2159//2159 2836//2836
f 2158//2158 2340//2340 2835//2835
f 2394//2394 2145//2145 2487//2487
f 2066//2066 2394//2394 2487//2487
f 2290//2290 2066//2066 2772//2772
f 2113//2113 2317//2317 2536//2536
f 2317//2317 2039//2039 2536//2536
f 2422//2422 1982//1982 2779//2779
f 403//403 402//402 2351//2351
f 2055//2055 2266//2266 2712//2712
f 467//467 466//466 2334//2334
f 362//362 363//363 2356//2356
f 2337//2337 2663//2663 2829//2829
f 2336//2336 2664//2664 2830//2830
f 2446//2446 1981//1981 2790//2790
f 2437//2437 2070//2070 2526//2526
f 2186//2186 2437//2437 2526//2526
f 2193//2193 2410//2410 2646//2646
f 2411//2411 2192//2192 2647//2647
f 2021//2021 2296//2296 2371//2371
f 344//344 2238//2238 2552//2552
f 2240//2240 353//353 2551//2551
f 2236//2236 437//437 2545//2545
f 2331//2331 2155//2155 2823//2823
f 2373//2373 2124//2124 2697//2697
f 2021//2021 2284//2284 2466//2466
f 2022//2022 2286//2286 2467//2467
f 2025//2025 2289//2289 2468//2468
f 2246//2246 2072//2072 2485//2485
f 2071//2071 2245//2245 2484//2484
f 2320//2320 318//318 2407//2407
f 2319//2319 327//327 2408//2408
f 2433//2433 2058//2058 2804//2804
f 2327//2327 2437//2437 2748//2748
f 2045//2045 2318//2318 2558//2558
f 2318//2318 2114//2114 2558//2558
f 2185//2185 2476//2476 2817//2817
f 2022//2022 2298//2298 2377//2377
f 2671//2671 2225//2225 2701//2701
f 2072//2072 2246//2246 2853//2853
f 2245//2245 2071//2071 2852//2852
f 2294//2294 1964//1964 2494//2494
f 2086//2086 2359//2359 2478//2478
f 2116//2116 2319//2319 2556//2556
f 2319//2319 2042//2042 2556//2556
f 2115//2115 2320//2320 2557//2557
f 2320//2320 2043//2043 2557//2557
f 2329//2329 2472//2472 2784//2784
f 2328//2328 2471//2471 2785//2785
f 373//373 372//372 2680//2680
f 2131//2131 2263//2263 2681//2681
f 2337//2337 2121//2121 2663//2663
f 2336//2336 2122//2122 2664//2664
f 2123//2123 2251//2251 2670//2670
f 2335//2335 2670//2670 2831//2831
f 2131//2131 2322//2322 2626//2626
f 2322//2322 2041//2041 2626//2626
f 2248//2248 2081//2081 2488//2488
f 2249//2249 2082//2082 2489//2489
f 2373//2373 2697//2697 2839//2839
f 1984//1984 2249//2249 2504//2504
f 1983//1983 2248//2248 2505//2505
f 2320//2320 2407//2407 2788//2788
f 2319//2319 2408//2408 2787//2787
f 2125//2125 2291//2291 2698//2698
f 2345//2345 415//415 2622//2622
f 2434//2434 2060//2060 2803//2803
f 2061//2061 2435//2435 2802//2802
f 2280//2280 1962//1962 2500//2500
f 2079//2079 2280//2280 2500//2500
f 2614//2614 1993//1993 2670//2670
f 385//385 384//384 2383//2383
f 293//293 2256//2256 2706//2706
f 462//462 2263//2263 2430//2430
f 2263//2263 2056//2056 2430//2430
f 2662//2662 2137//2137 2739//2739
f 358//358 359//359 2384//2384
f 362//362 2356//2356 2817//2817
f 2270//2270 2069//2069 2764//2764
f 2335//2335 2123//2123 2670//2670
f 1960//1960 2276//2276 2674//2674
f 2296//2296 2021//2021 2466//2466
f 2297//2297 2025//2025 2468//2468
f 2298//2298 2022//2022 2467//2467
f 2257//2257 270//270 2589//2589
f 2113//2113 2257//2257 2589//2589
f 2066//2066 2252//2252 2480//2480
f 2264//2264 2018//2018 2401//2401
f 338//338 339//339 2404//2404
f 377//377 376//376 2420//2420
f 390//390 389//389 2421//2421
f 2258//2258 2009//2009 2582//2582
f 2084//2084 2258//2258 2582//2582
f 2533//2533 2057//2057 2805//2805
f 2657//2657 2142//2142 2736//2736
f 2073//2073 2325//2325 2516//2516
f 2071//2071 2324//2324 2518//2518
f 2450//2450 2039//2039 2858//2858
f 2018//2018 2264//2264 2562//2562
f 2123//2123 2333//2333 2623//2623
f 282//282 283//283 2392//2392
f 2339//2339 2676//2676 2827//2827
f 2130//2130 2671//2671 2701//2701
f 2321//2321 286//286 2388//2388
f 2329//2329 1968//1968 2488//2488
f 2328//2328 1969//1969 2489//2489
f 367//367 2429//2429 2821//2821
f 2351//2351 402//402 2621//2621
f 395//395 394//394 2343//2343
f 2339//2339 2119//2119 2676//2676
f 1997//1997 2530//2530 2844//2844
f 2076//2076 2460//2460 2529//2529
f 2080//2080 2461//2461 2528//2528
f 2077//2077 2458//2458 2527//2527
f 2331//2331 2048//2048 2372//2372
f 2322//2322 2131//2131 2681//2681
f 2310//2310 431//431 2380//2380
f 2311//2311 422//422 2381//2381
f 267//267 10//10 2568//2568
f 10//10 268//268 2568//2568
f 9//9 261//261 2569//2569
f 372//372 9//9 2569//2569
f 2035//2035 2340//2340 2366//2366
f 2478//2478 2359//2359 2778//2778
f 2056//2056 2263//2263 2422//2422
f 436//436 2253//2253 2545//2545
f 354//354 2254//2254 2551//2551
f 2255//2255 343//343 2552//2552
f 1977//1977 2292//2292 2615//2615
f 2292//2292 2105//2105 2615//2615
f 2444//2444 2056//2056 2779//2779
f 2414//2414 2057//2057 2533//2533
f 2124//2124 2373//2373 2585//2585
f 2145//2145 2258//2258 2757//2757
f 453//453 452//452 2378//2378
f 2062//2062 2259//2259 2625//2625
f 2260//2260 2063//2063 2606//2606
f 2561//2561 2134//2134 2718//2718
f 381//381 380//380 2347//2347
f 427//427 426//426 2349//2349
f 412//412 411//411 2350//2350
f 399//399 398//398 2348//2348
f 2174//2174 2546//2546 2695//2695
f 2522//2522 2049//2049 2841//2841
f 1953//1953 2264//2264 2822//2822
f 2531//2531 2183//2183 2850//2850
f 1956//1956 2296//2296 2523//2523
f 2296//2296 2087//2087 2523//2523
f 2352//2352 1954//1954 2502//2502
f 1972//1972 2277//2277 2527//2527
f 2277//2277 2077//2077 2527//2527
f 1975//1975 2279//2279 2528//2528
f 2279//2279 2080//2080 2528//2528
f 2323//2323 1963//1963 2485//2485
f 2378//2378 452//452 2816//2816
f 2261//2261 2016//2016 2682//2682
f 2326//2326 2074//2074 2544//2544
f 2567//2567 2135//2135 2731//2731
f 2136//2136 2566//2566 2732//2732
f 1992//1992 2307//2307 2607//2607
f 2307//2307 2105//2105 2607//2607
f 2617//2617 2086//2086 2851//2851
f 2282//2282 2076//2076 2529//2529
f 1976//1976 2282//2282 2529//2529
f 290//290 291//291 2354//2354
f 2073//2073 2515//2515 2609//2609
f 2069//2069 2256//2256 2492//2492
f 1967//1967 2306//2306 2484//2484
f 2306//2306 2071//2071 2484//2484
f 2598//2598 2015//2015 2809//2809
f 2253//2253 436//436 2804//2804
f 2308//2308 2100//2100 2570//2570
f 2027//2027 2308//2308 2570//2570
f 2075//2075 2327//2327 2564//2564
f 2353//2353 2171//2171 2445//2445
f 2254//2254 354//354 2803//2803
f 343//343 2255//2255 2802//2802
f 2276//2276 2109//2109 2643//2643
f 2107//2107 2273//2273 2642//2642
f 2356//2356 2185//2185 2817//2817
f 2261//2261 1971//1971 2648//2648
f 2016//2016 2261//2261 2634//2634
f 318//318 319//319 2407//2407
f 327//327 328//328 2408//2408
f 446//446 445//445 2387//2387
f 2166//2166 2368//2368 2558//2558
f 2111//2111 2405//2405 2741//2741
f 2112//2112 2406//2406 2742//2742
f 2142//2142 2310//2310 2736//2736
f 2143//2143 2311//2311 2737//2737
f 2128//2128 2365//2365 2695//2695
f 2334//2334 466//466 2641//2641
f 443//443 442//442 2386//2386
f 379//379 378//378 2412//2412
f 383//383 382//382 2413//2413
f 2568//2568 268//268 2710//2710
f 2105//2105 2292//2292 2474//2474
f 2515//2515 2217//2217 2609//2609
f 2258//2258 2385//2385 2757//2757
f 2121//2121 2345//2345 2622//2622
f 349//349 350//350 2390//2390
f 425//425 424//424 2415//2415
f 2310//2310 2032//2032 2736//2736
f 2311//2311 2033//2033 2737//2737
f 2275//2275 1979//1979 2854//2854
f 2364//2364 2130//2130 2701//2701
f 2224//2224 2386//2386 2840//2840
f 2405//2405 2519//2519 2741//2741
f 2406//2406 2520//2520 2742//2742
f 347//347 348//348 2391//2391
f 2228//2228 2385//2385 2598//2598
f 2268//2268 313//313 2694//2694
f 409//409 408//408 2480//2480
f 2409//2409 2211//2211 2511//2511
f 281//281 2260//2260 2606//2606
f 2259//2259 277//277 2625//2625
f 2346//2346 2003//2003 2555//2555
f 1995//1995 2590//2590 2780//2780
f 2507//2507 1974//1974 2722//2722
f 2066//2066 2480//2480 2772//2772
f 2264//2264 2217//2217 2815//2815
f 1956//1956 2273//2273 2683//2683
f 2273//2273 2107//2107 2683//2683
f 2122//2122 2351//2351 2621//2621
f 1974//1974 2288//2288 2440//2440
f 1973//1973 2283//2283 2441//2441
f 2067//2067 2269//2269 2469//2469
f 2269//2269 387//387 2469//2469
f 2009//2009 2473//2473 2582//2582
f 2473//2473 2205//2205 2582//2582
f 2265//2265 333//333 2865//2865
f 2048//2048 2331//2331 2823//2823
f 418//418 417//417 2379//2379
f 2276//2276 2036//2036 2674//2674
f 2401//2401 2085//2085 2822//2822
f 2679//2679 1973//1973 2721//2721
f 2262//2262 2120//2120 2747//2747
f 2068//2068 2268//2268 2694//2694
f 2311//2311 2143//2143 2730//2730
f 285//285 2321//2321 2776//2776
f 313//313 2268//2268 2669//2669
f 2065//2065 2334//2334 2417//2417
f 2334//2334 2118//2118 2417//2417
f 2307//2307 2432//2432 2615//2615
f 2368//2368 2045//2045 2558//2558
f 2195//2195 2378//2378 2816//2816
f 2090//2090 2438//2438 2590//2590
f 2438//2438 2176//2176 2590//2590
f 423//423 2311//2311 2730//2730
f 2266//2266 2059//2059 2514//2514
f 2085//2085 2560//2560 2822//2822
f 2270//2270 295//295 2677//2677
f 2335//2335 2154//2154 2460//2460
f 2337//2337 2152//2152 2462//2462
f 2336//2336 2153//2153 2461//2461
f 2338//2338 2151//2151 2459//2459
f 2339//2339 2150//2150 2458//2458
f 2118//2118 2334//2334 2641//2641
f 286//286 287//287 2388//2388
f 2054//2054 2543//2543 2859//2859
f 268//268 269//269 2710//2710
f 1981//1981 2431//2431 2786//2786
f 2341//2341 2366//2366 2847//2847
f 2035//2035 2341//2341 2836//2836
f 2340//2340 2035//2035 2835//2835
f 2066//2066 2290//2290 2750//2750
f 2325//2325 1988//1988 2516//2516
f 2324//2324 1991//1991 2518//2518
f 1980//1980 2400//2400 2515//2515
f 1990//1990 2305//2305 2517//2517
f 2305//2305 2072//2072 2517//2517
f 405//405 404//404 2382//2382
f 2256//2256 2565//2565 2771//2771
f 2275//2275 2110//2110 2475//2475
f 2403//2403 2055//2055 2712//2712
f 2068//2068 2409//2409 2511//2511
f 457//457 2262//2262 2631//2631
f 2262//2262 2156//2156 2631//2631
f 2635//2635 1994//1994 2828//2828
f 264//264 265//265 2442//2442
f 422//422 421//421 2381//2381
f 431//431 430//430 2380//2380
f 2287//2287 1972//1972 2479//2479
f 2285//2285 1973//1973 2478//2478
f 2265//2265 2160//2160 2639//2639
f 333//333 2265//2265 2639//2639
f 2376//2376 2038//2038 2571//2571
f 435//435 434//434 2433//2433
f 1959//1959 2297//2297 2600//2600
f 2298//2298 2089//2089 2599//2599
f 2297//2297 2088//2088 2600//2600
f 1965//1965 2298//2298 2599//2599
f 302//302 2291//2291 2796//2796
f 2385//2385 1971//1971 2757//2757
f 341//341 342//342 2435//2435
f 355//355 356//356 2434//2434
f 2266//2266 369//369 2712//2712
f 2292//2292 2762//2762 2864//2864
f 293//293 294//294 2492//2492
f 1981//1981 2575//2575 2773//2773
f 2089//2089 2467//2467 2498//2498
f 2087//2087 2466//2466 2499//2499
f 2043//2043 2375//2375 2557//2557
f 2042//2042 2374//2374 2556//2556
f 2762//2762 2034//2034 2864//2864
f 2089//2089 2298//2298 2467//2467
f 2088//2088 2297//2297 2468//2468
f 2087//2087 2296//2296 2466//2466
f 2127//2127 2710//2710 2846//2846
f 331//331 2355//2355 2857//2857
f 2313//2313 2118//2118 2641//2641
f 2543//2543 2226//2226 2859//2859
f 2083//2083 2369//2369 2682//2682
f 2487//2487 2008//2008 2769//2769
f 2342//2342 1992//1992 2439//2439
f 2053//2053 2563//2563 2814//2814
f 2314//2314 308//308 2869//2869
f 300//300 2315//2315 2868//2868
f 2511//2511 2001//2001 2820//2820
f 2546//2546 2128//2128 2695//2695
f 2192//2192 2341//2341 2847//2847
f 2019//2019 2285//2285 2778//2778
f 2170//2170 2376//2376 2571//2571
f 2271//2271 2111//2111 2741//2741
f 2431//2431 1981//1981 2773//2773
f 2098//2098 2346//2346 2555//2555
f 2141//2141 2269//2269 2638//2638
f 2530//2530 2184//2184 2844//2844
f 2024//2024 2280//2280 2745//2745
f 2020//2020 2278//2278 2744//2744
f 2442//2442 2064//2064 2510//2510
f 2372//2372 2197//2197 2581//2581
f 1984//1984 2272//2272 2742//2742
f 1983//1983 2271//2271 2741//2741
f 2290//2290 407//407 2711//2711
f 1961//1961 2372//2372 2581//2581
f 465//465 2313//2313 2641//2641
f 2375//2375 2168//2168 2557//2557
f 2374//2374 2167//2167 2556//2556
f 2039//2039 2370//2370 2536//2536
f 2317//2317 272//272 2454//2454
f 1962//1962 2280//2280 2719//2719
f 295//295 2270//2270 2764//2764
f 2057//2057 2634//2634 2648//2648
f 2634//2634 2261//2261 2648//2648
f 2076//2076 2352//2352 2502//2502
f 1966//1966 2326//2326 2544//2544
f 2210//2210 2617//2617 2851//2851
f 2330//2330 2036//2036 2793//2793
f 2045//2045 2272//2272 2653//2653
f 2044//2044 2271//2271 2654//2654
f 2088//2088 2468//2468 2507//2507
f 2370//2370 2169//2169 2536//2536
f 2110//2110 2275//2275 2854//2854
f 322//322 2318//2318 2455//2455
f 2041//2041 2274//2274 2626//2626
f 2379//2379 417//417 2843//2843
f 2069//2069 2492//2492 2764//2764
f 2316//2316 429//429 2862//2862
f 1958//1958 2278//2278 2726//2726
f 2275//2275 2040//2040 2655//2655
f 2315//2315 2242//2242 2868//2868
f 2244//2244 2314//2314 2869//2869
f 2273//2273 1956//1956 2668//2668
f 2291//2291 2125//2125 2796//2796
f 330//330 331//331 2857//2857
f 2283//2283 2020//2020 2744//2744
f 2288//2288 2024//2024 2745//2745
f 2284//2284 2095//2095 2687//2687
f 1976//1976 2284//2284 2687//2687
f 2287//2287 2091//2091 2688//2688
f 1975//1975 2286//2286 2689//2689
f 2286//2286 2094//2094 2689//2689
f 1972//1972 2287//2287 2688//2688
f 2291//2291 302//302 2656//2656
f 2486//2486 2171//2171 2544//2544
f 303//303 2533//2533 2656//2656
f 2288//2288 1974//1974 2691//2691
f 1974//1974 2289//2289 2691//2691
f 2289//2289 2093//2093 2691//2691
f 2093//2093 2288//2288 2691//2691
f 2283//2283 1973//1973 2690//2690
f 1973//1973 2285//2285 2690//2690
f 2092//2092 2283//2283 2690//2690
f 2285//2285 2092//2092 2690//2690
f 2194//2194 2290//2290 2711//2711
f 395//395 2343//2343 2724//2724
f 2343//2343 394//394 2723//2723
f 2710//2710 2257//2257 2846//2846
f 304//304 305//305 2414//2414
f 2327//2327 1955//1955 2564//2564
f 407//407 2290//2290 2772//2772
f 2177//2177 2291//2291 2656//2656
f 2481//2481 2075//2075 2564//2564
f 2182//2182 2481//2481 2564//2564
f 2449//2449 2051//2051 2782//2782
f 2312//2312 392//392 2542//2542
f 2130//2130 2364//2364 2783//2783
f 412//412 2350//2350 2673//2673
f 399//399 2348//2348 2672//2672
f 2100//2100 2532//2532 2570//2570
f 2532//2532 2209//2209 2570//2570
f 2365//2365 1978//1978 2695//2695
f 2365//2365 2128//2128 2793//2793
f 2119//2119 2746//2746 2865//2865
f 429//429 2316//2316 2559//2559
f 427//427 2349//2349 2709//2709
f 2074//2074 2486//2486 2544//2544
f 2348//2348 398//398 2713//2713
f 2059//2059 2342//2342 2439//2439
f 275//275 2330//2330 2777//2777
f 2383//2383 2139//2139 2738//2738
f 1980//1980 2364//2364 2701//2701
f 2664//2664 1996//1996 2830//2830
f 2663//2663 1997//1997 2829//2829
f 314//314 315//315 2409//2409
f 2332//2332 2034//2034 2444//2444
f 2322//2322 459//459 2477//2477
f 2365//2365 2276//2276 2643//2643
f 2273//2273 2364//2364 2642//2642
f 2292//2292 1977//1977 2636//2636
f 2202//2202 2379//2379 2843//2843
f 2350//2350 411//411 2735//2735
f 2059//2059 2356//2356 2770//2770
f 290//290 2354//2354 2717//2717
f 2207//2207 2447//2447 2697//2697
f 2447//2447 2016//2016 2697//2697
f 2137//2137 2384//2384 2739//2739
f 2083//2083 2447//2447 2578//2578
f 2453//2453 2181//2181 2616//2616
f 2101//2101 2453//2453 2616//2616
f 2032//2032 2310//2310 2811//2811
f 2033//2033 2311//2311 2810//2810
f 2152//2152 2507//2507 2722//2722
f 2361//2361 2059//2059 2770//2770
f 406//406 2665//2665 2711//2711
f 1957//1957 2293//2293 2715//2715
f 2670//2670 1993//1993 2831//2831
f 292//292 293//293 2706//2706
f 2303//2303 2073//2073 2609//2609
f 1953//1953 2303//2303 2609//2609
f 2746//2746 2265//2265 2865//2865
f 410//410 409//409 2692//2692
f 1962//1962 2630//2630 2863//2863
f 2356//2356 2059//2059 2439//2439
f 2185//2185 2356//2356 2439//2439
f 2382//2382 404//404 2849//2849
f 2099//2099 2630//2630 2820//2820
f 2462//2462 2152//2152 2722//2722
f 2459//2459 2151//2151 2721//2721
f 1993//1993 2614//2614 2768//2768
f 433//433 432//432 2799//2799
f 2321//2321 2129//2129 2776//2776
f 397//397 396//396 2425//2425
f 2138//2138 2420//2420 2740//2740
f 2298//2298 1965//1965 2707//2707
f 2101//2101 2312//2312 2542//2542
f 2039//2039 2317//2317 2858//2858
f 2332//2332 1955//1955 2474//2474
f 2296//2296 1956//1956 2705//2705
f 2014//2014 2335//2335 2460//2460
f 2011//2011 2338//2338 2459//2459
f 2013//2013 2336//2336 2461//2461
f 2012//2012 2337//2337 2462//2462
f 2010//2010 2339//2339 2458//2458
f 2118//2118 2313//2313 2762//2762
f 308//308 2314//2314 2585//2585
f 2315//2315 300//300 2586//2586
f 426//426 425//425 2561//2561
f 2040//2040 2353//2353 2445//2445
f 380//380 379//379 2567//2567
f 382//382 381//381 2566//2566
f 2477//2477 458//458 2631//2631
f 2316//2316 2103//2103 2559//2559
f 2310//2310 2142//2142 2799//2799
f 2204//2204 2382//2382 2849//2849
f 2105//2105 2307//2307 2615//2615
f 2354//2354 291//291 2734//2734
f 278//278 279//279 2860//2860
f 2419//2419 1958//1958 2684//2684
f 2300//2300 1986//1986 2845//2845
f 2423//2423 1957//1957 2685//2685
f 2359//2359 2086//2086 2617//2617
f 2314//2314 2124//2124 2585//2585
f 2125//2125 2315//2315 2586//2586
f 2032//2032 2299//2299 2736//2736
f 2033//2033 2300//2300 2737//2737
f 463//463 462//462 2430//2430
f 2210//2210 2449//2449 2782//2782
f 1989//1989 2304//2304 2838//2838
f 2305//2305 1990//1990 2837//2837
f 2471//2471 2102//2102 2618//2618
f 2179//2179 2471//2471 2618//2618
f 2472//2472 2103//2103 2619//2619
f 2178//2178 2472//2472 2619//2619
f 2318//2318 2045//2045 2861//2861
f 432//432 2310//2310 2799//2799
f 420//420 2363//2363 2644//2644
f 2313//2313 2034//2034 2762//2762
f 2391//2391 2164//2164 2856//2856
f 2304//2304 2030//2030 2738//2738
f 2027//2027 2305//2305 2740//2740
f 2031//2031 2302//2302 2739//2739
f 2303//2303 1953//1953 2686//2686
f 2676//2676 1995//1995 2827//2827
f 2563//2563 2227//2227 2814//2814
f 2306//2306 1967//1967 2720//2720
f 2414//2414 305//305 2866//2866
f 451//451 2333//2333 2816//2816
f 2333//2333 2195//2195 2816//2816
f 2590//2590 2176//2176 2780//2780
f 403//403 2351//2351 2849//2849
f 2351//2351 2204//2204 2849//2849
f 2345//2345 2202//2202 2843//2843
f 416//416 2345//2345 2843//2843
f 2084//2084 2448//2448 2598//2598
f 1971//1971 2369//2369 2757//2757
f 2369//2369 2145//2145 2757//2757
f 2393//2393 2065//2065 2842//2842
f 2533//2533 2177//2177 2656//2656
f 2509//2509 2175//2175 2547//2547
f 2129//2129 2509//2509 2547//2547
f 2225//2225 2400//2400 2701//2701
f 2370//2370 2246//2246 2485//2485
f 1963//1963 2370//2370 2485//2485
f 299//299 300//300 2868//2868
f 308//308 309//309 2869//2869
f 2336//2336 2013//2013 2708//2708
f 2122//2122 2336//2336 2708//2708
f 1966//1966 2353//2353 2475//2475
f 2158//2158 2312//2312 2753//2753
f 313//313 314//314 2694//2694
f 459//459 458//458 2477//2477
f 2578//2578 2447//2447 2794//2794
f 2346//2346 2188//2188 2640//2640
f 303//303 304//304 2533//2533
f 2121//2121 2337//2337 2714//2714
f 2337//2337 2012//2012 2714//2714
f 2085//2085 2401//2401 2479//2479
f 2221//2221 2414//2414 2866//2866
f 2724//2724 2343//2343 2836//2836
f 2343//2343 2723//2723 2835//2835
f 2452//2452 2053//2053 2814//2814
f 2172//2172 2512//2512 2548//2548
f 2512//2512 2132//2132 2548//2548
f 2173//2173 2513//2513 2549//2549
f 2513//2513 2133//2133 2549//2549
f 2578//2578 1959//1959 2579//2579
f 2203//2203 2578//2578 2579//2579
f 406//406 405//405 2665//2665
f 2330//2330 2128//2128 2777//2777
f 2375//2375 1969//1969 2806//2806
f 2168//2168 2375//2375 2806//2806
f 2702//2702 433//433 2799//2799
f 421//421 420//420 2644//2644
f 2334//2334 2065//2065 2716//2716
f 2428//2428 278//278 2860//2860
f 2156//2156 2477//2477 2631//2631
f 2368//2368 1961//1961 2733//2733
f 2065//2065 2417//2417 2645//2645
f 2065//2065 2429//2429 2842//2842
f 2335//2335 2014//2014 2725//2725
f 2123//2123 2335//2335 2725//2725
f 1972//1972 2527//2527 2678//2678
f 441//441 440//440 2451//2451
f 368//368 367//367 2821//2821
f 468//468 467//467 2716//2716
f 2321//2321 2038//2038 2795//2795
f 2129//2129 2321//2321 2795//2795
f 2375//2375 2249//2249 2489//2489
f 1968//1968 2374//2374 2488//2488
f 1969//1969 2375//2375 2489//2489
f 2374//2374 2248//2248 2488//2488
f 2165//2165 2501//2501 2668//2668
f 2404//2404 2140//2140 2767//2767
f 2530//2530 2147//2147 2792//2792
f 2355//2355 331//331 2577//2577
f 429//429 428//428 2862//2862
f 280//280 281//281 2606//2606
f 1987//1987 2464//2464 2662//2662
f 2465//2465 1988//1988 2661//2661
f 272//272 273//273 2454//2454
f 419//419 418//418 2651//2651
f 277//277 278//278 2625//2625
f 2376//2376 1967//1967 2484//2484
f 2245//2245 2376//2376 2484//2484
f 2348//2348 2713//2713 2826//2826
f 2569//2569 2126//2126 2680//2680
f 2198//2198 2402//2402 2583//2583
f 2402//2402 1960//1960 2583//2583
f 1960//1960 2402//2402 2584//2584
f 2402//2402 2199//2199 2584//2584
f 2498//2498 1975//1975 2528//2528
f 2153//2153 2498//2498 2528//2528
f 2499//2499 1976//1976 2529//2529
f 2154//2154 2499//2499 2529//2529
f 2709//2709 2349//2349 2823//2823
f 2543//2543 2013//2013 2751//2751
f 333//333 334//334 2865//2865
f 321//321 322//322 2455//2455
f 2720//2720 1967//1967 2808//2808
f 2324//2324 2028//2028 2766//2766
f 2325//2325 2029//2029 2767//2767
f 1985//1985 2457//2457 2657//2657
f 2326//2326 1966//1966 2759//2759
f 1955//1955 2327//2327 2748//2748
f 2059//2059 2361//2361 2514//2514
f 2421//2421 2141//2141 2766//2766
f 364//364 2361//2361 2770//2770
f 2350//2350 2735//2735 2841//2841
f 2380//2380 430//430 2559//2559
f 2563//2563 2012//2012 2752//2752
f 2717//2717 2354//2354 2832//2832
f 2007//2007 2565//2565 2675//2675
f 2416//2416 2180//2180 2635//2635
f 2278//2278 2360//2360 2726//2726
f 2177//2177 2533//2533 2805//2805
f 437//437 436//436 2545//2545
f 2607//2607 2105//2105 2760//2760
f 2755//2755 2216//2216 2825//2825
f 343//343 344//344 2552//2552
f 353//353 354//354 2551//2551
f 2280//2280 2367//2367 2719//2719
f 2389//2389 2064//2064 2824//2824
f 295//295 296//296 2677//2677
f 312//312 313//313 2669//2669
f 2363//2363 420//420 2834//2834
f 2103//2103 2380//2380 2559//2559
f 2393//2393 468//468 2716//2716
f 387//387 386//386 2469//2469
f 2226//2226 2543//2543 2751//2751
f 301//301 302//302 2796//2796
f 2272//2272 2733//2733 2742//2742
f 2403//2403 368//368 2821//2821
f 2117//2117 2388//2388 2608//2608
f 2388//2388 287//287 2608//2608
f 2394//2394 2066//2066 2750//2750
f 397//397 2425//2425 2713//2713
f 2344//2344 2117//2117 2608//2608
f 288//288 2344//2344 2608//2608
f 2761//2761 2212//2212 2812//2812
f 1969//1969 2328//2328 2785//2785
f 1968//1968 2329//2329 2784//2784
f 360//360 361//361 2476//2476
f 2349//2349 426//426 2561//2561
f 2119//2119 2339//2339 2746//2746
f 2339//2339 2010//2010 2746//2746
f 2227//2227 2563//2563 2752//2752
f 2338//2338 2011//2011 2747//2747
f 2120//2120 2338//2338 2747//2747
f 2425//2425 2157//2157 2713//2713
f 2673//2673 2350//2350 2792//2792
f 2672//2672 2348//2348 2791//2791
f 454//454 453//453 2613//2613
f 2733//2733 2112//2112 2742//2742
f 381//381 2347//2347 2566//2566
f 2347//2347 380//380 2567//2567
f 2518//2518 1991//1991 2580//2580
f 2034//2034 2332//2332 2864//2864
f 2213//2213 2452//2452 2814//2814
f 2151//2151 2679//2679 2721//2721
f 2432//2432 1977//1977 2615//2615
f 2063//2063 2418//2418 2606//2606
f 2183//2183 2553//2553 2599//2599
f 2553//2553 1965//1965 2599//2599
f 2458//2458 2077//2077 2755//2755
f 2459//2459 2078//2078 2761//2761
f 2078//2078 2463//2463 2761//2761
f 392//392 391//391 2542//2542
f 2450//2450 2174//2174 2695//2695
f 2077//2077 2470//2470 2755//2755
f 430//430 429//429 2559//2559
f 2128//2128 2330//2330 2793//2793
f 2246//2246 2450//2450 2853//2853
f 2450//2450 1978//1978 2853//2853
f 363//363 364//364 2770//2770
f 2174//2174 2450//2450 2858//2858
f 2428//2428 2062//2062 2625//2625
f 1964//1964 2797//2797 2798//2798
f 336//336 337//337 2483//2483
f 2425//2425 396//396 2724//2724
f 2159//2159 2425//2425 2724//2724
f 2418//2418 280//280 2606//2606
f 2508//2508 1996//1996 2855//2855
f 2565//2565 2191//2191 2675//2675
f 331//331 332//332 2577//2577
f 420//420 419//419 2834//2834
f 441//441 2451//2451 2840//2840
f 2201//2201 2411//2411 2647//2647
f 2410//2410 2200//2200 2646//2646
f 2409//2409 2068//2068 2694//2694
f 2501//2501 2165//2165 2614//2614
f 2104//2104 2501//2501 2614//2614
f 2516//2516 1988//1988 2596//2596
f 2665//2665 2194//2194 2711//2711
f 375//375 374//374 2490//2490
f 2598//2598 2448//2448 2818//2818
f 2073//2073 2398//2398 2515//2515
f 2079//2079 2462//2462 2722//2722
f 2078//2078 2459//2459 2721//2721
f 2155//2155 2754//2754 2862//2862
f 278//278 2428//2428 2625//2625
f 2565//2565 2007//2007 2771//2771
f 2495//2495 1995//1995 2780//2780
f 2036//2036 2443//2443 2674//2674
f 2333//2333 2123//2123 2725//2725
f 2451//2451 2224//2224 2840//2840
f 2579//2579 1959//1959 2600//2600
f 2184//2184 2579//2579 2600//2600
f 2003//2003 2629//2629 2870//2870
f 2591//2591 2111//2111 2685//2685
f 2220//2220 2591//2591 2685//2685
f 2497//2497 1997//1997 2844//2844
f 263//263 264//264 2510//2510
f 2166//2166 2346//2346 2640//2640
f 2086//2086 2496//2496 2851//2851
f 2172//2172 2548//2548 2857//2857
f 2016//2016 2447//2447 2682//2682
f 2218//2218 2595//2595 2684//2684
f 2596//2596 2219//2219 2683//2683
f 2107//2107 2596//2596 2683//2683
f 2595//2595 2108//2108 2684//2684
f 2369//2369 2083//2083 2550//2550
f 467//467 2334//2334 2716//2716
f 2472//2472 2178//2178 2784//2784
f 2471//2471 2179//2179 2785//2785
f 2503//2503 1991//1991 2638//2638
f 2754//2754 2316//2316 2862//2862
f 2354//2354 2734//2734 2833//2833
f 2310//2310 2380//2380 2811//2811
f 2311//2311 2381//2381 2810//2810
f 2357//2357 2121//2121 2622//2622
f 414//414 2357//2357 2622//2622
f 401//401 2358//2358 2621//2621
f 2358//2358 2122//2122 2621//2621
f 2154//2154 2335//2335 2831//2831
f 2152//2152 2337//2337 2829//2829
f 2153//2153 2336//2336 2830//2830
f 2151//2151 2338//2338 2828//2828
f 2150//2150 2339//2339 2827//2827
f 2227//2227 2500//2500 2863//2863
f 1974//1974 2440//2440 2722//2722
f 1973//1973 2441//2441 2721//2721
f 2016//2016 2634//2634 2839//2839
f 369//369 368//368 2712//2712
f 2418//2418 2149//2149 2860//2860
f 2630//2630 2190//2190 2820//2820
f 2429//2429 2148//2148 2821//2821
f 2373//2373 2221//2221 2866//2866
f 306//306 2373//2373 2866//2866
f 2452//2452 2002//2002 2743//2743
f 2187//2187 2452//2452 2743//2743
f 1968//1968 2784//2784 2813//2813
f 2527//2527 2150//2150 2678//2678
f 2386//2386 442//442 2840//2840
f 407//407 406//406 2711//2711
f 2209//2209 2758//2758 2765//2765
f 2345//2345 2121//2121 2714//2714
f 2344//2344 2161//2161 2749//2749
f 1964//1964 2448//2448 2797//2797
f 2219//2219 2371//2371 2705//2705
f 274//274 275//275 2777//2777
f 284//284 285//285 2776//2776
f 2473//2473 2054//2054 2859//2859
f 1987//1987 2399//2399 2595//2595
f 2399//2399 2108//2108 2595//2595
f 2383//2383 384//384 2729//2729
f 2139//2139 2383//2383 2729//2729
f 300//300 301//301 2586//2586
f 307//307 308//308 2585//2585
f 2351//2351 2122//2122 2708//2708
f 2189//2189 2436//2436 2759//2759
f 342//342 343//343 2802//2802
f 354//354 355//355 2803//2803
f 2121//2121 2357//2357 2663//2663
f 2122//2122 2358//2358 2664//2664
f 2364//2364 2037//2037 2783//2783
f 436//436 435//435 2804//2804
f 456//456 455//455 2703//2703
f 319//319 320//320 2775//2775
f 328//328 329//329 2774//2774
f 2363//2363 2102//2102 2644//2644
f 2500//2500 1962//1962 2863//2863
f 2461//2461 2080//2080 2751//2751
f 2065//2065 2393//2393 2716//2716
f 2164//2164 2391//2391 2807//2807
f 2391//2391 348//348 2807//2807
f 2614//2614 2165//2165 2768//2768
f 2494//2494 1964//1964 2798//2798
f 2226//2226 2494//2494 2798//2798
f 2380//2380 2103//2103 2811//2811
f 2381//2381 2102//2102 2810//2810
f 2071//2071 2396//2396 2852//2852
f 2395//2395 2072//2072 2853//2853
f 2349//2349 2048//2048 2823//2823
f 2581//2581 2197//2197 2660//2660
f 2112//2112 2581//2581 2660//2660
f 2462//2462 2079//2079 2752//2752
f 2612//2612 1970//1970 2646//2646
f 2200//2200 2612//2612 2646//2646
f 2612//2612 2201//2201 2647//2647
f 1970//1970 2612//2612 2647//2647
f 448//448 447//447 2576//2576
f 2364//2364 1980//1980 2642//2642
f 1978//1978 2365//2365 2643//2643
f 1985//1985 2405//2405 2591//2591
f 2405//2405 2111//2111 2591//2591
f 2476//2476 361//361 2817//2817
f 2398//2398 1980//1980 2515//2515
f 2198//2198 2583//2583 2658//2658
f 2583//2583 2106//2106 2658//2658
f 2109//2109 2584//2584 2659//2659
f 2584//2584 2199//2199 2659//2659
f 2000//2000 2619//2619 2754//2754
f 349//349 2390//2390 2807//2807
f 2390//2390 2164//2164 2807//2807
f 2412//2412 2138//2138 2525//2525
f 2139//2139 2413//2413 2524//2524
f 2186//2186 2607//2607 2760//2760
f 357//357 358//358 2801//2801
f 2398//2398 2073//2073 2516//2516
f 2396//2396 2071//2071 2518//2518
f 2072//2072 2395//2395 2517//2517
f 2437//2437 2186//2186 2748//2748
f 2460//2460 2076//2076 2756//2756
f 368//368 2403//2403 2712//2712
f 316//316 317//317 2587//2587
f 325//325 326//326 2588//2588
f 2415//2415 2143//2143 2521//2521
f 2142//2142 2657//2657 2702//2702
f 2657//2657 2234//2234 2702//2702
f 2535//2535 2161//2161 2832//2832
f 2162//2162 2534//2534 2833//2833
f 2381//2381 421//421 2644//2644
f 270//270 271//271 2589//2589
f 2181//2181 2453//2453 2720//2720
f 453//453 2378//2378 2613//2613
f 2292//2292 2636//2636 2762//2762
f 351//351 352//352 2602//2602
f 439//439 438//438 2601//2601
f 297//297 298//298 2604//2604
f 310//310 311//311 2603//2603
f 345//345 346//346 2605//2605
f 2362//2362 2220//2220 2715//2715
f 2405//2405 2081//2081 2519//2519
f 2406//2406 2082//2082 2520//2520
f 287//287 288//288 2608//2608
f 2157//2157 2537//2537 2826//2826
f 2616//2616 2004//2004 2753//2753
f 2036//2036 2365//2365 2793//2793
f 2662//2662 2230//2230 2699//2699
f 2661//2661 2140//2140 2700//2700
f 2137//2137 2662//2662 2699//2699
f 2231//2231 2661//2661 2700//2700
f 2572//2572 2207//2207 2697//2697
f 2124//2124 2572//2572 2697//2697
f 2573//2573 2125//2125 2698//2698
f 2208//2208 2573//2573 2698//2698
f 323//323 324//324 2610//2610
f 2127//2127 2568//2568 2710//2710
f 2293//2293 2362//2362 2715//2715
f 2080//2080 2494//2494 2751//2751
f 419//419 2651//2651 2834//2834
f 1967//1967 2540//2540 2808//2808
f 2481//2481 1982//1982 2574//2574
f 2446//2446 2171//2171 2486//2486
f 2079//2079 2500//2500 2752//2752
f 2272//2272 2368//2368 2733//2733
f 2554//2554 1968//1968 2813//2813
f 2355//2355 2172//2172 2857//2857
f 302//302 303//303 2656//2656
f 2102//2102 2381//2381 2644//2644
f 1977//1977 2417//2417 2636//2636
f 2417//2417 2118//2118 2636//2636
f 2134//2134 2415//2415 2521//2521
f 2356//2356 363//363 2770//2770
f 2044//2044 2355//2355 2848//2848
f 2594//2594 2004//2004 2616//2616
f 2181//2181 2594//2594 2616//2616
f 2360//2360 2218//2218 2726//2726
f 339//339 340//340 2819//2819
f 2481//2481 2182//2182 2779//2779
f 2135//2135 2412//2412 2525//2525
f 2413//2413 2136//2136 2524//2524
f 2536//2536 2169//2169 2627//2627
f 2113//2113 2536//2536 2627//2627
f 2537//2537 2157//2157 2611//2611
f 2005//2005 2537//2537 2611//2611
f 2076//2076 2502//2502 2756//2756
f 334//334 335//335 2620//2620
f 402//402 401//401 2621//2621
f 450//450 449//449 2623//2623
f 415//415 414//414 2622//2622
f 2006//2006 2410//2410 2541//2541
f 2410//2410 2096//2096 2541//2541
f 1979//1979 2493//2493 2852//2852
f 2493//2493 2245//2245 2852//2852
f 2006//2006 2637//2637 2749//2749
f 2385//2385 2084//2084 2598//2598
f 2432//2432 2148//2148 2645//2645
f 1977//1977 2432//2432 2645//2645
f 2506//2506 1993//1993 2768//2768
f 458//458 457//457 2631//2631
f 2000//2000 2597//2597 2619//2619
f 2597//2597 2178//2178 2619//2619
f 2359//2359 2019//2019 2778//2778
f 2791//2791 2348//2348 2826//2826
f 2047//2047 2791//2791 2826//2826
f 2397//2397 2106//2106 2575//2575
f 2108//2108 2399//2399 2574//2574
f 2493//2493 1979//1979 2509//2509
f 2129//2129 2493//2493 2509//2509
f 304//304 2414//2414 2533//2533
f 332//332 333//333 2639//2639
f 2367//2367 2190//2190 2719//2719
f 2363//2363 2187//2187 2743//2743
f 466//466 465//465 2641//2641
f 1981//1981 2486//2486 2575//2575
f 2006//2006 2541//2541 2637//2637
f 2541//2541 2170//2170 2637//2637
f 2176//2176 2438//2438 2686//2686
f 2371//2371 2296//2296 2705//2705
f 1981//1981 2446//2446 2486//2486
f 2512//2512 2172//2172 2654//2654
f 2513//2513 2173//2173 2653//2653
f 418//418 2379//2379 2651//2651
f 2361//2361 364//364 2867//2867
f 371//371 2361//2361 2867//2867
f 2138//2138 2412//2412 2728//2728
f 2412//2412 378//378 2728//2728
f 2413//2413 2139//2139 2729//2729
f 383//383 2413//2413 2729//2729
f 2415//2415 424//424 2730//2730
f 2143//2143 2415//2415 2730//2730
f 1961//1961 2581//2581 2733//2733
f 2377//2377 2298//2298 2707//2707
f 455//455 2416//2416 2703//2703
f 264//264 2442//2442 2510//2510
f 2163//2163 2522//2522 2841//2841
f 2555//2555 2003//2003 2633//2633
f 2167//2167 2555//2555 2633//2633
f 2175//2175 2509//2509 2655//2655
f 2558//2558 2114//2114 2629//2629
f 2166//2166 2558//2558 2629//2629
f 2116//2116 2556//2556 2633//2633
f 2556//2556 2167//2167 2633//2633
f 2115//2115 2557//2557 2632//2632
f 2557//2557 2168//2168 2632//2632
f 2627//2627 1999//1999 2846//2846
f 1984//1984 2504//2504 2513//2513
f 2505//2505 2132//2132 2512//2512
f 2504//2504 2133//2133 2513//2513
f 1983//1983 2505//2505 2512//2512
f 2187//2187 2363//2363 2834//2834
f 2395//2395 1978//1978 2643//2643
f 2109//2109 2395//2395 2643//2643
f 1980//1980 2398//2398 2642//2642
f 2398//2398 2107//2107 2642//2642
f 2049//2049 2792//2792 2841//2841
f 2792//2792 2350//2350 2841//2841
f 405//405 2382//2382 2665//2665
f 294//294 295//295 2764//2764
f 400//400 399//399 2672//2672
f 413//413 412//412 2673//2673
f 2366//2366 1970//1970 2847//2847
f 2205//2205 2473//2473 2859//2859
f 461//461 460//460 2681//2681
f 2491//2491 2099//2099 2820//2820
f 2010//2010 2755//2755 2825//2825
f 2191//2191 2377//2377 2707//2707
f 2317//2317 2454//2454 2858//2858
f 2571//2571 2117//2117 2637//2637
f 2170//2170 2571//2571 2637//2637
f 408//408 407//407 2772//2772
f 2411//2411 2007//2007 2675//2675
f 291//291 292//292 2734//2734
f 2116//2116 2633//2633 2870//2870
f 2523//2523 2165//2165 2668//2668
f 1956//1956 2523//2523 2668//2668
f 2634//2634 2221//2221 2839//2839
f 2169//2169 2593//2593 2800//2800
f 2011//2011 2761//2761 2812//2812
f 428//428 427//427 2709//2709
f 2452//2452 2213//2213 2781//2781
f 2002//2002 2452//2452 2781//2781
f 398//398 397//397 2713//2713
f 2106//2106 2397//2397 2658//2658
f 2397//2397 1989//1989 2658//2658
f 366//366 365//365 2842//2842
f 2152//2152 2497//2497 2507//2507
f 2498//2498 2153//2153 2508//2508
f 2499//2499 2154//2154 2506//2506
f 289//289 290//290 2717//2717
f 411//411 410//410 2735//2735
f 394//394 393//393 2723//2723
f 396//396 395//395 2724//2724
f 2051//2051 2592//2592 2782//2782
f 2592//2592 2229//2229 2782//2782
f 389//389 388//388 2727//2727
f 378//378 377//377 2728//2728
f 384//384 383//383 2729//2729
f 424//424 423//423 2730//2730
f 2221//2221 2373//2373 2839//2839
f 1990//1990 2517//2517 2659//2659
f 2478//2478 1973//1973 2679//2679
f 2479//2479 1972//1972 2678//2678
f 2649//2649 2198//2198 2658//2658
f 1989//1989 2649//2649 2658//2658
f 2199//2199 2650//2650 2659//2659
f 2650//2650 1990//1990 2659//2659
f 2425//2425 2159//2159 2611//2611
f 2157//2157 2425//2425 2611//2611
f 2099//2099 2456//2456 2781//2781
f 2832//2832 2354//2354 2833//2833
f 2050//2050 2832//2832 2833//2833
f 2197//2197 2652//2652 2660//2660
f 2652//2652 1986//1986 2660//2660
f 2428//2428 2149//2149 2786//2786
f 2062//2062 2428//2428 2786//2786
f 2455//2455 2318//2318 2861//2861
f 1986//1986 2406//2406 2660//2660
f 2406//2406 2112//2112 2660//2660
f 2120//2120 2416//2416 2635//2635
f 2209//2209 2532//2532 2758//2758
f 2087//2087 2499//2499 2506//2506
f 2089//2089 2498//2498 2508//2508
f 2497//2497 2088//2088 2507//2507
f 2474//2474 2292//2292 2864//2864
f 2420//2420 2138//2138 2728//2728
f 377//377 2420//2420 2728//2728
f 1953//1953 2560//2560 2686//2686
f 2560//2560 2176//2176 2686//2686
f 2417//2417 1977//1977 2645//2645
f 2421//2421 389//389 2727//2727
f 2141//2141 2421//2421 2727//2727
f 2577//2577 332//332 2639//2639
f 2160//2160 2577//2577 2639//2639
f 2159//2159 2724//2724 2836//2836
f 2723//2723 2158//2158 2835//2835
f 2526//2526 1992//1992 2607//2607
f 2186//2186 2526//2526 2607//2607
f 2102//2102 2471//2471 2810//2810
f 2103//2103 2472//2472 2811//2811
f 2400//2400 1980//1980 2701//2701
f 348//348 349//349 2807//2807
f 2218//2218 2464//2464 2595//2595
f 2464//2464 1987//1987 2595//2595
f 1988//1988 2465//2465 2596//2596
f 2465//2465 2219//2219 2596//2596
f 452//452 451//451 2816//2816
f 361//361 362//362 2817//2817
f 2396//2396 2110//2110 2854//2854
f 2706//2706 2256//2256 2771//2771
f 2162//2162 2706//2706 2771//2771
f 364//364 11//11 2867//2867
f 11//11 371//371 2867//2867
f 2220//2220 2457//2457 2591//2591
f 2457//2457 1985//1985 2591//2591
f 2097//2097 2411//2411 2675//2675
f 442//442 441//441 2840//2840
f 417//417 416//416 2843//2843
f 404//404 403//403 2849//2849
f 1956//1956 2683//2683 2705//2705
f 2683//2683 2219//2219 2705//2705
f 305//305 306//306 2866//2866
f 2105//2105 2474//2474 2760//2760
f 365//365 2393//2393 2842//2842
f 2085//2085 2479//2479 2678//2678
f 2086//2086 2478//2478 2679//2679
f 314//314 2409//2409 2694//2694
f 2835//2835 2035//2035 2836//2836
f 2343//2343 2835//2835 2836//2836
f 2554//2554 2098//2098 2555//2555
f 2167//2167 2554//2554 2555//2555
f 2440//2440 2288//2288 2745//2745
f 2441//2441 2283//2283 2744//2744
f 2692//2692 2252//2252 2769//2769
f 2163//2163 2692//2692 2769//2769
f 2758//2758 2144//2144 2765//2765
f 2759//2759 1966//1966 2763//2763
f 2387//2387 2130//2130 2783//2783
f 2191//2191 2624//2624 2675//2675
f 2624//2624 2097//2097 2675//2675
f 2416//2416 2120//2120 2703//2703
f 2667//2667 2127//2127 2846//2846
f 358//358 2384//2384 2801//2801
f 2384//2384 2137//2137 2801//2801
f 2181//2181 2720//2720 2808//2808
f 2495//2495 2085//2085 2678//2678
f 2496//2496 2086//2086 2679//2679
f 2735//2735 2163//2163 2841//2841
f 2693//2693 2222//2222 2856//2856
f 2009//2009 2394//2394 2750//2750
f 1966//1966 2475//2475 2763//2763
f 2546//2546 274//274 2777//2777
f 2547//2547 284//284 2776//2776
f 2713//2713 2157//2157 2826//2826
f 2096//2096 2540//2540 2541//2541
f 2540//2540 2170//2170 2541//2541
f 2155//2155 2709//2709 2823//2823
f 2220//2220 2685//2685 2715//2715
f 2685//2685 1957//1957 2715//2715
f 2095//2095 2424//2424 2687//2687
f 2149//2149 2418//2418 2790//2790
f 2418//2418 2063//2063 2790//2790
f 2503//2503 2189//2189 2580//2580
f 1991//1991 2503//2503 2580//2580
f 2091//2091 2427//2427 2688//2688
f 2094//2094 2426//2426 2689//2689
f 2624//2624 2191//2191 2707//2707
f 1965//1965 2624//2624 2707//2707
f 2620//2620 2119//2119 2865//2865
f 2684//2684 1958//1958 2726//2726
f 2218//2218 2684//2684 2726//2726
f 2389//2389 1999//1999 2800//2800
f 2214//2214 2539//2539 2667//2667
f 2539//2539 2127//2127 2667//2667
f 2126//2126 2538//2538 2666//2666
f 2538//2538 2215//2215 2666//2666
f 2161//2161 2717//2717 2832//2832
f 320//320 2549//2549 2775//2775
f 329//329 2548//2548 2774//2774
f 1999//1999 2389//2389 2824//2824
f 2132//2132 2408//2408 2774//2774
f 2407//2407 319//319 2775//2775
f 2133//2133 2407//2407 2775//2775
f 2408//2408 328//328 2774//2774
f 2408//2408 2132//2132 2787//2787
f 2407//2407 2133//2133 2788//2788
f 2443//2443 2196//2196 2674//2674
f 2140//2140 2404//2404 2819//2819
f 2264//2264 2401//2401 2822//2822
f 2797//2797 2205//2205 2798//2798
f 2630//2630 1962//1962 2719//2719
f 2190//2190 2630//2630 2719//2719
f 2147//2147 2673//2673 2792//2792
f 2146//2146 2672//2672 2791//2791
f 2396//2396 1979//1979 2852//2852
f 1979//1979 2396//2396 2854//2854
f 1978//1978 2395//2395 2853//2853
f 2125//2125 2586//2586 2796//2796
f 1994//1994 2449//2449 2851//2851
f 2449//2449 2210//2210 2851//2851
f 2404//2404 339//339 2819//2819
f 2580//2580 2189//2189 2763//2763
f 2110//2110 2580//2580 2763//2763
f 2148//2148 2403//2403 2821//2821
f 2447//2447 2083//2083 2682//2682
f 2463//2463 2212//2212 2761//2761
f 2056//2056 2422//2422 2779//2779
f 1978//1978 2450//2450 2695//2695
f 1982//1982 2422//2422 2789//2789
f 2651//2651 2187//2187 2834//2834
f 2470//2470 2216//2216 2755//2755
f 2734//2734 2162//2162 2833//2833
f 2575//2575 2106//2106 2773//2773
f 2441//2441 2078//2078 2721//2721
f 2440//2440 2079//2079 2722//2722
f 2198//2198 2649//2649 2732//2732
f 2650//2650 2199//2199 2731//2731
f 2216//2216 2696//2696 2825//2825
f 2134//2134 2521//2521 2652//2652
f 2521//2521 1986//1986 2652//2652
f 1989//1989 2524//2524 2649//2649
f 2135//2135 2525//2525 2650//2650
f 2525//2525 1990//1990 2650//2650
f 2524//2524 2136//2136 2649//2649
f 2014//2014 2460//2460 2756//2756
f 2652//2652 2197//2197 2718//2718
f 2196//2196 2431//2431 2773//2773
f 2012//2012 2462//2462 2752//2752
f 2699//2699 357//357 2801//2801
f 2013//2013 2461//2461 2751//2751
f 2002//2002 2618//2618 2743//2743
f 2057//2057 2648//2648 2805//2805
f 2648//2648 2228//2228 2805//2805
f 2431//2431 2062//2062 2786//2786
f 2132//2132 2505//2505 2787//2787
f 2133//2133 2504//2504 2788//2788
f 2212//2212 2704//2704 2812//2812
f 2150//2150 2495//2495 2678//2678
f 2151//2151 2496//2496 2679//2679
f 2535//2535 2006//2006 2749//2749
f 2161//2161 2535//2535 2749//2749
f 2435//2435 342//342 2802//2802
f 355//355 2434//2434 2803//2803
f 435//435 2433//2433 2804//2804
f 2522//2522 2163//2163 2769//2769
f 2008//2008 2522//2522 2769//2769
f 2131//2131 2626//2626 2789//2789
f 2429//2429 366//366 2842//2842
f 1998//1998 2482//2482 2758//2758
f 2482//2482 2144//2144 2758//2758
f 2149//2149 2428//2428 2860//2860
f 2087//2087 2506//2506 2768//2768
f 340//340 2700//2700 2819//2819
f 2010//2010 2458//2458 2755//2755
f 2697//2697 2016//2016 2839//2839
f 2523//2523 2087//2087 2768//2768
f 2011//2011 2459//2459 2761//2761
f 1996//1996 2664//2664 2850//2850
f 2063//2063 2446//2446 2790//2790
f 2189//2189 2759//2759 2763//2763
f 2448//2448 2208//2208 2818//2818
f 2493//2493 2129//2129 2795//2795
f 2474//2474 1955//1955 2760//2760
f 2007//2007 2534//2534 2771//2771
f 2534//2534 2162//2162 2771//2771
f 2447//2447 2207//2207 2794//2794
f 2448//2448 2084//2084 2797//2797
f 2784//2784 2178//2178 2813//2813
f 2475//2475 2110//2110 2763//2763
f 2456//2456 2002//2002 2781//2781
f 2142//2142 2702//2702 2799//2799
f 2525//2525 2138//2138 2837//2837
f 2139//2139 2524//2524 2838//2838
f 2332//2332 2474//2474 2864//2864
f 2520//2520 1984//1984 2742//2742
f 2519//2519 1983//1983 2741//2741
f 2285//2285 2478//2478 2778//2778
f 2480//2480 408//408 2772//2772
f 2521//2521 2143//2143 2845//2845
f 2494//2494 2226//2226 2751//2751
f 2500//2500 2227//2227 2752//2752
f 2502//2502 2229//2229 2756//2756
f 2508//2508 2153//2153 2830//2830
f 2506//2506 2154//2154 2831//2831
f 2492//2492 294//294 2764//2764
f 2471//2471 2033//2033 2810//2810
f 2472//2472 2032//2032 2811//2811
f 2173//2173 2455//2455 2861//2861
f 2085//2085 2495//2495 2780//2780
f 2084//2084 2582//2582 2797//2797
f 2582//2582 2205//2205 2797//2797
f 2214//2214 2667//2667 2824//2824
f 2667//2667 1999//1999 2824//2824
f 2454//2454 2174//2174 2858//2858
f 2581//2581 2112//2112 2733//2733
f 2593//2593 1963//1963 2765//2765
f 2495//2495 2150//2150 2827//2827
f 1994//1994 2496//2496 2828//2828
f 1995//1995 2495//2495 2827//2827
f 1997//1997 2497//2497 2829//2829
f 2497//2497 2152//2152 2829//2829
f 2496//2496 2151//2151 2828//2828
f 2165//2165 2523//2523 2768//2768
f 2532//2532 1998//1998 2758//2758
f 1996//1996 2508//2508 2830//2830
f 1993//1993 2506//2506 2831//2831
f 2001//2001 2491//2491 2820//2820
f 2047//2047 2531//2531 2791//2791
f 2531//2531 2146//2146 2791//2791
f 2134//2134 2652//2652 2718//2718
f 2548//2548 2132//2132 2774//2774
f 2549//2549 2133//2133 2775//2775
f 2560//2560 1953//1953 2822//2822
f 2129//2129 2547//2547 2776//2776
f 2128//2128 2546//2546 2777//2777
f 2135//2135 2650//2650 2731//2731
f 2649//2649 2136//2136 2732//2732
f 2562//2562 2264//2264 2815//2815
f 292//292 2706//2706 2734//2734
f 2540//2540 2096//2096 2808//2808
f 2560//2560 2085//2085 2780//2780
f 2144//2144 2593//2593 2765//2765
f 2176//2176 2560//2560 2780//2780
f 2098//2098 2554//2554 2813//2813
f 2088//2088 2497//2497 2844//2844
f 2496//2496 1994//1994 2851//2851
f 2184//2184 2600//2600 2844//2844
f 2600//2600 2088//2088 2844//2844
f 410//410 2692//2692 2735//2735
f 1959//1959 2578//2578 2794//2794
f 2089//2089 2508//2508 2855//2855
f 2524//2524 1989//1989 2838//2838
f 1990//1990 2525//2525 2837//2837
f 2096//2096 2594//2594 2808//2808
f 2597//2597 2098//2098 2813//2813
f 2636//2636 2118//2118 2762//2762
f 2692//2692 2163//2163 2735//2735
f 2698//2698 2015//2015 2818//2818
f 2208//2208 2698//2698 2818//2818
f 2586//2586 301//301 2796//2796
f 1986//1986 2521//2521 2845//2845
f 2183//2183 2599//2599 2855//2855
f 2599//2599 2089//2089 2855//2855
f 2052//2052 2562//2562 2815//2815
f 2706//2706 2162//2162 2734//2734
f 2647//2647 2192//2192 2847//2847
f 1970//1970 2647//2647 2847//2847
f 2577//2577 2160//2160 2848//2848
f 1999//1999 2627//2627 2800//2800
f 2627//2627 2169//2169 2800//2800
f 2709//2709 2155//2155 2862//2862
f 2146//2146 2531//2531 2850//2850
f 2594//2594 2181//2181 2808//2808
f 2178//2178 2597//2597 2813//2813
f 2015//2015 2598//2598 2818//2818
f 2355//2355 2577//2577 2848//2848
f 2737//2737 2300//2300 2845//2845
f 2143//2143 2737//2737 2845//2845
f 2138//2138 2740//2740 2837//2837
f 2738//2738 2139//2139 2838//2838
f 1955//1955 2748//2748 2760//2760
f 2748//2748 2186//2186 2760//2760
f 2304//2304 2738//2738 2838//2838
f 2740//2740 2305//2305 2837//2837
f 2696//2696 2044//2044 2848//2848
f 2700//2700 2140//2140 2819//2819
f 2177//2177 2805//2805 2809//2809
f 2805//2805 2228//2228 2809//2809
f 2137//2137 2699//2699 2801//2801
f 334//334 2620//2620 2865//2865
f 2160//2160 2696//2696 2848//2848
f 2653//2653 2173//2173 2861//2861
f 2704//2704 2156//2156 2812//2812
f 2226//2226 2798//2798 2859//2859
f 2633//2633 2003//2003 2870//2870
f 1999//1999 2667//2667 2846//2846
f 2696//2696 2160//2160 2825//2825
f 2045//2045 2653//2653 2861//2861
f 2164//2164 2693//2693 2856//2856
f 2814//2814 2227//2227 2863//2863
f 428//428 2709//2709 2862//2862
f 2798//2798 2205//2205 2859//2859
f 2213//2213 2814//2814 2863//2863
f 2886//2886 2898//2898 2875//2875
f 2877//2877 2896//2896 2887//2887
f 2878//2878 2899//2899 2886//2886
f 2879//2879 2897//2897 2884//2884
f 2890//2890 2904//2904 487//487
f 485//485 2907//2907 2889//2889
f 478//478 2908//2908 2895//2895
f 2893//2893 2911//2911 492//492
f 2888//2888 2906//2906 471//471
f 494//494 2910//2910 2892//2892
f 2894//2894 2909//2909 480//480
f 473//473 2905//2905 2891//2891
f 2890//2890 2918//2918 2877//2877
f 2876//2876 2919//2919 2891//2891
f 2894//2894 2917//2917 2878//2878
f 2879//2879 2916//2916 2892//2892
f 471//471 2901//2901 2888//2888
f 2889//2889 2900//2900 485//485
f 2895//2895 2902//2902 478//478
f 492//492 2903//2903 2893//2893
f 2898//2898 2923//2923 2875//2875
f 2884//2884 2896//2896 2873//2873
f 2885//2885 2897//2897 2872//2872
f 2876//2876 2898//2898 2885//2885
f 2887//2887 2899//2899 2874//2874
f 2896//2896 2921//2921 2887//2887
f 2899//2899 2922//2922 2886//2886
f 2897//2897 2920//2920 2884//2884
f 484//484 2907//2907 485//485
f 492//492 2911//2911 491//491
f 471//471 2906//2906 470//470
f 477//477 2908//2908 478//478
f 474//474 2905//2905 473//473
f 487//487 2904//2904 488//488
f 495//495 2910//2910 494//494
f 480//480 2909//2909 481//481
f 487//487 2918//2918 2890//2890
f 2892//2892 2916//2916 494//494
f 480//480 2917//2917 2894//2894
f 2891//2891 2919//2919 473//473
f 2884//2884 2912//2912 2879//2879
f 2872//2872 2913//2913 2885//2885
f 2886//2886 2914//2914 2878//2878
f 2874//2874 2915//2915 2887//2887
f 2873//2873 2912//2912 2884//2884
f 2885//2885 2913//2913 2876//2876
f 2875//2875 2914//2914 2886//2886
f 2887//2887 2915//2915 2877//2877
f 2874//2874 2939//2939 2895//2895
f 2892//2892 2937//2937 2879//2879
f 2888//2888 2901//2901 2876//2876
f 2893//2893 2903//2903 2879//2879
f 2895//2895 2931//2931 2874//2874
f 2891//2891 2923//2923 2876//2876
f 2876//2876 2913//2913 2888//2888
f 2877//2877 2915//2915 2890//2890
f 2878//2878 2914//2914 2894//2894
f 2879//2879 2912//2912 2893//2893
f 2922//2922 2936//2936 2886//2886
f 2877//2877 2918//2918 2900//2900
f 2901//2901 2919//2919 2876//2876
f 2878//2878 2917//2917 2902//2902
f 2903//2903 2916//2916 2879//2879
f 2914//2914 2930//2930 2894//2894
f 2912//2912 2929//2929 2893//2893
f 2875//2875 2930//2930 2914//2914
f 2873//2873 2929//2929 2912//2912
f 472//472 2901//2901 471//471
f 485//485 2900//2900 486//486
f 478//478 2902//2902 479//479
f 493//493 2903//2903 492//492
f 2871//2871 2936//2936 2922//2922
f 2920//2920 2921//2921 2884//2884
f 2921//2921 2922//2922 2887//2887
f 2871//2871 2921//2921 2920//2920
f 2871//2871 2922//2922 2921//2921
f 2873//2873 2938//2938 2933//2933
f 13//13 2926//2926 496//496
f 490//490 2925//2925 16//16
f 15//15 2924//2924 476//476
f 16//16 2925//2925 483//483
f 469//469 2926//2926 13//13
f 489//489 2924//2924 15//15
f 14//14 2927//2927 475//475
f 482//482 2927//2927 14//14
f 2896//2896 2938//2938 2873//2873
f 2899//2899 2939//2939 2874//2874
f 2879//2879 2937//2937 2897//2897
f 2886//2886 2936//2936 2898//2898
f 2876//2876 2923//2923 2898//2898
f 2884//2884 2921//2921 2896//2896
f 2887//2887 2922//2922 2899//2899
f 2885//2885 2920//2920 2897//2897
f 2933//2933 2938//2938 2889//2889
f 2889//2889 2938//2938 2900//2900
f 2902//2902 2939//2939 2878//2878
f 2900//2900 2938//2938 2877//2877
f 2895//2895 2939//2939 2902//2902
f 2872//2872 2932//2932 2913//2913
f 2913//2913 2932//2932 2888//2888
f 2874//2874 2935//2935 2915//2915
f 2915//2915 2935//2935 2890//2890
f 2885//2885 2936//2936 2920//2920
f 494//494 2916//2916 493//493
f 479//479 2917//2917 480//480
f 473//473 2919//2919 472//472
f 486//486 2918//2918 487//487
f 2897//2897 2937//2937 2872//2872
f 2877//2877 2938//2938 2896//2896
f 2878//2878 2939//2939 2899//2899
f 2898//2898 2936//2936 2885//2885
f 2928//2928 2937//2937 2892//2892
f 2920//2920 2936//2936 2871//2871
f 496//496 2945//2945 495//495
f 481//481 2942//2942 482//482
f 475//475 2941//2941 474//474
f 488//488 2940//2940 489//489
f 470//470 2943//2943 469//469
f 483//483 2944//2944 484//484
f 476//476 2947//2947 477//477
f 491//491 2946//2946 490//490
f 472//472 2919//2919 2901//2901
f 493//493 2916//2916 2903//2903
f 2900//2900 2918//2918 486//486
f 2902//2902 2917//2917 479//479
f 2908//2908 2931//2931 2895//2895
f 2894//2894 2930//2930 2909//2909
f 2893//2893 2929//2929 2911//2911
f 2910//2910 2928//2928 2892//2892
f 2904//2904 2935//2935 2883//2883
f 2882//2882 2934//2934 2905//2905
f 2906//2906 2932//2932 2880//2880
f 2881//2881 2933//2933 2907//2907
f 2923//2923 2934//2934 2875//2875
f 2891//2891 2934//2934 2923//2923
f 2930//2930 2934//2934 2882//2882
f 2883//2883 2935//2935 2931//2931
f 2929//2929 2933//2933 2881//2881
f 2880//2880 2932//2932 2928//2928
f 2872//2872 2937//2937 2928//2928
f 2880//2880 2943//2943 2906//2906
f 2910//2910 2945//2945 2880//2880
f 2882//2882 2942//2942 2909//2909
f 2907//2907 2944//2944 2881//2881
f 2905//2905 2941//2941 2882//2882
f 2883//2883 2940//2940 2904//2904
f 2881//2881 2946//2946 2911//2911
f 2908//2908 2947//2947 2883//2883
f 2880//2880 2928//2928 2910//2910
f 2909//2909 2930//2930 2882//2882
f 2883//2883 2931//2931 2908//2908
f 2911//2911 2929//2929 2881//2881
f 2904//2904 2940//2940 488//488
f 474//474 2941//2941 2905//2905
f 484//484 2944//2944 2907//2907
f 2909//2909 2942//2942 481//481
f 2906//2906 2943//2943 470//470
f 477//477 2947//2947 2908//2908
f 495//495 2945//2945 2910//2910
f 2911//2911 2946//2946 491//491
f 2888//2888 2932//2932 2906//2906
f 2905//2905 2934//2934 2891//2891
f 2907//2907 2933//2933 2889//2889
f 2890//2890 2935//2935 2904//2904
f 2880//2880 2945//2945 2926//2926
f 2926//2926 2943//2943 2880//2880
f 2925//2925 2946//2946 2881//2881
f 2881//2881 2944//2944 2925//2925
f 2924//2924 2940//2940 2883//2883
f 2882//2882 2941//2941 2927//2927
f 2883//2883 2947//2947 2924//2924
f 2927//2927 2942//2942 2882//2882
f 2928//2928 2932//2932 2872//2872
f 2931//2931 2935//2935 2874//2874
f 2873//2873 2933//2933 2929//2929
f 2875//2875 2934//2934 2930//2930
f 489//489 2940//2940 2924//2924
f 2926//2926 2945//2945 496//496
f 482//482 2942//2942 2927//2927
f 2924//2924 2947//2947 476//476
f 2927//2927 2941//2941 475//475
f 490//490 2946//2946 2925//2925
f 2925//2925 2944//2944 483//483
f 469//469 2943//2943 2926//2926
f 2954//2954 267//267 2953//2953
f 489//489 2954//2954 2953//2953
f 489//489 2953//2953 488//488
f 266//266 2953//2953 267//267
f 2953//2953 266//266 2952//2952
f 488//488 2953//2953 2952//2952
f 488//488 2952//2952 487//487
f 265//265 2952//2952 266//266
f 2952//2952 265//265 2951//2951
f 487//487 2952//2952 2951//2951
f 487//487 2951//2951 486//486
f 264//264 2951//2951 265//265
f 486//486 2951//2951 2950//2950
f 2950//2950 485//485 486//486
f 2951//2951 264//264 2950//2950
f 2950//2950 264//264 263//263
f 2950//2950 263//263 2949//2949
f 485//485 2950//2950 2949//2949
f 485//485 2949//2949 484//484
f 262//262 2949//2949 263//263
f 2949//2949 262//262 2948//2948
f 484//484 2949//2949 2948//2948
f 484//484 2948//2948 483//483
f 261//261 2948//2948 262//262
f 498//498 2954//2954 15//15
f 2954//2954 489//489 15//15
f 2954//2954 498//498 10//10
f 267//267 2954//2954 10//10
f 2956//2956 483//483 2948//2948
f 2956//2956 497//497 16//16
f 497//497 2956//2956 2948//2948
f 483//483 2956//2956 16//16
f 2955//2955 261//261 9//9
f 2955//2955 497//497 2948//2948
f 497//497 2955//2955 9//9
f 261//261 2955//2955 2948//2948
f 500//500 499//499 17//17
f 498//498 2957//2957 500//500
f 10//10 498//498 500//500
f 499//499 2957//2957 15//15
f 2957//2957 498//498 15//15
f 2957//2957 499//499 500//500
f 501//501 497//497 9//9
f 497//497 2958//2958 16//16
f 502//502 2958//2958 501//501
f 18//18 502//502 501//501
f 2958//2958 497//497 501//501
f 2958//2958 502//502 16//16
f 2965//2965 510//510 2964//2964
f 509//509 2964//2964 510//510
f 482//482 2965//2965 2964//2964
f 482//482 2964//2964 481//481
f 2964//2964 509//509 2963//2963
f 508//508 2963//2963 509//509
f 481//481 2964//2964 2963//2963
f 481//481 2963//2963 480//480
f 2963//2963 508//508 2962//2962
f 507//507 2962//2962 508//508
f 480//480 2963//2963 2962//2962
f 480//480 2962//2962 479//479
f 479//479 2962//2962 2961//2961
f 2962//2962 507//507 2961//2961
f 2961//2961 507//507 506//506
f 2961//2961 478//478 479//479
f 2961//2961 506//506 2960//2960
f 505//505 2960//2960 506//506
f 478//478 2961//2961 2960//2960
f 478//478 2960//2960 477//477
f 2960//2960 505//505 2959//2959
f 504//504 2959//2959 505//505
f 477//477 2960//2960 2959//2959
f 477//477 2959//2959 476//476
f 510//510 2965//2965 19//19
f 2965//2965 503//503 19//19
f 503//503 2965//2965 14//14
f 2965//2965 482//482 14//14
f 2967//2967 499//499 2959//2959
f 2967//2967 504//504 17//17
f 504//504 2967//2967 2959//2959
f 499//499 2967//2967 17//17
f 476//476 2966//2966 15//15
f 499//499 2966//2966 2959//2959
f 2966//2966 499//499 15//15
f 2966//2966 476//476 2959//2959
f 3064//3064 364//364 3063//3063
f 608//608 3064//3064 3063//3063
f 608//608 3063//3063 607//607
f 363//363 3063//3063 364//364
f 3063//3063 363//363 3062//3062
f 607//607 3063//3063 3062//3062
f 607//607 3062//3062 606//606
f 362//362 3062//3062 363//363
f 3062//3062 362//362 3061//3061
f 606//606 3062//3062 3061//3061
f 606//606 3061//3061 605//605
f 361//361 3061//3061 362//362
f 3061//3061 361//361 3060//3060
f 605//605 3061//3061 3060//3060
f 605//605 3060//3060 604//604
f 360//360 3060//3060 361//361
f 3060//3060 360//360 3059//3059
f 604//604 3060//3060 3059//3059
f 604//604 3059//3059 603//603
f 359//359 3059//3059 360//360
f 3059//3059 359//359 3058//3058
f 603//603 3059//3059 3058//3058
f 603//603 3058//3058 602//602
f 358//358 3058//3058 359//359
f 3058//3058 358//358 3057//3057
f 602//602 3058//3058 3057//3057
f 602//602 3057//3057 601//601
f 357//357 3057//3057 358//358
f 3057//3057 357//357 3056//3056
f 601//601 3057//3057 3056//3056
f 601//601 3056//3056 600//600
f 356//356 3056//3056 357//357
f 3056//3056 356//356 3055//3055
f 600//600 3056//3056 3055//3055
f 600//600 3055//3055 599//599
f 355//355 3055//3055 356//356
f 3055//3055 355//355 3054//3054
f 599//599 3055//3055 3054//3054
f 599//599 3054//3054 598//598
f 354//354 3054//3054 355//355
f 3054//3054 354//354 3053//3053
f 598//598 3054//3054 3053//3053
f 598//598 3053//3053 597//597
f 353//353 3053//3053 354//354
f 3053//3053 353//353 3052//3052
f 597//597 3053//3053 3052//3052
f 597//597 3052//3052 596//596
f 352//352 3052//3052 353//353
f 3052//3052 352//352 3051//3051
f 596//596 3052//3052 3051//3051
f 596//596 3051//3051 595//595
f 351//351 3051//3051 352//352
f 3051//3051 351//351 3050//3050
f 595//595 3051//3051 3050//3050
f 595//595 3050//3050 594//594
f 350//350 3050//3050 351//351
f 3050//3050 350//350 3049//3049
f 594//594 3050//3050 3049//3049
f 594//594 3049//3049 593//593
f 349//349 3049//3049 350//350
f 3049//3049 349//349 3048//3048
f 593//593 3049//3049 3048//3048
f 593//593 3048//3048 592//592
f 348//348 3048//3048 349//349
f 3048//3048 348//348 3047//3047
f 592//592 3048//3048 3047//3047
f 592//592 3047//3047 591//591
f 347//347 3047//3047 348//348
f 3047//3047 347//347 3046//3046
f 591//591 3047//3047 3046//3046
f 591//591 3046//3046 590//590
f 346//346 3046//3046 347//347
f 3046//3046 346//346 3045//3045
f 590//590 3046//3046 3045//3045
f 590//590 3045//3045 589//589
f 345//345 3045//3045 346//346
f 3045//3045 345//345 3044//3044
f 589//589 3045//3045 3044//3044
f 589//589 3044//3044 588//588
f 344//344 3044//3044 345//345
f 3044//3044 344//344 3043//3043
f 588//588 3044//3044 3043//3043
f 588//588 3043//3043 587//587
f 343//343 3043//3043 344//344
f 3043//3043 343//343 3042//3042
f 587//587 3043//3043 3042//3042
f 587//587 3042//3042 586//586
f 342//342 3042//3042 343//343
f 3042//3042 342//342 3041//3041
f 586//586 3042//3042 3041//3041
f 586//586 3041//3041 585//585
f 341//341 3041//3041 342//342
f 3041//3041 341//341 3040//3040
f 585//585 3041//3041 3040//3040
f 585//585 3040//3040 584//584
f 340//340 3040//3040 341//341
f 3040//3040 340//340 3039//3039
f 584//584 3040//3040 3039//3039
f 584//584 3039//3039 583//583
f 339//339 3039//3039 340//340
f 3039//3039 339//339 3038//3038
f 583//583 3039//3039 3038//3038
f 583//583 3038//3038 582//582
f 338//338 3038//3038 339//339
f 3038//3038 338//338 3037//3037
f 582//582 3038//3038 3037//3037
f 582//582 3037//3037 581//581
f 337//337 3037//3037 338//338
f 3037//3037 337//337 3036//3036
f 581//581 3037//3037 3036//3036
f 581//581 3036//3036 580//580
f 336//336 3036//3036 337//337
f 3036//3036 336//336 3035//3035
f 580//580 3036//3036 3035//3035
f 580//580 3035//3035 579//579
f 335//335 3035//3035 336//336
f 3035//3035 335//335 3034//3034
f 579//579 3035//3035 3034//3034
f 579//579 3034//3034 578//578
f 334//334 3034//3034 335//335
f 3034//3034 334//334 3033//3033
f 578//578 3034//3034 3033//3033
f 578//578 3033//3033 577//577
f 333//333 3033//3033 334//334
f 3033//3033 333//333 3032//3032
f 577//577 3033//3033 3032//3032
f 577//577 3032//3032 576//576
f 332//332 3032//3032 333//333
f 3032//3032 332//332 3031//3031
f 576//576 3032//3032 3031//3031
f 576//576 3031//3031 575//575
f 331//331 3031//3031 332//332
f 3031//3031 331//331 3030//3030
f 575//575 3031//3031 3030//3030
f 575//575 3030//3030 574//574
f 330//330 3030//3030 331//331
f 3030//3030 330//330 3029//3029
f 574//574 3030//3030 3029//3029
f 574//574 3029//3029 573//573
f 329//329 3029//3029 330//330
f 3029//3029 329//329 3028//3028
f 573//573 3029//3029 3028//3028
f 573//573 3028//3028 572//572
f 328//328 3028//3028 329//329
f 3028//3028 328//328 3027//3027
f 572//572 3028//3028 3027//3027
f 572//572 3027//3027 571//571
f 327//327 3027//3027 328//328
f 3027//3027 327//327 3026//3026
f 571//571 3027//3027 3026//3026
f 571//571 3026//3026 570//570
f 326//326 3026//3026 327//327
f 3026//3026 326//326 3025//3025
f 570//570 3026//3026 3025//3025
f 570//570 3025//3025 569//569
f 325//325 3025//3025 326//326
f 3025//3025 325//325 3024//3024
f 569//569 3025//3025 3024//3024
f 569//569 3024//3024 568//568
f 324//324 3024//3024 325//325
f 3024//3024 324//324 3023//3023
f 568//568 3024//3024 3023//3023
f 568//568 3023//3023 567//567
f 323//323 3023//3023 324//324
f 3023//3023 323//323 3022//3022
f 567//567 3023//3023 3022//3022
f 567//567 3022//3022 566//566
f 322//322 3022//3022 323//323
f 3022//3022 322//322 3021//3021
f 566//566 3022//3022 3021//3021
f 566//566 3021//3021 565//565
f 321//321 3021//3021 322//322
f 3021//3021 321//321 3020//3020
f 565//565 3021//3021 3020//3020
f 565//565 3020//3020 564//564
f 320//320 3020//3020 321//321
f 3020//3020 320//320 3019//3019
f 564//564 3020//3020 3019//3019
f 564//564 3019//3019 563//563
f 319//319 3019//3019 320//320
f 3019//3019 319//319 3018//3018
f 563//563 3019//3019 3018//3018
f 563//563 3018//3018 562//562
f 318//318 3018//3018 319//319
f 3018//3018 318//318 3017//3017
f 562//562 3018//3018 3017//3017
f 562//562 3017//3017 561//561
f 317//317 3017//3017 318//318
f 561//561 3017//3017 3016//3016
f 3016//3016 560//560 561//561
f 3017//3017 317//317 3016//3016
f 3016//3016 317//317 316//316
f 3016//3016 316//316 3015//3015
f 560//560 3016//3016 3015//3015
f 560//560 3015//3015 559//559
f 315//315 3015//3015 316//316
f 3015//3015 315//315 3014//3014
f 559//559 3015//3015 3014//3014
f 559//559 3014//3014 558//558
f 314//314 3014//3014 315//315
f 3014//3014 314//314 3013//3013
f 558//558 3014//3014 3013//3013
f 558//558 3013//3013 557//557
f 313//313 3013//3013 314//314
f 3013//3013 313//313 3012//3012
f 557//557 3013//3013 3012//3012
f 557//557 3012//3012 556//556
f 312//312 3012//3012 313//313
f 3012//3012 312//312 3011//3011
f 556//556 3012//3012 3011//3011
f 556//556 3011//3011 555//555
f 311//311 3011//3011 312//312
f 3011//3011 311//311 3010//3010
f 555//555 3011//3011 3010//3010
f 555//555 3010//3010 554//554
f 310//310 3010//3010 311//311
f 3010//3010 310//310 3009//3009
f 554//554 3010//3010 3009//3009
f 554//554 3009//3009 553//553
f 309//309 3009//3009 310//310
f 3009//3009 309//309 3008//3008
f 553//553 3009//3009 3008//3008
f 553//553 3008//3008 552//552
f 308//308 3008//3008 309//309
f 3008//3008 308//308 3007//3007
f 552//552 3008//3008 3007//3007
f 552//552 3007//3007 551//551
f 307//307 3007//3007 308//308
f 3007//3007 307//307 3006//3006
f 551//551 3007//3007 3006//3006
f 551//551 3006//3006 550//550
f 306//306 3006//3006 307//307
f 3006//3006 306//306 3005//3005
f 550//550 3006//3006 3005//3005
f 550//550 3005//3005 549//549
f 305//305 3005//3005 306//306
f 3005//3005 305//305 3004//3004
f 549//549 3005//3005 3004//3004
f 549//549 3004//3004 548//548
f 304//304 3004//3004 305//305
f 3004//3004 304//304 3003//3003
f 548//548 3004//3004 3003//3003
f 548//548 3003//3003 547//547
f 303//303 3003//3003 304//304
f 3003//3003 303//303 3002//3002
f 547//547 3003//3003 3002//3002
f 547//547 3002//3002 546//546
f 302//302 3002//3002 303//303
f 3002//3002 302//302 3001//3001
f 546//546 3002//3002 3001//3001
f 546//546 3001//3001 545//545
f 301//301 3001//3001 302//302
f 3001//3001 301//301 3000//3000
f 545//545 3001//3001 3000//3000
f 545//545 3000//3000 544//544
f 300//300 3000//3000 301//301
f 3000//3000 300//300 2999//2999
f 544//544 3000//3000 2999//2999
f 544//544 2999//2999 543//543
f 299//299 2999//2999 300//300
f 2999//2999 299//299 2998//2998
f 543//543 2999//2999 2998//2998
f 543//543 2998//2998 542//542
f 298//298 2998//2998 299//299
f 2998//2998 298//298 2997//2997
f 542//542 2998//2998 2997//2997
f 542//542 2997//2997 541//541
f 297//297 2997//2997 298//298
f 541//541 2997//2997 2996//2996
f 2996//2996 540//540 541//541
f 2997//2997 297//297 2996//2996
f 2996//2996 297//297 296//296
f 540//540 2996//2996 2995//2995
f 2995//2995 539//539 540//540
f 2996//2996 296//296 2995//2995
f 2995//2995 296//296 295//295
f 539//539 2995//2995 2994//2994
f 2994//2994 538//538 539//539
f 2995//2995 295//295 2994//2994
f 2994//2994 295//295 294//294
f 538//538 2994//2994 2993//2993
f 2993//2993 537//537 538//538
f 2994//2994 294//294 2993//2993
f 2993//2993 294//294 293//293
f 537//537 2993//2993 2992//2992
f 2992//2992 536//536 537//537
f 2993//2993 293//293 2992//2992
f 2992//2992 293//293 292//292
f 536//536 2992//2992 2991//2991
f 2991//2991 535//535 536//536
f 2992//2992 292//292 2991//2991
f 2991//2991 292//292 291//291
f 535//535 2991//2991 2990//2990
f 2990//2990 534//534 535//535
f 2991//2991 291//291 2990//2990
f 2990//2990 291//291 290//290
f 534//534 2990//2990 2989//2989
f 2989//2989 533//533 534//534
f 2990//2990 290//290 2989//2989
f 2989//2989 290//290 289//289
f 533//533 2989//2989 2988//2988
f 2988//2988 532//532 533//533
f 2989//2989 289//289 2988//2988
f 2988//2988 289//289 288//288
f 532//532 2988//2988 2987//2987
f 2987//2987 531//531 532//532
f 2988//2988 288//288 2987//2987
f 2987//2987 288//288 287//287
f 531//531 2987//2987 2986//2986
f 2986//2986 530//530 531//531
f 2987//2987 287//287 2986//2986
f 2986//2986 287//287 286//286
f 530//530 2986//2986 2985//2985
f 2985//2985 529//529 530//530
f 2986//2986 286//286 2985//2985
f 2985//2985 286//286 285//285
f 529//529 2985//2985 2984//2984
f 2984//2984 528//528 529//529
f 2985//2985 285//285 2984//2984
f 2984//2984 285//285 284//284
f 528//528 2984//2984 2983//2983
f 2983//2983 527//527 528//528
f 2984//2984 284//284 2983//2983
f 2983//2983 284//284 283//283
f 527//527 2983//2983 2982//2982
f 2982//2982 526//526 527//527
f 2983//2983 283//283 2982//2982
f 2982//2982 283//283 282//282
f 526//526 2982//2982 2981//2981
f 2981//2981 525//525 526//526
f 2982//2982 282//282 2981//2981
f 2981//2981 282//282 281//281
f 525//525 2981//2981 2980//2980
f 2980//2980 524//524 525//525
f 2981//2981 281//281 2980//2980
f 2980//2980 281//281 280//280
f 524//524 2980//2980 2979//2979
f 2979//2979 523//523 524//524
f 2980//2980 280//280 2979//2979
f 2979//2979 280//280 279//279
f 523//523 2979//2979 2978//2978
f 2978//2978 522//522 523//523
f 2979//2979 279//279 2978//2978
f 2978//2978 279//279 278//278
f 522//522 2978//2978 2977//2977
f 2977//2977 521//521 522//522
f 2978//2978 278//278 2977//2977
f 2977//2977 278//278 277//277
f 521//521 2977//2977 2976//2976
f 2976//2976 520//520 521//521
f 2977//2977 277//277 2976//2976
f 2976//2976 277//277 276//276
f 520//520 2976//2976 2975//2975
f 2975//2975 519//519 520//520
f 2976//2976 276//276 2975//2975
f 2975//2975 276//276 275//275
f 519//519 2975//2975 2974//2974
f 2974//2974 518//518 519//519
f 2975//2975 275//275 2974//2974
f 2974//2974 275//275 274//274
f 518//518 2974//2974 2973//2973
f 2973//2973 517//517 518//518
f 2974//2974 274//274 2973//2973
f 2973//2973 274//274 273//273
f 517//517 2973//2973 2972//2972
f 2972//2972 516//516 517//517
f 2973//2973 273//273 2972//2972
f 2972//2972 273//273 272//272
f 516//516 2972//2972 2971//2971
f 2971//2971 515//515 516//516
f 2972//2972 272//272 2971//2971
f 2971//2971 272//272 271//271
f 515//515 2971//2971 2970//2970
f 2970//2970 514//514 515//515
f 2971//2971 271//271 2970//2970
f 2970//2970 271//271 270//270
f 514//514 2970//2970 2969//2969
f 2969//2969 513//513 514//514
f 2970//2970 270//270 2969//2969
f 2969//2969 270//270 269//269
f 513//513 2969//2969 2968//2968
f 2968//2968 512//512 513//513
f 2969//2969 269//269 2968//2968
f 2968//2968 269//269 268//268
f 3064//3064 608//608 20//20
f 511//511 3064//3064 20//20
f 3064//3064 511//511 11//11
f 364//364 3064//3064 11//11
f 500//500 3066//3066 2968//2968
f 512//512 3066//3066 17//17
f 3066//3066 512//512 2968//2968
f 3066//3066 500//500 17//17
f 3065//3065 268//268 10//10
f 3065//3065 500//500 2968//2968
f 500//500 3065//3065 10//10
f 268//268 3065//3065 2968//2968
f 3163//3163 706//706 3162//3162
f 705//705 3162//3162 706//706
f 468//468 3163//3163 3162//3162
f 468//468 3162//3162 467//467
f 3162//3162 705//705 3161//3161
f 704//704 3161//3161 705//705
f 467//467 3162//3162 3161//3161
f 467//467 3161//3161 466//466
f 3161//3161 704//704 3160//3160
f 703//703 3160//3160 704//704
f 466//466 3161//3161 3160//3160
f 466//466 3160//3160 465//465
f 3160//3160 703//703 3159//3159
f 702//702 3159//3159 703//703
f 465//465 3160//3160 3159//3159
f 465//465 3159//3159 464//464
f 3159//3159 702//702 3158//3158
f 701//701 3158//3158 702//702
f 464//464 3159//3159 3158//3158
f 464//464 3158//3158 463//463
f 3158//3158 701//701 3157//3157
f 700//700 3157//3157 701//701
f 463//463 3158//3158 3157//3157
f 463//463 3157//3157 462//462
f 3157//3157 700//700 3156//3156
f 699//699 3156//3156 700//700
f 462//462 3157//3157 3156//3156
f 462//462 3156//3156 461//461
f 3156//3156 699//699 3155//3155
f 698//698 3155//3155 699//699
f 461//461 3156//3156 3155//3155
f 461//461 3155//3155 460//460
f 3155//3155 698//698 3154//3154
f 697//697 3154//3154 698//698
f 460//460 3155//3155 3154//3154
f 460//460 3154//3154 459//459
f 3154//3154 697//697 3153//3153
f 696//696 3153//3153 697//697
f 459//459 3154//3154 3153//3153
f 459//459 3153//3153 458//458
f 3153//3153 696//696 3152//3152
f 695//695 3152//3152 696//696
f 458//458 3153//3153 3152//3152
f 458//458 3152//3152 457//457
f 3152//3152 695//695 3151//3151
f 694//694 3151//3151 695//695
f 457//457 3152//3152 3151//3151
f 457//457 3151//3151 456//456
f 3151//3151 694//694 3150//3150
f 693//693 3150//3150 694//694
f 456//456 3151//3151 3150//3150
f 456//456 3150//3150 455//455
f 3150//3150 693//693 3149//3149
f 692//692 3149//3149 693//693
f 455//455 3150//3150 3149//3149
f 455//455 3149//3149 454//454
f 3149//3149 692//692 3148//3148
f 691//691 3148//3148 692//692
f 454//454 3149//3149 3148//3148
f 454//454 3148//3148 453//453
f 3148//3148 691//691 3147//3147
f 690//690 3147//3147 691//691
f 453//453 3148//3148 3147//3147
f 453//453 3147//3147 452//452
f 3147//3147 690//690 3146//3146
f 689//689 3146//3146 690//690
f 452//452 3147//3147 3146//3146
f 452//452 3146//3146 451//451
f 3146//3146 689//689 3145//3145
f 688//688 3145//3145 689//689
f 451//451 3146//3146 3145//3145
f 451//451 3145//3145 450//450
f 3145//3145 688//688 3144//3144
f 687//687 3144//3144 688//688
f 450//450 3145//3145 3144//3144
f 450//450 3144//3144 449//449
f 3144//3144 687//687 3143//3143
f 686//686 3143//3143 687//687
f 449//449 3144//3144 3143//3143
f 449//449 3143//3143 448//448
f 3143//3143 686//686 3142//3142
f 685//685 3142//3142 686//686
f 448//448 3143//3143 3142//3142
f 448//448 3142//3142 447//447
f 3142//3142 685//685 3141//3141
f 684//684 3141//3141 685//685
f 447//447 3142//3142 3141//3141
f 447//447 3141//3141 446//446
f 3141//3141 684//684 3140//3140
f 683//683 3140//3140 684//684
f 446//446 3141//3141 3140//3140
f 446//446 3140//3140 445//445
f 3140//3140 683//683 3139//3139
f 682//682 3139//3139 683//683
f 445//445 3140//3140 3139//3139
f 445//445 3139//3139 444//444
f 3139//3139 682//682 3138//3138
f 681//681 3138//3138 682//682
f 444//444 3139//3139 3138//3138
f 444//444 3138//3138 443//443
f 3138//3138 681//681 3137//3137
f 680//680 3137//3137 681//681
f 443//443 3138//3138 3137//3137
f 443//443 3137//3137 442//442
f 3137//3137 680//680 3136//3136
f 679//679 3136//3136 680//680
f 442//442 3137//3137 3136//3136
f 442//442 3136//3136 441//441
f 3136//3136 679//679 3135//3135
f 678//678 3135//3135 679//679
f 441//441 3136//3136 3135//3135
f 441//441 3135//3135 440//440
f 3135//3135 678//678 3134//3134
f 677//677 3134//3134 678//678
f 440//440 3135//3135 3134//3134
f 440//440 3134//3134 439//439
f 3134//3134 677//677 3133//3133
f 676//676 3133//3133 677//677
f 439//439 3134//3134 3133//3133
f 439//439 3133//3133 438//438
f 3133//3133 676//676 3132//3132
f 675//675 3132//3132 676//676
f 438//438 3133//3133 3132//3132
f 438//438 3132//3132 437//437
f 3132//3132 675//675 3131//3131
f 674//674 3131//3131 675//675
f 437//437 3132//3132 3131//3131
f 437//437 3131//3131 436//436
f 3131//3131 674//674 3130//3130
f 673//673 3130//3130 674//674
f 436//436 3131//3131 3130//3130
f 436//436 3130//3130 435//435
f 3130//3130 673//673 3129//3129
f 672//672 3129//3129 673//673
f 435//435 3130//3130 3129//3129
f 435//435 3129//3129 434//434
f 3129//3129 672//672 3128//3128
f 671//671 3128//3128 672//672
f 434//434 3129//3129 3128//3128
f 434//434 3128//3128 433//433
f 3128//3128 671//671 3127//3127
f 670//670 3127//3127 671//671
f 433//433 3128//3128 3127//3127
f 433//433 3127//3127 432//432
f 3127//3127 670//670 3126//3126
f 669//669 3126//3126 670//670
f 432//432 3127//3127 3126//3126
f 432//432 3126//3126 431//431
f 3126//3126 669//669 3125//3125
f 668//668 3125//3125 669//669
f 431//431 3126//3126 3125//3125
f 431//431 3125//3125 430//430
f 3125//3125 668//668 3124//3124
f 667//667 3124//3124 668//668
f 430//430 3125//3125 3124//3124
f 430//430 3124//3124 429//429
f 3124//3124 667//667 3123//3123
f 666//666 3123//3123 667//667
f 429//429 3124//3124 3123//3123
f 429//429 3123//3123 428//428
f 3123//3123 666//666 3122//3122
f 665//665 3122//3122 666//666
f 428//428 3123//3123 3122//3122
f 428//428 3122//3122 427//427
f 3122//3122 665//665 3121//3121
f 664//664 3121//3121 665//665
f 427//427 3122//3122 3121//3121
f 427//427 3121//3121 426//426
f 3121//3121 664//664 3120//3120
f 663//663 3120//3120 664//664
f 426//426 3121//3121 3120//3120
f 426//426 3120//3120 425//425
f 3120//3120 663//663 3119//3119
f 662//662 3119//3119 663//663
f 425//425 3120//3120 3119//3119
f 425//425 3119//3119 424//424
f 3119//3119 662//662 3118//3118
f 661//661 3118//3118 662//662
f 424//424 3119//3119 3118//3118
f 424//424 3118//3118 423//423
f 3118//3118 661//661 3117//3117
f 660//660 3117//3117 661//661
f 423//423 3118//3118 3117//3117
f 423//423 3117//3117 422//422
f 3117//3117 660//660 3116//3116
f 659//659 3116//3116 660//660
f 422//422 3117//3117 3116//3116
f 422//422 3116//3116 421//421
f 3116//3116 659//659 3115//3115
f 658//658 3115//3115 659//659
f 421//421 3116//3116 3115//3115
f 421//421 3115//3115 420//420
f 420//420 3115//3115 3114//3114
f 3115//3115 658//658 3114//3114
f 3114//3114 658//658 657//657
f 3114//3114 419//419 420//420
f 419//419 3114//3114 3113//3113
f 3114//3114 657//657 3113//3113
f 3113//3113 657//657 656//656
f 3113//3113 418//418 419//419
f 418//418 3113//3113 3112//3112
f 3113//3113 656//656 3112//3112
f 3112//3112 656//656 655//655
f 3112//3112 417//417 418//418
f 417//417 3112//3112 3111//3111
f 3112//3112 655//655 3111//3111
f 3111//3111 655//655 654//654
f 3111//3111 416//416 417//417
f 416//416 3111//3111 3110//3110
f 3111//3111 654//654 3110//3110
f 3110//3110 654//654 653//653
f 3110//3110 415//415 416//416
f 415//415 3110//3110 3109//3109
f 3110//3110 653//653 3109//3109
f 3109//3109 653//653 652//652
f 3109//3109 414//414 415//415
f 414//414 3109//3109 3108//3108
f 3109//3109 652//652 3108//3108
f 3108//3108 652//652 651//651
f 3108//3108 413//413 414//414
f 413//413 3108//3108 3107//3107
f 3108//3108 651//651 3107//3107
f 3107//3107 651//651 650//650
f 3107//3107 412//412 413//413
f 412//412 3107//3107 3106//3106
f 3107//3107 650//650 3106//3106
f 3106//3106 650//650 649//649
f 3106//3106 411//411 412//412
f 411//411 3106//3106 3105//3105
f 3106//3106 649//649 3105//3105
f 3105//3105 649//649 648//648
f 3105//3105 410//410 411//411
f 410//410 3105//3105 3104//3104
f 3105//3105 648//648 3104//3104
f 3104//3104 648//648 647//647
f 3104//3104 409//409 410//410
f 409//409 3104//3104 3103//3103
f 3104//3104 647//647 3103//3103
f 3103//3103 647//647 646//646
f 3103//3103 408//408 409//409
f 408//408 3103//3103 3102//3102
f 3103//3103 646//646 3102//3102
f 3102//3102 646//646 645//645
f 3102//3102 407//407 408//408
f 407//407 3102//3102 3101//3101
f 3102//3102 645//645 3101//3101
f 3101//3101 645//645 644//644
f 3101//3101 406//406 407//407
f 406//406 3101//3101 3100//3100
f 3101//3101 644//644 3100//3100
f 3100//3100 644//644 643//643
f 3100//3100 405//405 406//406
f 405//405 3100//3100 3099//3099
f 3100//3100 643//643 3099//3099
f 3099//3099 643//643 642//642
f 3099//3099 404//404 405//405
f 404//404 3099//3099 3098//3098
f 3099//3099 642//642 3098//3098
f 3098//3098 642//642 641//641
f 3098//3098 403//403 404//404
f 403//403 3098//3098 3097//3097
f 3098//3098 641//641 3097//3097
f 3097//3097 641//641 640//640
f 3097//3097 402//402 403//403
f 402//402 3097//3097 3096//3096
f 3097//3097 640//640 3096//3096
f 3096//3096 640//640 639//639
f 3096//3096 401//401 402//402
f 401//401 3096//3096 3095//3095
f 3096//3096 639//639 3095//3095
f 3095//3095 639//639 638//638
f 3095//3095 400//400 401//401
f 400//400 3095//3095 3094//3094
f 3095//3095 638//638 3094//3094
f 3094//3094 638//638 637//637
f 3094//3094 399//399 400//400
f 399//399 3094//3094 3093//3093
f 3094//3094 637//637 3093//3093
f 3093//3093 637//637 636//636
f 3093//3093 398//398 399//399
f 398//398 3093//3093 3092//3092
f 3093//3093 636//636 3092//3092
f 3092//3092 636//636 635//635
f 3092//3092 397//397 398//398
f 397//397 3092//3092 3091//3091
f 3092//3092 635//635 3091//3091
f 3091//3091 635//635 634//634
f 3091//3091 396//396 397//397
f 396//396 3091//3091 3090//3090
f 3091//3091 634//634 3090//3090
f 3090//3090 634//634 633//633
f 3090//3090 395//395 396//396
f 395//395 3090//3090 3089//3089
f 3090//3090 633//633 3089//3089
f 3089//3089 633//633 632//632
f 3089//3089 394//394 395//395
f 394//394 3089//3089 3088//3088
f 3089//3089 632//632 3088//3088
f 3088//3088 632//632 631//631
f 3088//3088 393//393 394//394
f 393//393 3088//3088 3087//3087
f 3088//3088 631//631 3087//3087
f 3087//3087 631//631 630//630
f 3087//3087 392//392 393//393
f 392//392 3087//3087 3086//3086
f 3087//3087 630//630 3086//3086
f 3086//3086 630//630 629//629
f 3086//3086 391//391 392//392
f 391//391 3086//3086 3085//3085
f 3086//3086 629//629 3085//3085
f 3085//3085 629//629 628//628
f 3085//3085 390//390 391//391
f 390//390 3085//3085 3084//3084
f 3085//3085 628//628 3084//3084
f 3084//3084 628//628 627//627
f 3084//3084 389//389 390//390
f 389//389 3084//3084 3083//3083
f 3084//3084 627//627 3083//3083
f 3083//3083 627//627 626//626
f 3083//3083 388//388 389//389
f 388//388 3083//3083 3082//3082
f 3083//3083 626//626 3082//3082
f 3082//3082 626//626 625//625
f 3082//3082 387//387 388//388
f 387//387 3082//3082 3081//3081
f 3082//3082 625//625 3081//3081
f 3081//3081 625//625 624//624
f 3081//3081 386//386 387//387
f 386//386 3081//3081 3080//3080
f 3081//3081 624//624 3080//3080
f 3080//3080 624//624 623//623
f 3080//3080 385//385 386//386
f 385//385 3080//3080 3079//3079
f 3080//3080 623//623 3079//3079
f 3079//3079 623//623 622//622
f 3079//3079 384//384 385//385
f 384//384 3079//3079 3078//3078
f 3079//3079 622//622 3078//3078
f 3078//3078 622//622 621//621
f 3078//3078 383//383 384//384
f 383//383 3078//3078 3077//3077
f 3078//3078 621//621 3077//3077
f 3077//3077 621//621 620//620
f 3077//3077 382//382 383//383
f 382//382 3077//3077 3076//3076
f 3077//3077 620//620 3076//3076
f 3076//3076 620//620 619//619
f 3076//3076 381//381 382//382
f 381//381 3076//3076 3075//3075
f 3076//3076 619//619 3075//3075
f 3075//3075 619//619 618//618
f 3075//3075 380//380 381//381
f 380//380 3075//3075 3074//3074
f 3075//3075 618//618 3074//3074
f 3074//3074 618//618 617//617
f 3074//3074 379//379 380//380
f 379//379 3074//3074 3073//3073
f 3074//3074 617//617 3073//3073
f 3073//3073 617//617 616//616
f 3073//3073 378//378 379//379
f 378//378 3073//3073 3072//3072
f 3073//3073 616//616 3072//3072
f 3072//3072 616//616 615//615
f 3072//3072 377//377 378//378
f 377//377 3072//3072 3071//3071
f 3072//3072 615//615 3071//3071
f 3071//3071 615//615 614//614
f 3071//3071 376//376 377//377
f 376//376 3071//3071 3070//3070
f 3071//3071 614//614 3070//3070
f 3070//3070 614//614 613//613
f 3070//3070 375//375 376//376
f 375//375 3070//3070 3069//3069
f 3070//3070 613//613 3069//3069
f 3069//3069 613//613 612//612
f 3069//3069 374//374 375//375
f 374//374 3069//3069 3068//3068
f 3069//3069 612//612 3068//3068
f 3068//3068 612//612 611//611
f 3068//3068 373//373 374//374
f 373//373 3068//3068 3067//3067
f 3068//3068 611//611 3067//3067
f 3067//3067 611//611 610//610
f 3067//3067 372//372 373//373
f 706//706 3163//3163 21//21
f 3163//3163 609//609 21//21
f 609//609 3163//3163 12//12
f 3163//3163 468//468 12//12
f 3165//3165 501//501 3067//3067
f 3165//3165 610//610 18//18
f 610//610 3165//3165 3067//3067
f 501//501 3165//3165 18//18
f 372//372 3164//3164 9//9
f 501//501 3164//3164 3067//3067
f 3164//3164 501//501 9//9
f 3164//3164 372//372 3067//3067
f 3172//3172 496//496 3171//3171
f 714//714 3172//3172 3171//3171
f 714//714 3171//3171 713//713
f 495//495 3171//3171 496//496
f 3171//3171 495//495 3170//3170
f 713//713 3171//3171 3170//3170
f 713//713 3170//3170 712//712
f 494//494 3170//3170 495//495
f 712//712 3170//3170 3169//3169
f 3169//3169 711//711 712//712
f 3170//3170 494//494 3169//3169
f 3169//3169 494//494 493//493
f 3169//3169 493//493 3168//3168
f 711//711 3169//3169 3168//3168
f 711//711 3168//3168 710//710
f 492//492 3168//3168 493//493
f 3168//3168 492//492 3167//3167
f 710//710 3168//3168 3167//3167
f 710//710 3167//3167 709//709
f 491//491 3167//3167 492//492
f 3167//3167 491//491 3166//3166
f 709//709 3167//3167 3166//3166
f 709//709 3166//3166 708//708
f 490//490 3166//3166 491//491
f 3172//3172 714//714 22//22
f 707//707 3172//3172 22//22
f 3172//3172 707//707 13//13
f 496//496 3172//3172 13//13
f 502//502 3174//3174 3166//3166
f 708//708 3174//3174 18//18
f 3174//3174 708//708 3166//3166
f 3174//3174 502//502 18//18
f 3173//3173 490//490 16//16
f 3173//3173 502//502 3166//3166
f 502//502 3173//3173 16//16
f 490//490 3173//3173 3166//3166
f 716//716 715//715 7//7
f 503//503 3175//3175 716//716
f 503//503 716//716 19//19
f 715//715 3175//3175 14//14
f 3175//3175 503//503 14//14
f 3175//3175 715//715 716//716
f 511//511 20//20 717//717
f 717//717 3176//3176 511//511
f 718//718 3176//3176 2//2
f 11//11 511//511 718//718
f 3176//3176 717//717 2//2
f 3176//3176 718//718 511//511
f 609//609 12//12 719//719
f 719//719 3177//3177 609//609
f 720//720 3177//3177 1//1
f 21//21 609//609 720//720
f 3177//3177 719//719 1//1
f 3177//3177 720//720 609//609
f 721//721 707//707 22//22
f 707//707 3178//3178 13//13
f 722//722 3178//3178 721//721
f 8//8 722//722 721//721
f 3178//3178 707//707 721//721
f 3178//3178 722//722 13//13
f 3185//3185 475//475 3184//3184
f 474//474 3184//3184 475//475
f 163//163 3185//3185 3184//3184
f 163//163 3184//3184 162//162
f 3184//3184 474//474 3183//3183
f 473//473 3183//3183 474//474
f 162//162 3184//3184 3183//3183
f 162//162 3183//3183 161//161
f 3183//3183 473//473 3182//3182
f 472//472 3182//3182 473//473
f 161//161 3183//3183 3182//3182
f 161//161 3182//3182 160//160
f 3182//3182 472//472 3181//3181
f 471//471 3181//3181 472//472
f 160//160 3182//3182 3181//3181
f 160//160 3181//3181 159//159
f 3181//3181 471//471 3180//3180
f 470//470 3180//3180 471//471
f 159//159 3181//3181 3180//3180
f 159//159 3180//3180 158//158
f 3180//3180 470//470 3179//3179
f 469//469 3179//3179 470//470
f 158//158 3180//3180 3179//3179
f 158//158 3179//3179 157//157
f 3185//3185 715//715 14//14
f 475//475 3185//3185 14//14
f 715//715 3185//3185 7//7
f 3185//3185 163//163 7//7
f 469//469 3187//3187 3179//3179
f 722//722 3187//3187 13//13
f 3187//3187 722//722 3179//3179
f 3187//3187 469//469 13//13
f 157//157 3186//3186 8//8
f 722//722 3186//3186 3179//3179
f 3186//3186 722//722 8//8
f 3186//3186 157//157 3179//3179
f 3284//3284 820//820 3283//3283
f 819//819 3283//3283 820//820
f 156//156 3284//3284 3283//3283
f 156//156 3283//3283 155//155
f 3283//3283 819//819 3282//3282
f 818//818 3282//3282 819//819
f 155//155 3283//3283 3282//3282
f 155//155 3282//3282 154//154
f 3282//3282 818//818 3281//3281
f 817//817 3281//3281 818//818
f 154//154 3282//3282 3281//3281
f 154//154 3281//3281 153//153
f 3281//3281 817//817 3280//3280
f 816//816 3280//3280 817//817
f 153//153 3281//3281 3280//3280
f 153//153 3280//3280 152//152
f 3280//3280 816//816 3279//3279
f 815//815 3279//3279 816//816
f 152//152 3280//3280 3279//3279
f 152//152 3279//3279 151//151
f 3279//3279 815//815 3278//3278
f 814//814 3278//3278 815//815
f 151//151 3279//3279 3278//3278
f 151//151 3278//3278 150//150
f 3278//3278 814//814 3277//3277
f 813//813 3277//3277 814//814
f 150//150 3278//3278 3277//3277
f 150//150 3277//3277 149//149
f 3277//3277 813//813 3276//3276
f 812//812 3276//3276 813//813
f 149//149 3277//3277 3276//3276
f 149//149 3276//3276 148//148
f 3276//3276 812//812 3275//3275
f 811//811 3275//3275 812//812
f 148//148 3276//3276 3275//3275
f 148//148 3275//3275 147//147
f 3275//3275 811//811 3274//3274
f 810//810 3274//3274 811//811
f 147//147 3275//3275 3274//3274
f 147//147 3274//3274 146//146
f 3274//3274 810//810 3273//3273
f 809//809 3273//3273 810//810
f 146//146 3274//3274 3273//3273
f 146//146 3273//3273 145//145
f 3273//3273 809//809 3272//3272
f 808//808 3272//3272 809//809
f 145//145 3273//3273 3272//3272
f 145//145 3272//3272 144//144
f 3272//3272 808//808 3271//3271
f 807//807 3271//3271 808//808
f 144//144 3272//3272 3271//3271
f 144//144 3271//3271 143//143
f 3271//3271 807//807 3270//3270
f 806//806 3270//3270 807//807
f 143//143 3271//3271 3270//3270
f 143//143 3270//3270 142//142
f 3270//3270 806//806 3269//3269
f 805//805 3269//3269 806//806
f 142//142 3270//3270 3269//3269
f 142//142 3269//3269 141//141
f 3269//3269 805//805 3268//3268
f 804//804 3268//3268 805//805
f 141//141 3269//3269 3268//3268
f 141//141 3268//3268 140//140
f 3268//3268 804//804 3267//3267
f 803//803 3267//3267 804//804
f 140//140 3268//3268 3267//3267
f 140//140 3267//3267 139//139
f 3267//3267 803//803 3266//3266
f 802//802 3266//3266 803//803
f 139//139 3267//3267 3266//3266
f 139//139 3266//3266 138//138
f 3266//3266 802//802 3265//3265
f 801//801 3265//3265 802//802
f 138//138 3266//3266 3265//3265
f 138//138 3265//3265 137//137
f 3265//3265 801//801 3264//3264
f 800//800 3264//3264 801//801
f 137//137 3265//3265 3264//3264
f 137//137 3264//3264 136//136
f 3264//3264 800//800 3263//3263
f 799//799 3263//3263 800//800
f 136//136 3264//3264 3263//3263
f 136//136 3263//3263 135//135
f 3263//3263 799//799 3262//3262
f 798//798 3262//3262 799//799
f 135//135 3263//3263 3262//3262
f 135//135 3262//3262 134//134
f 3262//3262 798//798 3261//3261
f 797//797 3261//3261 798//798
f 134//134 3262//3262 3261//3261
f 134//134 3261//3261 133//133
f 3261//3261 797//797 3260//3260
f 796//796 3260//3260 797//797
f 133//133 3261//3261 3260//3260
f 133//133 3260//3260 132//132
f 3260//3260 796//796 3259//3259
f 795//795 3259//3259 796//796
f 132//132 3260//3260 3259//3259
f 132//132 3259//3259 131//131
f 3259//3259 795//795 3258//3258
f 794//794 3258//3258 795//795
f 131//131 3259//3259 3258//3258
f 131//131 3258//3258 130//130
f 3258//3258 794//794 3257//3257
f 793//793 3257//3257 794//794
f 130//130 3258//3258 3257//3257
f 130//130 3257//3257 129//129
f 3257//3257 793//793 3256//3256
f 792//792 3256//3256 793//793
f 129//129 3257//3257 3256//3256
f 129//129 3256//3256 128//128
f 3256//3256 792//792 3255//3255
f 791//791 3255//3255 792//792
f 128//128 3256//3256 3255//3255
f 128//128 3255//3255 127//127
f 3255//3255 791//791 3254//3254
f 790//790 3254//3254 791//791
f 127//127 3255//3255 3254//3254
f 127//127 3254//3254 126//126
f 3254//3254 790//790 3253//3253
f 789//789 3253//3253 790//790
f 126//126 3254//3254 3253//3253
f 126//126 3253//3253 125//125
f 3253//3253 789//789 3252//3252
f 788//788 3252//3252 789//789
f 125//125 3253//3253 3252//3252
f 125//125 3252//3252 124//124
f 3252//3252 788//788 3251//3251
f 787//787 3251//3251 788//788
f 124//124 3252//3252 3251//3251
f 124//124 3251//3251 123//123
f 3251//3251 787//787 3250//3250
f 786//786 3250//3250 787//787
f 123//123 3251//3251 3250//3250
f 123//123 3250//3250 122//122
f 3250//3250 786//786 3249//3249
f 785//785 3249//3249 786//786
f 122//122 3250//3250 3249//3249
f 122//122 3249//3249 121//121
f 3249//3249 785//785 3248//3248
f 784//784 3248//3248 785//785
f 121//121 3249//3249 3248//3248
f 121//121 3248//3248 120//120
f 3248//3248 784//784 3247//3247
f 783//783 3247//3247 784//784
f 120//120 3248//3248 3247//3247
f 120//120 3247//3247 119//119
f 3247//3247 783//783 3246//3246
f 782//782 3246//3246 783//783
f 119//119 3247//3247 3246//3246
f 119//119 3246//3246 118//118
f 3246//3246 782//782 3245//3245
f 781//781 3245//3245 782//782
f 118//118 3246//3246 3245//3245
f 118//118 3245//3245 117//117
f 3245//3245 781//781 3244//3244
f 780//780 3244//3244 781//781
f 117//117 3245//3245 3244//3244
f 117//117 3244//3244 116//116
f 3244//3244 780//780 3243//3243
f 779//779 3243//3243 780//780
f 116//116 3244//3244 3243//3243
f 116//116 3243//3243 115//115
f 3243//3243 779//779 3242//3242
f 778//778 3242//3242 779//779
f 115//115 3243//3243 3242//3242
f 115//115 3242//3242 114//114
f 3242//3242 778//778 3241//3241
f 777//777 3241//3241 778//778
f 114//114 3242//3242 3241//3241
f 114//114 3241//3241 113//113
f 3241//3241 777//777 3240//3240
f 776//776 3240//3240 777//777
f 113//113 3241//3241 3240//3240
f 113//113 3240//3240 112//112
f 3240//3240 776//776 3239//3239
f 775//775 3239//3239 776//776
f 112//112 3240//3240 3239//3239
f 112//112 3239//3239 111//111
f 3239//3239 775//775 3238//3238
f 774//774 3238//3238 775//775
f 111//111 3239//3239 3238//3238
f 111//111 3238//3238 110//110
f 3238//3238 774//774 3237//3237
f 773//773 3237//3237 774//774
f 110//110 3238//3238 3237//3237
f 110//110 3237//3237 109//109
f 3237//3237 773//773 3236//3236
f 772//772 3236//3236 773//773
f 109//109 3237//3237 3236//3236
f 109//109 3236//3236 108//108
f 108//108 3236//3236 3235//3235
f 3236//3236 772//772 3235//3235
f 3235//3235 772//772 771//771
f 3235//3235 107//107 108//108
f 107//107 3235//3235 3234//3234
f 3235//3235 771//771 3234//3234
f 3234//3234 771//771 770//770
f 3234//3234 106//106 107//107
f 106//106 3234//3234 3233//3233
f 3234//3234 770//770 3233//3233
f 3233//3233 770//770 769//769
f 3233//3233 105//105 106//106
f 105//105 3233//3233 3232//3232
f 3233//3233 769//769 3232//3232
f 3232//3232 769//769 768//768
f 3232//3232 104//104 105//105
f 104//104 3232//3232 3231//3231
f 3232//3232 768//768 3231//3231
f 3231//3231 768//768 767//767
f 3231//3231 103//103 104//104
f 103//103 3231//3231 3230//3230
f 3231//3231 767//767 3230//3230
f 3230//3230 767//767 766//766
f 3230//3230 102//102 103//103
f 102//102 3230//3230 3229//3229
f 3230//3230 766//766 3229//3229
f 3229//3229 766//766 765//765
f 3229//3229 101//101 102//102
f 101//101 3229//3229 3228//3228
f 3229//3229 765//765 3228//3228
f 3228//3228 765//765 764//764
f 3228//3228 100//100 101//101
f 100//100 3228//3228 3227//3227
f 3228//3228 764//764 3227//3227
f 3227//3227 764//764 763//763
f 3227//3227 99//99 100//100
f 99//99 3227//3227 3226//3226
f 3227//3227 763//763 3226//3226
f 3226//3226 763//763 762//762
f 3226//3226 98//98 99//99
f 98//98 3226//3226 3225//3225
f 3226//3226 762//762 3225//3225
f 3225//3225 762//762 761//761
f 3225//3225 97//97 98//98
f 97//97 3225//3225 3224//3224
f 3225//3225 761//761 3224//3224
f 3224//3224 761//761 760//760
f 3224//3224 96//96 97//97
f 96//96 3224//3224 3223//3223
f 3224//3224 760//760 3223//3223
f 3223//3223 760//760 759//759
f 3223//3223 95//95 96//96
f 95//95 3223//3223 3222//3222
f 3223//3223 759//759 3222//3222
f 3222//3222 759//759 758//758
f 3222//3222 94//94 95//95
f 94//94 3222//3222 3221//3221
f 3222//3222 758//758 3221//3221
f 3221//3221 758//758 757//757
f 3221//3221 93//93 94//94
f 93//93 3221//3221 3220//3220
f 3221//3221 757//757 3220//3220
f 3220//3220 757//757 756//756
f 3220//3220 92//92 93//93
f 92//92 3220//3220 3219//3219
f 3220//3220 756//756 3219//3219
f 3219//3219 756//756 755//755
f 3219//3219 91//91 92//92
f 91//91 3219//3219 3218//3218
f 3219//3219 755//755 3218//3218
f 3218//3218 755//755 754//754
f 3218//3218 90//90 91//91
f 90//90 3218//3218 3217//3217
f 3218//3218 754//754 3217//3217
f 3217//3217 754//754 753//753
f 3217//3217 89//89 90//90
f 89//89 3217//3217 3216//3216
f 3217//3217 753//753 3216//3216
f 3216//3216 753//753 752//752
f 3216//3216 88//88 89//89
f 88//88 3216//3216 3215//3215
f 3216//3216 752//752 3215//3215
f 3215//3215 752//752 751//751
f 3215//3215 87//87 88//88
f 87//87 3215//3215 3214//3214
f 3215//3215 751//751 3214//3214
f 3214//3214 751//751 750//750
f 3214//3214 86//86 87//87
f 86//86 3214//3214 3213//3213
f 3214//3214 750//750 3213//3213
f 3213//3213 750//750 749//749
f 3213//3213 85//85 86//86
f 85//85 3213//3213 3212//3212
f 3213//3213 749//749 3212//3212
f 3212//3212 749//749 748//748
f 3212//3212 84//84 85//85
f 84//84 3212//3212 3211//3211
f 3212//3212 748//748 3211//3211
f 3211//3211 748//748 747//747
f 3211//3211 83//83 84//84
f 83//83 3211//3211 3210//3210
f 3211//3211 747//747 3210//3210
f 3210//3210 747//747 746//746
f 3210//3210 82//82 83//83
f 82//82 3210//3210 3209//3209
f 3210//3210 746//746 3209//3209
f 3209//3209 746//746 745//745
f 3209//3209 81//81 82//82
f 81//81 3209//3209 3208//3208
f 3209//3209 745//745 3208//3208
f 3208//3208 745//745 744//744
f 3208//3208 80//80 81//81
f 80//80 3208//3208 3207//3207
f 3208//3208 744//744 3207//3207
f 3207//3207 744//744 743//743
f 3207//3207 79//79 80//80
f 79//79 3207//3207 3206//3206
f 3207//3207 743//743 3206//3206
f 3206//3206 743//743 742//742
f 3206//3206 78//78 79//79
f 78//78 3206//3206 3205//3205
f 3206//3206 742//742 3205//3205
f 3205//3205 742//742 741//741
f 3205//3205 77//77 78//78
f 77//77 3205//3205 3204//3204
f 3205//3205 741//741 3204//3204
f 3204//3204 741//741 740//740
f 3204//3204 76//76 77//77
f 76//76 3204//3204 3203//3203
f 3204//3204 740//740 3203//3203
f 3203//3203 740//740 739//739
f 3203//3203 75//75 76//76
f 75//75 3203//3203 3202//3202
f 3203//3203 739//739 3202//3202
f 3202//3202 739//739 738//738
f 3202//3202 74//74 75//75
f 74//74 3202//3202 3201//3201
f 3202//3202 738//738 3201//3201
f 3201//3201 738//738 737//737
f 3201//3201 73//73 74//74
f 73//73 3201//3201 3200//3200
f 3201//3201 737//737 3200//3200
f 3200//3200 737//737 736//736
f 3200//3200 72//72 73//73
f 72//72 3200//3200 3199//3199
f 3200//3200 736//736 3199//3199
f 3199//3199 736//736 735//735
f 3199//3199 71//71 72//72
f 71//71 3199//3199 3198//3198
f 3199//3199 735//735 3198//3198
f 3198//3198 735//735 734//734
f 3198//3198 70//70 71//71
f 70//70 3198//3198 3197//3197
f 3198//3198 734//734 3197//3197
f 3197//3197 734//734 733//733
f 3197//3197 69//69 70//70
f 69//69 3197//3197 3196//3196
f 3197//3197 733//733 3196//3196
f 3196//3196 733//733 732//732
f 3196//3196 68//68 69//69
f 68//68 3196//3196 3195//3195
f 3196//3196 732//732 3195//3195
f 3195//3195 732//732 731//731
f 3195//3195 67//67 68//68
f 67//67 3195//3195 3194//3194
f 3195//3195 731//731 3194//3194
f 3194//3194 731//731 730//730
f 3194//3194 66//66 67//67
f 66//66 3194//3194 3193//3193
f 3194//3194 730//730 3193//3193
f 3193//3193 730//730 729//729
f 3193//3193 65//65 66//66
f 65//65 3193//3193 3192//3192
f 3193//3193 729//729 3192//3192
f 3192//3192 729//729 728//728
f 3192//3192 64//64 65//65
f 64//64 3192//3192 3191//3191
f 3192//3192 728//728 3191//3191
f 3191//3191 728//728 727//727
f 3191//3191 63//63 64//64
f 63//63 3191//3191 3190//3190
f 3191//3191 727//727 3190//3190
f 3190//3190 727//727 726//726
f 3190//3190 62//62 63//63
f 62//62 3190//3190 3189//3189
f 3190//3190 726//726 3189//3189
f 3189//3189 726//726 725//725
f 3189//3189 61//61 62//62
f 61//61 3189//3189 3188//3188
f 3189//3189 725//725 3188//3188
f 3188//3188 725//725 724//724
f 3188//3188 60//60 61//61
f 820//820 3284//3284 23//23
f 3284//3284 723//723 23//23
f 723//723 3284//3284 6//6
f 3284//3284 156//156 6//6
f 3286//3286 716//716 3188//3188
f 3286//3286 724//724 19//19
f 724//724 3286//3286 3188//3188
f 716//716 3286//3286 19//19
f 60//60 3285//3285 7//7
f 716//716 3285//3285 3188//3188
f 3285//3285 716//716 7//7
f 3285//3285 60//60 3188//3188
f 3293//3293 38//38 3292//3292
f 828//828 3293//3293 3292//3292
f 828//828 3292//3292 827//827
f 37//37 3292//3292 38//38
f 3292//3292 37//37 3291//3291
f 827//827 3292//3292 3291//3291
f 827//827 3291//3291 826//826
f 36//36 3291//3291 37//37
f 826//826 3291//3291 3290//3290
f 3290//3290 825//825 826//826
f 3291//3291 36//36 3290//3290
f 3290//3290 36//36 35//35
f 3290//3290 35//35 3289//3289
f 825//825 3290//3290 3289//3289
f 825//825 3289//3289 824//824
f 34//34 3289//3289 35//35
f 3289//3289 34//34 3288//3288
f 824//824 3289//3289 3288//3288
f 824//824 3288//3288 823//823
f 33//33 3288//3288 34//34
f 3288//3288 33//33 3287//3287
f 823//823 3288//3288 3287//3287
f 823//823 3287//3287 822//822
f 32//32 3287//3287 33//33
f 3293//3293 828//828 23//23
f 821//821 3293//3293 23//23
f 3293//3293 821//821 3//3
f 38//38 3293//3293 3//3
f 717//717 3295//3295 3287//3287
f 822//822 3295//3295 20//20
f 3295//3295 822//822 3287//3287
f 3295//3295 717//717 20//20
f 3294//3294 32//32 2//2
f 3294//3294 717//717 3287//3287
f 717//717 3294//3294 2//2
f 32//32 3294//3294 3287//3287
f 3302//3302 31//31 3301//3301
f 371//371 3302//3302 3301//3301
f 371//371 3301//3301 370//370
f 30//30 3301//3301 31//31
f 3301//3301 30//30 3300//3300
f 370//370 3301//3301 3300//3300
f 370//370 3300//3300 369//369
f 29//29 3300//3300 30//30
f 3300//3300 29//29 3299//3299
f 369//369 3300//3300 3299//3299
f 369//369 3299//3299 368//368
f 28//28 3299//3299 29//29
f 3299//3299 28//28 3298//3298
f 368//368 3299//3299 3298//3298
f 368//368 3298//3298 367//367
f 27//27 3298//3298 28//28
f 3298//3298 27//27 3297//3297
f 367//367 3298//3298 3297//3297
f 367//367 3297//3297 366//366
f 26//26 3297//3297 27//27
f 3297//3297 26//26 3296//3296
f 366//366 3297//3297 3296//3296
f 366//366 3296//3296 365//365
f 25//25 3296//3296 26//26
f 718//718 3302//3302 11//11
f 3302//3302 371//371 11//11
f 3302//3302 718//718 2//2
f 31//31 3302//3302 2//2
f 3304//3304 365//365 3296//3296
f 3304//3304 719//719 12//12
f 719//719 3304//3304 3296//3296
f 365//365 3304//3304 12//12
f 3303//3303 25//25 1//1
f 3303//3303 719//719 3296//3296
f 719//719 3303//3303 1//1
f 25//25 3303//3303 3296//3296
f 3311//3311 836//836 3310//3310
f 835//835 3310//3310 836//836
f 52//52 3311//3311 3310//3310
f 52//52 3310//3310 51//51
f 3310//3310 835//835 3309//3309
f 834//834 3309//3309 835//835
f 51//51 3310//3310 3309//3309
f 51//51 3309//3309 50//50
f 3309//3309 834//834 3308//3308
f 833//833 3308//3308 834//834
f 50//50 3309//3309 3308//3308
f 50//50 3308//3308 49//49
f 3308//3308 833//833 3307//3307
f 832//832 3307//3307 833//833
f 49//49 3308//3308 3307//3307
f 49//49 3307//3307 48//48
f 3307//3307 832//832 3306//3306
f 831//831 3306//3306 832//832
f 48//48 3307//3307 3306//3306
f 48//48 3306//3306 47//47
f 3306//3306 831//831 3305//3305
f 830//830 3305//3305 831//831
f 47//47 3306//3306 3305//3305
f 47//47 3305//3305 46//46
f 836//836 3311//3311 24//24
f 3311//3311 829//829 24//24
f 829//829 3311//3311 4//4
f 3311//3311 52//52 4//4
f 3313//3313 720//720 3305//3305
f 3313//3313 830//830 21//21
f 830//830 3313//3313 3305//3305
f 720//720 3313//3313 21//21
f 46//46 3312//3312 1//1
f 720//720 3312//3312 3305//3305
f 3312//3312 720//720 1//1
f 3312//3312 46//46 3305//3305
f 3410//3410 260//260 3409//3409
f 934//934 3410//3410 3409//3409
f 934//934 3409//3409 933//933
f 259//259 3409//3409 260//260
f 3409//3409 259//259 3408//3408
f 933//933 3409//3409 3408//3408
f 933//933 3408//3408 932//932
f 258//258 3408//3408 259//259
f 3408//3408 258//258 3407//3407
f 932//932 3408//3408 3407//3407
f 932//932 3407//3407 931//931
f 257//257 3407//3407 258//258
f 3407//3407 257//257 3406//3406
f 931//931 3407//3407 3406//3406
f 931//931 3406//3406 930//930
f 256//256 3406//3406 257//257
f 3406//3406 256//256 3405//3405
f 930//930 3406//3406 3405//3405
f 930//930 3405//3405 929//929
f 255//255 3405//3405 256//256
f 3405//3405 255//255 3404//3404
f 929//929 3405//3405 3404//3404
f 929//929 3404//3404 928//928
f 254//254 3404//3404 255//255
f 3404//3404 254//254 3403//3403
f 928//928 3404//3404 3403//3403
f 928//928 3403//3403 927//927
f 253//253 3403//3403 254//254
f 3403//3403 253//253 3402//3402
f 927//927 3403//3403 3402//3402
f 927//927 3402//3402 926//926
f 252//252 3402//3402 253//253
f 3402//3402 252//252 3401//3401
f 926//926 3402//3402 3401//3401
f 926//926 3401//3401 925//925
f 251//251 3401//3401 252//252
f 3401//3401 251//251 3400//3400
f 925//925 3401//3401 3400//3400
f 925//925 3400//3400 924//924
f 250//250 3400//3400 251//251
f 3400//3400 250//250 3399//3399
f 924//924 3400//3400 3399//3399
f 924//924 3399//3399 923//923
f 249//249 3399//3399 250//250
f 3399//3399 249//249 3398//3398
f 923//923 3399//3399 3398//3398
f 923//923 3398//3398 922//922
f 248//248 3398//3398 249//249
f 3398//3398 248//248 3397//3397
f 922//922 3398//3398 3397//3397
f 922//922 3397//3397 921//921
f 247//247 3397//3397 248//248
f 3397//3397 247//247 3396//3396
f 921//921 3397//3397 3396//3396
f 921//921 3396//3396 920//920
f 246//246 3396//3396 247//247
f 3396//3396 246//246 3395//3395
f 920//920 3396//3396 3395//3395
f 920//920 3395//3395 919//919
f 245//245 3395//3395 246//246
f 3395//3395 245//245 3394//3394
f 919//919 3395//3395 3394//3394
f 919//919 3394//3394 918//918
f 244//244 3394//3394 245//245
f 3394//3394 244//244 3393//3393
f 918//918 3394//3394 3393//3393
f 918//918 3393//3393 917//917
f 243//243 3393//3393 244//244
f 3393//3393 243//243 3392//3392
f 917//917 3393//3393 3392//3392
f 917//917 3392//3392 916//916
f 242//242 3392//3392 243//243
f 3392//3392 242//242 3391//3391
f 916//916 3392//3392 3391//3391
f 916//916 3391//3391 915//915
f 241//241 3391//3391 242//242
f 3391//3391 241//241 3390//3390
f 915//915 3391//3391 3390//3390
f 915//915 3390//3390 914//914
f 240//240 3390//3390 241//241
f 3390//3390 240//240 3389//3389
f 914//914 3390//3390 3389//3389
f 914//914 3389//3389 913//913
f 239//239 3389//3389 240//240
f 3389//3389 239//239 3388//3388
f 913//913 3389//3389 3388//3388
f 913//913 3388//3388 912//912
f 238//238 3388//3388 239//239
f 3388//3388 238//238 3387//3387
f 912//912 3388//3388 3387//3387
f 912//912 3387//3387 911//911
f 237//237 3387//3387 238//238
f 3387//3387 237//237 3386//3386
f 911//911 3387//3387 3386//3386
f 911//911 3386//3386 910//910
f 236//236 3386//3386 237//237
f 3386//3386 236//236 3385//3385
f 910//910 3386//3386 3385//3385
f 910//910 3385//3385 909//909
f 235//235 3385//3385 236//236
f 3385//3385 235//235 3384//3384
f 909//909 3385//3385 3384//3384
f 909//909 3384//3384 908//908
f 234//234 3384//3384 235//235
f 3384//3384 234//234 3383//3383
f 908//908 3384//3384 3383//3383
f 908//908 3383//3383 907//907
f 233//233 3383//3383 234//234
f 3383//3383 233//233 3382//3382
f 907//907 3383//3383 3382//3382
f 907//907 3382//3382 906//906
f 232//232 3382//3382 233//233
f 3382//3382 232//232 3381//3381
f 906//906 3382//3382 3381//3381
f 906//906 3381//3381 905//905
f 231//231 3381//3381 232//232
f 3381//3381 231//231 3380//3380
f 905//905 3381//3381 3380//3380
f 905//905 3380//3380 904//904
f 230//230 3380//3380 231//231
f 3380//3380 230//230 3379//3379
f 904//904 3380//3380 3379//3379
f 904//904 3379//3379 903//903
f 229//229 3379//3379 230//230
f 3379//3379 229//229 3378//3378
f 903//903 3379//3379 3378//3378
f 903//903 3378//3378 902//902
f 228//228 3378//3378 229//229
f 3378//3378 228//228 3377//3377
f 902//902 3378//3378 3377//3377
f 902//902 3377//3377 901//901
f 227//227 3377//3377 228//228
f 3377//3377 227//227 3376//3376
f 901//901 3377//3377 3376//3376
f 901//901 3376//3376 900//900
f 226//226 3376//3376 227//227
f 3376//3376 226//226 3375//3375
f 900//900 3376//3376 3375//3375
f 900//900 3375//3375 899//899
f 225//225 3375//3375 226//226
f 3375//3375 225//225 3374//3374
f 899//899 3375//3375 3374//3374
f 899//899 3374//3374 898//898
f 224//224 3374//3374 225//225
f 3374//3374 224//224 3373//3373
f 898//898 3374//3374 3373//3373
f 898//898 3373//3373 897//897
f 223//223 3373//3373 224//224
f 3373//3373 223//223 3372//3372
f 897//897 3373//3373 3372//3372
f 897//897 3372//3372 896//896
f 222//222 3372//3372 223//223
f 3372//3372 222//222 3371//3371
f 896//896 3372//3372 3371//3371
f 896//896 3371//3371 895//895
f 221//221 3371//3371 222//222
f 3371//3371 221//221 3370//3370
f 895//895 3371//3371 3370//3370
f 895//895 3370//3370 894//894
f 220//220 3370//3370 221//221
f 3370//3370 220//220 3369//3369
f 894//894 3370//3370 3369//3369
f 894//894 3369//3369 893//893
f 219//219 3369//3369 220//220
f 3369//3369 219//219 3368//3368
f 893//893 3369//3369 3368//3368
f 893//893 3368//3368 892//892
f 218//218 3368//3368 219//219
f 3368//3368 218//218 3367//3367
f 892//892 3368//3368 3367//3367
f 892//892 3367//3367 891//891
f 217//217 3367//3367 218//218
f 3367//3367 217//217 3366//3366
f 891//891 3367//3367 3366//3366
f 891//891 3366//3366 890//890
f 216//216 3366//3366 217//217
f 3366//3366 216//216 3365//3365
f 890//890 3366//3366 3365//3365
f 890//890 3365//3365 889//889
f 215//215 3365//3365 216//216
f 3365//3365 215//215 3364//3364
f 889//889 3365//3365 3364//3364
f 889//889 3364//3364 888//888
f 214//214 3364//3364 215//215
f 3364//3364 214//214 3363//3363
f 888//888 3364//3364 3363//3363
f 888//888 3363//3363 887//887
f 213//213 3363//3363 214//214
f 887//887 3363//3363 3362//3362
f 3362//3362 886//886 887//887
f 3363//3363 213//213 3362//3362
f 3362//3362 213//213 212//212
f 3362//3362 212//212 3361//3361
f 886//886 3362//3362 3361//3361
f 886//886 3361//3361 885//885
f 211//211 3361//3361 212//212
f 3361//3361 211//211 3360//3360
f 885//885 3361//3361 3360//3360
f 885//885 3360//3360 884//884
f 210//210 3360//3360 211//211
f 3360//3360 210//210 3359//3359
f 884//884 3360//3360 3359//3359
f 884//884 3359//3359 883//883
f 209//209 3359//3359 210//210
f 3359//3359 209//209 3358//3358
f 883//883 3359//3359 3358//3358
f 883//883 3358//3358 882//882
f 208//208 3358//3358 209//209
f 3358//3358 208//208 3357//3357
f 882//882 3358//3358 3357//3357
f 882//882 3357//3357 881//881
f 207//207 3357//3357 208//208
f 3357//3357 207//207 3356//3356
f 881//881 3357//3357 3356//3356
f 881//881 3356//3356 880//880
f 206//206 3356//3356 207//207
f 3356//3356 206//206 3355//3355
f 880//880 3356//3356 3355//3355
f 880//880 3355//3355 879//879
f 205//205 3355//3355 206//206
f 3355//3355 205//205 3354//3354
f 879//879 3355//3355 3354//3354
f 879//879 3354//3354 878//878
f 204//204 3354//3354 205//205
f 3354//3354 204//204 3353//3353
f 878//878 3354//3354 3353//3353
f 878//878 3353//3353 877//877
f 203//203 3353//3353 204//204
f 3353//3353 203//203 3352//3352
f 877//877 3353//3353 3352//3352
f 877//877 3352//3352 876//876
f 202//202 3352//3352 203//203
f 3352//3352 202//202 3351//3351
f 876//876 3352//3352 3351//3351
f 876//876 3351//3351 875//875
f 201//201 3351//3351 202//202
f 3351//3351 201//201 3350//3350
f 875//875 3351//3351 3350//3350
f 875//875 3350//3350 874//874
f 200//200 3350//3350 201//201
f 3350//3350 200//200 3349//3349
f 874//874 3350//3350 3349//3349
f 874//874 3349//3349 873//873
f 199//199 3349//3349 200//200
f 3349//3349 199//199 3348//3348
f 873//873 3349//3349 3348//3348
f 873//873 3348//3348 872//872
f 198//198 3348//3348 199//199
f 3348//3348 198//198 3347//3347
f 872//872 3348//3348 3347//3347
f 872//872 3347//3347 871//871
f 197//197 3347//3347 198//198
f 3347//3347 197//197 3346//3346
f 871//871 3347//3347 3346//3346
f 871//871 3346//3346 870//870
f 196//196 3346//3346 197//197
f 3346//3346 196//196 3345//3345
f 870//870 3346//3346 3345//3345
f 870//870 3345//3345 869//869
f 195//195 3345//3345 196//196
f 3345//3345 195//195 3344//3344
f 869//869 3345//3345 3344//3344
f 869//869 3344//3344 868//868
f 194//194 3344//3344 195//195
f 3344//3344 194//194 3343//3343
f 868//868 3344//3344 3343//3343
f 868//868 3343//3343 867//867
f 193//193 3343//3343 194//194
f 867//867 3343//3343 3342//3342
f 3342//3342 866//866 867//867
f 3343//3343 193//193 3342//3342
f 3342//3342 193//193 192//192
f 866//866 3342//3342 3341//3341
f 3341//3341 865//865 866//866
f 3342//3342 192//192 3341//3341
f 3341//3341 192//192 191//191
f 865//865 3341//3341 3340//3340
f 3340//3340 864//864 865//865
f 3341//3341 191//191 3340//3340
f 3340//3340 191//191 190//190
f 864//864 3340//3340 3339//3339
f 3339//3339 863//863 864//864
f 3340//3340 190//190 3339//3339
f 3339//3339 190//190 189//189
f 863//863 3339//3339 3338//3338
f 3338//3338 862//862 863//863
f 3339//3339 189//189 3338//3338
f 3338//3338 189//189 188//188
f 862//862 3338//3338 3337//3337
f 3337//3337 861//861 862//862
f 3338//3338 188//188 3337//3337
f 3337//3337 188//188 187//187
f 861//861 3337//3337 3336//3336
f 3336//3336 860//860 861//861
f 3337//3337 187//187 3336//3336
f 3336//3336 187//187 186//186
f 860//860 3336//3336 3335//3335
f 3335//3335 859//859 860//860
f 3336//3336 186//186 3335//3335
f 3335//3335 186//186 185//185
f 859//859 3335//3335 3334//3334
f 3334//3334 858//858 859//859
f 3335//3335 185//185 3334//3334
f 3334//3334 185//185 184//184
f 858//858 3334//3334 3333//3333
f 3333//3333 857//857 858//858
f 3334//3334 184//184 3333//3333
f 3333//3333 184//184 183//183
f 857//857 3333//3333 3332//3332
f 3332//3332 856//856 857//857
f 3333//3333 183//183 3332//3332
f 3332//3332 183//183 182//182
f 856//856 3332//3332 3331//3331
f 3331//3331 855//855 856//856
f 3332//3332 182//182 3331//3331
f 3331//3331 182//182 181//181
f 855//855 3331//3331 3330//3330
f 3330//3330 854//854 855//855
f 3331//3331 181//181 3330//3330
f 3330//3330 181//181 180//180
f 854//854 3330//3330 3329//3329
f 3329//3329 853//853 854//854
f 3330//3330 180//180 3329//3329
f 3329//3329 180//180 179//179
f 853//853 3329//3329 3328//3328
f 3328//3328 852//852 853//853
f 3329//3329 179//179 3328//3328
f 3328//3328 179//179 178//178
f 852//852 3328//3328 3327//3327
f 3327//3327 851//851 852//852
f 3328//3328 178//178 3327//3327
f 3327//3327 178//178 177//177
f 851//851 3327//3327 3326//3326
f 3326//3326 850//850 851//851
f 3327//3327 177//177 3326//3326
f 3326//3326 177//177 176//176
f 850//850 3326//3326 3325//3325
f 3325//3325 849//849 850//850
f 3326//3326 176//176 3325//3325
f 3325//3325 176//176 175//175
f 849//849 3325//3325 3324//3324
f 3324//3324 848//848 849//849
f 3325//3325 175//175 3324//3324
f 3324//3324 175//175 174//174
f 848//848 3324//3324 3323//3323
f 3323//3323 847//847 848//848
f 3324//3324 174//174 3323//3323
f 3323//3323 174//174 173//173
f 847//847 3323//3323 3322//3322
f 3322//3322 846//846 847//847
f 3323//3323 173//173 3322//3322
f 3322//3322 173//173 172//172
f 846//846 3322//3322 3321//3321
f 3321//3321 845//845 846//846
f 3322//3322 172//172 3321//3321
f 3321//3321 172//172 171//171
f 845//845 3321//3321 3320//3320
f 3320//3320 844//844 845//845
f 3321//3321 171//171 3320//3320
f 3320//3320 171//171 170//170
f 844//844 3320//3320 3319//3319
f 3319//3319 843//843 844//844
f 3320//3320 170//170 3319//3319
f 3319//3319 170//170 169//169
f 843//843 3319//3319 3318//3318
f 3318//3318 842//842 843//843
f 3319//3319 169//169 3318//3318
f 3318//3318 169//169 168//168
f 842//842 3318//3318 3317//3317
f 3317//3317 841//841 842//842
f 3318//3318 168//168 3317//3317
f 3317//3317 168//168 167//167
f 841//841 3317//3317 3316//3316
f 3316//3316 840//840 841//841
f 3317//3317 167//167 3316//3316
f 3316//3316 167//167 166//166
f 840//840 3316//3316 3315//3315
f 3315//3315 839//839 840//840
f 3316//3316 166//166 3315//3315
f 3315//3315 166//166 165//165
f 839//839 3315//3315 3314//3314
f 3314//3314 838//838 839//839
f 3315//3315 165//165 3314//3314
f 3314//3314 165//165 164//164
f 3410//3410 934//934 24//24
f 837//837 3410//3410 24//24
f 3410//3410 837//837 5//5
f 260//260 3410//3410 5//5
f 721//721 3412//3412 3314//3314
f 838//838 3412//3412 22//22
f 3412//3412 838//838 3314//3314
f 3412//3412 721//721 22//22
f 3411//3411 164//164 8//8
f 3411//3411 721//721 3314//3314
f 721//721 3411//3411 8//8
f 164//164 3411//3411 3314//3314
f 723//723 6//6 935//935
f 821//821 23//23 723//723
f 3413//3413 821//821 723//723
f 3413//3413 935//935 3//3
f 821//821 3413//3413 3//3
f 935//935 3413//3413 723//723
f 837//837 24//24 829//829
f 829//829 3414//3414 837//837
f 936//936 3414//3414 4//4
f 5//5 837//837 936//936
f 3414//3414 829//829 4//4
f 3414//3414 936//936 837//837
f 3421//3421 59//59 3420//3420
f 58//58 3420//3420 59//59
f 45//45 3421//3421 3420//3420
f 45//45 3420//3420 44//44
f 3420//3420 58//58 3419//3419
f 57//57 3419//3419 58//58
f 44//44 3420//3420 3419//3419
f 44//44 3419//3419 43//43
f 3419//3419 57//57 3418//3418
f 56//56 3418//3418 57//57
f 43//43 3419//3419 3418//3418
f 43//43 3418//3418 42//42
f 42//42 3418//3418 3417//3417
f 3418//3418 56//56 3417//3417
f 3417//3417 56//56 55//55
f 3417//3417 41//41 42//42
f 41//41 3417//3417 3416//3416
f 3417//3417 55//55 3416//3416
f 3416//3416 55//55 54//54
f 3416//3416 40//40 41//41
f 3416//3416 54//54 3415//3415
f 53//53 3415//3415 54//54
f 40//40 3416//3416 3415//3415
f 40//40 3415//3415 39//39
f 3421//3421 935//935 6//6
f 59//59 3421//3421 6//6
f 935//935 3421//3421 3//3
f 3421//3421 45//45 3//3
f 53//53 3423//3423 3415//3415
f 936//936 3423//3423 5//5
f 3423//3423 936//936 3415//3415
f 3423//3423 53//53 5//5
f 39//39 3422//3422 4//4
f 936//936 3422//3422 3415//3415
f 3422//3422 936//936 4//4
f 3422//3422 39//39 3415//3415
f 3808//3808 4050//4050 4128//4128
f 3809//3809 4052//4052 4127//4127
f 4051//4051 3808//3808 4129//4129
f 3700//3700 3638//3638 4226//4226
f 3485//3485 3700//3700 4226//4226
f 3659//3659 3425//3425 4062//4062
f 3581//3581 3659//3659 4062//4062
f 3428//3428 3676//3676 4270//4270
f 3972//3972 3508//3508 4178//4178
f 766//766 767//767 3679//3679
f 590//590 589//589 3714//3714
f 581//581 580//580 3713//3713
f 3637//3637 3811//3811 4122//4122
f 3722//3722 3495//3495 4163//4163
f 3494//3494 3718//3718 4161//4161
f 3719//3719 3493//3493 4162//4162
f 804//804 805//805 3717//3717
f 791//791 792//792 3718//3718
f 789//789 790//790 3719//3719
f 543//543 542//542 3721//3721
f 541//541 540//540 3720//3720
f 802//802 803//803 3722//3722
f 3706//3706 3428//3428 4270//4270
f 577//577 3647//3647 3895//3895
f 4117//4117 3774//3774 4219//4219
f 3811//3811 3424//3424 4122//4122
f 3522//3522 3647//3647 4072//4072
f 3493//3493 3749//3749 4162//4162
f 3495//3495 3748//3748 4163//4163
f 3750//3750 3494//3494 4161//4161
f 3461//3461 3774//3774 4117//4117
f 3652//3652 3424//3424 3838//3838
f 3684//3684 3487//3487 4178//4178
f 3683//3683 3505//3505 4179//4179
f 810//810 3878//3878 4158//4158
f 3516//3516 3809//3809 4127//4127
f 3515//3515 3808//3808 4128//4128
f 3808//3808 3515//3515 4129//4129
f 3509//3509 3900//3900 4167//4167
f 798//798 799//799 3671//3671
f 763//763 764//764 3673//3673
f 795//795 796//796 3674//3674
f 785//785 786//786 3670//3670
f 564//564 563//563 3672//3672
f 728//728 729//729 3675//3675
f 3749//3749 3493//3493 3835//3835
f 3496//3496 3693//3693 3932//3932
f 3694//3694 3497//3497 3933//3933
f 3675//3675 3579//3579 4103//4103
f 724//724 4021//4021 4135//4135
f 3672//3672 3578//3578 4101//4101
f 3577//3577 3673//3673 4100//4100
f 3491//3491 3658//3658 3965//3965
f 3538//3538 3742//3742 3883//3883
f 3696//3696 3492//3492 3934//3934
f 3546//3546 3748//3748 3828//3828
f 3748//3748 3495//3495 3828//3828
f 3750//3750 3548//3548 3829//3829
f 3494//3494 3750//3750 3829//3829
f 3547//3547 3749//3749 3835//3835
f 4178//4178 3487//3487 4327//4327
f 813//813 814//814 3682//3682
f 3652//3652 3467//3467 4066//4066
f 3574//3574 3652//3652 4066//4066
f 581//581 3713//3713 3944//3944
f 3714//3714 589//589 3943//3943
f 3658//3658 3491//3491 3945//3945
f 804//804 3717//3717 4074//4074
f 791//791 3718//3718 4075//4075
f 3721//3721 542//542 4076//4076
f 3719//3719 790//790 4075//4075
f 541//541 3720//3720 4076//4076
f 3722//3722 803//803 4074//4074
f 3682//3682 3468//3468 4107//4107
f 3709//3709 3426//3426 3826//3826
f 3427//3427 3707//3707 3825//3825
f 4179//4179 3505//3505 4320//4320
f 3492//3492 3717//3717 3934//3934
f 3721//3721 3496//3496 3932//3932
f 3497//3497 3720//3720 3933//3933
f 554//554 3691//3691 4108//4108
f 3634//3634 770//770 4041//4041
f 530//530 3633//3633 4040//4040
f 3635//3635 522//522 4042//4042
f 3731//3731 3437//3437 3953//3953
f 3586//3586 3731//3731 3953//3953
f 3657//3657 3518//3518 4090//4090
f 583//583 582//582 3712//3712
f 3430//3430 3648//3648 3777//3777
f 3509//3509 3787//3787 3900//3900
f 573//573 3641//3641 3916//3916
f 3546//3546 3655//3655 3980//3980
f 3655//3655 3475//3475 3980//3980
f 3654//3654 3469//3469 3981//3981
f 3547//3547 3654//3654 3981//3981
f 3656//3656 3548//3548 3982//3982
f 3473//3473 3656//3656 3982//3982
f 820//820 23//23 3863//3863
f 23//23 828//828 3863//3863
f 3685//3685 3431//3431 3744//3744
f 3832//3832 3488//3488 4179//4179
f 3523//3523 3643//3643 4176//4176
f 3666//3666 3580//3580 4089//4089
f 3511//3511 3633//3633 3861//3861
f 3635//3635 3510//3510 3862//3862
f 3789//3789 3508//3508 3972//3972
f 3518//3518 3710//3710 4345//4345
f 3633//3633 3511//3511 3924//3924
f 3883//3883 3742//3742 4292//4292
f 3730//3730 3518//3518 4345//4345
f 3588//3588 3682//3682 4107//4107
f 3679//3679 3589//3589 4114//4114
f 3474//3474 3679//3679 4114//4114
f 3518//3518 3626//3626 3836//3836
f 522//522 3635//3635 3862//3862
f 3633//3633 530//530 3861//3861
f 606//606 3681//3681 3927//3927
f 3539//3539 3685//3685 3966//3966
f 740//740 741//741 3705//3705
f 3766//3766 3544//3544 3906//3906
f 555//555 554//554 4108//4108
f 3477//3477 3675//3675 4103//4103
f 3470//3470 3672//3672 4101//4101
f 3673//3673 3472//3472 4100//4100
f 3626//3626 3518//3518 3876//3876
f 3560//3560 3740//3740 4064//4064
f 824//824 823//823 3745//3745
f 3495//3495 3722//3722 3763//3763
f 3719//3719 3571//3571 3761//3761
f 3493//3493 3719//3719 3761//3761
f 3496//3496 3721//3721 3762//3762
f 3721//3721 3573//3573 3762//3762
f 3722//3722 3572//3572 3763//3763
f 3717//3717 3492//3492 3760//3760
f 3572//3572 3717//3717 3760//3760
f 724//724 725//725 4021//4021
f 3468//3468 3682//3682 4095//4095
f 3865//3865 3542//3542 4264//4264
f 3570//3570 3715//3715 4026//4026
f 4073//4073 3648//3648 4168//4168
f 3740//3740 3560//3560 4084//4084
f 3699//3699 3487//3487 4083//4083
f 3510//3510 3635//3635 3820//3820
f 3487//3487 3699//3699 4285//4285
f 3858//3858 3667//3667 3990//3990
f 3857//3857 3668//3668 3991//3991
f 3467//3467 3652//3652 3800//3800
f 3729//3729 3491//3491 3965//3965
f 3761//3761 3445//3445 3941//3941
f 3518//3518 3657//3657 4116//4116
f 3491//3491 3716//3716 3945//3945
f 3535//3535 3632//3632 3921//3921
f 546//546 3695//3695 4150//4150
f 770//770 3634//3634 3946//3946
f 3517//3517 3702//3702 4328//4328
f 3766//3766 3906//3906 4236//4236
f 3638//3638 3700//3700 4276//4276
f 3632//3632 3535//3535 3923//3923
f 3667//3667 3858//3858 4296//4296
f 4134//4134 3792//3792 4239//4239
f 3941//3941 3445//3445 3993//3993
f 3660//3660 3524//3524 4137//4137
f 3661//3661 3525//3525 4138//4138
f 4136//4136 3794//3794 4238//4238
f 3878//3878 3598//3598 4158//4158
f 3475//3475 3655//3655 4121//4121
f 3697//3697 808//808 4158//4158
f 3705//3705 741//741 3796//3796
f 3579//3579 3675//3675 3979//3979
f 758//758 3885//3885 4052//4052
f 3884//3884 734//734 4051//4051
f 3578//3578 3672//3672 3978//3978
f 3673//3673 3577//3577 3977//3977
f 3668//3668 3857//3857 4311//4311
f 3725//3725 3511//3511 3813//3813
f 3439//3439 4015//4015 4043//4043
f 3731//3731 3517//3517 4328//4328
f 3687//3687 3498//3498 3798//3798
f 3507//3507 3754//3754 3812//3812
f 3747//3747 3545//3545 3986//3986
f 3890//3890 596//596 4047//4047
f 3682//3682 3576//3576 4095//4095
f 3712//3712 582//582 3944//3944
f 3647//3647 577//577 4072//4072
f 3552//3552 3794//3794 3870//3870
f 3679//3679 767//767 4078//4078
f 534//534 533//533 3734//3734
f 529//529 528//528 3735//3735
f 524//524 523//523 3736//3736
f 3716//3716 514//514 3945//3945
f 3497//3497 3708//3708 3814//3814
f 3627//3627 3972//3972 4178//4178
f 4090//4090 556//556 4108//4108
f 3628//3628 3832//3832 4179//4179
f 3641//3641 573//573 4031//4031
f 3692//3692 508//508 3956//3956
f 506//506 3729//3729 3965//3965
f 745//745 746//746 3746//3746
f 3657//3657 4090//4090 4108//4108
f 3613//3613 3865//3865 4264//4264
f 4047//4047 3806//3806 4198//4198
f 3901//3901 3536//3536 4253//4253
f 3462//3462 3792//3792 4134//4134
f 3816//3816 755//755 4151//4151
f 593//593 3815//3815 4152//4152
f 3643//3643 3523//3523 4177//4177
f 726//726 3711//3711 4021//4021
f 3875//3875 3526//3526 4003//4003
f 3745//3745 823//823 4001//4001
f 3685//3685 3744//3744 3966//3966
f 3822//3822 3468//3468 4095//4095
f 745//745 3746//3746 3942//3942
f 3652//3652 3574//3574 3822//3822
f 3460//3460 3794//3794 4136//4136
f 4056//4056 3506//3506 4191//4191
f 3516//3516 3920//3920 4024//4024
f 3914//3914 3513//3513 4025//4025
f 780//780 3677//3677 4214//4214
f 569//569 3678//3678 4215//4215
f 3715//3715 3570//3570 4073//4073
f 3734//3734 533//533 3799//3799
f 3920//3920 3649//3649 4024//4024
f 3650//3650 3914//3914 4025//4025
f 3715//3715 3440//3440 4026//4026
f 3424//3424 3652//3652 4122//4122
f 3498//3498 3705//3705 3796//3796
f 3976//3976 3699//3699 4083//4083
f 743//743 744//744 3747//3747
f 3556//3556 3757//3757 3767//3767
f 3647//3647 3522//3522 3919//3919
f 3488//3488 3832//3832 4284//4284
f 3649//3649 3466//3466 4331//4331
f 3464//3464 3650//3650 4330//4330
f 3845//3845 3522//3522 4072//4072
f 3469//3469 3654//3654 4035//4035
f 3656//3656 3473//3473 4036//4036
f 3486//3486 3737//3737 4183//4183
f 3716//3716 3527//3527 4149//4149
f 3747//3747 3986//3986 4117//4117
f 3637//3637 3822//3822 4095//4095
f 3666//3666 4089//4089 4298//4298
f 508//508 3692//3692 3908//3908
f 3655//3655 3546//3546 3828//3828
f 3548//3548 3656//3656 3829//3829
f 3650//3650 3464//3464 4325//4325
f 3466//3466 3649//3649 4326//4326
f 3648//3648 3430//3430 3897//3897
f 3506//3506 3753//3753 4191//4191
f 3693//3693 3520//3520 3853//3853
f 3519//3519 3694//3694 4303//4303
f 547//547 546//546 4150//4150
f 3433//3433 3687//3687 3798//3798
f 3708//3708 3437//3437 3814//3814
f 3521//3521 3696//3696 3859//3859
f 3571//3571 3719//3719 4075//4075
f 3717//3717 3572//3572 4074//4074
f 3718//3718 3571//3571 4075//4075
f 3720//3720 3573//3573 4076//4076
f 3573//3573 3721//3721 4076//4076
f 3572//3572 3722//3722 4074//4074
f 3654//3654 3547//3547 3835//3835
f 3662//3662 3513//3513 3914//3914
f 3580//3580 3666//3666 4082//4082
f 3713//3713 3539//3539 3944//3944
f 3538//3538 3714//3714 3943//3943
f 3478//3478 4073//4073 4168//4168
f 3513//3513 3662//3662 4198//4198
f 3619//3619 3875//3875 4003//4003
f 3631//3631 3812//3812 4033//4033
f 3812//3812 3436//3436 4033//4033
f 4015//4015 3629//3629 4043//4043
f 3688//3688 778//778 4214//4214
f 3690//3690 571//571 4215//4215
f 3518//3518 3836//3836 4090//4090
f 3564//3564 3744//3744 4034//4034
f 3794//3794 3460//3460 3870//3870
f 3487//3487 3684//3684 4083//4083
f 743//743 3747//3747 4202//4202
f 813//813 3682//3682 4063//4063
f 3503//3503 3769//3769 3947//3947
f 3686//3686 3538//3538 3883//3883
f 3989//3989 3486//3486 4183//4183
f 808//808 809//809 4158//4158
f 3777//3777 3648//3648 4073//4073
f 3558//3558 3769//3769 3797//3797
f 3786//3786 812//812 4063//4063
f 3589//3589 3679//3679 4078//4078
f 3501//3501 3771//3771 3905//3905
f 3505//3505 3683//3683 3930//3930
f 3684//3684 3508//3508 3931//3931
f 768//768 3790//3790 4078//4078
f 3676//3676 3428//3428 4091//4091
f 3659//3659 3581//3581 4166//4166
f 3826//3826 3426//3426 4070//4070
f 3427//3427 3825//3825 4071//4071
f 728//728 3675//3675 3831//3831
f 3425//3425 3659//3659 4154//4154
f 3885//3885 3602//3602 4052//4052
f 3601//3601 3884//3884 4051//4051
f 3459//3459 3773//3773 3868//3868
f 3773//3773 3551//3551 3868//3868
f 3620//3620 3901//3901 4253//4253
f 3800//3800 3652//3652 3838//3838
f 3508//3508 3684//3684 4178//4178
f 3806//3806 3513//3513 4198//4198
f 3744//3744 3564//3564 4068//4068
f 3599//3599 3890//3890 4047//4047
f 3499//3499 3770//3770 3950//3950
f 3502//3502 3772//3772 3949//3949
f 763//763 3673//3673 3977//3977
f 3672//3672 563//563 3978//3978
f 3675//3675 729//729 3979//3979
f 3678//3678 569//569 3856//3856
f 3677//3677 780//780 3855//3855
f 3758//3758 3497//3497 3814//3814
f 3507//3507 3734//3734 3799//3799
f 3757//3757 3494//3494 3767//3767
f 3739//3739 4037//4037 4085//4085
f 3785//3785 753//753 4098//4098
f 3511//3511 3725//3725 3924//3924
f 3726//3726 3449//3449 3974//3974
f 3450//3450 3724//3724 3975//3975
f 3723//3723 3452//3452 3973//3973
f 3745//3745 3533//3533 3805//3805
f 3526//3526 3745//3745 3805//3805
f 3536//3536 3659//3659 3903//3903
f 3528//3528 3729//3729 4175//4175
f 3439//3439 3728//3728 4015//4015
f 3524//3524 3660//3660 3936//3936
f 811//811 812//812 3786//3786
f 3673//3673 764//764 3847//3847
f 564//564 3672//3672 3848//3848
f 785//785 3670//3670 3849//3849
f 3674//3674 796//796 3846//3846
f 798//798 3671//3671 3850//3850
f 3659//3659 3536//3536 3912//3912
f 3996//3996 749//749 4000//4000
f 3525//3525 3661//3661 3935//3935
f 588//588 587//587 3742//3742
f 3561//3561 3783//3783 3976//3976
f 3539//3539 3712//3712 3944//3944
f 3737//3737 3443//3443 4183//4183
f 768//768 769//769 3790//3790
f 3682//3682 3588//3588 4063//4063
f 3830//3830 3519//3519 4303//4303
f 3553//3553 3770//3770 3793//3793
f 3552//3552 3772//3772 3794//3794
f 3551//3551 3773//3773 3791//3791
f 3550//3550 3771//3771 3792//3792
f 4021//4021 3618//3618 4135//4135
f 3858//3858 3438//3438 4296//4296
f 3501//3501 3746//3746 3841//3841
f 3947//3947 3769//3769 4199//4199
f 607//607 606//606 3927//3927
f 3514//3514 3838//3838 4104//4104
f 3437//3437 3731//3731 4328//4328
f 3787//3787 3509//3509 3973//3973
f 3594//3594 3787//3787 3973//3973
f 3788//3788 3505//3505 3974//3974
f 3789//3789 3597//3597 3975//3975
f 3595//3595 3788//3788 3974//3974
f 3508//3508 3789//3789 3975//3975
f 3478//3478 3715//3715 4073//4073
f 752//752 753//753 3785//3785
f 3718//3718 3494//3494 3899//3899
f 3720//3720 3497//3497 3898//3898
f 3838//3838 3666//3666 4104//4104
f 3524//3524 3677//3677 3855//3855
f 3525//3525 3678//3678 3856//3856
f 3920//3920 3516//3516 4127//4127
f 3974//3974 3449//3449 3995//3995
f 3973//3973 3452//3452 3994//3994
f 4028//4028 584//584 4055//4055
f 3671//3671 799//799 3879//3879
f 3670//3670 786//786 3880//3880
f 795//795 3674//3674 3881//3881
f 578//578 577//577 3895//3895
f 3527//3527 3896//3896 4149//4149
f 766//766 3679//3679 3854//3854
f 3695//3695 546//546 3853//3853
f 4050//4050 3600//3600 4128//4128
f 4052//4052 3602//3602 4127//4127
f 3601//3601 4051//4051 4129//4129
f 3860//3860 3523//3523 4176//4176
f 3617//3617 3816//3816 4151//4151
f 3815//3815 3616//3616 4152//4152
f 3827//3827 751//751 4241//4241
f 3508//3508 3724//3724 3931//3931
f 3726//3726 3505//3505 3930//3930
f 505//505 506//506 3965//3965
f 3677//3677 3524//3524 4048//4048
f 3678//3678 3525//3525 4049//4049
f 3528//3528 3727//3727 4337//4337
f 808//808 3697//3697 3859//3859
f 3472//3472 3673//3673 4132//4132
f 3477//3477 4069//4069 4344//4344
f 3976//3976 3783//3783 4224//4224
f 3684//3684 3434//3434 3839//3839
f 3522//3522 3845//3845 4081//4081
f 3845//3845 3669//3669 4081//4081
f 3672//3672 3470//3470 4054//4054
f 3555//3555 3759//3759 4225//4225
f 514//514 513//513 3945//3945
f 3857//3857 3438//3438 4311//4311
f 593//593 592//592 3815//3815
f 754//754 755//755 3816//3816
f 3735//3735 3511//3511 3861//3861
f 3510//3510 3736//3736 3862//3862
f 3675//3675 3477//3477 3925//3925
f 3736//3736 523//523 3862//3862
f 529//529 3735//3735 3861//3861
f 3663//3663 3920//3920 4127//4127
f 3753//3753 3506//3506 3819//3819
f 3752//3752 3510//3510 3820//3820
f 3940//3940 738//738 4176//4176
f 3482//3482 3702//3702 4105//4105
f 3515//3515 3872//3872 4129//4129
f 3872//3872 3515//3515 4128//4128
f 3905//3905 3771//3771 4194//4194
f 3682//3682 814//814 3997//3997
f 3576//3576 3682//3682 3997//3997
f 725//725 726//726 4021//4021
f 3498//3498 3774//3774 3798//3798
f 3707//3707 3496//3496 3825//3825
f 3545//3545 3746//3746 3905//3905
f 3746//3746 3501//3501 3905//3905
f 3700//3700 3485//3485 4068//4068
f 3492//3492 3709//3709 3826//3826
f 3512//3512 3728//3728 3821//3821
f 3527//3527 3680//3680 3896//3896
f 3758//3758 3447//3447 4170//4170
f 3757//3757 3445//3445 4169//4169
f 3723//3723 3509//3509 3897//3897
f 3426//3426 3709//3709 3962//3962
f 3910//3910 3555//3555 4225//4225
f 3950//3950 3770//3770 4211//4211
f 3437//3437 3708//3708 3953//3953
f 3707//3707 3427//3427 3952//3952
f 3949//3949 3772//3772 4210//4210
f 3638//3638 4028//4028 4055//4055
f 3695//3695 3520//3520 3911//3911
f 3746//3746 3545//3545 3942//3942
f 3872//3872 3665//3665 4129//4129
f 3664//3664 3872//3872 4128//4128
f 3679//3679 3474//3474 3969//3969
f 3484//3484 3703//3703 4065//4065
f 3490//3490 3704//3704 4064//4064
f 3937//3937 3555//3555 4200//4200
f 3449//3449 3726//3726 4007//4007
f 3551//3551 3724//3724 4006//4006
f 3724//3724 3450//3450 4006//4006
f 3726//3726 3552//3552 4007//4007
f 3491//3491 3743//3743 3998//3998
f 3443//3443 3823//3823 4183//4183
f 3812//3812 3754//3754 3954//3954
f 3680//3680 3527//3527 4045//4045
f 3782//3782 3575//3575 4096//4096
f 3727//3727 3479//3479 3818//3818
f 3811//3811 3637//3637 3959//3959
f 3743//3743 3528//3528 4337//4337
f 3747//3747 3605//3605 4202//4202
f 3486//3486 3710//3710 4116//4116
f 3521//3521 3697//3697 3913//3913
f 778//778 3688//3688 3887//3887
f 3689//3689 586//586 3886//3886
f 3691//3691 554//554 3888//3888
f 571//571 3690//3690 3889//3889
f 590//590 3714//3714 3873//3873
f 3713//3713 580//580 3874//3874
f 3473//3473 3982//3982 4053//4053
f 3440//3440 3715//3715 3837//3837
f 3715//3715 3527//3527 3837//3837
f 3827//3827 3651//3651 4105//4105
f 3517//3517 3827//3827 4105//4105
f 3712//3712 3539//3539 3966//3966
f 3739//3739 3442//3442 4037//4037
f 3765//3765 3541//3541 3970//3970
f 3681//3681 606//606 4027//4027
f 3694//3694 3519//3519 4155//4155
f 3693//3693 3496//3496 4156//4156
f 3520//3520 3695//3695 3853//3853
f 3982//3982 3674//3674 4053//4053
f 3533//3533 3681//3681 4171//4171
f 3556//3556 3767//3767 3964//3964
f 3597//3597 3695//3695 4233//4233
f 3774//3774 3549//3549 3798//3798
f 3746//3746 746//746 3841//3841
f 3681//3681 3533//3533 3927//3927
f 3725//3725 3813//3813 3967//3967
f 586//586 3689//3689 4324//4324
f 527//527 526//526 3893//3893
f 3554//3554 3795//3795 3929//3929
f 770//770 771//771 4041//4041
f 531//531 530//530 4040//4040
f 522//522 521//521 4042//4042
f 3442//3442 3700//3700 3852//3852
f 3698//3698 3441//3441 3851//3851
f 3702//3702 3482//3482 4231//4231
f 3770//3770 3499//3499 3793//3793
f 3772//3772 3502//3502 3794//3794
f 3773//3773 3500//3500 3791//3791
f 3771//3771 3501//3501 3792//3792
f 3791//3791 3500//3500 3948//3948
f 3800//3800 3625//3625 4227//4227
f 3624//3624 3996//3996 4000//4000
f 3697//3697 3521//3521 3859//3859
f 3622//3622 3937//3937 4200//4200
f 3498//3498 3687//3687 4088//4088
f 3643//3643 3940//3940 4176//4176
f 508//508 509//509 3956//3956
f 779//779 780//780 4214//4214
f 570//570 569//569 4215//4215
f 3647//3647 3919//3919 4106//4106
f 3705//3705 3523//3523 3860//3860
f 740//740 3705//3705 3860//3860
f 3520//3520 3693//3693 4156//4156
f 3497//3497 3694//3694 4155//4155
f 3695//3695 3597//3597 4150//4150
f 3742//3742 587//587 4324//4324
f 3696//3696 3521//3521 4153//4153
f 778//778 779//779 4214//4214
f 571//571 570//570 4215//4215
f 3561//3561 3839//3839 3928//3928
f 3685//3685 3539//3539 4023//4023
f 3538//3538 3686//3686 4022//4022
f 3697//3697 3598//3598 4232//4232
f 3598//3598 3697//3697 4158//4158
f 3900//3900 3609//3609 4167//4167
f 3434//3434 3684//3684 3931//3931
f 3683//3683 3432//3432 3930//3930
f 3492//3492 3696//3696 4153//4153
f 3769//3769 3503//3503 3797//3797
f 3432//3432 3683//3683 3955//3955
f 520//520 519//519 3787//3787
f 772//772 773//773 3788//3788
f 549//549 548//548 3789//3789
f 3936//3936 3471//3471 3990//3990
f 3588//3588 3786//3786 4063//4063
f 3524//3524 3855//3855 4137//4137
f 3525//3525 3856//3856 4138//4138
f 3431//3431 3685//3685 3964//3964
f 3687//3687 3433//3433 3929//3929
f 3494//3494 3757//3757 3899//3899
f 3497//3497 3758//3758 3898//3898
f 3530//3530 3887//3887 4110//4110
f 3889//3889 3690//3690 4112//4112
f 3532//3532 3889//3889 4112//4112
f 3888//3888 3531//3531 4111//4111
f 3691//3691 3888//3888 4111//4111
f 3887//3887 3688//3688 4110//4110
f 3689//3689 3886//3886 4109//4109
f 3886//3886 3529//3529 4109//4109
f 3790//3790 3589//3589 4078//4078
f 3667//3667 3936//3936 3990//3990
f 3651//3651 3827//3827 4241//4241
f 3708//3708 3497//3497 4155//4155
f 3540//3540 3902//3902 4131//4131
f 3711//3711 726//726 3951//3951
f 3897//3897 3509//3509 4167//4167
f 3782//3782 4096//4096 4227//4227
f 3732//3732 3566//3566 3851//3851
f 3564//3564 3733//3733 3852//3852
f 3692//3692 3528//3528 3908//3908
f 3898//3898 3758//3758 4170//4170
f 3899//3899 3757//3757 4169//4169
f 4037//4037 3562//3562 4085//4085
f 3709//3709 3492//3492 4153//4153
f 3712//3712 3966//3966 4226//4226
f 3804//3804 4106//4106 4305//4305
f 3905//3905 3653//3653 3986//3986
f 3545//3545 3905//3905 3986//3986
f 3496//3496 3707//3707 4156//4156
f 3919//3919 3465//3465 4106//4106
f 809//809 810//810 4158//4158
f 3908//3908 3528//3528 4175//4175
f 3560//3560 3858//3858 3990//3990
f 3565//3565 3857//3857 3991//3991
f 3754//3754 3507//3507 4262//4262
f 3593//3593 3785//3785 4098//4098
f 3764//3764 3504//3504 4228//4228
f 750//750 751//751 3827//3827
f 3528//3528 3692//3692 4060//4060
f 4285//4285 3833//3833 4327//4327
f 574//574 573//573 3916//3916
f 4007//4007 3583//3583 4039//4039
f 3928//3928 3839//3839 4234//4234
f 536//536 3810//3810 4174//4174
f 3606//3606 4134//4134 4239//4239
f 822//822 3817//3817 4001//4001
f 3559//3559 3824//3824 4148//4148
f 3563//3563 3823//3823 4147//4147
f 539//539 3694//3694 3933//3933
f 3694//3694 539//539 4303//4303
f 3966//3966 3485//3485 4226//4226
f 3495//3495 3759//3759 3828//3828
f 3832//3832 3639//3639 4284//4284
f 3640//3640 3833//3833 4285//4285
f 3702//3702 3517//3517 4105//4105
f 3705//3705 3498//3498 4088//4088
f 3604//3604 4136//4136 4238//4238
f 3566//3566 3732//3732 3999//3999
f 3732//3732 3470//3470 3999//3999
f 536//536 535//535 3810//3810
f 4081//4081 3489//3489 4195//4195
f 3703//3703 3484//3484 4048//4048
f 3704//3704 3490//3490 4049//4049
f 3744//3744 3431//3431 4034//4034
f 3558//3558 3797//3797 4011//4011
f 3517//3517 3731//3731 3882//3882
f 3893//3893 526//526 4340//4340
f 4035//4035 3559//3559 4148//4148
f 823//823 822//822 4001//4001
f 4004//4004 3563//3563 4147//4147
f 816//816 817//817 3775//3775
f 3738//3738 3484//3484 4065//4065
f 3740//3740 3490//3490 4064//4064
f 3585//3585 4008//4008 4059//4059
f 3710//3710 3518//3518 4116//4116
f 3504//3504 3764//3764 3811//3811
f 3706//3706 4081//4081 4195//4195
f 561//561 560//560 3779//3779
f 760//760 761//761 3780//3780
f 731//731 732//732 3778//3778
f 3804//3804 3591//3591 4106//4106
f 3557//3557 3758//3758 3814//3814
f 3537//3537 3711//3711 3951//3951
f 516//516 3896//3896 4347//4347
f 3518//3518 3730//3730 3876//3876
f 3523//3523 3705//3705 4088//4088
f 3846//3846 797//797 3850//3850
f 599//599 598//598 3781//3781
f 3441//3441 3698//3698 4125//4125
f 3699//3699 3443//3443 4126//4126
f 3700//3700 3442//3442 4123//4123
f 3752//3752 3582//3582 4061//4061
f 3425//3425 3752//3752 4061//4061
f 507//507 508//508 3908//3908
f 3767//3767 3431//3431 3964//3964
f 3571//3571 3718//3718 3899//3899
f 3573//3573 3720//3720 3898//3898
f 3714//3714 3481//3481 4160//4160
f 3480//3480 3713//3713 4159//4159
f 3586//3586 4009//4009 4080//4080
f 3443//3443 3699//3699 3976//3976
f 3536//3536 3736//3736 3912//3912
f 3736//3736 3510//3510 3912//3912
f 514//514 3716//3716 4149//4149
f 3491//3491 3729//3729 4189//4189
f 3605//3605 4117//4117 4219//4219
f 3684//3684 3839//3839 4083//4083
f 4069//4069 3636//3636 4344//4344
f 3467//3467 3800//3800 4227//4227
f 533//533 532//532 3799//3799
f 3718//3718 792//792 4161//4161
f 789//789 3719//3719 4162//4162
f 802//802 3722//3722 4163//4163
f 556//556 555//555 4108//4108
f 741//741 742//742 3796//3796
f 3743//3743 3440//3440 3837//3837
f 827//827 826//826 3902//3902
f 3585//3585 3866//3866 4008//4008
f 3586//3586 3867//3867 4009//4009
f 3870//3870 3583//3583 4007//4007
f 3871//3871 3581//3581 4010//4010
f 3582//3582 3869//3869 4005//4005
f 3429//3429 3759//3759 3963//3963
f 3759//3759 3555//3555 3963//3963
f 3711//3711 3537//3537 4295//4295
f 3428//3428 3706//3706 3988//3988
f 3527//3527 3715//3715 4045//4045
f 3724//3724 3551//3551 4058//4058
f 3552//3552 3726//3726 4057//4057
f 583//583 3712//3712 4055//4055
f 516//516 515//515 3896//3896
f 3710//3710 3486//3486 3989//3989
f 3735//3735 3535//3535 3921//3921
f 3511//3511 3735//3735 3921//3921
f 3534//3534 3734//3734 3922//3922
f 3734//3734 3507//3507 3922//3922
f 3786//3786 3512//3512 4255//4255
f 3424//3424 3811//3811 4339//4339
f 3616//3616 3815//3815 4146//4146
f 3816//3816 3617//3617 4145//4145
f 3539//3539 3713//3713 4023//4023
f 3481//3481 3714//3714 4022//4022
f 3714//3714 3538//3538 4022//4022
f 3713//3713 3480//3480 4023//4023
f 3527//3527 3716//3716 3998//3998
f 3648//3648 3897//3897 4167//4167
f 3729//3729 506//506 4175//4175
f 3698//3698 4067//4067 4284//4284
f 4082//4082 3424//3424 4339//4339
f 3732//3732 3614//3614 3864//3864
f 3470//3470 3732//3732 3864//3864
f 3733//3733 3473//3473 3865//3865
f 3613//3613 3733//3733 3865//3865
f 3743//3743 3837//3837 3998//3998
f 3616//3616 4146//4146 4330//4330
f 4145//4145 3617//3617 4331//4331
f 3939//3939 3623//3623 4020//4020
f 3938//3938 3621//3621 4019//4019
f 3429//3429 3741//3741 3926//3926
f 3791//3791 3948//3948 4265//4265
f 3444//3444 3740//3740 4084//4084
f 3475//3475 3958//3958 3980//3980
f 3958//3958 3671//3671 3980//3980
f 3957//3957 3670//3670 3981//3981
f 3469//3469 3957//3957 3981//3981
f 3720//3720 540//540 3933//3933
f 543//543 3721//3721 3932//3932
f 3440//3440 3743//3743 4337//4337
f 3902//3902 3619//3619 4131//4131
f 3668//3668 3935//3935 3991//3991
f 3935//3935 3476//3476 3991//3991
f 4113//4113 3764//3764 4228//4228
f 3715//3715 3478//3478 4045//4045
f 3582//3582 4005//4005 4143//4143
f 4010//4010 3581//3581 4142//4142
f 3717//3717 805//805 3934//3934
f 4102//4102 3754//3754 4262//4262
f 3474//3474 4147//4147 4294//4294
f 3824//3824 3559//3559 3909//3909
f 3929//3929 3795//3795 4268//4268
f 3541//3541 3864//3864 3970//3970
f 3864//3864 3614//3614 3970//3970
f 3745//3745 3526//3526 4190//4190
f 3716//3716 3491//3491 3998//3998
f 3473//3473 3733//3733 4036//4036
f 3733//3733 3564//3564 4036//4036
f 818//818 819//819 3801//3801
f 3472//3472 3783//3783 3928//3928
f 3783//3783 3561//3561 3928//3928
f 3802//3802 4145//4145 4306//4306
f 4146//4146 3803//3803 4307//4307
f 3767//3767 3494//3494 3829//3829
f 3520//3520 3755//3755 3911//3911
f 3729//3729 3528//3528 4189//4189
f 3483//3483 3883//3883 4292//4292
f 3765//3765 3970//3970 4237//4237
f 3727//3727 3528//3528 4060//4060
f 4089//4089 3463//3463 4298//4298
f 3625//3625 3800//3800 4304//4304
f 3493//3493 3761//3761 3941//3941
f 3549//3549 3725//3725 3967//3967
f 811//811 3786//3786 3878//3878
f 3509//3509 3723//3723 3973//3973
f 3724//3724 3508//3508 3975//3975
f 3505//3505 3726//3726 3974//3974
f 3751//3751 3521//3521 3913//3913
f 3493//3493 3768//3768 3835//3835
f 3485//3485 3744//3744 4068//4068
f 3452//3452 3723//3723 4334//4334
f 3725//3725 3549//3549 4333//4333
f 3728//3728 3439//3439 4115//4115
f 588//588 3742//3742 3943//3943
f 3742//3742 3538//3538 3943//3943
f 3756//3756 3519//3519 4032//4032
f 3802//3802 3593//3593 4145//4145
f 3592//3592 3803//3803 4146//4146
f 3479//3479 3727//3727 4060//4060
f 3777//3777 3570//3570 3894//3894
f 3878//3878 3786//3786 4255//4255
f 3589//3589 3790//3790 4056//4056
f 3790//3790 3506//3506 4056//4056
f 3587//3587 3877//3877 4011//4011
f 3728//3728 3512//3512 4015//4015
f 3450//3450 3975//3975 4233//4233
f 3558//3558 4013//4013 4115//4115
f 746//746 747//747 3841//3841
f 4002//4002 3554//3554 4266//4266
f 4013//4013 3728//3728 4115//4115
f 3483//3483 3741//3741 3883//3883
f 3501//3501 3841//3841 4239//4239
f 3775//3775 4119//4119 4228//4228
f 3752//3752 3425//3425 4154//4154
f 3768//3768 3493//3493 3941//3941
f 3810//3810 3611//3611 4174//4174
f 3845//3845 575//575 4291//4291
f 816//816 3775//3775 3834//3834
f 788//788 3749//3749 4093//4093
f 801//801 3748//3748 4092//4092
f 3750//3750 793//793 4094//4094
f 4030//4030 3530//3530 4277//4277
f 3531//3531 4029//4029 4278//4278
f 3529//3529 4028//4028 4276//4276
f 4031//4031 3532//3532 4279//4279
f 3553//3553 3793//3793 4005//4005
f 3550//3550 3792//3792 4009//4009
f 523//523 522//522 3862//3862
f 530//530 529//529 3861//3861
f 3594//3594 3973//3973 3994//3994
f 3595//3595 3974//3974 3995//3995
f 3847//3847 765//765 3854//3854
f 3922//3922 3631//3631 4180//4180
f 3969//3969 3474//3474 4294//4294
f 4119//4119 3590//3590 4228//4228
f 3587//3587 4011//4011 4144//4144
f 3514//3514 3800//3800 3838//3838
f 3902//3902 826//826 4302//4302
f 3557//3557 3939//3939 4020//4020
f 3556//3556 3938//3938 4019//4019
f 3542//3542 3846//3846 3850//3850
f 3615//3615 3783//3783 3907//3907
f 3612//3612 3784//3784 3906//3906
f 4253//4253 3923//3923 4257//4257
f 599//599 3781//3781 3840//3840
f 561//561 3779//3779 3843//3843
f 3780//3780 761//761 3842//3842
f 731//731 3778//3778 3844//3844
f 3469//3469 4148//4148 4263//4263
f 3429//3429 3926//3926 4187//4187
f 3734//3734 3534//3534 3915//3915
f 3454//3454 3923//3923 4253//4253
f 3486//3486 4116//4116 4252//4252
f 3531//3531 3888//3888 4029//4029
f 3887//3887 3530//3530 4030//4030
f 3529//3529 3886//3886 4028//4028
f 3889//3889 3532//3532 4031//4031
f 3731//3731 3586//3586 4080//4080
f 3614//3614 3732//3732 4230//4230
f 3733//3733 3613//3613 4229//4229
f 576//576 575//575 3845//3845
f 3814//3814 3437//3437 3987//3987
f 534//534 3734//3734 3915//3915
f 3736//3736 3536//3536 4099//4099
f 3535//3535 3735//3735 4077//4077
f 3599//3599 4047//4047 4198//4198
f 595//595 594//594 3806//3806
f 756//756 757//757 3809//3809
f 604//604 603//603 3807//3807
f 735//735 736//736 3808//3808
f 3569//3569 3825//3825 3961//3961
f 3826//3826 3568//3568 3960//3960
f 4024//4024 3649//3649 4331//4331
f 3650//3650 4025//4025 4330//4330
f 3824//3824 3909//3909 4222//4222
f 3741//3741 3429//3429 4243//4243
f 737//737 3940//3940 4050//4050
f 3445//3445 3757//3757 4019//4019
f 3447//3447 3758//3758 4020//4020
f 3757//3757 3556//3556 4019//4019
f 3758//3758 3557//3557 4020//4020
f 3813//3813 3433//3433 3967//3967
f 3765//3765 566//566 4140//4140
f 3766//3766 783//783 4139//4139
f 4091//4091 3567//3567 4336//4336
f 3741//3741 3562//3562 3926//3926
f 3523//3523 3795//3795 4177//4177
f 4067//4067 3488//3488 4284//4284
f 559//559 558//558 4016//4016
f 3468//3468 3822//3822 4044//4044
f 748//748 749//749 3996//3996
f 3786//3786 3588//3588 4087//4087
f 3512//3512 3786//3786 4087//4087
f 3812//3812 3631//3631 3922//3922
f 3632//3632 3813//3813 3921//3921
f 3520//3520 4156//4156 4289//4289
f 3741//3741 3483//3483 4085//4085
f 3562//3562 3741//3741 4085//4085
f 3789//3789 548//548 4254//4254
f 3442//3442 3739//3739 4123//4123
f 3738//3738 3441//3441 4125//4125
f 3443//3443 3737//3737 4126//4126
f 3740//3740 3444//3444 4124//4124
f 3528//3528 3743//3743 4189//4189
f 3737//3737 3486//3486 4111//4111
f 3484//3484 3738//3738 4110//4110
f 3739//3739 3483//3483 4109//4109
f 3490//3490 3740//3740 4112//4112
f 810//810 811//811 3878//3878
f 3498//3498 3796//3796 4219//4219
f 3669//3669 3845//3845 4291//4291
f 818//818 3801//3801 4119//4119
f 546//546 545//545 3853//3853
f 758//758 759//759 3885//3885
f 733//733 734//734 3884//3884
f 3859//3859 3696//3696 4315//4315
f 3482//3482 4105//4105 4321//4321
f 3732//3732 3851//3851 4230//4230
f 3852//3852 3733//3733 4229//4229
f 807//807 808//808 3859//3859
f 3925//3925 3477//3477 4344//4344
f 597//597 596//596 3890//3890
f 3551//3551 3791//3791 4058//4058
f 3693//3693 3853//3853 4316//4316
f 3441//3441 3738//3738 4309//4309
f 3526//3526 3776//3776 4003//4003
f 3753//3753 3819//3819 4039//4039
f 3752//3752 3820//3820 4038//4038
f 3584//3584 3868//3868 4205//4205
f 3698//3698 3851//3851 4067//4067
f 3852//3852 3700//3700 4068//4068
f 3543//3543 3847//3847 3854//3854
f 3798//3798 3549//3549 3967//3967
f 727//727 728//728 3831//3831
f 3780//3780 3500//3500 4218//4218
f 3603//3603 3780//3780 4218//4218
f 3894//3894 3477//3477 4103//4103
f 3646//3646 3894//3894 4103//4103
f 3896//3896 3680//3680 4347//4347
f 3797//3797 3456//3456 4011//4011
f 3735//3735 528//528 4077//4077
f 524//524 3736//3736 4099//4099
f 3858//3858 3704//3704 4311//4311
f 3471//3471 3784//3784 3990//3990
f 3784//3784 3560//3560 3990//3990
f 3763//3763 3446//3446 3910//3910
f 3545//3545 3747//3747 3942//3942
f 3747//3747 744//744 3942//3942
f 3504//3504 3811//3811 3959//3959
f 3755//3755 3450//3450 3911//3911
f 3438//3438 3858//3858 4311//4311
f 3744//3744 3485//3485 3966//3966
f 3800//3800 3514//3514 4304//4304
f 3775//3775 817//817 4119//4119
f 3510//3510 3752//3752 4154//4154
f 3704//3704 3858//3858 4064//4064
f 3703//3703 3857//3857 4065//4065
f 3926//3926 3655//3655 4187//4187
f 3521//3521 3751//3751 4301//4301
f 796//796 797//797 3846//3846
f 797//797 798//798 3850//3850
f 565//565 564//564 3848//3848
f 764//764 765//765 3847//3847
f 784//784 785//785 3849//3849
f 760//760 3780//3780 4203//4203
f 3778//3778 732//732 4201//4201
f 3582//3582 3752//3752 4038//4038
f 3583//3583 3753//3753 4039//4039
f 3868//3868 4006//4006 4205//4205
f 3483//3483 3739//3739 4085//4085
f 3743//3743 3491//3491 4189//4189
f 3857//3857 3703//3703 4296//4296
f 3438//3438 3857//3857 4296//4296
f 3780//3780 3603//3603 4203//4203
f 3607//3607 3778//3778 4201//4201
f 3608//3608 3781//3781 4204//4204
f 3796//3796 3605//3605 4219//4219
f 772//772 3788//3788 4250//4250
f 520//520 3787//3787 4248//4248
f 3590//3590 3801//3801 3891//3891
f 3801//3801 3540//3540 3891//3891
f 538//538 537//537 3830//3830
f 3781//3781 598//598 4204//4204
f 4106//4106 3465//3465 4305//4305
f 3542//3542 3958//3958 4264//4264
f 3957//3957 3469//3469 4263//4263
f 3533//3533 3745//3745 4001//4001
f 3914//3914 3650//3650 4070//4070
f 3426//3426 3914//3914 4070//4070
f 3748//3748 801//801 4163//4163
f 3749//3749 788//788 4162//4162
f 793//793 3750//3750 4161//4161
f 3802//3802 3623//3623 3939//3939
f 3804//3804 3621//3621 3938//3938
f 3622//3622 3803//3803 3937//3937
f 786//786 787//787 3880//3880
f 799//799 800//800 3879//3879
f 794//794 795//795 3881//3881
f 3801//3801 3590//3590 4119//4119
f 548//548 547//547 4254//4254
f 3536//3536 3903//3903 4253//4253
f 591//591 590//590 3873//3873
f 580//580 579//579 3874//3874
f 3519//3519 3756//3756 4288//4288
f 3755//3755 3520//3520 4289//4289
f 3533//3533 3817//3817 3927//3927
f 815//815 816//816 3834//3834
f 3792//3792 3462//3462 4009//4009
f 3793//3793 3458//3458 4005//4005
f 3920//3920 3427//3427 4071//4071
f 3649//3649 3920//3920 4071//4071
f 3774//3774 3461//3461 4008//4008
f 3549//3549 3774//3774 4008//4008
f 780//780 781//781 3855//3855
f 569//569 568//568 3856//3856
f 3433//3433 3798//3798 3967//3967
f 3754//3754 3585//3585 3954//3954
f 3584//3584 3755//3755 3952//3952
f 3756//3756 3586//3586 3953//3953
f 3686//3686 3883//3883 4243//4243
f 3526//3526 3875//3875 4190//4190
f 3751//3751 3587//3587 3962//3962
f 3779//3779 560//560 4220//4220
f 3430//3430 3770//3770 4014//4014
f 3770//3770 3553//3553 4014//4014
f 3666//3666 3838//3838 4082//4082
f 3838//3838 3424//3424 4082//4082
f 3534//3534 3922//3922 4180//4180
f 3604//3604 3779//3779 4220//4220
f 600//600 599//599 3840//3840
f 3446//3446 3760//3760 3960//3960
f 3762//3762 3447//3447 3961//3961
f 4016//4016 558//558 4323//4323
f 3787//3787 519//519 3900//3900
f 562//562 561//561 3843//3843
f 761//761 762//762 3842//3842
f 730//730 731//731 3844//3844
f 3851//3851 3441//3441 4230//4230
f 3442//3442 3852//3852 4229//4229
f 3499//3499 3778//3778 4240//4240
f 3778//3778 3607//3607 4240//4240
f 3502//3502 3779//3779 4238//4238
f 3779//3779 3604//3604 4238//4238
f 3760//3760 3492//3492 4274//4274
f 3496//3496 3762//3762 4273//4273
f 3738//3738 4065//4065 4309//4309
f 3632//3632 4002//4002 4266//4266
f 824//824 3745//3745 4190//4190
f 3753//3753 3583//3583 4182//4182
f 3435//3435 3753//3753 4182//4182
f 587//587 586//586 4324//4324
f 3749//3749 3547//3547 4093//4093
f 3548//3548 3750//3750 4094//4094
f 3748//3748 3546//3546 4092//4092
f 3783//3783 3472//3472 3907//3907
f 3784//3784 3471//3471 3906//3906
f 3695//3695 3911//3911 4233//4233
f 3961//3961 3825//3825 4273//4273
f 3751//3751 3913//3913 4342//4342
f 3913//3913 3455//3455 4342//4342
f 3810//3810 3534//3534 3892//3892
f 3611//3611 3810//3810 3892//3892
f 3826//3826 3960//3960 4274//4274
f 3992//3992 3453//3453 4180//4180
f 765//765 766//766 3854//3854
f 3605//3605 3796//3796 4202//4202
f 3796//3796 742//742 4202//4202
f 3813//3813 3632//3632 4266//4266
f 3433//3433 3813//3813 4266//4266
f 3567//3567 3768//3768 3941//3941
f 547//547 4150//4150 4254//4254
f 3781//3781 3608//3608 4251//4251
f 800//800 801//801 4092//4092
f 787//787 788//788 4093//4093
f 793//793 794//794 4094//4094
f 4027//4027 605//605 4086//4086
f 510//510 19//19 4135//4135
f 19//19 724//724 4135//4135
f 3541//3541 3765//3765 4140//4140
f 3544//3544 3766//3766 4139//4139
f 4124//4124 3444//3444 4222//4222
f 3503//3503 3781//3781 4251//4251
f 3550//3550 3992//3992 4033//4033
f 3605//3605 3747//3747 4117//4117
f 3903//3903 3659//3659 4166//4166
f 3940//3940 3600//3600 4050//4050
f 3759//3759 3495//3495 4225//4225
f 3436//3436 3771//3771 4033//4033
f 3771//3771 3550//3550 4033//4033
f 3892//3892 3453//3453 4032//4032
f 3611//3611 3892//3892 4032//4032
f 3453//3453 3892//3892 4180//4180
f 3587//3587 3751//3751 4342//4342
f 3457//3457 3795//3795 4010//4010
f 3795//3795 3554//3554 4010//4010
f 3755//3755 3584//3584 4205//4205
f 3450//3450 3755//3755 4205//4205
f 3739//3739 4109//4109 4123//4123
f 3532//3532 4112//4112 4124//4124
f 4112//4112 3740//3740 4124//4124
f 4109//4109 3529//3529 4123//4123
f 4111//4111 3531//3531 4126//4126
f 3737//3737 4111//4111 4126//4126
f 4110//4110 3738//3738 4125//4125
f 3530//3530 4110//4110 4125//4125
f 3768//3768 3567//3567 4091//4091
f 3428//3428 3768//3768 4091//4091
f 3507//3507 3799//3799 4262//4262
f 3753//3753 3435//3435 4191//4191
f 739//739 740//740 3860//3860
f 3759//3759 3429//3429 4187//4187
f 3543//3543 3854//3854 3969//3969
f 3854//3854 3679//3679 3969//3969
f 3567//3567 3941//3941 3993//3993
f 3585//3585 3754//3754 4332//4332
f 3586//3586 3756//3756 4335//4335
f 3676//3676 4091//4091 4336//4336
f 3913//3913 3697//3697 4232//4232
f 601//601 3782//3782 4343//4343
f 3630//3630 4056//4056 4191//4191
f 3790//3790 769//769 3946//3946
f 3495//3495 3763//3763 4225//4225
f 3761//3761 3571//3571 4169//4169
f 3447//3447 3762//3762 4170//4170
f 3445//3445 3761//3761 4169//4169
f 3762//3762 3573//3573 4170//4170
f 726//726 727//727 3951//3951
f 3568//3568 3826//3826 4070//4070
f 3825//3825 3569//3569 4071//4071
f 3760//3760 3446//3446 4172//4172
f 3572//3572 3760//3760 4172//4172
f 3446//3446 3763//3763 4172//4172
f 3763//3763 3572//3572 4172//4172
f 586//586 585//585 3886//3886
f 777//777 778//778 3887//3887
f 554//554 553//553 3888//3888
f 572//572 571//571 3889//3889
f 3962//3962 3709//3709 4301//4301
f 3557//3557 3814//3814 3987//3987
f 783//783 784//784 4139//4139
f 566//566 565//565 4140//4140
f 4156//4156 3707//3707 4289//4289
f 3992//3992 3631//3631 4033//4033
f 3822//3822 3574//3574 4044//4044
f 566//566 3765//3765 4193//4193
f 783//783 3766//3766 4192//4192
f 4185//4185 3428//3428 4310//4310
f 3806//3806 594//594 4152//4152
f 756//756 3809//3809 4151//4151
f 3772//3772 3552//3552 4057//4057
f 3432//3432 3772//3772 4057//4057
f 3775//3775 3504//3504 4317//4317
f 3782//3782 601//601 4046//4046
f 3807//3807 603//603 4188//4188
f 3799//3799 532//532 4249//4249
f 4145//4145 3466//3466 4306//4306
f 3464//3464 4146//4146 4307//4307
f 3805//3805 3533//3533 4171//4171
f 3701//3701 4124//4124 4222//4222
f 3448//3448 3764//3764 4113//4113
f 3953//3953 3708//3708 4288//4288
f 3707//3707 3952//3952 4289//4289
f 3791//3791 3434//3434 4058//4058
f 3906//3906 3471//3471 4236//4236
f 3591//3591 3804//3804 4159//4159
f 3481//3481 3803//3803 4160//4160
f 3804//3804 3480//3480 4159//4159
f 3803//3803 3592//3592 4160//4160
f 3810//3810 535//535 3915//3915
f 3764//3764 3448//3448 4196//4196
f 3918//3918 3565//3565 4133//4133
f 3613//3613 3917//3917 4037//4037
f 3776//3776 3448//3448 4003//4003
f 3928//3928 3644//3644 4100//4100
f 3472//3472 3928//3928 4100//4100
f 3537//3537 3831//3831 3925//3925
f 3831//3831 3675//3675 3925//3925
f 730//730 3844//3844 3979//3979
f 562//562 3843//3843 3978//3978
f 3842//3842 762//762 3977//3977
f 3779//3779 3502//3502 4282//4282
f 3500//3500 3780//3780 4281//4281
f 3624//3624 3882//3882 4134//4134
f 3882//3882 3462//3462 4134//4134
f 3876//3876 3460//3460 4136//4136
f 3626//3626 3876//3876 4136//4136
f 3778//3778 3499//3499 4283//4283
f 3781//3781 3503//3503 4290//4290
f 3431//3431 3767//3767 4186//4186
f 3534//3534 3810//3810 3915//3915
f 3788//3788 773//773 3971//3971
f 549//549 3789//3789 3972//3972
f 3843//3843 3578//3578 3978//3978
f 3577//3577 3842//3842 3977//3977
f 3844//3844 3579//3579 3979//3979
f 3613//3613 4037//4037 4229//4229
f 3443//3443 3976//3976 4224//4224
f 4111//4111 3486//3486 4252//4252
f 815//815 3834//3834 3997//3997
f 3834//3834 3576//3576 3997//3997
f 3787//3787 3594//3594 4248//4248
f 3788//3788 3595//3595 4250//4250
f 3768//3768 3428//3428 4185//4185
f 3785//3785 3651//3651 4241//4241
f 752//752 3785//3785 4241//4241
f 3482//3482 3802//3802 3939//3939
f 3803//3803 3481//3481 3937//3937
f 3480//3480 3804//3804 3938//3938
f 3565//3565 3991//3991 4133//4133
f 3439//3439 3769//3769 4115//4115
f 3570//3570 3777//3777 4073//4073
f 557//557 3836//3836 4323//4323
f 596//596 595//595 4047//4047
f 3628//3628 4179//4179 4320//4320
f 3507//3507 3812//3812 3922//3922
f 3813//3813 3511//3511 3921//3921
f 734//734 735//735 4051//4051
f 757//757 758//758 4052//4052
f 736//736 737//737 4050//4050
f 3489//3489 4081//4081 4322//4322
f 3769//3769 3558//3558 4115//4115
f 3575//3575 3782//3782 4046//4046
f 519//519 518//518 3900//3900
f 3580//3580 3776//3776 4089//4089
f 558//558 557//557 4323//4323
f 3542//3542 3850//3850 3958//3958
f 3849//3849 3670//3670 3957//3957
f 3850//3850 3671//3671 3958//3958
f 3544//3544 3849//3849 3957//3957
f 3823//3823 3443//3443 4224//4224
f 3615//3615 3823//3823 4224//4224
f 526//526 525//525 4340//4340
f 3566//3566 3955//3955 4067//4067
f 605//605 604//604 4086//4086
f 3776//3776 3526//3526 4269//4269
f 3830//3830 537//537 4174//4174
f 3769//3769 3439//3439 4199//4199
f 3773//3773 3459//3459 4313//4313
f 3947//3947 3642//3642 4096//4096
f 3575//3575 3947//3947 4096//4096
f 3578//3578 3949//3949 4101//4101
f 3644//3644 3948//3948 4100//4100
f 3948//3948 3577//3577 4100//4100
f 3949//3949 3645//3645 4101//4101
f 3579//3579 3950//3950 4103//4103
f 3950//3950 3646//3646 4103//4103
f 3504//3504 3775//3775 4228//4228
f 3506//3506 3790//3790 4338//4338
f 3430//3430 3777//3777 4244//4244
f 3774//3774 3498//3498 4219//4219
f 3500//3500 3773//3773 4218//4218
f 3821//3821 3728//3728 4013//4013
f 3770//3770 3430//3430 4211//4211
f 3772//3772 3432//3432 4210//4210
f 3771//3771 3436//3436 4194//4194
f 4138//4138 567//567 4193//4193
f 4137//4137 782//782 4192//4192
f 3448//3448 3776//3776 4196//4196
f 3776//3776 3580//3580 4196//4196
f 3636//3636 3818//3818 4344//4344
f 584//584 583//583 4055//4055
f 3831//3831 3537//3537 3951//3951
f 3560//3560 3784//3784 4084//4084
f 3805//3805 3463//3463 4269//4269
f 4032//4032 3519//3519 4280//4280
f 4116//4116 3657//3657 4252//4252
f 535//535 534//534 3915//3915
f 3540//3540 3863//3863 4319//4319
f 3830//3830 4174//4174 4280//4280
f 3627//3627 4178//4178 4327//4327
f 3561//3561 3976//3976 4083//4083
f 539//539 538//538 4303//4303
f 3777//3777 3894//3894 4244//4244
f 3594//3594 3994//3994 4042//4042
f 3595//3595 3995//3995 4041//4041
f 3995//3995 3634//3634 4041//4041
f 3994//3994 3635//3635 4042//4042
f 3841//3841 3606//3606 4239//4239
f 3919//3919 3522//3522 4270//4270
f 3436//3436 3812//3812 3954//3954
f 738//738 739//739 4176//4176
f 3651//3651 3785//3785 4321//4321
f 606//606 605//605 4027//4027
f 3959//3959 3637//3637 4095//4095
f 3576//3576 3959//3959 4095//4095
f 3505//3505 3788//3788 4320//4320
f 3909//3909 3489//3489 4286//4286
f 3701//3701 3909//3909 4286//4286
f 3818//3818 3636//3636 4173//4173
f 727//727 3831//3831 3951//3951
f 3907//3907 3472//3472 4132//4132
f 585//585 584//584 4028//4028
f 573//573 572//572 4031//4031
f 776//776 777//777 4030//4030
f 553//553 552//552 4029//4029
f 737//737 738//738 3940//3940
f 3691//3691 4111//4111 4252//4252
f 3621//3621 3993//3993 4019//4019
f 3783//3783 3615//3615 4224//4224
f 773//773 774//774 3971//3971
f 550//550 549//549 3972//3972
f 3537//3537 3818//3818 4295//4295
f 3837//3837 3527//3527 3998//3998
f 3784//3784 3612//3612 4245//4245
f 3596//3596 3799//3799 4249//4249
f 512//512 17//17 4206//4206
f 17//17 504//504 4206//4206
f 3548//3548 3881//3881 3982//3982
f 3881//3881 3674//3674 3982//3982
f 3880//3880 3547//3547 3981//3981
f 3879//3879 3546//3546 3980//3980
f 3670//3670 3880//3880 3981//3981
f 3671//3671 3879//3879 3980//3980
f 3540//3540 3801//3801 4197//4197
f 525//525 3901//3901 4340//4340
f 3902//3902 3540//3540 4319//4319
f 3873//3873 3714//3714 4160//4160
f 3713//3713 3874//3874 4159//4159
f 3630//3630 4004//4004 4114//4114
f 3447//3447 4020//4020 4165//4165
f 540//540 539//539 3933//3933
f 544//544 543//543 3932//3932
f 3824//3824 3444//3444 4245//4245
f 3612//3612 3824//3824 4245//4245
f 3449//3449 4007//4007 4039//4039
f 826//826 825//825 4302//4302
f 4079//4079 3730//3730 4182//4182
f 3583//3583 4079//4079 4182//4182
f 3993//3993 3445//3445 4019//4019
f 805//805 806//806 3934//3934
f 819//819 820//820 4197//4197
f 3865//3865 3473//3473 4053//4053
f 3470//3470 3864//3864 4054//4054
f 3818//3818 3537//3537 4344//4344
f 3458//3458 3793//3793 4287//4287
f 3795//3795 3523//3523 4268//4268
f 602//602 601//601 4343//4343
f 528//528 527//527 4077//4077
f 3597//3597 3789//3789 4254//4254
f 3455//3455 3821//3821 4013//4013
f 525//525 524//524 4099//4099
f 3819//3819 3506//3506 4338//4338
f 3634//3634 3819//3819 4338//4338
f 4048//4048 3484//3484 4299//4299
f 4049//4049 3490//3490 4300//4300
f 769//769 770//770 3946//3946
f 3785//3785 3593//3593 4209//4209
f 3872//3872 3664//3664 4062//4062
f 3425//3425 3872//3872 4062//4062
f 3665//3665 3872//3872 4061//4061
f 3872//3872 3425//3425 4061//4061
f 3807//3807 4188//4188 4304//4304
f 3612//3612 3906//3906 4263//4263
f 3795//3795 3457//3457 4177//4177
f 3793//3793 3499//3499 4240//4240
f 3794//3794 3502//3502 4238//4238
f 3792//3792 3501//3501 4239//4239
f 3434//3434 3791//3791 4265//4265
f 3471//3471 3936//3936 4236//4236
f 3817//3817 3533//3533 4001//4001
f 4199//4199 3439//3439 4293//4293
f 600//600 3840//3840 4046//4046
f 3828//3828 3759//3759 4187//4187
f 3593//3593 3802//3802 4209//4209
f 3802//3802 3482//3482 4209//4209
f 568//568 567//567 4138//4138
f 781//781 782//782 4137//4137
f 4067//4067 3955//3955 4348//4348
f 3610//3610 4027//4027 4086//4086
f 4028//4028 3638//3638 4276//4276
f 4029//4029 3640//3640 4278//4278
f 3639//3639 4030//4030 4277//4277
f 3641//3641 4031//4031 4279//4279
f 3891//3891 3540//3540 4131//4131
f 3600//3600 3940//3940 4157//4157
f 3940//3940 3643//3643 4157//4157
f 3836//3836 557//557 4090//4090
f 3676//3676 3919//3919 4270//4270
f 788//788 789//789 4162//4162
f 792//792 793//793 4161//4161
f 801//801 802//802 4163//4163
f 3727//3727 3818//3818 4173//4173
f 3840//3840 3575//3575 4046//4046
f 820//820 3863//3863 4197//4197
f 744//744 745//745 3942//3942
f 3452//3452 3820//3820 3994//3994
f 3819//3819 3634//3634 3995//3995
f 3449//3449 3819//3819 3995//3995
f 3820//3820 3635//3635 3994//3994
f 557//557 556//556 4090//4090
f 589//589 588//588 3943//3943
f 582//582 581//581 3944//3944
f 825//825 3875//3875 4302//4302
f 3609//3609 3904//3904 4260//4260
f 3615//3615 3907//3907 4294//4294
f 4168//4168 3609//3609 4260//4260
f 4120//4120 3587//3587 4144//4144
f 3456//3456 3797//3797 4314//4314
f 3797//3797 3503//3503 4251//4251
f 595//595 3806//3806 4047//4047
f 3806//3806 4152//4152 4259//4259
f 4151//4151 3809//3809 4258//4258
f 735//735 3808//3808 4051//4051
f 3809//3809 757//757 4052//4052
f 3808//3808 736//736 4050//4050
f 750//750 3827//3827 4000//4000
f 3938//3938 3556//3556 4212//4212
f 3555//3555 3937//3937 4213//4213
f 3451//3451 4102//4102 4208//4208
f 4008//4008 3461//3461 4059//4059
f 3487//3487 4285//4285 4327//4327
f 3893//3893 3535//3535 4077//4077
f 4004//4004 3474//3474 4114//4114
f 3931//3931 3724//3724 4058//4058
f 3726//3726 3930//3930 4057//4057
f 4022//4022 3686//3686 4213//4213
f 3685//3685 4023//4023 4212//4212
f 3584//3584 4118//4118 4141//4141
f 3916//3916 3641//3641 4322//4322
f 3723//3723 4014//4014 4334//4334
f 3834//3834 3775//3775 4317//4317
f 601//601 600//600 4046//4046
f 3799//3799 3596//3596 4262//4262
f 3924//3924 3725//3725 4333//4333
f 3451//3451 3924//3924 4333//4333
f 3556//3556 3964//3964 4212//4212
f 3963//3963 3555//3555 4213//4213
f 3936//3936 3660//3660 4236//4236
f 4032//4032 3453//3453 4335//4335
f 3756//3756 4032//4032 4335//4335
f 3517//3517 3882//3882 4275//4275
f 3641//3641 4286//4286 4322//4322
f 3536//3536 3901//3901 4099//4099
f 3934//3934 806//806 4315//4315
f 3999//3999 3470//3470 4101//4101
f 3645//3645 3999//3999 4101//4101
f 3554//3554 3929//3929 4266//4266
f 3526//3526 3805//3805 4269//4269
f 527//527 3893//3893 4077//4077
f 3924//3924 3451//3451 4208//4208
f 4109//4109 3483//3483 4292//4292
f 3681//3681 4027//4027 4184//4184
f 3869//3869 3582//3582 4038//4038
f 3452//3452 3869//3869 4038//4038
f 544//544 3932//3932 4316//4316
f 3652//3652 3822//3822 4122//4122
f 3429//3429 3963//3963 4243//4243
f 3963//3963 3686//3686 4243//4243
f 3481//3481 4022//4022 4213//4213
f 4023//4023 3480//3480 4212//4212
f 3895//3895 3647//3647 4106//4106
f 604//604 3807//3807 4086//4086
f 3550//3550 3867//3867 3992//3992
f 3879//3879 800//800 4092//4092
f 3880//3880 787//787 4093//4093
f 794//794 3881//3881 4094//4094
f 3927//3927 3817//3817 4349//4349
f 577//577 576//576 4072//4072
f 4027//4027 3610//3610 4184//4184
f 3848//3848 3541//3541 4140//4140
f 3849//3849 3544//3544 4139//4139
f 3484//3484 4110//4110 4299//4299
f 3490//3490 4112//4112 4300//4300
f 518//518 517//517 4256//4256
f 749//749 750//750 4000//4000
f 762//762 763//763 3977//3977
f 563//563 562//562 3978//3978
f 729//729 730//730 3979//3979
f 4227//4227 3625//3625 4343//4343
f 3696//3696 3934//3934 4315//4315
f 3428//3428 3988//3988 4310//4310
f 3901//3901 525//525 4099//4099
f 3912//3912 3510//3510 4154//4154
f 3820//3820 3452//3452 4038//4038
f 3819//3819 3449//3449 4039//4039
f 3932//3932 3693//3693 4316//4316
f 3985//3985 3466//3466 4326//4326
f 3464//3464 3984//3984 4325//4325
f 3567//3567 3983//3983 4336//4336
f 4009//4009 3462//3462 4080//4080
f 3801//3801 819//819 4197//4197
f 3463//3463 3805//3805 4171//4171
f 3558//3558 3877//3877 4013//4013
f 4147//4147 3615//3615 4294//4294
f 3986//3986 3461//3461 4117//4117
f 3782//3782 4227//4227 4343//4343
f 3840//3840 3781//3781 4290//4290
f 814//814 815//815 3997//3997
f 3815//3815 592//592 4097//4097
f 3592//3592 3815//3815 4097//4097
f 754//754 3816//3816 4098//4098
f 3816//3816 3593//3593 4098//4098
f 3623//3623 3802//3802 4306//4306
f 3803//3803 3622//3622 4307//4307
f 3621//3621 3804//3804 4305//4305
f 3661//3661 4138//4138 4193//4193
f 3660//3660 4137//4137 4192//4192
f 3723//3723 3897//3897 4014//4014
f 3555//3555 3910//3910 4200//4200
f 3454//3454 3871//3871 4002//4002
f 825//825 824//824 4190//4190
f 591//591 3873//3873 4097//4097
f 3873//3873 3592//3592 4097//4097
f 3780//3780 3842//3842 4281//4281
f 3843//3843 3779//3779 4282//4282
f 3844//3844 3778//3778 4283//4283
f 3620//3620 3893//3893 4340//4340
f 3662//3662 4120//4120 4144//4144
f 565//565 3848//3848 4140//4140
f 784//784 3849//3849 4139//4139
f 3619//3619 3902//3902 4302//4302
f 3832//3832 775//775 4272//4272
f 551//551 3833//3833 4271//4271
f 3525//3525 3935//3935 4297//4297
f 4020//4020 3623//3623 4165//4165
f 3853//3853 545//545 4316//4316
f 4118//4118 3663//3663 4141//4141
f 3883//3883 3741//3741 4243//4243
f 3876//3876 3730//3730 4079//4079
f 3460//3460 3876//3876 4079//4079
f 3629//3629 4087//4087 4107//4107
f 4014//4014 3553//3553 4334//4334
f 771//771 772//772 4250//4250
f 532//532 531//531 4249//4249
f 521//521 520//520 4248//4248
f 775//775 776//776 4272//4272
f 552//552 551//551 4271//4271
f 807//807 3859//3859 4315//4315
f 3576//3576 3834//3834 4317//4317
f 3871//3871 3554//3554 4002//4002
f 579//579 578//578 4181//4181
f 3674//3674 3846//3846 4053//4053
f 3541//3541 3848//3848 4054//4054
f 3848//3848 3672//3672 4054//4054
f 3846//3846 3542//3542 4053//4053
f 3935//3935 3661//3661 4237//4237
f 3476//3476 3935//3935 4237//4237
f 3909//3909 3559//3559 4195//4195
f 3562//3562 3917//3917 4121//4121
f 3821//3821 3455//3455 4232//4232
f 3598//3598 3821//3821 4232//4232
f 3833//3833 551//551 4247//4247
f 775//775 3832//3832 4246//4246
f 3593//3593 3816//3816 4145//4145
f 3815//3815 3592//3592 4146//4146
f 3646//3646 3950//3950 4211//4211
f 3660//3660 4192//4192 4236//4236
f 4192//4192 3766//3766 4236//4236
f 3661//3661 4193//4193 4237//4237
f 4193//4193 3765//3765 4237//4237
f 3645//3645 3949//3949 4210//4210
f 3867//3867 3453//3453 3992//3992
f 3918//3918 3441//3441 4309//4309
f 3642//3642 3947//3947 4199//4199
f 3583//3583 3870//3870 4079//4079
f 3870//3870 3460//3460 4079//4079
f 3926//3926 3562//3562 4121//4121
f 3606//3606 3841//3841 4207//4207
f 3841//3841 747//747 4207//4207
f 567//567 566//566 4193//4193
f 782//782 783//783 4192//4192
f 3863//3863 3540//3540 4197//4197
f 3462//3462 3882//3882 4080//4080
f 3882//3882 3731//3731 4080//4080
f 3575//3575 3840//3840 4290//4290
f 3549//3549 3866//3866 4333//4333
f 3869//3869 3452//3452 4334//4334
f 4148//4148 3612//3612 4263//4263
f 3809//3809 3516//3516 4258//4258
f 3513//3513 3806//3806 4259//4259
f 3653//3653 3905//3905 4194//4194
f 4062//4062 3664//3664 4142//4142
f 4061//4061 3582//3582 4143//4143
f 3665//3665 4061//4061 4143//4143
f 3581//3581 4062//4062 4142//4142
f 4096//4096 3467//3467 4227//4227
f 3885//3885 3603//3603 4017//4017
f 3607//3607 3884//3884 4018//4018
f 4210//4210 3432//3432 4223//4223
f 3842//3842 3577//3577 4281//4281
f 3578//3578 3843//3843 4282//4282
f 3579//3579 3844//3844 4283//4283
f 774//774 775//775 4246//4246
f 551//551 550//550 4247//4247
f 3811//3811 3764//3764 4339//4339
f 3563//3563 3968//3968 4261//4261
f 3867//3867 3550//3550 4009//4009
f 3552//3552 3870//3870 4007//4007
f 3868//3868 3551//3551 4006//4006
f 3869//3869 3553//3553 4005//4005
f 3866//3866 3549//3549 4008//4008
f 3554//3554 3871//3871 4010//4010
f 3546//3546 3879//3879 4092//4092
f 3881//3881 3548//3548 4094//4094
f 3547//3547 3880//3880 4093//4093
f 3822//3822 3637//3637 4122//4122
f 3882//3882 3624//3624 4275//4275
f 4029//4029 552//552 4271//4271
f 776//776 4030//4030 4272//4272
f 3875//3875 825//825 4190//4190
f 812//812 813//813 4063//4063
f 3608//3608 3890//3890 4012//4012
f 3654//3654 4185//4185 4310//4310
f 3989//3989 3563//3563 4261//4261
f 4105//4105 3651//3651 4321//4321
f 3939//3939 3557//3557 4231//4231
f 803//803 804//804 4074//4074
f 542//542 541//541 4076//4076
f 790//790 791//791 4075//4075
f 3877//3877 3558//3558 4011//4011
f 767//767 768//768 4078//4078
f 3877//3877 3455//3455 4013//4013
f 3823//3823 3615//3615 4147//4147
f 3824//3824 3612//3612 4148//4148
f 3935//3935 3668//3668 4297//4297
f 3677//3677 4048//4048 4299//4299
f 3678//3678 4049//4049 4300//4300
f 3767//3767 3829//3829 4186//4186
f 517//517 3904//3904 4256//4256
f 3839//3839 3561//3561 4083//4083
f 3439//3439 4043//4043 4293//4293
f 3891//3891 3448//3448 4113//4113
f 3590//3590 3891//3891 4113//4113
f 3687//3687 3929//3929 4268//4268
f 3890//3890 3599//3599 4012//4012
f 576//576 3845//3845 4072//4072
f 3884//3884 3601//3601 4018//4018
f 3602//3602 3885//3885 4017//4017
f 592//592 591//591 4097//4097
f 753//753 754//754 4098//4098
f 550//550 3972//3972 4247//4247
f 3971//3971 774//774 4246//4246
f 3477//3477 3894//3894 4069//4069
f 4141//4141 3663//3663 4216//4216
f 3665//3665 4143//4143 4217//4217
f 3559//3559 3988//3988 4195//4195
f 3754//3754 4102//4102 4332//4332
f 4102//4102 3451//3451 4332//4332
f 4087//4087 3588//3588 4107//4107
f 3851//3851 3566//3566 4067//4067
f 3564//3564 3852//3852 4068//4068
f 3557//3557 3987//3987 4231//4231
f 3923//3923 3454//3454 4002//4002
f 3542//3542 3865//3865 4053//4053
f 3864//3864 3541//3541 4054//4054
f 3894//3894 3646//3646 4244//4244
f 3857//3857 3565//3565 4065//4065
f 3858//3858 3560//3560 4064//4064
f 506//506 507//507 4175//4175
f 4081//4081 3669//3669 4322//4322
f 3642//3642 4066//4066 4096//4096
f 4066//4066 3467//3467 4096//4096
f 3563//3563 3989//3989 4183//4183
f 3823//3823 3563//3563 4183//4183
f 3886//3886 585//585 4028//4028
f 777//777 3887//3887 4030//4030
f 572//572 3889//3889 4031//4031
f 3888//3888 553//553 4029//4029
f 3948//3948 3644//3644 4265//4265
f 3821//3821 3598//3598 4255//4255
f 3512//3512 3821//3821 4255//4255
f 817//817 818//818 4119//4119
f 4174//4174 3611//3611 4280//4280
f 3897//3897 3430//3430 4014//4014
f 3630//3630 3968//3968 4004//4004
f 3689//3689 4109//4109 4292//4292
f 515//515 514//514 4149//4149
f 3970//3970 3476//3476 4237//4237
f 3817//3817 822//822 4346//4346
f 733//733 3884//3884 4201//4201
f 3603//3603 3885//3885 4203//4203
f 3885//3885 759//759 4203//4203
f 3884//3884 3607//3607 4201//4201
f 597//597 3890//3890 4204//4204
f 3890//3890 3608//3608 4204//4204
f 3847//3847 3543//3543 4132//4132
f 3835//3835 3768//3768 4185//4185
f 3827//3827 3517//3517 4275//4275
f 3444//3444 3824//3824 4222//4222
f 4044//4044 3629//3629 4107//4107
f 3468//3468 4044//4044 4107//4107
f 578//578 3895//3895 4181//4181
f 4034//4034 3656//3656 4036//4036
f 3564//3564 4034//4034 4036//4036
f 3655//3655 3828//3828 4187//4187
f 3829//3829 3656//3656 4186//4186
f 3818//3818 3479//3479 4295//4295
f 4110//4110 3688//3688 4299//4299
f 4112//4112 3690//3690 4300//4300
f 755//755 756//756 4151//4151
f 594//594 593//593 4152//4152
f 3432//3432 3955//3955 4223//4223
f 3644//3644 3928//3928 4234//4234
f 3604//3604 4016//4016 4136//4136
f 4016//4016 3626//3626 4136//4136
f 3606//3606 3996//3996 4134//4134
f 3996//3996 3624//3624 4134//4134
f 4304//4304 3514//3514 4329//4329
f 3654//3654 3835//3835 4185//4185
f 3673//3673 3847//3847 4132//4132
f 517//517 516//516 4347//4347
f 3807//3807 4304//4304 4329//4329
f 4056//4056 3630//3630 4114//4114
f 3589//3589 4056//4056 4114//4114
f 537//537 536//536 4174//4174
f 3656//3656 4034//4034 4186//4186
f 4034//4034 3431//3431 4186//4186
f 3463//3463 4089//4089 4269//4269
f 3825//3825 3496//3496 4273//4273
f 3492//3492 3826//3826 4274//4274
f 3632//3632 3923//3923 4002//4002
f 3906//3906 3544//3544 4263//4263
f 3855//3855 781//781 4137//4137
f 3856//3856 568//568 4138//4138
f 3435//3435 3968//3968 4191//4191
f 3968//3968 3630//3630 4191//4191
f 3956//3956 3618//3618 4267//4267
f 4194//4194 3436//3436 4235//4235
f 3987//3987 3437//3437 4328//4328
f 3702//3702 3987//3987 4328//4328
f 560//560 559//559 4220//4220
f 603//603 602//602 4188//4188
f 3476//3476 3970//3970 4133//4133
f 3970//3970 3614//3614 4133//4133
f 3868//3868 3584//3584 4141//4141
f 3459//3459 3868//3868 4141//4141
f 3751//3751 3962//3962 4301//4301
f 3894//3894 3570//3570 4069//4069
f 828//828 827//827 4319//4319
f 3621//3621 3983//3983 3993//3993
f 3936//3936 3667//3667 4312//4312
f 3524//3524 3936//3936 4312//4312
f 747//747 748//748 4207//4207
f 732//732 733//733 4201//4201
f 759//759 760//760 4203//4203
f 742//742 743//743 4202//4202
f 598//598 597//597 4204//4204
f 3519//3519 3830//3830 4280//4280
f 3457//3457 4010//4010 4142//4142
f 4005//4005 3458//3458 4143//4143
f 4184//4184 3610//3610 4298//4298
f 3961//3961 3447//3447 4165//4165
f 3446//3446 3960//3960 4164//4164
f 3832//3832 3628//3628 4246//4246
f 3627//3627 3833//3833 4247//4247
f 538//538 3830//3830 4303//4303
f 4026//4026 3440//3440 4173//4173
f 3636//3636 4026//4026 4173//4173
f 3456//3456 4130//4130 4144//4144
f 4130//4130 3662//3662 4144//4144
f 3790//3790 3946//3946 4338//4338
f 504//504 505//505 4341//4341
f 3703//3703 4048//4048 4312//4312
f 3833//3833 3640//3640 4271//4271
f 3639//3639 3832//3832 4272//4272
f 3448//3448 3891//3891 4131//4131
f 3917//3917 3562//3562 4037//4037
f 3591//3591 3874//3874 4181//4181
f 3874//3874 579//579 4181//4181
f 513//513 512//512 4318//4318
f 3459//3459 4141//4141 4216//4216
f 4143//4143 3458//3458 4217//4217
f 3952//3952 3755//3755 4289//4289
f 3756//3756 3953//3953 4288//4288
f 3833//3833 3627//3627 4327//4327
f 4065//4065 3565//3565 4309//4309
f 3610//3610 4104//4104 4298//4298
f 3871//3871 3454//3454 4166//4166
f 3983//3983 3567//3567 3993//3993
f 4048//4048 3524//3524 4312//4312
f 751//751 752//752 4241//4241
f 3626//3626 4016//4016 4323//4323
f 3839//3839 3434//3434 4234//4234
f 739//739 3860//3860 4176//4176
f 4037//4037 3442//3442 4229//4229
f 3836//3836 3626//3626 4323//4323
f 3581//3581 3871//3871 4166//4166
f 3962//3962 3587//3587 4120//4120
f 3968//3968 3563//3563 4004//4004
f 3591//3591 3895//3895 4106//4106
f 4049//4049 3525//3525 4297//4297
f 3704//3704 4049//4049 4297//4297
f 3584//3584 3952//3952 4118//4118
f 4011//4011 3456//3456 4144//4144
f 509//509 510//510 4308//4308
f 3874//3874 3591//3591 4159//4159
f 3592//3592 3873//3873 4160//4160
f 3427//3427 3920//3920 4118//4118
f 3920//3920 3663//3663 4118//4118
f 3947//3947 3575//3575 4290//4290
f 575//575 574//574 4291//4291
f 3907//3907 3543//3543 4294//4294
f 3628//3628 3971//3971 4246//4246
f 3972//3972 3627//3627 4247//4247
f 3866//3866 3585//3585 4332//4332
f 3867//3867 3586//3586 4335//4335
f 3949//3949 3578//3578 4282//4282
f 3577//3577 3948//3948 4281//4281
f 3959//3959 3576//3576 4317//4317
f 20//20 608//608 4346//4346
f 822//822 20//20 4346//4346
f 3950//3950 3579//3579 4283//4283
f 3522//3522 4081//4081 4270//4270
f 4081//4081 3706//3706 4270//4270
f 806//806 807//807 4315//4315
f 545//545 544//544 4316//4316
f 3914//3914 3426//3426 4120//4120
f 3662//3662 3914//3914 4120//4120
f 3930//3930 3432//3432 4057//4057
f 3434//3434 3931//3931 4058//4058
f 3896//3896 515//515 4149//4149
f 608//608 607//607 4349//4349
f 3618//3618 4221//4221 4267//4267
f 3863//3863 828//828 4319//4319
f 3629//3629 4015//4015 4087//4087
f 3446//3446 4164//4164 4200//4200
f 3960//3960 3568//3568 4164//4164
f 3569//3569 3961//3961 4165//4165
f 3474//3474 4004//4004 4147//4147
f 3877//3877 3587//3587 4342//4342
f 3543//3543 3907//3907 4132//4132
f 3479//3479 4060//4060 4267//4267
f 4060//4060 3692//3692 4267//4267
f 3631//3631 3992//3992 4180//4180
f 4043//4043 3629//3629 4044//4044
f 3574//3574 4043//4043 4044//4044
f 3763//3763 3910//3910 4225//4225
f 3917//3917 3475//3475 4121//4121
f 4045//4045 3478//3478 4260//4260
f 3680//3680 4045//4045 4260//4260
f 507//507 3908//3908 4175//4175
f 3640//3640 4029//4029 4271//4271
f 4030//4030 3639//3639 4272//4272
f 3568//3568 3984//3984 4164//4164
f 3985//3985 3569//3569 4165//4165
f 3441//3441 3918//3918 4230//4230
f 3918//3918 3614//3614 4230//4230
f 3436//3436 3954//3954 4235//4235
f 4041//4041 771//771 4250//4250
f 531//531 4040//4040 4249//4249
f 4042//4042 521//521 4248//4248
f 3975//3975 3597//3597 4233//4233
f 4188//4188 3625//3625 4304//4304
f 3535//3535 3893//3893 4257//4257
f 3893//3893 3620//3620 4257//4257
f 3892//3892 3534//3534 4180//4180
f 3620//3620 4253//4253 4257//4257
f 3642//3642 4199//4199 4293//4293
f 3461//3461 3986//3986 4059//4059
f 3986//3986 3653//3653 4059//4059
f 3571//3571 3899//3899 4169//4169
f 3573//3573 3898//3898 4170//4170
f 4196//4196 3580//3580 4339//4339
f 3764//3764 4196//4196 4339//4339
f 3614//3614 3918//3918 4133//4133
f 3454//3454 3903//3903 4166//4166
f 3788//3788 3971//3971 4320//4320
f 4221//4221 3711//3711 4295//4295
f 3895//3895 3591//3591 4181//4181
f 3904//3904 517//517 4347//4347
f 3655//3655 3926//3926 4121//4121
f 3465//3465 3919//3919 4336//4336
f 3919//3919 3676//3676 4336//4336
f 3590//3590 4113//4113 4228//4228
f 3900//3900 518//518 4256//4256
f 3598//3598 3878//3878 4255//4255
f 3609//3609 3900//3900 4256//4256
f 3659//3659 3912//3912 4154//4154
f 3596//3596 4040//4040 4208//4208
f 4040//4040 3633//3633 4208//4208
f 3645//3645 4210//4210 4223//4223
f 3952//3952 3427//3427 4118//4118
f 4152//4152 3616//3616 4259//4259
f 3617//3617 4151//4151 4258//4258
f 3866//3866 3451//3451 4333//4333
f 3451//3451 3866//3866 4332//4332
f 3553//3553 3869//3869 4334//4334
f 3453//3453 3867//3867 4335//4335
f 3955//3955 3566//3566 4223//4223
f 4059//4059 3653//3653 4235//4235
f 3585//3585 4059//4059 4235//4235
f 3523//3523 4088//4088 4268//4268
f 4088//4088 3687//3687 4268//4268
f 3875//3875 3619//3619 4302//4302
f 3570//3570 4026//4026 4069//4069
f 4026//4026 3636//3636 4069//4069
f 4346//4346 608//608 4349//4349
f 3817//3817 4346//4346 4349//4349
f 3469//3469 4035//4035 4148//4148
f 3426//3426 3962//3962 4120//4120
f 4128//4128 3600//3600 4242//4242
f 3653//3653 4194//4194 4235//4235
f 3909//3909 3701//3701 4222//4222
f 4015//4015 3512//3512 4087//4087
f 3455//3455 3877//3877 4342//4342
f 3489//3489 3909//3909 4195//4195
f 3475//3475 3917//3917 4264//4264
f 3917//3917 3613//3613 4264//4264
f 4003//4003 3448//3448 4131//4131
f 3910//3910 3446//3446 4200//4200
f 3456//3456 4012//4012 4130//4130
f 4012//4012 3599//3599 4130//4130
f 3600//3600 4157//4157 4242//4242
f 3566//3566 3999//3999 4223//4223
f 3482//3482 3939//3939 4231//4231
f 3991//3991 3476//3476 4133//4133
f 4021//4021 3711//3711 4221//4221
f 3662//3662 4130//4130 4198//4198
f 4102//4102 3596//3596 4208//4208
f 3530//3530 4125//4125 4277//4277
f 4125//4125 3698//3698 4277//4277
f 3699//3699 4126//4126 4278//4278
f 3700//3700 4123//4123 4276//4276
f 3532//3532 4124//4124 4279//4279
f 4126//4126 3531//3531 4278//4278
f 4123//4123 3529//3529 4276//4276
f 4124//4124 3701//3701 4279//4279
f 3619//3619 4003//4003 4131//4131
f 3903//3903 3454//3454 4253//4253
f 3479//3479 4221//4221 4295//4295
f 3904//3904 3609//3609 4256//4256
f 3633//3633 3924//3924 4208//4208
f 3904//3904 3680//3680 4260//4260
f 3984//3984 3622//3622 4164//4164
f 3623//3623 3985//3985 4165//4165
f 4155//4155 3519//3519 4288//4288
f 3708//3708 4155//4155 4288//4288
f 3580//3580 4082//4082 4339//4339
f 3455//3455 3913//3913 4232//4232
f 3911//3911 3450//3450 4233//4233
f 3686//3686 3963//3963 4213//4213
f 3964//3964 3685//3685 4212//4212
f 3988//3988 3706//3706 4195//4195
f 827//827 3902//3902 4319//4319
f 4153//4153 3521//3521 4301//4301
f 3709//3709 4153//4153 4301//4301
f 3480//3480 3938//3938 4212//4212
f 3937//3937 3481//3481 4213//4213
f 3901//3901 3620//3620 4340//4340
f 574//574 3916//3916 4291//4291
f 3916//3916 3669//3669 4291//4291
f 3663//3663 4127//4127 4216//4216
f 4129//4129 3665//3665 4217//4217
f 3618//3618 3956//3956 4308//4308
f 4164//4164 3622//3622 4200//4200
f 4146//4146 3464//3464 4330//4330
f 3466//3466 4145//4145 4331//4331
f 3968//3968 3435//3435 4261//4261
f 3923//3923 3535//3535 4257//4257
f 3478//3478 4168//4168 4260//4260
f 3945//3945 513//513 4318//4318
f 3611//3611 4032//4032 4280//4280
f 3955//3955 3683//3683 4348//4348
f 3680//3680 3904//3904 4347//4347
f 3596//3596 4102//4102 4262//4262
f 3602//3602 4017//4017 4216//4216
f 4018//4018 3601//3601 4217//4217
f 4142//4142 3664//3664 4242//4242
f 3457//3457 4142//4142 4242//4242
f 505//505 3965//3965 4341//4341
f 3954//3954 3585//3585 4235//4235
f 748//748 3996//3996 4207//4207
f 4017//4017 3603//3603 4313//4313
f 559//559 4016//4016 4220//4220
f 3929//3929 3433//3433 4266//4266
f 4000//4000 3827//3827 4275//4275
f 4173//4173 3440//3440 4337//4337
f 3727//3727 4173//4173 4337//4337
f 3565//3565 3918//3918 4309//4309
f 3607//3607 4018//4018 4287//4287
f 4006//4006 3450//3450 4205//4205
f 3996//3996 3606//3606 4207//4207
f 3669//3669 3916//3916 4322//4322
f 3762//3762 3961//3961 4273//4273
f 3960//3960 3760//3760 4274//4274
f 3956//3956 509//509 4308//4308
f 3987//3987 3702//3702 4231//4231
f 3638//3638 4055//4055 4226//4226
f 4055//4055 3712//3712 4226//4226
f 3999//3999 3645//3645 4223//4223
f 3958//3958 3475//3475 4264//4264
f 3544//3544 3957//3957 4263//4263
f 4016//4016 3604//3604 4220//4220
f 4017//4017 3459//3459 4216//4216
f 3458//3458 4018//4018 4217//4217
f 3692//3692 3956//3956 4267//4267
f 4182//4182 3730//3730 4345//4345
f 3435//3435 4182//4182 4345//4345
f 3502//3502 3949//3949 4282//4282
f 3948//3948 3500//3500 4281//4281
f 3648//3648 4167//4167 4168//4168
f 4167//4167 3609//3609 4168//4168
f 3503//3503 3947//3947 4290//4290
f 3499//3499 3950//3950 4283//4283
f 3618//3618 4021//4021 4221//4221
f 4286//4286 3489//3489 4322//4322
f 3537//3537 3925//3925 4344//4344
f 4157//4157 3643//3643 4177//4177
f 3457//3457 4157//4157 4177//4177
f 607//607 3927//3927 4349//4349
f 3988//3988 3559//3559 4310//4310
f 3658//3658 3945//3945 4318//4318
f 3465//3465 3983//3983 4305//4305
f 3983//3983 3621//3621 4305//4305
f 3985//3985 3623//3623 4306//4306
f 3466//3466 3985//3985 4306//4306
f 3984//3984 3464//3464 4307//4307
f 3622//3622 3984//3984 4307//4307
f 4127//4127 3602//3602 4216//4216
f 3601//3601 4129//4129 4217//4217
f 3504//3504 3959//3959 4317//4317
f 3710//3710 3989//3989 4261//4261
f 4084//4084 3784//3784 4245//4245
f 3608//3608 4012//4012 4314//4314
f 3946//3946 3634//3634 4338//4338
f 4150//4150 3597//3597 4254//4254
f 4012//4012 3456//3456 4314//4314
f 3543//3543 3969//3969 4294//4294
f 4171//4171 3681//3681 4184//4184
f 3616//3616 4025//4025 4259//4259
f 3516//3516 4024//4024 4258//4258
f 4024//4024 3617//3617 4258//4258
f 4025//4025 3513//3513 4259//4259
f 4130//4130 3599//3599 4198//4198
f 4108//4108 3691//3691 4252//4252
f 3610//3610 4086//4086 4329//4329
f 3624//3624 4000//4000 4275//4275
f 3594//3594 4042//4042 4248//4248
f 3595//3595 4041//4041 4250//4250
f 4040//4040 3596//3596 4249//4249
f 3559//3559 4035//4035 4310//4310
f 4018//4018 3458//3458 4287//4287
f 3971//3971 3628//3628 4320//4320
f 3965//3965 3658//3658 4341//4341
f 3463//3463 4171//4171 4184//4184
f 4104//4104 3610//3610 4329//4329
f 4261//4261 3435//3435 4345//4345
f 4043//4043 3574//3574 4293//4293
f 3984//3984 3568//3568 4325//4325
f 3569//3569 3985//3985 4326//4326
f 4135//4135 3618//3618 4308//4308
f 3983//3983 3465//3465 4336//4336
f 3568//3568 4070//4070 4325//4325
f 4070//4070 3650//3650 4325//4325
f 4071//4071 3569//3569 4326//4326
f 3649//3649 4071//4071 4326//4326
f 4292//4292 3742//3742 4324//4324
f 3689//3689 4292//4292 4324//4324
f 3444//3444 4084//4084 4245//4245
f 3459//3459 4017//4017 4313//4313
f 3574//3574 4066//4066 4293//4293
f 3664//3664 4128//4128 4242//4242
f 4035//4035 3654//3654 4310//4310
f 3625//3625 4188//4188 4343//4343
f 4221//4221 3479//3479 4267//4267
f 4025//4025 3616//3616 4330//4330
f 3617//3617 4024//4024 4331//4331
f 3657//3657 4108//4108 4252//4252
f 4066//4066 3642//3642 4293//4293
f 3463//3463 4184//4184 4298//4298
f 4089//4089 3776//3776 4269//4269
f 4157//4157 3457//3457 4242//4242
f 3683//3683 4179//4179 4348//4348
f 4179//4179 3488//3488 4348//4348
f 3690//3690 4215//4215 4300//4300
f 3688//3688 4214//4214 4299//4299
f 4215//4215 3678//3678 4300//4300
f 4214//4214 3677//3677 4299//4299
f 3514//3514 4104//4104 4329//4329
f 3710//3710 4261//4261 4345//4345
f 4104//4104 3666//3666 4298//4298
f 4234//4234 3434//3434 4265//4265
f 3603//3603 4218//4218 4313//4313
f 4218//4218 3773//3773 4313//4313
f 4211//4211 3430//3430 4244//4244
f 4086//4086 3807//3807 4329//4329
f 3488//3488 4067//4067 4348//4348
f 3646//3646 4211//4211 4244//4244
f 3639//3639 4277//4277 4284//4284
f 3641//3641 4279//4279 4286//4286
f 4278//4278 3640//3640 4285//4285
f 4277//4277 3698//3698 4284//4284
f 3699//3699 4278//4278 4285//4285
f 4279//4279 3701//3701 4286//4286
f 510//510 4135//4135 4308//4308
f 4240//4240 3607//3607 4287//4287
f 3644//3644 4234//4234 4265//4265
f 512//512 4206//4206 4318//4318
f 4206//4206 3658//3658 4318//4318
f 3793//3793 4240//4240 4287//4287
f 4251//4251 3608//3608 4314//4314
f 3785//3785 4209//4209 4321//4321
f 4209//4209 3482//3482 4321//4321
f 4188//4188 602//602 4343//4343
f 3658//3658 4206//4206 4341//4341
f 4206//4206 504//504 4341//4341
f 3797//3797 4251//4251 4314//4314
f 4296//4296 3703//3703 4312//4312
f 3704//3704 4297//4297 4311//4311
f 4297//4297 3668//3668 4311//4311
f 3667//3667 4296//4296 4312//4312
f 4980//4980 5058//5058 4742//4742
f 4742//4742 5057//5057 4981//4981
f 4585//4585 4993//4993 4506//4506
f 4351//4351 4993//4993 4585//4585
f 682//682 4603//4603 681//681
f 927//927 5114//5114 4716//4716
f 4366//4366 4756//4756 4583//4583
f 673//673 4634//4634 672//672
f 647//647 4638//4638 646//646
f 671//671 4637//4637 670//670
f 868//868 4639//4639 869//869
f 645//645 4636//4636 644//644
f 866//866 4635//4635 867//867
f 4374//4374 5202//5202 4825//4825
f 4825//4825 5202//5202 4543//4543
f 5046//5046 5139//5139 4702//4702
f 4391//4391 5046//5046 4702//4702
f 4417//4417 5041//5041 4639//4639
f 4416//4416 5042//5042 4636//4636
f 4742//4742 5058//5058 4439//4439
f 4439//4439 5057//5057 4742//4742
f 4352//4352 4990//4990 4599//4599
f 4837//4837 5084//5084 4431//4431
f 615//615 4600//4600 614//614
f 4415//4415 4857//4857 4615//4615
f 4418//4418 4858//4858 4617//4617
f 4420//4420 4859//4859 4616//4616
f 4501//4501 5030//5030 4600//4600
f 4955//4955 5062//5062 610//610
f 4584//4584 4883//4883 4414//4414
f 4625//4625 4987//4987 4354//4354
f 4419//4419 4975//4975 4637//4637
f 4669//4669 5041//5041 4417//4417
f 4668//4668 5042//5042 4416//4416
f 4580//4580 4692//4692 4355//4355
f 4414//4414 4868//4868 4584//4584
f 4634//4634 5001//5001 672//672
f 645//645 5003//5003 4636//4636
f 4638//4638 5003//5003 646//646
f 868//868 5002//5002 4639//4639
f 4635//4635 5002//5002 867//867
f 671//671 5001//5001 4637//4637
f 4369//4369 4761//4761 4664//4664
f 4700//4700 5137//5137 5060//5060
f 4761//4761 4957//4957 4664//4664
f 4822//4822 4892//4892 4524//4524
f 5021//5021 5158//5158 4720//4720
f 4634//4634 4857//4857 4415//4415
f 4638//4638 4858//4858 4418//4418
f 4635//4635 4859//4859 4420//4420
f 4700//4700 5060//5060 4386//4386
f 4567//4567 4972//4972 856//856
f 848//848 4973//4973 4566//4566
f 4658//4658 4975//4975 4419//4419
f 4353//4353 4873//4873 4656//4656
f 4656//4656 4873//4873 4505//4505
f 4655//4655 4874//4874 4511//4511
f 4361//4361 4874//4874 4655//4655
f 4365//4365 4875//4875 4657//4657
f 4657//4657 4875//4875 4507//4507
f 4573//4573 4705//4705 4350//4350
f 4599//4599 4990//4990 4499//4499
f 4714//4714 4837//4837 4431//4431
f 4589//4589 4696//4696 4356//4356
f 934//934 4790//4790 24//24
f 24//24 4790//4790 836//836
f 4354//4354 5229//5229 4625//4625
f 4608//4608 4670//4670 4357//4357
f 4567//4567 4789//4789 4437//4437
f 4432//4432 4788//4788 4566//4566
f 4901//4901 4987//4987 4625//4625
f 4733//4733 5010//5010 4554//4554
f 4553//4553 5009//5009 4732//4732
f 4390//4390 5021//5021 4720//4720
f 4597//4597 4988//4988 4974//4974
f 4785//4785 4985//4985 4433//4433
f 4755//4755 4948//4948 4560//4560
f 4603//4603 5045//5045 4514//4514
f 4401//4401 5045//5045 4603//4603
f 4358//4358 4948//4948 4755//4755
f 4566//4566 4788//4788 848//848
f 856//856 4789//4789 4567//4567
f 704//704 4855//4855 4607//4607
f 4499//4499 4809//4809 4583//4583
f 4582//4582 4808//4808 4500//4500
f 632//632 4626//4626 631//631
f 4600//4600 5030//5030 4404//4404
f 4397//4397 5010//5010 4733//4733
f 4732//4732 5009//5009 4396//4396
f 4570//4570 4867//4867 919//919
f 4716//4716 5114//5114 4556//4556
f 4597//4597 4974//4974 4402//4402
f 832//832 4673//4673 831//831
f 4637//4637 4687//4687 4419//4419
f 4496//4496 4687//4687 4637//4637
f 4639//4639 4688//4688 4417//4417
f 4498//4498 4688//4688 4639//4639
f 4497//4497 4689//4689 4636//4636
f 4636//4636 4689//4689 4416//4416
f 611//611 4955//4955 610//610
f 4583//4583 5053//5053 4366//4366
f 4589//4589 5110//5110 4696//4696
f 4647//4647 4766//4766 4456//4456
f 4423//4423 4766//4766 4647//4647
f 4648//4648 4767//4767 4457//4457
f 4428//4428 4767//4767 4648//4648
f 4632//4632 4958//4958 4495//4495
f 4429//4429 4884//4884 4690//4690
f 4696//4696 5110//5110 4425//4425
f 4573//4573 5083//5083 5000//5000
f 4502//4502 5015//5015 4651//4651
f 4658//4658 4765//4765 4462//4462
f 4419//4419 4765//4765 4658//4658
f 4620//4620 5197//5197 4570//4570
f 4410//4410 5197//5197 4620//4620
f 4884//4884 5102//5102 4690//4690
f 4888//4888 4974//4974 4538//4538
f 4566//4566 4753//4753 4432//4432
f 4437//4437 4754//4754 4567//4567
f 5015//5015 5071//5071 4651//4651
f 4414//4414 4883//4883 4650//4650
f 4370//4370 4865//4865 4687//4687
f 4715//4715 4785//4785 4433//4433
f 4633//4633 4868//4868 4414//4414
f 4500//4500 5034//5034 4582//4582
f 4583//4583 5035//5035 4499//4499
f 676//676 5074//5074 4618//4618
f 650//650 5073//5073 4619//4619
f 4361//4361 5252//5252 4623//4623
f 4353//4353 5250//5250 4622//4622
f 4624//4624 5251//5251 4445//4445
f 4509//4509 5031//5031 4605//4605
f 4606//4606 5032//5032 4512//4512
f 4570//4570 5195//5195 4620//4620
f 4722//4722 5157//5157 5059//5059
f 5031//5031 5125//5125 4605//4605
f 927//927 4716//4716 928//928
f 4586//4586 5064//5064 4451//4451
f 4370//4370 4910//4910 4865//4865
f 4626//4626 4725//4725 631//631
f 4450//4450 4787//4787 4613//4613
f 4600//4600 4896//4896 4501//4501
f 620//620 4981//4981 4815//4815
f 4816//4816 4980//4980 623//623
f 4360//4360 5125//5125 5031//5031
f 4974//4974 4988//4988 4488//4488
f 4655//4655 5252//5252 4361//4361
f 4656//4656 5250//5250 4353//4353
f 4445//4445 5251//5251 4657//4657
f 4609//4609 4726//4726 4424//4424
f 4592//4592 4962//4962 4398//4398
f 4399//4399 4963//4963 4593//4593
f 4675//4675 4903//4903 4473//4473
f 4421//4421 4806//4806 4699//4699
f 4721//4721 5159//5159 5069//5069
f 4480//4480 4795//4795 4720//4720
f 4603//4603 5005//5005 681//681
f 859//859 4660//4660 860//860
f 849//849 4662//4662 850//850
f 854//854 4661//4661 855//855
f 840//840 4868//4868 4633//4633
f 4627//4627 4748//4748 4415//4415
f 4628//4628 4749//4749 4418//4418
f 4629//4629 4750//4750 4420//4420
f 4598//4598 4964//4964 4397//4397
f 4396//4396 4965//4965 4599//4599
f 4666//4666 4822//4822 4524//4524
f 919//919 4961//4961 4570//4570
f 710//710 4876//4876 4614//4614
f 4650//4650 4883//4883 712//712
f 4397//4397 5034//5034 4598//4598
f 4598//4598 5034//5034 4500//4500
f 4499//4499 5035//5035 4599//4599
f 4599//4599 5035//5035 4396//4396
f 4444//4444 4762//4762 4576//4576
f 627//627 4674//4674 626//626
f 659//659 4645//4645 658//658
f 664//664 4648//4648 663//663
f 881//881 4646//4646 882//882
f 891//891 4647//4647 892//892
f 4465//4465 5173//5173 4838//4838
f 4722//4722 5059//5059 4384//4384
f 4576//4576 5037//5037 4444//4444
f 4630//4630 4955//4955 612//612
f 4673//4673 4926//4926 831//831
f 4472//4472 4880//4880 4608//4608
f 4732//4732 5035//5035 4583//4583
f 4396//4396 5035//5035 4732//4732
f 4582//4582 5034//5034 4733//4733
f 4733//4733 5034//5034 4397//4397
f 627//627 4866//4866 4674//4674
f 4495//4495 5000//5000 4632//4632
f 4402//4402 4944//4944 4597//4597
f 4441//4441 4943//4943 4595//4595
f 4403//4403 4942//4942 4596//4596
f 4595//4595 5027//5027 4441//4441
f 4597//4597 5027//5027 4357//4357
f 4606//4606 5167//5167 5032//5032
f 859//859 4727//4727 4660//4660
f 4367//4367 4958//4958 4632//4632
f 4442//4442 5014//5014 4596//4596
f 4424//4424 4725//4725 4626//4626
f 629//629 4675//4675 628//628
f 898//898 4651//4651 899//899
f 4453//4453 5070//5070 4633//4633
f 4721//4721 5069//5069 4388//4388
f 4598//4598 5014//5014 4442//4442
f 4500//4500 5040//5040 4598//4598
f 4601//4601 5040//5040 4500//4500
f 4599//4599 4881//4881 4352//4352
f 4675//4675 5046//5046 4903//4903
f 4614//4614 4847//4847 710//710
f 4350//4350 4831//4831 4573//4573
f 4615//4615 4781//4781 4447//4447
f 4617//4617 4780//4780 4448//4448
f 4616//4616 5213//5213 4449//4449
f 677//677 5074//5074 676//676
f 651//651 5073//5073 650//650
f 4364//4364 4726//4726 4609//4609
f 4353//4353 4748//4748 4627//4627
f 4361//4361 4749//4749 4628//4628
f 4365//4365 4750//4750 4629//4629
f 4496//4496 5001//5001 4634//4634
f 4498//4498 5002//5002 4635//4635
f 4637//4637 5001//5001 4496//4496
f 4639//4639 5002//5002 4498//4498
f 4636//4636 5003//5003 4497//4497
f 4497//4497 5003//5003 4638//4638
f 4356//4356 4758//4758 4589//4589
f 4355//4355 5247//5247 4580//4580
f 4358//4358 5049//5049 4610//4610
f 4610//4610 5049//5049 4513//4513
f 5000//5000 5083//5083 4405//4405
f 4440//4440 4881//4881 4599//4599
f 4740//4740 5111//5111 4411//4411
f 4379//4379 4892//4892 4822//4822
f 4421//4421 4736//4736 4645//4645
f 4646//4646 4739//4739 4426//4426
f 4648//4648 4737//4737 4428//4428
f 4647//4647 4738//4738 4423//4423
f 4806//4806 5125//5125 4699//4699
f 4720//4720 4795//4795 4390//4390
f 629//629 5118//5118 4675//4675
f 4964//4964 5010//5010 4397//4397
f 4396//4396 5009//5009 4965//4965
f 4869//4869 5032//5032 4362//4362
f 4608//4608 5016//5016 4412//4412
f 4437//4437 4951//4951 4680//4680
f 4402//4402 4974//4974 4888//4888
f 4357//4357 4988//4988 4597//4597
f 4596//4596 4989//4989 4403//4403
f 4464//4464 4853//4853 4805//4805
f 4805//4805 4853//4853 4564//4564
f 4573//4573 5000//5000 4705//4705
f 4583//4583 4756//4756 4732//4732
f 4514//4514 5005//5005 4603//4603
f 4427//4427 4844//4844 4697//4697
f 4440//4440 5033//5033 4881//4881
f 4698//4698 4767//4767 4428//4428
f 4676//4676 4768//4768 4435//4435
f 4436//4436 4769//4769 4677//4677
f 4506//4506 5082//5082 4585//4585
f 4600//4600 4772//4772 614//614
f 4585//4585 5076//5076 4351//4351
f 4815//4815 4981//4981 4526//4526
f 4525//4525 4980//4980 4816//4816
f 664//664 4737//4737 4648//4648
f 891//891 4738//4738 4647//4647
f 4645//4645 4736//4736 658//658
f 881//881 4739//4739 4646//4646
f 4694//4694 4782//4782 4438//4438
f 4462//4462 4864//4864 4631//4631
f 4364//4364 4786//4786 4640//4640
f 4411//4411 5200//5200 4740//4740
f 4695//4695 4792//4792 4476//4476
f 4387//4387 4792//4792 4695//4695
f 4491//4491 5020//5020 4708//4708
f 4709//4709 5021//5021 4490//4490
f 4838//4838 5173//5173 4544//4544
f 5013//5013 5054//5054 4366//4366
f 4366//4366 5053//5053 5013//5013
f 4500//4500 5100//5100 4601//4601
f 4881//4881 5033//5033 4594//4594
f 4596//4596 4942//4942 4442//4442
f 4782//4782 5029//5029 4438//4438
f 615//615 4896//4896 4600//4600
f 662//662 4770//4770 661//661
f 4442//4442 4964//4964 4598//4598
f 4599//4599 4965//4965 4440//4440
f 893//893 4665//4665 894//894
f 883//883 4666//4666 884//884
f 4719//4719 4807//4807 4426//4426
f 4398//4398 4808//4808 4592//4592
f 4593//4593 4809//4809 4399//4399
f 4418//4418 4749//4749 4684//4684
f 4415//4415 4748//4748 4685//4685
f 4420//4420 4750//4750 4686//4686
f 4610//4610 5099//5099 4358//4358
f 4660//4660 4727//4727 4434//4434
f 900//900 5026//5026 4712//4712
f 4643//4643 4869//4869 4362//4362
f 4641//4641 4893//4893 4433//4433
f 4642//4642 4894//4894 4431//4431
f 4435//4435 4892//4892 4644//4644
f 4462//4462 4765//4765 4610//4610
f 4417//4417 4812//4812 4692//4692
f 4416//4416 4813//4813 4691//4691
f 4452//4452 4734//4734 4673//4673
f 4673//4673 4734//4734 4461//4461
f 4585//4585 4840//4840 4465//4465
f 4650//4650 5097//5097 4458//4458
f 4451//4451 4860//4860 4586//4586
f 4465//4465 4850//4850 4585//4585
f 878//878 4922//4922 4914//4914
f 904//904 4923//4923 4913//4913
f 4710//4710 4895//4895 4489//4489
f 4436//4436 5176//5176 4769//4769
f 4768//4768 5175//5175 4435//4435
f 4464//4464 4805//4805 4661//4661
f 4661//4661 4805//4805 4437//4437
f 4542//4542 4841//4841 4804//4804
f 4804//4804 4841//4841 4452//4452
f 4927//4927 5020//5020 4491//4491
f 4490//4490 5021//5021 4928//4928
f 4449//4449 5213//5213 4771//4771
f 4698//4698 4721//4721 4481//4481
f 4480//4480 4720//4720 4699//4699
f 4696//4696 4722//4722 4478//4478
f 4477//4477 4719//4719 4700//4700
f 4482//4482 4723//4723 4697//4697
f 4474//4474 4718//4718 4701//4701
f 4476//4476 4717//4717 4695//4695
f 4541//4541 5062//5062 4955//4955
f 4427//4427 4777//4777 4674//4674
f 705//705 4855//4855 704//704
f 4528//4528 5158//5158 5021//5021
f 4805//4805 4951//4951 4437//4437
f 4657//4657 5251//5251 4365//4365
f 4620//4620 5141//5141 4410//4410
f 923//923 5064//5064 4929//4929
f 4632//4632 5000//5000 4405//4405
f 874//874 4713//4713 875//875
f 900//900 4712//4712 901//901
f 639//639 4711//4711 638//638
f 4415//4415 4832//4832 4634//4634
f 4418//4418 4834//4834 4638//4638
f 4420//4420 4833//4833 4635//4635
f 4451//4451 4784//4784 4602//4602
f 5032//5032 5167//5167 4362//4362
f 4929//4929 5064//5064 4586//4586
f 4631//4631 5098//5098 667//667
f 4828//4828 5070//5070 4453//4453
f 4608//4608 4880//4880 4670//4670
f 4454//4454 4806//4806 4645//4645
f 4646//4646 4807//4807 4455//4455
f 4645//4645 4806//4806 4421//4421
f 4426//4426 4807//4807 4646//4646
f 682//682 4783//4783 4603//4603
f 4619//4619 4780//4780 650//650
f 4618//4618 4781//4781 676//676
f 4525//4525 5058//5058 4980//4980
f 4981//4981 5057//5057 4526//4526
f 896//896 4694//4694 897//897
f 4592//4592 5054//5054 5013//5013
f 5013//5013 5053//5053 4593//4593
f 4512//4512 4938//4938 4870//4870
f 4565//4565 5101//5101 4885//4885
f 637//637 5162//5162 4763//4763
f 876//876 5161//5161 4764//4764
f 902//902 5163//5163 4762//4762
f 4602//4602 4977//4977 4451//4451
f 712//712 4883//4883 713//713
f 4367//4367 5259//5259 4649//4649
f 874//874 5146//5146 4713//4713
f 639//639 5145//5145 4711//4711
f 4670//4670 4957//4957 4488//4488
f 4999//4999 5271//5271 4404//4404
f 4776//4776 4897//4897 4487//4487
f 4770//4770 5205//5205 661//661
f 4605//4605 5072//5072 4509//4509
f 4710//4710 5142//5142 4895//4895
f 654//654 4677//4677 653//653
f 886//886 4676//4676 887//887
f 4357//4357 4776//4776 4608//4608
f 4470//4470 4889//4889 4652//4652
f 4653//4653 4888//4888 4471//4471
f 4563//4563 5032//5032 4869//4869
f 4644//4644 4757//4757 4435//4435
f 4776//4776 5245//5245 4897//4897
f 839//839 4868//4868 840//840
f 4437//4437 4789//4789 4661//4661
f 4662//4662 4788//4788 4432//4432
f 4404//4404 4854//4854 4600//4600
f 849//849 4788//4788 4662//4662
f 4661//4661 4789//4789 855//855
f 4605//4605 4806//4806 4454//4454
f 4434//4434 4760//4760 4640//4640
f 4643//4643 4759//4759 4436//4436
f 915//915 4672//4672 916//916
f 913//913 4671//4671 914//914
f 4432//4432 4753//4753 4678//4678
f 4680//4680 4754//4754 4437//4437
f 4624//4624 5038//5038 4409//4409
f 4623//4623 5036//5036 4408//4408
f 4603//4603 5091//5091 4401//4401
f 4801//4801 5057//5057 4439//4439
f 4439//4439 5058//5058 4801//4801
f 4844//4844 5112//5112 4697//4697
f 612//612 4955//4955 611//611
f 4424//4424 4726//4726 4702//4702
f 4454//4454 4824//4824 4605//4605
f 4674//4674 4844//4844 4427//4427
f 4473//4473 4844//4844 4674//4674
f 4602//4602 5197//5197 4977//4977
f 4977//4977 5197//5197 4410//4410
f 4679//4679 5172//5172 4381//4381
f 4604//4604 4828//4828 4453//4453
f 4371//4371 5088//5088 4686//4686
f 4372//4372 5087//5087 4684//4684
f 4370//4370 5089//5089 4685//4685
f 4671//4671 4880//4880 4472//4472
f 4431//4431 4831//4831 4642//4642
f 4694//4694 4986//4986 897//897
f 4629//4629 4875//4875 4365//4365
f 4627//4627 4873//4873 4353//4353
f 4628//4628 4874//4874 4361//4361
f 4718//4718 4766//4766 4423//4423
f 4618//4618 4848//4848 4447//4447
f 4619//4619 4849//4849 4448//4448
f 4488//4488 4957//4957 4761//4761
f 4674//4674 4866//4866 4473//4473
f 4590//4590 5057//5057 4801//4801
f 4801//4801 5058//5058 4591//4591
f 4716//4716 5039//5039 4504//4504
f 4476//4476 4931//4931 4642//4642
f 4642//4642 4931//4931 4377//4377
f 4379//4379 4938//4938 4644//4644
f 4644//4644 4938//4938 4480//4480
f 4613//4613 5012//5012 4450//4450
f 4667//4667 4919//4919 4414//4414
f 4453//4453 4976//4976 4604//4604
f 4406//4406 4752//4752 4649//4649
f 4433//4433 4773//4773 4641//4641
f 4667//4667 5259//5259 4367//4367
f 4675//4675 5118//5118 4532//4532
f 4512//4512 4870//4870 4606//4606
f 4488//4488 4988//4988 4670//4670
f 4611//4611 4817//4817 917//917
f 912//912 4818//4818 4612//4612
f 4758//4758 5066//5066 4489//4489
f 4647//4647 4836//4836 892//892
f 4646//4646 4835//4835 882//882
f 4632//4632 4774//4774 4367//4367
f 4453//4453 4774//4774 4632//4632
f 4578//4578 5036//5036 4764//4764
f 4577//4577 5038//5038 4763//4763
f 4763//4763 5038//5038 4445//4445
f 4764//4764 5036//5036 4446//4446
f 4469//4469 5050//5050 4839//4839
f 4607//4607 4959//4959 704//704
f 4489//4489 5066//5066 4846//4846
f 4704//4704 4734//4734 4452//4452
f 4392//4392 4734//4734 4704//4704
f 4615//4615 5077//5077 4415//4415
f 4617//4617 5078//5078 4418//4418
f 4449//4449 5079//5079 4616//4616
f 4447//4447 4781//4781 4618//4618
f 4448//4448 4780//4780 4619//4619
f 4461//4461 5090//5090 4607//4607
f 4523//4523 5154//5154 4619//4619
f 4702//4702 4726//4726 4475//4475
f 888//888 4708//4708 889//889
f 656//656 4709//4709 655//655
f 4674//4674 4777//4777 626//626
f 4607//4607 4855//4855 4461//4461
f 852//852 4821//4821 853//853
f 5029//5029 5172//5172 4679//4679
f 4479//4479 4856//4856 4724//4724
f 856//856 4972//4972 857//857
f 847//847 4973//4973 848//848
f 4368//4368 4779//4779 4620//4620
f 4612//4612 4818//4818 4460//4460
f 4412//4412 4968//4968 4608//4608
f 4608//4608 4968//4968 4472//4472
f 4408//4408 5151//5151 4623//4623
f 4409//4409 5150//5150 4624//4624
f 4695//4695 4717//4717 4422//4422
f 4701//4701 4718//4718 4423//4423
f 4699//4699 4720//4720 4421//4421
f 4700//4700 4719//4719 4426//4426
f 4697//4697 4723//4723 4427//4427
f 4425//4425 4722//4722 4696//4696
f 4428//4428 4721//4721 4698//4698
f 4717//4717 4871//4871 4422//4422
f 4914//4914 4922//4922 4550//4550
f 4913//4913 4923//4923 4549//4549
f 667//667 4842//4842 4631//4631
f 4845//4845 4888//4888 4538//4538
f 4513//4513 4998//4998 4610//4610
f 4424//4424 5023//5023 4609//4609
f 4551//4551 5010//5010 4964//4964
f 4965//4965 5009//5009 4552//4552
f 4470//4470 5065//5065 4654//4654
f 709//709 4876//4876 710//710
f 4626//4626 4787//4787 4450//4450
f 632//632 4787//4787 4626//4626
f 4447//4447 5077//5077 4615//4615
f 4448//4448 5078//5078 4617//4617
f 4616//4616 5079//5079 4420//4420
f 4619//4619 5073//5073 4523//4523
f 4540//4540 5111//5111 4740//4740
f 4719//4719 5167//5167 4807//4807
f 4456//4456 4836//4836 4647//4647
f 4455//4455 4835//4835 4646//4646
f 917//917 5263//5263 4611//4611
f 4612//4612 5262//5262 912//912
f 4962//4962 5124//5124 4398//4398
f 689//689 4878//4878 4652//4652
f 4535//4535 5084//5084 4837//4837
f 4462//4462 5190//5190 4658//4658
f 4716//4716 5153//5153 5039//5039
f 4665//4665 5172//5172 4522//4522
f 4451//4451 5064//5064 4784//4784
f 845//845 4714//4714 846//846
f 679//679 4715//4715 678//678
f 4609//4609 4856//4856 4364//4364
f 4684//4684 4834//4834 4418//4418
f 4685//4685 4832//4832 4415//4415
f 4686//4686 4833//4833 4420//4420
f 4494//4494 5268//5268 5248//5248
f 4817//4817 5043//5043 4459//4459
f 4611//4611 5043//5043 4817//4817
f 4763//4763 5162//5162 4577//4577
f 4764//4764 5161//5161 4578//4578
f 4762//4762 5163//5163 4576//4576
f 4420//4420 5079//5079 4629//4629
f 4610//4610 4864//4864 4462//4462
f 612//612 4872//4872 4630//4630
f 4374//4374 5189//5189 4916//4916
f 4431//4431 5084//5084 4831//4831
f 4486//4486 4779//4779 4659//4659
f 4458//4458 4847//4847 4614//4614
f 4686//4686 5088//5088 4833//4833
f 4684//4684 5087//5087 4834//4834
f 4685//4685 5089//5089 4832//4832
f 4825//4825 5189//5189 4374//4374
f 4514//4514 4985//4985 4785//4785
f 4757//4757 5031//5031 4562//4562
f 4360//4360 5031//5031 4757//4757
f 4460//4460 5044//5044 4612//4612
f 4824//4824 5202//5202 4374//4374
f 4473//4473 4903//4903 4844//4844
f 4844//4844 4903//4903 4581//4581
f 4418//4418 5078//5078 4628//4628
f 4415//4415 5077//5077 4627//4627
f 4458//4458 5097//5097 4847//4847
f 4381//4381 5183//5183 4917//4917
f 4712//4712 5026//5026 4516//4516
f 637//637 4763//4763 636//636
f 876//876 4764//4764 877//877
f 902//902 4762//4762 903//903
f 4640//4640 4786//4786 4434//4434
f 4538//4538 4974//4974 4761//4761
f 898//898 4986//4986 4651//4651
f 4614//4614 4992//4992 4458//4458
f 4698//4698 5025//5025 4767//4767
f 4510//4510 4970//4970 4931//4931
f 4740//4740 5200//5200 4569//4569
f 4399//4399 5153//5153 4963//4963
f 4745//4745 5096//5096 862//862
f 5059//5059 5157//5157 4527//4527
f 4601//4601 5229//5229 5040//5040
f 830//830 4926//4926 4751//4751
f 4823//4823 5183//5183 4381//4381
f 4616//4616 4859//4859 865//865
f 4812//4812 4891//4891 4692//4692
f 4813//4813 4890//4890 4691//4691
f 4489//4489 4846//4846 4710//4710
f 4710//4710 4846//4846 4401//4401
f 865//865 5213//5213 4616//4616
f 4676//4676 4877//4877 4491//4491
f 4435//4435 4877//4877 4676//4676
f 4445//4445 5038//5038 4624//4624
f 4626//4626 5023//5023 4424//4424
f 4677//4677 4769//4769 653//653
f 886//886 4768//4768 4676//4676
f 4651//4651 4986//4986 4502//4502
f 861//861 4745//4745 862//862
f 4934//4934 4983//4983 4509//4509
f 4625//4625 4977//4977 4410//4410
f 4665//4665 5080//5080 894//894
f 4666//4666 5081//5081 884//884
f 4657//4657 4814//4814 4445//4445
f 852//852 5265//5265 4821//4821
f 831//831 4926//4926 830//830
f 4438//4438 4902//4902 4694//4694
f 4694//4694 4902//4902 4502//4502
f 930//930 4703//4703 931//931
f 4471//4471 4888//4888 4845//4845
f 4508//4508 4991//4991 4936//4936
f 4690//4690 4746//4746 4429//4429
f 906//906 4707//4707 907//907
f 618//618 4706//4706 617//617
f 4684//4684 4749//4749 4485//4485
f 4685//4685 4748//4748 4483//4483
f 4686//4686 4750//4750 4484//4484
f 4630//4630 4872//4872 4466//4466
f 4828//4828 5274//5274 842//842
f 4631//4631 4842//4842 4462//4462
f 4839//4839 5050//5050 4542//4542
f 4450//4450 5023//5023 4626//4626
f 4894//4894 5181//5181 4431//4431
f 4893//4893 5182//5182 4433//4433
f 4933//4933 4998//4998 4513//4513
f 4369//4369 5055//5055 4621//4621
f 4620//4620 5056//5056 4368//4368
f 659//659 5047//5047 4645//4645
f 4907//4907 5184//5184 4479//4479
f 4678//4678 4994//4994 4351//4351
f 4510//4510 4994//4994 4678//4678
f 4516//4516 5026//5026 4651//4651
f 4651//4651 5026//5026 899//899
f 5069//5069 5159//5159 4533//4533
f 710//710 4847//4847 711//711
f 4635//4635 4833//4833 4498//4498
f 4634//4634 4832//4832 4496//4496
f 4638//4638 4834//4834 4497//4497
f 4939//4939 5008//5008 4507//4507
f 4935//4935 5007//5007 4511//4511
f 4932//4932 5006//5006 4505//4505
f 4621//4621 4895//4895 4369//4369
f 4413//4413 4957//4957 4670//4670
f 4565//4565 4885//4885 4786//4786
f 4432//4432 4850//4850 4662//4662
f 4662//4662 4850//4850 4465//4465
f 4633//4633 5070//5070 840//840
f 4458//4458 5104//5104 4650//4650
f 4622//4622 4906//4906 4353//4353
f 4623//4623 4905//4905 4361//4361
f 4676//4676 4947//4947 887//887
f 654//654 4946//4946 4677//4677
f 4532//4532 5139//5139 5046//5046
f 4708//4708 5119//5119 889//889
f 656//656 5120//5120 4709//4709
f 4889//4889 5164//5164 4652//4652
f 4653//4653 5165//5165 4888//4888
f 4568//4568 5271//5271 4999//4999
f 858//858 4727//4727 859//859
f 4410//4410 4901//4901 4625//4625
f 4502//4502 4986//4986 4694//4694
f 631//631 4725//4725 630//630
f 4679//4679 4755//4755 4438//4438
f 4367//4367 4774//4774 4667//4667
f 4776//4776 5016//5016 4608//4608
f 835//835 4839//4839 834//834
f 4793//4793 4934//4934 4509//4509
f 4799//4799 4939//4939 4507//4507
f 4795//4795 4938//4938 4512//4512
f 4794//4794 4935//4935 4511//4511
f 4508//4508 4936//4936 4796//4796
f 4798//4798 4933//4933 4513//4513
f 4797//4797 4932//4932 4505//4505
f 4506//4506 4937//4937 4800//4800
f 4510//4510 4931//4931 4792//4792
f 4466//4466 5209//5209 4630//4630
f 4452//4452 4841//4841 4704//4704
f 4632//4632 4976//4976 4453//4453
f 841//841 4828//4828 842//842
f 4746//4746 5264//5264 4373//4373
f 4633//4633 4919//4919 4453//4453
f 4649//4649 5095//5095 4367//4367
f 4831//4831 5084//5084 4573//4573
f 4787//4787 5261//5261 4613//4613
f 4648//4648 4879//4879 663//663
f 712//712 5097//5097 4650//4650
f 4412//4412 5016//5016 4663//4663
f 4373//4373 5264//5264 5024//5024
f 4430//4430 4756//4756 4733//4733
f 4653//4653 4956//4956 684//684
f 5027//5027 5245//5245 4357//4357
f 4803//4803 4921//4921 4587//4587
f 4802//4802 4920//4920 4588//4588
f 4539//4539 4791//4791 4659//4659
f 4659//4659 4791//4791 4403//4403
f 4355//4355 5248//5248 4691//4691
f 4691//4691 5248//5248 4579//4579
f 4774//4774 4919//4919 4667//4667
f 4468//4468 4921//4921 4803//4803
f 4467//4467 4920//4920 4802//4802
f 896//896 4782//4782 4694//4694
f 4864//4864 5069//5069 4631//4631
f 4546//4546 4953//4953 4863//4863
f 4545//4545 4952//4952 4861//4861
f 4547//4547 4954//4954 4862//4862
f 4522//4522 5080//5080 4665//4665
f 4524//4524 5081//5081 4666//4666
f 4717//4717 5185//5185 4871//4871
f 667//667 5098//5098 666//666
f 684//684 5092//5092 4653//4653
f 4652//4652 5093//5093 689//689
f 691//691 5094//5094 4654//4654
f 866//866 4859//4859 4635//4635
f 647//647 4858//4858 4638//4638
f 673//673 4857//4857 4634//4634
f 4636//4636 5042//5042 644//644
f 4639//4639 5041//5041 869//869
f 4405//4405 4976//4976 4632//4632
f 4506//4506 5068//5068 4937//4937
f 890//890 4738//4738 891//891
f 880//880 4739//4739 881//881
f 658//658 4736//4736 657//657
f 665//665 4737//4737 664//664
f 4435//4435 5175//5175 4892//4892
f 4885//4885 5101//5101 4463//4463
f 4645//4645 5047//5047 4454//4454
f 4856//4856 5187//5187 4724//4724
f 4554//4554 5227//5227 4733//4733
f 4732//4732 5226//5226 4553//4553
f 4791//4791 4889//4889 4470//4470
f 4539//4539 4889//4889 4791//4791
f 4457//4457 4879//4879 4648//4648
f 4673//4673 5105//5105 4452//4452
f 4414//4414 4919//4919 4633//4633
f 932//932 4728//4728 933//933
f 4642//4642 4945//4945 4476//4476
f 4823//4823 5172//5172 4665//4665
f 4364//4364 5184//5184 4786//4786
f 873//873 5146//5146 874//874
f 640//640 5145//5145 639//639
f 4436//4436 4869//4869 4643//4643
f 4477//4477 4924//4924 4643//4643
f 4447//4447 4848//4848 4681//4681
f 4448//4448 4849//4849 4683//4683
f 5060//5060 5137//5137 4530//4530
f 4809//4809 5053//5053 4583//4583
f 4582//4582 5054//5054 4808//4808
f 4671//4671 5203//5203 4880//4880
f 4995//4995 5146//5146 873//873
f 4996//4996 5145//5145 640//640
f 4643//4643 5022//5022 4477//4477
f 4362//4362 5022//5022 4643//4643
f 4693//4693 4765//4765 4419//4419
f 4650//4650 5104//5104 4414//4414
f 4637//4637 4975//4975 670//670
f 4640//4640 5075//5075 4364//4364
f 4672//4672 5263//5263 916//916
f 913//913 5262//5262 4671//4671
f 4687//4687 4865//4865 4419//4419
f 4480//4480 4887//4887 4644//4644
f 5037//5037 5250//5250 4444//4444
f 4644//4644 4892//4892 4379//4379
f 4375//4375 4893//4893 4641//4641
f 4377//4377 4894//4894 4642//4642
f 4641//4641 5254//5254 4375//4375
f 919//919 4867//4867 920//920
f 4402//4402 5165//5165 4944//4944
f 4403//4403 5166//5166 4942//4942
f 4471//4471 4956//4956 4653//4653
f 4491//4491 4947//4947 4676//4676
f 4677//4677 4946//4946 4490//4490
f 4449//4449 4967//4967 4682//4682
f 4651//4651 5071//5071 4516//4516
f 5071//5071 5217//5217 4729//4729
f 4649//4649 4992//4992 4406//4406
f 4495//4495 4826//4826 4705//4705
f 4670//4670 4988//4988 4357//4357
f 4560//4560 4902//4902 4755//4755
f 4522//4522 5029//5029 4782//4782
f 883//883 4835//4835 4666//4666
f 4666//4666 4835//4835 4455//4455
f 893//893 4836//4836 4665//4665
f 4665//4665 4836//4836 4456//4456
f 4842//4842 5190//5190 4462//4462
f 4394//4394 5071//5071 5015//5015
f 626//626 4777//4777 625//625
f 4659//4659 4989//4989 4486//4486
f 4403//4403 4989//4989 4659//4659
f 4427//4427 5156//5156 4777//4777
f 4654//4654 5065//5065 691//691
f 4703//4703 5148//5148 5048//5048
f 4516//4516 5071//5071 4729//4729
f 4351//4351 5076//5076 4678//4678
f 4419//4419 4865//4865 4693//4693
f 4671//4671 4882//4882 914//914
f 4472//4472 4882//4882 4671//4671
f 915//915 4882//4882 4672//4672
f 4672//4672 4882//4882 4472//4472
f 4537//4537 5096//5096 4745//4745
f 4652//4652 4878//4878 4470//4470
f 4563//4563 4966//4966 4928//4928
f 4690//4690 5011//5011 4503//4503
f 4352//4352 5011//5011 4690//4690
f 4521//4521 4912//4912 4760//4760
f 4760//4760 4912//4912 4376//4376
f 4960//4960 5196//5196 4460//4460
f 4459//4459 5195//5195 4961//4961
f 4531//4531 5119//5119 4708//4708
f 4709//4709 5120//5120 4528//4528
f 4773//4773 5066//5066 4356//4356
f 4561//4561 5066//5066 4773//4773
f 4482//4482 4937//4937 4723//4723
f 4722//4722 4932//4932 4478//4478
f 4721//4721 4933//4933 4481//4481
f 848//848 4788//4788 849//849
f 855//855 4789//4789 856//856
f 4456//4456 4823//4823 4665//4665
f 4455//4455 4822//4822 4666//4666
f 4654//4654 5232//5232 4470//4470
f 4476//4476 4945//4945 4717//4717
f 930//930 4775//4775 4703//4703
f 679//679 4785//4785 4715//4715
f 5048//5048 5148//5148 4515//4515
f 4839//4839 5212//5212 834//834
f 698//698 4735//4735 697//697
f 4861//4861 4952//4952 4483//4483
f 4863//4863 4953//4953 4485//4485
f 4862//4862 4954//4954 4484//4484
f 4710//4710 4845//4845 4538//4538
f 4853//4853 5178//5178 5173//5173
f 4732//4732 4756//4756 4430//4430
f 4706//4706 4778//4778 617//617
f 4463//4463 4851//4851 4660//4660
f 4853//4853 5173//5173 4382//4382
f 669//669 4975//4975 4658//4658
f 4920//4920 5222//5222 4579//4579
f 4921//4921 5223//5223 4580//4580
f 4818//4818 4960//4960 4460//4460
f 4459//4459 4961//4961 4817//4817
f 4505//4505 5006//5006 4656//4656
f 4511//4511 5007//5007 4655//4655
f 4507//4507 5008//5008 4657//4657
f 4659//4659 5149//5149 4539//4539
f 4444//4444 5250//5250 4810//4810
f 4446//4446 5252//5252 4811//4811
f 4353//4353 4906//4906 4748//4748
f 4361//4361 4905//4905 4749//4749
f 4365//4365 4904//4904 4750//4750
f 4660//4660 4851//4851 860//860
f 4465//4465 5028//5028 4662//4662
f 4680//4680 5061//5061 4508//4508
f 4359//4359 5061//5061 4680//4680
f 4661//4661 5004//5004 4464//4464
f 4739//4739 5137//5137 4426//4426
f 4738//4738 5138//5138 4423//4423
f 702//702 4741//4741 701//701
f 687//687 4743//4743 686//686
f 622//622 4742//4742 621//621
f 694//694 4744//4744 693//693
f 4517//4517 5085//5085 4730//4730
f 4518//4518 5086//5086 4731//4731
f 4441//4441 5236//5236 4943//4943
f 4490//4490 4966//4966 4677//4677
f 4677//4677 4966//4966 4436//4436
f 5085//5085 5218//5218 4730//4730
f 5086//5086 5219//5219 4731//4731
f 4688//4688 4812//4812 4417//4417
f 4689//4689 4813//4813 4416//4416
f 4693//4693 4948//4948 4358//4358
f 4493//4493 4948//4948 4693//4693
f 4485//4485 4953//4953 4684//4684
f 4686//4686 4954//4954 4371//4371
f 4684//4684 4953//4953 4372//4372
f 4685//4685 4952//4952 4370//4370
f 4483//4483 4952//4952 4685//4685
f 4484//4484 4954//4954 4686//4686
f 5248//5248 5268//5268 4579//4579
f 4810//4810 5250//5250 4656//4656
f 4811//4811 5252//5252 4655//4655
f 5074//5074 5231//5231 4618//4618
f 4475//4475 5075//5075 4925//4925
f 885//885 4768//4768 886//886
f 653//653 4769//4769 652//652
f 4565//4565 5184//5184 4907//4907
f 4434//4434 4885//4885 4660//4660
f 4660//4660 4885//4885 4463//4463
f 4718//4718 5052//5052 4766//4766
f 925//925 4747//4747 926//926
f 4450//4450 5012//5012 4724//4724
f 4696//4696 4886//4886 4356//4356
f 4478//4478 4886//4886 4696//4696
f 4699//4699 4887//4887 4480//4480
f 4360//4360 4887//4887 4699//4699
f 4580//4580 5260//5260 4921//4921
f 4925//4925 5075//5075 4640//4640
f 4468//4468 5107//5107 4669//4669
f 4467//4467 5106//5106 4668//4668
f 878//878 4914//4914 879//879
f 904//904 4913//4913 905//905
f 4447//4447 5206//5206 5077//5077
f 4448//4448 5207//5207 5078//5078
f 4658//4658 5190//5190 669//669
f 4715//4715 5174//5174 678//678
f 4513//4513 5049//5049 4679//4679
f 4928//4928 4966//4966 4490//4490
f 4474//4474 4978//4978 4718//4718
f 4668//4668 5106//5106 643//643
f 4669//4669 5107//5107 870//870
f 4664//4664 5055//5055 4369//4369
f 4368//4368 5056//5056 4663//4663
f 4414//4414 5104//5104 4667//4667
f 4664//4664 5044//5044 4460//4460
f 4663//4663 5043//5043 4412//4412
f 895//895 4782//4782 896//896
f 4579//4579 5268//5268 4920//4920
f 4424//4424 5139//5139 4725//4725
f 932//932 5048//5048 4728//4728
f 650//650 4780//4780 649//649
f 676//676 4781//4781 675//675
f 624//624 4816//4816 623//623
f 620//620 4815//4815 619//619
f 5038//5038 5242//5242 4409//4409
f 5036//5036 5244//5244 4408//4408
f 4779//4779 5149//5149 4659//4659
f 4404//4404 5271//5271 4854//4854
f 4679//4679 5255//5255 4513//4513
f 4615//4615 5233//5233 4781//4781
f 4617//4617 5234//5234 4780//4780
f 4663//4663 5221//5221 4368//4368
f 4680//4680 4971//4971 4754//4754
f 4753//4753 4970//4970 4678//4678
f 4421//4421 5158//5158 4736//4736
f 4737//4737 5159//5159 4428//4428
f 614//614 4772//4772 613//613
f 643//643 5042//5042 4668//4668
f 870//870 5041//5041 4669//4669
f 4706//4706 5136//5136 4422//4422
f 4534//4534 5136//5136 4706//4706
f 4404//4404 5030//5030 4826//4826
f 4826//4826 5030//5030 4572//4572
f 690//690 4878//4878 689//689
f 4604//4604 5274//5274 4828//4828
f 4870//4870 4938//4938 4379//4379
f 854//854 5004//5004 4661//4661
f 4662//4662 5028//5028 850//850
f 4878//4878 5065//5065 4470//4470
f 4669//4669 4940//4940 4468//4468
f 4668//4668 4941//4941 4467//4467
f 4417//4417 4940//4940 4669//4669
f 4416//4416 4941//4941 4668//4668
f 4897//4897 4943//4943 4400//4400
f 4595//4595 4943//4943 4897//4897
f 4473//4473 4866//4866 4675//4675
f 4675//4675 4866//4866 628//628
f 4683//4683 4849//4849 4378//4378
f 4681//4681 4848//4848 4375//4375
f 4664//4664 4957//4957 4413//4413
f 5017//5017 5211//5211 4613//4613
f 4703//4703 5048//5048 931//931
f 4486//4486 5141//5141 4779//4779
f 4678//4678 5076//5076 4432//4432
f 4670//4670 4880//4880 4413//4413
f 618//618 5121//5121 4706//4706
f 4460//4460 5055//5055 4664//4664
f 4508//4508 4971//4971 4680//4680
f 4678//4678 4970//4970 4510//4510
f 4413//4413 5044//5044 4664//4664
f 4706//4706 5121//5121 4534//4534
f 4725//4725 5139//5139 4532//4532
f 4714//4714 5169//5169 846//846
f 4728//4728 4819//4819 4469//4469
f 4515//4515 4819//4819 4728//4728
f 4841//4841 5024//5024 4704//4704
f 4477//4477 5022//5022 4719//4719
f 4770//4770 4825//4825 4543//4543
f 4457//4457 4825//4825 4770//4770
f 863//863 4771//4771 864//864
f 4461//4461 4926//4926 4673//4673
f 4822//4822 4870//4870 4379//4379
f 4755//4755 4902//4902 4438//4438
f 906//906 5129//5129 4707//4707
f 4546//4546 4863//4863 4730//4730
f 4545//4545 4861//4861 4729//4729
f 4547//4547 4862//4862 4731//4731
f 4728//4728 5048//5048 4515//4515
f 678//678 5174//5174 677//677
f 4707//4707 5129//5129 4527//4527
f 680//680 4785//4785 679//679
f 4840//4840 5173//5173 4465//4465
f 4756//4756 5246//5246 4733//4733
f 4681//4681 5206//5206 4447//4447
f 4682//4682 5208//5208 4449//4449
f 4683//4683 5207//5207 4448//4448
f 4901//4901 5141//5141 4486//4486
f 4461//4461 4855//4855 4751//4751
f 4733//4733 5227//5227 4430//4430
f 4430//4430 5226//5226 4732//4732
f 4723//4723 4937//4937 4383//4383
f 4384//4384 4932//4932 4722//4722
f 4388//4388 4933//4933 4721//4721
f 4386//4386 4935//4935 4700//4700
f 4475//4475 4936//4936 4702//4702
f 4700//4700 4935//4935 4477//4477
f 4701//4701 4934//4934 4474//4474
f 4702//4702 4936//4936 4391//4391
f 4389//4389 4934//4934 4701//4701
f 921//921 4784//4784 922//922
f 4918//4918 5017//5017 635//635
f 4503//4503 5264//5264 4690//4690
f 4507//4507 4875//4875 4682//4682
f 4452//4452 5105//5105 4804//4804
f 4472//4472 4968//4968 4672//4672
f 4520//4520 5231//5231 5074//5074
f 4717//4717 4945//4945 4350//4350
f 929//929 4775//4775 930//930
f 4543//4543 5205//5205 4770//4770
f 4433//4433 4985//4985 4773//4773
f 4786//4786 5184//5184 4565//4565
f 845//845 4837//4837 4714//4714
f 617//617 4778//4778 616//616
f 4368//4368 5149//5149 4779//4779
f 4707//4707 5157//5157 4425//4425
f 4527//4527 5157//5157 4707//4707
f 4916//4916 4978//4978 4474//4474
f 4917//4917 4979//4979 4481//4481
f 668//668 4842//4842 667//667
f 832//832 5105//5105 4673//4673
f 4622//4622 5250//5250 5037//5037
f 662//662 4879//4879 4770//4770
f 4401//4401 4845//4845 4710//4710
f 4619//4619 5154//5154 4849//4849
f 4503//4503 5063//5063 4704//4704
f 4704//4704 5063//5063 4392//4392
f 4530//4530 5137//5137 4739//4739
f 4531//4531 5138//5138 4738//4738
f 4709//4709 4946//4946 655//655
f 4708//4708 4947//4947 4491//4491
f 888//888 4947//4947 4708//4708
f 4490//4490 4946//4946 4709//4709
f 4745//4745 4820//4820 4537//4537
f 4463//4463 4820//4820 4745//4745
f 4555//4555 5124//5124 4962//4962
f 4380//4380 5101//5101 4907//4907
f 683//683 4783//4783 682//682
f 4725//4725 5118//5118 630//630
f 4532//4532 5118//5118 4725//4725
f 4807//4807 5155//5155 4455//4455
f 4606//4606 5155//5155 4807//4807
f 4562//4562 4927//4927 4877//4877
f 4877//4877 4927//4927 4491//4491
f 4693//4693 4865//4865 4493//4493
f 677//677 5174//5174 5074//5074
f 663//663 4879//4879 662//662
f 4959//4959 5019//5019 703//703
f 4680//4680 4951//4951 4359//4359
f 18//18 5062//5062 708//708
f 610//610 5062//5062 18//18
f 4888//4888 5165//5165 4402//4402
f 4400//4400 5164//5164 4889//4889
f 4733//4733 5246//5246 4582//4582
f 4773//4773 4985//4985 4561//4561
f 660//660 5047//5047 659//659
f 5040//5040 5229//5229 4354//4354
f 4621//4621 5200//5200 5018//5018
f 4532//4532 5046//5046 4675//4675
f 4585//4585 5082//5082 4840//4840
f 4691//4691 4890//4890 4355//4355
f 4692//4692 4891//4891 4355//4355
f 4574//4574 4978//4978 4916//4916
f 4575//4575 4979//4979 4917//4917
f 4486//4486 4987//4987 4901//4901
f 4548//4548 5211//5211 5017//5017
f 4359//4359 4969//4969 4697//4697
f 4697//4697 4969//4969 4482//4482
f 4380//4380 4967//4967 4820//4820
f 4820//4820 4967//4967 4537//4537
f 4820//4820 5101//5101 4380//4380
f 4385//4385 4939//4939 4724//4724
f 4724//4724 4939//4939 4479//4479
f 5043//5043 5056//5056 4459//4459
f 4663//4663 5056//5056 5043//5043
f 4644//4644 4887//4887 4757//4757
f 4489//4489 5018//5018 4758//4758
f 4727//4727 5180//5180 4434//4434
f 633//633 4787//4787 632//632
f 916//916 5263//5263 917//917
f 912//912 5262//5262 913//913
f 4865//4865 4910//4910 4493//4493
f 4381//4381 5255//5255 4679//4679
f 4378//4378 5257//5257 4683//4683
f 4682//4682 5256//5256 4507//4507
f 4375//4375 5258//5258 4681//4681
f 4438//4438 5029//5029 4679//4679
f 4824//4824 5072//5072 4605//4605
f 921//921 5249//5249 4784//4784
f 4692//4692 4940//4940 4417//4417
f 4691//4691 4941//4941 4416//4416
f 4575//4575 5183//5183 4766//4766
f 4766//4766 5183//5183 4456//4456
f 4481//4481 4979//4979 4698//4698
f 4698//4698 4979//4979 4363//4363
f 4497//4497 5087//5087 4689//4689
f 4498//4498 5088//5088 4688//4688
f 4496//4496 5089//5089 4687//4687
f 4687//4687 5089//5089 4370//4370
f 613//613 4872//4872 612//612
f 698//698 5116//5116 4735//4735
f 4735//4735 5117//5117 697//697
f 911//911 4818//4818 912//912
f 917//917 4817//4817 918//918
f 4748//4748 4906//4906 4483//4483
f 4749//4749 4905//4905 4485//4485
f 4750//4750 4904//4904 4484//4484
f 4574//4574 5189//5189 4767//4767
f 4767//4767 5189//5189 4457//4457
f 5077//5077 5206//5206 4627//4627
f 5078//5078 5207//5207 4628//4628
f 4757//4757 4877//4877 4435//4435
f 4562//4562 4877//4877 4757//4757
f 4701//4701 5267//5267 4389//4389
f 4718//4718 4978//4978 4363//4363
f 642//642 4802//4802 641//641
f 871//871 4803//4803 872//872
f 4741//4741 5109//5109 701//701
f 694//694 5108//5108 4744//4744
f 4827//4827 5047//5047 660//660
f 858//858 5170//5170 4727//4727
f 4734//4734 5090//5090 4461//4461
f 4736//4736 5158//5158 4528//4528
f 4533//4533 5159//5159 4737//4737
f 4681//4681 5258//5258 4873//4873
f 4874//4874 5257//5257 4511//4511
f 4873//4873 5258//5258 4505//4505
f 4683//4683 5257//5257 4874//4874
f 4679//4679 5049//5049 4755//4755
f 4629//4629 5208//5208 4875//4875
f 4628//4628 5207//5207 4874//4874
f 4627//4627 5206//5206 4873//4873
f 4822//4822 5155//5155 4870//4870
f 4703//4703 5241//5241 4429//4429
f 861//861 4851//4851 4745//4745
f 687//687 5128//5128 4743//4743
f 4743//4743 5127//5127 686//686
f 4744//4744 5126//5126 693//693
f 5016//5016 5221//5221 4663//4663
f 4690//4690 5102//5102 4352//4352
f 925//925 5115//5115 4747//4747
f 4747//4747 5114//5114 926//926
f 4707//4707 4915//4915 907//907
f 4548//4548 5017//5017 4918//4918
f 4784//4784 5249//5249 4602//4602
f 4579//4579 5222//5222 4691//4691
f 4580//4580 5223//5223 4692//4692
f 4772//4772 4854//4854 4466//4466
f 4600//4600 4854//4854 4772//4772
f 4778//4778 4896//4896 616//616
f 4386//4386 5060//5060 4811//4811
f 4811//4811 5060//5060 4550//4550
f 4810//4810 5059//5059 4549//4549
f 4384//4384 5059//5059 4810//4810
f 4422//4422 5199//5199 4706//4706
f 907//907 4915//4915 908//908
f 4846//4846 5045//5045 4401//4401
f 4561//4561 5045//5045 4846//4846
f 4745//4745 4851//4851 4463//4463
f 4394//4394 5217//5217 5071//5071
f 4757//4757 4887//4887 4360//4360
f 685//685 5092//5092 684//684
f 689//689 5093//5093 688//688
f 692//692 5094//5094 691//691
f 4487//4487 5051//5051 4852//4852
f 4501//4501 4896//4896 4778//4778
f 4895//4895 5142//5142 4369//4369
f 684//684 4956//4956 683//683
f 4716//4716 4982//4982 928//928
f 4519//4519 5169//5169 4714//4714
f 4363//4363 5025//5025 4698//4698
f 4963//4963 5153//5153 4556//4556
f 696//696 4830//4830 695//695
f 700//700 4829//4829 699//699
f 5088//5088 5168//5168 4688//4688
f 4358//4358 5099//5099 4693//4693
f 5015//5015 5147//5147 4394//4394
f 4577//4577 5162//5162 4711//4711
f 4576//4576 5163//5163 4712//4712
f 4712//4712 5163//5163 901//901
f 4578//4578 5161//5161 4713//4713
f 4713//4713 5161//5161 875//875
f 4711//4711 5162//5162 638//638
f 4731//4731 4862//4862 4409//4409
f 4730//4730 4863//4863 4408//4408
f 4729//4729 4861//4861 4407//4407
f 4705//4705 5000//5000 4495//4495
f 4371//4371 5168//5168 5088//5088
f 4736//4736 5120//5120 657//657
f 4528//4528 5120//5120 4736//4736
f 4738//4738 5119//5119 4531//4531
f 890//890 5119//5119 4738//4738
f 621//621 4981//4981 620//620
f 623//623 4980//4980 622//622
f 4643//4643 4924//4924 4759//4759
f 4760//4760 4925//4925 4640//4640
f 844//844 4837//4837 845//845
f 882//882 4835//4835 883//883
f 892//892 4836//4836 893//893
f 4704//4704 5024//5024 4503//4503
f 4369//4369 5142//5142 4761//4761
f 4761//4761 5142//5142 4538//4538
f 851//851 5265//5265 852//852
f 4482//4482 4969//4969 4930//4930
f 4425//4425 5272//5272 4707//4707
f 703//703 5019//5019 702//702
f 863//863 5096//5096 4771//4771
f 880//880 5130//5130 4739//4739
f 4739//4739 5130//5130 4530//4530
f 4401//4401 5091//5091 4845//4845
f 4897//4897 5051//5051 4487//4487
f 909//909 5144//5144 4740//4740
f 4695//4695 5228//5228 4387//4387
f 4708//4708 5020//5020 4531//4531
f 4528//4528 5021//5021 4709//4709
f 4705//4705 5160//5160 4350//4350
f 4572//4572 5030//5030 4871//4871
f 4871//4871 5030//5030 4501//4501
f 4429//4429 5148//5148 4703//4703
f 4422//4422 5136//5136 4695//4695
f 4423//4423 5138//5138 4701//4701
f 4426//4426 5137//5137 4700//4700
f 4702//4702 5139//5139 4424//4424
f 4699//4699 5125//5125 4360//4360
f 4930//4930 4969//4969 4564//4564
f 4697//4697 5112//5112 4359//4359
f 4752//4752 5271//5271 4568//4568
f 4466//4466 4872//4872 4772//4772
f 4726//4726 5075//5075 4475//4475
f 923//923 4929//4929 924//924
f 5087//5087 5171//5171 4689//4689
f 4826//4826 5160//5160 4705//4705
f 4504//4504 4982//4982 4716//4716
f 4449//4449 5198//5198 4967//4967
f 860//860 4851//4851 861//861
f 4469//4469 5240//5240 4790//4790
f 5096//5096 5198//5198 4771//4771
f 4595//4595 5245//5245 5027//5027
f 5018//5018 5200//5200 4411//4411
f 864//864 5213//5213 865//865
f 4372//4372 5171//5171 5087//5087
f 4911//4911 4973//4973 4519//4519
f 4912//4912 4972//4972 4567//4567
f 4521//4521 4972//4972 4912//4912
f 4566//4566 4973//4973 4911//4911
f 4777//4777 5156//5156 4529//4529
f 4711//4711 5242//5242 4577//4577
f 4712//4712 5243//5243 4576//4576
f 4713//4713 5244//5244 4578//4578
f 704//704 4959//4959 703//703
f 4441//4441 5027//5027 4944//4944
f 4944//4944 5027//5027 4597//4597
f 4568//4568 5095//5095 4752//4752
f 4772//4772 4872//4872 613//613
f 4724//4724 5012//5012 4385//4385
f 918//918 4961//4961 919//919
f 910//910 4960//4960 911//911
f 643//643 5106//5106 642//642
f 870//870 5107//5107 871//871
f 4962//4962 5013//5013 4443//4443
f 4443//4443 5013//5013 4963//4963
f 4592//4592 5013//5013 4962//4962
f 4963//4963 5013//5013 4593//4593
f 5116//5116 5226//5226 4735//4735
f 4735//4735 5227//5227 5117//5117
f 4719//4719 5022//5022 4362//4362
f 4813//4813 5171//5171 4492//4492
f 4910//4910 4952//4952 4545//4545
f 4908//4908 4953//4953 4546//4546
f 4393//4393 5218//5218 5085//5085
f 4395//4395 5219//5219 5086//5086
f 4770//4770 4879//4879 4457//4457
f 4538//4538 5142//5142 4710//4710
f 4752//4752 5209//5209 4466//4466
f 4453//4453 4919//4919 4774//4774
f 4727//4727 5170//5170 4521//4521
f 22//22 5123//5123 838//838
f 714//714 5123//5123 22//22
f 4469//4469 5113//5113 4728//4728
f 4838//4838 5265//5265 851//851
f 4759//4759 4924//4924 4378//4378
f 4376//4376 4925//4925 4760//4760
f 4819//4819 5050//5050 4469//4469
f 4839//4839 5240//5240 4469//4469
f 4363//4363 5052//5052 4718//4718
f 4768//4768 5081//5081 4524//4524
f 885//885 5081//5081 4768//4768
f 648//648 4858//4858 647//647
f 865//865 4859//4859 866//866
f 674//674 4857//4857 673//673
f 4944//4944 5165//5165 4558//4558
f 4942//4942 5166//5166 4559//4559
f 929//929 4982//4982 4775//4775
f 4931//4931 4970//4970 4377//4377
f 834//834 5212//5212 833//833
f 4370//4370 4952//4952 4910//4910
f 4372//4372 4953//4953 4908//4908
f 933//933 5113//5113 934//934
f 4714//4714 5181//5181 4519//4519
f 4433//4433 5182//5182 4715//4715
f 4431//4431 5181//5181 4714//4714
f 4466//4466 5271//5271 4752//4752
f 4383//4383 5201//5201 4723//4723
f 4724//4724 5187//5187 4450//4450
f 853//853 5004//5004 854//854
f 4388//4388 5069//5069 4864//4864
f 4803//4803 5107//5107 4468//4468
f 4802//4802 5106//5106 4467//4467
f 4812//4812 5168//5168 4494//4494
f 635//635 5017//5017 634//634
f 850//850 5028//5028 851//851
f 4564//4564 4969//4969 4951//4951
f 4951//4951 4969//4969 4359//4359
f 4741//4741 5215//5215 5109//5109
f 5108//5108 5214//5214 4744//4744
f 4516//4516 5131//5131 4712//4712
f 4775//4775 4982//4982 4504//4504
f 4801//4801 4994//4994 4590//4590
f 4351//4351 4994//4994 4801//4801
f 4801//4801 4993//4993 4351//4351
f 4591//4591 4993//4993 4801//4801
f 633//633 5261//5261 4787//4787
f 4773//4773 4886//4886 4641//4641
f 4356//4356 4886//4886 4773//4773
f 4371//4371 4954//4954 4899//4899
f 4899//4899 4954//4954 4547//4547
f 4746//4746 5148//5148 4429//4429
f 4364//4364 5075//5075 4726//4726
f 4362//4362 5167//5167 4719//4719
f 4425//4425 5157//5157 4722//4722
f 4720//4720 5158//5158 4421//4421
f 4723//4723 5156//5156 4427//4427
f 4428//4428 5159//5159 4721//4721
f 4556//4556 5153//5153 4716//4716
f 4860//4860 5100//5100 4398//4398
f 4601//4601 5100//5100 4860//4860
f 4467//4467 5222//5222 4920//4920
f 4468//4468 5223//5223 4921//4921
f 4350//4350 5185//5185 4717//4717
f 4751//4751 4926//4926 4461//4461
f 4783//4783 4956//4956 4471//4471
f 5128//5128 5236//5236 4743//4743
f 4743//4743 5237//5237 5127//5127
f 4744//4744 5235//5235 5126//5126
f 4884//4884 5039//5039 4571//4571
f 4504//4504 5039//5039 4884//4884
f 4408//4408 5133//5133 4730//4730
f 4409//4409 5132//5132 4731//4731
f 4407//4407 5131//5131 4729//4729
f 4730//4730 5133//5133 4517//4517
f 4729//4729 5131//5131 4516//4516
f 4731//4731 5132//5132 4518//4518
f 922//922 5064//5064 923//923
f 4536//4536 5019//5019 4959//4959
f 5115//5115 5225//5225 4747//4747
f 4747//4747 5224//5224 5114//5114
f 4961//4961 5195//5195 4570//4570
f 4569//4569 5196//5196 4960//4960
f 670//670 4975//4975 669//669
f 4987//4987 5014//5014 4354//4354
f 4596//4596 5014//5014 4987//4987
f 644//644 5042//5042 643//643
f 869//869 5041//5041 870//870
f 908//908 5144//5144 909//909
f 4752//4752 5095//5095 4649//4649
f 4389//4389 4983//4983 4934//4934
f 652//652 5239//5239 651//651
f 934//934 5113//5113 4790//4790
f 628//628 4866//4866 627//627
f 4754//4754 4912//4912 4567//4567
f 4376//4376 4912//4912 4754//4754
f 4566//4566 4911//4911 4753//4753
f 4753//4753 4911//4911 4377//4377
f 833//833 5212//5212 4804//4804
f 4843//4843 5179//5179 4535//4535
f 4398//4398 5124//5124 4860//4860
f 4860//4860 5124//5124 4586//4586
f 680//680 5005//5005 4785//4785
f 4785//4785 5005//5005 4514//4514
f 4492//4492 4890//4890 4813//4813
f 4494//4494 4891//4891 4812//4812
f 4763//4763 4918//4918 636//636
f 4830//4830 5108//5108 695//695
f 700//700 5109//5109 4829//4829
f 4535//4535 5179//5179 5083//5083
f 5133//5133 5146//5146 4517//4517
f 4713//4713 5146//5146 5133//5133
f 5132//5132 5145//5145 4518//4518
f 4711//4711 5145//5145 5132//5132
f 4992//4992 5259//5259 4458//4458
f 4621//4621 5018//5018 4895//4895
f 4740//4740 5143//5143 909//909
f 4551//4551 5108//5108 4830//4830
f 4829//4829 5109//5109 4552//4552
f 4897//4897 5245//5245 4595//4595
f 4807//4807 5167//5167 4606//4606
f 4742//4742 4981//4981 621//621
f 622//622 4980//4980 4742//4742
f 4764//4764 4922//4922 877//877
f 4762//4762 4923//4923 903//903
f 4936//4936 4991//4991 4391//4391
f 4373//4373 5024//5024 4841//4841
f 4464//4464 5004//5004 4821//4821
f 4492//4492 5171//5171 4908//4908
f 910//910 5143//5143 4960//4960
f 4521//4521 5180//5180 4727//4727
f 4454//4454 5047//5047 4827//4827
f 4380//4380 5256//5256 4967//4967
f 4967//4967 5256//5256 4682//4682
f 914//914 4882//4882 915//915
f 4810//4810 5193//5193 4444//4444
f 4811//4811 5194//5194 4446//4446
f 5043//5043 5204//5204 4412//4412
f 4618//4618 5231//5231 4848//4848
f 4838//4838 5028//5028 4465//4465
f 4479//4479 5184//5184 4856//4856
f 4605//4605 5125//5125 4806//4806
f 4553//4553 5116//5116 4829//4829
f 4829//4829 5116//5116 699//699
f 4830//4830 5117//5117 4554//4554
f 696//696 5117//5117 4830//4830
f 4821//4821 5004//5004 853//853
f 4814//4814 5191//5191 4445//4445
f 4909//4909 5268//5268 4494//4494
f 4607//4607 5103//5103 4959//4959
f 4796//4796 4971//4971 4508//4508
f 4376//4376 4971//4971 4796//4796
f 4915//4915 5144//5144 908//908
f 674//674 5233//5233 4857//4857
f 648//648 5234//5234 4858//4858
f 4808//4808 5054//5054 4592//4592
f 4593//4593 5053//5053 4809//4809
f 636//636 4918//4918 635//635
f 4902//4902 5015//5015 4502//4502
f 4560//4560 5015//5015 4902//4902
f 702//702 5019//5019 4741//4741
f 4388//4388 4998//4998 4933//4933
f 4799//4799 4907//4907 4479//4479
f 5018//5018 5192//5192 4758//4758
f 4793//4793 4916//4916 4474//4474
f 4798//4798 4917//4917 4481//4481
f 4855//4855 5275//5275 4751//4751
f 4959//4959 5103//5103 4536//4536
f 4494//4494 5168//5168 4899//4899
f 4475//4475 4925//4925 4796//4796
f 4794//4794 4924//4924 4477//4477
f 843//843 5177//5177 844//844
f 877//877 4922//4922 878//878
f 903//903 4923//4923 904//904
f 616//616 4896//4896 615//615
f 4880//4880 5203//5203 4413//4413
f 851//851 5028//5028 4838//4838
f 928//928 4982//4982 929//929
f 4492//4492 5260//5260 5247//5247
f 4432//4432 5076//5076 4850//4850
f 4377//4377 4970//4970 4753//4753
f 4754//4754 4971//4971 4376//4376
f 4857//4857 5233//5233 4615//4615
f 4858//4858 5234//5234 4617//4617
f 4395//4395 5086//5086 4920//4920
f 4921//4921 5085//5085 4587//4587
f 4393//4393 5085//5085 4921//4921
f 4920//4920 5086//5086 4588//4588
f 661//661 5205//5205 660//660
f 4775//4775 5241//5241 4703//4703
f 4869//4869 4966//4966 4563//4563
f 4386//4386 5007//5007 4935//4935
f 4385//4385 5008//5008 4939//4939
f 4384//4384 5006//5006 4932//4932
f 4900//4900 5260//5260 4492//4492
f 4512//4512 4984//4984 4795//4795
f 4795//4795 4984//4984 4390//4390
f 4761//4761 4974//4974 4488//4488
f 4728//4728 5113//5113 933//933
f 4392//4392 5090//5090 4734//4734
f 4903//4903 5046//5046 4391//4391
f 4921//4921 5260//5260 4393//4393
f 4731//4731 5219//5219 4547//4547
f 4729//4729 5217//5217 4545//4545
f 4730//4730 5218//5218 4546//4546
f 4786//4786 4885//4885 4434//4434
f 4831//4831 4945//4945 4642//4642
f 4587//4587 5269//5269 4803//4803
f 4588//4588 5270//5270 4802//4802
f 4782//4782 5080//5080 4522//4522
f 895//895 5080//5080 4782//4782
f 4571//4571 5102//5102 4884//4884
f 4800//4800 4930//4930 4382//4382
f 665//665 5188//5188 4737//4737
f 4737//4737 5188//5188 4533//4533
f 833//833 5105//5105 832//832
f 4803//4803 5269//5269 872//872
f 4802//4802 5270//5270 641//641
f 4746//4746 5216//5216 5148//5148
f 4706//4706 5199//5199 4778//4778
f 4821//4821 5265//5265 4544//4544
f 4494//4494 5248//5248 4891//4891
f 4890//4890 5247//5247 4355//4355
f 4542//4542 5212//5212 4839//4839
f 655//655 4946//4946 654//654
f 887//887 4947//4947 888//888
f 4407//4407 5152//5152 5037//5037
f 4780//4780 5234//5234 649//649
f 4781//4781 5233//5233 675//675
f 4451//4451 5230//5230 4860//4860
f 4978//4978 5025//5025 4363//4363
f 4574//4574 5025//5025 4978//4978
f 683//683 4956//4956 4783//4783
f 4765//4765 5099//5099 4610//4610
f 857//857 5170//5170 858//858
f 846//846 5169//5169 847//847
f 4529//4529 5122//5122 4777//4777
f 4777//4777 5122//5122 625//625
f 4569//4569 5143//5143 4740//4740
f 4740//4740 5144//5144 4540//4540
f 4482//4482 4930//4930 4800//4800
f 4920//4920 5268//5268 4395//4395
f 4564//4564 4951//4951 4805//4805
f 669//669 5190//5190 668//668
f 4649//4649 5259//5259 4992//4992
f 4380//4380 4907//4907 4799//4799
f 4368//4368 5221//5221 4852//4852
f 4560//4560 5147//5147 5015//5015
f 4378//4378 5154//5154 4759//4759
f 4759//4759 5154//5154 4523//4523
f 4374//4374 4916//4916 4793//4793
f 4381//4381 4917//4917 4798//4798
f 4790//4790 5113//5113 4469//4469
f 4656//4656 5006//5006 4810//4810
f 4810//4810 5006//5006 4384//4384
f 4811//4811 5007//5007 4386//4386
f 4655//4655 5007//5007 4811//4811
f 4375//4375 5254//5254 4797//4797
f 4766//4766 5052//5052 4575//4575
f 4657//4657 5008//5008 4814//4814
f 4814//4814 5008//5008 4385//4385
f 4767//4767 5025//5025 4574//4574
f 897//897 4986//4986 898//898
f 4755//4755 5049//5049 4358//4358
f 4504//4504 5241//5241 4775//4775
f 4581//4581 5112//5112 4844//4844
f 4796//4796 4925//4925 4376//4376
f 4378//4378 4924//4924 4794//4794
f 4994//4994 5067//5067 4590//4590
f 4993//4993 5068//5068 4506//4506
f 4510//4510 5067//5067 4994//4994
f 4591//4591 5068//5068 4993//4993
f 4815//4815 4950//4950 4534//4534
f 4529//4529 4949//4949 4816//4816
f 5037//5037 5152//5152 4622//4622
f 4373//4373 5216//5216 4746//4746
f 4778//4778 5199//5199 4501//4501
f 4690//4690 5264//5264 4746//4746
f 666//666 5188//5188 665//665
f 4792//4792 4931//4931 4476//4476
f 4474//4474 4934//4934 4793//4793
f 4478//4478 4932//4932 4797//4797
f 4796//4796 4936//4936 4475//4475
f 4477//4477 4935//4935 4794//4794
f 4481//4481 4933//4933 4798//4798
f 4480//4480 4938//4938 4795//4795
f 4479//4479 4939//4939 4799//4799
f 4800//4800 4937//4937 4482//4482
f 909//909 5143//5143 910//910
f 4549//4549 5193//5193 4810//4810
f 4550//4550 5194//5194 4811//4811
f 5039//5039 5153//5153 4399//4399
f 4804//4804 5105//5105 833//833
f 4389//4389 5020//5020 4927//4927
f 4928//4928 5021//5021 4390//4390
f 4356//4356 5066//5066 4758//4758
f 4577//4577 5242//5242 5038//5038
f 4578//4578 5244//5244 5036//5036
f 4483//4483 5152//5152 4861//4861
f 4484//4484 5150//5150 4862//4862
f 4485//4485 5151//5151 4863//4863
f 4486//4486 4989//4989 4987//4987
f 4987//4987 4989//4989 4596//4596
f 5011//5011 5063//5063 4503//4503
f 4594//4594 5063//5063 5011//5011
f 4508//4508 5061//5061 4991//4991
f 4991//4991 5061//5061 4581//4581
f 4470//4470 5232//5232 4791//4791
f 4860//4860 5230//5230 4601//4601
f 646//646 5003//5003 645//645
f 672//672 5001//5001 671//671
f 867//867 5002//5002 868//868
f 4548//4548 5191//5191 4814//4814
f 681//681 5005//5005 680//680
f 4979//4979 5052//5052 4363//4363
f 4575//4575 5052//5052 4979//4979
f 4533//4533 5098//5098 5069//5069
f 5069//5069 5098//5098 4631//4631
f 660//660 5205//5205 4827//4827
f 4478//4478 5254//5254 4886//4886
f 4886//4886 5254//5254 4641//4641
f 4997//4997 5039//5039 4399//4399
f 4843//4843 5177//5177 843//843
f 4487//4487 5016//5016 4776//4776
f 4572//4572 5160//5160 4826//4826
f 4609//4609 5187//5187 4856//4856
f 4816//4816 4949//4949 4525//4525
f 4526//4526 4950//4950 4815//4815
f 899//899 5026//5026 900//900
f 4571//4571 5039//5039 4997//4997
f 5014//5014 5040//5040 4354//4354
f 4598//4598 5040//5040 5014//5014
f 4826//4826 4999//4999 4404//4404
f 5067//5067 5135//5135 4590//4590
f 4591//4591 5134//5134 5068//5068
f 4867//4867 5197//5197 4602//4602
f 4906//4906 5152//5152 4483//4483
f 4904//4904 5150//5150 4484//4484
f 4905//4905 5151//5151 4485//4485
f 4382//4382 4930//4930 4853//4853
f 4542//4542 5050//5050 4841//4841
f 4841//4841 5050//5050 4373//4373
f 711//711 5097//5097 712//712
f 4394//4394 5147//5147 4898//4898
f 4894//4894 4911//4911 4519//4519
f 4377//4377 4911//4911 4894//4894
f 911//911 4960//4960 4818//4818
f 4817//4817 4961//4961 918//918
f 4611//4611 5204//5204 5043//5043
f 4562//4562 5031//5031 4983//4983
f 4984//4984 5032//5032 4563//4563
f 4512//4512 5032//5032 4984//4984
f 4983//4983 5031//5031 4509//4509
f 4523//4523 5176//5176 4759//4759
f 4759//4759 5176//5176 4436//4436
f 931//931 5048//5048 932//932
f 4693//4693 5099//5099 4765//4765
f 4537//4537 5198//5198 5096//5096
f 4350//4350 4945//4945 4831//4831
f 4960//4960 5143//5143 4569//4569
f 691//691 5065//5065 690//690
f 840//840 5070//5070 841//841
f 4871//4871 5185//5185 4572//4572
f 4445//4445 5191//5191 4763//4763
f 4751//4751 5273//5273 830//830
f 4534//4534 5121//5121 4815//4815
f 4816//4816 5122//5122 4529//4529
f 4815//4815 5121//5121 619//619
f 624//624 5122//5122 4816//4816
f 651//651 5239//5239 5073//5073
f 4444//4444 5193//5193 4762//4762
f 4446//4446 5194//5194 4764//4764
f 4995//4995 5085//5085 4517//4517
f 4587//4587 5085//5085 4995//4995
f 4588//4588 5086//5086 4996//4996
f 4996//4996 5086//5086 4518//4518
f 4943//4943 5236//5236 4557//4557
f 4434//4434 5180//5180 4760//4760
f 4760//4760 5180//5180 4521//4521
f 4809//4809 4997//4997 4399//4399
f 4406//4406 5209//5209 4752//4752
f 4881//4881 5011//5011 4352//4352
f 4594//4594 5011//5011 4881//4881
f 4783//4783 5091//5091 4603//4603
f 4471//4471 5091//5091 4783//4783
f 4913//4913 5059//5059 4527//4527
f 4549//4549 5059//5059 4913//4913
f 4914//4914 5060//5060 4530//4530
f 4550//4550 5060//5060 4914//4914
f 4366//4366 5246//5246 4756//4756
f 4758//4758 5192//5192 4589//4589
f 894//894 5080//5080 895//895
f 884//884 5081//5081 885//885
f 4499//4499 4997//4997 4809//4809
f 5215//5215 5253//5253 4440//4440
f 842//842 5274//5274 843//843
f 4514//4514 5045//5045 4985//4985
f 4985//4985 5045//5045 4561//4561
f 4539//4539 5051//5051 4889//4889
f 4889//4889 5051//5051 4400//4400
f 862//862 5096//5096 863//863
f 4741//4741 5253//5253 5215//5215
f 4853//4853 4930//4930 4564//4564
f 4784//4784 5064//5064 922//922
f 4808//4808 5100//5100 4500//4500
f 4524//4524 5175//5175 4768//4768
f 4769//4769 5176//5176 4523//4523
f 4541//4541 5186//5186 4876//4876
f 4523//4523 5239//5239 4769//4769
f 4904//4904 5251//5251 4624//4624
f 4365//4365 5251//5251 4904//4904
f 695//695 5108//5108 694//694
f 701//701 5109//5109 700//700
f 5174//5174 5182//5182 4520//4520
f 4715//4715 5182//5182 5174//5174
f 4387//4387 5067//5067 4792//4792
f 4792//4792 5067//5067 4510//4510
f 4495//4495 4999//4999 4826//4826
f 836//836 5240//5240 835//835
f 4547//4547 4909//4909 4899//4899
f 4900//4900 4908//4908 4546//4546
f 4898//4898 4910//4910 4545//4545
f 926//926 5114//5114 927//927
f 924//924 5115//5115 925//925
f 905//905 5129//5129 906//906
f 879//879 5130//5130 880//880
f 4769//4769 5239//5239 652//652
f 693//693 5126//5126 692//692
f 688//688 5128//5128 687//687
f 686//686 5127//5127 685//685
f 4916//4916 5189//5189 4574//4574
f 697//697 5117//5117 696//696
f 699//699 5116//5116 698//698
f 657//657 5120//5120 656//656
f 630//630 5118//5118 629//629
f 889//889 5119//5119 890//890
f 619//619 5121//5121 618//618
f 625//625 5122//5122 624//624
f 4771//4771 5198//5198 4449//4449
f 4937//4937 5068//5068 4383//4383
f 4917//4917 5183//5183 4575//4575
f 5103//5103 5210//5210 4536//4536
f 4385//4385 5211//5211 4814//4814
f 4814//4814 5211//5211 4548//4548
f 4771//4771 5213//5213 864//864
f 4829//4829 5009//5009 4553//4553
f 4554//4554 5010//5010 4830//4830
f 4552//4552 5009//5009 4829//4829
f 4830//4830 5010//5010 4551//4551
f 4958//4958 5095//5095 4568//4568
f 4367//4367 5095//5095 4958//4958
f 5224//5224 5225//5225 4443//4443
f 4747//4747 5225//5225 5224//5224
f 713//713 5266//5266 714//714
f 4613//4613 5211//5211 5012//5012
f 4509//4509 5072//5072 4793//4793
f 4793//4793 5072//5072 4374//4374
f 838//838 5238//5238 839//839
f 4387//4387 5135//5135 5067//5067
f 5068//5068 5134//5134 4383//4383
f 4846//4846 5066//5066 4561//4561
f 4874//4874 5207//5207 4683//4683
f 4875//4875 5208//5208 4682//4682
f 4873//4873 5206//5206 4681//4681
f 4536//4536 5210//5210 5033//5033
f 4382//4382 5082//5082 4800//4800
f 4492//4492 4908//4908 4900//4900
f 4493//4493 4910//4910 4898//4898
f 4899//4899 4909//4909 4494//4494
f 875//875 5161//5161 876//876
f 638//638 5162//5162 637//637
f 901//901 5163//5163 902//902
f 5148//5148 5216//5216 4515//4515
f 4373//4373 5050//5050 4819//4819
f 4800//4800 5082//5082 4506//4506
f 708//708 5220//5220 709//709
f 4553//4553 5226//5226 5116//5116
f 5117//5117 5227//5227 4554//4554
f 4436//4436 4966//4966 4869//4869
f 5214//5214 5235//5235 4744//4744
f 4442//4442 5235//5235 5214//5214
f 4610//4610 4998//4998 4864//4864
f 4864//4864 4998//4998 4388//4388
f 641//641 5270//5270 640//640
f 872//872 5269//5269 873//873
f 4798//4798 5255//5255 4381//4381
f 4794//4794 5257//5257 4378//4378
f 4797//4797 5258//5258 4375//4375
f 4507//4507 5256//5256 4799//4799
f 21//21 5273//5273 706//706
f 830//830 5273//5273 21//21
f 4501//4501 5199//5199 4871//4871
f 675//675 5233//5233 674//674
f 649//649 5234//5234 648//648
f 4779//4779 5141//5141 4620//4620
f 920//920 5249//5249 921//921
f 841//841 5070//5070 4828//4828
f 634//634 5261//5261 633//633
f 706//706 5275//5275 705//705
f 5140//5140 5186//5186 4541//4541
f 4540//4540 5144//5144 4915//4915
f 4790//4790 5240//5240 836//836
f 4357//4357 5245//5245 4776//4776
f 4992//4992 5186//5186 4406//4406
f 4614//4614 5186//5186 4992//4992
f 4441//4441 5237//5237 5236//5236
f 5236//5236 5237//5237 4743//4743
f 4625//4625 5230//5230 4977//4977
f 4977//4977 5230//5230 4451//4451
f 4907//4907 5101//5101 4565//4565
f 4430//4430 5227//5227 5226//5226
f 5226//5226 5227//5227 4735//4735
f 4543//4543 5202//5202 4827//4827
f 4827//4827 5202//5202 4454//4454
f 4374//4374 5072//5072 4824//4824
f 4884//4884 5241//5241 4504//4504
f 5093//5093 5164//5164 4557//4557
f 4652//4652 5164//5164 5093//5093
f 4559//4559 5166//5166 5094//5094
f 5092//5092 5165//5165 4653//4653
f 5094//5094 5166//5166 4654//4654
f 4558//4558 5165//5165 5092//5092
f 642//642 5106//5106 4802//4802
f 871//871 5107//5107 4803//4803
f 4405//4405 5179//5179 4976//4976
f 4976//4976 5179//5179 4604//4604
f 4847//4847 5097//5097 711//711
f 4398//4398 5100//5100 4808//4808
f 4571//4571 4997//4997 4990//4990
f 4990//4990 4997//4997 4499//4499
f 4586//4586 5124//5124 4929//4929
f 4929//4929 5124//5124 4555//4555
f 4852//4852 5149//5149 4368//4368
f 4539//4539 5149//5149 4852//4852
f 4557//4557 5236//5236 5128//5128
f 5127//5127 5237//5237 4558//4558
f 5126//5126 5235//5235 4559//4559
f 4791//4791 5232//5232 4403//4403
f 4972//4972 5170//5170 857//857
f 847//847 5169//5169 4973//4973
f 5109//5109 5215//5215 4552//4552
f 4551//4551 5214//5214 5108//5108
f 4928//4928 4984//4984 4563//4563
f 4927//4927 4983//4983 4389//4389
f 4562//4562 4983//4983 4927//4927
f 4390//4390 4984//4984 4928//4928
f 4990//4990 5102//5102 4571//4571
f 4352//4352 5102//5102 4990//4990
f 4487//4487 5221//5221 5016//5016
f 4821//4821 5178//5178 4464//4464
f 4544//4544 5178//5178 4821//4821
f 4463//4463 5101//5101 4820//4820
f 5173//5173 5178//5178 4544//4544
f 4903//4903 4991//4991 4581//4581
f 4391//4391 4991//4991 4903//4903
f 4832//4832 5089//5089 4496//4496
f 4833//4833 5088//5088 4498//4498
f 4834//4834 5087//5087 4497//4497
f 4840//4840 5082//5082 4382//4382
f 4852//4852 5051//5051 4539//4539
f 4630//4630 5209//5209 5140//5140
f 4688//4688 5168//5168 4812//4812
f 4555//4555 5115//5115 4929//4929
f 4929//4929 5115//5115 924//924
f 4555//4555 5225//5225 5115//5115
f 5114//5114 5224//5224 4556//4556
f 843//843 5274//5274 4843//4843
f 4689//4689 5171//5171 4813//4813
f 4819//4819 5216//5216 4373//4373
f 844//844 5177//5177 4837//4837
f 4845//4845 5091//5091 4471//4471
f 4895//4895 5018//5018 4489//4489
f 4837//4837 5177//5177 4535//4535
f 4850//4850 5076//5076 4585//4585
f 4513//4513 5255//5255 4798//4798
f 4797//4797 5254//5254 4478//4478
f 4799//4799 5256//5256 4380//4380
f 4511//4511 5257//5257 4794//4794
f 4505//4505 5258//5258 4797//4797
f 4455//4455 5155//5155 4822//4822
f 4450//4450 5187//5187 5023//5023
f 5023//5023 5187//5187 4609//4609
f 4804//4804 5212//5212 4542//4542
f 4568//4568 4999//4999 4958//4958
f 4958//4958 4999//4999 4495//4495
f 5273//5273 5275//5275 706//706
f 4751//4751 5275//5275 5273//5273
f 690//690 5065//5065 4878//4878
f 4381//4381 5172//5172 4823//4823
f 4848//4848 5231//5231 4375//4375
f 4359//4359 5112//5112 5061//5061
f 5061//5061 5112//5112 4581//4581
f 4456//4456 5183//5183 4823//4823
f 4400//4400 5051//5051 4897//4897
f 4515//4515 5216//5216 4819//4819
f 4457//4457 5189//5189 4825//4825
f 4454//4454 5202//5202 4824//4824
f 4522//4522 5172//5172 5029//5029
f 4458//4458 5259//5259 5104//5104
f 5104//5104 5259//5259 4667//4667
f 4863//4863 5151//5151 4408//4408
f 4862//4862 5150//5150 4409//4409
f 4861//4861 5152//5152 4407//4407
f 4630//4630 5140//5140 4955//4955
f 5098//5098 5188//5188 666//666
f 5044//5044 5203//5203 4612//4612
f 4413//4413 5203//5203 5044//5044
f 4827//4827 5205//5205 4543//4543
f 5056//5056 5195//5195 4459//4459
f 5055//5055 5196//5196 4621//4621
f 4460//4460 5196//5196 5055//5055
f 4620//4620 5195//5195 5056//5056
f 4382//4382 5173//5173 4840//4840
f 4892//4892 5175//5175 4524//4524
f 5140//5140 5209//5209 4406//4406
f 4410//4410 5141//5141 4901//4901
f 4535//4535 5177//5177 4843//4843
f 4604//4604 5179//5179 4843//4843
f 4449//4449 5208//5208 5079//5079
f 5079//5079 5208//5208 4629//4629
f 4623//4623 5252//5252 5036//5036
f 5036//5036 5252//5252 4446//4446
f 4849//4849 5154//5154 4378//4378
f 668//668 5190//5190 4842//4842
f 4915//4915 5272//5272 4540//4540
f 4557//4557 5164//5164 4943//4943
f 4943//4943 5164//5164 4400//4400
f 4898//4898 5147//5147 4493//4493
f 835//835 5240//5240 4839//4839
f 4613//4613 5261//5261 5017//5017
f 5017//5017 5261//5261 634//634
f 4544//4544 5265//5265 4838//4838
f 4590//4590 5135//5135 5057//5057
f 5058//5058 5134//5134 4591//4591
f 4375//4375 5231//5231 4893//4893
f 4493//4493 5147//5147 4948//4948
f 4692//4692 5223//5223 4940//4940
f 4691//4691 5222//5222 4941//4941
f 4876//4876 5220//5220 4541//4541
f 4464//4464 5178//5178 4853//4853
f 5083//5083 5179//5179 4405//4405
f 5024//5024 5264//5264 4503//4503
f 839//839 5238//5238 4868//4868
f 4967//4967 5198//5198 4537//4537
f 4843//4843 5274//5274 4604//4604
f 4519//4519 5181//5181 4894//4894
f 4520//4520 5182//5182 4893//4893
f 4517//4517 5146//5146 4995//4995
f 4518//4518 5145//5145 4996//4996
f 4949//4949 5134//5134 4525//4525
f 4526//4526 5135//5135 4950//4950
f 4867//4867 5249//5249 920//920
f 4602//4602 5249//5249 4867//4867
f 4763//4763 5191//5191 4918//4918
f 4870//4870 5155//5155 4606//4606
f 4883//4883 5266//5266 713//713
f 4914//4914 5130//5130 879//879
f 4913//4913 5129//5129 905//905
f 4950//4950 5228//5228 4534//4534
f 4856//4856 5184//5184 4364//4364
f 4764//4764 5194//5194 4922//4922
f 4762//4762 5193//5193 4923//4923
f 4852//4852 5221//5221 4487//4487
f 4529//4529 5201//5201 4949//4949
f 4527//4527 5129//5129 4913//4913
f 4530//4530 5130//5130 4914//4914
f 709//709 5220//5220 4876//4876
f 4547//4547 5219//5219 4909//4909
f 4623//4623 5151//5151 4905//4905
f 4624//4624 5150//5150 4904//4904
f 4622//4622 5152//5152 4906//4906
f 4570//4570 5197//5197 4867//4867
f 5020//5020 5267//5267 4531//4531
f 4383//4383 5134//5134 4949//4949
f 4950//4950 5135//5135 4387//4387
f 4876//4876 5186//5186 4614//4614
f 4411//4411 5192//5192 5018//5018
f 5083//5083 5084//5084 4535//4535
f 4573//4573 5084//5084 5083//5083
f 4871//4871 5199//5199 4422//4422
f 4955//4955 5140//5140 4541//4541
f 4899//4899 5168//5168 4371//4371
f 4854//4854 5271//5271 4466//4466
f 705//705 5275//5275 4855//4855
f 4948//4948 5147//5147 4560//4560
f 4868//4868 5238//5238 4584//4584
f 4908//4908 5171//5171 4372//4372
f 4545//4545 5217//5217 4898//4898
f 4898//4898 5217//5217 4394//4394
f 4546//4546 5218//5218 4900//4900
f 4900//4900 5218//5218 4393//4393
f 5057//5057 5135//5135 4526//4526
f 4525//4525 5134//5134 5058//5058
f 4540//4540 5272//5272 5110//5110
f 4909//4909 5219//5219 4395//4395
f 5074//5074 5174//5174 4520//4520
f 5063//5063 5210//5210 4392//4392
f 4594//4594 5210//5210 5063//5063
f 5090//5090 5103//5103 4607//4607
f 4942//4942 5235//5235 4442//4442
f 4944//4944 5237//5237 4441//4441
f 4559//4559 5235//5235 4942//4942
f 4558//4558 5237//5237 4944//4944
f 4707//4707 5272//5272 4915//4915
f 4429//4429 5241//5241 4884//4884
f 4918//4918 5191//5191 4548//4548
f 4536//4536 5253//5253 5019//5019
f 4923//4923 5193//5193 4549//4549
f 4922//4922 5194//5194 4550//4550
f 5247//5247 5260//5260 4580//4580
f 4973//4973 5169//5169 4519//4519
f 4521//4521 5170//5170 4972//4972
f 4893//4893 5231//5231 4520//4520
f 4949//4949 5201//5201 4383//4383
f 4412//4412 5204//5204 4968//4968
f 4968//4968 5204//5204 4672//4672
f 4584//4584 5266//5266 4883//4883
f 4891//4891 5248//5248 4355//4355
f 4492//4492 5247//5247 4890//4890
f 4392//4392 5103//5103 5090//5090
f 4611//4611 5263//5263 5204//5204
f 5204//5204 5263//5263 4672//4672
f 5203//5203 5262//5262 4612//4612
f 4671//4671 5262//5262 5203//5203
f 5033//5033 5253//5253 4536//4536
f 4531//4531 5267//5267 5138//5138
f 4541//4541 5220//5220 5062//5062
f 4963//4963 5224//5224 4443//4443
f 4443//4443 5225//5225 4962//4962
f 4556//4556 5224//5224 4963//4963
f 4962//4962 5225//5225 4555//4555
f 4393//4393 5260//5260 4900//4900
f 4442//4442 5214//5214 4964//4964
f 4964//4964 5214//5214 4551//4551
f 4552//4552 5215//5215 4965//4965
f 4965//4965 5215//5215 4440//4440
f 692//692 5126//5126 5094//5094
f 685//685 5127//5127 5092//5092
f 5093//5093 5128//5128 688//688
f 4941//4941 5222//5222 4467//4467
f 4940//4940 5223//5223 4468//4468
f 5110//5110 5111//5111 4540//4540
f 4589//4589 5111//5111 5110//5110
f 4387//4387 5228//5228 4950//4950
f 5094//5094 5126//5126 4559//4559
f 4557//4557 5128//5128 5093//5093
f 5092//5092 5127//5127 4558//4558
f 4395//4395 5268//5268 4909//4909
f 4576//4576 5243//5243 5037//5037
f 5037//5037 5243//5243 4407//4407
f 5054//5054 5246//5246 4366//4366
f 4582//4582 5246//5246 5054//5054
f 4406//4406 5186//5186 5140//5140
f 640//640 5270//5270 4996//4996
f 873//873 5269//5269 4995//4995
f 4392//4392 5210//5210 5103//5103
f 5012//5012 5211//5211 4385//4385
f 5111//5111 5192//5192 4411//4411
f 4589//4589 5192//5192 5111//5111
f 4440//4440 5253//5253 5033//5033
f 5033//5033 5210//5210 4594//4594
f 5160//5160 5185//5185 4350//4350
f 4534//4534 5228//5228 5136//5136
f 5136//5136 5228//5228 4695//4695
f 5073//5073 5239//5239 4523//4523
f 4403//4403 5232//5232 5166//5166
f 4995//4995 5269//5269 4587//4587
f 4996//4996 5270//5270 4588//4588
f 5019//5019 5253//5253 4741//4741
f 5196//5196 5200//5200 4621//4621
f 4569//4569 5200//5200 5196//5196
f 5062//5062 5220//5220 708//708
f 4389//4389 5267//5267 5020//5020
f 4533//4533 5188//5188 5098//5098
f 5156//5156 5201//5201 4529//4529
f 4572//4572 5185//5185 5160//5160
f 5123//5123 5238//5238 838//838
f 4584//4584 5238//5238 5123//5123
f 4723//4723 5201//5201 5156//5156
f 5131//5131 5243//5243 4712//4712
f 5133//5133 5244//5244 4713//4713
f 5132//5132 5242//5242 4711//4711
f 4407//4407 5243//5243 5131//5131
f 4409//4409 5242//5242 5132//5132
f 4408//4408 5244//5244 5133//5133
f 5123//5123 5266//5266 4584//4584
f 714//714 5266//5266 5123//5123
f 5110//5110 5272//5272 4425//4425
f 5166//5166 5232//5232 4654//4654
f 5138//5138 5267//5267 4701//4701
f 4601//4601 5230//5230 5229//5229
f 5229//5229 5230//5230 4625//4625