# https://github.com/mikedh/trimesh
v 0.00000000 188.41250000 4.00000000
v 0.00000000 188.91250000 3.50000000
v 0.00000000 -188.91250000 3.50000000
v 0.00000000 -188.41250000 4.00000000
v 3.12732600 188.41250000 2.49395900
v 3.89971200 188.41250000 -0.89008400
v 1.73553500 188.41250000 -3.60387500
v -1.73553500 188.41250000 -3.60387500
v -3.89971200 188.41250000 -0.89008400
v -3.12732600 188.41250000 2.49395900
v 0.00000000 188.76067500 3.84817500
v 3.03108900 188.91250000 1.75000000
v 3.03108900 188.91250000 -1.75000000
v 0.00000000 188.91250000 -3.50000000
v -3.03108900 188.91250000 -1.75000000
v -3.03108900 188.91250000 1.75000000
v 3.03108900 -188.91250000 1.75000000
v 3.03108900 -188.91250000 -1.75000000
v 0.00000000 -188.91250000 -3.50000000
v -3.03108900 -188.91250000 -1.75000000
v -3.03108900 -188.91250000 1.75000000
v 0.00000000 -188.76067500 3.84817500
v 3.12732600 -188.41250000 2.49395900
v 3.89971200 -188.41250000 -0.89008400
v 1.73553500 -188.41250000 -3.60387500
v -1.73553500 -188.41250000 -3.60387500
v -3.89971200 -188.41250000 -0.89008400
v -3.12732600 -188.41250000 2.49395900
v -0.00000000 -184.64425000 4.00000000
v -0.00000000 -180.87600000 4.00000000
v -0.00000000 -177.10775000 4.00000000
v -0.00000000 -173.33950000 4.00000000
v -0.00000000 -169.57125000 4.00000000
v -0.00000000 -165.80300000 4.00000000
v -0.00000000 -162.03475000 4.00000000
v -0.00000000 -158.26650000 4.00000000
v -0.00000000 -154.49825000 4.00000000
v -0.00000000 -150.73000000 4.00000000
v -0.00000000 -146.96175000 4.00000000
v -0.00000000 -143.19350000 4.00000000
v -0.00000000 -139.42525000 4.00000000
v -0.00000000 -135.65700000 4.00000000
v -0.00000000 -131.88875000 4.00000000
v -0.00000000 -128.12050000 4.00000000
v -0.00000000 -124.35225000 4.00000000
v -0.00000000 -120.58400000 4.00000000
v -0.00000000 -116.81575000 4.00000000
v -0.00000000 -113.04750000 4.00000000
v -0.00000000 -109.27925000 4.00000000
v -0.00000000 -105.51100000 4.00000000
v -0.00000000 -101.74275000 4.00000000
v -0.00000000 -97.97450000 4.00000000
v -0.00000000 -94.20625000 4.00000000
v -0.00000000 -90.43800000 4.00000000
v -0.00000000 -86.66975000 4.00000000
v -0.00000000 -82.90150000 4.00000000
v -0.00000000 -79.13325000 4.00000000
v -0.00000000 -75.36500000 4.00000000
v -0.00000000 -71.59675000 4.00000000
v -0.00000000 -67.82850000 4.00000000
v -0.00000000 -64.06025000 4.00000000
v -0.00000000 -60.29200000 4.00000000
v -0.00000000 -56.52375000 4.00000000
v -0.00000000 -52.75550000 4.00000000
v -0.00000000 -48.98725000 4.00000000
v -0.00000000 -45.21900000 4.00000000
v -0.00000000 -41.45075000 4.00000000
v -0.00000000 -37.68250000 4.00000000
v -0.00000000 -33.91425000 4.00000000
v -0.00000000 -30.14600000 4.00000000
v -0.00000000 -26.37775000 4.00000000
v -0.00000000 -22.60950000 4.00000000
v -0.00000000 -18.84125000 4.00000000
v -0.00000000 -15.07300000 4.00000000
v -0.00000000 -11.30475000 4.00000000
v -0.00000000 -7.53650000 4.00000000
v -0.00000000 -3.76825000 4.00000000
v -0.00000000 -0.00000000 4.00000000
v -0.00000000 3.76825000 4.00000000
v -0.00000000 7.53650000 4.00000000
v -0.00000000 11.30475000 4.00000000
v -0.00000000 15.07300000 4.00000000
v -0.00000000 18.84125000 4.00000000
v -0.00000000 22.60950000 4.00000000
v -0.00000000 26.37775000 4.00000000
v -0.00000000 30.14600000 4.00000000
v -0.00000000 33.91425000 4.00000000
v -0.00000000 37.68250000 4.00000000
v -0.00000000 41.45075000 4.00000000
v -0.00000000 45.21900000 4.00000000
v -0.00000000 48.98725000 4.00000000
v -0.00000000 52.75550000 4.00000000
v -0.00000000 56.52375000 4.00000000
v -0.00000000 60.29200000 4.00000000
v -0.00000000 64.06025000 4.00000000
v -0.00000000 67.82850000 4.00000000
v -0.00000000 71.59675000 4.00000000
v -0.00000000 75.36500000 4.00000000
v -0.00000000 79.13325000 4.00000000
v -0.00000000 82.90150000 4.00000000
v -0.00000000 86.66975000 4.00000000
v -0.00000000 90.43800000 4.00000000
v -0.00000000 94.20625000 4.00000000
v -0.00000000 97.97450000 4.00000000
v -0.00000000 101.74275000 4.00000000
v -0.00000000 105.51100000 4.00000000
v -0.00000000 109.27925000 4.00000000
v -0.00000000 113.04750000 4.00000000
v -0.00000000 116.81575000 4.00000000
v -0.00000000 120.58400000 4.00000000
v -0.00000000 124.35225000 4.00000000
v -0.00000000 128.12050000 4.00000000
v -0.00000000 131.88875000 4.00000000
v -0.00000000 135.65700000 4.00000000
v -0.00000000 139.42525000 4.00000000
v -0.00000000 143.19350000 4.00000000
v -0.00000000 146.96175000 4.00000000
v -0.00000000 150.73000000 4.00000000
v -0.00000000 154.49825000 4.00000000
v -0.00000000 158.26650000 4.00000000
v -0.00000000 162.03475000 4.00000000
v -0.00000000 165.80300000 4.00000000
v -0.00000000 169.57125000 4.00000000
v -0.00000000 173.33950000 4.00000000
v -0.00000000 177.10775000 4.00000000
v -0.00000000 180.87600000 4.00000000
v -0.00000000 184.64425000 4.00000000
v 1.46136600 188.76605300 3.56571000
v -1.46136600 188.76605300 3.56571000
v -1.46136600 -188.76605300 3.56571000
v 1.46136600 -188.76605300 3.56571000
v -0.00000000 -0.00000000 -4.00000000
v -3.07150000 -108.60068000 2.56239800
v 3.07150000 108.60068000 2.56239800
v 1.64034500 -118.71429000 3.64818700
v -1.64034500 118.71429000 3.64818700
v 2.61948700 -63.74735300 -3.02296000
v 0.52685200 -102.12418300 -3.96515200
v -3.97349100 -103.49644500 0.45975000
v -0.52685200 102.12418300 -3.96515200
v -2.61948700 63.74735300 -3.02296000
v 3.97349100 103.49644500 0.45975000
v 3.99707100 -88.24707000 -0.15305200
v -0.26821500 -85.18559800 -3.99099700
v -3.70685000 -84.53958200 -1.50308500
v -3.99707100 88.24707000 -0.15305200
v 0.26821500 85.18559800 -3.99099700
v 3.70685000 84.53958200 -1.50308500
v -3.96912200 -82.14670500 0.49605400
v 3.96912200 82.14670500 0.49605400
v -3.96800200 -110.53546200 0.50493500
v 3.96800200 110.53546200 0.50493500
v -2.26602900 51.42510400 3.29622700
v 2.26602900 -51.42510400 3.29622700
v 3.59823000 -138.80337700 1.74720900
v -3.59823000 138.80337700 1.74720900
v -2.25008400 -68.02924100 3.30713200
v -1.81807700 67.35994400 3.56294800
v 2.25008400 68.02924100 3.30713200
v 1.81807700 -67.35994400 3.56294800
v -1.68707100 152.43309400 3.62681500
v 1.68707100 -152.43309400 3.62681500
v -2.80666600 -110.92429300 -2.85002200
v 2.80666600 110.92429300 -2.85002200
v -0.56833100 -126.21614600 -3.95941900
v 0.56833100 126.21614600 -3.95941900
v 1.95096000 -127.75173200 -3.49195600
v -1.95096000 127.75173200 -3.49195600
v -3.78955200 -126.50976500 -1.28035100
v 3.78955200 126.50976500 -1.28035100
v 1.15779100 -46.01469200 -3.82877500
v -1.15779100 46.01469200 -3.82877500
v 3.25473400 -44.93925100 -2.32523300
v -3.25473400 44.93925100 -2.32523300
v 3.82258500 47.36869200 -1.17806600
v -3.82258500 -47.36869200 -1.17806600
v 3.60828400 -40.21345800 1.72635000
v -3.60828400 40.21345800 1.72635000
v 3.05542400 43.48901400 2.58154600
v -3.05542400 -43.48901400 2.58154600
v 3.98841400 -27.72956400 -0.30422100
v -3.98841400 27.72956400 -0.30422100
v 3.98417100 -34.41086600 0.35550400
v -3.98417100 34.41086600 0.35550400
v -2.36164400 -124.24026600 3.22841100
v 2.36164400 124.24026600 3.22841100
v -2.86720000 -159.97189200 2.78911500
v 2.86720000 159.97189200 2.78911500
v -1.76014600 34.51728900 3.59192000
v 1.76014600 -34.51728900 3.59192000
v -3.28435100 -75.76093100 2.28320800
v 3.28435100 75.76093100 2.28320800
v 3.53711800 -168.31614800 1.86783300
v -3.53711800 168.31614800 1.86783300
v -1.43814900 -62.91803400 3.73252300
v 1.43814900 62.91803400 3.73252300
v 2.11379000 -92.26893400 3.39586400
v -2.11379000 92.26893400 3.39586400
v -2.89160100 -87.63919600 2.76381000
v 2.89160100 87.63919600 2.76381000
v -1.54399300 -70.52615900 3.68999800
v -1.79233400 71.12181500 3.57596700
v 1.54399300 70.52615900 3.68999800
v 1.79233400 -71.12181500 3.57596700
v -1.99994900 -91.25897800 3.46413100
v -1.13228000 90.90494500 3.83639700
v 1.99994900 91.25897800 3.46413100
v 1.13228000 -90.90494500 3.83639700
v 2.06599000 -100.17425700 3.42515500
v -2.06599000 100.17425700 3.42515500
v -3.16151100 -83.72183500 2.45047900
v 3.16151100 83.72183500 2.45047900
v -1.63644500 -85.08498800 3.64993800
v -1.38534800 85.92531300 3.75244100
v 1.63644500 85.08498800 3.64993800
v 1.38534800 -85.92531300 3.75244100
v -1.41338100 -102.30480200 3.74197200
v 1.41338100 102.30480200 3.74197200
v -1.97617100 -114.97990600 3.47775100
v 1.97617100 114.97990600 3.47775100
v -1.90246600 -141.25152600 3.51861100
v 1.90246600 141.25152600 3.51861100
v 2.58607900 -155.81796200 3.05158900
v -2.20827000 -156.23028500 3.33519800
v -2.58607900 155.81796200 3.05158900
v 2.20827000 156.23028500 3.33519800
v 3.84845600 -80.00742800 1.09058800
v -3.84845600 80.00742800 1.09058800
v 3.29169200 -68.94822900 2.27261100
v -3.29169200 68.94822900 2.27261100
v 3.87199400 -142.53822600 -1.00382500
v -3.87199400 142.53822600 -1.00382500
v -1.58054800 -143.05273000 -3.67448900
v 1.58054800 143.05273000 -3.67448900
v 1.58800300 -143.44353500 -3.67127300
v -1.58800300 143.44353500 -3.67127300
v -3.33755300 -144.38044700 2.20470900
v 3.33755300 144.38044700 2.20470900
v 1.85204800 -33.16704900 -3.54540800
v -1.85204800 33.16704900 -3.54540800
v 3.88270400 -71.99113200 -0.96156700
v -3.88270400 71.99113200 -0.96156700
v 2.46924800 21.45306500 -3.14687400
v -2.46924800 -21.45306500 -3.14687400
v 3.87312700 19.65434200 -0.99944300
v -3.87312700 -19.65434200 -0.99944300
v -3.92911700 -86.31899100 0.74969200
v 3.92911700 86.31899100 0.74969200
v 2.67501500 29.33861700 -2.97393600
v -2.67501500 -29.33861700 -2.97393600
v 3.37142000 -26.44355000 -2.15256300
v -3.37142000 26.44355000 -2.15256300
v 3.54646900 -85.62208100 -1.85001500
v -3.54646900 85.62208100 -1.85001500
v -2.46794500 -86.88256900 -3.14789500
v 2.46794500 86.88256900 -3.14789500
v 3.95460100 -165.79973400 0.60094300
v -3.95460100 165.79973400 0.60094300
v -3.25851300 -168.69488200 -2.31993400
v 3.25851300 168.69488200 -2.31993400
v 2.49497100 -166.66172600 -3.12651900
v -2.49497100 166.66172600 -3.12651900
v -3.94054900 -106.97376500 0.68707500
v 3.94054900 106.97376500 0.68707500
v 2.37680800 -42.14567600 -3.21726300
v -2.37680800 42.14567600 -3.21726300
v 1.56108700 -123.40031700 -3.68279900
v -1.56108700 123.40031700 -3.68279900
v -1.24189100 -121.90267000 -3.80232900
v 1.24189100 121.90267000 -3.80232900
v 3.29946400 -120.10167100 -2.26131400
v -3.29946400 120.10167100 -2.26131400
v 2.03664100 -3.85109900 -3.44268700
v -2.03664100 3.85109900 -3.44268700
v 2.27950400 -74.62541000 -3.28692300
v -2.27950400 74.62541000 -3.28692300
v 3.99811800 -46.51450100 -0.12269600
v -3.99811800 46.51450100 -0.12269600
v 3.58827500 13.09134800 1.76756400
v -3.58827500 -13.09134800 1.76756400
v 2.40859400 -103.68530100 -3.19353600
v -2.40859400 103.68530100 -3.19353600
v -3.86570100 -45.31269600 1.02779200
v 3.86570100 45.31269600 1.02779200
v 0.91039600 -105.66119700 -3.89502000
v -0.91039600 105.66119700 -3.89502000
v -2.38430800 -107.74510700 -3.21170900
v 2.38430800 107.74510700 -3.21170900
v 2.83725300 -126.45513200 2.81957400
v -2.83725300 126.45513200 2.81957400
v 2.13835200 27.50345000 3.38045200
v -2.13835200 -27.50345000 3.38045200
v 2.36407200 -174.86934100 3.22663400
v -1.88375900 -174.86160500 3.52866200
v -2.36407200 174.86934100 3.22663400
v 1.88375900 174.86160500 3.52866200
v -1.55557300 30.57999700 3.68513100
v 1.55557300 -30.57999700 3.68513100
v 2.93510300 -85.69100500 2.71756700
v -2.93510300 85.69100500 2.71756700
v 2.29468200 -115.66475100 3.27634400
v -2.29468200 115.66475100 3.27634400
v -3.41694100 -116.28839600 2.07954700
v 3.41694100 116.28839600 2.07954700
v -1.68504200 -43.41768900 3.62775900
v -2.24949300 42.73202500 3.30753400
v 1.68504200 43.41768900 3.62775900
v 2.24949300 -42.73202500 3.30753400
v -2.63844200 -95.83730200 3.00643100
v 2.63844200 95.83730200 3.00643100
v -2.14976300 24.55301700 3.37320600
v 2.14976300 -24.55301700 3.37320600
v -2.18034500 -23.76303200 3.35352000
v 2.18034500 23.76303200 3.35352000
v -2.44703200 -55.40301800 3.16418000
v -1.76963000 54.68976400 3.58725600
v 2.44703200 55.40301800 3.16418000
v 1.76963000 -54.68976400 3.58725600
v -1.77400400 -73.70564300 3.58509600
v 1.77400400 73.70564300 3.58509600
v -2.41737900 -128.59270500 3.18689200
v 2.41737900 128.59270500 3.18689200
v -1.41067600 -65.51112200 3.74299300
v 1.41067600 65.51112200 3.74299300
v -2.26189200 14.75960800 3.29906700
v 2.26189200 -14.75960800 3.29906700
v -2.39029700 -15.77221600 3.20725500
v 2.39029700 15.77221600 3.20725500
v 3.87620300 -97.23586900 0.98744800
v -3.87620300 97.23586900 0.98744800
v 2.26214100 -141.06234400 3.29889700
v -2.76103300 -142.67196800 2.89425200
v -2.26214100 141.06234400 3.29889700
v 2.76103300 142.67196800 2.89425200
v -2.33616600 89.01599100 3.24689500
v 2.33616600 -89.01599100 3.24689500
v 2.65228100 -28.10877500 2.99422900
v -2.65228100 28.10877500 2.99422900
v -2.60342900 74.58433400 3.03680000
v 2.60342900 -74.58433400 3.03680000
v -1.98304900 -105.70746400 3.47383300
v 1.98304900 105.70746400 3.47383300
v 1.99927200 -149.31603100 3.46452200
v -1.99927200 149.31603100 3.46452200
v -2.11678300 137.25477800 3.39399900
v 2.11678300 -137.25477800 3.39399900
v 2.08785500 -83.19556900 -3.41187100
v -2.08785500 83.19556900 -3.41187100
v -1.17037800 -103.71083700 3.82494600
v 1.17037800 103.71083700 3.82494600
v -1.25731100 -125.65000900 3.79725800
v 1.25731100 125.65000900 3.79725800
v -2.65012200 95.88741200 2.99614000
v 2.65012200 -95.88741200 2.99614000
v 2.00279600 -133.51976800 3.46248600
v -1.88708300 -133.23996000 3.52688500
v -2.00279600 133.51976800 3.46248600
v 1.88708300 133.23996000 3.52688500
v -1.71154300 -166.37081700 -3.61533100
v 1.71154300 166.37081700 -3.61533100
v -3.99730300 -166.68557500 0.14685600
v 3.99730300 166.68557500 0.14685600
v -1.57396700 -169.23489900 -3.67731300
v 1.57396700 169.23489900 -3.67731300
v -3.91078400 -128.57692300 0.84009900
v 3.91078400 128.57692300 0.84009900
v 1.90537600 -0.67039200 -3.51703600
v -1.90537600 0.67039200 -3.51703600
v 3.98325800 31.33717200 -0.36558900
v -3.98325800 -31.33717200 -0.36558900
v 3.40829200 -131.04833900 2.09369200
v -3.40829200 131.04833900 2.09369200
v -1.08983400 -44.48678400 -3.84867000
v 1.08983400 44.48678400 -3.84867000
v 3.84365400 -172.34006800 1.10739700
v -3.84365400 172.34006800 1.10739700
v -1.53257800 -154.91914600 -3.69475400
v 1.53257800 154.91914600 -3.69475400
v -3.60474500 -156.62813900 -1.73372700
v 3.60474500 156.62813900 -1.73372700
v 3.97702300 -154.30805600 0.42812000
v -3.97702300 154.30805600 0.42812000
v 1.63596300 -139.80135500 -3.65015400
v -1.63596300 139.80135500 -3.65015400
v 3.52249200 -139.60500600 -1.89527000
v -3.52249200 139.60500600 -1.89527000
v -3.92793800 -139.06960100 -0.75584400
v 3.92793800 139.06960100 -0.75584400
v 3.99257500 70.07545400 0.24360900
v -3.99257500 -70.07545400 0.24360900
v 3.83265500 -50.32610000 1.14488100
v -3.83265500 50.32610000 1.14488100
v -3.99917000 -174.27493700 -0.08150000
v 3.99917000 174.27493700 -0.08150000
v 2.36039100 -131.95168500 -3.22932700
v -2.36039100 131.95168500 -3.22932700
v -0.22882700 -130.50022000 -3.99344900
v 0.22882700 130.50022000 -3.99344900
v 1.87973400 -49.97546900 -3.53080700
v -1.87973400 49.97546900 -3.53080700
v 2.63344400 37.70221700 -3.01080900
v -2.63344400 -37.70221700 -3.01080900
v 3.98068600 66.24813500 0.39260900
v -3.98068600 -66.24813500 0.39260900
v -3.81586500 -91.19934700 1.19965600
v 3.81586500 91.19934700 1.19965600
v 0.25258200 -62.99877300 -3.99201700
v -0.25258200 62.99877300 -3.99201700
v -3.57512500 -121.87508400 -1.79401300
v 3.57512500 121.87508400 -1.79401300
v 3.89139100 -122.16095500 0.92578400
v -3.89139100 122.16095500 0.92578400
v 2.47192200 -100.09188900 -3.14477300
v -2.47192200 100.09188900 -3.14477300
v 3.57566800 -109.89112800 1.79293000
v -3.57566800 109.89112800 1.79293000
v 3.50943800 -34.72419500 -1.91933500
v -3.50943800 34.72419500 -1.91933500
v -1.37633200 -112.76994500 -3.75575700
v 1.37633200 112.76994500 -3.75575700
v 3.51829400 -112.54130300 -1.90305200
v -3.51829400 112.54130300 -1.90305200
v 2.65978900 -95.66642800 -2.98756100
v -2.65978900 95.66642800 -2.98756100
v 3.54972700 -6.40014600 -1.84375700
v -3.54972700 6.40014600 -1.84375700
v -1.43211000 -96.51327000 -3.73484400
v 1.43211000 96.51327000 -3.73484400
v 3.67358800 -1.82519500 -1.58264000
v -3.67358800 1.82519500 -1.58264000
v 3.62286100 64.10949900 -1.69554700
v -3.62286100 -64.10949900 -1.69554700
v 3.48407500 5.10733100 -1.96499900
v -3.48407500 -5.10733100 -1.96499900
v 3.69540000 -160.83306200 -1.53101800
v -3.69540000 160.83306200 -1.53101800
v 0.50431300 -160.96313400 -3.96808100
v -0.50431300 160.96313400 -3.96808100
v -3.48148500 -160.81170000 -1.96958500
v 3.48148500 160.81170000 -1.96958500
v 2.40538600 -159.68573700 -3.19595400
v -2.40538600 159.68573700 -3.19595400
v -2.69393600 -57.88815900 -2.95680700
v 2.69393600 57.88815900 -2.95680700
v -2.50779500 -132.93619000 -3.11624200
v 2.50779500 132.93619000 -3.11624200
v 1.61484900 11.92023400 -3.65954400
v -1.61484900 -11.92023400 -3.65954400
v 2.94188900 -142.08140900 -2.71022000
v -2.94188900 142.08140900 -2.71022000
v 3.99993000 -140.06527000 -0.02363400
v -3.99993000 140.06527000 -0.02363400
v 3.99673700 -20.12567900 -0.16153900
v -3.99673700 20.12567900 -0.16153900
v -3.87349100 -134.97708800 -0.99803300
v 3.87349100 134.97708800 -0.99803300
v 3.71587400 -113.82082000 1.48063500
v -3.71587400 113.82082000 1.48063500
v -3.86682500 -147.47553500 1.02355600
v 3.86682500 147.47553500 1.02355600
v 3.75224600 -81.05699800 -1.38587400
v -3.75224600 81.05699800 -1.38587400
v 3.88130100 -49.63437200 -0.96721600
v -3.88130100 49.63437200 -0.96721600
v -0.39274900 -23.43707300 -3.98067200
v 0.39274900 23.43707300 -3.98067200
v -2.29192700 -147.66861800 3.27827300
v 2.29192700 147.66861800 3.27827300
v 3.50221900 20.25951700 1.93247600
v -3.50221900 -20.25951700 1.93247600
v -0.31934800 -49.43001000 -3.98723200
v 0.31934800 49.43001000 -3.98723200
v -3.76027400 -111.84549700 -1.36394200
v 3.76027400 111.84549700 -1.36394200
v 3.80993500 -56.47175200 -1.21835800
v -3.80993500 56.47175200 -1.21835800
v -3.94869800 -119.12029400 0.63858000
v 3.94869800 119.12029400 0.63858000
v 2.51555400 48.93868700 -3.10998200
v -2.51555400 -48.93868700 -3.10998200
v -0.07316000 -80.90741900 -3.99933100
v 0.07316000 80.90741900 -3.99933100
v 3.98957400 -111.19575600 -0.28861900
v -3.98957400 111.19575600 -0.28861900
v 3.38647300 -89.41961800 -2.12880200
v -3.38647300 89.41961800 -2.12880200
v -3.01494200 -141.13082300 -2.62871200
v 3.01494200 141.13082300 -2.62871200
v 2.69839400 45.52073200 -2.95274000
v -2.69839400 -45.52073200 -2.95274000
v 0.45529900 -98.15642400 -3.97400300
v -0.45529900 98.15642400 -3.97400300
v 3.59792900 24.09556900 1.74782900
v -3.59792900 -24.09556900 1.74782900
v -3.16972300 -96.49758100 -2.43984800
v 3.16972300 96.49758100 -2.43984800
v 1.17104700 2.06828900 -3.82474200
v -1.17104700 -2.06828900 -3.82474200
v 0.03591700 -76.73239700 -3.99983900
v -0.03591700 76.73239700 -3.99983900
v -3.27289300 -172.14566300 2.29960300
v 3.27289300 172.14566300 2.29960300
v 3.58888600 -102.13008500 -1.76632400
v -3.58888600 102.13008500 -1.76632400
v 3.84949800 48.96919800 1.08690700
v -3.84949800 -48.96919800 1.08690700
v 3.24685300 -115.71691800 -2.33622500
v -3.24685300 115.71691800 -2.33622500
v 1.92023700 -167.27466900 3.50894400
v -2.03711200 -168.80391700 3.44240800
v -1.92023700 167.27466900 3.50894400
v 2.03711200 168.80391700 3.44240800
v 3.98750500 -137.05217400 -0.31592200
v -3.98750500 137.05217400 -0.31592200
v -2.70735700 -51.17977300 2.94452400
v 2.70735700 51.17977300 2.94452400
v -2.73896300 -31.56299800 2.91514700
v -0.84857200 32.28938400 3.90895500
v 2.73896300 31.56299800 2.91514700
v 0.84857200 -32.28938400 3.90895500
v -2.79536200 -164.94834200 2.86111000
v 2.79536200 164.94834200 2.86111000
v 3.17124100 -164.83751200 2.43787400
v -3.17124100 164.83751200 2.43787400
v 2.20783800 -170.95182900 3.33548400
v -2.20783800 170.95182900 3.33548400
v -2.51817300 9.97251900 3.10786200
v 2.51817300 -9.97251900 3.10786200
v -2.13531600 -11.04300200 3.38237000
v 2.13531600 11.04300200 3.38237000
v -1.76529400 -111.11120800 3.58939200
v 1.76529400 111.11120800 3.58939200
v -2.07081300 -100.47059900 3.42224100
v 2.07081300 100.47059900 3.42224100
v 2.22685600 -78.89633200 -3.32281700
v -2.22685600 78.89633200 -3.32281700
v -2.63368200 5.57907000 3.01060100
v 2.63368200 -5.57907000 3.01060100
v -2.14737100 57.95450900 3.37472900
v 2.14737100 -57.95450900 3.37472900
v 3.25857200 -151.80606300 2.31985000
v -3.25857200 151.80606300 2.31985000
v 2.59057800 -145.37062200 3.04777100
v -2.59057800 145.37062200 3.04777100
v -3.50569400 -68.10785800 1.92616400
v 3.50569400 68.10785800 1.92616400
v -1.54514900 -171.74438700 3.68951400
v 1.54514900 171.74438700 3.68951400
v -3.19831300 -71.45968600 2.40224800
v 3.19831300 71.45968600 2.40224800
v 0.34136400 -55.07354200 -3.98540700
v -0.34136400 55.07354200 -3.98540700
v -2.39805000 -59.99807900 3.20146100
v 2.39805000 59.99807900 3.20146100
v 2.53511900 -160.88981000 3.09405400
v -2.53511900 160.88981000 3.09405400
v -3.32611900 -112.70724900 2.22192200
v 3.32611900 112.70724900 2.22192200
v 2.50680200 -112.19805400 3.11704100
v -2.50680200 112.19805400 3.11704100
v -3.19438100 64.83248700 2.40747300
v 3.19438100 -64.83248700 2.40747300
v -2.97333000 -64.71260800 2.67568800
v 2.97333000 64.71260800 2.67568800
v -2.04236500 38.81526000 3.43929400
v 2.04236500 -38.81526000 3.43929400
v -3.26579600 -79.76516500 2.30967000
v 3.26579600 79.76516500 2.30967000
v -2.41249300 -137.16234600 3.19059200
v 2.41249300 137.16234600 3.19059200
v -1.64916800 -19.76849600 3.64420700
v 1.64916800 19.76849600 3.64420700
v 1.79413800 -60.70320200 -3.57506200
v -1.79413800 60.70320200 -3.57506200
v 2.99486700 -81.89733200 2.65156100
v -2.99486700 81.89733200 2.65156100
v -1.82192900 -77.51448700 3.56097900
v -2.46313300 78.21717100 3.15166200
v 1.82192900 77.51448700 3.56097900
v 2.46313300 -78.21717100 3.15166200
v 2.20704500 -154.23077400 -3.33600900
v -2.20704500 154.23077400 -3.33600900
v -2.39359300 -119.88662500 3.20479500
v 2.39359300 119.88662500 3.20479500
v 3.18503000 -118.67031900 2.41983200
v -3.18503000 118.67031900 2.41983200
v -1.77642200 -81.35353700 3.58389800
v -1.62266300 82.67175100 3.65608600
v 1.77642200 81.35353700 3.58389800
v 1.62266300 -82.67175100 3.65608600
v 3.46959000 -148.59856700 1.99046300
v -3.46959000 148.59856700 1.99046300
v -1.83212300 -144.35463500 3.55574500
v 1.83212300 144.35463500 3.55574500
v 1.79931100 -130.20649800 3.57246100
v -1.79931100 130.20649800 3.57246100
v -2.72784500 46.98581000 2.92555400
v 2.72784500 -46.98581000 2.92555400
v 3.76485800 -142.32928900 1.35123800
v -3.76485800 142.32928900 1.35123800
v -3.69303700 -99.71976600 1.53671100
v 3.69303700 99.71976600 1.53671100
v 3.81611500 -59.99799300 1.19885900
v -3.81611500 59.99799300 1.19885900
v -2.27771800 -103.28312400 3.28816100
v 2.27771800 103.28312400 3.28816100
v 1.96320000 -104.03190200 3.48508900
v -1.96320000 104.03190200 3.48508900
v -3.83423300 -57.94328800 1.13958500
v 3.83423300 57.94328800 1.13958500
v 3.99705900 -146.13793700 0.15336400
v -3.99705900 146.13793700 0.15336400
v -1.37388600 -88.21818200 3.75665200
v -1.00073900 88.59080000 3.87279200
v 1.37388600 88.21818200 3.75665200
v 1.00073900 -88.59080000 3.87279200
v 2.46124000 -106.57496300 -3.15314100
v -2.46124000 106.57496300 -3.15314100
v 3.34450100 -148.74821200 -2.19415500
v -3.34450100 148.74821200 -2.19415500
v -0.09575600 -69.37245800 -3.99885400
v 0.09575600 69.37245800 -3.99885400
v 3.71691500 27.44195000 1.47801900
v -3.71691500 -27.44195000 1.47801900
v 3.82669100 -98.74084800 -1.16466200
v -3.82669100 98.74084800 -1.16466200
v -2.39747000 -36.00884600 3.20189600
v 2.39747000 36.00884600 3.20189600
v 3.73091800 23.47157700 -1.44230700
v -3.73091800 -23.47157700 -1.44230700
v -1.44743400 -108.04192100 3.72893200
v -1.83746100 108.56249500 3.55299000
v 1.44743400 108.04192100 3.72893200
v 1.83746100 -108.56249500 3.55299000
v -1.25281000 -122.94263000 3.79874500
v 1.25281000 122.94263000 3.79874500
v 1.63291000 -164.16794800 3.65152100
v -1.63291000 164.16794800 3.65152100
v 2.35685500 -170.89855700 -3.23190900
v -2.35685500 170.89855700 -3.23190900
v -0.40606300 -171.76018000 -3.97933600
v 0.40606300 171.76018000 -3.97933600
v -3.40459200 -172.35306700 -2.09970400
v 3.40459200 172.35306700 -2.09970400
v -3.44646400 -176.26059700 2.03024300
v 3.44646400 176.26059700 2.03024300
v 3.78162300 8.72629700 -1.30358400
v -3.78162300 -8.72629700 -1.30358400
v 1.39072600 -7.31093600 -3.75045100
v -1.39072600 7.31093600 -3.75045100
v 3.82081200 -176.59999600 1.18380500
v -3.82081200 176.59999600 1.18380500
v 3.48512700 -152.59742600 -1.96313300
v -3.48512700 152.59742600 -1.96313300
v 0.52278400 -153.62807200 -3.96569000
v -0.52278400 153.62807200 -3.96569000
v -3.19228900 -152.62887300 -2.41024700
v 3.19228900 152.62887300 -2.41024700
v 1.65267500 -177.78864900 -3.64261800
v -1.65267500 177.78864900 -3.64261800
v -3.99960100 -178.18579600 -0.05649000
v 3.99960100 178.18579600 -0.05649000
v 2.42138800 -178.87456500 3.18384700
v -2.42138800 178.87456500 3.18384700
v 2.40091200 41.80260400 -3.19931600
v -2.40091200 -41.80260400 -3.19931600
v 3.83955200 39.79775800 -1.12153400
v -3.83955200 -39.79775800 -1.12153400
v -2.08164400 -178.56821500 3.41566400
v 2.08164400 178.56821500 3.41566400
v 1.17768200 -39.06874200 -3.82270400
v -1.17768200 39.06874200 -3.82270400
v 3.99936600 -103.56199600 0.07121300
v -3.99936600 103.56199600 0.07121300
v 1.44672800 -115.82321900 -3.72920600
v -1.44672800 115.82321900 -3.72920600
v 2.98221000 -136.09482200 -2.66578800
v -2.98221000 136.09482200 -2.66578800
v 0.09138900 -135.47375500 -3.99895600
v -0.09138900 135.47375500 -3.99895600
v -0.80465300 -116.24800100 -3.91823100
v 0.80465300 116.24800100 -3.91823100
v -3.70121400 -117.80808000 -1.51691000
v 3.70121400 117.80808000 -1.51691000
v -1.26924900 -104.71419800 -3.79328500
v 1.26924900 104.71419800 -3.79328500
v 3.84990100 56.07956600 -1.08547700
v -3.84990100 -56.07956600 -1.08547700
v -3.39492600 -104.36086800 -2.11529700
v 3.39492600 104.36086800 -2.11529700
v -3.84999200 -136.96180800 1.08515500
v 3.84999200 136.96180800 1.08515500
v 3.14044600 -181.82929000 -2.47741800
v -3.14044600 181.82929000 -2.47741800
v 0.65962100 -181.77912300 -3.94523800
v -0.65962100 181.77912300 -3.94523800
v -3.36398300 -180.98736200 -2.16416600
v 3.36398300 180.98736200 -2.16416600
v 3.24311700 -22.91580900 -2.34140800
v -3.24311700 22.91580900 -2.34140800
v 3.97142700 -94.47926800 -0.47724900
v -3.97142700 94.47926800 -0.47724900
v -2.02218000 -70.59233300 -3.45120100
v 2.02218000 70.59233300 -3.45120100
v 3.27064200 -50.73924000 -2.30280300
v -3.27064200 50.73924000 -2.30280300
v -3.78097400 -156.30589200 1.30546200
v 3.78097400 156.30589200 1.30546200
v 3.25669000 -12.48570100 -2.32249200
v -3.25669000 12.48570100 -2.32249200
v -1.76095700 -162.71639800 -3.59152200
v 1.76095700 162.71639800 -3.59152200
v -1.71633300 -158.83964600 -3.61306000
v 1.71633300 158.83964600 -3.61306000
v 1.73258100 -25.22951800 -3.60529600
v -1.73258100 25.22951800 -3.60529600
v 3.93925500 12.70774300 -0.69445500
v -3.93925500 -12.70774300 -0.69445500
v 3.93477100 16.25709300 0.71942700
v -3.93477100 -16.25709300 0.71942700
v -0.88832400 -39.30723500 -3.90011300
v 0.88832400 39.30723500 -3.90011300
v 3.15100500 -145.02132000 -2.46397300
v -3.15100500 145.02132000 -2.46397300
v 3.45600800 -105.97124200 2.01395400
v -3.45600800 105.97124200 2.01395400
v -3.99789200 -96.00153600 0.12983700
v 3.99789200 96.00153600 0.12983700
v -0.46270500 -108.00078300 -3.97314800
v 0.46270500 108.00078300 -3.97314800
v 3.54170000 -105.45846500 -1.85912900
v -3.54170000 105.45846500 -1.85912900
v 3.92858800 -162.57724600 0.75246100
v -3.92858800 162.57724600 0.75246100
v -2.72283200 -90.28028100 -2.93021900
v 2.72283200 90.28028100 -2.93021900
v 3.77202100 -1.23424100 1.33111100
v -3.77202100 1.23424100 1.33111100
v -3.66838100 -132.89634800 1.59467400
v 3.66838100 132.89634800 1.59467400
v 1.65973700 66.25463800 -3.63940600
v -1.65973700 -66.25463800 -3.63940600
v 1.72971000 8.07136200 -3.60667500
v -1.72971000 -8.07136200 -3.60667500
v 3.98625100 -67.93720900 0.33136700
v -3.98625100 67.93720900 0.33136700
v 3.75654900 34.56281900 1.37416700
v -3.75654900 -34.56281900 1.37416700
v 3.77582400 59.98129200 -1.32028400
v -3.77582400 -59.98129200 -1.32028400
v -2.41817200 -118.58981400 -3.18629000
v 2.41817200 118.58981400 -3.18629000
v 3.99364600 -117.27997700 0.22537700
v -3.99364600 117.27997700 0.22537700
v 3.99374200 1.95128500 -0.22366300
v -3.99374200 -1.95128500 -0.22366300
v -2.16257600 -78.62633500 -3.36500600
v 2.16257600 78.62633500 -3.36500600
v 3.56756600 -72.16007800 1.80899700
v -3.56756600 72.16007800 1.80899700
v 2.01010500 -91.50818100 -3.45824800
v -2.01010500 91.50818100 -3.45824800
v 3.03880600 25.70100000 2.60108800
v -3.03880600 -25.70100000 2.60108800
v 3.95056900 -12.53726600 0.62689900
v -3.95056900 12.53726600 0.62689900
v 3.97906000 -31.24410400 -0.40876000
v -3.97906000 31.24410400 -0.40876000
v 1.89924400 -87.46270700 -3.52035100
v -1.89924400 87.46270700 -3.52035100
v 2.93673800 54.84379200 -2.71580000
v -2.93673800 -54.84379200 -2.71580000
v -2.52817600 -128.66123900 -3.09973000
v 2.52817600 128.66123900 -3.09973000
v 3.91020100 62.16548300 0.84280900
v -3.91020100 -62.16548300 0.84280900
v 3.67505500 -185.14705700 1.57923100
v -3.67505500 185.14705700 1.57923100
v 3.83873700 53.98203100 1.12432200
v -3.83873700 -53.98203100 1.12432200
v 3.15589000 -185.51332200 -2.45771500
v -3.15589000 185.51332200 -2.45771500
v -0.35951900 -185.06976600 -3.98381100
v 0.35951900 185.06976600 -3.98381100
v -2.79118000 -184.92116000 -2.86519100
v 2.79118000 184.92116000 -2.86519100
v 3.75950400 -164.57623500 -1.36606400
v -3.75950400 164.57623500 -1.36606400
v 3.20023500 -31.51556000 -2.39968600
v -3.20023500 31.51556000 -2.39968600
v 2.44893500 -162.89419900 -3.16270700
v -2.44893500 162.89419900 -3.16270700
v 0.42521500 -164.64488400 -3.97733500
v -0.42521500 164.64488400 -3.97733500
v -3.43023500 -164.66810400 -2.05754500
v 3.43023500 164.66810400 -2.05754500
v 3.99290100 -24.31567700 -0.23820200
v -3.99290100 24.31567700 -0.23820200
v 2.23116100 61.67715900 -3.31992800
v -2.23116100 -61.67715900 -3.31992800
v 3.89513200 35.84000700 -0.90991700
v -3.89513200 -35.84000700 -0.90991700
v -3.05187000 -144.21966100 -2.58574800
v 3.05187000 144.21966100 -2.58574800
v -3.98019200 -162.72908900 0.39757900
v 3.98019200 162.72908900 0.39757900
v -0.42482100 -27.32938200 -3.97737700
v 0.42482100 27.32938200 -3.97737700
v -3.97951000 -143.41363500 -0.40434800
v 3.97951000 143.41363500 -0.40434800
v 0.02842900 -72.73309200 -3.99989900
v -0.02842900 72.73309200 -3.99989900
v 3.64142200 -91.31486200 1.65530900
v -3.64142200 91.31486200 1.65530900
v 3.46273900 -22.61082000 2.00235900
v -3.46273900 22.61082000 2.00235900
v 3.91325000 -41.98715500 -0.82853500
v -3.91325000 41.98715500 -0.82853500
v 3.30280200 -109.22267600 -2.25643500
v -3.30280200 109.22267600 -2.25643500
v 3.86451300 -76.04539100 1.03224800
v -3.86451300 76.04539100 1.03224800
v 3.44385000 -36.28672600 2.03467400
v -3.44385000 36.28672600 2.03467400
v -3.98379500 -78.07652600 0.35968900
v 3.98379500 78.07652600 0.35968900
v 3.76678500 9.65193800 1.34585600
v -3.76678500 -9.65193800 1.34585600
v 2.09102000 -112.39182000 -3.40993200
v -2.09102000 112.39182000 -3.40993200
v 0.01170600 -19.19469700 -3.99998300
v -0.01170600 19.19469700 -3.99998300
v -0.11233100 -144.47432000 -3.99842200
v 0.11233100 144.47432000 -3.99842200
v 3.94512800 -132.68148300 -0.66027500
v -3.94512800 132.68148300 -0.66027500
v 3.98816000 22.47707600 0.30753700
v -3.98816000 -22.47707600 0.30753700
v -3.83371700 -130.75959200 -1.14132000
v 3.83371700 130.75959200 -1.14132000
v 3.50757200 -129.19459700 -1.92274200
v -3.50757200 129.19459700 -1.92274200
v -3.83736200 -100.07306300 -1.12900600
v 3.83736200 100.07306300 -1.12900600
v 3.95433900 -114.11095500 -0.60266600
v -3.95433900 114.11095500 -0.60266600
v 3.36906100 -32.02719600 2.15625400
v -3.36906100 32.02719600 2.15625400
v -3.54411700 -140.70161900 1.85451800
v 3.54411700 140.70161900 1.85451800
v 3.99001300 -128.35957900 0.28248300
v -3.99001300 128.35957900 0.28248300
v -1.99540100 -100.34851200 -3.46675300
v 1.99540100 100.34851200 -3.46675300
v 3.68398600 -43.68659000 1.55828300
v -3.68398600 43.68659000 1.55828300
v 1.51102200 -108.80301600 -3.70362100
v -1.51102200 108.80301600 -3.70362100
v 3.47264000 -60.41857500 -1.98513700
v -3.47264000 60.41857500 -1.98513700
v -2.28064300 -171.08185000 -3.28613300
v 2.28064300 171.08185000 -3.28613300
v -1.45189600 -110.08135800 -3.72719700
v 1.45189600 110.08135800 -3.72719700
v 2.51643900 25.33529700 -3.10926600
v -2.51643900 -25.33529700 -3.10926600
v 3.76048600 -16.09657200 -1.36335800
v -3.76048600 16.09657200 -1.36335800
v 3.93526300 -84.30298000 0.71673300
v -3.93526300 84.30298000 0.71673300
v 3.93243000 -4.40831900 0.73211500
v -3.93243000 4.40831900 0.73211500
v 3.99516400 24.89364800 0.19663800
v -3.99516400 -24.89364800 0.19663800
v 2.04168100 -70.49454900 -3.43970000
v -2.04168100 70.49454900 -3.43970000
v 3.95270600 -64.07328700 -0.61328400
v -3.95270600 64.07328700 -0.61328400
v 3.41465200 -92.45299400 -2.08330300
v -3.41465200 92.45299400 -2.08330300
v -2.07658000 -93.33125800 -3.41874500
v 2.07658000 93.33125800 -3.41874500
v -3.52985500 -68.26648000 -1.88152100
v 3.52985500 68.26648000 -1.88152100
v 3.82887000 26.96971000 -1.15747900
v -3.82887000 -26.96971000 -1.15747900
v 2.70068000 33.57330200 -2.95064900
v -2.70068000 -33.57330200 -2.95064900
v 3.78026900 -29.03486800 1.30750300
v -3.78026900 29.03486800 1.30750300
v 1.80539000 -151.19665300 -3.56939300
v -1.80539000 151.19665300 -3.56939300
v -0.97777400 -150.79909700 -3.87865400
v 0.97777400 150.79909700 -3.87865400
v -2.70840500 -137.23124900 -2.94356000
v 2.70840500 137.23124900 -2.94356000
v 3.60143200 -54.77923800 1.74060000
v -3.60143200 54.77923800 1.74060000
v 2.04550900 -185.87211500 3.43742600
v -2.56838300 -182.77763000 3.06649700
v -2.04550900 185.87211500 3.43742600
v 2.56838300 182.77763000 3.06649700
v -3.75058200 -108.31186100 -1.39037200
v 3.75058200 108.31186100 -1.39037200
v 3.99472100 -37.71566700 -0.20544200
v -3.99472100 37.71566700 -0.20544200
v 2.32906100 -182.74400300 3.25199600
v -2.32906100 182.74400300 3.25199600
v -3.25265700 -102.41127700 2.32813700
v 3.25265700 102.41127700 2.32813700
v 3.37250800 -99.17636600 2.15085900
v -3.37250800 99.17636600 2.15085900
v -0.30692500 -58.81538800 -3.98820700
v 0.30692500 58.81538800 -3.98820700
v 0.11216000 -142.11439500 -3.99842700
v -0.11216000 142.11439500 -3.99842700
v 2.04595700 -36.28727800 -3.43715900
v -2.04595700 36.28727800 -3.43715900
v 2.03237900 -29.19128600 -3.44520500
v -2.03237900 29.19128600 -3.44520500
v -3.99995700 -114.71705000 -0.01855000
v 3.99995700 114.71705000 -0.01855000
v 3.34945300 -67.49710400 -2.18658700
v -3.34945300 67.49710400 -2.18658700
v 3.90605700 -52.57685400 -0.86181000
v -3.90605700 52.57685400 -0.86181000
v -3.95468100 -150.36607800 -0.60041400
v 3.95468100 150.36607800 -0.60041400
v 0.42219900 31.40073900 -3.97765600
v -0.42219900 -31.40073900 -3.97765600
v -1.88341400 21.53646300 3.52884600
v 1.88341400 -21.53646300 3.52884600
v -3.77213900 -88.64856700 -1.33077600
v 3.77213900 88.64856700 -1.33077600
v 2.08708500 74.55851700 -3.41234200
v -2.08708500 -74.55851700 -3.41234200
v -3.65639000 -92.65976200 -1.62197800
v 3.65639000 92.65976200 -1.62197800
v 0.11671100 -110.94993700 -3.99829700
v -0.11671100 110.94993700 -3.99829700
v 3.85219200 41.75475100 1.07732000
v -3.85219200 -41.75475100 1.07732000
v 3.94365400 -91.18276200 -0.66902500
v -3.94365400 91.18276200 -0.66902500
v 3.94984900 -100.35694600 0.63142000
v -3.94984900 100.35694600 0.63142000
v 2.04866400 4.34594800 -3.43554600
v -2.04866400 -4.34594800 -3.43554600
v -1.18551400 -13.29824200 3.82028200
v 1.18551400 13.29824200 3.82028200
v -0.26972200 -35.78665200 -3.99089600
v 0.26972200 35.78665200 -3.99089600
v 3.56701300 -135.05998600 1.81008700
v -3.56701300 135.05998600 1.81008700
v 3.71404700 16.04902900 -1.48521200
v -3.71404700 -16.04902900 -1.48521200
v 3.78676400 38.03894500 1.28857100
v -3.78676400 -38.03894500 1.28857100
v -3.77265500 -124.11452300 1.32931300
v 3.77265500 124.11452300 1.32931300
v -3.58490600 -76.33640500 -1.77438700
v 3.58490600 76.33640500 -1.77438700
v -0.54414800 -89.83302600 -3.96281500
v 0.54414800 89.83302600 -3.96281500
v 0.21293200 -94.16809800 -3.99432800
v -0.21293200 94.16809800 -3.99432800
v 1.29001400 -174.08364900 -3.78627300
v -1.29001400 174.08364900 -3.78627300
v 3.75519500 -172.24348100 -1.37786300
v -3.75519500 172.24348100 -1.37786300
v -2.11844500 -173.36425300 -3.39296200
v 2.11844500 173.36425300 -3.39296200
v -1.86447800 -185.96815600 3.53888700
v 1.86447800 185.96815600 3.53888700
v -3.29326900 -105.07879300 2.27032600
v 3.29326900 105.07879300 2.27032600
v 3.38990300 -102.21211800 2.12333700
v -3.38990300 102.21211800 2.12333700
v 3.92546800 -181.04935900 0.76857100
v -3.92546800 181.04935900 0.76857100
v -1.22838200 -179.09206000 -3.80671500
v 1.22838200 179.09206000 -3.80671500
v -3.48442600 -179.52415600 1.96437600
v 3.48442600 179.52415600 1.96437600
v 0.55134200 -2.24818500 -3.96182100
v -0.55134200 2.24818500 -3.96182100
v -3.95400400 -181.82755500 0.60485800
v 3.95400400 181.82755500 0.60485800
v -3.52029900 -168.60908100 1.89934100
v 3.52029900 168.60908100 1.89934100
v 0.94607900 -157.00079300 -3.88650700
v -0.94607900 157.00079300 -3.88650700
v 3.40787800 -156.74040400 -2.09436500
v -3.40787800 156.74040400 -2.09436500
v 1.14707000 -147.18105300 -3.83200100
v -1.14707000 147.18105300 -3.83200100
v -3.64822500 -146.91954000 -1.64025900
v 3.64822500 146.91954000 -1.64025900
v -1.78920000 -146.58635600 -3.57753600
v 1.78920000 146.58635600 -3.57753600
v 2.99075300 1.82954400 -2.65619900
v -2.99075300 -1.82954400 -2.65619900
v 0.78624300 14.95462300 -3.92196700
v -0.78624300 -14.95462300 -3.92196700
v -0.16956300 -4.64930300 -3.99640400
v 0.16956300 4.64930300 -3.99640400
v 0.60413000 -52.11741200 -3.95411500
v -0.60413000 52.11741200 -3.95411500
v 1.66417600 52.57957900 -3.63737800
v -1.66417600 -52.57957900 -3.63737800
v 3.80270500 51.78141200 -1.24074000
v -3.80270500 -51.78141200 -1.24074000
v 3.93238200 -158.52775700 0.73237200
v -3.93238200 158.52775700 0.73237200
v 0.86004900 -11.40100100 -3.90644500
v -0.86004900 11.40100100 -3.90644500
v 3.89322600 -168.69085000 -0.91803800
v -3.89322600 168.69085000 -0.91803800
v 0.30759100 -168.26184400 -3.98815600
v -0.30759100 168.26184400 -3.98815600
v -3.99987300 -170.46053400 -0.03182000
v 3.99987300 170.46053400 -0.03182000
v 2.32854200 -1.95842500 3.25236700
v -2.32854200 1.95842500 3.25236700
v 0.05672500 -42.13762200 -3.99959800
v -0.05672500 42.13762200 -3.99959800
v 2.97191300 -19.06555300 2.67726300
v -2.97191300 19.06555300 2.67726300
v 3.90630700 -8.11718100 0.86067900
v -3.90630700 8.11718100 0.86067900
v 3.19743000 -47.96958800 -2.40342300
v -3.19743000 47.96958800 -2.40342300
v 3.53759700 -29.22481300 -1.86692500
v -3.53759700 29.22481300 -1.86692500
v 3.81977300 43.59287200 -1.18715500
v -3.81977300 -43.59287200 -1.18715500
v 3.14320200 -38.65478500 -2.47392100
v -3.14320200 38.65478500 -2.47392100
v 1.60640500 -22.02135700 -3.66325900
v -1.60640500 22.02135700 -3.66325900
v 3.95853000 -101.19746900 -0.57448900
v -3.95853000 101.19746900 -0.57448900
v -3.00570900 -114.70038300 -2.63926400
v 3.00570900 114.70038300 -2.63926400
v 3.99883600 -107.55021000 -0.09648200
v -3.99883600 107.55021000 -0.09648200
v 0.31609100 -113.63658500 -3.98749100
v -0.31609100 113.63658500 -3.98749100
v -1.00996200 -139.80071800 -3.87039700
v 1.00996200 139.80071800 -3.87039700
v -3.55055700 -72.30695100 -1.84215800
v 3.55055700 72.30695100 -1.84215800
v 2.84693700 14.05017400 -2.80979600
v -2.84693700 -14.05017400 -2.80979600
v 3.63840400 -26.05878700 1.66193200
v -3.63840400 26.05878700 1.66193200
v 3.70115900 -76.85211000 -1.51704300
v -3.70115900 76.85211000 -1.51704300
v 2.56673200 -53.49490400 -3.06787900
v -2.56673200 53.49490400 -3.06787900
v 2.77942300 -19.32261900 -2.87659700
v -2.77942300 19.32261900 -2.87659700
v 2.45294600 6.63798200 3.15959700
v -2.45294600 -6.63798200 3.15959700
v 3.05490000 -174.57998500 -2.58216700
v -3.05490000 174.57998500 -2.58216700
v -0.72888000 -175.38758800 -3.93303100
v 0.72888000 175.38758800 -3.93303100
v -3.08946600 -176.23500900 -2.54070900
v 3.08946600 176.23500900 -2.54070900
v 3.92870100 5.69997400 0.75187100
v -3.92870100 -5.69997400 0.75187100
v 3.99796300 -150.36604300 0.12765300
v -3.99796300 150.36604300 0.12765300
v 2.83799100 2.12354600 2.81883000
v -2.83799100 -2.12354600 2.81883000
v -3.98802100 -74.00265900 0.30933000
v 3.98802100 74.00265900 0.30933000
v -3.99583100 -153.60771800 -0.18258200
v 3.99583100 153.60771800 -0.18258200
v -3.99537500 -159.28934200 0.19230300
v 3.99537500 159.28934200 0.19230300
v 3.34319800 -3.29501400 2.19613900
v -3.34319800 3.29501400 2.19613900
v -2.28510200 -82.76120300 -3.28303300
v 2.28510200 82.76120300 -3.28303300
v 2.19389400 -57.49622700 -3.34467200
v -2.19389400 57.49622700 -3.34467200
v -3.63230000 -80.41445900 -1.67523000
v 3.63230000 80.41445900 -1.67523000
v 3.48849400 -116.35896700 1.95714400
v -3.48849400 116.35896700 1.95714400
v -3.09669800 -152.11029700 2.53189000
v 3.09669800 152.11029700 2.53189000
v -3.90171100 -184.27303900 -0.88127600
v 3.90171100 184.27303900 -0.88127600
v -1.56350300 -182.36989400 -3.68177400
v 1.56350300 182.36989400 -3.68177400
v 1.80188900 -184.52080000 -3.57116200
v -1.80188900 184.52080000 -3.57116200
v 3.94414700 -174.70466500 -0.66611300
v -3.94414700 174.70466500 -0.66611300
v 3.92729300 -184.39030500 -0.75918900
v -3.92729300 184.39030500 -0.75918900
v 2.55685500 17.55932200 -3.07611700
v -2.55685500 -17.55932200 -3.07611700
v 3.02606800 11.09516200 -2.61589600
v -3.02606800 -11.09516200 -2.61589600
v 1.54575000 55.84009200 -3.68926200
v -1.54575000 -55.84009200 -3.68926200
v 3.70234700 -87.59290800 1.51414200
v -3.70234700 87.59290800 1.51414200
v -3.95136400 -105.78573500 -0.62186800
v 3.95136400 105.78573500 -0.62186800
v -3.78132000 -185.21618700 1.30446100
v 3.78132000 185.21618700 1.30446100
v 1.89677600 -15.57586900 -3.52168100
v -1.89677600 15.57586900 -3.52168100
v 0.91359400 -119.16897700 -3.89427100
v -0.91359400 119.16897700 -3.89427100
v -2.46783400 -46.65351700 3.14798300
v 2.46783400 46.65351700 3.14798300
v 3.89609400 -70.25916200 0.90578700
v -3.89609400 70.25916200 0.90578700
v 1.21611000 -66.72747900 -3.81065300
v -1.21611000 66.72747900 -3.81065300
v -1.05288700 -17.36374000 3.85894200
v 1.05288700 17.36374000 3.85894200
v 3.73696400 -177.75865700 -1.42657000
v -3.73696400 177.75865700 -1.42657000
v -1.16890000 -46.87818100 -3.82539800
v 1.16890000 46.87818100 -3.82539800
v 3.67056900 -125.21747100 -1.58963000
v -3.67056900 125.21747100 -1.58963000
v 2.35459800 -117.70269600 -3.23355400
v -2.35459800 117.70269600 -3.23355400
v 3.81701200 -9.80456900 -1.19600100
v -3.81701200 9.80456900 -1.19600100
v 2.80286100 -9.48047100 -2.85376400
v -2.80286100 9.48047100 -2.85376400
v -0.92845000 -118.97736500 -3.89075600
v 0.92845000 118.97736500 -3.89075600
v 1.85351000 -80.47987600 3.54464400
v -1.85351000 80.47987600 3.54464400
v 3.99471500 -78.49048200 -0.20555100
v -3.99471500 78.49048200 -0.20555100
v 3.85719500 51.47810400 1.05926700
v -3.85719500 -51.47810400 1.05926700
v -2.57266100 -125.03298100 -3.06291000
v 2.57266100 125.03298100 -3.06291000
v -2.39231700 -40.26321400 3.20574800
v 2.39231700 40.26321400 3.20574800
v -2.98026700 -149.45998900 -2.66796000
v 2.98026700 149.45998900 -2.66796000
v 2.18617500 -121.82282400 3.34972300
v -2.18617500 121.82282400 3.34972300
v -2.95059900 -185.59361800 2.70073400
v 2.95059900 185.59361800 2.70073400
v -2.09623700 61.42744800 3.40672700
v 2.09623700 -61.42744800 3.40672700
v 3.75642600 -94.72935300 1.37450500
v -3.75642600 94.72935300 1.37450500
v 3.82784900 -16.51693500 1.16085100
v -3.82784900 16.51693500 1.16085100
v 3.94270600 -125.54828400 0.67458700
v -3.94270600 125.54828400 0.67458700
v 3.23863800 -88.40369100 2.34760000
v -3.23863800 88.40369100 2.34760000
v 0.00000000 188.91250000 0.00000000
v 0.00000000 -188.91250000 0.00000000
vn -0.00000000 -0.00000000 1.00000000
vn 0.00000000 1.00000000 0.00000000
vn 0.00000000 -1.00000000 -0.00000000
vn 0.00000000 -0.00000000 1.00000000
vn 0.78183100 -0.00000000 0.62349000
vn 0.97492800 -0.00000000 -0.22252100
vn 0.43388400 -0.00000000 -0.90096900
vn -0.43388400 -0.00000000 -0.90096900
vn -0.97492800 0.00000000 -0.22252100
vn -0.78183100 -0.00000000 0.62349000
vn 0.00000000 0.70710700 0.70710700
vn 0.00000000 1.00000000 0.00000000
vn -0.00000000 1.00000000 0.00000000
vn 0.00000000 1.00000000 0.00000000
vn 0.00000000 1.00000000 0.00000000
vn 0.00000000 1.00000000 -0.00000000
vn -0.00000000 -1.00000000 -0.00000000
vn -0.00000000 -1.00000000 0.00000000
vn -0.00000000 -1.00000000 -0.00000000
vn 0.00000000 -1.00000000 0.00000000
vn -0.00000000 -1.00000000 -0.00000000
vn 0.00000000 -0.70710700 0.70710700
vn 0.78183100 0.00000000 0.62349000
vn 0.97492800 -0.00000000 -0.22252100
vn 0.43388400 -0.00000000 -0.90096900
vn -0.43388400 -0.00000000 -0.90096900
vn -0.97492800 -0.00000000 -0.22252100
vn -0.78183100 -0.00000000 0.62349000
vn -0.00000000 -0.00000000 1.00000000
vn -0.00000000 -0.00000000 1.00000000
vn -0.00000000 -0.00000000 1.00000000
vn -0.00000000 -0.00000000 1.00000000
vn -0.00000000 -0.00000000 1.00000000
vn -0.00000000 -0.00000000 1.00000000
vn -0.00000000 -0.00000000 1.00000000
vn -0.00000000 -0.00000000 1.00000000
vn -0.00000000 -0.00000000 1.00000000
vn -0.00000000 -0.00000000 1.00000000
vn -0.00000000 -0.00000000 1.00000000
vn -0.00000000 -0.00000000 1.00000000
vn -0.00000000 -0.00000000 1.00000000
vn -0.00000000 -0.00000000 1.00000000
vn -0.00000000 -0.00000000 1.00000000
vn -0.00000000 -0.00000000 1.00000000
vn -0.00000000 -0.00000000 1.00000000
vn -0.00000000 -0.00000000 1.00000000
vn -0.00000000 -0.00000000 1.00000000
vn -0.00000000 -0.00000000 1.00000000
vn -0.00000000 -0.00000000 1.00000000
vn -0.00000000 -0.00000000 1.00000000
vn -0.00000000 -0.00000000 1.00000000
vn -0.00000000 -0.00000000 1.00000000
vn -0.00000000 -0.00000000 1.00000000
vn -0.00000000 -0.00000000 1.00000000
vn -0.00000000 -0.00000000 1.00000000
vn -0.00000000 -0.00000000 1.00000000
vn -0.00000000 -0.00000000 1.00000000
vn -0.00000000 -0.00000000 1.00000000
vn -0.00000000 -0.00000000 1.00000000
vn -0.00000000 -0.00000000 1.00000000
vn -0.00000000 -0.00000000 1.00000000
vn -0.00000000 -0.00000000 1.00000000
vn -0.00000000 -0.00000000 1.00000000
vn -0.00000000 -0.00000000 1.00000000
vn -0.00000000 -0.00000000 1.00000000
vn -0.00000000 -0.00000000 1.00000000
vn -0.00000000 -0.00000000 1.00000000
vn -0.00000000 -0.00000000 1.00000000
vn -0.00000000 -0.00000000 1.00000000
vn -0.00000000 -0.00000000 1.00000000
vn -0.00000000 -0.00000000 1.00000000
vn -0.00000000 -0.00000000 1.00000000
vn -0.00000000 -0.00000000 1.00000000
vn -0.00000000 -0.00000000 1.00000000
vn -0.00000000 -0.00000000 1.00000000
vn -0.00000000 -0.00000000 1.00000000
vn -0.00000000 -0.00000000 1.00000000
vn -0.00000000 -0.00000000 1.00000000
vn -0.00000000 -0.00000000 1.00000000
vn -0.00000000 -0.00000000 1.00000000
vn -0.00000000 -0.00000000 1.00000000
vn -0.00000000 -0.00000000 1.00000000
vn -0.00000000 -0.00000000 1.00000000
vn -0.00000000 -0.00000000 1.00000000
vn -0.00000000 -0.00000000 1.00000000
vn -0.00000000 -0.00000000 1.00000000
vn -0.00000000 -0.00000000 1.00000000
vn -0.00000000 -0.00000000 1.00000000
vn -0.00000000 -0.00000000 1.00000000
vn -0.00000000 -0.00000000 1.00000000
vn -0.00000000 -0.00000000 1.00000000
vn -0.00000000 -0.00000000 1.00000000
vn -0.00000000 -0.00000000 1.00000000
vn -0.00000000 -0.00000000 1.00000000
vn -0.00000000 -0.00000000 1.00000000
vn -0.00000000 -0.00000000 1.00000000
vn -0.00000000 -0.00000000 1.00000000
vn -0.00000000 -0.00000000 1.00000000
vn -0.00000000 -0.00000000 1.00000000
vn -0.00000000 -0.00000000 1.00000000
vn -0.00000000 -0.00000000 1.00000000
vn -0.00000000 -0.00000000 1.00000000
vn -0.00000000 -0.00000000 1.00000000
vn -0.00000000 -0.00000000 1.00000000
vn -0.00000000 -0.00000000 1.00000000
vn -0.00000000 -0.00000000 1.00000000
vn -0.00000000 -0.00000000 1.00000000
vn -0.00000000 -0.00000000 1.00000000
vn -0.00000000 -0.00000000 1.00000000
vn -0.00000000 -0.00000000 1.00000000
vn -0.00000000 -0.00000000 1.00000000
vn -0.00000000 -0.00000000 1.00000000
vn -0.00000000 -0.00000000 1.00000000
vn -0.00000000 -0.00000000 1.00000000
vn -0.00000000 -0.00000000 1.00000000
vn -0.00000000 -0.00000000 1.00000000
vn -0.00000000 -0.00000000 1.00000000
vn -0.00000000 -0.00000000 1.00000000
vn -0.00000000 -0.00000000 1.00000000
vn -0.00000000 -0.00000000 1.00000000
vn -0.00000000 -0.00000000 1.00000000
vn -0.00000000 -0.00000000 1.00000000
vn -0.00000000 -0.00000000 1.00000000
vn -0.00000000 -0.00000000 1.00000000
vn -0.00000000 -0.00000000 1.00000000
vn -0.00000000 -0.00000000 1.00000000
vn -0.00000000 -0.00000000 1.00000000
vn 0.26815300 0.70710700 0.65428900
vn -0.26815300 0.70710700 0.65428900
vn -0.26815300 -0.70710700 0.65428900
vn 0.26815300 -0.70710700 0.65428900
vn -0.00000000 -0.00000000 -1.00000000
vn -0.76787500 -0.00000000 0.64060000
vn 0.76787500 0.00000000 0.64060000
vn 0.41008600 0.00000000 0.91204700
vn -0.41008600 -0.00000000 0.91204700
vn 0.65487200 -0.00000000 -0.75574000
vn 0.13171300 -0.00000000 -0.99128800
vn -0.99337300 -0.00000000 0.11493700
vn -0.13171300 -0.00000000 -0.99128800
vn -0.65487200 -0.00000000 -0.75574000
vn 0.99337300 0.00000000 0.11493700
vn 0.99926800 -0.00000000 -0.03826300
vn -0.06705400 -0.00000000 -0.99774900
vn -0.92671200 -0.00000000 -0.37577100
vn -0.99926800 -0.00000000 -0.03826300
vn 0.06705400 -0.00000000 -0.99774900
vn 0.92671200 -0.00000000 -0.37577100
vn -0.99228100 -0.00000000 0.12401300
vn 0.99228100 0.00000000 0.12401300
vn -0.99200100 -0.00000000 0.12623400
vn 0.99200100 0.00000000 0.12623400
vn -0.56650700 -0.00000000 0.82405700
vn 0.56650700 0.00000000 0.82405700
vn 0.89955700 0.00000000 0.43680200
vn -0.89955700 -0.00000000 0.43680200
vn -0.56252100 -0.00000000 0.82678300
vn -0.45451900 -0.00000000 0.89073700
vn 0.56252100 0.00000000 0.82678300
vn 0.45451900 0.00000000 0.89073700
vn -0.42176800 -0.00000000 0.90670400
vn 0.42176800 0.00000000 0.90670400
vn -0.70166600 -0.00000000 -0.71250600
vn 0.70166600 -0.00000000 -0.71250600
vn -0.14208300 -0.00000000 -0.98985500
vn 0.14208300 -0.00000000 -0.98985500
vn 0.48774000 -0.00000000 -0.87298900
vn -0.48774000 -0.00000000 -0.87298900
vn -0.94738800 -0.00000000 -0.32008800
vn 0.94738800 -0.00000000 -0.32008800
vn 0.28944800 -0.00000000 -0.95719400
vn -0.28944800 -0.00000000 -0.95719400
vn 0.81368300 -0.00000000 -0.58130800
vn -0.81368300 -0.00000000 -0.58130800
vn 0.95564600 -0.00000000 -0.29451700
vn -0.95564600 -0.00000000 -0.29451700
vn 0.90207100 0.00000000 0.43158700
vn -0.90207100 -0.00000000 0.43158700
vn 0.76385600 0.00000000 0.64538700
vn -0.76385600 -0.00000000 0.64538700
vn 0.99710400 -0.00000000 -0.07605500
vn -0.99710400 -0.00000000 -0.07605500
vn 0.99604300 0.00000000 0.08887600
vn -0.99604300 -0.00000000 0.08887600
vn -0.59041100 -0.00000000 0.80710300
vn 0.59041100 0.00000000 0.80710300
vn -0.71680000 -0.00000000 0.69727900
vn 0.71680000 0.00000000 0.69727900
vn -0.44003600 -0.00000000 0.89798000
vn 0.44003600 0.00000000 0.89798000
vn -0.82108800 -0.00000000 0.57080200
vn 0.82108800 0.00000000 0.57080200
vn 0.88427900 0.00000000 0.46695800
vn -0.88427900 -0.00000000 0.46695800
vn -0.35953700 -0.00000000 0.93313100
vn 0.35953700 0.00000000 0.93313100
vn 0.52844700 0.00000000 0.84896600
vn -0.52844700 -0.00000000 0.84896600
vn -0.72290000 -0.00000000 0.69095200
vn 0.72290000 0.00000000 0.69095200
vn -0.38599800 -0.00000000 0.92249900
vn -0.44808400 -0.00000000 0.89399200
vn 0.38599800 0.00000000 0.92249900
vn 0.44808400 0.00000000 0.89399200
vn -0.49998700 -0.00000000 0.86603300
vn -0.28307000 -0.00000000 0.95909900
vn 0.49998700 0.00000000 0.86603300
vn 0.28307000 0.00000000 0.95909900
vn 0.51649700 0.00000000 0.85628900
vn -0.51649700 -0.00000000 0.85628900
vn -0.79037800 -0.00000000 0.61262000
vn 0.79037800 0.00000000 0.61262000
vn -0.40911100 -0.00000000 0.91248400
vn -0.34633700 -0.00000000 0.93811000
vn 0.40911100 0.00000000 0.91248400
vn 0.34633700 0.00000000 0.93811000
vn -0.35334500 -0.00000000 0.93549300
vn 0.35334500 0.00000000 0.93549300
vn -0.49404300 -0.00000000 0.86943800
vn 0.49404300 0.00000000 0.86943800
vn -0.47561600 -0.00000000 0.87965300
vn 0.47561600 0.00000000 0.87965300
vn 0.64652000 0.00000000 0.76289700
vn -0.55206800 -0.00000000 0.83379900
vn -0.64652000 -0.00000000 0.76289700
vn 0.55206800 0.00000000 0.83379900
vn 0.96211400 0.00000000 0.27264700
vn -0.96211400 -0.00000000 0.27264700
vn 0.82292300 0.00000000 0.56815300
vn -0.82292300 -0.00000000 0.56815300
vn 0.96799800 -0.00000000 -0.25095600
vn -0.96799800 -0.00000000 -0.25095600
vn -0.39513700 -0.00000000 -0.91862200
vn 0.39513700 -0.00000000 -0.91862200
vn 0.39700100 -0.00000000 -0.91781800
vn -0.39700100 -0.00000000 -0.91781800
vn -0.83438800 -0.00000000 0.55117700
vn 0.83438800 0.00000000 0.55117700
vn 0.46301200 -0.00000000 -0.88635200
vn -0.46301200 -0.00000000 -0.88635200
vn 0.97067600 -0.00000000 -0.24039200
vn -0.97067600 -0.00000000 -0.24039200
vn 0.61731200 -0.00000000 -0.78671800
vn -0.61731200 -0.00000000 -0.78671800
vn 0.96828200 -0.00000000 -0.24986100
vn -0.96828200 -0.00000000 -0.24986100
vn -0.98227900 -0.00000000 0.18742300
vn 0.98227900 0.00000000 0.18742300
vn 0.66875400 -0.00000000 -0.74348400
vn -0.66875400 -0.00000000 -0.74348400
vn 0.84285500 -0.00000000 -0.53814100
vn -0.84285500 -0.00000000 -0.53814100
vn 0.88661700 -0.00000000 -0.46250400
vn -0.88661700 -0.00000000 -0.46250400
vn -0.61698600 -0.00000000 -0.78697400
vn 0.61698600 -0.00000000 -0.78697400
vn 0.98865000 0.00000000 0.15023600
vn -0.98865000 -0.00000000 0.15023600
vn -0.81462800 -0.00000000 -0.57998300
vn 0.81462800 -0.00000000 -0.57998300
vn 0.62374300 -0.00000000 -0.78163000
vn -0.62374300 -0.00000000 -0.78163000
vn -0.98513700 -0.00000000 0.17176900
vn 0.98513700 0.00000000 0.17176900
vn 0.59420200 -0.00000000 -0.80431600
vn -0.59420200 -0.00000000 -0.80431600
vn 0.39027200 -0.00000000 -0.92070000
vn -0.39027200 -0.00000000 -0.92070000
vn -0.31047300 -0.00000000 -0.95058200
vn 0.31047300 -0.00000000 -0.95058200
vn 0.82486600 -0.00000000 -0.56532800
vn -0.82486600 -0.00000000 -0.56532800
vn 0.50916000 -0.00000000 -0.86067200
vn -0.50916000 -0.00000000 -0.86067200
vn 0.56987600 -0.00000000 -0.82173100
vn -0.56987600 -0.00000000 -0.82173100
vn 0.99952900 -0.00000000 -0.03067400
vn -0.99952900 -0.00000000 -0.03067400
vn 0.89706900 0.00000000 0.44189100
vn -0.89706900 -0.00000000 0.44189100
vn 0.60214900 -0.00000000 -0.79838400
vn -0.60214900 -0.00000000 -0.79838400
vn -0.96642500 -0.00000000 0.25694800
vn 0.96642500 0.00000000 0.25694800
vn 0.22759900 -0.00000000 -0.97375500
vn -0.22759900 -0.00000000 -0.97375500
vn -0.59607700 -0.00000000 -0.80292700
vn 0.59607700 -0.00000000 -0.80292700
vn 0.70931300 0.00000000 0.70489300
vn -0.70931300 -0.00000000 0.70489300
vn 0.53458800 0.00000000 0.84511300
vn -0.53458800 -0.00000000 0.84511300
vn 0.59101800 0.00000000 0.80665800
vn -0.47094000 -0.00000000 0.88216500
vn -0.59101800 -0.00000000 0.80665800
vn 0.47094000 0.00000000 0.88216500
vn -0.38889300 -0.00000000 0.92128300
vn 0.38889300 0.00000000 0.92128300
vn 0.73377600 0.00000000 0.67939200
vn -0.73377600 -0.00000000 0.67939200
vn 0.57367100 0.00000000 0.81908600
vn -0.57367100 -0.00000000 0.81908600
vn -0.85423500 -0.00000000 0.51988700
vn 0.85423500 0.00000000 0.51988700
vn -0.42126000 -0.00000000 0.90694000
vn -0.56237300 -0.00000000 0.82688300
vn 0.42126000 0.00000000 0.90694000
vn 0.56237300 0.00000000 0.82688300
vn -0.65961000 -0.00000000 0.75160800
vn 0.65961000 0.00000000 0.75160800
vn -0.53744100 -0.00000000 0.84330200
vn 0.53744100 0.00000000 0.84330200
vn -0.54508600 -0.00000000 0.83838000
vn 0.54508600 0.00000000 0.83838000
vn -0.61175800 -0.00000000 0.79104500
vn -0.44240800 -0.00000000 0.89681400
vn 0.61175800 0.00000000 0.79104500
vn 0.44240800 0.00000000 0.89681400
vn -0.44350100 -0.00000000 0.89627400
vn 0.44350100 0.00000000 0.89627400
vn -0.60434500 -0.00000000 0.79672300
vn 0.60434500 0.00000000 0.79672300
vn -0.35266900 -0.00000000 0.93574800
vn 0.35266900 0.00000000 0.93574800
vn -0.56547300 -0.00000000 0.82476700
vn 0.56547300 0.00000000 0.82476700
vn -0.59757400 -0.00000000 0.80181400
vn 0.59757400 0.00000000 0.80181400
vn 0.96905100 0.00000000 0.24686200
vn -0.96905100 -0.00000000 0.24686200
vn 0.56553500 0.00000000 0.82472400
vn -0.69025800 -0.00000000 0.72356300
vn -0.56553500 -0.00000000 0.82472400
vn 0.69025800 0.00000000 0.72356300
vn -0.58404200 -0.00000000 0.81172400
vn 0.58404200 0.00000000 0.81172400
vn 0.66307000 0.00000000 0.74855700
vn -0.66307000 -0.00000000 0.74855700
vn -0.65085700 -0.00000000 0.75920000
vn 0.65085700 0.00000000 0.75920000
vn -0.49576200 -0.00000000 0.86845800
vn 0.49576200 0.00000000 0.86845800
vn 0.49981800 0.00000000 0.86613000
vn -0.49981800 -0.00000000 0.86613000
vn -0.52919600 -0.00000000 0.84850000
vn 0.52919600 0.00000000 0.84850000
vn 0.52196400 -0.00000000 -0.85296800
vn -0.52196400 -0.00000000 -0.85296800
vn -0.29259500 -0.00000000 0.95623700
vn 0.29259500 0.00000000 0.95623700
vn -0.31432800 -0.00000000 0.94931400
vn 0.31432800 0.00000000 0.94931400
vn -0.66253000 -0.00000000 0.74903500
vn 0.66253000 0.00000000 0.74903500
vn 0.50069900 0.00000000 0.86562100
vn -0.47177100 -0.00000000 0.88172100
vn -0.50069900 -0.00000000 0.86562100
vn 0.47177100 0.00000000 0.88172100
vn -0.42788600 -0.00000000 -0.90383300
vn 0.42788600 -0.00000000 -0.90383300
vn -0.99932600 -0.00000000 0.03671400
vn 0.99932600 0.00000000 0.03671400
vn -0.39349200 -0.00000000 -0.91932800
vn 0.39349200 -0.00000000 -0.91932800
vn -0.97769600 -0.00000000 0.21002500
vn 0.97769600 0.00000000 0.21002500
vn 0.47634400 -0.00000000 -0.87925900
vn -0.47634400 -0.00000000 -0.87925900
vn 0.99581500 -0.00000000 -0.09139700
vn -0.99581500 -0.00000000 -0.09139700
vn 0.85207300 0.00000000 0.52342300
vn -0.85207300 -0.00000000 0.52342300
vn -0.27245900 -0.00000000 -0.96216800
vn 0.27245900 -0.00000000 -0.96216800
vn 0.96091300 0.00000000 0.27684900
vn -0.96091300 -0.00000000 0.27684900
vn -0.38314500 -0.00000000 -0.92368800
vn 0.38314500 -0.00000000 -0.92368800
vn -0.90118600 -0.00000000 -0.43343200
vn 0.90118600 -0.00000000 -0.43343200
vn 0.99425600 0.00000000 0.10703000
vn -0.99425600 -0.00000000 0.10703000
vn 0.40899100 -0.00000000 -0.91253900
vn -0.40899100 -0.00000000 -0.91253900
vn 0.88062300 -0.00000000 -0.47381800
vn -0.88062300 -0.00000000 -0.47381800
vn -0.98198500 -0.00000000 -0.18896100
vn 0.98198500 -0.00000000 -0.18896100
vn 0.99814400 0.00000000 0.06090200
vn -0.99814400 -0.00000000 0.06090200
vn 0.95816400 0.00000000 0.28622000
vn -0.95816400 -0.00000000 0.28622000
vn -0.99979200 -0.00000000 -0.02037500
vn 0.99979200 -0.00000000 -0.02037500
vn 0.59009800 -0.00000000 -0.80733200
vn -0.59009800 -0.00000000 -0.80733200
vn -0.05720700 -0.00000000 -0.99836200
vn 0.05720700 -0.00000000 -0.99836200
vn 0.46993400 -0.00000000 -0.88270200
vn -0.46993400 -0.00000000 -0.88270200
vn 0.65836100 -0.00000000 -0.75270200
vn -0.65836100 -0.00000000 -0.75270200
vn 0.99517100 0.00000000 0.09815200
vn -0.99517100 -0.00000000 0.09815200
vn -0.95396600 -0.00000000 0.29991400
vn 0.95396600 0.00000000 0.29991400
vn 0.06314500 -0.00000000 -0.99800400
vn -0.06314500 -0.00000000 -0.99800400
vn -0.89378100 -0.00000000 -0.44850300
vn 0.89378100 -0.00000000 -0.44850300
vn 0.97284800 0.00000000 0.23144600
vn -0.97284800 -0.00000000 0.23144600
vn 0.61798100 -0.00000000 -0.78619300
vn -0.61798100 -0.00000000 -0.78619300
vn 0.89391700 0.00000000 0.44823300
vn -0.89391700 -0.00000000 0.44823300
vn 0.87735900 -0.00000000 -0.47983400
vn -0.87735900 -0.00000000 -0.47983400
vn -0.34408300 -0.00000000 -0.93893900
vn 0.34408300 -0.00000000 -0.93893900
vn 0.87957300 -0.00000000 -0.47576300
vn -0.87957300 -0.00000000 -0.47576300
vn 0.66494700 -0.00000000 -0.74689000
vn -0.66494700 -0.00000000 -0.74689000
vn 0.88743200 -0.00000000 -0.46093900
vn -0.88743200 -0.00000000 -0.46093900
vn -0.35802700 -0.00000000 -0.93371100
vn 0.35802700 -0.00000000 -0.93371100
vn 0.91839700 -0.00000000 -0.39566000
vn -0.91839700 -0.00000000 -0.39566000
vn 0.90571500 -0.00000000 -0.42388700
vn -0.90571500 -0.00000000 -0.42388700
vn 0.87101900 -0.00000000 -0.49125000
vn -0.87101900 -0.00000000 -0.49125000
vn 0.92385000 -0.00000000 -0.38275500
vn -0.92385000 -0.00000000 -0.38275500
vn 0.12607800 -0.00000000 -0.99202000
vn -0.12607800 -0.00000000 -0.99202000
vn -0.87037100 -0.00000000 -0.49239600
vn 0.87037100 -0.00000000 -0.49239600
vn 0.60134600 -0.00000000 -0.79898800
vn -0.60134600 -0.00000000 -0.79898800
vn -0.67348400 -0.00000000 -0.73920200
vn 0.67348400 -0.00000000 -0.73920200
vn -0.62694900 -0.00000000 -0.77906100
vn 0.62694900 -0.00000000 -0.77906100
vn 0.40371200 -0.00000000 -0.91488600
vn -0.40371200 -0.00000000 -0.91488600
vn 0.73547200 -0.00000000 -0.67755500
vn -0.73547200 -0.00000000 -0.67755500
vn 0.99998300 -0.00000000 -0.00590900
vn -0.99998300 -0.00000000 -0.00590900
vn 0.99918400 -0.00000000 -0.04038500
vn -0.99918400 -0.00000000 -0.04038500
vn -0.96837300 -0.00000000 -0.24950800
vn 0.96837300 -0.00000000 -0.24950800
vn 0.92896800 0.00000000 0.37015900
vn -0.92896800 -0.00000000 0.37015900
vn -0.96670600 -0.00000000 0.25588900
vn 0.96670600 0.00000000 0.25588900
vn 0.93806200 -0.00000000 -0.34646800
vn -0.93806200 -0.00000000 -0.34646800
vn 0.97032500 -0.00000000 -0.24180400
vn -0.97032500 -0.00000000 -0.24180400
vn -0.09818700 -0.00000000 -0.99516800
vn 0.09818700 -0.00000000 -0.99516800
vn -0.57298200 -0.00000000 0.81956800
vn 0.57298200 0.00000000 0.81956800
vn 0.87555500 0.00000000 0.48311900
vn -0.87555500 -0.00000000 0.48311900
vn -0.07983700 -0.00000000 -0.99680800
vn 0.07983700 -0.00000000 -0.99680800
vn -0.94006900 -0.00000000 -0.34098500
vn 0.94006900 -0.00000000 -0.34098500
vn 0.95248400 -0.00000000 -0.30458900
vn -0.95248400 -0.00000000 -0.30458900
vn -0.98717400 -0.00000000 0.15964500
vn 0.98717400 0.00000000 0.15964500
vn 0.62888800 -0.00000000 -0.77749600
vn -0.62888800 -0.00000000 -0.77749600
vn -0.01829000 -0.00000000 -0.99983300
vn 0.01829000 -0.00000000 -0.99983300
vn 0.99739300 -0.00000000 -0.07215500
vn -0.99739300 -0.00000000 -0.07215500
vn 0.84661800 -0.00000000 -0.53220100
vn -0.84661800 -0.00000000 -0.53220100
vn -0.75373500 -0.00000000 -0.65717800
vn 0.75373500 -0.00000000 -0.65717800
vn 0.67459800 -0.00000000 -0.73818500
vn -0.67459800 -0.00000000 -0.73818500
vn 0.11382500 -0.00000000 -0.99350100
vn -0.11382500 -0.00000000 -0.99350100
vn 0.89948200 0.00000000 0.43695700
vn -0.89948200 -0.00000000 0.43695700
vn -0.79243100 -0.00000000 -0.60996200
vn 0.79243100 -0.00000000 -0.60996200
vn 0.29276200 -0.00000000 -0.95618500
vn -0.29276200 -0.00000000 -0.95618500
vn 0.00897900 -0.00000000 -0.99996000
vn -0.00897900 -0.00000000 -0.99996000
vn -0.81822300 -0.00000000 0.57490100
vn 0.81822300 0.00000000 0.57490100
vn 0.89722100 -0.00000000 -0.44158100
vn -0.89722100 -0.00000000 -0.44158100
vn 0.96237400 0.00000000 0.27172700
vn -0.96237400 -0.00000000 0.27172700
vn 0.81171300 -0.00000000 -0.58405600
vn -0.81171300 -0.00000000 -0.58405600
vn 0.48005900 0.00000000 0.87723600
vn -0.50927800 -0.00000000 0.86060200
vn -0.48005900 -0.00000000 0.87723600
vn 0.50927800 0.00000000 0.86060200
vn 0.99687600 -0.00000000 -0.07898000
vn -0.99687600 -0.00000000 -0.07898000
vn -0.67683900 -0.00000000 0.73613100
vn 0.67683900 0.00000000 0.73613100
vn -0.68474100 -0.00000000 0.72878700
vn -0.21214300 -0.00000000 0.97723900
vn 0.68474100 0.00000000 0.72878700
vn 0.21214300 0.00000000 0.97723900
vn -0.69884000 -0.00000000 0.71527800
vn 0.69884000 0.00000000 0.71527800
vn 0.79281000 0.00000000 0.60946900
vn -0.79281000 -0.00000000 0.60946900
vn 0.55195900 0.00000000 0.83387100
vn -0.55195900 -0.00000000 0.83387100
vn -0.62954300 -0.00000000 0.77696500
vn 0.62954300 0.00000000 0.77696500
vn -0.53382900 -0.00000000 0.84559200
vn 0.53382900 0.00000000 0.84559200
vn -0.44132400 -0.00000000 0.89734800
vn 0.44132400 0.00000000 0.89734800
vn -0.51770300 -0.00000000 0.85556000
vn 0.51770300 0.00000000 0.85556000
vn 0.55671400 -0.00000000 -0.83070400
vn -0.55671400 -0.00000000 -0.83070400
vn -0.65842100 -0.00000000 0.75265000
vn 0.65842100 0.00000000 0.75265000
vn -0.53684300 -0.00000000 0.84368200
vn 0.53684300 0.00000000 0.84368200
vn 0.81464300 0.00000000 0.57996300
vn -0.81464300 -0.00000000 0.57996300
vn 0.64764500 0.00000000 0.76194300
vn -0.64764500 -0.00000000 0.76194300
vn -0.87642400 -0.00000000 0.48154100
vn 0.87642400 0.00000000 0.48154100
vn -0.38628700 -0.00000000 0.92237900
vn 0.38628700 0.00000000 0.92237900
vn -0.79957800 -0.00000000 0.60056200
vn 0.79957800 0.00000000 0.60056200
vn 0.08534100 -0.00000000 -0.99635200
vn -0.08534100 -0.00000000 -0.99635200
vn -0.59951300 -0.00000000 0.80036500
vn 0.59951300 0.00000000 0.80036500
vn 0.63378000 0.00000000 0.77351300
vn -0.63378000 -0.00000000 0.77351300
vn -0.83153000 -0.00000000 0.55548000
vn 0.83153000 0.00000000 0.55548000
vn 0.62670000 0.00000000 0.77926000
vn -0.62670000 -0.00000000 0.77926000
vn -0.79859500 -0.00000000 0.60186800
vn 0.79859500 0.00000000 0.60186800
vn -0.74333300 -0.00000000 0.66892200
vn 0.74333300 0.00000000 0.66892200
vn -0.51059100 -0.00000000 0.85982400
vn 0.51059100 0.00000000 0.85982400
vn -0.81644900 -0.00000000 0.57741700
vn 0.81644900 0.00000000 0.57741700
vn -0.60312300 -0.00000000 0.79764800
vn 0.60312300 0.00000000 0.79764800
vn -0.41229200 -0.00000000 0.91105200
vn 0.41229200 0.00000000 0.91105200
vn 0.44853400 -0.00000000 -0.89376600
vn -0.44853400 -0.00000000 -0.89376600
vn 0.74871700 0.00000000 0.66289000
vn -0.74871700 -0.00000000 0.66289000
vn -0.45548200 -0.00000000 0.89024500
vn -0.61578300 -0.00000000 0.78791600
vn 0.45548200 0.00000000 0.89024500
vn 0.61578300 0.00000000 0.78791600
vn 0.55176100 -0.00000000 -0.83400200
vn -0.55176100 -0.00000000 -0.83400200
vn -0.59839800 -0.00000000 0.80119900
vn 0.59839800 0.00000000 0.80119900
vn 0.79625700 0.00000000 0.60495800
vn -0.79625700 -0.00000000 0.60495800
vn -0.44410500 -0.00000000 0.89597500
vn -0.40566600 -0.00000000 0.91402100
vn 0.44410500 0.00000000 0.89597500
vn 0.40566600 0.00000000 0.91402100
vn 0.86739800 0.00000000 0.49761600
vn -0.86739800 -0.00000000 0.49761600
vn -0.45803100 -0.00000000 0.88893600
vn 0.45803100 0.00000000 0.88893600
vn 0.44982800 0.00000000 0.89311500
vn -0.44982800 -0.00000000 0.89311500
vn -0.68196100 -0.00000000 0.73138800
vn 0.68196100 0.00000000 0.73138800
vn 0.94121500 0.00000000 0.33780900
vn -0.94121500 -0.00000000 0.33780900
vn -0.92325900 -0.00000000 0.38417800
vn 0.92325900 0.00000000 0.38417800
vn 0.95402900 0.00000000 0.29971500
vn -0.95402900 -0.00000000 0.29971500
vn -0.56942900 -0.00000000 0.82204000
vn 0.56942900 0.00000000 0.82204000
vn 0.49080000 0.00000000 0.87127200
vn -0.49080000 -0.00000000 0.87127200
vn -0.95855800 -0.00000000 0.28489600
vn 0.95855800 0.00000000 0.28489600
vn 0.99926500 0.00000000 0.03834100
vn -0.99926500 -0.00000000 0.03834100
vn -0.34347200 -0.00000000 0.93916300
vn -0.25018500 -0.00000000 0.96819800
vn 0.34347200 0.00000000 0.93916300
vn 0.25018500 0.00000000 0.96819800
vn 0.61531000 -0.00000000 -0.78828500
vn -0.61531000 -0.00000000 -0.78828500
vn 0.83612500 -0.00000000 -0.54853900
vn -0.83612500 -0.00000000 -0.54853900
vn -0.02393900 -0.00000000 -0.99971300
vn 0.02393900 -0.00000000 -0.99971300
vn 0.92922900 0.00000000 0.36950500
vn -0.92922900 -0.00000000 0.36950500
vn 0.95667300 -0.00000000 -0.29116600
vn -0.95667300 -0.00000000 -0.29116600
vn -0.59936700 -0.00000000 0.80047400
vn 0.59936700 0.00000000 0.80047400
vn 0.93273000 -0.00000000 -0.36057700
vn -0.93273000 -0.00000000 -0.36057700
vn -0.36185800 -0.00000000 0.93223300
vn -0.45936500 -0.00000000 0.88824700
vn 0.36185800 0.00000000 0.93223300
vn 0.45936500 0.00000000 0.88824700
vn -0.31320300 -0.00000000 0.94968600
vn 0.31320300 0.00000000 0.94968600
vn 0.40822800 0.00000000 0.91288000
vn -0.40822800 -0.00000000 0.91288000
vn 0.58921400 -0.00000000 -0.80797700
vn -0.58921400 -0.00000000 -0.80797700
vn -0.10151600 -0.00000000 -0.99483400
vn 0.10151600 -0.00000000 -0.99483400
vn -0.85114800 -0.00000000 -0.52492600
vn 0.85114800 -0.00000000 -0.52492600
vn -0.86161600 -0.00000000 0.50756100
vn 0.86161600 0.00000000 0.50756100
vn 0.94540600 -0.00000000 -0.32589600
vn -0.94540600 -0.00000000 -0.32589600
vn 0.34768100 -0.00000000 -0.93761300
vn -0.34768100 -0.00000000 -0.93761300
vn 0.95520300 0.00000000 0.29595100
vn -0.95520300 -0.00000000 0.29595100
vn 0.87128200 -0.00000000 -0.49078300
vn -0.87128200 -0.00000000 -0.49078300
vn 0.13069600 -0.00000000 -0.99142200
vn -0.13069600 -0.00000000 -0.99142200
vn -0.79807200 -0.00000000 -0.60256200
vn 0.79807200 -0.00000000 -0.60256200
vn 0.41316900 -0.00000000 -0.91065400
vn -0.41316900 -0.00000000 -0.91065400
vn -0.99990000 -0.00000000 -0.01412200
vn 0.99990000 -0.00000000 -0.01412200
vn 0.60534700 0.00000000 0.79596200
vn -0.60534700 -0.00000000 0.79596200
vn 0.60022800 -0.00000000 -0.79982900
vn -0.60022800 -0.00000000 -0.79982900
vn 0.95988800 -0.00000000 -0.28038400
vn -0.95988800 -0.00000000 -0.28038400
vn -0.52041100 -0.00000000 0.85391600
vn 0.52041100 0.00000000 0.85391600
vn 0.29442000 -0.00000000 -0.95567600
vn -0.29442000 -0.00000000 -0.95567600
vn 0.99984200 0.00000000 0.01780300
vn -0.99984200 -0.00000000 0.01780300
vn 0.36168200 -0.00000000 -0.93230200
vn -0.36168200 -0.00000000 -0.93230200
vn 0.74555200 -0.00000000 -0.66644700
vn -0.74555200 -0.00000000 -0.66644700
vn 0.02284700 -0.00000000 -0.99973900
vn -0.02284700 -0.00000000 -0.99973900
vn -0.20116300 -0.00000000 -0.97955800
vn 0.20116300 -0.00000000 -0.97955800
vn -0.92530300 -0.00000000 -0.37922800
vn 0.92530300 -0.00000000 -0.37922800
vn -0.31731200 -0.00000000 -0.94832100
vn 0.31731200 -0.00000000 -0.94832100
vn 0.96247500 -0.00000000 -0.27136900
vn -0.96247500 -0.00000000 -0.27136900
vn -0.84873100 -0.00000000 -0.52882400
vn 0.84873100 -0.00000000 -0.52882400
vn -0.96249800 -0.00000000 0.27128900
vn 0.96249800 0.00000000 0.27128900
vn 0.78511100 -0.00000000 -0.61935500
vn -0.78511100 -0.00000000 -0.61935500
vn 0.16490500 -0.00000000 -0.98630900
vn -0.16490500 -0.00000000 -0.98630900
vn -0.84099600 -0.00000000 -0.54104200
vn 0.84099600 -0.00000000 -0.54104200
vn 0.81077900 -0.00000000 -0.58535200
vn -0.81077900 -0.00000000 -0.58535200
vn 0.99285700 -0.00000000 -0.11931200
vn -0.99285700 -0.00000000 -0.11931200
vn -0.50554500 -0.00000000 -0.86280000
vn 0.50554500 -0.00000000 -0.86280000
vn 0.81766000 -0.00000000 -0.57570100
vn -0.81766000 -0.00000000 -0.57570100
vn -0.94524400 -0.00000000 0.32636600
vn 0.94524400 0.00000000 0.32636600
vn 0.81417200 -0.00000000 -0.58062300
vn -0.81417200 -0.00000000 -0.58062300
vn -0.44023900 -0.00000000 -0.89788100
vn 0.44023900 -0.00000000 -0.89788100
vn -0.42908300 -0.00000000 -0.90326500
vn 0.42908300 -0.00000000 -0.90326500
vn 0.43314500 -0.00000000 -0.90132400
vn -0.43314500 -0.00000000 -0.90132400
vn 0.98481400 -0.00000000 -0.17361400
vn -0.98481400 -0.00000000 -0.17361400
vn 0.98369300 0.00000000 0.17985700
vn -0.98369300 -0.00000000 0.17985700
vn -0.22208100 -0.00000000 -0.97502800
vn 0.22208100 -0.00000000 -0.97502800
vn 0.78775100 -0.00000000 -0.61599300
vn -0.78775100 -0.00000000 -0.61599300
vn 0.86400200 0.00000000 0.50348900
vn -0.86400200 -0.00000000 0.50348900
vn -0.99947300 -0.00000000 0.03245900
vn 0.99947300 0.00000000 0.03245900
vn -0.11567600 -0.00000000 -0.99328700
vn 0.11567600 -0.00000000 -0.99328700
vn 0.88542500 -0.00000000 -0.46478200
vn -0.88542500 -0.00000000 -0.46478200
vn 0.98214700 0.00000000 0.18811500
vn -0.98214700 -0.00000000 0.18811500
vn -0.68070800 -0.00000000 -0.73255500
vn 0.68070800 -0.00000000 -0.73255500
vn 0.94300500 0.00000000 0.33277800
vn -0.94300500 -0.00000000 0.33277800
vn -0.91709500 -0.00000000 0.39866800
vn 0.91709500 0.00000000 0.39866800
vn 0.41493400 -0.00000000 -0.90985100
vn -0.41493400 -0.00000000 -0.90985100
vn 0.43242800 -0.00000000 -0.90166900
vn -0.43242800 -0.00000000 -0.90166900
vn 0.99656300 0.00000000 0.08284200
vn -0.99656300 -0.00000000 0.08284200
vn 0.93913700 0.00000000 0.34354200
vn -0.93913700 -0.00000000 0.34354200
vn 0.94395600 -0.00000000 -0.33007100
vn -0.94395600 -0.00000000 -0.33007100
vn -0.60454300 -0.00000000 -0.79657200
vn 0.60454300 -0.00000000 -0.79657200
vn 0.99841100 0.00000000 0.05634400
vn -0.99841100 -0.00000000 0.05634400
vn 0.99843500 -0.00000000 -0.05591600
vn -0.99843500 -0.00000000 -0.05591600
vn -0.54064400 -0.00000000 -0.84125200
vn 0.54064400 -0.00000000 -0.84125200
vn 0.89189200 0.00000000 0.45224900
vn -0.89189200 -0.00000000 0.45224900
vn 0.50252600 -0.00000000 -0.86456200
vn -0.50252600 -0.00000000 -0.86456200
vn 0.75970100 0.00000000 0.65027200
vn -0.75970100 -0.00000000 0.65027200
vn 0.98764200 0.00000000 0.15672500
vn -0.98764200 -0.00000000 0.15672500
vn 0.99476500 -0.00000000 -0.10219000
vn -0.99476500 -0.00000000 -0.10219000
vn 0.47481100 -0.00000000 -0.88008800
vn -0.47481100 -0.00000000 -0.88008800
vn 0.73418500 -0.00000000 -0.67895000
vn -0.73418500 -0.00000000 -0.67895000
vn -0.63204400 -0.00000000 -0.77493200
vn 0.63204400 -0.00000000 -0.77493200
vn 0.97755000 0.00000000 0.21070200
vn -0.97755000 -0.00000000 0.21070200
vn 0.91876400 0.00000000 0.39480800
vn -0.91876400 -0.00000000 0.39480800
vn 0.95968400 0.00000000 0.28108100
vn -0.95968400 -0.00000000 0.28108100
vn 0.78897200 -0.00000000 -0.61442900
vn -0.78897200 -0.00000000 -0.61442900
vn -0.08988000 -0.00000000 -0.99595300
vn 0.08988000 -0.00000000 -0.99595300
vn -0.69779500 -0.00000000 -0.71629800
vn 0.69779500 -0.00000000 -0.71629800
vn 0.93987600 -0.00000000 -0.34151600
vn -0.93987600 -0.00000000 -0.34151600
vn 0.80005900 -0.00000000 -0.59992200
vn -0.80005900 -0.00000000 -0.59992200
vn 0.61223400 -0.00000000 -0.79067700
vn -0.61223400 -0.00000000 -0.79067700
vn 0.10630400 -0.00000000 -0.99433400
vn -0.10630400 -0.00000000 -0.99433400
vn -0.85755900 -0.00000000 -0.51438600
vn 0.85755900 -0.00000000 -0.51438600
vn 0.99822500 -0.00000000 -0.05955100
vn -0.99822500 -0.00000000 -0.05955100
vn 0.55779000 -0.00000000 -0.82998200
vn -0.55779000 -0.00000000 -0.82998200
vn 0.97378300 -0.00000000 -0.22747900
vn -0.97378300 -0.00000000 -0.22747900
vn -0.76296700 -0.00000000 -0.64643700
vn 0.76296700 -0.00000000 -0.64643700
vn -0.99504800 -0.00000000 0.09939500
vn 0.99504800 0.00000000 0.09939500
vn -0.10620500 -0.00000000 -0.99434400
vn 0.10620500 -0.00000000 -0.99434400
vn -0.99487800 -0.00000000 -0.10108700
vn 0.99487800 -0.00000000 -0.10108700
vn 0.00710700 -0.00000000 -0.99997500
vn -0.00710700 -0.00000000 -0.99997500
vn 0.91035500 0.00000000 0.41382700
vn -0.91035500 -0.00000000 0.41382700
vn 0.86568500 0.00000000 0.50059000
vn -0.86568500 -0.00000000 0.50059000
vn 0.97831300 -0.00000000 -0.20713400
vn -0.97831300 -0.00000000 -0.20713400
vn 0.82570100 -0.00000000 -0.56410900
vn -0.82570100 -0.00000000 -0.56410900
vn 0.96612800 0.00000000 0.25806200
vn -0.96612800 -0.00000000 0.25806200
vn 0.86096300 0.00000000 0.50866800
vn -0.86096300 -0.00000000 0.50866800
vn -0.99594900 -0.00000000 0.08992200
vn 0.99594900 0.00000000 0.08992200
vn 0.94169600 0.00000000 0.33646400
vn -0.94169600 -0.00000000 0.33646400
vn 0.52275500 -0.00000000 -0.85248300
vn -0.52275500 -0.00000000 -0.85248300
vn 0.00292700 -0.00000000 -0.99999600
vn -0.00292700 -0.00000000 -0.99999600
vn -0.02808300 -0.00000000 -0.99960600
vn 0.02808300 -0.00000000 -0.99960600
vn 0.98628200 -0.00000000 -0.16506900
vn -0.98628200 -0.00000000 -0.16506900
vn 0.99704000 0.00000000 0.07688400
vn -0.99704000 -0.00000000 0.07688400
vn -0.95842900 -0.00000000 -0.28533000
vn 0.95842900 -0.00000000 -0.28533000
vn 0.87689300 -0.00000000 -0.48068600
vn -0.87689300 -0.00000000 -0.48068600
vn -0.95934000 -0.00000000 -0.28225200
vn 0.95934000 -0.00000000 -0.28225200
vn 0.98858500 -0.00000000 -0.15066600
vn -0.98858500 -0.00000000 -0.15066600
vn 0.84226500 0.00000000 0.53906300
vn -0.84226500 -0.00000000 0.53906300
vn -0.88602900 -0.00000000 0.46362900
vn 0.88602900 0.00000000 0.46362900
vn 0.99750300 0.00000000 0.07062100
vn -0.99750300 -0.00000000 0.07062100
vn -0.49885000 -0.00000000 -0.86668800
vn 0.49885000 -0.00000000 -0.86668800
vn 0.92099700 0.00000000 0.38957100
vn -0.92099700 -0.00000000 0.38957100
vn 0.37775600 -0.00000000 -0.92590500
vn -0.37775600 -0.00000000 -0.92590500
vn 0.86816000 -0.00000000 -0.49628400
vn -0.86816000 -0.00000000 -0.49628400
vn -0.57016100 -0.00000000 -0.82153300
vn 0.57016100 -0.00000000 -0.82153300
vn -0.36297400 -0.00000000 -0.93179900
vn 0.36297400 -0.00000000 -0.93179900
vn 0.62911000 -0.00000000 -0.77731700
vn -0.62911000 -0.00000000 -0.77731700
vn 0.94012200 -0.00000000 -0.34083900
vn -0.94012200 -0.00000000 -0.34083900
vn 0.98381600 0.00000000 0.17918300
vn -0.98381600 -0.00000000 0.17918300
vn 0.98310800 0.00000000 0.18302900
vn -0.98310800 -0.00000000 0.18302900
vn 0.99879100 0.00000000 0.04915900
vn -0.99879100 -0.00000000 0.04915900
vn 0.51042000 -0.00000000 -0.85992500
vn -0.51042000 -0.00000000 -0.85992500
vn 0.98817600 -0.00000000 -0.15332100
vn -0.98817600 -0.00000000 -0.15332100
vn 0.85366300 -0.00000000 -0.52082600
vn -0.85366300 -0.00000000 -0.52082600
vn -0.51914500 -0.00000000 -0.85468600
vn 0.51914500 -0.00000000 -0.85468600
vn -0.88246400 -0.00000000 -0.47038000
vn 0.88246400 -0.00000000 -0.47038000
vn 0.95721700 -0.00000000 -0.28937000
vn -0.95721700 -0.00000000 -0.28937000
vn 0.67517000 -0.00000000 -0.73766200
vn -0.67517000 -0.00000000 -0.73766200
vn 0.94506700 0.00000000 0.32687600
vn -0.94506700 -0.00000000 0.32687600
vn 0.45134700 -0.00000000 -0.89234800
vn -0.45134700 -0.00000000 -0.89234800
vn -0.24444400 -0.00000000 -0.96966400
vn 0.24444400 -0.00000000 -0.96966400
vn -0.67710100 -0.00000000 -0.73589000
vn 0.67710100 -0.00000000 -0.73589000
vn 0.90035800 0.00000000 0.43515000
vn -0.90035800 -0.00000000 0.43515000
vn 0.51137700 0.00000000 0.85935600
vn -0.64209600 -0.00000000 0.76662400
vn -0.51137700 -0.00000000 0.85935600
vn 0.64209600 0.00000000 0.76662400
vn -0.93764600 -0.00000000 -0.34759300
vn 0.93764600 -0.00000000 -0.34759300
vn 0.99868000 -0.00000000 -0.05136100
vn -0.99868000 -0.00000000 -0.05136100
vn 0.58226500 0.00000000 0.81299900
vn -0.58226500 -0.00000000 0.81299900
vn -0.81316400 -0.00000000 0.58203400
vn 0.81316400 0.00000000 0.58203400
vn 0.84312700 0.00000000 0.53771500
vn -0.84312700 -0.00000000 0.53771500
vn -0.07673100 -0.00000000 -0.99705200
vn 0.07673100 -0.00000000 -0.99705200
vn 0.02804000 -0.00000000 -0.99960700
vn -0.02804000 -0.00000000 -0.99960700
vn 0.51148900 -0.00000000 -0.85929000
vn -0.51148900 -0.00000000 -0.85929000
vn 0.50809500 -0.00000000 -0.86130100
vn -0.50809500 -0.00000000 -0.86130100
vn -0.99998900 -0.00000000 -0.00463800
vn 0.99998900 -0.00000000 -0.00463800
vn 0.83736300 -0.00000000 -0.54664700
vn -0.83736300 -0.00000000 -0.54664700
vn 0.97651400 -0.00000000 -0.21545200
vn -0.97651400 -0.00000000 -0.21545200
vn -0.98867000 -0.00000000 -0.15010300
vn 0.98867000 -0.00000000 -0.15010300
vn 0.10555000 -0.00000000 -0.99441400
vn -0.10555000 -0.00000000 -0.99441400
vn -0.47085300 -0.00000000 0.88221100
vn 0.47085300 0.00000000 0.88221100
vn -0.94303500 -0.00000000 -0.33269400
vn 0.94303500 -0.00000000 -0.33269400
vn 0.52177100 -0.00000000 -0.85308500
vn -0.52177100 -0.00000000 -0.85308500
vn -0.91409800 -0.00000000 -0.40549400
vn 0.91409800 -0.00000000 -0.40549400
vn 0.02917800 -0.00000000 -0.99957400
vn -0.02917800 -0.00000000 -0.99957400
vn 0.96304800 0.00000000 0.26933000
vn -0.96304800 -0.00000000 0.26933000
vn 0.98591300 -0.00000000 -0.16725600
vn -0.98591300 -0.00000000 -0.16725600
vn 0.98746200 0.00000000 0.15785500
vn -0.98746200 -0.00000000 0.15785500
vn 0.51216600 -0.00000000 -0.85888600
vn -0.51216600 -0.00000000 -0.85888600
vn -0.29637900 -0.00000000 0.95507100
vn 0.29637900 0.00000000 0.95507100
vn -0.06743100 -0.00000000 -0.99772400
vn 0.06743100 -0.00000000 -0.99772400
vn 0.89175300 0.00000000 0.45252200
vn -0.89175300 -0.00000000 0.45252200
vn 0.92851200 -0.00000000 -0.37130300
vn -0.92851200 -0.00000000 -0.37130300
vn 0.94669100 0.00000000 0.32214300
vn -0.94669100 -0.00000000 0.32214300
vn -0.94316400 -0.00000000 0.33232800
vn 0.94316400 0.00000000 0.33232800
vn -0.89622600 -0.00000000 -0.44359700
vn 0.89622600 -0.00000000 -0.44359700
vn -0.13603700 -0.00000000 -0.99070400
vn 0.13603700 -0.00000000 -0.99070400
vn 0.05323300 -0.00000000 -0.99858200
vn -0.05323300 -0.00000000 -0.99858200
vn 0.32250400 -0.00000000 -0.94656800
vn -0.32250400 -0.00000000 -0.94656800
vn 0.93879900 -0.00000000 -0.34446600
vn -0.93879900 -0.00000000 -0.34446600
vn -0.52961100 -0.00000000 -0.84824000
vn 0.52961100 -0.00000000 -0.84824000
vn -0.46611900 -0.00000000 0.88472200
vn 0.46611900 0.00000000 0.88472200
vn -0.82331700 -0.00000000 0.56758200
vn 0.82331700 0.00000000 0.56758200
vn 0.84747600 0.00000000 0.53083400
vn -0.84747600 -0.00000000 0.53083400
vn 0.98136700 0.00000000 0.19214300
vn -0.98136700 -0.00000000 0.19214300
vn -0.30709500 -0.00000000 -0.95167900
vn 0.30709500 -0.00000000 -0.95167900
vn -0.87110700 -0.00000000 0.49109400
vn 0.87110700 0.00000000 0.49109400
vn 0.13783600 -0.00000000 -0.99045500
vn -0.13783600 -0.00000000 -0.99045500
vn -0.98850100 -0.00000000 0.15121400
vn 0.98850100 0.00000000 0.15121400
vn -0.88007500 -0.00000000 0.47483500
vn 0.88007500 0.00000000 0.47483500
vn 0.23652000 -0.00000000 -0.97162700
vn -0.23652000 -0.00000000 -0.97162700
vn 0.85197000 -0.00000000 -0.52359100
vn -0.85197000 -0.00000000 -0.52359100
vn 0.28676800 -0.00000000 -0.95800000
vn -0.28676800 -0.00000000 -0.95800000
vn -0.91205600 -0.00000000 -0.41006500
vn 0.91205600 -0.00000000 -0.41006500
vn -0.44730000 -0.00000000 -0.89438400
vn 0.44730000 -0.00000000 -0.89438400
vn 0.74768800 -0.00000000 -0.66405000
vn -0.74768800 -0.00000000 -0.66405000
vn 0.19656100 -0.00000000 -0.98049200
vn -0.19656100 -0.00000000 -0.98049200
vn -0.04239100 -0.00000000 -0.99910100
vn 0.04239100 -0.00000000 -0.99910100
vn 0.15103200 -0.00000000 -0.98852900
vn -0.15103200 -0.00000000 -0.98852900
vn 0.41604400 -0.00000000 -0.90934500
vn -0.41604400 -0.00000000 -0.90934500
vn 0.95067600 -0.00000000 -0.31018500
vn -0.95067600 -0.00000000 -0.31018500
vn 0.98309600 0.00000000 0.18309300
vn -0.98309600 -0.00000000 0.18309300
vn 0.21501200 -0.00000000 -0.97661100
vn -0.21501200 -0.00000000 -0.97661100
vn 0.97330600 -0.00000000 -0.22951000
vn -0.97330600 -0.00000000 -0.22951000
vn 0.07689800 -0.00000000 -0.99703900
vn -0.07689800 -0.00000000 -0.99703900
vn -0.99996800 -0.00000000 -0.00795500
vn 0.99996800 -0.00000000 -0.00795500
vn 0.58213600 0.00000000 0.81309200
vn -0.58213600 -0.00000000 0.81309200
vn 0.01418100 -0.00000000 -0.99989900
vn -0.01418100 -0.00000000 -0.99989900
vn 0.74297800 0.00000000 0.66931600
vn -0.74297800 -0.00000000 0.66931600
vn 0.97657700 0.00000000 0.21517000
vn -0.97657700 -0.00000000 0.21517000
vn 0.79935700 -0.00000000 -0.60085600
vn -0.79935700 -0.00000000 -0.60085600
vn 0.88439900 -0.00000000 -0.46673100
vn -0.88439900 -0.00000000 -0.46673100
vn 0.95494300 -0.00000000 -0.29678900
vn -0.95494300 -0.00000000 -0.29678900
vn 0.78580000 -0.00000000 -0.61848000
vn -0.78580000 -0.00000000 -0.61848000
vn 0.40160100 -0.00000000 -0.91581500
vn -0.40160100 -0.00000000 -0.91581500
vn 0.98963300 -0.00000000 -0.14362200
vn -0.98963300 -0.00000000 -0.14362200
vn -0.75142700 -0.00000000 -0.65981600
vn 0.75142700 -0.00000000 -0.65981600
vn 0.99970900 -0.00000000 -0.02412000
vn -0.99970900 -0.00000000 -0.02412000
vn 0.07902300 -0.00000000 -0.99687300
vn -0.07902300 -0.00000000 -0.99687300
vn -0.25249100 -0.00000000 -0.96759900
vn 0.25249100 -0.00000000 -0.96759900
vn -0.88763900 -0.00000000 -0.46053900
vn 0.88763900 -0.00000000 -0.46053900
vn 0.71173400 -0.00000000 -0.70244900
vn -0.71173400 -0.00000000 -0.70244900
vn 0.90960100 0.00000000 0.41548300
vn -0.90960100 -0.00000000 0.41548300
vn 0.92529000 -0.00000000 -0.37926100
vn -0.92529000 -0.00000000 -0.37926100
vn 0.64168300 -0.00000000 -0.76697000
vn -0.64168300 -0.00000000 -0.76697000
vn 0.69485600 -0.00000000 -0.71914900
vn -0.69485600 -0.00000000 -0.71914900
vn 0.61323700 0.00000000 0.78989900
vn -0.61323700 -0.00000000 0.78989900
vn 0.76372500 -0.00000000 -0.64554200
vn -0.76372500 -0.00000000 -0.64554200
vn -0.18222000 -0.00000000 -0.98325800
vn 0.18222000 -0.00000000 -0.98325800
vn -0.77236600 -0.00000000 -0.63517700
vn 0.77236600 -0.00000000 -0.63517700
vn 0.98217500 0.00000000 0.18796800
vn -0.98217500 -0.00000000 0.18796800
vn 0.99949100 0.00000000 0.03191300
vn -0.99949100 -0.00000000 0.03191300
vn 0.70949800 0.00000000 0.70470800
vn -0.70949800 -0.00000000 0.70470800
vn -0.99700500 -0.00000000 0.07733300
vn 0.99700500 0.00000000 0.07733300
vn -0.99895800 -0.00000000 -0.04564600
vn 0.99895800 -0.00000000 -0.04564600
vn -0.99884400 -0.00000000 0.04807600
vn 0.99884400 0.00000000 0.04807600
vn 0.83580000 0.00000000 0.54903500
vn -0.83580000 -0.00000000 0.54903500
vn -0.57127600 -0.00000000 -0.82075800
vn 0.57127600 -0.00000000 -0.82075800
vn 0.54847400 -0.00000000 -0.83616800
vn -0.54847400 -0.00000000 -0.83616800
vn -0.90807500 -0.00000000 -0.41880800
vn 0.90807500 -0.00000000 -0.41880800
vn 0.87212300 0.00000000 0.48928600
vn -0.87212300 -0.00000000 0.48928600
vn -0.77417400 -0.00000000 0.63297200
vn 0.77417400 0.00000000 0.63297200
vn -0.97542800 -0.00000000 -0.22031900
vn 0.97542800 -0.00000000 -0.22031900
vn -0.39087600 -0.00000000 -0.92044300
vn 0.39087600 -0.00000000 -0.92044300
vn 0.45047200 -0.00000000 -0.89279000
vn -0.45047200 -0.00000000 -0.89279000
vn 0.98603700 -0.00000000 -0.16652800
vn -0.98603700 -0.00000000 -0.16652800
vn 0.98182300 -0.00000000 -0.18979700
vn -0.98182300 -0.00000000 -0.18979700
vn 0.63921400 -0.00000000 -0.76902900
vn -0.63921400 -0.00000000 -0.76902900
vn 0.75651700 -0.00000000 -0.65397400
vn -0.75651700 -0.00000000 -0.65397400
vn 0.38643700 -0.00000000 -0.92231600
vn -0.38643700 -0.00000000 -0.92231600
vn 0.92558700 0.00000000 0.37853600
vn -0.92558700 -0.00000000 0.37853600
vn -0.98784100 -0.00000000 -0.15546700
vn 0.98784100 -0.00000000 -0.15546700
vn -0.94533000 -0.00000000 0.32611500
vn 0.94533000 0.00000000 0.32611500
vn 0.47419400 -0.00000000 -0.88042000
vn -0.47419400 -0.00000000 -0.88042000
vn 0.22839900 -0.00000000 -0.97356800
vn -0.22839900 -0.00000000 -0.97356800
vn -0.61695900 -0.00000000 0.78699600
vn 0.61695900 0.00000000 0.78699600
vn 0.97402400 0.00000000 0.22644700
vn -0.97402400 -0.00000000 0.22644700
vn 0.30402700 -0.00000000 -0.95266300
vn -0.30402700 -0.00000000 -0.95266300
vn -0.26322200 -0.00000000 0.96473500
vn 0.26322200 0.00000000 0.96473500
vn 0.93424100 -0.00000000 -0.35664300
vn -0.93424100 -0.00000000 -0.35664300
vn -0.29222500 -0.00000000 -0.95635000
vn 0.29222500 -0.00000000 -0.95635000
vn 0.91764200 -0.00000000 -0.39740700
vn -0.91764200 -0.00000000 -0.39740700
vn 0.58864900 -0.00000000 -0.80838800
vn -0.58864900 -0.00000000 -0.80838800
vn 0.95425300 -0.00000000 -0.29900000
vn -0.95425300 -0.00000000 -0.29900000
vn 0.70071500 -0.00000000 -0.71344100
vn -0.70071500 -0.00000000 -0.71344100
vn -0.23211200 -0.00000000 -0.97268900
vn 0.23211200 -0.00000000 -0.97268900
vn 0.46337700 0.00000000 0.88616100
vn -0.46337700 -0.00000000 0.88616100
vn 0.99867900 -0.00000000 -0.05138800
vn -0.99867900 -0.00000000 -0.05138800
vn 0.96429900 0.00000000 0.26481700
vn -0.96429900 -0.00000000 0.26481700
vn -0.64316500 -0.00000000 -0.76572700
vn 0.64316500 -0.00000000 -0.76572700
vn -0.59807900 -0.00000000 0.80143700
vn 0.59807900 0.00000000 0.80143700
vn -0.74506700 -0.00000000 -0.66699000
vn 0.74506700 -0.00000000 -0.66699000
vn 0.54654400 0.00000000 0.83743100
vn -0.54654400 -0.00000000 0.83743100
vn -0.73765000 -0.00000000 0.67518300
vn 0.73765000 0.00000000 0.67518300
vn -0.52405900 -0.00000000 0.85168200
vn 0.52405900 0.00000000 0.85168200
vn 0.93910600 0.00000000 0.34362600
vn -0.93910600 -0.00000000 0.34362600
vn 0.95696200 0.00000000 0.29021300
vn -0.95696200 -0.00000000 0.29021300
vn 0.98567700 0.00000000 0.16864700
vn -0.98567700 -0.00000000 0.16864700
vn 0.80965900 0.00000000 0.58690000
vn -0.80965900 -0.00000000 0.58690000
vn 0.00000000 1.00000000 0.00000000
vn -0.00000000 -1.00000000 -0.00000000
f 11//11 128//128 2//2
f 12//12 128//128 5//5
f 128//128 12//12 2//2
f 9//9 10//10 16//16
f 15//15 9//9 16//16
f 8//8 9//9 15//15
f 14//14 8//8 15//15
f 7//7 8//8 14//14
f 13//13 7//7 14//14
f 6//6 7//7 13//13
f 12//12 6//6 13//13
f 5//5 6//6 12//12
f 16//16 129//129 2//2
f 129//129 16//16 10//10
f 129//129 11//11 2//2
f 11//11 129//129 1//1
f 129//129 10//10 1//1
f 128//128 11//11 1//1
f 5//5 128//128 1//1
f 22//22 130//130 3//3
f 130//130 21//21 3//3
f 21//21 130//130 28//28
f 27//27 21//21 28//28
f 20//20 21//21 27//27
f 26//26 20//20 27//27
f 19//19 20//20 26//26
f 25//25 19//19 26//26
f 18//18 19//19 25//25
f 24//24 18//18 25//25
f 17//17 18//18 24//24
f 23//23 17//17 24//24
f 131//131 22//22 3//3
f 131//131 17//17 23//23
f 17//17 131//131 3//3
f 22//22 131//131 4//4
f 131//131 23//23 4//4
f 28//28 130//130 4//4
f 130//130 22//22 4//4
f 1012//1012 688//688 780//780
f 904//904 164//164 474//474
f 264//264 904//904 152//152
f 1011//1011 687//687 779//779
f 1104//1104 694//694 980//980
f 782//782 694//694 1104//1104
f 1103//1103 693//693 979//979
f 781//781 693//693 1103//1103
f 904//904 474//474 152//152
f 903//903 163//163 473//473
f 370//370 886//886 250//250
f 250//250 888//888 370//370
f 369//369 885//885 249//249
f 249//249 887//887 369//369
f 1027//1027 932//932 815//815
f 932//932 1027//1027 73//73
f 95//95 561//561 1159//1159
f 95//95 1159//1159 94//94
f 1028//1028 931//931 816//816
f 931//931 1028//1028 83//83
f 61//61 562//562 1160//1160
f 61//61 1160//1160 62//62
f 597//597 153//153 392//392
f 263//263 903//903 151//151
f 634//634 50//50 49//49
f 598//598 154//154 391//391
f 903//903 473//473 151//151
f 632//632 106//106 107//107
f 57//57 590//590 1143//1143
f 106//106 633//633 107//107
f 1076//1076 1064//1064 77//77
f 78//78 1076//1076 77//77
f 78//78 1024//1024 1076//1076
f 1075//1075 1063//1063 79//79
f 78//78 1075//1075 79//79
f 78//78 1023//1023 1075//1075
f 940//940 864//864 730//730
f 864//864 288//288 730//730
f 939//939 863//863 729//729
f 863//863 287//287 729//729
f 57//57 1143//1143 580//580
f 1090//1090 962//962 758//758
f 962//962 935//935 758//758
f 50//50 631//631 49//49
f 1018//1018 970//970 640//640
f 1089//1089 961//961 757//757
f 961//961 936//936 757//757
f 262//262 1018//1018 640//640
f 226//226 1094//1094 708//708
f 1017//1017 969//969 639//639
f 1094//1094 226//226 119//119
f 468//468 1094//1094 118//118
f 261//261 1017//1017 639//639
f 118//118 1094//1094 119//119
f 468//468 594//594 238//238
f 224//224 1093//1093 707//707
f 334//334 238//238 594//594
f 467//467 593//593 237//237
f 1093//1093 224//224 37//37
f 332//332 237//237 593//593
f 310//310 406//406 728//728
f 728//728 602//602 310//310
f 309//309 405//405 727//727
f 727//727 601//601 309//309
f 708//708 1080//1080 380//380
f 99//99 588//588 1144//1144
f 924//924 242//242 876//876
f 380//380 1082//1082 708//708
f 99//99 1144//1144 578//578
f 923//923 241//241 875//875
f 986//986 1006//1006 497//497
f 132//132 986//986 497//497
f 985//985 1005//1005 498//498
f 132//132 985//985 498//498
f 856//856 278//278 818//818
f 178//178 856//856 818//818
f 952//952 722//722 401//401
f 855//855 277//277 817//817
f 177//177 855//855 817//817
f 401//401 887//887 952//952
f 132//132 498//498 368//368
f 986//986 132//132 368//368
f 368//368 274//274 986//986
f 132//132 497//497 367//367
f 985//985 132//132 367//367
f 367//367 273//273 985//985
f 465//465 866//866 244//244
f 929//929 952//952 887//887
f 951//951 721//721 402//402
f 466//466 865//865 243//243
f 402//402 888//888 951//951
f 930//930 951//951 888//888
f 664//664 908//908 980//980
f 467//467 1093//1093 38//38
f 707//707 1079//1079 379//379
f 379//379 1081//1081 707//707
f 980//980 652//652 664//664
f 663//663 907//907 979//979
f 38//38 1093//1093 37//37
f 814//814 702//702 944//944
f 146//146 814//814 944//944
f 979//979 651//651 663//663
f 1168//1168 300//300 335//335
f 1112//1112 814//814 146//146
f 813//813 701//701 943//943
f 143//143 813//813 943//943
f 1168//1168 814//814 1112//1112
f 500//500 276//276 536//536
f 276//276 500//500 812//812
f 1111//1111 813//813 143//143
f 499//499 275//275 535//535
f 275//275 499//499 811//811
f 665//665 722//722 1026//1026
f 672//672 1026//1026 722//722
f 1026//1026 374//374 665//665
f 872//872 426//426 430//430
f 666//666 721//721 1025//1025
f 671//671 1025//1025 721//721
f 1025//1025 373//373 666//666
f 871//871 425//425 429//429
f 818//818 1038//1038 906//906
f 436//436 792//792 442//442
f 418//418 1038//1038 918//918
f 792//792 436//436 788//788
f 817//817 1037//1037 905//905
f 435//435 791//791 441//441
f 417//417 1037//1037 917//917
f 791//791 435//435 787//787
f 124//124 296//296 125//125
f 854//854 492//492 140//140
f 317//317 554//554 93//93
f 492//492 854//854 428//428
f 674//674 732//732 504//504
f 1042//1042 674//674 504//504
f 548//548 296//296 124//124
f 626//626 1042//1042 504//504
f 673//673 731//731 503//503
f 1041//1041 673//673 503//503
f 32//32 294//294 31//31
f 625//625 1041//1041 503//503
f 93//93 554//554 94//94
f 547//547 294//294 32//32
f 1052//1052 962//962 1078//1078
f 826//826 1078//1078 962//962
f 1051//1051 961//961 1077//1077
f 825//825 1077//1077 961//961
f 554//554 196//196 94//94
f 315//315 553//553 63//63
f 63//63 553//553 62//62
f 553//553 195//195 62//62
f 686//686 854//854 140//140
f 853//853 491//491 138//138
f 491//491 853//853 427//427
f 685//685 853//853 138//138
f 295//295 124//124 125//125
f 364//364 360//360 1020//1020
f 642//642 364//364 1020//1020
f 293//293 32//32 31//31
f 868//868 1118//1118 710//710
f 1062//1062 1118//1118 868//868
f 606//606 910//910 976//976
f 606//606 534//534 910//910
f 605//605 909//909 975//975
f 605//605 533//533 909//909
f 794//794 1020//1020 360//360
f 363//363 359//359 1019//1019
f 641//641 363//363 1019//1019
f 710//710 1118//1118 1016//1016
f 867//867 1117//1117 709//709
f 793//793 1019//1019 359//359
f 362//362 990//990 522//522
f 806//806 362//362 522//522
f 361//361 989//989 521//521
f 805//805 361//361 521//521
f 302//302 560//560 108//108
f 302//302 108//108 109//109
f 136//136 302//302 109//109
f 301//301 559//559 48//48
f 301//301 48//48 47//47
f 135//135 301//301 47//47
f 1038//1038 418//418 906//906
f 418//418 184//184 906//906
f 184//184 418//418 768//768
f 1037//1037 417//417 905//905
f 1061//1061 1117//1117 867//867
f 417//417 183//183 905//905
f 709//709 1117//1117 1015//1015
f 1034//1034 182//182 768//768
f 183//183 417//417 767//767
f 1033//1033 181//181 767//767
f 904//904 1114//1114 690//690
f 1114//1114 904//904 264//264
f 612//612 544//544 592//592
f 544//544 600//600 333//333
f 903//903 1113//1113 689//689
f 1113//1113 903//903 263//263
f 612//612 600//600 544//544
f 611//611 543//543 591//591
f 1076//1076 1072//1072 1064//1064
f 1072//1072 828//828 1064//1064
f 1075//1075 1071//1071 1063//1063
f 1071//1071 827//827 1063//1063
f 840//840 170//170 774//774
f 894//894 996//996 892//892
f 543//543 599//599 331//331
f 656//656 894//894 892//892
f 839//839 169//169 773//773
f 893//893 995//995 891//891
f 611//611 599//599 543//543
f 655//655 893//893 891//891
f 150//150 826//826 1090//1090
f 826//826 962//962 1090//1090
f 388//388 488//488 810//810
f 149//149 825//825 1089//1089
f 825//825 961//961 1089//1089
f 488//488 804//804 810//810
f 935//935 1052//1052 704//704
f 935//935 962//962 1052//1052
f 704//704 1052//1052 884//884
f 936//936 1051//1051 703//703
f 936//936 961//961 1051//1051
f 703//703 1051//1051 883//883
f 806//806 796//796 362//362
f 440//440 806//806 1082//1082
f 804//804 1000//1000 998//998
f 440//440 796//796 806//806
f 805//805 795//795 361//361
f 803//803 999//999 997//997
f 482//482 500//500 536//536
f 536//536 348//348 482//482
f 481//481 499//499 535//535
f 535//535 347//347 481//481
f 910//910 142//142 976//976
f 602//602 142//142 910//910
f 264//264 976//976 142//142
f 909//909 139//139 975//975
f 439//439 805//805 1081//1081
f 439//439 795//795 805//805
f 601//601 139//139 909//909
f 678//678 836//836 514//514
f 396//396 836//836 678//678
f 263//263 975//975 139//139
f 527//527 325//325 766//766
f 842//842 836//836 396//396
f 527//527 766//766 1030//1030
f 677//677 835//835 513//513
f 395//395 835//835 677//677
f 814//814 1168//1168 335//335
f 528//528 326//326 765//765
f 528//528 765//765 1029//1029
f 841//841 835//835 395//395
f 300//300 1168//1168 1112//1112
f 1167//1167 299//299 336//336
f 589//589 99//99 579//579
f 99//99 589//589 100//100
f 387//387 487//487 809//809
f 100//100 589//589 215//215
f 416//416 458//458 484//484
f 587//587 57//57 577//577
f 57//57 587//587 56//56
f 487//487 803//803 809//809
f 56//56 587//587 213//213
f 392//392 898//898 926//926
f 454//454 1028//1028 816//816
f 926//926 464//464 392//392
f 391//391 897//897 925//925
f 49//49 631//631 531//531
f 925//925 463//463 391//391
f 708//708 1094//1094 1080//1080
f 280//280 529//529 828//828
f 49//49 531//531 48//48
f 107//107 633//633 532//532
f 283//283 942//942 1036//1036
f 176//176 283//283 1036//1036
f 415//415 457//457 483//483
f 279//279 530//530 827//827
f 284//284 941//941 1035//1035
f 175//175 284//284 1035//1035
f 107//107 532//532 108//108
f 707//707 1093//1093 1079//1079
f 1106//1106 956//956 1054//1054
f 1106//1106 244//244 246//246
f 248//248 150//150 148//148
f 1090//1090 148//148 150//150
f 148//148 1090//1090 1086//1086
f 758//758 1086//1086 1090//1090
f 145//145 1089//1089 1085//1085
f 757//757 1085//1085 1089//1089
f 572//572 328//328 469//469
f 719//719 469//469 328//328
f 571//571 327//327 470//470
f 720//720 470//470 327//327
f 247//247 149//149 145//145
f 1089//1089 145//145 149//149
f 808//808 466//466 716//716
f 1110//1110 1010//1010 551//551
f 1007//1007 551//551 1010//1010
f 807//807 465//465 715//715
f 1027//1027 453//453 1163//1163
f 1167//1167 813//813 1111//1111
f 453//453 1027//1027 815//815
f 1163//1163 453//453 867//867
f 1010//1010 471//471 1007//1007
f 1109//1109 1009//1009 552//552
f 1008//1008 552//552 1009//1009
f 1009//1009 472//472 1008//1008
f 1106//1106 246//246 956//956
f 242//242 760//760 822//822
f 1105//1105 955//955 1053//1053
f 1105//1105 243//243 245//245
f 822//822 1146//1146 1058//1058
f 1105//1105 245//245 955//955
f 898//898 316//316 539//539
f 153//153 316//316 898//898
f 153//153 898//898 392//392
f 897//897 318//318 540//540
f 154//154 318//318 897//897
f 154//154 897//897 391//391
f 605//605 341//341 349//349
f 1054//1054 1108//1108 448//448
f 526//526 123//123 124//124
f 526//526 511//511 123//123
f 1054//1054 448//448 1004//1004
f 605//605 349//349 217//217
f 752//752 1044//1044 682//682
f 420//420 682//682 1044//1044
f 420//420 1048//1048 682//682
f 295//295 526//526 124//124
f 751//751 1043//1043 681//681
f 419//419 681//681 1043//1043
f 419//419 1047//1047 681//681
f 525//525 33//33 32//32
f 266//266 172//172 1026//1026
f 265//265 171//171 1025//1025
f 1053//1053 1107//1107 447//447
f 525//525 509//509 33//33
f 293//293 525//525 32//32
f 1053//1053 447//447 1003//1003
f 402//402 666//666 668//668
f 802//802 402//402 668//668
f 401//401 665//665 667//667
f 801//801 401//401 667//667
f 700//700 1040//1040 1062//1062
f 456//456 840//840 446//446
f 446//446 840//840 774//774
f 699//699 1039//1039 1061//1061
f 455//455 839//839 445//445
f 682//682 1048//1048 676//676
f 445//445 839//839 773//773
f 816//816 1056//1056 798//798
f 1056//1056 890//890 182//182
f 1056//1056 182//182 798//798
f 681//681 1047//1047 675//675
f 815//815 1055//1055 797//797
f 1055//1055 889//889 181//181
f 1055//1055 181//181 797//797
f 348//348 536//536 462//462
f 462//462 536//536 1058//1058
f 462//462 870//870 254//254
f 348//348 462//462 254//254
f 347//347 535//535 461//461
f 461//461 535//535 1057//1057
f 461//461 869//869 253//253
f 347//347 461//461 253//253
f 242//242 822//822 1058//1058
f 176//176 1012//1012 506//506
f 241//241 759//759 821//821
f 175//175 1011//1011 505//505
f 164//164 420//420 1044//1044
f 864//864 420//420 164//164
f 163//163 419//419 1043//1043
f 863//863 419//419 163//163
f 606//606 342//342 350//350
f 590//590 57//57 56//56
f 590//590 56//56 216//216
f 606//606 350//350 218//218
f 400//400 1060//1060 1008//1008
f 588//588 99//99 100//100
f 588//588 100//100 214//214
f 399//399 1059//1059 1007//1007
f 742//742 883//883 432//432
f 800//800 742//742 432//432
f 703//703 883//883 742//742
f 741//741 884//884 431//431
f 799//799 741//741 431//431
f 704//704 884//884 741//741
f 854//854 686//686 690//690
f 686//686 288//288 690//690
f 853//853 685//685 689//689
f 821//821 1145//1145 1057//1057
f 685//685 287//287 689//689
f 813//813 1167//1167 336//336
f 1134//1134 842//842 168//168
f 842//842 1134//1134 852//852
f 272//272 412//412 1134//1134
f 241//241 821//821 1057//1057
f 299//299 1167//1167 1111//1111
f 1133//1133 841//841 167//167
f 841//841 1133//1133 851//851
f 271//271 411//411 1133//1133
f 1072//1072 756//756 434//434
f 1002//1002 434//434 756//756
f 1071//1071 755//755 433//433
f 1001//1001 433//433 755//755
f 820//820 830//830 858//858
f 798//798 454//454 816//816
f 830//830 820//820 422//422
f 618//618 820//820 858//858
f 819//819 829//829 857//857
f 797//797 453//453 815//815
f 829//829 819//819 421//421
f 617//617 819//819 857//857
f 860//860 604//604 878//878
f 860//860 476//476 604//604
f 859//859 603//603 877//877
f 859//859 475//475 603//603
f 960//960 478//478 410//410
f 684//684 410//410 478//478
f 170//170 960//960 410//410
f 959//959 477//477 409//409
f 683//683 409//409 477//477
f 169//169 959//959 409//409
f 810//810 850//850 388//388
f 238//238 850//850 810//810
f 809//809 849//849 387//387
f 237//237 849//849 809//809
f 748//748 627//627 517//517
f 537//537 1084//1084 1024//1024
f 1030//1030 872//872 537//537
f 747//747 628//628 519//519
f 1018//1018 788//788 258//258
f 1084//1084 537//537 872//872
f 902//902 126//126 670//670
f 126//126 902//902 127//127
f 974//974 127//127 902//902
f 900//900 30//30 669//669
f 538//538 1083//1083 1023//1023
f 1017//1017 787//787 257//257
f 1029//1029 871//871 538//538
f 1083//1083 538//538 871//871
f 694//694 1100//1100 696//696
f 784//784 696//696 1100//1100
f 693//693 1099//1099 695//695
f 783//783 695//695 1099//1099
f 1066//1066 970//970 1102//1102
f 290//290 111//111 112//112
f 1065//1065 969//969 1101//1101
f 596//596 290//290 112//112
f 254//254 486//486 770//770
f 770//770 348//348 254//254
f 253//253 485//485 769//769
f 769//769 347//347 253//253
f 922//922 684//684 478//478
f 30//30 900//900 29//29
f 289//289 45//45 44//44
f 1106//1106 1054//1054 1004//1004
f 595//595 289//289 44//44
f 973//973 29//29 900//900
f 1105//1105 1053//1053 1003//1003
f 412//412 1166//1166 1134//1134
f 921//921 683//683 477//477
f 335//335 198//198 814//814
f 246//246 720//720 956//956
f 852//852 1166//1166 290//290
f 868//868 710//710 766//766
f 336//336 197//197 813//813
f 246//246 470//470 720//720
f 867//867 709//709 765//765
f 330//330 946//946 626//626
f 626//626 702//702 330//330
f 1036//1036 668//668 666//666
f 666//666 490//490 1036//1036
f 1035//1035 667//667 665//665
f 665//665 489//489 1035//1035
f 357//357 113//113 114//114
f 1042//1042 626//626 946//946
f 329//329 945//945 625//625
f 345//345 357//357 114//114
f 355//355 43//43 42//42
f 625//625 701//701 329//329
f 1041//1041 625//625 945//945
f 346//346 355//355 42//42
f 748//748 370//370 802//802
f 246//246 838//838 470//470
f 245//245 719//719 955//955
f 747//747 369//369 801//801
f 245//245 469//469 719//719
f 245//245 837//837 469//469
f 327//327 529//529 280//280
f 1018//1018 376//376 970//970
f 327//327 280//280 720//720
f 328//328 530//530 279//279
f 780//780 609//609 315//315
f 328//328 279//279 719//719
f 688//688 609//609 780//780
f 1118//1118 832//832 1003//1003
f 113//113 358//358 114//114
f 376//376 1018//1018 194//194
f 1018//1018 258//258 194//194
f 1117//1117 831//831 1004//1004
f 779//779 610//610 317//317
f 687//687 610//610 779//779
f 147//147 964//964 256//256
f 256//256 1086//1086 147//147
f 144//144 963//963 255//255
f 255//255 1085//1085 144//144
f 348//348 147//147 482//482
f 347//347 144//144 481//481
f 924//924 878//878 746//746
f 43//43 356//356 42//42
f 1017//1017 375//375 969//969
f 1080//1080 928//928 658//658
f 923//923 877//877 745//745
f 380//380 1080//1080 658//658
f 1079//1079 927//927 657//657
f 379//379 1079//1079 657//657
f 982//982 1068//1068 660//660
f 935//935 500//500 758//758
f 696//696 982//982 660//660
f 500//500 482//482 758//758
f 981//981 1067//1067 659//659
f 695//695 981//981 659//659
f 496//496 844//844 728//728
f 1066//1066 1130//1130 660//660
f 938//938 496//496 728//728
f 882//882 496//496 938//938
f 495//495 843//843 727//727
f 1130//1130 694//694 660//660
f 936//936 499//499 757//757
f 937//937 495//495 727//727
f 881//881 495//495 937//937
f 499//499 481//481 757//757
f 375//375 1017//1017 193//193
f 1017//1017 257//257 193//193
f 1065//1065 1129//1129 659//659
f 438//438 792//792 794//794
f 204//204 60//60 59//59
f 442//442 792//792 438//438
f 202//202 96//96 97//97
f 437//437 791//791 793//793
f 96//96 203//203 97//97
f 216//216 616//616 336//336
f 60//60 201//201 59//59
f 336//336 616//616 208//208
f 441//441 791//791 437//437
f 799//799 408//408 741//741
f 1129//1129 693//693 659//659
f 582//582 892//892 654//654
f 800//800 407//407 742//742
f 656//656 582//582 992//992
f 582//582 656//656 892//892
f 581//581 891//891 653//653
f 389//389 1052//1052 1078//1078
f 655//655 581//581 991//991
f 581//581 655//655 891//891
f 390//390 1051//1051 1077//1077
f 1156//1156 110//110 111//111
f 664//664 125//125 126//126
f 290//290 1156//1156 111//111
f 1156//1156 136//136 110//110
f 807//807 866//866 465//465
f 250//250 866//866 807//807
f 394//394 662//662 646//646
f 807//807 930//930 250//250
f 808//808 865//865 466//466
f 393//393 661//661 645//645
f 464//464 926//926 706//706
f 249//249 865//865 808//808
f 808//808 929//929 249//249
f 664//664 295//295 125//125
f 463//463 925//925 705//705
f 136//136 1156//1156 586//586
f 1032//1032 706//706 400//400
f 1031//1031 705//705 399//399
f 663//663 31//31 30//30
f 660//660 694//694 696//696
f 1155//1155 46//46 45//45
f 289//289 1155//1155 45//45
f 663//663 293//293 31//31
f 1155//1155 135//135 46//46
f 659//659 693//693 695//695
f 135//135 1155//1155 585//585
f 188//188 708//708 1082//1082
f 1082//1082 806//806 188//188
f 333//333 115//115 116//116
f 615//615 215//215 200//200
f 333//333 345//345 115//115
f 187//187 707//707 1081//1081
f 736//736 256//256 964//964
f 964//964 882//882 736//736
f 882//882 964//964 966//966
f 735//735 255//255 963//963
f 963//963 881//881 735//735
f 881//881 963//963 965//965
f 288//288 686//686 730//730
f 287//287 685//685 729//729
f 331//331 41//41 40//40
f 1081//1081 805//805 187//187
f 331//331 346//346 41//41
f 615//615 200//200 207//207
f 748//748 958//958 627//627
f 339//339 760//760 202//202
f 760//760 230//230 202//202
f 747//747 957//957 628//628
f 760//760 1124//1124 230//230
f 822//822 760//760 339//339
f 340//340 759//759 204//204
f 759//759 229//229 204//204
f 759//759 1123//1123 229//229
f 1118//1118 1062//1062 832//832
f 821//821 759//759 340//340
f 8//8 784//784 1100//1100
f 776//776 563//563 553//553
f 25//25 783//783 1099//1099
f 609//609 776//776 553//553
f 1040//1040 832//832 1062//1062
f 1117//1117 1061//1061 831//831
f 775//775 564//564 554//554
f 610//610 775//775 554//554
f 1039//1039 831//831 1061//1061
f 640//640 1066//1066 968//968
f 1020//1020 794//794 262//262
f 262//262 794//794 792//792
f 639//639 1065//1065 967//967
f 244//244 866//866 630//630
f 1046//1046 416//416 484//484
f 1019//1019 793//793 261//261
f 1046//1046 726//726 416//416
f 1045//1045 415//415 483//483
f 1045//1045 725//725 415//415
f 836//836 842//842 852//852
f 261//261 793//793 791//791
f 246//246 244//244 630//630
f 460//460 928//928 1094//1094
f 1094//1094 468//468 460//460
f 835//835 841//841 851//851
f 1080//1080 1094//1094 928//928
f 459//459 927//927 1093//1093
f 243//243 865//865 629//629
f 245//245 243//243 629//629
f 704//704 812//812 935//935
f 622//622 812//812 704//704
f 812//812 500//500 935//935
f 170//170 840//840 366//366
f 960//960 170//170 366//366
f 703//703 811//811 936//936
f 169//169 839//839 365//365
f 959//959 169//169 365//365
f 621//621 811//811 703//703
f 811//811 499//499 936//936
f 1060//1060 476//476 1088//1088
f 460//460 810//810 998//998
f 476//476 860//860 1088//1088
f 928//928 460//460 998//998
f 459//459 809//809 997//997
f 927//927 459//459 997//997
f 1059//1059 475//475 1087//1087
f 836//836 852//852 372//372
f 1046//1046 484//484 820//820
f 475//475 859//859 1087//1087
f 919//919 930//930 807//807
f 1045//1045 483//483 819//819
f 930//930 919//919 239//239
f 835//835 851//851 371//371
f 951//951 930//930 239//239
f 920//920 929//929 808//808
f 916//916 1050//1050 384//384
f 916//916 834//834 234//234
f 234//234 1050//1050 916//916
f 915//915 1049//1049 383//383
f 915//915 833//833 233//233
f 233//233 1049//1049 915//915
f 929//929 920//920 240//240
f 952//952 929//929 240//240
f 908//908 901//901 778//778
f 800//800 432//432 750//750
f 443//443 800//800 750//750
f 799//799 431//431 749//749
f 901//901 10//10 778//778
f 1093//1093 467//467 459//459
f 444//444 799//799 749//749
f 372//372 954//954 836//836
f 954//954 514//514 836//836
f 1079//1079 1093//1093 927//927
f 907//907 899//899 777//777
f 371//371 953//953 835//835
f 953//953 513//513 835//835
f 642//642 1068//1068 972//972
f 899//899 23//23 777//777
f 160//160 562//562 61//61
f 398//398 166//166 168//168
f 1120//1120 268//268 270//270
f 398//398 168//168 396//396
f 1166//1166 852//852 1134//1134
f 641//641 1067//1067 971//971
f 1119//1119 267//267 269//269
f 680//680 398//398 396//396
f 948//948 498//498 1005//1005
f 744//744 948//948 1005//1005
f 397//397 165//165 167//167
f 947//947 497//497 1006//1006
f 960//960 366//366 322//322
f 743//743 947//947 1006//1006
f 790//790 418//418 240//240
f 240//240 418//418 918//918
f 959//959 365//365 321//321
f 789//789 417//417 239//239
f 239//239 417//417 917//917
f 1131//1131 490//490 373//373
f 666//666 373//373 490//490
f 397//397 167//167 395//395
f 1132//1132 489//489 374//374
f 292//292 764//764 624//624
f 1028//1028 454//454 1164//1164
f 291//291 763//763 623//623
f 158//158 561//561 95//95
f 665//665 374//374 489//489
f 679//679 397//397 395//395
f 768//768 890//890 848//848
f 268//268 168//168 166//166
f 184//184 768//768 848//848
f 267//267 167//167 165//165
f 1166//1166 412//412 290//290
f 430//430 368//368 1002//1002
f 767//767 889//889 847//847
f 1164//1164 454//454 868//868
f 550//550 159//159 546//546
f 429//429 367//367 1001//1001
f 183//183 767//767 847//847
f 319//319 201//201 549//549
f 358//358 570//570 114//114
f 570//570 222//222 115//115
f 622//622 876//876 812//812
f 550//550 389//389 1078//1078
f 621//621 875//875 811//811
f 550//550 546//546 389//389
f 549//549 390//390 1077//1077
f 549//549 545//545 390//390
f 982//982 1070//1070 1068//1068
f 538//538 77//77 76//76
f 320//320 550//550 192//192
f 1070//1070 972//972 1068//1068
f 692//692 740//740 456//456
f 1070//1070 982//982 698//698
f 537//537 79//79 80//80
f 549//549 157//157 545//545
f 456//456 388//388 692//692
f 691//691 739//739 455//455
f 981//981 1069//1069 1067//1067
f 455//455 387//387 691//691
f 738//738 872//872 430//430
f 1069//1069 971//971 1067//1067
f 1088//1088 860//860 574//574
f 1069//1069 981//981 697//697
f 886//886 866//866 250//250
f 737//737 871//871 429//429
f 1087//1087 859//859 573//573
f 885//885 865//865 249//249
f 362//362 1022//1022 990//990
f 1055//1055 815//815 312//312
f 337//337 1055//1055 312//312
f 114//114 570//570 115//115
f 1056//1056 816//816 311//311
f 338//338 1056//1056 311//311
f 549//549 201//201 157//157
f 319//319 549//549 191//191
f 356//356 569//569 42//42
f 361//361 1021//1021 989//989
f 569//569 221//221 41//41
f 42//42 569//569 41//41
f 456//456 740//740 840//840
f 464//464 278//278 392//392
f 740//740 366//366 840//840
f 463//463 277//277 391//391
f 1138//1138 426//426 1030//1030
f 492//492 966//966 424//424
f 966//966 492//492 428//428
f 872//872 1030//1030 426//426
f 766//766 1138//1138 1030//1030
f 491//491 965//965 423//423
f 965//965 491//491 427//427
f 1137//1137 425//425 1029//1029
f 455//455 739//739 839//839
f 739//739 365//365 839//839
f 871//871 1029//1029 425//425
f 765//765 1137//1137 1029//1029
f 214//214 614//614 335//335
f 648//648 434//434 744//744
f 948//948 744//744 434//434
f 335//335 614//614 206//206
f 1034//1034 768//768 790//790
f 647//647 433//433 743//743
f 418//418 790//790 768//768
f 1033//1033 767//767 789//789
f 947//947 743//743 433//433
f 876//876 1126//1126 924//924
f 417//417 789//789 767//767
f 1092//1092 586//586 754//754
f 412//412 754//754 586//586
f 650//650 743//743 1006//1006
f 613//613 213//213 199//199
f 613//613 199//199 205//205
f 1126//1126 141//141 924//924
f 649//649 744//744 1005//1005
f 341//341 631//631 50//50
f 341//341 50//50 349//349
f 1091//1091 585//585 753//753
f 396//396 678//678 680//680
f 384//384 680//680 678//678
f 411//411 753//753 585//585
f 395//395 677//677 679//679
f 383//383 679//679 677//677
f 210//210 104//104 105//105
f 105//105 608//608 210//210
f 875//875 1125//1125 923//923
f 104//104 210//210 353//353
f 1125//1125 137//137 923//923
f 209//209 52//52 51//51
f 958//958 748//748 802//802
f 802//802 668//668 958//958
f 957//957 747//747 801//801
f 801//801 667//667 957//957
f 51//51 607//607 209//209
f 52//52 209//209 354//354
f 337//337 298//298 847//847
f 298//298 190//190 847//847
f 338//338 297//297 848//848
f 411//411 1165//1165 1133//1133
f 297//297 189//189 848//848
f 604//604 561//561 878//878
f 720//720 280//280 718//718
f 386//386 678//678 514//514
f 720//720 718//718 956//956
f 561//561 746//746 878//878
f 719//719 279//279 717//717
f 719//719 717//717 955//955
f 851//851 1165//1165 289//289
f 603//603 562//562 877//877
f 562//562 745//745 877//877
f 540//540 63//63 62//62
f 540//540 318//318 63//63
f 385//385 677//677 513//513
f 87//87 628//628 88//88
f 539//539 93//93 94//94
f 519//519 628//628 87//87
f 539//539 316//316 93//93
f 69//69 627//627 68//68
f 456//456 896//896 388//388
f 517//517 627//627 69//69
f 896//896 488//488 388//388
f 956//956 718//718 1054//1054
f 1108//1108 1054//1054 718//718
f 474//474 922//922 152//152
f 992//992 438//438 714//714
f 955//955 717//717 1053//1053
f 1107//1107 1053//1053 717//717
f 473//473 921//921 151//151
f 378//378 992//992 714//714
f 443//443 1110//1110 913//913
f 892//892 620//620 654//654
f 455//455 895//895 387//387
f 1110//1110 551//551 913//913
f 444//444 1109//1109 914//914
f 891//891 619//619 653//653
f 1109//1109 552//552 914//914
f 799//799 444//444 914//914
f 204//204 59//59 58//58
f 340//340 204//204 58//58
f 895//895 487//487 387//387
f 202//202 97//97 98//98
f 339//339 202//202 98//98
f 342//342 633//633 106//106
f 800//800 443//443 913//913
f 564//564 403//403 546//546
f 342//342 106//106 350//350
f 775//775 403//403 564//564
f 888//888 802//802 370//370
f 887//887 801//801 369//369
f 901//901 127//127 1//1
f 10//10 901//901 1//1
f 408//408 574//574 141//141
f 899//899 29//29 4//4
f 23//23 899//899 4//4
f 407//407 573//573 137//137
f 563//563 404//404 545//545
f 470//470 838//838 494//494
f 776//776 404//404 563//563
f 698//698 1096//1096 988//988
f 469//469 837//837 493//493
f 1070//1070 698//698 662//662
f 886//886 630//630 866//866
f 991//991 437//437 713//713
f 885//885 629//629 865//865
f 377//377 991//991 713//713
f 476//476 898//898 604//604
f 926//926 898//898 476//476
f 475//475 897//897 603//603
f 400//400 172//172 1032//1032
f 925//925 897//897 475//475
f 399//399 171//171 1031//1031
f 912//912 210//210 978//978
f 654//654 620//620 1074//1074
f 978//978 210//210 608//608
f 911//911 209//209 977//977
f 620//620 612//612 1074//1074
f 977//977 209//209 607//607
f 653//653 619//619 1073//1073
f 619//619 611//611 1073//1073
f 870//870 146//146 254//254
f 486//486 254//254 146//146
f 146//146 944//944 486//486
f 426//426 274//274 430//430
f 869//869 143//143 253//253
f 274//274 368//368 430//430
f 425//425 273//273 429//429
f 273//273 367//367 429//429
f 988//988 662//662 698//698
f 697//697 1095//1095 987//987
f 485//485 253//253 143//143
f 143//143 943//943 485//485
f 1069//1069 697//697 661//661
f 987//987 661//661 697//697
f 570//570 740//740 692//692
f 159//159 564//564 546//546
f 569//569 739//739 691//691
f 226//226 708//708 188//188
f 157//157 563//563 545//545
f 79//79 1063//1063 80//80
f 224//224 707//707 187//187
f 77//77 1064//1064 76//76
f 446//446 896//896 456//456
f 378//378 894//894 656//656
f 582//582 994//994 992//992
f 994//994 442//442 992//992
f 377//377 893//893 655//655
f 445//445 895//895 455//455
f 982//982 1098//1098 698//698
f 786//786 698//698 1098//1098
f 981//981 1097//1097 697//697
f 785//785 697//697 1097//1097
f 1114//1114 142//142 690//690
f 690//690 288//288 904//904
f 844//844 690//690 142//142
f 1113//1113 139//139 689//689
f 689//689 287//287 903//903
f 843//843 689//689 139//139
f 772//772 688//688 1012//1012
f 771//771 687//687 1011//1011
f 581//581 993//993 991//991
f 850//850 238//238 334//334
f 993//993 441//441 991//991
f 322//322 740//740 358//358
f 849//849 237//237 332//332
f 570//570 358//358 740//740
f 870//870 576//576 300//300
f 96//96 324//324 159//159
f 1088//1088 552//552 1060//1060
f 552//552 1008//1008 1060//1060
f 1087//1087 551//551 1059//1059
f 551//551 1007//1007 1059//1059
f 186//186 584//584 960//960
f 185//185 583//583 959//959
f 321//321 739//739 356//356
f 569//569 356//356 739//739
f 326//326 528//528 75//75
f 326//326 75//75 74//74
f 1134//1134 168//168 268//268
f 168//168 842//842 396//396
f 1133//1133 167//167 267//267
f 167//167 841//841 395//395
f 576//576 870//870 228//228
f 869//869 575//575 299//299
f 96//96 159//159 203//203
f 575//575 869//869 227//227
f 117//117 468//468 118//118
f 776//776 432//432 404//404
f 432//432 776//776 750//750
f 325//325 527//527 81//81
f 594//594 468//468 117//117
f 775//775 431//431 403//403
f 60//60 323//323 157//157
f 431//431 775//775 749//749
f 325//325 81//81 82//82
f 39//39 467//467 38//38
f 60//60 157//157 201//201
f 593//593 467//467 39//39
f 288//288 164//164 904//904
f 287//287 163//163 903//903
f 624//624 370//370 517//517
f 370//370 748//748 517//517
f 596//596 372//372 290//290
f 372//372 852//852 290//290
f 496//496 854//854 844//844
f 1165//1165 851//851 1133//1133
f 595//595 371//371 289//289
f 371//371 851//851 289//289
f 854//854 690//690 844//844
f 1165//1165 411//411 289//289
f 495//495 853//853 843//843
f 853//853 689//689 843//843
f 517//517 292//292 624//624
f 188//188 806//806 522//522
f 623//623 369//369 519//519
f 187//187 805//805 521//521
f 850//850 334//334 222//222
f 570//570 850//850 222//222
f 692//692 850//850 570//570
f 849//849 332//332 221//221
f 569//569 849//849 221//221
f 691//691 849//849 569//569
f 1032//1032 174//174 278//278
f 278//278 174//174 818//818
f 278//278 464//464 1032//1032
f 1031//1031 173//173 277//277
f 277//277 173//173 817//817
f 277//277 463//463 1031//1031
f 650//650 274//274 426//426
f 369//369 747//747 519//519
f 519//519 291//291 623//623
f 958//958 942//942 1151//1151
f 958//958 1151//1151 627//627
f 333//333 156//156 345//345
f 649//649 273//273 425//425
f 331//331 155//155 346//346
f 728//728 406//406 938//938
f 934//934 406//406 248//248
f 934//934 938//938 406//406
f 727//727 405//405 937//937
f 933//933 405//405 247//247
f 933//933 937//937 405//405
f 338//338 311//311 85//85
f 180//180 305//305 1151//1151
f 297//297 338//338 85//85
f 180//180 1151//1151 942//942
f 268//268 166//166 270//270
f 638//638 121//121 122//122
f 337//337 312//312 71//71
f 267//267 165//165 269//269
f 298//298 337//337 71//71
f 133//133 531//531 631//631
f 957//957 941//941 1152//1152
f 957//957 1152//1152 628//628
f 637//637 35//35 34//34
f 179//179 307//307 1152//1152
f 766//766 1164//1164 868//868
f 179//179 1152//1152 941//941
f 133//133 631//631 341//341
f 609//609 750//750 776//776
f 688//688 750//750 609//609
f 1028//1028 1164//1164 325//325
f 610//610 749//749 775//775
f 1102//1102 970//970 376//376
f 687//687 749//749 610//610
f 1016//1016 1118//1118 1003//1003
f 447//447 1016//1016 1003//1003
f 1015//1015 1117//1117 1004//1004
f 448//448 1015//1015 1004//1004
f 732//732 820//820 618//618
f 618//618 282//282 732//732
f 504//504 732//732 282//282
f 731//731 819//819 617//617
f 617//617 281//281 731//731
f 503//503 731//731 281//281
f 1020//1020 640//640 642//642
f 1101//1101 969//969 375//375
f 640//640 968//968 642//642
f 1019//1019 639//639 641//641
f 544//544 116//116 117//117
f 544//544 333//333 116//116
f 639//639 967//967 641//641
f 174//174 1032//1032 172//172
f 266//266 174//174 172//172
f 173//173 1031//1031 171//171
f 870//870 462//462 228//228
f 265//265 173//173 171//171
f 908//908 126//126 127//127
f 344//344 544//544 117//117
f 543//543 40//40 39//39
f 126//126 908//908 664//664
f 543//543 331//331 40//40
f 869//869 461//461 227//227
f 343//343 543//543 39//39
f 127//127 901//901 908//908
f 907//907 30//30 29//29
f 30//30 907//907 663//663
f 29//29 899//899 907//907
f 986//986 274//274 1006//1006
f 274//274 650//650 1006//1006
f 985//985 273//273 1005//1005
f 273//273 649//649 1005//1005
f 262//262 788//788 1018//1018
f 262//262 792//792 788//788
f 261//261 787//787 1017//1017
f 261//261 791//791 787//787
f 910//910 534//534 602//602
f 534//534 310//310 602//602
f 604//604 898//898 539//539
f 909//909 533//533 601//601
f 994//994 436//436 442//442
f 533//533 309//309 601//601
f 993//993 435//435 441//441
f 990//990 1022//1022 502//502
f 538//538 1023//1023 77//77
f 603//603 897//897 540//540
f 1022//1022 394//394 502//502
f 1023//1023 78//78 77//77
f 654//654 994//994 582//582
f 653//653 993//993 581//581
f 537//537 1024//1024 79//79
f 502//502 394//394 646//646
f 989//989 1021//1021 501//501
f 1021//1021 393//393 501//501
f 1024//1024 78//78 79//79
f 501//501 393//393 645//645
f 856//856 597//597 278//278
f 392//392 278//278 597//597
f 855//855 598//598 277//277
f 391//391 277//277 598//598
f 357//357 345//345 954//954
f 357//357 954//954 372//372
f 860//860 878//878 141//141
f 878//878 924//924 141//141
f 859//859 877//877 137//137
f 877//877 923//923 137//137
f 357//357 372//372 596//596
f 355//355 346//346 953//953
f 355//355 953//953 371//371
f 355//355 371//371 595//595
f 1014//1014 382//382 225//225
f 225//225 556//556 1014//1014
f 161//161 225//225 542//542
f 382//382 542//542 225//225
f 302//302 458//458 560//560
f 1092//1092 458//458 302//302
f 452//452 514//514 156//156
f 458//458 416//416 560//560
f 600//600 452//452 156//156
f 514//514 954//954 156//156
f 451//451 513//513 155//155
f 301//301 457//457 559//559
f 599//599 451//451 155//155
f 513//513 953//953 155//155
f 469//469 314//314 572//572
f 469//469 493//493 314//314
f 314//314 493//493 763//763
f 1091//1091 457//457 301//301
f 457//457 415//415 559//559
f 291//291 314//314 763//763
f 1132//1132 472//472 479//479
f 472//472 1009//1009 479//479
f 1131//1131 471//471 480//480
f 470//470 313//313 571//571
f 470//470 494//494 313//313
f 313//313 494//494 764//764
f 292//292 313//313 764//764
f 471//471 1010//1010 480//480
f 1013//1013 381//381 223//223
f 404//404 390//390 545//545
f 223//223 555//555 1013//1013
f 403//403 389//389 546//546
f 436//436 994//994 1014//1014
f 994//994 382//382 1014//1014
f 435//435 993//993 1013//1013
f 993//993 381//381 1013//1013
f 252//252 700//700 798//798
f 182//182 252//252 798//798
f 252//252 182//182 1034//1034
f 251//251 699//699 797//797
f 181//181 251//251 797//797
f 251//251 181//181 1033//1033
f 1138//1138 766//766 710//710
f 1137//1137 765//765 709//709
f 346//346 155//155 953//953
f 345//345 156//156 954//954
f 676//676 1048//1048 830//830
f 1048//1048 940//940 830//830
f 754//754 272//272 508//508
f 754//754 412//412 272//272
f 753//753 271//271 507//507
f 753//753 411//411 271//271
f 1056//1056 338//338 890//890
f 338//338 848//848 890//890
f 1055//1055 337//337 889//889
f 337//337 847//847 889//889
f 940//940 858//858 830//830
f 162//162 223//223 541//541
f 675//675 1047//1047 829//829
f 1047//1047 939//939 829//829
f 939//939 857//857 829//829
f 381//381 541//541 223//223
f 320//320 203//203 550//550
f 343//343 162//162 541//541
f 380//380 440//440 1082//1082
f 344//344 161//161 542//542
f 1088//1088 574//574 914//914
f 408//408 914//914 574//574
f 1087//1087 573//573 913//913
f 407//407 913//913 573//573
f 592//592 344//344 542//542
f 379//379 439//439 1081//1081
f 207//207 310//310 103//103
f 344//344 592//592 544//544
f 591//591 343//343 541//541
f 343//343 591//591 543//543
f 636//636 584//584 186//186
f 322//322 186//186 960//960
f 321//321 185//185 959//959
f 550//550 203//203 159//159
f 584//584 636//636 110//110
f 205//205 309//309 53//53
f 556//556 225//225 120//120
f 556//556 120//120 121//121
f 598//598 66//66 65//65
f 638//638 524//524 556//556
f 242//242 276//276 876//876
f 598//598 308//308 66//66
f 241//241 275//275 875//875
f 597//597 90//90 91//91
f 121//121 638//638 556//556
f 597//597 306//306 90//90
f 555//555 223//223 36//36
f 488//488 896//896 1050//1050
f 555//555 36//36 35//35
f 637//637 523//523 555//555
f 35//35 637//637 555//555
f 487//487 895//895 1049//1049
f 386//386 384//384 678//678
f 450//450 384//384 386//386
f 664//664 652//652 295//295
f 385//385 383//383 677//677
f 449//449 383//383 385//385
f 652//652 376//376 295//295
f 1102//1102 376//376 652//652
f 376//376 526//526 295//295
f 663//663 651//651 293//293
f 1101//1101 375//375 651//651
f 109//109 584//584 110//110
f 220//220 584//584 109//109
f 635//635 583//583 185//185
f 583//583 635//635 46//46
f 651//651 375//375 293//293
f 47//47 583//583 46//46
f 375//375 525//525 293//293
f 219//219 583//583 47//47
f 355//355 595//595 43//43
f 595//595 44//44 43//43
f 1028//1028 325//325 83//83
f 357//357 596//596 113//113
f 353//353 912//912 330//330
f 596//596 112//112 113//113
f 814//814 198//198 353//353
f 1146//1146 462//462 1058//1058
f 1164//1164 766//766 325//325
f 354//354 911//911 329//329
f 1145//1145 461//461 1057//1057
f 813//813 197//197 354//354
f 578//578 822//822 339//339
f 228//228 822//822 578//578
f 584//584 220//220 304//304
f 1144//1144 576//576 578//578
f 578//578 576//576 228//228
f 583//583 219//219 303//303
f 834//834 996//996 1000//1000
f 894//894 1000//1000 996//996
f 833//833 995//995 999//999
f 893//893 999//999 995//995
f 684//684 922//922 1044//1044
f 922//922 474//474 1044//1044
f 1050//1050 680//680 384//384
f 1049//1049 679//679 383//383
f 378//378 714//714 380//380
f 658//658 378//378 380//380
f 377//377 713//713 379//379
f 657//657 377//377 379//379
f 724//724 232//232 612//612
f 723//723 231//231 611//611
f 142//142 1114//1114 264//264
f 683//683 921//921 1043//1043
f 921//921 473//473 1043//1043
f 139//139 1113//1113 263//263
f 580//580 821//821 340//340
f 425//425 1137//1137 1139//1139
f 176//176 480//480 1012//1012
f 490//490 480//480 176//176
f 175//175 479//479 1011//1011
f 489//489 479//479 175//175
f 280//280 828//828 718//718
f 1008//1008 472//472 400//400
f 279//279 827//827 717//717
f 472//472 172//172 400//400
f 227//227 821//821 580//580
f 425//425 1139//1139 649//649
f 1007//1007 471//471 399//399
f 471//471 171//171 399//399
f 1143//1143 575//575 580//580
f 580//580 575//575 227//227
f 1122//1122 307//307 179//179
f 1121//1121 305//305 180//180
f 134//134 532//532 633//633
f 426//426 1138//1138 1140//1140
f 158//158 202//202 230//230
f 160//160 204//204 229//229
f 468//468 238//238 460//460
f 296//296 502//502 646//646
f 670//670 296//296 646//646
f 467//467 237//237 459//459
f 134//134 633//633 342//342
f 426//426 1140//1140 650//650
f 786//786 1098//1098 784//784
f 7//7 786//786 784//784
f 804//804 998//998 810//810
f 785//785 1097//1097 783//783
f 803//803 997//997 809//809
f 26//26 785//785 783//783
f 700//700 252//252 716//716
f 1040//1040 700//700 716//716
f 699//699 251//251 715//715
f 1039//1039 699//699 715//715
f 294//294 501//501 645//645
f 669//669 294//294 645//645
f 125//125 670//670 126//126
f 296//296 670//670 125//125
f 31//31 669//669 30//30
f 284//284 505//505 1122//1122
f 294//294 669//669 31//31
f 179//179 284//284 1122//1122
f 589//589 212//212 215//215
f 212//212 200//200 215//215
f 587//587 211//211 213//213
f 211//211 199//199 213//213
f 283//283 506//506 1121//1121
f 506//506 515//515 1121//1121
f 505//505 516//516 1122//1122
f 180//180 283//283 1121//1121
f 914//914 408//408 799//799
f 913//913 407//407 800//800
f 406//406 207//207 200//200
f 666//666 402//402 721//721
f 310//310 207//207 406//406
f 665//665 401//401 722//722
f 566//566 177//177 823//823
f 1022//1022 362//362 260//260
f 568//568 212//212 589//589
f 565//565 178//178 824//824
f 1021//1021 361//361 259//259
f 405//405 205//205 199//199
f 394//394 1070//1070 662//662
f 644//644 1070//1070 394//394
f 394//394 1022//1022 644//644
f 393//393 1069//1069 661//661
f 568//568 589//589 579//579
f 643//643 1069//1069 393//393
f 567//567 211//211 587//587
f 393//393 1021//1021 643//643
f 309//309 205//205 405//405
f 726//726 632//632 416//416
f 632//632 560//560 416//416
f 567//567 587//587 577//577
f 68//68 566//566 190//190
f 566//566 68//68 67//67
f 608//608 632//632 726//726
f 725//725 634//634 415//415
f 680//680 1050//1050 896//896
f 680//680 446//446 398//398
f 644//644 1022//1022 260//260
f 260//260 862//862 644//644
f 446//446 680//680 896//896
f 679//679 1049//1049 895//895
f 643//643 1021//1021 259//259
f 259//259 861//861 643//643
f 679//679 445//445 397//397
f 445//445 679//679 895//895
f 308//308 566//566 67//67
f 88//88 565//565 189//189
f 565//565 88//88 89//89
f 306//306 565//565 89//89
f 634//634 559//559 415//415
f 674//674 1042//1042 946//946
f 422//422 508//508 830//830
f 607//607 634//634 725//725
f 988//988 1116//1116 902//902
f 673//673 1041//1041 945//945
f 703//703 742//742 621//621
f 704//704 741//741 622//622
f 676//676 830//830 508//508
f 421//421 507//507 829//829
f 988//988 902//902 984//984
f 675//675 829//829 507//507
f 562//562 160//160 229//229
f 745//745 562//562 229//229
f 987//987 1115//1115 900//900
f 987//987 900//900 983//983
f 740//740 322//322 366//366
f 739//739 321//321 365//365
f 561//561 158//158 230//230
f 746//746 561//561 230//230
f 190//190 69//69 68//68
f 190//190 520//520 69//69
f 189//189 87//87 88//88
f 189//189 518//518 87//87
f 640//640 1020//1020 262//262
f 1150//1150 774//774 170//170
f 639//639 1019//1019 261//261
f 410//410 1150//1150 170//170
f 552//552 1088//1088 914//914
f 551//551 1087//1087 913//913
f 1150//1150 410//410 270//270
f 1149//1149 773//773 169//169
f 602//602 728//728 844//844
f 142//142 602//602 844//844
f 906//906 178//178 818//818
f 601//601 727//727 843//843
f 905//905 177//177 817//817
f 139//139 601//601 843//843
f 409//409 1149//1149 169//169
f 1149//1149 409//409 269//269
f 772//772 1012//1012 1010//1010
f 1012//1012 480//480 1010//1010
f 771//771 1011//1011 1009//1009
f 1011//1011 479//479 1009//1009
f 522//522 512//512 122//122
f 940//940 1048//1048 420//420
f 121//121 522//522 122//122
f 940//940 420//420 864//864
f 939//939 1047//1047 419//419
f 939//939 419//419 863//863
f 572//572 314//314 84//84
f 83//83 572//572 84//84
f 571//571 313//313 72//72
f 73//73 571//571 72//72
f 522//522 121//121 188//188
f 521//521 510//510 34//34
f 926//926 1060//1060 706//706
f 926//926 476//476 1060//1060
f 700//700 454//454 798//798
f 925//925 1059//1059 705//705
f 925//925 475//475 1059//1059
f 700//700 1062//1062 454//454
f 35//35 521//521 34//34
f 699//699 453//453 797//797
f 699//699 1061//1061 453//453
f 860//860 141//141 574//574
f 521//521 35//35 187//187
f 859//859 137//137 573//573
f 622//622 1126//1126 876//876
f 1126//1126 622//622 741//741
f 408//408 1126//1126 741//741
f 621//621 1125//1125 875//875
f 946//946 330//330 912//912
f 1125//1125 621//621 742//742
f 407//407 1125//1125 742//742
f 945//945 329//329 911//911
f 517//517 70//70 292//292
f 71//71 292//292 70//70
f 313//313 292//292 71//71
f 519//519 86//86 291//291
f 834//834 916//916 236//236
f 916//916 384//384 236//236
f 833//833 915//915 235//235
f 915//915 383//383 235//235
f 512//512 548//548 123//123
f 1040//1040 466//466 832//832
f 466//466 1040//1040 716//716
f 122//122 512//512 123//123
f 85//85 291//291 86//86
f 1039//1039 465//465 831//831
f 465//465 1039//1039 715//715
f 510//510 547//547 33//33
f 34//34 510//510 33//33
f 314//314 291//291 85//85
f 590//590 216//216 299//299
f 984//984 670//670 646//646
f 216//216 336//336 299//299
f 983//983 669//669 645//645
f 350//350 105//105 218//218
f 638//638 511//511 524//524
f 637//637 509//509 523//523
f 318//318 154//154 64//64
f 429//429 1001//1001 755//755
f 349//349 51//51 217//217
f 588//588 214//214 300//300
f 318//318 64//64 63//63
f 214//214 335//335 300//300
f 429//429 755//755 737//737
f 928//928 1154//1154 658//658
f 1154//1154 998//998 1000//1000
f 928//928 998//998 1154//1154
f 927//927 1153//1153 657//657
f 1153//1153 997//997 999//999
f 927//927 997//997 1153//1153
f 348//348 770//770 147//147
f 347//347 769//769 144//144
f 320//320 579//579 98//98
f 430//430 1002//1002 756//756
f 70//70 520//520 298//298
f 298//298 71//71 70//70
f 319//319 577//577 58//58
f 430//430 756//756 738//738
f 86//86 518//518 297//297
f 297//297 85//85 86//86
f 316//316 153//153 92//92
f 765//765 1163//1163 867//867
f 316//316 92//92 93//93
f 1027//1027 1163//1163 326//326
f 580//580 58//58 57//57
f 578//578 98//98 99//99
f 1152//1152 88//88 628//628
f 902//902 670//670 984//984
f 260//260 360//360 364//364
f 260//260 796//796 360//360
f 259//259 359//359 363//363
f 259//259 795//795 359//359
f 724//724 620//620 996//996
f 184//184 824//824 906//906
f 724//724 996//996 236//236
f 824//824 184//184 848//848
f 450//450 724//724 236//236
f 723//723 619//619 995//995
f 723//723 995//995 235//235
f 449//449 723//723 235//235
f 824//824 178//178 906//906
f 183//183 823//823 905//905
f 823//823 183//183 847//847
f 823//823 177//177 905//905
f 234//234 1000//1000 804//804
f 804//804 488//488 234//234
f 888//888 402//402 802//802
f 233//233 999//999 803//803
f 887//887 401//401 801//801
f 803//803 487//487 233//233
f 88//88 1152//1152 89//89
f 460//460 238//238 810//810
f 459//459 237//237 809//809
f 360//360 796//796 712//712
f 1152//1152 307//307 89//89
f 796//796 440//440 712//712
f 359//359 795//795 711//711
f 795//795 439//439 711//711
f 1151//1151 68//68 627//627
f 900//900 669//669 983//983
f 600//600 156//156 333//333
f 599//599 155//155 331//331
f 68//68 1151//1151 67//67
f 446//446 774//774 398//398
f 1151//1151 305//305 67//67
f 160//160 61//61 60//60
f 166//166 398//398 774//774
f 204//204 160//160 60//60
f 445//445 773//773 397//397
f 600//600 612//612 232//232
f 452//452 600//600 232//232
f 165//165 397//397 773//773
f 599//599 611//611 231//231
f 451//451 599//599 231//231
f 972//972 862//862 642//642
f 862//862 364//364 642//642
f 236//236 996//996 834//834
f 235//235 995//995 833//833
f 971//971 861//861 641//641
f 861//861 363//363 641//641
f 790//790 920//920 1034//1034
f 920//920 252//252 1034//1034
f 789//789 919//919 1033//1033
f 919//919 251//251 1033//1033
f 826//826 568//568 192//192
f 192//192 550//550 1078//1078
f 266//266 1038//1038 818//818
f 174//174 266//266 818//818
f 265//265 1037//1037 817//817
f 173//173 265//265 817//817
f 1044//1044 752//752 684//684
f 1043//1043 751//751 683//683
f 656//656 992//992 378//378
f 1078//1078 826//826 192//192
f 825//825 567//567 191//191
f 655//655 991//991 377//377
f 120//120 188//188 121//121
f 226//226 188//188 120//120
f 191//191 549//549 1077//1077
f 36//36 187//187 35//35
f 224//224 187//187 36//36
f 1077//1077 825//825 191//191
f 480//480 490//490 1131//1131
f 479//479 489//489 1132//1132
f 158//158 95//95 96//96
f 112//112 322//322 113//113
f 352//352 322//322 112//112
f 322//322 358//358 113//113
f 202//202 158//158 96//96
f 322//322 352//352 186//186
f 44//44 321//321 43//43
f 351//351 321//321 44//44
f 321//321 356//356 43//43
f 321//321 351//351 185//185
f 198//198 206//206 103//103
f 353//353 198//198 103//103
f 154//154 65//65 64//64
f 154//154 598//598 65//65
f 734//734 1014//1014 556//556
f 734//734 556//556 524//524
f 612//612 620//620 724//724
f 733//733 1013//1013 555//555
f 733//733 555//555 523//523
f 611//611 619//619 723//723
f 1102//1102 1130//1130 1066//1066
f 1130//1130 1102//1102 652//652
f 892//892 996//996 620//620
f 891//891 995//995 619//619
f 980//980 1130//1130 652//652
f 1101//1101 1129//1129 1065//1065
f 1129//1129 1101//1101 651//651
f 979//979 1129//1129 651//651
f 197//197 208//208 53//53
f 662//662 988//988 984//984
f 662//662 984//984 646//646
f 354//354 197//197 53//53
f 661//661 987//987 983//983
f 661//661 983//983 645//645
f 153//153 91//91 92//92
f 153//153 597//597 91//91
f 1156//1156 290//290 412//412
f 586//586 1156//1156 412//412
f 1155//1155 289//289 411//411
f 353//353 210//210 912//912
f 585//585 1155//1155 411//411
f 354//354 209//209 911//911
f 1154//1154 1000//1000 894//894
f 658//658 1154//1154 894//894
f 1153//1153 999//999 893//893
f 657//657 1153//1153 893//893
f 346//346 42//42 41//41
f 724//724 450//450 232//232
f 450//450 386//386 232//232
f 723//723 449//449 231//231
f 654//654 382//382 994//994
f 449//449 385//385 231//231
f 345//345 114//114 115//115
f 653//653 381//381 993//993
f 377//377 657//657 893//893
f 378//378 658//658 894//894
f 119//119 226//226 120//120
f 505//505 284//284 175//175
f 506//506 283//283 176//176
f 231//231 385//385 451//451
f 923//923 745//745 241//241
f 1123//1123 759//759 241//241
f 980//980 908//908 778//778
f 979//979 907//907 777//777
f 1062//1062 868//868 454//454
f 660//660 968//968 1066//1066
f 451//451 385//385 513//513
f 659//659 967//967 1065//1065
f 716//716 920//920 808//808
f 715//715 919//919 807//807
f 978//978 726//726 674//674
f 946//946 978//978 674//674
f 978//978 946//946 912//912
f 977//977 725//725 673//673
f 945//945 977//977 673//673
f 977//977 945//945 911//911
f 248//248 406//406 200//200
f 200//200 212//212 248//248
f 486//486 762//762 770//770
f 485//485 761//761 769//769
f 232//232 386//386 452//452
f 225//225 119//119 120//120
f 247//247 405//405 199//199
f 199//199 211//211 247//247
f 452//452 386//386 514//514
f 1061//1061 867//867 453//453
f 823//823 847//847 190//190
f 190//190 566//566 823//823
f 225//225 161//161 119//119
f 37//37 224//224 36//36
f 824//824 848//848 189//189
f 223//223 37//37 36//36
f 189//189 565//565 824//824
f 223//223 162//162 37//37
f 422//422 846//846 508//508
f 421//421 845//845 507//507
f 457//457 753//753 845//845
f 845//845 753//753 507//507
f 134//134 976//976 264//264
f 134//134 152//152 558//558
f 932//932 312//312 815//815
f 931//931 311//311 816//816
f 152//152 134//134 264//264
f 133//133 975//975 263//263
f 133//133 151//151 557//557
f 151//151 133//133 263//263
f 560//560 632//632 108//108
f 559//559 634//634 48//48
f 240//240 918//918 952//952
f 918//918 672//672 952//952
f 458//458 754//754 846//846
f 846//846 754//754 508//508
f 239//239 917//917 951//951
f 917//917 671//671 951//951
f 424//424 414//414 492//492
f 423//423 413//413 491//491
f 256//256 148//148 1086//1086
f 255//255 145//145 1085//1085
f 673//673 725//725 1045//1045
f 674//674 726//726 1046//1046
f 1025//1025 171//171 373//373
f 579//579 320//320 192//192
f 579//579 192//192 568//568
f 1026//1026 172//172 374//374
f 577//577 319//319 191//191
f 577//577 191//191 567//567
f 779//779 317//317 516//516
f 317//317 610//610 554//554
f 733//733 435//435 1013//1013
f 780//780 315//315 515//515
f 734//734 436//436 1014//1014
f 315//315 609//609 553//553
f 413//413 503//503 281//281
f 222//222 594//594 116//116
f 116//116 594//594 117//117
f 414//414 504//504 282//282
f 221//221 593//593 40//40
f 40//40 593//593 39//39
f 855//855 177//177 308//308
f 308//308 177//177 566//566
f 404//404 432//432 883//883
f 403//403 431//431 884//884
f 308//308 598//598 855//855
f 856//856 178//178 306//306
f 306//306 178//178 565//565
f 306//306 597//597 856//856
f 929//929 887//887 249//249
f 924//924 746//746 242//242
f 532//532 220//220 108//108
f 930//930 888//888 250//250
f 1084//1084 738//738 1024//1024
f 186//186 352//352 636//636
f 1123//1123 241//241 745//745
f 531//531 219//219 48//48
f 520//520 70//70 69//69
f 185//185 351//351 635//635
f 148//148 934//934 248//248
f 511//511 638//638 122//122
f 511//511 122//122 123//123
f 509//509 637//637 34//34
f 509//509 34//34 33//33
f 145//145 933//933 247//247
f 324//324 196//196 564//564
f 554//554 564//564 196//196
f 1083//1083 737//737 1023//1023
f 323//323 195//195 563//563
f 553//553 563//563 195//195
f 518//518 86//86 87//87
f 98//98 579//579 99//99
f 826//826 150//150 568//568
f 150//150 212//212 568//568
f 58//58 577//577 57//57
f 86//86 519//519 87//87
f 825//825 149//149 567//567
f 149//149 211//211 567//567
f 70//70 517//517 69//69
f 726//726 978//978 608//608
f 586//586 1092//1092 302//302
f 625//625 503//503 413//413
f 626//626 504//504 414//414
f 585//585 1091//1091 301//301
f 725//725 977//977 607//607
f 701//701 879//879 943//943
f 879//879 485//485 943//943
f 702//702 880//880 944//944
f 880//880 486//486 944//944
f 1072//1072 648//648 828//828
f 756//756 1072//1072 1076//1076
f 1071//1071 647//647 827//827
f 755//755 1071//1071 1075//1075
f 300//300 576//576 588//588
f 754//754 458//458 1092//1092
f 299//299 575//575 590//590
f 1068//1068 968//968 660//660
f 211//211 149//149 247//247
f 212//212 150//150 248//248
f 1068//1068 642//642 968//968
f 1067//1067 967//967 659//659
f 874//874 624//624 494//494
f 494//494 624//624 764//764
f 873//873 623//623 493//493
f 493//493 623//623 763//763
f 1067//1067 641//641 967//967
f 753//753 457//457 1091//1091
f 932//932 73//73 72//72
f 931//931 83//83 84//84
f 51//51 349//349 50//50
f 884//884 1052//1052 389//389
f 389//389 403//403 884//884
f 105//105 350//350 106//106
f 990//990 502//502 512//512
f 522//522 990//990 512//512
f 989//989 501//501 510//510
f 521//521 989//989 510//510
f 115//115 222//222 116//116
f 883//883 1051//1051 390//390
f 796//796 260//260 362//362
f 558//558 922//922 304//304
f 390//390 404//404 883//883
f 795//795 259//259 361//361
f 584//584 304//304 478//478
f 922//922 478//478 304//304
f 557//557 921//921 303//303
f 583//583 303//303 477//477
f 921//921 477//477 303//303
f 632//632 608//608 106//106
f 41//41 221//221 40//40
f 608//608 105//105 106//106
f 524//524 258//258 734//734
f 523//523 257//257 733//733
f 234//234 488//488 1050//1050
f 233//233 487//487 1049//1049
f 634//634 607//607 50//50
f 607//607 51//51 50//50
f 136//136 109//109 110//110
f 135//135 47//47 46//46
f 933//933 145//145 255//255
f 934//934 148//148 256//256
f 838//838 874//874 494//494
f 837//837 873//873 493//493
f 409//409 751//751 269//269
f 410//410 752//752 270//270
f 382//382 654//654 1074//1074
f 381//381 653//653 1073//1073
f 92//92 317//317 93//93
f 516//516 317//317 92//92
f 81//81 950//950 82//82
f 437//437 711//711 713//713
f 440//440 380//380 714//714
f 439//439 379//379 713//713
f 75//75 949//949 74//74
f 438//438 712//712 714//714
f 64//64 315//315 63//63
f 515//515 315//315 64//64
f 526//526 194//194 511//511
f 1075//1075 1023//1023 737//737
f 217//217 51//51 533//533
f 159//159 324//324 564//564
f 533//533 51//51 52//52
f 157//157 323//323 563//563
f 525//525 193//193 509//509
f 1076//1076 1024//1024 738//738
f 267//267 1119//1119 271//271
f 675//675 1119//1119 681//681
f 123//123 548//548 124//124
f 268//268 1120//1120 272//272
f 33//33 547//547 32//32
f 676//676 1120//1120 682//682
f 530//530 950//950 81//81
f 938//938 934//934 736//736
f 80//80 530//530 81//81
f 83//83 325//325 82//82
f 529//529 949//949 75//75
f 934//934 256//256 736//736
f 76//76 529//529 75//75
f 1163//1163 765//765 326//326
f 937//937 933//933 735//735
f 933//933 255//255 735//735
f 774//774 1150//1150 166//166
f 1150//1150 270//270 166//166
f 773//773 1149//1149 165//165
f 286//286 858//858 730//730
f 1149//1149 269//269 165//165
f 285//285 857//857 729//729
f 1148//1148 506//506 1012//1012
f 1148//1148 780//780 515//515
f 780//780 1148//1148 1012//1012
f 506//506 1148//1148 515//515
f 1147//1147 505//505 1011//1011
f 1147//1147 779//779 516//516
f 779//779 1147//1147 1011//1011
f 505//505 1147//1147 516//516
f 228//228 1146//1146 822//822
f 1123//1123 745//745 229//229
f 1146//1146 228//228 462//462
f 227//227 1145//1145 821//821
f 1124//1124 760//760 242//242
f 1145//1145 227//227 461//461
f 1124//1124 746//746 230//230
f 1124//1124 242//242 746//746
f 354//354 53//53 52//52
f 218//218 105//105 534//534
f 966//966 762//762 424//424
f 965//965 761//761 423//423
f 712//712 794//794 360//360
f 353//353 103//103 104//104
f 711//711 793//793 359//359
f 576//576 1144//1144 588//588
f 288//288 864//864 164//164
f 162//162 38//38 37//37
f 287//287 863//863 163//163
f 752//752 410//410 684//684
f 751//751 409//409 683//683
f 161//161 118//118 119//119
f 534//534 105//105 104//104
f 685//685 138//138 285//285
f 729//729 685//685 285//285
f 575//575 1143//1143 590//590
f 220//220 558//558 304//304
f 270//270 1142//1142 1120//1120
f 558//558 220//220 532//532
f 219//219 557//557 303//303
f 682//682 1142//1142 752//752
f 557//557 219//219 531//531
f 1142//1142 682//682 1120//1120
f 298//298 520//520 190//190
f 1142//1142 270//270 752//752
f 269//269 1141//1141 1119//1119
f 681//681 1141//1141 751//751
f 297//297 518//518 189//189
f 299//299 1111//1111 869//869
f 1141//1141 681//681 1119//1119
f 1141//1141 269//269 751//751
f 686//686 140//140 286//286
f 869//869 1111//1111 143//143
f 730//730 686//686 286//286
f 948//948 434//434 1002//1002
f 947//947 433//433 1001//1001
f 300//300 1112//1112 870//870
f 870//870 1112//1112 146//146
f 744//744 649//649 1015//1015
f 744//744 1015//1015 448//448
f 285//285 138//138 281//281
f 491//491 413//413 138//138
f 736//736 882//882 938//938
f 735//735 881//881 937//937
f 482//482 147//147 1086//1086
f 481//481 144//144 1085//1085
f 367//367 497//497 1001//1001
f 497//497 947//947 1001//1001
f 368//368 498//498 1002//1002
f 498//498 948//948 1002//1002
f 533//533 52//52 309//309
f 1140//1140 710//710 1016//1016
f 1125//1125 407//407 137//137
f 413//413 281//281 138//138
f 648//648 718//718 828//828
f 710//710 1140//1140 1138//1138
f 650//650 1140//1140 1016//1016
f 309//309 52//52 53//53
f 647//647 717//717 827//827
f 1139//1139 709//709 1015//1015
f 709//709 1139//1139 1137//1137
f 920//920 716//716 252//252
f 649//649 1139//1139 1015//1015
f 1126//1126 408//408 141//141
f 919//919 715//715 251//251
f 286//286 140//140 282//282
f 492//492 414//414 140//140
f 414//414 282//282 140//140
f 1104//1104 9//9 782//782
f 427//427 881//881 965//965
f 1103//1103 24//24 781//781
f 428//428 882//882 966//966
f 162//162 343//343 38//38
f 343//343 39//39 38//38
f 161//161 344//344 118//118
f 344//344 117//117 118//118
f 606//606 218//218 534//534
f 427//427 853//853 495//495
f 592//592 542//542 1074//1074
f 1074//1074 542//542 382//382
f 591//591 541//541 1073//1073
f 1073//1073 541//541 381//381
f 495//495 881//881 427//427
f 605//605 217//217 533//533
f 534//534 104//104 310//310
f 310//310 104//104 103//103
f 428//428 854//854 496//496
f 496//496 882//882 428//428
f 111//111 352//352 112//112
f 636//636 352//352 111//111
f 194//194 524//524 511//511
f 536//536 276//276 1058//1058
f 580//580 340//340 58//58
f 242//242 1058//1058 276//276
f 535//535 275//275 1057//1057
f 578//578 339//339 98//98
f 45//45 351//351 44//44
f 635//635 351//351 45//45
f 705//705 1059//1059 399//399
f 706//706 1060//1060 400//400
f 626//626 424//424 702//702
f 424//424 880//880 702//702
f 424//424 626//626 414//414
f 625//625 423//423 701//701
f 423//423 879//879 701//701
f 423//423 625//625 413//413
f 312//312 72//72 71//71
f 312//312 932//932 72//72
f 311//311 84//84 85//85
f 311//311 931//931 84//84
f 950//950 328//328 82//82
f 789//789 239//239 919//919
f 197//197 336//336 208//208
f 241//241 1057//1057 275//275
f 786//786 6//6 1096//1096
f 785//785 27//27 1095//1095
f 198//198 335//335 206//206
f 193//193 523//523 509//509
f 949//949 327//327 74//74
f 1116//1116 988//988 1096//1096
f 6//6 1116//1116 1096//1096
f 436//436 734//734 788//788
f 1115//1115 987//987 1095//1095
f 27//27 1115//1115 1095//1095
f 1070//1070 644//644 972//972
f 734//734 258//258 788//788
f 862//862 972//972 644//644
f 790//790 240//240 920//920
f 782//782 8//8 1100//1100
f 781//781 25//25 1099//1099
f 435//435 733//733 787//787
f 733//733 257//257 787//787
f 1098//1098 696//696 784//784
f 1097//1097 695//695 783//783
f 1096//1096 698//698 786//786
f 1095//1095 697//697 785//785
f 478//478 960//960 584//584
f 1004//1004 831//831 1106//1106
f 477//477 959//959 583//583
f 108//108 220//220 109//109
f 1003//1003 832//832 1105//1105
f 48//48 219//219 47//47
f 1100//1100 694//694 782//782
f 1099//1099 693//693 781//781
f 648//648 1072//1072 434//434
f 647//647 1071//1071 433//433
f 1110//1110 772//772 1010//1010
f 1069//1069 643//643 971//971
f 1109//1109 771//771 1009//1009
f 705//705 1031//1031 463//463
f 486//486 880//880 762//762
f 485//485 879//879 761//761
f 443//443 688//688 772//772
f 750//750 688//688 443//443
f 444//444 687//687 771//771
f 749//749 687//687 444//444
f 538//538 528//528 1029//1029
f 769//769 963//963 144//144
f 537//537 527//527 1030//1030
f 706//706 1032//1032 464//464
f 963//963 769//769 761//761
f 761//761 965//965 963//963
f 770//770 964//964 147//147
f 84//84 314//314 85//85
f 72//72 313//313 71//71
f 964//964 770//770 762//762
f 308//308 67//67 66//66
f 306//306 89//89 90//90
f 743//743 650//650 1016//1016
f 861//861 971//971 643//643
f 743//743 1016//1016 447//447
f 762//762 966//966 964//964
f 558//558 532//532 134//134
f 557//557 531//531 133//133
f 444//444 771//771 1109//1109
f 89//89 307//307 90//90
f 443//443 772//772 1110//1110
f 67//67 305//305 66//66
f 524//524 194//194 258//258
f 164//164 1044//1044 474//474
f 194//194 526//526 376//376
f 163//163 1043//1043 473//473
f 59//59 201//201 319//319
f 55//55 616//616 216//216
f 523//523 193//193 257//257
f 216//216 56//56 55//55
f 59//59 319//319 58//58
f 615//615 101//101 215//215
f 714//714 712//712 440//440
f 193//193 525//525 375//375
f 713//713 711//711 439//439
f 100//100 215//215 101//101
f 483//483 457//457 845//845
f 484//484 458//458 846//846
f 176//176 1036//1036 490//490
f 74//74 1127//1127 73//73
f 737//737 755//755 1075//1075
f 571//571 1127//1127 327//327
f 738//738 756//756 1076//1076
f 1127//1127 571//571 73//73
f 175//175 1035//1035 489//489
f 1127//1127 74//74 327//327
f 82//82 1128//1128 83//83
f 572//572 1128//1128 328//328
f 1128//1128 572//572 83//83
f 1128//1128 82//82 328//328
f 236//236 384//384 450//450
f 235//235 383//383 449//449
f 696//696 1098//1098 982//982
f 606//606 976//976 342//342
f 97//97 203//203 320//320
f 695//695 1097//1097 981//981
f 97//97 320//320 98//98
f 101//101 614//614 214//214
f 342//342 976//976 134//134
f 1107//1107 647//647 743//743
f 54//54 205//205 53//53
f 873//873 837//837 629//629
f 629//629 885//885 873//873
f 874//874 838//838 630//630
f 630//630 886//886 874//874
f 634//634 49//49 48//48
f 1107//1107 743//743 447//447
f 613//613 205//205 54//54
f 632//632 107//107 108//108
f 1129//1129 979//979 693//693
f 1108//1108 648//648 744//744
f 214//214 100//100 101//101
f 1130//1130 980//980 694//694
f 206//206 102//102 103//103
f 1025//1025 671//671 265//265
f 1026//1026 672//672 266//266
f 80//80 527//527 537//537
f 527//527 80//80 81//81
f 1065//1065 639//639 969//969
f 1066//1066 640//640 970//970
f 482//482 1086//1086 758//758
f 481//481 1085//1085 757//757
f 833//833 999//999 233//233
f 834//834 1000//1000 234//234
f 206//206 614//614 102//102
f 858//858 286//286 618//618
f 1108//1108 744//744 448//448
f 857//857 285//285 617//617
f 594//594 222//222 334//334
f 876//876 276//276 812//812
f 593//593 221//221 332//332
f 875//875 275//275 811//811
f 548//548 502//502 296//296
f 512//512 502//502 548//548
f 76//76 528//528 538//538
f 940//940 730//730 858//858
f 528//528 76//76 75//75
f 95//95 324//324 96//96
f 547//547 501//501 294//294
f 510//510 501//501 547//547
f 102//102 207//207 103//103
f 939//939 729//729 857//857
f 615//615 207//207 102//102
f 152//152 922//922 558//558
f 61//61 323//323 60//60
f 151//151 921//921 557//557
f 668//668 942//942 958//958
f 668//668 1036//1036 942//942
f 1104//1104 980//980 778//778
f 667//667 941//941 957//957
f 667//667 1035//1035 941//941
f 9//9 1104//1104 778//778
f 885//885 369//369 623//623
f 283//283 180//180 942//942
f 873//873 885//885 623//623
f 284//284 179//179 941//941
f 1103//1103 979//979 777//777
f 24//24 1103//1103 777//777
f 1063//1063 827//827 530//530
f 768//768 182//182 890//890
f 767//767 181//181 889//889
f 1063//1063 530//530 80//80
f 861//861 259//259 363//363
f 862//862 260//260 364//364
f 286//286 282//282 618//618
f 285//285 281//281 617//617
f 1116//1116 6//6 5//5
f 1115//1115 27//27 28//28
f 648//648 1108//1108 718//718
f 647//647 1107//1107 717//717
f 629//629 837//837 245//245
f 484//484 846//846 422//422
f 302//302 136//136 586//586
f 886//886 370//370 624//624
f 301//301 135//135 585//585
f 874//874 886//886 624//624
f 422//422 820//820 484//484
f 630//630 838//838 246//246
f 483//483 845//845 421//421
f 421//421 819//819 483//483
f 731//731 1045//1045 819//819
f 732//732 1046//1046 820//820
f 605//605 975//975 341//341
f 341//341 975//975 133//133
f 110//110 636//636 111//111
f 46//46 635//635 45//45
f 1131//1131 373//373 171//171
f 471//471 1131//1131 171//171
f 1132//1132 374//374 172//172
f 472//472 1132//1132 172//172
f 991//991 441//441 437//437
f 271//271 1133//1133 267//267
f 849//849 691//691 387//387
f 530//530 328//328 950//950
f 850//850 692//692 388//388
f 1122//1122 516//516 91//91
f 91//91 516//516 92//92
f 529//529 327//327 949//949
f 616//616 55//55 54//54
f 1121//1121 515//515 65//65
f 65//65 515//515 64//64
f 101//101 615//615 102//102
f 614//614 101//101 102//102
f 55//55 613//613 54//54
f 424//424 762//762 880//880
f 423//423 761//761 879//879
f 1037//1037 265//265 671//671
f 917//917 1037//1037 671//671
f 1064//1064 828//828 529//529
f 1064//1064 529//529 76//76
f 1038//1038 266//266 672//672
f 918//918 1038//1038 672//672
f 272//272 1134//1134 268//268
f 271//271 1135//1135 507//507
f 90//90 1122//1122 91//91
f 307//307 1122//1122 90//90
f 66//66 1121//1121 65//65
f 305//305 1121//1121 66//66
f 675//675 1135//1135 1119//1119
f 992//992 442//442 438//438
f 1135//1135 675//675 507//507
f 613//613 55//55 213//213
f 438//438 794//794 712//712
f 437//437 793//793 711//711
f 951//951 671//671 721//721
f 952//952 672//672 722//722
f 1135//1135 271//271 1119//1119
f 208//208 54//54 53//53
f 272//272 1136//1136 508//508
f 1073//1073 611//611 591//591
f 676//676 1136//1136 1120//1120
f 786//786 7//7 6//6
f 1074//1074 612//612 592//592
f 785//785 26//26 27//27
f 784//784 8//8 7//7
f 783//783 25//25 26//26
f 782//782 9//9 8//8
f 781//781 24//24 25//25
f 196//196 324//324 95//95
f 94//94 196//196 95//95
f 195//195 323//323 61//61
f 62//62 195//195 61//61
f 9//9 778//778 10//10
f 24//24 777//777 23//23
f 832//832 466//466 243//243
f 832//832 243//243 1105//1105
f 673//673 1045//1045 731//731
f 674//674 1046//1046 732//732
f 737//737 1083//1083 871//871
f 973//973 28//28 4//4
f 29//29 973//973 4//4
f 831//831 465//465 244//244
f 738//738 1084//1084 872//872
f 974//974 5//5 1//1
f 127//127 974//974 1//1
f 831//831 244//244 1106//1106
f 56//56 213//213 55//55
f 208//208 616//616 54//54
f 1136//1136 272//272 1120//1120
f 1136//1136 676//676 508//508
f 1157//1157 28//28 973//973
f 1157//1157 900//900 1115//1115
f 900//900 1157//1157 973//973
f 28//28 1157//1157 1115//1115
f 1158//1158 5//5 974//974
f 1158//1158 902//902 1116//1116
f 902//902 1158//1158 974//974
f 5//5 1158//1158 1116//1116
f 539//539 1159//1159 604//604
f 1027//1027 326//326 73//73
f 1159//1159 561//561 604//604
f 1159//1159 539//539 94//94
f 540//540 1160//1160 603//603
f 73//73 326//326 74//74
f 1160//1160 562//562 603//603
f 1160//1160 540//540 62//62
f 329//329 1161//1161 354//354
f 813//813 1161//1161 701//701
f 1161//1161 813//813 354//354
f 1161//1161 329//329 701//701
f 330//330 1162//1162 353//353
f 814//814 1162//1162 702//702
f 1162//1162 814//814 353//353
f 1162//1162 330//330 702//702
f 2//2 1169//1169 16//16
f 12//12 1169//1169 2//2
f 13//13 1169//1169 12//12
f 15//15 1169//1169 14//14
f 16//16 1169//1169 15//15
f 14//14 1169//1169 13//13
f 3//3 21//21 1170//1170
f 17//17 3//3 1170//1170
f 18//18 17//17 1170//1170
f 20//20 19//19 1170//1170
f 21//21 20//20 1170//1170
f 19//19 18//18 1170//1170