# https://github.com/mikedh/trimesh
v 19.75000000 -20.50000000 0.00000000
v 19.75000000 0.00000000 0.00000000
v -19.75000000 -14.75000000 0.00000000
v -17.75000000 -12.75000000 0.00000000
v -19.75000000 -20.50000000 0.00000000
v -19.75000000 -5.75000000 0.00000000
v -17.75000000 -7.75000000 0.00000000
v -19.75000000 0.00000000 0.00000000
v 19.64873200 -20.50000000 0.70433100
v 19.35313400 -20.50000000 1.35160200
v 18.88715200 -20.50000000 1.88937400
v 18.28853800 -20.50000000 2.27408000
v 17.60578700 -20.50000000 2.47455400
v 16.89421300 -20.50000000 2.47455400
v 16.21146200 -20.50000000 2.27408000
v 15.61284800 -20.50000000 1.88937400
v 15.14686600 -20.50000000 1.35160200
v 14.85126800 -20.50000000 0.70433100
v 14.75000000 -20.50000000 0.00000000
v 14.85126800 -20.50000000 -0.70433100
v 15.14686600 -20.50000000 -1.35160200
v 15.61284800 -20.50000000 -1.88937400
v 16.21146200 -20.50000000 -2.27408000
v 16.89421300 -20.50000000 -2.47455400
v 17.60578700 -20.50000000 -2.47455400
v 18.28853800 -20.50000000 -2.27408000
v 18.88715200 -20.50000000 -1.88937400
v 19.35313400 -20.50000000 -1.35160200
v 19.64873200 -20.50000000 -0.70433100
v 19.75000000 -19.79310300 0.00000000
v 19.75000000 -19.08620700 0.00000000
v 19.75000000 -18.37931000 0.00000000
v 19.75000000 -17.67241400 0.00000000
v 19.75000000 -16.96551700 0.00000000
v 19.75000000 -16.25862100 0.00000000
v 19.75000000 -15.55172400 0.00000000
v 19.75000000 -14.84482800 0.00000000
v 19.75000000 -14.13793100 0.00000000
v 19.75000000 -13.43103400 0.00000000
v 19.75000000 -12.72413800 0.00000000
v 19.75000000 -12.01724100 0.00000000
v 19.75000000 -11.31034500 0.00000000
v 19.75000000 -10.60344800 0.00000000
v 19.75000000 -9.89655200 0.00000000
v 19.75000000 -9.18965500 0.00000000
v 19.75000000 -8.48275900 0.00000000
v 19.75000000 -7.77586200 0.00000000
v 19.75000000 -7.06896600 0.00000000
v 19.75000000 -6.36206900 0.00000000
v 19.75000000 -5.65517200 0.00000000
v 19.75000000 -4.94827600 0.00000000
v 19.75000000 -4.24137900 0.00000000
v 19.75000000 -3.53448300 0.00000000
v 19.75000000 -2.82758600 0.00000000
v 19.75000000 -2.12069000 0.00000000
v 19.75000000 -1.41379300 0.00000000
v 19.75000000 -0.70689700 0.00000000
v 19.64873200 0.00000000 0.70433100
v 19.35313400 0.00000000 1.35160200
v 18.88715200 0.00000000 1.88937400
v 18.28853800 0.00000000 2.27408000
v 17.60578700 0.00000000 2.47455400
v 16.89421300 0.00000000 2.47455400
v 16.21146200 0.00000000 2.27408000
v 15.61284800 0.00000000 1.88937400
v 15.14686600 0.00000000 1.35160200
v 14.85126800 0.00000000 0.70433100
v 14.75000000 0.00000000 0.00000000
v 14.85126800 0.00000000 -0.70433100
v 15.14686600 0.00000000 -1.35160200
v 15.61284800 0.00000000 -1.88937400
v 16.21146200 0.00000000 -2.27408000
v 16.89421300 0.00000000 -2.47455400
v 17.60578700 0.00000000 -2.47455400
v 18.28853800 0.00000000 -2.27408000
v 18.88715200 0.00000000 -1.88937400
v 19.35313400 0.00000000 -1.35160200
v 19.64873200 0.00000000 -0.70433100
v -19.64873200 -14.75000000 0.70433100
v -19.35313400 -14.75000000 1.35160200
v -18.88715200 -14.75000000 1.88937400
v -18.28853800 -14.75000000 2.27408000
v -17.60578700 -14.75000000 2.47455400
v -16.89421300 -14.75000000 2.47455400
v -16.21146200 -14.75000000 2.27408000
v -15.61284800 -14.75000000 1.88937400
v -15.14686600 -14.75000000 1.35160200
v -14.85126800 -14.75000000 0.70433100
v -14.75000000 -14.75000000 0.00000000
v -14.85126800 -14.75000000 -0.70433100
v -15.14686600 -14.75000000 -1.35160200
v -15.61284800 -14.75000000 -1.88937400
v -16.21146200 -14.75000000 -2.27408000
v -16.89421300 -14.75000000 -2.47455400
v -17.60578700 -14.75000000 -2.47455400
v -18.28853800 -14.75000000 -2.27408000
v -18.88715200 -14.75000000 -1.88937400
v -19.35313400 -14.75000000 -1.35160200
v -19.64873200 -14.75000000 -0.70433100
v -18.36830400 -12.84650100 0.00000000
v -18.92496400 -13.13242400 0.00000000
v -19.36757600 -13.57503600 0.00000000
v -19.65349900 -14.13169600 0.00000000
v -17.40450800 -12.75000000 0.47552800
v -16.84549200 -12.75000000 0.29389300
v -16.84549200 -12.75000000 -0.29389300
v -17.40450800 -12.75000000 -0.47552800
v -19.75000000 -15.46875000 0.00000000
v -19.75000000 -16.18750000 0.00000000
v -19.75000000 -16.90625000 0.00000000
v -19.75000000 -17.62500000 0.00000000
v -19.75000000 -18.34375000 0.00000000
v -19.75000000 -19.06250000 0.00000000
v -19.75000000 -19.78125000 0.00000000
v -19.64873200 -20.50000000 0.70433100
v -19.35313400 -20.50000000 1.35160200
v -18.88715200 -20.50000000 1.88937400
v -18.28853800 -20.50000000 2.27408000
v -17.60578700 -20.50000000 2.47455400
v -16.89421300 -20.50000000 2.47455400
v -16.21146200 -20.50000000 2.27408000
v -15.61284800 -20.50000000 1.88937400
v -15.14686600 -20.50000000 1.35160200
v -14.85126800 -20.50000000 0.70433100
v -14.75000000 -20.50000000 0.00000000
v -14.85126800 -20.50000000 -0.70433100
v -15.14686600 -20.50000000 -1.35160200
v -15.61284800 -20.50000000 -1.88937400
v -16.21146200 -20.50000000 -2.27408000
v -16.89421300 -20.50000000 -2.47455400
v -17.60578700 -20.50000000 -2.47455400
v -18.28853800 -20.50000000 -2.27408000
v -18.88715200 -20.50000000 -1.88937400
v -19.35313400 -20.50000000 -1.35160200
v -19.64873200 -20.50000000 -0.70433100
v 19.73724400 -21.21305200 0.00000000
v 19.69894100 -21.92518900 0.00000000
v 19.63507000 -22.63548900 0.00000000
v 19.54565700 -23.34302700 0.00000000
v 19.43077100 -24.04687900 0.00000000
v 19.29052700 -24.74611900 0.00000000
v 19.12507900 -25.43982800 0.00000000
v 18.93462600 -26.12709200 0.00000000
v 18.71940600 -26.80700800 0.00000000
v 18.47969300 -27.47867900 0.00000000
v 18.21580200 -28.14122500 0.00000000
v 17.92808100 -28.79377500 0.00000000
v 17.61691500 -29.43547600 0.00000000
v 17.28271800 -30.06549000 0.00000000
v 16.92593900 -30.68299600 0.00000000
v 16.54705500 -31.28719100 0.00000000
v 16.14657300 -31.87729200 0.00000000
v 15.72502700 -32.45253500 0.00000000
v 15.28297700 -33.01217500 0.00000000
v 14.82101000 -33.55549100 0.00000000
v 14.33973600 -34.08178000 0.00000000
v 13.83978900 -34.59036500 0.00000000
v 13.32182600 -35.08058900 0.00000000
v 12.78652400 -35.55181900 0.00000000
v 12.23458400 -36.00344600 0.00000000
v 11.66672400 -36.43488600 0.00000000
v 11.08368400 -36.84558000 0.00000000
v 10.48622100 -37.23499400 0.00000000
v 9.87511000 -37.60262100 0.00000000
v 9.25114600 -37.94798100 0.00000000
v 8.61513600 -38.27062200 0.00000000
v 7.96790600 -38.57012000 0.00000000
v 7.31029600 -38.84608000 0.00000000
v 6.64315900 -39.09813900 0.00000000
v 5.96736100 -39.32596100 0.00000000
v 5.28378200 -39.52924400 0.00000000
v 4.59330900 -39.70771700 0.00000000
v 3.89684200 -39.86114100 0.00000000
v 3.19528800 -39.98931100 0.00000000
v 2.48956300 -40.09205500 0.00000000
v 1.78058500 -40.16923400 0.00000000
v 1.06928300 -40.22074500 0.00000000
v 0.35658300 -40.24651700 0.00000000
v -0.35658300 -40.24651700 0.00000000
v -1.06928300 -40.22074500 0.00000000
v -1.78058500 -40.16923400 0.00000000
v -2.48956300 -40.09205500 0.00000000
v -3.19528800 -39.98931100 0.00000000
v -3.89684200 -39.86114100 0.00000000
v -4.59330900 -39.70771700 0.00000000
v -5.28378200 -39.52924400 0.00000000
v -5.96736100 -39.32596100 0.00000000
v -6.64315900 -39.09813900 0.00000000
v -7.31029600 -38.84608000 0.00000000
v -7.96790600 -38.57012000 0.00000000
v -8.61513600 -38.27062200 0.00000000
v -9.25114600 -37.94798100 0.00000000
v -9.87511000 -37.60262100 0.00000000
v -10.48622100 -37.23499400 0.00000000
v -11.08368400 -36.84558000 0.00000000
v -11.66672400 -36.43488600 0.00000000
v -12.23458400 -36.00344600 0.00000000
v -12.78652400 -35.55181900 0.00000000
v -13.32182600 -35.08058900 0.00000000
v -13.83978900 -34.59036500 0.00000000
v -14.33973600 -34.08178000 0.00000000
v -14.82101000 -33.55549100 0.00000000
v -15.28297700 -33.01217500 0.00000000
v -15.72502700 -32.45253500 0.00000000
v -16.14657300 -31.87729200 0.00000000
v -16.54705500 -31.28719100 0.00000000
v -16.92593900 -30.68299600 0.00000000
v -17.28271800 -30.06549000 0.00000000
v -17.61691500 -29.43547600 0.00000000
v -17.92808100 -28.79377500 0.00000000
v -18.21580200 -28.14122500 0.00000000
v -18.47969300 -27.47867900 0.00000000
v -18.71940600 -26.80700800 0.00000000
v -18.93462600 -26.12709200 0.00000000
v -19.12507900 -25.43982800 0.00000000
v -19.29052700 -24.74611900 0.00000000
v -19.43077100 -24.04687900 0.00000000
v -19.54565700 -23.34302700 0.00000000
v -19.63507000 -22.63548900 0.00000000
v -19.69894100 -21.92518900 0.00000000
v -19.73724400 -21.21305200 0.00000000
v -19.64873200 -5.75000000 0.70433100
v -19.35313400 -5.75000000 1.35160200
v -18.88715200 -5.75000000 1.88937400
v -18.28853800 -5.75000000 2.27408000
v -17.60578700 -5.75000000 2.47455400
v -16.89421300 -5.75000000 2.47455400
v -16.21146200 -5.75000000 2.27408000
v -15.61284800 -5.75000000 1.88937400
v -15.14686600 -5.75000000 1.35160200
v -14.85126800 -5.75000000 0.70433100
v -14.75000000 -5.75000000 0.00000000
v -14.85126800 -5.75000000 -0.70433100
v -15.14686600 -5.75000000 -1.35160200
v -15.61284800 -5.75000000 -1.88937400
v -16.21146200 -5.75000000 -2.27408000
v -16.89421300 -5.75000000 -2.47455400
v -17.60578700 -5.75000000 -2.47455400
v -18.28853800 -5.75000000 -2.27408000
v -18.88715200 -5.75000000 -1.88937400
v -19.35313400 -5.75000000 -1.35160200
v -19.64873200 -5.75000000 -0.70433100
v -19.65349900 -6.36830400 -0.00000000
v -19.36757600 -6.92496400 -0.00000000
v -18.92496400 -7.36757600 -0.00000000
v -18.36830400 -7.65349900 -0.00000000
v -17.40450800 -7.75000000 0.47552800
v -16.84549200 -7.75000000 0.29389300
v -16.84549200 -7.75000000 -0.29389300
v -17.40450800 -7.75000000 -0.47552800
v -19.75000000 -5.03125000 -0.00000000
v -19.75000000 -4.31250000 -0.00000000
v -19.75000000 -3.59375000 -0.00000000
v -19.75000000 -2.87500000 -0.00000000
v -19.75000000 -2.15625000 -0.00000000
v -19.75000000 -1.43750000 -0.00000000
v -19.75000000 -0.71875000 -0.00000000
v -19.64873200 0.00000000 0.70433100
v -19.35313400 0.00000000 1.35160200
v -18.88715200 0.00000000 1.88937400
v -18.28853800 0.00000000 2.27408000
v -17.60578700 0.00000000 2.47455400
v -16.89421300 0.00000000 2.47455400
v -16.21146200 0.00000000 2.27408000
v -15.61284800 0.00000000 1.88937400
v -15.14686600 0.00000000 1.35160200
v -14.85126800 0.00000000 0.70433100
v -14.75000000 0.00000000 0.00000000
v -14.85126800 0.00000000 -0.70433100
v -15.14686600 0.00000000 -1.35160200
v -15.61284800 0.00000000 -1.88937400
v -16.21146200 0.00000000 -2.27408000
v -16.89421300 0.00000000 -2.47455400
v -17.60578700 0.00000000 -2.47455400
v -18.28853800 0.00000000 -2.27408000
v -18.88715200 0.00000000 -1.88937400
v -19.35313400 0.00000000 -1.35160200
v -19.64873200 0.00000000 -0.70433100
v 19.73724400 0.71305200 0.00000000
v 19.69894100 1.42518900 0.00000000
v 19.63507000 2.13548900 0.00000000
v 19.54565700 2.84302700 0.00000000
v 19.43077100 3.54687900 0.00000000
v 19.29052700 4.24611900 0.00000000
v 19.12507900 4.93982800 0.00000000
v 18.93462600 5.62709200 0.00000000
v 18.71940600 6.30700800 0.00000000
v 18.47969300 6.97867900 0.00000000
v 18.21580200 7.64122500 0.00000000
v 17.92808100 8.29377500 0.00000000
v 17.61691500 8.93547600 0.00000000
v 17.28271800 9.56549000 0.00000000
v 16.92593900 10.18299600 0.00000000
v 16.54705500 10.78719100 0.00000000
v 16.14657300 11.37729200 0.00000000
v 15.72502700 11.95253500 0.00000000
v 15.28297700 12.51217500 0.00000000
v 14.82101000 13.05549100 0.00000000
v 14.33973600 13.58178000 0.00000000
v 13.83978900 14.09036500 0.00000000
v 13.32182600 14.58058900 0.00000000
v 12.78652400 15.05181900 0.00000000
v 12.23458400 15.50344600 0.00000000
v 11.66672400 15.93488600 0.00000000
v 11.08368400 16.34558000 0.00000000
v 10.48622100 16.73499400 0.00000000
v 9.87511000 17.10262100 0.00000000
v 9.25114600 17.44798100 0.00000000
v 8.61513600 17.77062200 0.00000000
v 7.96790600 18.07012000 0.00000000
v 7.31029600 18.34608000 0.00000000
v 6.64315900 18.59813900 0.00000000
v 5.96736100 18.82596100 0.00000000
v 5.28378200 19.02924400 0.00000000
v 4.59330900 19.20771700 0.00000000
v 3.89684200 19.36114100 0.00000000
v 3.19528800 19.48931100 0.00000000
v 2.48956300 19.59205500 0.00000000
v 1.78058500 19.66923400 0.00000000
v 1.06928300 19.72074500 0.00000000
v 0.35658300 19.74651700 0.00000000
v -0.35658300 19.74651700 0.00000000
v -1.06928300 19.72074500 0.00000000
v -1.78058500 19.66923400 0.00000000
v -2.48956300 19.59205500 0.00000000
v -3.19528800 19.48931100 0.00000000
v -3.89684200 19.36114100 0.00000000
v -4.59330900 19.20771700 0.00000000
v -5.28378200 19.02924400 0.00000000
v -5.96736100 18.82596100 0.00000000
v -6.64315900 18.59813900 0.00000000
v -7.31029600 18.34608000 0.00000000
v -7.96790600 18.07012000 0.00000000
v -8.61513600 17.77062200 0.00000000
v -9.25114600 17.44798100 0.00000000
v -9.87511000 17.10262100 0.00000000
v -10.48622100 16.73499400 0.00000000
v -11.08368400 16.34558000 0.00000000
v -11.66672400 15.93488600 0.00000000
v -12.23458400 15.50344600 0.00000000
v -12.78652400 15.05181900 0.00000000
v -13.32182600 14.58058900 0.00000000
v -13.83978900 14.09036500 0.00000000
v -14.33973600 13.58178000 0.00000000
v -14.82101000 13.05549100 0.00000000
v -15.28297700 12.51217500 0.00000000
v -15.72502700 11.95253500 0.00000000
v -16.14657300 11.37729200 0.00000000
v -16.54705500 10.78719100 0.00000000
v -16.92593900 10.18299600 0.00000000
v -17.28271800 9.56549000 0.00000000
v -17.61691500 8.93547600 0.00000000
v -17.92808100 8.29377500 0.00000000
v -18.21580200 7.64122500 0.00000000
v -18.47969300 6.97867900 0.00000000
v -18.71940600 6.30700800 0.00000000
v -18.93462600 5.62709200 0.00000000
v -19.12507900 4.93982800 0.00000000
v -19.29052700 4.24611900 0.00000000
v -19.43077100 3.54687900 0.00000000
v -19.54565700 2.84302700 0.00000000
v -19.63507000 2.13548900 0.00000000
v -19.69894100 1.42518900 0.00000000
v -19.73724400 0.71305200 0.00000000
v 19.43647800 -8.99141000 1.21215300
v 18.58770900 -10.29703100 2.11199800
v 17.93422500 -10.30356600 2.40454500
v 17.20548100 -10.30747600 2.49960400
v 16.58008800 -10.35825900 2.40857200
v 15.24657500 -10.33358500 1.49542200
v 15.70385500 -10.13022900 1.96454500
v 14.91009900 -10.34991400 0.88026200
v 14.75959700 -10.29411000 0.21884900
v 14.79741600 -10.27092800 -0.48459500
v 15.04000400 -10.29556100 -1.16872400
v 15.44195400 -10.32334900 -1.72654900
v 15.91959600 -10.33492500 -2.11660700
v 16.41157600 -10.32359200 -2.35521700
v 17.98464300 -10.22483500 -2.38962300
v 17.39677100 -10.18460600 -2.49568800
v 18.56359600 -10.33666700 -2.12707900
v 19.47751000 -11.34197800 -1.13498900
v 19.67899300 -11.09184000 0.59160100
v 19.38156700 -9.86079000 1.30630000
v 18.99929600 -9.92480300 1.78604700
v 16.87343800 -10.20638800 -2.47147700
v 18.93956200 -10.70672700 -1.84265600
v 19.29076300 -10.68965000 -1.44405200
v 19.66889000 -9.43687500 -0.63164100
v 19.44281200 -13.38419900 1.20065600
v 19.03180000 -15.46398000 1.75362200
v 18.90370900 -13.88936100 1.87489900
v 18.46761500 -15.66879600 2.18344100
v 17.84318800 -15.73994800 2.42860600
v 17.15901500 -15.77870000 2.49834400
v 16.46444300 -15.81086800 2.37337300
v 15.87437200 -15.84799000 2.08749800
v 15.29050700 -15.89719400 1.55254200
v 14.98203800 -15.89383200 1.05183200
v 14.76747200 -15.84078700 0.29505300
v 14.76957300 -15.80714900 -0.31221700
v 15.00971100 -15.76832900 -1.10955200
v 15.37359700 -15.73706200 -1.65200200
v 16.04246100 -15.67545600 -2.18902900
v 16.61055700 -15.59454600 -2.41683900
v 17.22024500 -15.56306500 -2.49982300
v 17.86713000 -15.52176000 -2.42263300
v 18.69158900 -14.10478500 -2.04250400
v 19.17521100 -16.01787900 -1.59485500
v 19.45724700 -15.79428300 -1.17390800
v 19.52252100 -15.01394000 -1.04194400
v 19.03132500 -5.01975600 -1.75410400
v 19.43599100 -7.07096800 -1.21303100
v 18.46235300 -4.80942400 -2.18636700
v 18.90079800 -6.68278900 -1.87746200
v 17.83056100 -4.73275100 -2.43165600
v 17.14338600 -4.68127500 -2.49772600
v 16.45804600 -4.63577500 -2.37124600
v 15.86400500 -4.62040600 -2.08062900
v 15.25383700 -4.60600200 -1.50510300
v 14.93756300 -4.60898200 -0.95007200
v 14.75411600 -4.69134300 -0.14339300
v 14.78644200 -4.80026000 0.42530400
v 15.00881800 -4.90209700 1.10774700
v 15.30990300 -4.95997400 1.57671300
v 15.87859500 -4.97472600 2.09027500
v 16.45512600 -4.88974400 2.37026900
v 17.16745200 -4.84961600 2.49863700
v 17.87656400 -4.92138900 2.42021000
v 19.17906100 -4.45291300 1.59019700
v 18.68147700 -6.32423500 2.04960300
v 19.45788900 -4.68325900 1.17270100
v 19.52066500 -5.46122100 1.04598300
v 19.28481000 -14.85474800 1.45242800
v 19.28656600 -5.63019900 -1.44996400
v 19.65087700 -15.51599000 -0.69698500
v 19.65063300 -4.97012900 0.69782500
v 19.70011600 -15.85781500 0.49692000
v 19.70010800 -4.63813900 -0.49696300
v 19.72027400 -7.39898100 -0.38437700
v 19.72213200 -13.09184700 0.37223800
v 19.69867000 -18.70927600 -0.50399700
v 19.69905700 -1.78797000 0.50211700
v 19.69916300 -8.34977700 -0.50159600
v 19.70418500 -12.14613800 0.47641900
v 19.70612500 -13.89019100 -0.46631500
v 19.70443700 -6.59729600 0.47512100
v 19.72829800 -6.80270500 -0.32869500
v 19.72902800 -13.68976400 0.32314200
v 19.72504300 -15.91734800 -0.35236400
v 19.72507600 -4.57653900 0.35213600
v 19.63101800 -16.34707600 -0.76207200
v 19.63162800 -4.14098100 0.76016200
v 19.38785400 -7.24048000 1.29598600
v 19.41036300 -13.20701100 -1.25810600
v 19.59791200 -17.70369600 0.85866800
v 19.59761000 -2.79321900 -0.85949400
v 18.68368600 -18.29014900 2.04805900
v 15.56170100 -18.15106600 1.84381300
v 15.05557100 -18.29519600 1.19769800
v 14.84522300 -18.01390800 0.68340700
v 14.76383500 -18.16346700 -0.26264800
v 14.88120800 -18.05166600 -0.79926600
v 15.27980900 -18.25050400 -1.53894400
v 15.66118600 -17.98152900 -1.93020000
v 16.44296200 -18.14867600 -2.36615500
v 17.77495300 -18.12994300 -2.44426300
v 18.27952800 -17.86168500 -2.27817300
v 19.07579200 -18.12211100 -1.70777200
v 18.68078300 -2.20285300 -2.05008800
v 15.54548700 -2.32532200 -1.82883500
v 15.04570800 -2.17076900 -1.17944900
v 14.83992200 -2.43644700 -0.66447400
v 14.75968500 -2.24597000 0.21983900
v 14.87115600 -2.48046700 0.76883200
v 15.28517300 -2.28272700 1.54578600
v 15.69060500 -2.54652400 1.95404400
v 16.47929300 -2.31293100 2.37823700
v 17.79601900 -2.34629600 2.43964400
v 18.29781000 -2.61519700 2.26982200
v 19.08267000 -2.36410100 1.70038800
v 18.72477500 -8.01583100 2.01867200
v 18.17806300 -13.01315900 2.32135700
v 18.14435300 -7.98214600 2.33455200
v 17.62391800 -12.86620100 2.47187900
v 17.44059800 -7.61412500 2.49272400
v 16.89846800 -12.74467000 2.47516200
v 16.76652000 -7.78207400 2.45280400
v 16.23750600 -13.01908800 2.28579400
v 16.07454100 -7.55957600 2.20642200
v 15.68592400 -12.92090900 1.95029900
v 15.53353700 -7.66342100 1.81762400
v 15.21064400 -12.86322000 1.44603900
v 15.16409600 -7.87354500 1.37804400
v 14.88689400 -13.02487200 0.81592300
v 14.86530500 -7.90390200 0.75048600
v 14.75213300 -12.75236000 0.10324200
v 14.75001300 -7.54668700 -0.00817200
v 14.82325000 -12.89892900 -0.60073800
v 14.87872200 -7.74991900 -0.79185900
v 15.07108700 -12.67974200 -1.22569900
v 15.26293500 -7.64911600 -1.51709400
v 15.50854300 -12.62228700 -1.79369100
v 15.76721100 -7.58768800 -2.01279300
v 16.15717700 -12.62155900 -2.24849700
v 16.36355300 -7.55805900 -2.33756500
v 16.82847000 -12.90069500 -2.46420600
v 16.92079200 -7.48336400 -2.47823000
v 17.52132900 -12.66557100 -2.48523300
v 17.43228500 -7.82526900 -2.49334600
v 18.22009300 -12.41422200 -2.30410900
v 18.06291500 -7.75168900 -2.36414200
v 18.74408900 -12.44496200 -2.00442000
v 18.94915700 -12.74351800 1.83381200
v 19.08855500 -7.63815700 1.69402400
v 19.12951700 -12.70315000 -1.64845900
v 19.67580700 -8.71418800 0.60453500
v 19.66907900 -11.78800600 -0.63091700
v 19.57961000 -6.88981100 0.90714700
v 19.58797000 -13.58303500 -0.88537800
v 19.09836900 -8.46237500 1.68331000
v 19.30740700 -11.97193200 -1.42023800
v 17.69688000 -11.89932600 -2.45973500
v 19.04397600 -11.95800800 1.74116400
v 19.05566400 -8.50531500 -1.72904000
v 19.67735300 -18.52621600 0.59829500
v 19.67722000 -1.97230800 -0.59883300
v 19.64577900 -13.51406000 0.71431200
v 19.64202500 -6.96688100 -0.72678400
v 19.69687200 -17.11787800 -0.51265900
v 19.69729700 -3.37591800 0.51062700
v 19.70834000 -13.19035900 -0.45449200
v 19.70558000 -7.30009300 0.46917800
v 19.73051500 -15.30875400 -0.31152200
v 19.73040400 -5.18485800 0.31240400
v 19.69285400 -15.11265200 0.53147200
v 19.69281300 -5.38115000 -0.53166200
v 19.69687400 -17.94280800 -0.51264900
v 19.69734500 -2.55280500 0.51039300
v 19.69819600 -12.52457500 -0.50629800
v 19.69421700 -7.97357100 0.52517000
v 19.69022900 -10.29867200 0.54340100
v 19.68633100 -10.27361500 -0.56061500
v 19.69556600 -14.27400700 0.51885000
v 19.69494600 -6.21627600 -0.52176400
v 18.75923000 -14.92309000 -1.99304400
v 18.75888300 -5.52467200 1.99330700
v 18.94753400 -14.56732900 1.83531400
v 18.94962500 -5.91775900 -1.83337800
v 19.72840200 -16.52128800 -0.32790400
v 19.72851500 -3.97386000 0.32704900
v 19.54904300 -18.30254100 -0.98203800
v 19.55079300 -2.19056400 0.97793300
v 19.43194200 -18.23285000 1.22029900
v 19.43124700 -2.26352700 -1.22154100
v 15.88842600 -18.37540400 2.09669200
v 15.32338300 -18.45688300 1.59315600
v 14.76502900 -18.36212100 0.27371500
v 15.02260700 -18.39751000 -1.13521900
v 16.00899700 -18.34077800 -2.17023300
v 17.33076400 -18.26071900 -2.49869500
v 15.87452400 -2.10565600 -2.08759800
v 15.31144300 -2.01760800 -1.57860600
v 14.76528000 -2.08589300 -0.27598300
v 15.02066200 -2.11882400 1.13139500
v 16.03902500 -2.15196300 2.18713000
v 17.35377500 -2.21211000 2.49784500
v 18.68480100 -18.34905300 -2.04727700
v 18.69538700 -2.13534700 2.03981800
v 19.31879100 -18.58728000 -1.40360400
v 19.32239700 -1.90413900 1.39827400
v 19.13641900 -18.68455000 1.64055600
v 19.13511000 -1.81131600 -1.64206000
v 18.13047100 -18.81321200 2.33982300
v 18.12650500 -1.67982800 -2.34131100
v 17.39372100 -18.84015800 2.49586500
v 16.72673200 -18.86113900 2.44462500
v 16.16907100 -18.85346700 2.25423900
v 16.92568500 -18.65918100 -2.47887500
v 17.59247400 -18.85782100 -2.47643100
v 18.20592900 -18.70661100 -2.31002200
v 17.38745300 -1.65069900 -2.49621800
v 16.71831300 -1.62757700 -2.44280800
v 16.15913500 -1.63273300 -2.24944800
v 16.94815500 -1.81757100 2.48171100
v 17.60855900 -1.62491800 2.47415300
v 18.21898800 -1.77773100 2.30457400
v 19.00761600 -18.81216200 -1.77786000
v 19.01338800 -1.67790700 1.77213500
v 19.53300400 -19.11883500 -1.01877000
v 19.53434500 -1.37685800 1.01576100
v 18.58738900 -8.79197100 2.11220100
v 18.20858400 -11.68170700 2.30892100
v 17.44767900 -11.95909400 2.49217200
v 16.93128500 -8.74258200 2.47960100
v 16.61200700 -11.84166400 2.41722300
v 16.17306300 -9.07454100 2.25614800
v 15.54674600 -11.64604700 1.83000700
v 15.26037000 -8.70689300 1.51372700
v 16.04105400 -11.36351800 2.18825300
v 15.75017500 -8.35734600 2.00013200
v 15.12919800 -11.96941300 1.32370600
v 14.89117700 -8.80422300 0.82822400
v 14.84028000 -12.12157200 0.66577000
v 14.75430800 -8.49526400 0.14670500
v 14.75010800 -11.84527200 -0.02325600
v 14.81096900 -8.63525400 -0.54875300
v 14.87232600 -11.97623400 -0.77244300
v 15.12032400 -8.60077500 -1.30938100
v 15.24157600 -11.86364600 -1.48870100
v 15.58614000 -8.93340700 -1.86589600
v 15.80589400 -11.75780900 -2.04072500
v 16.06417200 -8.38986600 -2.20086600
v 16.42404200 -11.79061700 -2.35961700
v 16.58322800 -9.07893300 -2.40944300
v 18.21571100 -8.70398200 -2.30594900
v 16.85298900 -11.39824600 -2.46827500
v 17.38106300 -8.73328600 -2.49656200
v 18.66281500 -11.83782900 -2.06251100
v 18.64928500 -11.82085500 2.07171500
v 18.71013900 -8.59304100 -2.02928400
v 19.28180600 -14.09508100 1.45662800
v 19.28795700 -6.38339000 -1.44800900
v 18.41550100 -14.13919800 2.21169800
v 18.42282900 -6.28161600 -2.20782100
v 17.76331700 -14.31090100 2.44673400
v 17.13520000 -14.23166000 2.49736300
v 16.44163700 -14.29616600 2.36570300
v 15.84813700 -14.19273300 2.06997100
v 15.33991100 -14.46630700 1.61293500
v 14.92639600 -14.49351500 0.92242300
v 14.76466200 -14.20698100 0.27035900
v 14.79687700 -14.33584300 -0.48186000
v 15.01500400 -14.06619300 -1.12017500
v 15.43073200 -14.18674600 -1.71471900
v 15.98399400 -14.22903000 -2.15574300
v 16.57084400 -14.23666000 -2.40598100
v 17.15016700 -14.18191200 -2.49800600
v 17.74494700 -14.04109600 -2.45051600
v 17.73807700 -6.22983300 -2.45189300
v 17.05913300 -6.17782100 -2.49270300
v 16.39010700 -6.12029600 -2.34746300
v 15.77563800 -6.07913700 -2.01897400
v 15.26404600 -6.06944900 -1.51854800
v 14.91440600 -6.06821400 -0.89162900
v 14.75968100 -6.06789000 -0.21979500
v 14.79699100 -6.13834100 0.48243600
v 15.00431800 -6.48732400 1.09859600
v 15.38077800 -6.33288900 1.66012400
v 15.83183900 -6.26681700 2.05883900
v 16.55595600 -6.40914300 2.40172900
v 17.18717700 -6.33207500 2.49921100
v 17.76974200 -6.38380900 2.44537700
v 19.10656900 -14.38833800 -1.67426100
v 19.09800400 -6.05782500 1.68371000
v 19.37653700 -14.56632500 -1.31447400
v 19.37100700 -5.89603000 1.32337800
v 18.02083200 -8.75551500 2.37819600
v 17.59144000 -9.10841200 2.47657400
v 17.34316800 -11.37399700 -2.49826300
v 18.20458800 -11.58012500 -2.31057600
v 18.99957200 -12.06999500 -1.78577600
v 17.80819000 -11.30896400 -2.43688800
v 19.49288400 -17.00354100 1.10429600
v 19.49238500 -3.49087100 -1.10531000
v 19.15594300 -17.07746800 1.61783200
v 19.15434400 -3.41397600 -1.61971400
v 18.62642500 -17.33341000 2.08697200
v 18.62247500 -3.15510800 -2.08957300
v 18.35394700 -17.07462900 -2.24305600
v 18.37587100 -3.39371500 2.23213200
v 17.94084100 -17.27419300 2.40265300
v 17.26229300 -17.30520700 2.49997000
v 16.57890300 -17.34287200 2.40824200
v 16.00691700 -17.37675200 2.16904200
v 15.49279200 -17.36155200 1.77826300
v 15.03153700 -17.49280600 1.15257200
v 14.79887900 -17.24007900 0.49194200
v 14.75965100 -17.39104700 -0.21945300
v 14.91216000 -17.29359900 -0.88572200
v 15.30410900 -17.44165800 -1.56955700
v 15.80141900 -17.22278500 -2.03755100
v 16.45476600 -17.26639900 -2.37014800
v 17.16670600 -17.22663100 -2.49861200
v 17.79391200 -17.32246000 -2.44011500
v 17.93326300 -3.20949400 -2.40481800
v 17.25140800 -3.17428000 -2.50000000
v 16.56422800 -3.13404700 -2.40410400
v 15.98738800 -3.09906000 -2.15773300
v 15.46807400 -3.11108300 -1.75349300
v 15.01229000 -2.96319100 -1.11474500
v 14.79206500 -3.17696300 -0.45667700
v 14.76703900 -3.12578900 0.29138800
v 14.95480400 -3.11496100 0.99099600
v 15.29600500 -3.17904900 1.55945600
v 15.90239500 -3.31399600 2.10569700
v 16.51404300 -3.10977100 2.38921900
v 17.17955600 -3.25427700 2.49900700
v 17.82425400 -3.14519100 2.43315300
v 17.51955600 -13.90939800 2.48542500
v 18.25435700 -13.85713200 -2.28938100
v 18.25039100 -6.55793100 2.29111700
v 19.38042900 -13.93656400 -1.30815600
v 19.36875200 -6.51725200 1.32698500
v 19.60382200 -12.98873300 -0.84233200
v 19.59064300 -7.49545500 0.87828700
v 19.40059400 -11.35565700 1.27473400
v 19.34350700 -9.17244500 -1.36646500
v 19.46926000 -8.07366200 1.15103600
v 19.50925200 -12.43839000 -1.07041100
v 19.57095600 -14.28398900 -0.92906500
v 19.56639700 -6.18929700 0.94037500
v 19.29321400 -12.70065100 1.44058100
v 19.21666400 -7.72623600 -1.54344800
v 19.65959900 -9.57473000 0.66620800
v 19.68653200 -10.99763600 -0.55974200
v 19.61556900 -11.84030400 0.80875400
v 19.59893500 -8.66243100 -0.85586400
v 19.51447900 -10.55402400 1.05930900
v 19.47447900 -10.03850300 -1.14091800
v 15.56072000 -15.87449100 1.84291400
v 14.84576300 -15.86743900 0.68530600
v 14.85493300 -15.78830100 -0.71669600
v 15.69270800 -15.71184100 -1.95572000
v 18.39843400 -15.41925000 -2.22060800
v 15.53672200 -4.62214900 -1.82062600
v 14.81063200 -4.64145500 -0.54725300
v 14.87257100 -4.87449500 0.77319400
v 15.57341600 -5.00189600 1.85447200
v 18.40710900 -5.02992800 2.21610000
v 18.81045300 -15.74670000 -1.95319900
v 18.81755200 -4.71306700 1.94750700
v 19.69975700 -14.71366000 -0.49868700
v 19.69897400 -5.77429200 0.50251800
v 19.54417700 -13.98103600 0.99335500
v 19.54273100 -6.49719400 -0.99668800
v 17.55428100 -16.52485000 2.48141400
v 16.85231700 -16.56386300 2.46816700
v 16.14510700 -16.62156700 2.24259000
v 15.58501500 -16.45643100 1.86489300
v 15.12269900 -16.63996600 1.31323600
v 14.84577700 -16.42903200 0.68535400
v 14.75025800 -16.57190000 -0.03590700
v 14.85587200 -16.38518500 -0.71982700
v 15.19035900 -16.55659200 -1.41699600
v 15.72667000 -16.37121100 -1.98228800
v 16.37231700 -16.36060000 -2.34087000
v 16.91727700 -16.12657100 -2.47776000
v 17.52223800 -16.43057700 -2.48513300
v 18.28457700 -16.23379900 -2.27588400
v 17.54301600 -3.94946500 -2.48276900
v 16.83928000 -3.90413000 -2.46603100
v 16.12763400 -3.84851500 -2.23389700
v 15.55694700 -4.02317100 -1.83944900
v 15.08325700 -3.83146800 -1.24708600
v 14.80448900 -4.01127500 -0.51911000
v 14.76035700 -4.05237700 0.22732400
v 14.88117000 -4.41625500 0.79915100
v 15.15836400 -4.13850000 1.36932800
v 15.56310400 -4.51790000 1.84509700
v 16.03369600 -4.17045500 2.18417100
v 16.73676000 -3.98981600 2.44675000
v 17.59672900 -4.01059700 2.47583900
v 18.30817100 -4.22216500 2.26501100
v 18.23140800 -16.48821300 2.29931200
v 18.22425800 -3.99237800 -2.30235100
v 18.83562200 -16.38825800 1.93282200
v 18.83267300 -4.09722900 -1.93523800
v 18.89009300 -16.67659100 -1.88682100
v 18.90054100 -3.79451700 1.87768900
v 19.30737700 -16.29776100 1.42028100
v 19.30661200 -4.19219400 -1.42138900
v 18.54718900 -12.41402700 2.13712400
v 18.69854700 -7.96515000 -2.03757500
v 19.71970500 -17.86079400 0.38801700
v 19.71965000 -2.63785400 -0.38836700
v 19.60023300 -16.34362800 0.85229400
v 19.60008200 -4.15060200 -0.85271100
v 19.38663500 -16.66123200 -1.29799500
v 19.38976800 -3.81987700 1.29282400
v 19.69305800 -19.38032400 0.53053400
v 19.69298500 -1.11892600 -0.53087100
v 19.70580500 -19.42513400 -0.46799600
v 19.70602900 -1.07330700 0.46681900
v 16.16277300 -6.28863200 2.25120800
v 19.71752100 -8.82429900 -0.40167500
v 19.72117000 -11.68117400 0.37857500
v 19.48843200 -19.04045800 1.11329300
v 19.48800100 -1.45743200 -1.11416000
v 18.72996900 -19.09391000 2.01486800
v 18.72800700 -1.40178400 -2.01630700
v 18.41019300 -19.35810300 2.21448700
v 18.40795100 -1.13777800 -2.21566000
v 17.75108100 -19.23725500 2.44926900
v 17.74711200 -1.25671400 -2.45007800
v 17.07585900 -19.23948200 2.49392800
v 16.43869800 -19.25068400 2.36469600
v 15.64109300 -18.89037500 1.91348300
v 15.18086700 -18.99795100 1.40309900
v 14.85919000 -18.86159400 0.73077100
v 14.75000500 -18.93843400 0.00517700
v 14.85641200 -18.84321000 -0.72162200
v 15.15189200 -18.95477100 -1.35939000
v 15.63895100 -18.83865400 -1.91168000
v 16.31249900 -18.94139300 -2.31756200
v 16.74536100 -19.16930100 -2.44853800
v 17.07018200 -1.25277100 -2.49352500
v 16.43167200 -1.23963900 -2.36227400
v 15.63125000 -1.59237900 -1.90516400
v 15.17465000 -1.48023700 -1.39388800
v 14.85745300 -1.60674800 -0.72506500
v 14.75004500 -1.52608700 -0.01492800
v 14.85255100 -1.64478100 0.70868900
v 15.15271600 -1.55250200 1.36066200
v 15.65162500 -1.66842900 1.92229000
v 16.33186700 -1.54678300 2.32530200
v 16.76148800 -1.31738500 2.45180700
v 17.98604600 -19.20110900 -2.38919100
v 17.99687800 -1.28686000 2.38582800
v 18.65801800 -19.00593400 -2.06578900
v 18.66580000 -1.48326900 2.06046300
v 19.25582700 -19.18574700 -1.49219900
v 19.25881100 -1.30808900 1.48818000
v 18.69977000 -9.55719800 2.03670500
v 18.61719400 -11.12479800 -2.09303100
v 19.37868900 -17.57665700 1.31098600
v 19.37779900 -2.91791300 -1.31242900
v 19.09915700 -17.86584700 1.68244400
v 19.09737800 -2.62744900 -1.68439700
v 19.60380700 -19.83300100 -0.84237200
v 19.60428500 -0.66525900 0.84103800
v 18.76974500 -17.58352600 -1.98503800
v 18.78180000 -2.89475500 1.97575000
v 18.22335900 -17.95101700 2.30273200
v 18.21822100 -2.53809800 -2.30489700
v 17.66262000 -18.04451300 2.46571400
v 17.65515800 -2.44228300 -2.46695100
v 16.98175000 -18.08381500 2.48556700
v 16.29783400 -18.10965300 2.31157500
v 15.83512400 -17.87488500 2.06109800
v 15.27209600 -17.95150100 1.52901800
v 14.75766000 -17.83412400 0.19555700
v 14.81035500 -17.72494500 -0.54601400
v 15.05623400 -17.88698800 -1.19891100
v 16.06084200 -17.79203300 -2.19906900
v 16.95018100 -17.88801000 -2.48195700
v 17.40472400 -17.76555300 -2.49520800
v 16.97119100 -2.40029300 -2.48440400
v 16.28373800 -2.37185700 -2.30571800
v 15.81679400 -2.60259600 -2.04839400
v 15.25520700 -2.51759500 -1.50691800
v 14.75642200 -2.61421200 -0.17908300
v 15.06327200 -2.63520600 1.21170200
v 16.11301500 -2.68703700 2.22649200
v 16.98049400 -2.56856000 2.48543100
v 17.42848900 -2.70528700 2.49362000
v 19.35322800 -17.98082500 -1.35145600
v 19.35711700 -2.50772800 1.34538400
v 19.52634400 -17.47471000 -1.03356500
v 19.52845700 -3.01431200 1.02889800
v 19.36295100 -19.78823400 -1.33620200
v 19.36426200 -0.70883500 1.33412800
v 19.09890700 -11.29725200 1.68271900
v 17.05159100 -11.14367000 2.49211400
v 17.21145100 -9.51039100 2.49970300
v 16.52679100 -11.00174800 2.39310900
v 15.21465200 -11.12981800 1.45167400
v 15.81290300 -9.53832800 2.04566700
v 14.89885900 -11.20825900 0.84978500
v 14.75854200 -11.05636800 0.20648500
v 14.79323900 -11.08634200 -0.46295400
v 15.03103500 -11.09320400 -1.15160600
v 15.44799100 -11.05384400 -1.73284800
v 15.92974300 -10.97653100 -2.12295100
v 16.44795400 -10.98567000 -2.36785200
v 17.02979400 -10.78867700 -2.49028300
v 17.10032100 -9.58265000 -2.49551500
v 19.06523900 -9.26475800 1.71898400
v 19.07239800 -11.39184400 -1.71139300
v 19.06320800 -6.83084900 1.72112600
v 19.08417500 -13.58972300 -1.69876500
v 18.64658700 -13.29476500 2.07353400
v 18.51615100 -7.16052100 -2.15565800
v 17.29219900 -13.48995400 2.49964400
v 17.95517000 -7.10596100 2.39848600
v 16.69410400 -13.58285300 2.43741200
v 16.98247000 -7.02230900 2.48564400
v 15.87781600 -13.49078800 2.08976400
v 16.49195000 -7.10696200 2.38230100
v 15.47744600 -13.60642300 1.76296700
v 15.07770400 -13.70536000 1.23738800
v 14.77492200 -13.46204100 0.35212400
v 14.99568700 -7.27444700 1.08077300
v 14.75630600 -13.54872100 -0.17746000
v 14.97738300 -13.33331800 -1.04173400
v 14.80407000 -6.83749100 -0.51713200
v 15.25731300 -13.38576100 -1.50970200
v 15.05454500 -6.87087500 -1.19581600
v 15.74918600 -13.42626000 -1.99938900
v 15.49420600 -6.85007600 -1.77965900
v 16.34005400 -13.51191900 -2.32851800
v 16.05636400 -6.84309900 -2.19664100
v 17.34365900 -13.45312300 -2.49824500
v 16.68238700 -6.86224600 -2.43471100
v 17.96237200 -13.27160600 -2.39635700
v 17.87730600 -13.60597000 2.42001800
v 17.98069600 -6.96643200 -2.39083300
v 19.20347200 -15.20722200 -1.56011100
v 19.20243700 -5.25557000 1.56140600
v 18.61360100 -14.96213400 2.09537400
v 18.61258200 -5.50648200 -2.09603700
v 18.10915300 -14.97170000 2.34773400
v 18.09899700 -5.50272400 -2.35142600
v 17.46877400 -15.00973600 2.49040900
v 16.77939000 -15.02621800 2.45530600
v 16.06715000 -15.03107000 2.20246800
v 15.53544500 -15.29832700 1.81942400
v 15.11412800 -15.22601100 1.29924900
v 14.84771400 -15.30774200 0.69211300
v 14.75024200 -15.06555700 0.03478700
v 14.85119900 -15.19303200 -0.70409900
v 15.13833600 -14.95006100 -1.33823600
v 15.67345200 -15.06269900 -1.94023100
v 16.27755900 -14.94808700 -2.30311900
v 16.88533800 -14.88936100 -2.47326100
v 17.51528800 -14.81105500 -2.48588500
v 17.44149400 -5.45489600 -2.49265500
v 16.75686100 -5.40350300 -2.45088000
v 16.10505700 -5.34947400 -2.22241000
v 15.52039900 -5.23639300 -1.80512600
v 15.07355200 -5.30715200 -1.23007100
v 14.81385700 -5.25336600 -0.56143500
v 14.75302800 -5.38853100 0.12301200
v 14.86295400 -5.38045700 0.74297400
v 15.11673700 -5.64739100 1.30353000
v 15.57974500 -5.55722200 1.86017400
v 16.16668800 -5.71805200 2.25309500
v 16.83271200 -5.64120700 2.46492800
v 17.51027200 -5.64958800 2.48641500
v 18.19335800 -14.66831000 -2.31518400
v 18.19635700 -5.77022200 2.31396000
v 19.58167400 -10.07205400 0.90182900
v 19.55012400 -10.66827700 -0.97950400
v 18.16644200 -9.50865800 2.32597000
v 18.14522100 -10.89523700 -2.33421900
v 19.53123700 -14.63787500 1.02272200
v 19.53172500 -5.84810600 -1.02163100
v 17.69057300 -11.05127900 2.46087300
v 16.70159300 -9.64738600 2.43910800
v 16.08849500 -10.60196600 2.21379900
v 16.16252500 -9.89178500 2.25108800
v 15.43084800 -9.55129700 1.71484300
v 15.05169700 -9.55406300 1.19057300
v 14.81735300 -9.57866300 0.57639200
v 14.75153100 -9.40027100 -0.08749000
v 14.90744900 -9.45827000 -0.87318700
v 15.26215000 -9.54695200 -1.51606500
v 15.71480100 -9.67053400 -1.97311000
v 16.19943200 -9.72513500 -2.26854700
v 16.62820700 -9.78333900 -2.42144000
v 17.74833000 -9.50936300 -2.44983000
v 19.11110000 -13.35126200 1.66922400
v 19.16867800 -7.03559300 -1.60270900
v 18.24601900 -10.91271700 2.29302100
v 18.35384400 -9.62664000 -2.24310700
v 18.73492900 -11.23041600 2.01121500
v 18.80666500 -9.19702300 -1.95621900
v 19.49561600 -15.50978000 1.09873000
v 19.49571100 -4.98002100 -1.09853600
v 19.55265300 -19.83445400 0.97354400
v 19.55248900 -0.66470300 -0.97393300
v 19.18134500 -19.58442500 1.58742100
v 19.18065100 -0.91352900 -1.58826500
v 18.68213600 -19.83327300 2.04914300
v 18.68110100 -0.66462900 -2.04986600
v 18.05277800 -19.69220200 2.36760400
v 18.05067200 -0.80437200 -2.36831700
v 17.40689400 -19.60376000 2.49507200
v 16.78185500 -19.65329100 2.45577700
v 16.10506200 -19.63532900 2.22241200
v 15.45818000 -19.76343100 1.74338200
v 14.99322600 -19.72098300 1.07562500
v 14.77718900 -19.70304700 0.36770300
v 14.77564300 -19.69730600 -0.35714900
v 14.97897400 -19.69908400 -1.04520000
v 15.37058000 -19.69906400 -1.64856900
v 15.93202500 -19.70164900 -2.12436800
v 16.62174500 -19.73050900 -2.41977200
v 17.13827900 -19.34540200 -2.49750200
v 17.40338600 -0.89127200 -2.49529000
v 16.77750400 -0.84076500 -2.45494400
v 16.09994900 -0.85673400 -2.21977100
v 15.45460900 -0.72738300 -1.73970400
v 14.99170200 -0.76602200 -1.07242200
v 14.77730500 -0.78176300 -0.36848400
v 14.77502200 -0.79183600 0.35282400
v 14.97811300 -0.79859100 1.04332600
v 15.37326200 -0.80268100 1.65162200
v 15.93921200 -0.79681700 2.12881100
v 16.63071400 -0.76323300 2.42208300
v 17.15132600 -1.14245900 2.49805200
v 17.74937200 -19.69992600 -2.44961800
v 17.75691400 -0.79233300 2.44806800
v 18.36950700 -19.53944500 -2.23533100
v 18.37592500 -0.95275400 2.23210500
v 18.94216200 -19.62182500 -1.84026800
v 18.94556200 -0.87282200 1.83713700
v 16.83812800 -10.70278800 2.46583900
v 15.04635100 -10.75539400 1.18064900
v 14.80984600 -10.72716300 0.54373500
v 14.75347700 -10.67693700 -0.13180700
v 14.89031200 -10.68650900 -0.82575700
v 15.22016200 -10.69149000 -1.45937000
v 15.67271200 -10.67216300 -1.93962900
v 16.17041100 -10.65518000 -2.25488100
v 16.68736900 -10.57608200 -2.43586700
v 17.62672400 -9.74770100 2.47145300
v 15.61250800 -10.86752700 1.88907900
v 17.62255500 -10.79605200 -2.47208500
v 19.70966000 -20.00157600 0.44729800
v 19.70963200 -0.49810500 -0.44744800
v 19.71665200 -20.01024800 -0.40697200
v 19.71673700 -0.48909200 0.40645600
v 18.58456500 -7.20787300 2.11398600
v 18.61124400 -13.19794000 -2.09690600
v 17.46938600 -6.89165600 2.49035500
v 16.20929000 -13.71632600 2.27308600
v 16.12107500 -6.76284200 2.23058900
v 15.67808500 -6.94687900 1.94398700
v 15.26406400 -7.09641800 1.51857100
v 14.85840500 -13.77855400 0.72819800
v 14.82014300 -7.01188300 0.58804300
v 14.75087100 -6.72045800 0.06598100
v 14.84764900 -13.63660100 -0.69188900
v 16.84205800 -13.65686200 -2.46649200
v 17.36266100 -6.98986600 -2.49746000
v 18.28745400 -13.51327300 2.27457400
v 18.91740200 -7.31405800 -1.86273200
v 19.72459700 -7.96441600 -0.35548600
v 19.72676100 -12.52858800 0.34007800
v 19.60587000 -12.66365900 0.83658600
v 19.59216300 -7.81451400 -0.87422600
v 19.51071600 -20.15530900 -1.06731700
v 19.51112900 -0.34352300 1.06644200
v 19.70644200 -17.02235000 0.46464100
v 19.70637300 -3.47531400 -0.46500600
v 19.13946800 -10.64571000 1.63704300
v 19.39064700 -8.37618800 -1.29136700
v 19.42195900 -12.10365600 1.23797900
v 19.05190000 -9.98982000 -1.73296200
v 17.71346200 -7.38331400 -2.45666500
v 17.03585300 -12.05283800 -2.49081100
v 19.19710000 -17.41649900 -1.56805700
v 19.20310400 -3.06588200 1.56057200
v 19.50840100 -11.88507700 -1.07220500
v 17.77922500 -8.25355700 -2.44334200
v 15.48321100 -12.32472800 1.76874500
v 16.32236700 -8.30322400 2.32152900
v 19.15435600 -20.10251500 -1.61970000
v 19.15550200 -0.39541400 1.61835200
v 19.58029500 -3.58777200 0.90538600
v 19.57891200 -16.90022400 -0.90893900
v 15.41041800 -8.15030100 1.69290800
v 17.55534600 -8.38895000 2.48128300
v 18.01200800 -12.38683700 2.38103800
v 15.02016600 -8.32214100 1.13041700
v 16.78060100 -8.17812900 -2.45553800
v 15.98100800 -12.22469200 2.15398700
v 14.99261200 -12.49476900 1.07433700
v 15.66387200 -9.04568100 1.93240800
v 16.14264700 -11.37765700 -2.24137700
v 15.48582400 -16.89806100 -1.77135100
v 14.79457400 -16.91043300 -0.46998400
v 14.89674100 -3.49572400 -0.84390300
v 14.92556300 -16.95047100 0.92032100
v 15.77086300 -3.52045700 -2.01547900
v 15.79413100 -16.95407500 2.03235000
v 18.70644300 -9.78753700 -2.03193800
v 16.01330600 -9.15957500 -2.17269200
v 16.42306100 -12.45752900 2.35927400
v 17.99622800 -16.76536600 -2.38603100
v 18.03351800 -3.69291700 2.37404700
v 17.17270300 -8.13193300 2.49880500
v 14.79746300 -14.76844900 0.48483300
v 14.92577900 -14.63628200 -0.92086700
v 16.88128400 -16.68215600 -2.47266000
v 18.63580800 -20.04031700 -2.08075300
v 18.63826400 -0.45639400 2.07911600
v 14.76859300 -8.10678100 -0.30433700
v 19.70788100 -4.12635900 -0.45696700
v 19.70792100 -16.37060300 0.45675500
v 15.82729100 -0.39602900 -2.05569900
v 15.82952800 -20.09969000 2.05724600
v 16.48773500 -0.42437500 -2.38095600
v 16.49016000 -20.07215500 2.38173100
v 17.16954600 -0.43300900 -2.49870500
v 17.17153100 -20.06426300 2.49876800
v 17.20719300 -0.53960500 2.49963300
v 17.20118900 -19.95516700 -2.49952300
v 16.07581600 -16.80524900 -2.20710000
v 14.92359800 -5.91337800 0.91534400
v 14.77751800 -9.06960500 0.36990700
v 16.60470200 -12.34142700 -2.41528300
v 19.04576900 -0.39453900 -1.73931400
v 19.04617900 -20.10442500 1.73889100
v 15.56191500 -3.86398000 1.84400900
v 14.89035000 -3.73134200 0.82586500
v 15.05529000 -3.54096300 1.19718300
v 14.75267300 -3.59160100 -0.11557900
v 15.52928600 -8.23217000 -1.81359900
v 16.28626100 -3.64601000 2.30677400
v 14.78707900 -11.55786800 0.42897400
v 15.68122000 -14.74710900 1.94651700
v 14.77148400 -12.36819900 -0.32704800
v -14.84783900 -14.16244800 -0.21483100
v -15.00975700 -13.78475800 -0.22644900
v -16.54665000 -14.57853900 -2.39134600
v -15.17412400 -13.53571500 0.23545100
v -19.59123500 -14.44860000 0.80928100
v -19.65832600 -14.32121600 -0.46861900
v -18.22025000 -12.84338100 -0.52669800
v -19.69285000 -14.42730000 0.39005400
v -19.71753700 -14.49204800 -0.27931400
v -18.00558500 -14.12738700 2.27861000
v -17.91470200 -14.25363600 -2.34504200
v -17.38373700 -13.94465900 2.32685000
v -17.07676000 -14.13477100 -2.39676900
v -18.55564700 -13.90640700 1.90971700
v -17.89799200 -13.82953800 -2.18138800
v -16.89922000 -13.65868300 2.14755600
v -16.99781800 -13.68914500 -2.18092900
v -17.60124900 -13.47348100 -2.00917000
v -16.86588500 -13.29763500 -1.83523700
v -17.60693500 -13.50161600 2.03142300
v -16.24895200 -13.07526700 -1.23953900
v -18.09493800 -13.27565100 1.64735600
v -15.75598900 -13.30276400 1.14185900
v -17.38172000 -14.48434700 -2.47878100
v -15.09828700 -14.43729800 -1.22382700
v -14.89440700 -14.36713000 -0.71944800
v -14.93265600 -14.12342100 0.62179500
v -19.12548400 -14.11637700 -1.49266900
v -19.37029300 -13.89745300 0.91471800
v -15.29157900 -14.39443500 1.50209900
v -19.42117600 -14.26379600 1.11337500
v -15.09724100 -14.10210900 -1.04308200
v -19.28726600 -13.75288100 -0.91597500
v -15.10031400 -13.79428900 0.68727200
v -15.11852500 -14.09075400 1.07723500
v -19.48974700 -14.29790400 -0.98862400
v -18.90620800 -13.39506400 -1.06875200
v -15.40753800 -13.86437600 -1.36536900
v -19.14777000 -13.62841400 1.02294800
v -15.18347800 -13.70195700 -0.76452800
v -15.71128600 -14.45688200 -1.94289600
v -18.75895100 -13.07386700 -0.50476000
v -19.05653800 -13.32798000 0.60880600
v -15.28159300 -13.41510300 -0.28763800
v -15.37047000 -13.55802300 0.95002300
v -18.45371900 -14.46037200 -2.16704700
v -15.90692700 -14.33393700 2.05652400
v -18.72445400 -13.05645600 0.52135000
v -19.13953100 -14.42890100 1.59706800
v -15.34711500 -14.53180000 -1.60295900
v -15.68250500 -13.11997400 -0.54301300
v -16.65268500 -14.10114200 2.31603500
v -16.30424900 -14.34132700 -2.26855500
v -19.10034000 -14.01767200 1.46664200
v -15.76424100 -14.08169100 -1.86572300
v -14.79851600 -14.37951100 0.26144100
v -18.63747200 -14.35272600 2.03156100
v -18.86590800 -13.75622400 -1.54495300
v -15.47988900 -14.01845700 1.56299800
v -14.96150200 -14.02054300 -0.58557300
v -16.34645000 -13.91187700 -2.13238400
v -16.56611200 -14.46462800 2.38335800
v -16.40954900 -13.58436500 -1.95195900
v -15.88180900 -13.69980000 -1.72546000
v -15.29414900 -13.81732400 1.15064100
v -18.43335500 -13.56598700 1.74918500
v -14.95321900 -14.41748700 0.91454800
v -14.78115300 -14.48462000 -0.25822700
v -18.57546100 -14.07856800 -1.98147900
v -19.20075600 -14.46075500 -1.52966100
v -19.31742800 -13.57904800 0.47538700
v -19.10683800 -13.35509100 -0.53818200
v -15.60892200 -13.44030700 -1.16322600
v -19.56450600 -14.03964700 0.50799600
v -14.92353000 -13.95776600 0.21518400
v -19.53166400 -13.92619200 -0.43336500
v -15.46705800 -13.31141300 0.62529800
v -15.61433100 -13.10732500 0.13073000
v -19.30465800 -13.52867100 -0.34715000
v -18.77938900 -13.34914700 1.17304200
v -17.78003800 -13.16495000 -1.63595700
v -17.94639600 -14.54184500 -2.38973700
v -15.24899700 -13.54346200 0.62074800
v -17.95695100 -13.74502700 2.11410000
v -16.83145200 -14.45970500 -2.44322900
v -18.88962800 -14.37519100 -1.84002800
v -17.30369400 -14.37538700 2.46401800
v -17.99670600 -14.47401200 2.36582500
v -14.96623200 -14.57823400 -0.99875400
v -18.86112900 -13.68440300 1.48702700
v -15.35209400 -14.24552700 -1.52603800
v -15.62788400 -13.65190900 1.44378700
v -18.04552600 -13.51520800 1.91461000
v -17.09775800 -13.20085900 1.75839700
v -18.41881100 -13.05977700 1.04700000
v -18.36782400 -13.47911200 -1.71160900
v -17.46751500 -13.70887100 2.19690300
v -16.00866400 -12.97320000 0.68571500
v -17.19006400 -12.93560900 -1.34007900
v -16.32031000 -13.06659500 1.27738400
v -16.21252400 -13.43227900 1.71516400
v -18.43767700 -13.10469900 -1.12672200
v -18.46557900 -13.78017800 -1.89233700
v -17.87528200 -12.90327900 -1.10295400
v -16.14295700 -12.84534700 -0.08315600
v -16.11648400 -12.86591200 0.29382500
v -16.91106200 -12.85690500 1.09382000
v -17.77840100 -12.93255500 1.22576100
v -16.75972400 -12.81906200 -0.89562400
v -16.14374200 -13.40333200 -1.64053600
v -18.20932100 -12.84187600 0.53664200
v -16.05849000 -13.85696000 1.95507800
v -15.39118900 -13.40571800 -0.68452300
v -16.25007800 -12.86989000 -0.63038900
v -16.45644200 -12.86312300 0.85032800
v -19.44644900 -17.63267200 1.19399000
v -19.04247800 -17.60147500 1.74270600
v -18.57241900 -17.60963200 2.12160500
v -17.45199000 -17.56225900 2.49182700
v -18.03025300 -17.57038700 2.37512200
v -16.80835500 -17.48918400 2.46068100
v -16.18942300 -17.60509000 2.26388500
v -15.63356700 -17.60367900 1.90713000
v -14.83381400 -17.52325800 0.64190700
v -14.75030000 -17.44759700 -0.03872100
v -14.85234600 -17.54279500 -0.70799500
v -15.15138500 -17.47903400 -1.35860700
v -15.61206600 -17.59840200 -1.88869600
v -17.00257200 -17.52476200 -2.48772600
v -17.73221300 -17.44405500 -2.45305300
v -18.42513900 -17.62211400 -2.20659200
v -18.98030500 -17.72379100 -1.80445100
v -19.43302400 -17.64623400 -1.21836200
v -19.66270600 -17.43861000 0.65486600
v -15.12714300 -17.53396700 1.32040800
v -16.26688700 -17.54082500 -2.29858400
v -19.66329600 -17.79073400 -0.65268800
v -19.67492100 -15.59150700 0.60807800
v -19.70833300 -15.57105700 -0.45452900
v -19.66566600 -19.64616200 -0.64386200
v -19.71097400 -19.67781800 0.44000900
v -19.72798000 -15.14006400 0.33108400
v -19.73287700 -15.13495200 -0.29209900
v -19.72673900 -20.10685300 -0.34024100
v -19.73330500 -20.11476700 0.28843400
v -19.55228700 -16.10716700 0.97441000
v -19.29426600 -16.18668800 1.43908900
v -18.88045500 -16.26993500 1.89515600
v -18.48247100 -16.41113100 2.17509000
v -18.02924700 -16.25251800 2.37545200
v -17.55096900 -16.14413200 2.48181700
v -17.17033900 -16.41705700 2.49873100
v -16.75470000 -16.12094900 2.45044400
v -16.24146100 -16.28664400 2.28754200
v -15.64244000 -16.21210100 1.91461500
v -15.21298500 -16.19164700 1.44933400
v -14.85069100 -16.13837200 0.70236500
v -14.98343400 -16.28379000 1.05483600
v -14.77161700 -16.39312700 0.32805400
v -14.75188600 -16.10155400 -0.09709000
v -14.83179100 -16.26066200 -0.63424400
v -15.10017400 -16.20140600 -1.27602800
v -15.52819600 -16.30481200 -1.81256500
v -16.09643500 -16.22164800 -2.21794700
v -16.90716800 -16.13243400 -2.47638200
v -16.53536100 -16.29224000 -2.39568200
v -17.30085100 -16.36880000 -2.49948300
v -17.70364000 -16.05115700 -2.45849800
v -18.17267400 -16.13410500 -2.32350400
v -18.70774000 -16.28189800 -2.03100800
v -19.14474300 -16.52060900 -1.63093500
v -19.41467400 -16.17830200 -1.25067400
v -19.48445800 -19.04941400 -1.12124800
v -19.17800600 -19.26431000 -1.59147500
v -18.77866600 -19.14219300 -1.97817600
v -18.18412500 -19.06253200 -2.31892500
v -17.50644700 -18.99263100 -2.48681200
v -16.82538900 -18.90848200 -2.46367700
v -15.88104000 -19.09710500 -2.09187700
v -16.27339600 -18.72736400 -2.30135700
v -15.45347700 -19.04532400 -1.73853500
v -15.05330800 -19.01696500 -1.19354200
v -14.81017100 -18.99276200 -0.54519400
v -14.75400400 -18.96014800 0.14143200
v -14.88072900 -18.89532100 0.79784300
v -15.37953400 -19.09755900 1.65872100
v -15.12075400 -18.72323600 1.31008100
v -15.78262700 -19.05192400 2.02405900
v -16.35976800 -19.02355900 2.33612700
v -17.00373400 -18.98538300 2.48784100
v -17.63820600 -18.92020000 2.46967500
v -18.56153700 -18.94891700 2.12834900
v -18.11459000 -18.78417700 2.34573800
v -18.95636500 -19.05716900 1.82710600
v -19.45815200 -19.07141800 1.17220400
v -19.22856200 -18.76764700 1.52816700
v -19.69799600 -16.44405300 0.50726500
v -19.66041500 -16.34490700 -0.66324800
v -19.69317600 -18.76536800 -0.52999100
v -19.66923800 -18.90755300 0.63030600
v -19.71187400 -17.04762800 0.43494400
v -19.71297300 -18.16920100 -0.42867900
v -19.40279100 -15.48919100 1.27102000
v -19.36394500 -19.79377000 -1.33463000
v -18.98703500 -15.51711300 1.79797300
v -18.93725400 -19.83038800 -1.84476900
v -18.40539300 -15.63435500 2.21699500
v -17.73386700 -15.54196100 2.45272800
v -17.13517100 -15.66626900 2.49736100
v -16.51133100 -15.51247700 2.38838200
v -15.90585500 -15.50081200 2.10790700
v -15.37226700 -15.49344500 1.65049000
v -14.95206700 -15.55585800 0.98463300
v -14.76791200 -15.66016800 0.29873300
v -14.77663100 -15.50287600 -0.36393200
v -14.96237700 -15.49463900 -1.00835500
v -15.33103800 -15.50266700 -1.60236900
v -15.86636000 -15.51493600 -2.08219600
v -16.60134100 -15.56028600 -2.41438200
v -17.31067600 -15.64453400 -2.49926400
v -17.94961000 -15.47263200 -2.40011400
v -18.54759600 -15.50590100 -2.13687700
v -19.12438000 -15.64670100 -1.65429800
v -18.38492700 -19.79893000 -2.22754200
v -17.72504500 -19.76010900 -2.45445200
v -17.01444800 -19.70929100 -2.48887800
v -16.27794400 -19.60702600 -2.30328200
v -15.64816200 -19.74619100 -1.91940500
v -15.18789900 -19.75889600 -1.41341400
v -14.87817800 -19.74989900 -0.79022900
v -14.75201400 -19.73244700 -0.10032200
v -14.82394400 -19.69612900 0.60353400
v -15.11385100 -19.60266600 1.29879400
v -15.57913900 -19.74662600 1.85963000
v -16.13787800 -19.75989900 2.23901400
v -16.78657300 -19.74419600 2.45667200
v -17.47566100 -19.70252600 2.48979500
v -18.18288800 -19.58425400 2.31942200
v -18.80196800 -19.68019400 1.95994800
v -19.23173000 -19.54775000 1.52405600
v -19.52671000 -15.54016100 -1.03276000
v -19.54739400 -19.70075600 0.98589100
v -19.54785700 -16.82415100 0.98481200
v -19.56796900 -18.32108600 -0.93649400
v -19.19669000 -16.91210500 1.56856600
v -19.19436000 -18.50544900 -1.57145400
v -19.48313600 -18.43301500 1.12387900
v -19.45384900 -16.83890200 -1.18027500
v -18.76173000 -16.95751500 1.99114800
v -18.27196700 -16.94057000 2.28157500
v -17.80528100 -18.22102300 2.43755300
v -16.74562100 -16.72124100 2.44859200
v -17.21344500 -18.24271100 2.49973300
v -15.89148200 -16.93046600 2.09867300
v -16.57863700 -18.27784100 2.40816800
v -15.40602000 -16.86788200 1.68811700
v -15.96935700 -18.32069700 2.14708000
v -15.10194700 -16.73493600 1.27901000
v -15.41876600 -18.36163300 1.70193500
v -14.94854100 -18.18063200 0.97636300
v -14.75215900 -16.68936900 -0.10387600
v -14.77856300 -18.20710800 0.37682500
v -14.96023300 -16.87011300 -1.00347700
v -14.76753000 -18.23516000 -0.29553500
v -15.21623000 -16.77360700 -1.45388400
v -14.94338500 -18.26003900 -0.96412000
v -15.85610700 -16.90496000 -2.07534600
v -15.30181100 -18.29303700 -1.56670300
v -16.30122400 -16.75098000 -2.31296900
v -15.83623100 -18.35802000 -2.06185800
v -16.64156500 -18.18842200 -2.42483100
v -17.75924700 -16.63490100 -2.44758400
v -17.28131100 -18.22468800 -2.49980400
v -17.97358000 -18.28952200 -2.39299600
v -18.61982800 -18.39093300 -2.09130900
v -19.67391200 -18.06343300 0.61208500
v -19.66880300 -17.19200400 -0.63197600
v -19.23784100 -18.15517200 1.51607600
v -19.18982600 -17.15117000 -1.57704600
v -18.87259700 -18.34086900 1.90188800
v -18.34134400 -18.24583400 2.24921500
v -17.67386700 -16.84194400 2.46380500
v -17.16933800 -17.00633700 2.49869800
v -16.36529800 -17.00652500 2.33822600
v -15.13787900 -18.19986700 1.33751400
v -14.88818200 -16.79686600 0.81964200
v -14.77229500 -16.97004300 0.33313400
v -14.80120500 -16.96210700 -0.50339200
v -15.45243500 -17.01216300 -1.73745800
v -16.24638600 -18.20365800 -2.28970700
v -16.79837400 -16.79483700 -2.45886800
v -17.31938900 -16.95347100 -2.49903700
v -18.28638100 -16.85723100 -2.27506400
v -18.81290600 -17.02613600 -1.95123700
v -19.54384000 -15.14517400 0.99413200
v -19.53261300 -20.10998300 -1.01964500
v -18.65695200 -15.16286700 2.06651500
v -16.59226400 -20.07907900 -2.41192500
v -14.95892200 -20.07469900 1.00048100
v -17.89511300 -20.07169500 2.41533200
v -17.34299600 -15.17705700 2.49827000
v -19.15357900 -20.15604000 -1.62061300
v -17.10121700 -15.17620500 -2.49556900
v -14.80110800 -15.17900700 0.50291900
v -18.01645500 -15.16907900 2.37961000
v -18.55381400 -20.06611200 2.13308900
v -19.17653600 -15.12657600 1.59325400
v -15.92351400 -20.08830400 -2.11906500
v -15.34317900 -20.08732300 1.61679700
v -19.08575600 -20.05698600 1.69705600
v -18.63801600 -20.15732900 -2.07928100
v -18.00883400 -20.13976000 -2.38205200
v -16.50007000 -20.12602400 2.38487000
v -14.78266700 -20.12058700 -0.40282700
v -15.38049900 -20.12627200 -1.65980900
v -15.87190800 -20.12663100 2.08587200
v -14.99328000 -20.12719900 -1.07573900
v -17.31050600 -20.11735000 -2.49926800
v -17.18996700 -20.11168000 2.49927900
v -14.76868000 -20.10714400 0.30503900
v -2.06597100 -38.61420100 2.29921600
v 2.05724400 -38.61206200 -2.30054200
v 2.06640400 -37.60174000 2.49988600
v 0.64966200 -37.23535300 -2.44907200
v -1.61843800 -36.44937300 -2.18282300
v 0.30312800 -36.11294200 -1.89200100
v 1.12163700 -35.84054500 1.66093000
v 0.96383300 -35.79346500 -1.59366800
v -0.31078200 -35.48174900 1.05813500
v -0.50197000 -35.57422100 -1.24590300
v -9.29903500 -36.69804900 2.05237800
v 9.31844900 -36.66878700 -2.06319900
v -12.31702300 -35.21609700 1.57630400
v -12.67141800 -34.51491000 -1.88343400
v 12.35044600 -35.18983300 -1.57463100
v 12.69870500 -34.48966800 1.88377200
v -13.93924700 -33.25104000 1.88553200
v -11.30037200 -35.06795700 -2.20022200
v 13.96936000 -33.25950900 -1.86083800
v 11.30389700 -35.09322900 2.18813700
v -15.11209800 -32.63546800 1.30630300
v 15.09059200 -32.66052900 -1.30801200
v 14.96072300 -32.62314500 1.49195400
v -15.96380300 -31.62735800 1.17019800
v -15.82872500 -31.69395300 -1.29750600
v 15.94671700 -31.61490000 -1.20926600
v 15.79890400 -31.72702600 1.30603400
v -16.29090900 -31.06823900 -1.24388300
v 16.26618200 -31.07118900 1.27666000
v -16.73180600 -30.54804200 1.05372700
v -16.74099200 -30.60710600 -0.96697800
v 16.73807900 -30.52090400 -1.07198500
v 16.73745400 -30.58526200 1.00041300
v -17.06327300 -29.74573700 1.26354300
v -17.07279900 -29.90151400 -1.10967700
v 17.06794900 -29.72015600 -1.27720400
v 17.07888700 -29.86261100 1.13632400
v -18.03254000 -27.75703800 1.20934400
v -18.00337200 -27.96077900 -1.11403300
v 18.02681900 -27.75598300 -1.21960300
v 18.00976600 -27.94743300 1.11242000
v -18.35879000 -27.33405100 0.88126700
v -18.31627600 -27.51057000 -0.81886000
v 18.35930300 -27.31764100 -0.89504900
v 18.31966200 -27.50325900 0.81727200
v -18.34285400 -27.71802400 0.43463100
v -18.31578100 -27.80049000 -0.40410000
v 18.34417000 -27.71201600 -0.44011500
v 18.31747200 -27.79630000 0.40397800
v -19.16924100 -25.14452400 0.36044500
v -19.13893300 -25.17677800 -0.48725900
v 19.17186100 -25.13346900 -0.36081300
v 19.13909100 -25.17580800 0.48764800
v -19.72773400 -20.90177200 0.30091100
v -19.72838400 -20.90660600 -0.29466700
v 19.72775800 -20.90136100 -0.30077500
v 19.72828200 -20.90573900 0.29567000
v -13.28105600 -31.73721400 2.49566500
v -11.82533900 -33.61134100 -2.46675900
v 13.48612100 -31.86237600 -2.47024000
v 11.92578500 -33.50816400 2.46818500
v -11.20302700 -33.69427700 2.49930700
v 11.28466600 -33.60551900 -2.49960500
v -10.91479900 -33.21366200 2.45074600
v 11.32754000 -32.97167300 -2.46747100
v -10.71968900 -32.54505800 2.23225100
v -11.10122000 -32.64173500 -2.36912100
v -12.27981400 -31.19468400 2.30584700
v -12.51742300 -31.24127300 -2.38303700
v 10.79249800 -32.68777000 -2.30390700
v 11.19306900 -32.13547700 2.24266100
v -10.09351300 -32.37809300 1.86705000
v -10.39302700 -32.40586300 -2.03934200
v 11.26215100 -31.99646000 -2.21648100
v -11.72994300 -30.68478400 1.81855300
v -11.70256200 -30.74807600 -1.83809900
v 11.82487000 -30.93001500 -2.01297600
v 12.01844100 -31.00380100 2.14243600
v 9.87553400 -32.39193000 -1.74301100
v 11.35427300 -30.76481000 -1.57239100
v 11.46842600 -30.74695000 1.65852700
v -11.23529700 -30.50618600 1.17835000
v -11.30434100 -30.54992700 -1.31821100
v 10.05253200 -31.88089900 -1.40888800
v 10.16237200 -31.87522000 1.50466300
v -9.45951400 -31.81888800 -0.07931600
v -10.49143300 -30.86872600 -0.05545700
v -14.82081000 -30.42899500 2.42954800
v 14.78876100 -30.67279900 -2.40007500
v -4.05804200 -39.22861300 -1.60923100
v 8.39038100 -37.62970200 -1.70947000
v 4.09431600 -39.23804700 1.58888400
v -8.39329500 -37.64262400 1.69561400
v -7.99130400 -38.15260900 -1.31341400
v 7.98205200 -38.15300800 1.31898600
v -16.59424000 -28.31847000 -2.24799200
v 7.13989900 -37.42751200 2.23423900
v -7.20882900 -37.40032900 -2.23328800
v -16.71144200 -28.19890800 2.22000200
v -16.81793400 -27.59675200 -2.28955900
v 16.69321700 -28.13368600 -2.24212600
v 16.86363200 -27.54843400 2.27914400
v -8.40897100 -38.17170500 -0.93049300
v 8.32706800 -38.03467600 -1.25621400
v 8.40537000 -38.17136300 0.93510600
v -8.32930000 -38.03950200 1.24702000
v -15.43658800 -29.38277300 -2.43650000
v 15.50710300 -29.32780800 2.42846200
v -10.21622800 -37.24608400 -0.80635800
v 10.22074900 -37.24199500 0.80968200
v -17.03403400 -27.67305600 2.17494700
v 17.06332200 -27.52148200 -2.19234500
v -17.48661700 -26.74060400 2.12508300
v -17.50574800 -26.97516900 -2.06107200
v 17.47929000 -26.73525900 -2.13044800
v 17.53167800 -26.95344000 2.04943400
v -17.49171300 -27.58067600 -1.90367000
v 17.51026700 -27.55917400 1.89584300
v -17.87936000 -27.05416200 -1.74236600
v 17.89359500 -27.03955000 1.73373800
v -17.80563900 -26.83697500 1.87844300
v 17.86516400 -26.80649900 -1.83709500
v 3.24846700 -39.39536200 -1.59804400
v -3.24933700 -39.40186200 1.59012700
v 5.24134600 -39.04816300 -1.46677600
v -5.25060600 -39.04491200 1.46761400
v -7.34859600 -37.55928800 2.12015300
v 7.30763500 -37.55478600 -2.13270600
v -18.71909400 -25.18624500 -1.43552400
v 18.72064100 -25.18464300 1.43393700
v -16.08423500 -31.83063900 -0.60974800
v 15.98824100 -31.90884400 -0.72875700
v 16.07650000 -31.83746500 0.61917300
v -15.99298300 -31.91126300 0.71125100
v -18.91222300 -24.84883000 1.26593500
v 18.92375800 -24.80721800 -1.26258400
v -17.40485400 -29.77914100 -0.36044900
v 17.41983900 -29.73542600 -0.40735300
v 17.40781800 -29.77145500 0.36723400
v -17.41771600 -29.74106600 0.40268400
v -11.76348500 -35.25966300 1.90070500
v 11.80221700 -35.22309700 -1.90443800
v -18.04168700 -28.45325500 -0.40537400
v 18.06418900 -28.38320000 -0.44881500
v 18.04419400 -28.44708000 0.40656500
v -18.06346200 -28.38680700 0.44453900
v -18.58201100 -27.06894500 -0.45125800
v 18.62705600 -26.93030200 -0.46836400
v 18.58324200 -27.06600000 0.45027600
v -18.62415400 -26.94211400 0.46248100
v -19.54391800 -22.57877900 0.68557200
v -19.55278000 -22.76645500 -0.57193400
v 19.54531400 -22.57115000 -0.68352600
v 19.55158500 -22.75984100 0.58015600
v -0.68748700 -39.78115100 -1.44031300
v 0.67625600 -39.78827800 1.43072400
v -19.65096400 -22.08970900 0.41591500
v -19.65359200 -22.14177700 -0.37280900
v 19.65135300 -22.08675300 -0.41502600
v 19.65319500 -22.13778000 0.37760700
v 5.19538800 -37.42435700 2.45846100
v -5.22438200 -37.46090600 -2.45004000
v -8.89041500 -36.08093200 2.40320300
v 8.95702600 -36.03721700 -2.40456900
v -15.71186400 -28.00448700 -2.49474100
v 15.84207100 -27.96271400 2.48625400
v 8.16402400 -35.67331300 2.49992200
v -4.84348300 -36.86444600 2.49323300
v 5.00512200 -37.06704500 -2.49935900
v -15.41827900 -27.05144000 -2.44998900
v 15.65026900 -26.83886300 2.47325000
v -5.68502200 -36.51326300 2.48670000
v 6.14048200 -36.30669700 2.48283100
v 5.84567200 -36.12264800 -2.43426900
v -16.08599600 -27.48316600 2.48354600
v 15.90168600 -27.55347600 -2.49574300
v -15.19523400 -28.20469800 2.49090500
v 15.03076000 -28.45386200 -2.48801700
v -7.44774600 -36.61804600 2.44834600
v 7.31832700 -36.52530000 -2.47287600
v 6.71902000 -35.84812900 2.45038600
v -6.25942600 -35.99806900 -2.44194800
v 6.60245200 -35.73071000 -2.41407700
v -14.97837700 -27.11374600 2.34133500
v -14.87433300 -27.46313700 -2.35942400
v 15.34112100 -25.85650000 -2.29101300
v -6.64730800 -35.55092400 2.36971700
v 6.64899300 -35.33158300 2.29292900
v 6.72032900 -35.11871800 -2.21428900
v -14.79311700 -26.86597700 -2.22223600
v -5.41340200 -35.61517000 2.19607400
v 5.10717300 -35.89196500 2.27666600
v -14.39962800 -27.36846200 2.13775000
v -14.26969500 -27.05700300 -1.96473100
v -6.07331100 -35.13008500 2.06484400
v 6.19158900 -35.05125900 2.04626600
v -6.20392600 -34.95216200 -1.98291200
v 6.27556100 -34.90995100 -1.97494900
v -14.48424200 -26.24925000 1.86358700
v 14.44219600 -27.14737800 -2.10324700
v 14.52080500 -27.15578600 2.14955600
v -6.99567200 -34.35911500 1.80918100
v -7.04104300 -34.63515700 -2.03063200
v 5.28517000 -35.42722900 -2.06118600
v -14.11109900 -26.71883500 -1.70398000
v 14.30156500 -26.57328400 -1.82152800
v 14.34928500 -26.56927600 1.86045200
v -14.21158200 -26.83715000 1.84269400
v 13.92493900 -26.59724600 -1.43280800
v 13.96040300 -26.66719000 1.51580100
v -5.49017400 -34.77763900 1.56048800
v 6.46087200 -34.49703500 1.69919200
v -5.68108200 -34.66764400 -1.51879300
v 6.28002400 -34.47678000 -1.59248600
v -13.85081300 -26.91052500 1.51634900
v 14.13544400 -25.60754700 -1.14941000
v 14.09102500 -25.64797500 1.09375000
v -4.60827600 -35.12395900 1.60454000
v -4.60897200 -35.10226700 -1.57975000
v -14.00958000 -25.83932700 1.07421900
v -14.02450900 -25.92127500 -1.16085500
v 13.90264900 -26.19298400 -1.13619700
v 13.82846100 -26.33548300 1.10872900
v 6.08151100 -34.28723800 1.22186100
v 6.00060900 -34.23724400 -1.07017600
v -13.36437400 -26.97281400 0.69784000
v -13.41542400 -26.93960600 -0.79844500
v -6.87343900 -33.89755400 1.20185000
v -6.88083500 -33.81363500 -1.06165500
v 13.59761300 -26.51372500 -0.75926500
v 13.45869700 -26.70084000 0.58107000
v 4.73137800 -34.66629500 -0.94509100
v 6.41078900 -33.79438200 -0.21617200
v 6.43963300 -33.80055700 0.36960200
v -6.02002000 -33.96726500 0.08768400
v -13.40283900 -26.66881200 0.14711700
v -13.51624900 -26.47421100 -0.37106900
v 13.63073200 -26.15395000 0.18466000
v -7.67022500 -37.68869000 -1.94358000
v 7.63695100 -37.69079300 1.95291800
v -16.62243900 -26.17512900 -2.48013600
v 16.70839300 -26.13039400 2.47071200
v 3.38726900 -38.69022800 2.16337600
v -3.42554700 -38.70270600 -2.15207800
v -15.04577800 -31.16150500 -2.19847300
v 14.91052100 -31.37340200 2.19091200
v -11.04480400 -36.25058700 1.51695700
v 11.06464600 -36.23010600 -1.52394800
v -4.44343300 -39.60962400 -0.79738700
v 4.51824700 -39.59635400 -0.78490100
v 4.45662500 -39.60969400 0.78823500
v -4.52151100 -39.59610100 0.78337100
v 6.03360600 -39.20194500 -0.69609200
v -6.03864300 -39.20073000 0.69474200
v 15.60331000 -30.84903200 -2.01967500
v 5.67777400 -39.23246200 -0.92137500
v -5.68447900 -39.23083800 0.92038500
v -6.42854300 -39.10775400 -0.55806700
v 6.57251900 -39.08862000 -0.40875000
v 6.42801000 -39.10862600 0.55522200
v -6.57512200 -39.08793000 0.40743600
v -17.22532700 -24.72872600 2.45214700
v 17.29091400 -24.64573100 -2.44296400
v -16.05199500 -30.55691200 -1.84020700
v 15.93830400 -30.65903000 1.87757300
v -6.17253200 -38.39152200 1.85468400
v 6.14836800 -38.40469800 -1.85052100
v -11.51633100 -36.22522400 1.10762400
v 11.53298100 -36.21038300 -1.11191000
v -17.73949000 -24.32564700 2.33341500
v -17.65151600 -24.38517900 -2.36029100
v 17.78622800 -24.24360800 -2.32220800
v 17.66915700 -24.42568800 2.35106200
v -11.90513400 -35.67045000 -1.45348600
v 11.91648500 -35.66418600 1.45056500
v -9.75574300 -37.16942000 1.41012800
v 9.76608700 -37.15543600 -1.42008700
v -9.38778000 -36.01323600 -2.33902300
v 9.42916600 -35.92870600 2.35753800
v -12.22908700 -35.71240400 1.05089400
v -12.42276000 -35.44909100 -1.21105700
v 12.24779000 -35.69703400 -1.05142400
v 12.43416300 -35.44139700 1.20857000
v -13.41948500 -34.82129900 0.77739600
v -13.59207600 -34.61221800 -0.87104900
v 13.43090400 -34.81253200 -0.77305500
v 13.60200800 -34.60489400 0.86668300
v -8.87728400 -38.08393800 -0.50848700
v 8.76335900 -38.15891000 -0.42395000
v 8.87686600 -38.08349000 0.51131200
v -8.76291100 -38.15972800 0.42083600
v -4.95664000 -38.46326200 2.08158000
v 4.95308100 -38.47577800 -2.07414100
v -12.80039900 -35.40247500 0.71624500
v -12.90889800 -35.22518000 -0.89993900
v 12.81258400 -35.39264700 -0.71460400
v 12.91826100 -35.21833200 0.89727300
v -18.20402000 -23.86383100 2.15797200
v 18.23466900 -23.80062800 -2.14687800
v 1.55523800 -39.19305100 1.99425000
v -1.66438300 -39.17014000 -2.00435100
v -9.26292800 -36.67004600 -2.08113100
v 9.27555000 -36.62791800 2.10095400
v -17.20869000 -28.14990400 1.93544500
v 17.21561900 -28.10802800 -1.94409100
v -16.80137600 -29.50274700 1.72306500
v -16.68345600 -29.51413100 -1.82096500
v 16.80129800 -29.46818700 -1.74010900
v 16.81223100 -29.40462000 1.76069700
v -17.60610200 -28.23606800 1.52533500
v -17.61593200 -28.48437500 -1.37041700
v 17.60317300 -28.23283600 -1.53049200
v 17.62781600 -28.46159600 1.36822100
v -18.31471900 -23.43918300 -2.13598600
v 18.28529700 -23.42604200 2.15461100
v 3.16958200 -39.73585500 -1.09950000
v -3.17082300 -39.73832000 1.09410400
v -1.89913200 -39.86979400 -1.16364900
v 1.91230700 -39.86847400 1.16369500
v -13.37886800 -33.48173300 2.07670000
v 13.43910500 -33.47195000 -2.05177900
v -18.62093600 -23.39896300 1.92488800
v -18.71969600 -23.12900500 -1.87516800
v 18.63940700 -23.35793000 -1.91488900
v 18.69433900 -23.10337800 1.90005600
v -14.55924700 -33.60002800 -0.89250100
v 14.56410300 -33.59938400 0.88413800
v -13.10046500 -35.22450900 -0.45247400
v 13.11369900 -35.23354500 -0.35781900
v 13.10486900 -35.22102000 0.45072400
v -13.10825800 -35.23811700 0.35920700
v -18.95519100 -23.71256300 1.53212300
v -19.01173700 -23.56733500 -1.48982900
v 18.96672000 -23.67791000 -1.52486100
v 19.00189200 -23.55459500 1.50552700
v -7.64751400 -37.87017900 1.80557200
v 7.62943600 -37.86509800 -1.81692100
v -2.45801500 -39.63052100 -1.44825000
v 2.49937800 -39.62584200 1.44729900
v -12.06035800 -36.08933400 -0.44605600
v 12.06378600 -36.08688900 0.44514900
v -18.48299000 -26.20228300 1.36782400
v -18.54820900 -26.42455000 -1.14685400
v 18.49848600 -26.13315100 -1.37611700
v 18.55187900 -26.41984700 1.14284400
v -17.83519700 -27.42418500 1.64546800
v -17.79044600 -27.75957600 -1.54605600
v 17.81497500 -27.49145700 -1.63901500
v 17.80160900 -27.74290900 1.54089800
v -19.32806600 -22.40238000 1.23885100
v -19.37742400 -22.41736700 -1.14563600
v 19.33153100 -22.39080800 -1.23477800
v 19.36899200 -22.39876800 1.16523300
v 0.70747800 -40.06503700 -0.91172000
v -0.70987400 -40.06747600 0.90525100
v -6.03681200 -38.20234600 -2.03413600
v 6.02853100 -38.22529100 2.02038900
v 1.53594600 -39.51210200 -1.70963800
v -1.53807900 -39.51948300 1.70157000
v -17.46229400 -29.39029000 0.86624800
v -17.44411700 -29.49260100 -0.77880500
v 17.46475100 -29.37849600 -0.87474800
v 17.45022400 -29.47293200 0.78962100
v -18.99642900 -25.52911800 0.69704000
v -18.85790800 -25.69548700 -0.95473500
v 19.00208600 -25.50556500 -0.69891200
v 18.85921700 -25.69323700 0.95312500
v -11.14043600 -35.74755300 1.89229000
v 11.16647000 -35.71774000 -1.89974400
v -19.53866200 -21.90464600 0.88242200
v -19.56045800 -21.95939700 -0.81092600
v 19.53980100 -21.89914800 -0.88045200
v 19.55724700 -21.94892100 0.82244000
v -18.97387300 -22.00113400 1.75223700
v -19.13529300 -22.01031100 -1.57090400
v 18.98025100 -21.99198200 -1.74648000
v 19.11097900 -21.97127300 1.60408300
v -16.77140600 -30.85568800 -0.44031500
v 16.77171500 -30.83247700 -0.50240700
v 16.77170000 -30.85081300 0.45304000
v -16.76853200 -30.84138200 0.49274000
v -2.72756500 -39.21974200 1.86272600
v 2.72626800 -39.20952400 -1.87189300
v -15.96794700 -28.68027200 -2.40250500
v 16.05074700 -28.58457100 2.39352400
v -19.31092200 -24.52964900 0.33921500
v -19.30367500 -24.41255800 -0.51589400
v 19.31294600 -24.52023900 -0.33876400
v 19.30347000 -24.41066700 0.51861900
v -14.47167900 -31.14709300 2.39516800
v 14.49912800 -31.29918100 -2.35858200
v -0.53698000 -40.11122600 -0.79990400
v 0.53439900 -40.11281400 0.79539700
v 0.16704400 -38.24013000 2.45132600
v -18.82503200 -26.19909800 0.63200000
v -18.73622100 -26.42116300 -0.70142500
v 18.83000400 -26.17808300 -0.63702600
v 18.73769600 -26.41824400 0.69961800
v -19.00007900 -25.80924700 0.33147800
v -18.96230500 -25.89712500 -0.41434300
v 19.00282500 -25.79858100 -0.33314000
v 18.96277600 -25.89586300 0.41370200
v -19.49400400 -21.20729100 1.07550600
v -19.51447600 -21.23334700 -1.02935600
v 19.49467000 -21.20456300 -1.07431700
v 19.51022500 -21.22320400 1.03953500
v -19.13563300 -24.15309700 1.12769700
v -19.21206800 -24.00629000 -1.02680000
v 19.14330200 -24.12397100 -1.12354200
v 19.20942800 -24.00049700 1.03483400
v -12.18257900 -32.69054700 2.49995100
v 12.36354700 -32.67220400 -2.49800200
v -13.49887500 -33.95799800 1.72301900
v 13.53456200 -33.94573300 -1.70535000
v -1.82917900 -37.43654500 2.49074100
v 1.99777800 -37.22910300 -2.46746200
v -8.79490000 -35.87083500 -2.45748100
v 8.80066200 -35.78283000 2.47007400
v -5.79494500 -37.57505600 2.37467600
v 5.75485400 -37.65610300 -2.35265500
v -14.14554400 -30.96135300 -2.47626900
v 13.89726800 -31.15256600 2.48641000
v -8.50615500 -35.55988000 2.49957500
v 8.55933200 -35.23220400 -2.49101100
v -9.36036100 -34.79260200 -2.49454400
v -1.03163000 -37.71026500 2.49998400
v 9.14666800 -33.99913500 -2.31495400
v -3.01441400 -36.97023400 2.44821900
v -9.31246100 -34.26431900 -2.41895700
v 8.91271300 -33.55031100 -2.03894900
v 8.82797600 -33.31723100 1.84522500
v -3.15914200 -36.85204800 -2.42802000
v -2.60187500 -36.65958000 -2.33913600
v -8.92622800 -33.47082500 -1.99659500
v 3.09392700 -35.99983300 2.04052200
v 2.54151400 -36.18840500 -2.09961200
v 2.28227400 -36.16297400 2.05645000
v 3.33399500 -36.42675300 2.30075100
v -3.29931700 -34.91419100 -0.42833400
v 2.02946100 -38.79371500 2.21670900
v -1.83322400 -38.51136300 -2.34946200
v -12.38758400 -29.43941900 1.53444500
v -12.60606800 -29.31751200 -1.66352600
v 12.27864700 -29.61043800 -1.55112300
v 12.47870400 -29.37851500 1.58283900
v -2.30335100 -35.56854800 1.49139400
v -2.16085300 -35.53440700 -1.41487300
v 14.23083200 -24.37921400 0.02004700
v 8.81441700 -32.84403000 -1.38397500
v 8.89128300 -32.83704600 1.44110800
v -2.48612800 -36.35387600 2.19186900
v -2.55407900 -35.85960100 -1.85183700
v -16.79030600 -25.28850600 -2.49118200
v 16.87798000 -25.27803200 2.48297600
v -3.46288400 -35.71677900 1.88327000
v -9.01178400 -32.61780400 1.27815600
v -9.04657900 -32.66216900 -1.36846700
v 12.26718500 -29.20507300 -1.17251400
v 12.35563000 -28.98107500 1.06104600
v -12.36610700 -28.97900700 1.07683800
v -12.39741500 -28.94494500 -1.09062000
v -8.92515900 -32.40033100 0.78172000
v -8.99911900 -32.38290600 -0.86917700
v 8.52406700 -32.59067400 -0.46370700
v 8.57589800 -32.55811300 0.48126200
v 2.41603800 -35.46238600 -1.36600800
v 2.32741200 -35.49149400 1.38856000
v 13.21061800 -31.40992900 -2.49727100
v 8.06734100 -35.15896600 2.44579400
v -16.03085100 -24.25597500 -2.37355000
v 16.18839400 -24.24924900 2.41850600
v -8.89947900 -34.77692000 2.46335600
v -8.79341700 -34.65607000 -2.43056500
v -16.03532300 -24.08146700 2.36183800
v -8.23408300 -34.50328300 2.28899100
v -6.33781600 -33.91570900 0.65534700
v -6.42951100 -33.82267200 -0.46156700
v -15.80014100 -22.92760900 2.15665500
v -15.70810200 -22.87498000 -2.09552400
v 8.01718300 -34.35886700 -2.17122200
v 8.57704400 -34.53776900 2.36877100
v 15.62314400 -24.56305400 -2.24146800
v 15.51813900 -24.58631600 2.19160300
v -15.53160100 -24.42025600 2.17575800
v -15.39279600 -24.58559900 -2.12047800
v 13.63469500 -29.31830500 2.28594200
v 8.19286800 -34.20367800 2.14508800
v 13.11949900 -29.28447700 -2.02856800
v 15.34549500 -23.97323700 -1.98762900
v 15.27467100 -24.02512600 1.94243000
v -11.11575900 -33.80794500 -2.49839400
v 11.30055100 -33.88665000 2.48551800
v -15.19689700 -23.93295000 1.86024300
v -17.27533700 -23.97254000 2.47233500
v 17.32712000 -23.87368300 -2.46738600
v -4.89630800 -37.58859600 2.44399100
v 4.94664900 -37.65377100 -2.42624700
v -9.30370500 -35.36024700 2.48399600
v 9.34432400 -35.33762600 -2.48371700
v -14.76064600 -24.15520700 1.44015700
v -14.99929400 -24.23773300 -1.74318700
v 14.93640200 -23.87104000 -1.57939700
v 14.90263000 -23.94887700 1.56008600
v -14.69328400 -23.94788500 -1.26283700
v -2.90332200 -34.96737100 0.17042400
v 3.85445600 -36.65005800 -2.41500200
v -11.46424800 -34.56545300 2.33404100
v 11.54130700 -34.49703900 -2.33559200
v 14.30728000 -24.23331800 -0.42472800
v 14.31344300 -24.23597900 0.46156600
v 13.51304300 -30.59343000 -2.47041400
v -14.40328600 -23.80905000 0.37650100
v -14.32417100 -24.07092900 -0.25036600
v 3.68124500 -34.78946600 -0.17353000
v -2.10752800 -38.01586300 2.46904500
v 2.06533800 -38.05438500 -2.46353000
v -3.57041600 -36.60464900 2.38348600
v 0.94386200 -39.02647700 2.13510800
v -0.98988600 -38.95868000 -2.17353900
v -7.26337000 -33.34085800 0.11761600
v -3.97473100 -35.94218900 -2.13268400
v -17.21990500 -23.84861100 -2.48283300
v 17.26665900 -23.99752900 2.47286700
v 4.01154200 -36.99375800 2.48478300
v 3.84832400 -35.70053900 1.94562600
v -11.05026100 -34.25201200 2.46913900
v 11.23625700 -34.16947200 -2.46010200
v 3.89522600 -36.52857800 2.38329900
v 14.29281300 -29.11977700 2.43667200
v 2.66870300 -35.75298900 -1.77022100
v 2.56310300 -35.76223000 1.76146600
v -14.08705200 -28.00734800 -2.14304900
v -3.89301300 -36.01682000 2.16374900
v -3.17949100 -36.18560800 2.16771700
v -3.51122800 -35.68105900 -1.86204000
v -3.46961200 -35.11534400 1.13311000
v -3.47005500 -35.07585600 -1.05437500
v 2.15694100 -38.15926000 2.44087300
v -2.35087000 -37.78382800 -2.49254100
v 13.26937600 -28.92831300 1.97700600
v 4.34019000 -35.30418400 -1.71105500
v 13.62668000 -28.18199100 1.91497600
v 3.36899600 -35.38817000 -1.51926000
v 3.21930600 -35.40095400 1.49297300
v -12.77706200 -28.38100600 1.11439100
v -12.85697900 -28.27204400 -1.13703500
v -12.08865800 -34.31026000 2.24316900
v 12.17031700 -34.26031800 -2.23500100
v 7.70652900 -36.86552300 2.35492300
v -7.79880400 -36.94454000 -2.31241800
v -7.59872200 -33.87873800 1.66606500
v -7.45241700 -33.95447200 -1.65986700
v -12.53939200 -28.42353500 0.63894700
v -12.55069600 -28.37508100 -0.57395400
v -8.20109000 -33.43232800 1.58111600
v -8.16442500 -33.43571900 -1.56039400
v -6.76265900 -33.61620500 0.18664900
v 7.90544800 -33.01303500 -0.50281200
v 7.94298600 -33.00564800 0.56608300
v -13.29561500 -33.25373600 -2.20738000
v 13.38015800 -33.17434900 2.20395500
v -9.96947500 -34.89978600 -2.48600900
v 9.92040100 -34.64687100 2.49983700
v -3.42723800 -37.91425600 2.44983500
v 3.44859700 -37.79868000 -2.46953800
v -17.25443100 -23.19835500 2.49081100
v 17.30151000 -23.07683000 -2.48822600
v -13.64214700 -32.83686900 2.22335300
v 13.70851600 -32.85252800 -2.19159900
v -11.25481800 -35.17252000 2.16966700
v 11.28780200 -35.12141400 -2.18121000
v -15.80421100 -28.76601400 2.43050500
v 15.83288400 -28.71762400 -2.42976400
v -6.47096500 -38.46024500 -1.69200700
v 6.46086700 -38.47182000 1.68384400
v 5.49770200 -37.94364700 2.27364300
v -5.49620700 -37.91601700 -2.28570600
v -14.97771900 -32.20472300 1.77673800
v -14.86091800 -32.00646400 -1.96558000
v 14.93520400 -32.27576500 -1.76635900
v 14.87479400 -32.09193500 1.91406100
v -18.20530000 -23.10869400 2.22430600
v 18.23412500 -23.05892500 -2.21311600
v -14.73772100 -31.70389200 2.15756200
v 14.71307900 -31.82014100 -2.12686000
v -2.91158400 -39.93850400 -0.68139100
v 2.92767800 -39.93761900 0.67602000
v -14.68816100 -30.78933300 -2.40473500
v 14.56149700 -30.90199400 2.41530500
v -15.92268100 -29.41609100 -2.29169500
v 16.08339600 -29.36549100 2.23759100
v -4.21066500 -39.76168200 -0.40763200
v 4.21800800 -39.76086200 0.40295400
v -7.99399300 -37.46437200 1.99736900
v 7.97943400 -37.44604300 -2.01431800
v 6.55689900 -38.65519400 -1.42666900
v -6.57129400 -38.65133800 1.42484100
v 9.86297900 -36.71334700 -1.80699900
v -9.84699800 -36.73476100 1.79738000
v -1.75340100 -40.05762200 -0.74612200
v 1.76143200 -40.05737800 0.74459900
v -11.66075800 -35.44918300 -1.82445300
v 11.67245900 -35.44692600 1.81936000
v -15.87071000 -31.32644400 1.54969000
v 15.81188300 -31.25992400 -1.65282500
v -16.35234400 -29.46151200 2.07330600
v 16.33214100 -29.43025200 -2.09498800
v -13.20798700 -32.47691400 2.43186600
v 13.33473700 -32.48863100 -2.40528900
v -17.40111100 -26.40980700 -2.23142000
v 17.43832300 -26.38958200 2.21665800
v -5.78112600 -39.20233400 -0.91772900
v 5.78443600 -39.20434500 0.91034800
v 10.31758500 -37.07118300 -1.04596700
v -10.30762700 -37.08118000 1.03892900
v -9.78189500 -37.25532300 -1.27285100
v 9.78807700 -37.24626200 1.28077100
v -17.19290900 -26.32097700 2.33177000
v 17.23568400 -26.16544500 -2.33509500
v -0.29109400 -39.47218100 1.81008200
v 0.28359400 -39.45730800 -1.82424000
v -8.38245400 -36.64376700 2.31643000
v 8.40571700 -36.56818900 -2.33848300
v -10.58203300 -36.82885800 -1.17262400
v 10.59049600 -36.82161700 1.17538900
v -12.29362800 -34.72658900 1.95962900
v 12.34673800 -34.69011700 -1.95387400
v -17.75555600 -22.75713100 2.41443900
v -17.85126300 -22.86146100 -2.38270600
v 17.79586500 -22.68515900 -2.40587800
v 17.77467900 -22.80020500 2.40774000
v -16.97926500 -26.49446100 -2.38283800
v 17.03720000 -26.46030800 2.36864700
v -16.90762300 -28.69658800 -1.96962200
v 16.89553000 -28.71585400 1.97154500
v -12.37374500 -33.75941400 2.33766000
v 12.47918800 -33.71644100 -2.32176900
v -11.19498600 -36.53891200 -0.95716600
v 11.20205200 -36.53404700 0.95702900
v -5.05350100 -39.35744200 -1.04126400
v 5.06432600 -39.35964200 1.03043700
v -10.58314100 -36.17166700 -1.86895800
v 10.60689400 -36.15573800 1.86885600
v -12.87732100 -35.06656700 1.20125100
v -12.99795000 -34.78864700 -1.40754600
v 12.90015100 -35.04982300 -1.19650000
v 13.01686400 -34.77430600 1.40441000
v 8.17512000 -38.33321600 -0.80234200
v -8.17686700 -38.33436400 0.79709400
v -18.17528600 -22.45893500 2.27771200
v 18.20873500 -22.44016100 -2.26330900
v -17.70514700 -25.73599500 -2.18592500
v 17.73354200 -25.73101000 2.17139500
v -12.37854600 -33.77246600 -2.33276100
v 12.43245200 -33.69962500 2.33897100
v 1.96705200 -39.96585600 -0.94383300
v -1.96813100 -39.96808300 0.93811100
v -16.28053200 -27.83208400 -2.42559200
v 16.35436300 -27.76813400 2.41491400
v 5.17390700 -39.32174300 -1.04759600
v -5.18020300 -39.32036700 1.04685300
v -8.98245600 -37.53048500 -1.49446300
v 8.98047400 -37.52100600 1.50686600
v -13.59332400 -34.23488600 -1.39556600
v 13.61596800 -34.21888100 1.38874500
v 3.19653700 -39.92547100 -0.55894300
v -3.19741100 -39.92591600 0.55640300
v -14.00526500 -34.12133700 1.01012200
v -14.07928900 -33.92866000 -1.17531700
v 14.01489000 -34.11656300 -1.00199100
v 14.09425900 -33.92003200 1.16610000
v -19.00747800 -22.90602400 1.61404200
v -19.09116200 -22.78287000 -1.52997000
v 19.01682500 -22.88289000 -1.60646200
v 19.07382900 -22.75675700 1.55584600
v -2.25320400 -40.08242100 -0.43635500
v 2.26108000 -40.08186200 0.43439300
v -2.93285300 -39.17402600 -1.87558300
v 3.05028700 -39.21502300 1.82185500
v -12.44609200 -35.67927200 -0.76693900
v 12.38085400 -35.81265000 -0.53678300
v 12.45287900 -35.67447300 0.76509200
v -12.37173700 -35.82003100 0.53673000
v -9.98832200 -36.14114600 -2.13031500
v 10.02852000 -36.09556500 2.14047600
v -8.55443100 -37.89701300 -1.29830300
v 8.54885400 -37.89384300 1.30699400
v -8.27686000 -37.72839600 -1.66659800
v 8.26319000 -37.72261900 1.67895300
v 8.39819600 -36.87245000 2.21942000
v -8.41962000 -36.91799200 -2.19260800
v -18.77586800 -22.35634300 -1.90630000
v 18.73414600 -22.30657300 1.94468500
v -18.59585100 -22.63202100 2.02384400
v -18.32943500 -22.72668300 -2.18534700
v 18.61360000 -22.60851600 -2.01290000
v 18.27681100 -22.67688600 2.21668100
v -3.03307700 -39.74231900 -1.13029100
v 3.06525000 -39.74270400 1.11954200
v -12.58083900 -35.68577800 -0.38500400
v 12.67971300 -35.61472200 -0.32403700
v 12.58418700 -35.68322400 0.38391400
v -12.67436400 -35.61910400 0.32464500
v -18.85176000 -24.36825300 1.50725600
v -18.88687600 -24.36872100 -1.46048900
v 18.86584600 -24.32419400 -1.50062000
v 18.88329300 -24.36430400 1.46657700
v -15.59059100 -32.28185600 0.99901900
v -15.42191200 -32.36178500 -1.17618300
v 15.57373600 -32.29218000 -1.01540800
v 15.40731400 -32.38630800 1.16978400
v 1.94112900 -39.74019900 -1.37506300
v -1.94272200 -39.74501100 1.36752100
v -14.65314200 -33.38950800 1.05716300
v -14.50854800 -33.29019100 -1.36980000
v 14.65064300 -33.39655100 -1.05119300
v 14.52246100 -33.28977100 1.35415800
v -19.32945000 -21.74407600 1.32587900
v -19.38550700 -21.77506000 -1.22839400
v 19.33179200 -21.73766300 -1.32279500
v 19.37530700 -21.75405700 1.24863800
v -14.02662800 -34.35643500 -0.40686400
v 13.96764100 -34.40775200 -0.44028100
v 14.02996300 -34.35367400 0.40423300
v -13.96360900 -34.41104200 0.44326200
v -16.21438900 -28.16342200 2.40456100
v 16.15366600 -28.14641500 -2.42138600
v -10.60633900 -35.00082000 -2.39535000
v 10.70116500 -35.11224400 2.34681100
v -4.28353300 -39.46327900 -1.20386100
v 4.30641600 -39.46636200 1.18907000
v -3.10994100 -39.49591800 -1.50158700
v 3.16750400 -39.50485000 1.47705800
v -14.50053900 -33.85300700 -0.43344300
v 14.47837200 -33.85352300 -0.51590700
v 14.50245200 -33.85185900 0.42984900
v -14.47741500 -33.85358300 0.51904400
v 4.61635600 -38.97922300 -1.73792800
v -4.62082700 -38.97805000 1.73798400
v -15.18217000 -30.54911300 -2.30971300
v 15.10287900 -30.67605200 2.30782000
v -14.16935200 -34.08714300 -0.76174400
v 14.17609800 -34.08276700 0.75596000
v -15.19345300 -32.91143900 0.80018300
v -14.99553500 -33.00401500 -1.03703400
v 15.18496400 -32.92000300 -0.80358700
v 14.99382400 -33.01356900 1.02642800
v -17.44939300 -27.39422300 1.99096400
v 17.48340000 -27.37903600 -1.97089700
v -16.09771100 -31.60528900 -0.96396300
v 16.08142300 -31.61742700 0.97938500
v 4.43249200 -38.86352400 1.88612200
v -4.39953400 -38.84732900 -1.90627400
v -18.77293000 -25.89649300 1.01838000
v 18.78214600 -25.85669200 -1.02306600
v 4.56751400 -39.35968900 -1.26744500
v -4.57228200 -39.35943600 1.26595300
v -18.23497600 -26.96689100 1.35995900
v -18.21817500 -27.16298400 -1.27845700
v 18.22551600 -26.92226400 -1.39597500
v 18.22484800 -27.15297600 1.27368300
v -6.75112600 -37.95107100 -2.02835500
v 6.72187800 -37.97290900 2.02122400
v -3.35925800 -38.82351900 2.08533700
v 3.36176300 -38.80505300 -2.09694100
v 5.78222900 -39.02975900 -1.25704700
v -5.79230700 -39.02682900 1.25668900
v 2.26742300 -39.48322500 -1.66131800
v -2.26917300 -39.49021300 1.65324700
v -15.40610300 -31.93032200 -1.58500000
v 15.37824000 -31.98629300 1.57139700
v -17.40192300 -29.02278900 1.31386100
v -17.37927500 -29.20009800 -1.21427400
v 17.40291400 -29.00641500 -1.32401500
v 17.39265900 -29.16652800 1.21970300
v 3.88722300 -39.06449300 -1.81702100
v -3.88737000 -39.07070500 1.81122700
v -15.78377000 -32.11394400 -0.86333100
v 15.77032400 -32.12930000 0.86798800
v -15.39526400 -32.72235200 -0.67532100
v 15.38875600 -32.73165500 0.67285600
v 0.68639100 -39.73990800 -1.49713200
v -0.69063800 -39.74734300 1.48693800
v -15.73821300 -32.37645400 -0.40771900
v 15.58427400 -32.56007300 -0.46850300
v 15.73322900 -32.38231600 0.41040600
v -15.58842800 -32.55682200 0.46165800
v -18.58085500 -26.60020200 0.96415300
v -18.50343400 -26.92582000 -0.88674800
v 18.58608200 -26.56673300 -0.97707800
v 18.50650100 -26.92014300 0.88401200
v -18.14728800 -27.96096600 0.79220200
v -18.11460100 -28.09347000 -0.72758700
v 18.14693700 -27.95442400 -0.80056700
v 18.11851700 -28.08402500 0.72771100
v -16.02075100 -32.02381100 -0.27518400
v 15.97032900 -32.08351500 -0.32417200
v 16.01800900 -32.02684500 0.27925000
v -15.97130400 -32.08370100 0.31722800
v -18.68753300 -25.49995200 1.36439800
v 18.70279000 -25.44401600 -1.36383300
v -16.41284100 -31.26548200 -0.76997700
v 16.37410500 -31.24439600 -0.89444100
v 16.40510400 -31.26574100 0.78925300
v -16.37349600 -31.26067400 0.87213100
v 5.83607600 -38.78133900 -1.57647800
v -5.85059200 -38.77508600 1.57836700
v -17.82014600 -28.56305600 0.95740800
v -17.79459400 -28.70176700 -0.86985900
v 17.81974700 -28.55638900 -0.96487900
v 17.80109500 -28.68545700 0.87232200
v -18.55471000 -25.87711300 -1.40455900
v 18.55925800 -25.87350000 1.39959400
v -16.34882300 -31.53617700 -0.35166800
v 16.32413400 -31.55595500 -0.41229900
v 16.34656600 -31.53752900 0.35942700
v -16.32339700 -31.55990100 0.40259800
v -18.13482500 -26.46349400 1.69225300
v -18.24977400 -26.42707400 -1.57912600
v 18.18289200 -26.30641700 -1.69518500
v 18.25886900 -26.41919300 1.57146300
v -19.32219700 -23.26552500 1.04936500
v -19.32315200 -23.20149300 -1.06654300
v 19.32684400 -23.24725300 -1.04498600
v 19.31780700 -23.18923500 1.08123300
v -17.11591300 -30.17292200 -0.66436100
v 17.12846800 -30.09673100 -0.75368100
v 17.11939200 -30.15718100 0.68121300
v -17.12440700 -30.11057200 0.74339800
v -17.73128600 -29.12273400 -0.40640700
v 17.75083000 -29.06292900 -0.45490100
v 17.73459700 -29.11454800 0.41003800
v -17.74957100 -29.06735900 0.45060000
v -1.60879200 -39.63488800 -1.56145300
v 1.60183000 -39.63079200 1.56726700
v -6.94358000 -36.47056700 2.49456800
v 4.02392700 -38.29883500 2.29214800
v -3.89250900 -38.24774100 -2.32472800
v -7.67995000 -38.03745400 -1.63024500
v 7.66208900 -38.03995000 1.63589000
v -19.68139800 -21.39318800 0.48927100
v -19.68532600 -21.41271200 -0.46447600
v 19.68159900 -21.39151500 -0.48864600
v 19.68471400 -21.40908800 0.46857800
v 0.61215600 -38.25174500 -2.44694800
v -18.92410800 -25.31625000 1.03130600
v 18.93335200 -25.27927500 -1.03158000
v 2.12098100 -39.14021100 -1.99208800
v -2.12405800 -39.14860000 1.98547500
v 0.05222000 -39.96986300 -1.14973800
v -0.05744800 -39.97422400 1.14124900
v 0.24610100 -36.87415700 2.34225000
v -1.26741200 -39.97746700 -1.05032600
v 1.26781600 -39.97828400 1.04850800
v -19.39328400 -23.90421900 0.54532700
v -19.43988100 -23.63667300 -0.53852100
v 19.39590300 -23.89153300 -0.54358000
v 19.43925100 -23.63234600 0.54443100
v 10.89305700 -30.85202400 -1.14459600
v 10.99400500 -30.82169200 1.24135700
v -10.38727200 -31.06247700 0.56304000
v -10.41830100 -31.07285400 -0.67692600
v -4.79633900 -39.09682100 -1.55772000
v 4.81651200 -39.10539500 1.54081500
v 0.15020700 -40.18547700 -0.56183500
v -0.15208600 -40.18637900 0.55784700
v 2.55872800 -39.71155200 -1.30690400
v -2.55990700 -39.71573400 1.29986300
v 3.95964300 -39.36152000 -1.46929000
v -3.96207000 -39.36406300 1.46517000
v -0.33318400 -36.47310700 -2.15137300
v -0.25574200 -36.17745000 1.94515900
v -17.11513000 -30.32073200 -0.29466800
v 17.12444000 -30.29415000 -0.33511200
v 17.11714100 -30.31543800 0.30207200
v -17.12210900 -30.29958400 0.33008300
v -17.12398600 -29.28595300 1.50478900
v -17.00288500 -29.58163900 -1.46433000
v 17.12560200 -29.26034000 -1.51827900
v 17.03159600 -29.51879100 1.47007200
v -19.15850900 -21.19585000 1.59975400
v -19.21375900 -21.25010000 -1.52838300
v 19.16009100 -21.19290800 -1.59798200
v 19.19721500 -21.22298400 1.55086000
v -3.61543900 -39.52654000 -1.32978200
v 3.65313300 -39.53128900 1.31091200
v -0.03113000 -35.29740200 0.48469100
v -1.48939700 -39.03734200 2.10603400
v 1.48833900 -39.02992200 -2.11080000
v -0.10039700 -37.04250500 -2.39789100
v -1.06483700 -39.41058000 -1.84176200
v 1.02609800 -39.43155700 1.82432000
v 1.36126800 -39.90565200 -1.18122700
v -1.36330600 -39.90941100 1.17393800
v -18.55483000 -24.94862000 1.70254200
v -18.47189200 -24.70429000 -1.83829100
v 18.57690100 -24.88643700 -1.69490000
v 18.47189600 -24.70492800 1.83815800
v -12.80238800 -34.03635300 2.08359500
v 12.87024200 -34.00730100 -2.06636200
v -0.00606700 -39.68765000 -1.57971800
v -0.00333100 -39.69847000 1.56635300
v -18.80494300 -26.47061500 -0.31535400
v 18.83875500 -26.37375500 -0.28923300
v 18.80549800 -26.46916000 0.31465300
v -18.83637000 -26.38239100 0.28667800
v -19.15375100 -24.78276500 0.77536200
v -19.06095500 -24.81693700 -0.99446900
v 19.15939400 -24.75911500 -0.77425300
v 19.06052400 -24.81408300 0.99688900
v 0.67643800 -40.19671500 -0.45456300
v -0.67754900 -40.19727500 0.45132100
v -9.67115700 -35.81592300 2.34603800
v 9.70001900 -35.80513500 -2.34370400
v -3.72216500 -39.00389000 -1.90022500
v 3.76388900 -39.01938300 1.87991900
v 11.48009600 -33.31031200 2.49953200
v -17.02790800 -23.11183800 -2.49989500
v -11.46702300 -33.14877400 -2.49372000
v -1.34514800 -35.23935100 0.50045900
v -1.34982000 -35.25102100 -0.55617600
v -1.78248200 -36.98842500 2.40979200
v 0.19734000 -37.40604500 2.47638600
v 1.93418900 -35.12687500 -0.14493000
v 0.10706800 -37.40050300 -2.47549800
v -14.59322100 -22.97346800 0.50412400
v -8.93788500 -32.24004600 0.16039600
v 11.19683900 -32.84999200 2.43180800
v 12.69663000 -31.78107900 2.48584300
v -3.85884800 -38.32330300 2.29723900
v 3.87700600 -38.29207400 -2.30850400
v -2.70813400 -37.51050300 2.49987200
v 14.54502200 -22.97916800 -0.15474600
v 14.53932500 -23.10516200 0.32241700
v 2.52495800 -37.52237000 -2.49965700
v 7.08737600 -36.75795200 2.45238300
v -7.31042600 -36.68082200 -2.44834000
v 4.43383600 -36.83096100 -2.47841000
v -8.36926900 -32.68459800 0.39904900
v -8.46439900 -32.60645200 -0.33099300
v -12.84452000 -31.72661300 -2.49271300
v -16.59012900 -26.16411600 2.48422600
v 16.72433700 -25.83312100 -2.48143900
v -15.54995200 -25.96880400 2.37962600
v 4.32427000 -36.04355200 2.23701200
v 0.47369200 -36.64573500 -2.24630600
v 0.56448800 -36.28958400 2.03630700
v -4.63146800 -36.21001800 -2.34317800
v 10.55534300 -32.05702200 -1.92246600
v 10.66482100 -31.99482500 1.94571400
v -1.06156400 -36.93966700 -2.37648400
v 4.68496800 -35.64496000 -2.07328000
v 15.85009200 -25.71730400 -2.43571000
v 12.22428600 -31.24182700 -2.30131300
v 12.56611400 -31.65013400 -2.45912700
v -9.54242100 -34.13373100 2.42479200
v -11.79742000 -31.44370100 -2.21549200
v -11.79001000 -31.25650600 2.14119100
v -12.71831500 -27.98506800 0.19262200
v -15.57818000 -25.84440700 -2.37502000
v -13.67626500 -28.52491000 -2.07583900
v -13.18469100 -29.00304400 1.95258600
v -14.19838800 -29.19235700 -2.42640300
v 12.66517500 -30.36895000 2.19657400
v 12.52656600 -30.50025100 -2.18139300
v 1.61578600 -35.53498100 1.31138200
v 1.58653300 -35.48542900 -1.22230200
v 10.38522000 -34.82231800 2.46074500
v 5.21465200 -35.88685900 -2.28974700
v -0.66349600 -35.77109400 1.54620300
v -0.11043300 -38.68776700 2.31731800
v 0.11644700 -38.65411900 -2.33064200
v -11.03631700 -30.28632900 -0.04123300
v 7.02161000 -34.74832900 2.09414800
v -12.64918900 -31.53613000 2.45672300
v 10.82099600 -30.52574300 0.08920100
v -11.14124400 -31.03573200 -1.60580800
v -11.18316800 -30.90586400 1.53359400
v 15.66762400 -25.73362400 2.39062800
v -3.80643100 -37.15402800 -2.49444900
v -10.77450300 -31.78745600 -1.88200000
v -3.79198400 -35.31701200 1.55762000
v -3.80071200 -35.28742500 -1.52377000
v -14.94088300 -25.92344200 2.10079800
v -14.66992800 -25.84541700 -1.88990800
v -8.32755400 -32.96111700 1.06370100
v -8.40378900 -32.91971600 -1.08094000
v 14.08395000 -25.24786300 -0.74215900
v 14.05629500 -25.25683900 0.66247400
v -13.90169100 -29.57943600 2.41509800
v -4.08549500 -35.56589600 1.88691300
v 14.89507500 -29.24759100 2.49988700
v -4.10554400 -35.51355500 -1.84662600
v 12.87789200 -28.70868300 1.52841100
v 12.74618600 -29.06377300 -1.63167400
v -8.26031500 -33.87686200 -1.97849300
v 5.50155700 -36.27421000 2.44011100
v 3.35344300 -38.09471500 2.41091300
v -3.34064800 -37.91440600 -2.45310800
v -1.21629700 -37.02964400 2.40696400
v -14.50995200 -25.54922700 1.64032300
v -14.40812800 -25.48574600 -1.49514900
v -0.56140000 -36.65373400 2.25155200
v 3.66650200 -37.49306700 2.49640000
v 13.65563500 -29.16044400 -2.25484300
v -10.09778500 -34.16649200 2.48668300
v 13.06919900 -27.34731800 0.14677600
v 14.66527500 -22.80836800 -0.68556300
v 14.68676800 -22.88875200 0.79496500
v -7.41423600 -37.06564100 2.33271200
v 7.33847800 -37.03752900 -2.35371600
v 14.47684700 -25.39200400 -1.54054300
v 14.43959400 -25.37728700 1.48800100
v 2.71913100 -36.54819500 2.30285100
v -13.14901700 -28.52471800 -1.68624600
v 12.35473400 -28.71553600 -0.65352300
v 12.36558100 -28.59265400 0.37520700
v 9.95659600 -31.42196700 0.38063200
v -17.33379000 -22.42885800 -2.49271000
v 17.26443700 -22.21251200 2.49803300
v -16.70722500 -22.87886700 2.47182600
v -12.26326300 -33.27062600 2.45819700
v 12.40913100 -33.22877200 -2.44390500
v 12.19245400 -31.64648000 2.39094900
v 9.95255100 -33.91916200 -2.44034000
v 15.61697700 -26.28991200 -2.42833900
v -15.17265700 -25.65619400 -2.17922300
v 4.67484100 -35.44909100 1.93168800
v -15.49468300 -26.74151400 2.43976900
v -14.43343800 -29.99495700 2.49985900
v 14.32669200 -30.40109700 -2.49454200
v 1.13827100 -35.20604900 -0.01332700
v -4.56341900 -34.74863200 1.00650100
v -4.65277100 -34.70911200 -0.98329200
v 9.19882900 -34.08268200 2.35268600
v -5.19508700 -35.76432900 -2.23215000
v 15.20145600 -25.22623500 -2.11637100
v 15.10619000 -25.18988400 2.04885900
v -9.96163300 -31.41674900 -0.37762900
v -9.48375100 -32.59321600 1.64606900
v -9.53006600 -32.81289900 -1.85151600
v -16.26362300 -24.98346800 -2.47099700
v 16.40615500 -24.95448100 2.48748100
v -13.96925100 -25.24455000 0.12225400
v 9.82043300 -34.03133100 2.44304100
v 3.52057800 -34.96461100 -0.81590600
v 3.23415900 -35.02875900 0.80859000
v 1.11368900 -36.76306500 2.31293900
v 6.52121000 -36.45793700 -2.49997600
v -9.87753000 -34.27104700 -2.48159400
v 4.94830500 -34.44315800 -0.47314300
v 4.70412800 -34.59008700 0.71560800
v 0.52126200 -37.80860000 2.49911700
v 14.77326000 -25.12632500 1.76623300
v 14.01539400 -29.72749200 -2.45547600
v -13.67253000 -27.94030300 -1.84761900
v -13.44798800 -28.39182600 1.87164000
v -13.76448100 -30.45256700 2.48599100
v 16.15685400 -26.26640000 -2.49819600
v -7.70955300 -34.36325400 -2.07979600
v 1.21285500 -36.79418700 -2.32820900
v -0.24958900 -39.12583400 2.08625900
v 0.24501400 -39.10375200 -2.10071000
v -4.90598500 -36.67545500 -2.47581200
v -1.07123700 -36.26701800 -2.03893400
v 14.18721300 -29.01655600 -2.39917200
v -16.58853200 -22.92279600 -2.45241000
v -14.16372600 -28.55994000 -2.31099800
v -14.37505100 -24.39199100 -0.83227900
v 14.50787100 -24.18694900 -1.02332100
v 14.50139100 -24.22653900 1.03114000
v 16.26856200 -22.55669500 -2.35035800
v 16.22436700 -22.45526200 2.32918500
v -16.23319400 -22.66765600 2.34272500
v -16.17547600 -22.57337000 -2.31566200
v 10.02506400 -34.68019300 -2.49730500
v -8.19342300 -35.09910200 -2.44766600
v -10.40575600 -34.52118300 2.49111200
v 7.47189200 -33.70863400 -1.39522100
v 7.56310500 -33.72077500 1.47460000
v -14.20852200 -29.85824100 -2.48878700
v 7.80630100 -34.69284900 2.26788500
v -12.01968000 -32.99420600 -2.49847900
v -3.55753700 -37.55722600 -2.49391900
v 11.39919800 -30.32321200 1.18340600
v 11.31533600 -30.36753700 -1.11716400
v -1.11851600 -36.20028100 1.99251700
v -2.70667200 -35.18453800 0.93617600
v -2.64171800 -35.16790300 -0.86358900
v 15.84429000 -22.84802000 -2.17497400
v 15.77492000 -22.89361200 2.13874500
v 1.35965900 -35.26524900 -0.61851100
v 1.40712000 -35.35110300 0.89999100
v -15.45074900 -22.50193800 1.86031700
v -15.42310200 -22.50751000 -1.83599700
v 15.47652600 -22.35379500 -1.86680200
v 15.43337300 -22.42161300 1.83538600
v 7.11743700 -33.51091500 -0.62905200
v 7.16675300 -33.51850800 0.73607400
v 13.88392200 -29.85682300 2.44796000
v -12.89334700 -27.72045100 -0.36951400
v -3.49938400 -37.22193900 2.49449400
v 7.94692400 -34.94467300 -2.38053600
v 3.85984900 -36.27461800 -2.28689000
v -13.17424100 -29.59998100 2.17170100
v -0.72338600 -35.23854400 0.17717200
v -0.80171300 -35.25167500 -0.34157400
v -8.89703000 -33.50492400 2.00528100
v -8.86188100 -34.04950200 -2.26424000
v 13.25676200 -28.42821000 1.73142800
v 13.39588900 -27.79202100 -1.50265900
v -15.13194000 -22.83395100 1.57791000
v 5.25486700 -34.28867200 0.17387100
v 15.15717400 -22.65198400 -1.57582200
v -16.06250000 -26.61436300 -2.49920300
v 16.18465200 -26.52452900 2.49992300
v -15.02976400 -22.61565400 -1.39877100
v 6.75066500 -36.35966100 2.49996400
v -14.49337200 -23.27013800 -0.16913700
v -8.19087200 -35.72013900 -2.49976600
v 12.89741300 -28.05803400 -0.97701500
v 12.76872900 -28.25986800 0.96020700
v 2.49899400 -35.07548800 0.43516600
v -11.86571600 -29.26926900 0.14994400
v 13.90982600 -25.49835700 -0.39010300
v -13.70482300 -25.95398900 0.03101900
v -13.73770600 -25.98870600 -0.46483800
v 2.40387900 -37.11036200 2.45607200
v 14.03814100 -28.48974200 -2.24625000
v -15.26752300 -28.81966000 2.49623400
v 15.33468400 -28.98634100 -2.48468700
v -13.89870000 -25.62463300 0.55928500
v -13.90025500 -25.77521600 -0.75768200
v 2.02873300 -40.10473400 -0.44859600
v -2.02923300 -40.10519700 0.44578300
v -16.69956400 -22.22484500 -2.45701600
v -4.65197000 -34.49728200 -0.01947700
v 6.94468300 -34.18235000 -1.61764900
v 7.08957700 -34.22103800 1.72908900
v 9.59839100 -33.39109800 -2.20507200
v 9.55103800 -33.37731000 2.18361600
v 7.51884100 -33.19016400 0.04264700
v -6.99342500 -34.89613400 2.16788200
v -6.77749400 -35.39158000 -2.33672700
v -10.07683700 -35.16910700 2.43947400
v 10.07993200 -35.25991100 -2.42101600
v -4.94085200 -34.45548400 0.51826200
v -5.01456300 -34.42349800 -0.49241300
v -7.65928600 -34.84728100 2.29723400
v -1.77907700 -37.36180100 -2.48258100
v 8.35603400 -32.88466400 -0.95594800
v 8.42013600 -32.86924300 1.01018300
v -9.47682900 -33.54681900 2.23279200
v 6.56667800 -37.21966900 2.39617600
v -6.62718500 -37.06030200 -2.43007800
v -5.25745600 -34.52010700 1.03311600
v -5.36362200 -34.45954000 -0.99030400
v 7.83593200 -38.06747000 -1.51868700
v -7.84487400 -38.07162400 1.50891200
v 13.39760400 -28.56718200 -1.91163800
v -12.37385700 -34.26221200 -2.16097900
v 12.40104200 -34.22468500 2.16657800
v 2.45804800 -36.81872100 -2.38572900
v 14.64921400 -22.37042800 -0.30062400
v 14.64694700 -22.35779400 0.26698400
v 12.31960200 -32.19284800 -2.48593100
v -4.55539800 -38.17208000 2.29138900
v 4.57512100 -38.18197100 -2.28500300
v -17.22615600 -22.34583700 2.49888200
v 17.24986400 -22.14026700 -2.49879300
v 15.93962300 -22.05470800 -2.17380500
v 15.83339300 -22.18771700 2.11879800
v -12.21884100 -32.13982200 2.47180400
v -15.90514900 -22.17231500 2.16090400
v -15.77671000 -22.18050500 -2.08193000
v -0.15869500 -38.16875700 -2.46455800
v 13.20654100 -29.92709300 -2.28065900
v 6.10879000 -37.09326600 -2.46238900
v 12.83402900 -29.61800200 1.99492800
v 12.63256200 -29.75961700 -1.93149600
v -3.22916200 -38.35834700 -2.33317100
v 14.48709100 -28.36892500 2.38047400
v -2.27403400 -38.99729300 -2.08025800
v -0.98482200 -38.13640300 -2.46550300
v -13.48174600 -27.24309400 -1.23094100
v -13.46572700 -27.28783900 1.24107200
v -16.39252200 -29.09069700 -2.16091600
v 16.45111200 -28.85481300 2.19258500
v -10.22501200 -31.78105500 1.46663900
v -10.31870700 -31.80419000 -1.57136400
v -13.45336200 -33.60129700 -1.97820400
v 13.50930900 -33.55584100 1.97160300
v -17.97298400 -22.14343700 -2.36923000
v 17.88918900 -22.03680400 2.39851300
v -8.81102600 -36.38721900 -2.32577100
v 8.81827400 -36.31920800 2.34704800
v -15.79978100 -29.45532000 2.32801000
v 15.76447100 -29.41388500 -2.34738600
v -10.52699400 -36.56019100 -1.56095900
v 10.54144400 -36.54754000 1.56426700
v -5.68120200 -38.17427300 2.12626600
v 5.65850300 -38.20320400 -2.11337400
v 4.58129300 -38.44905900 2.15073500
v -4.53973700 -38.41849500 -2.17386300
v 9.57101200 -31.93594800 -0.88684100
v 9.69625500 -31.86306700 0.95054900
v -10.01628600 -31.53903700 0.86906200
v -10.06771900 -31.55892300 -0.99197100
v 16.30395900 -25.57257900 -2.49385600
v -16.16890000 -25.62547500 2.48333700
v 13.08400300 -32.01585300 2.49350900
v -10.48472300 -36.24981600 1.85993600
v 10.50393000 -36.22692600 -1.86743600
v 14.34037000 -24.96517200 -1.12900900
v 14.31510400 -24.98047500 1.08951000
v 11.60073400 -29.63850700 -0.29820000
v 11.54278800 -29.69271100 0.17424100
v -7.17851600 -38.08149600 -1.79459400
v 7.15518100 -38.09105100 1.79455400
v 14.75734300 -21.37081000 0.40493900
v 4.18972300 -34.95707200 -1.19101000
v 3.97971200 -34.97039600 1.10544300
v 0.78433200 -38.21889800 2.45225600
v -14.54901800 -32.96438800 1.61522300
v 14.54556300 -32.98911700 -1.59916700
v -6.91964000 -36.96310700 2.42489000
v 6.76004000 -36.99118100 -2.43346200
v -14.32796700 -32.50793500 2.04050600
v 14.34127500 -32.55642000 -2.01058700
v 9.18226400 -37.16145300 -1.76136900
v -9.17297400 -37.18112200 1.74843200
v 10.87867800 -30.56436600 -0.58810700
v 10.94587700 -30.54170800 0.71434000
v -8.76611000 -37.24515100 -1.87735500
v 8.75974000 -37.22315600 1.89685300
v -11.78334300 -34.81916500 2.13896300
v 11.84024600 -34.77083500 -2.13957500
v -17.75723400 -23.54021200 2.37988200
v -17.84087800 -23.57458300 -2.34966200
v 17.79824000 -23.45839200 -2.37108600
v 17.80211400 -23.58961100 2.36230800
v -13.65683300 -32.20678000 -2.38867800
v 13.80938300 -32.25550200 2.33798100
v -0.85771000 -39.31193900 1.93621100
v 0.85565100 -39.30019500 -1.94581000
v -3.31270400 -34.97073600 0.68288100
v -17.10011200 -27.08833400 2.25688600
v 17.06003300 -26.93232100 -2.29890000
v -8.79209200 -35.26229100 -2.49907900
v 8.73204600 -35.17296300 2.49384500
v -16.78070600 -28.84049100 2.00808900
v 16.77331500 -28.80106000 -2.02576800
v -12.92148300 -33.25106800 2.33097500
v 13.02386300 -33.23185500 -2.30699400
v 6.79249800 -34.00801300 1.30831900
v 6.68974100 -33.98283500 -1.18970700
v -7.23465600 -38.44317200 -1.36144700
v 7.22426600 -38.44768200 1.36098400
v -8.59680500 -37.06474500 2.06260000
v 8.60374000 -37.03156500 -2.08033100
v -8.05207200 -36.23626600 2.46331500
v -16.71644500 -26.85434300 2.41842100
v 16.66892200 -26.59606400 -2.44976300
v 2.69259100 -38.90523800 2.10342300
v -2.74032900 -38.67820300 -2.22822100
v -15.43707800 -31.36694800 1.89692300
v 15.28889600 -31.56284000 -1.90275000
v -15.53386300 -31.30127500 -1.86035500
v 15.45980900 -31.41186500 1.85783500
v -18.13125700 -25.32669900 1.99040000
v -17.97462800 -24.96340300 -2.15309300
v 18.16827900 -25.24533200 -1.97887000
v 17.98849100 -24.97213700 2.14383500
v -17.57370900 -21.53703600 -2.47477000
v 17.46573300 -21.32242000 2.48892200
v 8.12801700 -36.02583400 -2.48485900
v -17.81641400 -21.89724100 2.42161300
v 17.89025300 -21.94462300 -2.40044100
v -17.09173700 -26.99029200 -2.27680800
v 17.13585800 -26.95512500 2.26351400
v -15.60759500 -30.66414500 2.08762500
v 0.58922900 -35.27790500 -0.44347000
v 0.84004500 -35.29645200 0.58860400
v -16.55754100 -27.01272000 -2.44046300
v 16.62985000 -26.95807300 2.42943000
v 6.31961700 -37.70710100 2.25425300
v -6.34350100 -37.65791500 -2.27203400
v -14.38940600 -32.86183800 -1.81404800
v 14.42761900 -32.85810800 1.78847200
v -15.30449100 -28.66983200 -2.49805500
v -17.85845800 -26.37791900 -1.96078000
v 17.87846400 -26.36565700 1.94867900
v -16.03860300 -30.68307800 1.78711300
v 16.11432900 -30.56131800 -1.78788900
v -6.93618300 -38.11714400 1.84826800
v 6.90920600 -38.12332000 -1.85200900
v 14.57643400 -31.89284000 2.16476400
v 14.11893400 -24.82506000 0.28702700
v -9.33417500 -36.29444700 2.24674200
v 9.36717000 -36.26350100 -2.25149800
v 14.77193000 -27.70940200 2.36422200
v -11.80701800 -34.30054900 -2.32768700
v 11.79347200 -34.27076400 2.33976100
v -15.16763400 -27.91491300 -2.47292600
v -14.96356200 -30.06888500 -2.44710900
v 14.92216400 -30.06979700 2.45404200
v -15.55923700 -30.65805700 -2.11585200
v 15.42493600 -30.86213400 2.11540400
v 1.30896800 -40.14920400 -0.53192800
v -1.30988700 -40.14992100 0.52835000
v 6.16081700 -39.02081400 -1.05042800
v -6.16947500 -39.01863000 1.04899500
v -0.69227000 -35.32385400 0.66479000
v -0.81455600 -35.37260600 -0.83874000
v -15.10297700 -30.93215300 2.24221900
v 15.05567300 -31.11760800 -2.20773000
v -16.36179800 -30.00809500 1.85693500
v 16.36264400 -29.96237300 -1.87670800
v 14.67687400 -29.19762300 -2.49280400
v 3.84001200 -39.65860400 -1.00375100
v -3.84223800 -39.65961700 1.00048100
v -15.95032600 -30.09013800 2.09681500
v 15.88204900 -30.09799800 -2.13115800
v 3.85282000 -39.82776700 -0.45612100
v -3.85411200 -39.82777500 0.45471300
v -12.30364600 -35.13744600 -1.65747300
v 12.31944200 -35.12641200 1.65552100
v 9.05580500 -37.60482700 -1.35003600
v -9.05177200 -37.61458900 1.33947000
v -3.68353800 -39.77011300 -0.79860800
v 3.70174400 -39.76981800 0.78924000
v -7.71461200 -38.49590000 -0.90671900
v 7.70955500 -38.49738100 0.90833900
v -15.69241600 -31.52906500 -1.58842900
v 15.64433400 -31.59272900 1.59154200
v 6.71575400 -38.88920900 -0.91347000
v -6.72263900 -38.88775500 0.91092300
v -1.09908000 -40.16963100 -0.49594600
v 1.10066700 -40.16985000 0.49442500
v -7.04876700 -38.77325400 -0.89153300
v 7.04462800 -38.77550200 0.88993700
v 8.68353600 -33.25854900 -1.71735900
v 7.48774400 -38.45657300 -1.17774700
v -7.49511700 -38.45680700 1.17201200
v -13.27606800 -34.12186000 -1.76424800
v 13.31191900 -34.09273100 1.76000400
v -13.43632600 -34.46338100 1.31193800
v 13.45903700 -34.45018900 -1.30173100
v 15.36047500 -28.52468000 2.49871000
v -8.17110900 -38.43257400 -0.46459400
v 8.05604900 -38.50426700 -0.35657100
v 8.16942100 -38.43302400 0.46612700
v -8.05689300 -38.50423000 0.35440800
v -7.93887600 -37.10355200 2.21777000
v 7.91900800 -37.06387700 -2.24029500
v -14.38572100 -24.44644200 0.89895700
v -6.45601100 -38.85816900 -1.16819100
v 6.45303500 -38.86245100 1.16239500
v -14.12945900 -32.43805900 -2.16648400
v 14.23583800 -32.37802500 2.14122800
v -2.38908300 -39.91811200 -0.94496400
v 2.40896700 -39.91706900 0.94151900
v -16.14379300 -29.86062300 -2.06356300
v 16.23466700 -29.90983600 1.98898200
v -12.03786800 -34.80972100 -2.03676200
v 12.05079200 -34.79704500 2.03773800
v 2.24224900 -39.25862400 1.88502400
v -2.19089900 -39.34538200 -1.81208600
v -18.09294200 -23.15215200 -2.27510400
v 18.04433800 -23.12459900 2.29811200
v 12.67497600 -28.06124100 -0.21166100
v -17.46605400 -23.16569800 -2.46475600
v 17.28152700 -23.17537400 2.48870400
v -16.29543100 -28.82325600 2.26972400
v 16.27628900 -28.78251300 -2.28580800
v -12.91364300 -33.85823700 -2.11705900
v 12.96686200 -33.80338300 2.11849700
v 1.39860600 -38.31634100 -2.42160500
v -1.38722800 -38.29569600 2.42701100
v -13.95408800 -31.95691400 2.36690200
v 14.02419000 -32.02902500 -2.33052800
v -17.42773200 -25.14934400 -2.37281300
v 17.47006300 -25.15916700 2.35796000
v -11.65138200 -33.21060300 2.49999000
v 11.86011400 -33.14597800 -2.49847400
v -15.67746600 -28.16306900 2.49198000
v 15.58143300 -28.25399800 -2.49524100
v -17.07158300 -25.54168300 2.43863900
v 17.21662700 -25.40348600 -2.41367200
v -11.08888200 -35.71464300 -1.94002000
v 11.10715800 -35.71246200 1.93266300
v -18.62583400 -23.89963200 -1.84815300
v 18.61370500 -23.89171700 1.86022800
v -3.25793600 -39.94217500 -0.42706900
v 3.26756000 -39.94130100 0.42283100
v -17.68096000 -25.20580200 2.27043900
v 17.74318500 -25.10962100 -2.25363300
v -11.69125100 -35.76494600 1.52930000
v 11.71716500 -35.74130200 -1.53314800
v -2.63094000 -38.86583100 2.13339200
v 2.62755500 -38.85180900 -2.14209900
v 10.81297100 -36.90587900 -0.70428500
v -10.80469700 -36.91286600 0.69990100
v -18.41907500 -21.90287900 2.18075300
v 18.43628900 -21.90459100 -2.17096800
v 8.92159300 -37.93744300 -0.88735300
v -8.91986700 -37.94121700 0.88054500
v -5.43052300 -38.66227400 1.82673700
v 5.41701600 -38.67232800 -1.82132900
v -18.67482300 -21.21718400 2.04461700
v -18.77707800 -21.48103300 -1.95937700
v 18.67580700 -21.21786900 -2.04390700
v 18.70656600 -21.38704600 2.01661600
v -14.09522500 -33.64739600 1.46594000
v 14.10908600 -33.64870600 -1.45057900
v -15.52018500 -31.92663900 1.46898800
v 15.46897200 -31.96388800 -1.49488500
v 15.04834900 -29.86612500 -2.45445200
v 5.92430700 -34.01028400 0.10305700
v -13.60626600 -32.76452100 -2.26039500
v 13.71518200 -32.70222300 2.24126800
v -16.62768000 -27.52470300 2.36832200
v 16.55209000 -27.41096500 -2.40377600
v -18.32683800 -25.75814900 1.71793700
v -18.25595100 -25.62021000 -1.82334200
v 18.35548100 -25.67157100 -1.71383400
v 18.26609600 -25.61681300 1.81499800
v -16.57455900 -30.25789600 1.52158200
v -16.58783100 -30.27431700 -1.49545600
v 16.58923300 -30.20647300 -1.53885900
v 16.56992700 -30.18710700 1.57212800
v -5.63253900 -34.20743500 0.58561600
v -5.69501200 -34.15749100 -0.48403000
v -3.95411100 -34.71364500 -0.13026700
v -3.62262400 -34.82038100 0.32703900
v -4.95034600 -39.56813900 -0.49626100
v 4.95581800 -39.56780900 0.49101900
v 5.20167500 -39.49536400 -0.52290900
v -5.20480700 -39.49468000 0.52212400
v -12.76721700 -35.46311000 -0.62859000
v 12.77317900 -35.45865500 0.62673100
v -7.68403400 -33.43976900 1.18617100
v -7.64903300 -33.39843500 -1.08124100
v -12.83426700 -33.37498600 -2.32089800
v 12.91546300 -33.27568500 2.32588600
v -17.17055700 -25.88008000 -2.38682000
v 17.22649600 -25.86219800 2.37130900
v -7.34286000 -38.79812500 -0.40810800
v 7.33581700 -38.82479200 -0.23851100
v 7.34121600 -38.79881800 0.40792100
v -7.33689700 -38.82447500 0.23738400
v -5.63881000 -39.38433600 -0.45509000
v 5.81997400 -39.35044500 -0.32761700
v 5.64099700 -39.38442200 0.45124800
v -5.82211800 -39.34988000 0.32691500
v -9.63735800 -37.65980400 -0.58374700
v 9.46508900 -37.78363800 -0.46888900
v 9.63940100 -37.65771300 0.58716300
v -9.46271700 -37.78572900 0.46523300
v -9.86712400 -36.25799700 2.10906600
v 9.88892600 -36.23431200 -2.11443800
v 7.40387100 -38.71503800 -0.65646500
v -7.40719700 -38.71460100 0.65334100
v -12.89672600 -34.60506500 1.66793200
v 12.93559900 -34.58206300 -1.65748200
v 5.54897600 -36.84215500 2.49998500
v 14.39388400 -30.90134700 -2.44769500
v -12.79517600 -30.67964200 2.33260700
v -10.61063600 -35.62340200 -2.17965200
v 10.65522400 -35.61590700 2.16857200
v -17.53905200 -27.80656200 1.78524900
v -17.36870000 -28.25467300 -1.76431000
v 17.54260800 -27.80787400 -1.78152900
v 17.38191500 -28.23662600 1.75955700
v -17.80520100 -26.06251100 2.06861300
v 17.84866500 -25.97105500 -2.05870900
v -10.40897800 -36.71580900 1.47415200
v 10.42402600 -36.69900800 -1.48233200
v -5.39502000 -36.92890800 -2.49964600
v -15.86501400 -26.99486200 2.49770800
v 15.68845000 -26.90369000 -2.48133100
v -13.89917200 -33.61459600 -1.67081300
v 13.93499100 -33.59292600 1.65823600
v -6.25802200 -36.88988200 2.48265600
v -10.90886100 -36.64836900 1.11462900
v 10.92250800 -36.63551100 -1.12064500
v -5.31587200 -34.25901400 0.03310300
v 11.89989000 -29.74175100 1.21857500
v 11.80895500 -29.85247300 -1.21277900
v -10.00436100 -35.52916200 -2.36703800
v 10.10266300 -35.42103000 2.37864100
v -15.93996900 -27.35187700 -2.49799000
v 16.01816800 -27.28726200 2.49568600
v 4.04112900 -38.67893900 2.08943100
v -3.99934700 -38.65884800 -2.10797100
v -11.27393900 -36.56280500 0.78257800
v -11.20006500 -36.15939400 -1.49668400
v 11.28468700 -36.55370700 -0.78641100
v 11.21266300 -36.15198400 1.49493400
v 7.82036400 -37.25840300 2.16891800
v -7.86731400 -37.27936600 -2.14616200
v 4.69697700 -37.95244900 2.36049400
v -4.68594300 -37.89702600 -2.37941500
v -11.46159900 -36.52226100 -0.49860500
v 11.25918400 -36.68713400 -0.39981300
v 11.46522600 -36.51974700 0.49828000
v -11.25374200 -36.69132800 0.39773200
v 0.34388300 -39.38918200 1.88489000
v -0.36283500 -39.36491500 -1.90545800
v -9.05887100 -37.80063000 -1.02808800
v 9.05865800 -37.79714900 1.03511300
v -3.49046300 -39.30288800 -1.65459200
v 3.54872900 -39.31736300 1.62590300
v -12.70678300 -32.23289900 2.49959200
v -4.21254300 -38.66249500 2.07486000
v 4.21772300 -38.65713900 -2.07757400
v 12.87761500 -32.15314900 -2.49723900
v -15.56307100 -27.58143100 -2.49540000
v -13.27331700 -31.02716200 2.48084700
v -0.14265700 -35.25785900 -0.20656200
v -5.23635700 -38.55178200 -1.96472900
v 5.24998800 -38.57086400 1.94711600
v -15.14302700 -29.62059900 2.46316500
v -13.59494000 -34.79233500 -0.34952600
v 13.55000900 -34.84101700 -0.31666300
v 13.59833700 -34.78945300 0.34772300
v -13.54597200 -34.84451700 0.31844800
v -0.57257500 -38.26773400 2.44383200
v -9.98102100 -36.70710900 -1.75143700
v 9.99784100 -36.68531600 1.76128200
v -4.26115000 -34.65903000 0.42464700
v 13.69643200 -26.02017000 -0.29112300
v -10.21333300 -37.36790400 -0.39257400
v 10.21975000 -37.33946000 -0.50730500
v 10.21548200 -37.36630800 0.39415300
v -10.21513400 -37.34314700 0.50363400
v -11.84002400 -36.05088600 -0.99090700
v 11.84803500 -36.04563400 0.98933800
v -14.32335900 -31.59455100 -2.34462300
v 14.24240600 -31.69962800 2.34431600
v -17.08264700 -27.98624800 -2.07053800
v 17.10548700 -27.95675200 2.06434100
v -15.68230900 -23.65825600 2.16342600
v -15.49831500 -23.67450600 -2.05069700
v -15.42192400 -30.20848200 2.30273700
v 15.33179900 -30.43577900 -2.28256600
v -5.97773300 -34.28076000 1.13285800
v -6.08756300 -34.18144200 -1.03576300
v 15.78778400 -23.67072700 -2.22136600
v 15.70285600 -23.72143100 2.18204700
v -18.58711300 -24.16056500 1.83844600
v -18.17205600 -24.16522800 -2.14267400
v 18.60840200 -24.10726000 -1.82855500
v 18.16391100 -24.17217000 2.14663300
v 2.02109900 -35.29230000 0.93078800
v -7.20732400 -37.79141100 -2.01237900
v 7.16847100 -37.80650900 2.01309100
v -17.16736400 -24.62469200 -2.46682600
v 17.22602000 -24.66742000 2.45485500
v -13.30761100 -30.16957300 2.36844800
v 7.29325400 -38.25478300 -1.57144000
v -7.30830600 -38.25443000 1.56473600
v -14.63123700 -23.60097700 0.99431900
v -14.53160000 -23.63191200 -0.75037800
v 14.72990400 -23.36071200 -1.10024200
v 14.74298000 -23.46160900 1.16399000
v -13.57014600 -29.70859900 -2.35092200
v 2.70258900 -39.46379000 -1.61847200
v -2.70383900 -39.47064000 1.61024600
v 3.14441000 -35.89807800 -1.97393000
v -9.36903100 -37.10700500 -1.71654300
v 9.37508700 -37.08704000 1.73167100
v 13.25581900 -31.41449300 2.49875100
v 13.24288200 -29.45121300 2.15592800
v -16.61304300 -23.65075000 -2.47666000
v -14.95595600 -33.31723100 -0.51323200
v 15.17088700 -33.10275100 -0.36840600
v 14.95513300 -33.31959400 0.50886000
v -15.17384600 -33.09964000 0.36646400
v -13.08303800 -32.77919100 -2.40208500
v 13.21935200 -32.60408200 2.40750700
v -15.59537900 -30.04044300 -2.27700000
v 15.62724800 -30.13883700 2.23968300
v -5.67948500 -38.91182700 -1.47583300
v 5.68423900 -38.91973200 1.46351100
v -10.77370000 -36.97806700 -0.55532800
v 10.78473000 -37.02022800 -0.32435100
v 10.77749700 -36.97529000 0.55640900
v -10.78093600 -37.02302500 0.32228400
v -17.17584900 -28.84973500 1.68388100
v -17.18393900 -28.96723200 -1.61685900
v 17.17598500 -28.82296100 -1.69648800
v 17.21268400 -28.92803300 1.60675800
v 3.21755600 -34.90708000 0.24465100
v 14.23046900 -26.04343400 -1.52897600
v 14.21099200 -26.05786000 1.51214300
v 16.53007900 -21.88610400 -2.41078400
v -0.42547600 -37.24471000 2.44951300
v -0.45372600 -35.30612200 -0.55801800
v -0.05781200 -35.39246400 -0.83219700
v 0.33336600 -35.44544500 0.97782800
v 9.72207000 -31.61208000 -0.27090100
v -13.07283600 -27.34799700 0.19794900
v -16.21366700 -21.93017600 -2.30272300
v 16.64203900 -21.94870000 2.43986600
v 12.24934200 -32.16758000 2.47769900
v 1.11152400 -37.77764000 -2.49919700
v -16.63420800 -24.99850000 2.49993300
v 16.69791600 -24.99320500 -2.49964900
v -9.06077500 -32.17254800 -0.36328600
v -16.54452700 -21.97758500 2.41679200
v 11.74920500 -32.21261400 2.41131500
v -10.00000100 -32.98429300 2.16248800
v -10.40975200 -33.09543600 -2.32864500
v -0.54900800 -35.92796400 -1.72211300
v -11.60741000 -32.09916200 -2.35448500
v -14.70049500 -28.62351500 -2.45837900
v 15.12210300 -21.92489700 -1.41514400
v 15.17273100 -21.85819200 1.47760700
v -2.49212900 -37.15849100 -2.46679100
v 13.17249600 -27.30419600 -0.61193400
v 12.77637400 -27.94253200 0.42297200
v 0.92594600 -35.51516800 1.17567100
v 0.76433000 -35.45602200 -1.03770500
v -14.63852800 -22.33361500 -0.12078700
v 1.93635800 -36.66948300 2.30625300
v -1.17840500 -37.58327400 -2.49681600
v -2.86304400 -38.43262400 2.32860000
v 2.85624300 -38.40152900 -2.34076700
v 11.43282900 -32.42854100 -2.39186900
v -12.20623000 -30.77344100 2.13795000
v -12.25612000 -30.80791700 -2.17339600
v 11.68505100 -31.49963100 -2.19197300
v -1.96993400 -36.81259800 -2.36208100
v 10.55470000 -34.12174700 2.49993800
v 14.79499200 -21.98071900 -0.76182900
v 14.84204500 -22.07528500 0.91993200
v 3.86491400 -37.15164400 -2.49514600
v 9.41946800 -32.38656100 -1.38137600
v 9.50282000 -32.38532200 1.45529900
v -14.68523000 -26.65843700 2.11953700
v -14.48354600 -26.47766900 -1.93629400
v -15.12751400 -26.47980100 2.29842700
v -10.41647600 -33.73317500 -2.46632000
v -10.15982700 -33.57459400 2.40231700
v 1.48525800 -36.24682500 2.04834000
v 1.10885200 -36.27110100 -2.04364800
v 10.58998600 -32.64197500 2.22563700
v -7.76780500 -35.73482100 2.49554600
v 11.22325100 -31.42463700 -1.93115300
v 11.30005100 -31.47573400 2.00226700
v 11.68911500 -31.69171300 2.26087000
v -3.08582500 -37.47285200 -2.50000000
v 7.84647400 -35.49500700 -2.47863700
v 11.90857300 -31.93728600 -2.38839700
v 15.38027800 -26.33930200 2.36903500
v -10.80030500 -31.38003000 1.60162300
v -10.82453100 -31.41910200 -1.65383900
v 15.35086600 -23.21317400 -1.86825700
v 13.93484500 -31.22170700 -2.47782600
v -13.84740100 -31.16657700 2.48946100
v -1.48982400 -35.70290300 1.53370300
v -1.72089700 -35.97455500 -1.85133200
v 0.47798300 -35.24363800 0.08318600
v -1.33025400 -35.19044600 -0.05252700
v 10.22220800 -33.23467300 -2.32452300
v -1.82829000 -35.35147500 1.01109700
v -1.79148000 -35.31239900 -0.90702100
v -14.56947700 -28.00857400 -2.34760600
v -11.33342300 -31.86301900 2.19252600
v -11.14540900 -31.95725000 -2.15575500
v -17.07463900 -21.72806600 -2.49655200
v 16.96325500 -21.43085200 2.48631500
v -8.14569100 -36.39089300 -2.42518900
v 10.40409800 -33.35750200 2.39696200
v 8.14203900 -36.30812600 2.44280000
v -10.92434000 -30.51198700 0.58024400
v -10.96763000 -30.50432600 -0.68279000
v -16.28836900 -26.84466500 2.48935700
v 15.18027300 -27.65027700 -2.45541500
v -2.08796800 -35.13879100 0.42821900
v -2.06242900 -35.11786200 -0.25106600
v -4.36466600 -36.75704600 -2.46493600
v -11.25371700 -31.31855200 1.88732300
v -11.22444300 -31.39185200 -1.91285900
v -14.96871400 -23.42405500 1.50218300
v -15.03716800 -23.46041400 -1.59608700
v 2.83054900 -34.99735200 -0.32408000
v -14.83639900 -28.58446900 2.47482100
v 10.05635800 -32.77462000 -2.08335200
v 9.98215200 -32.57711100 1.93614700
v -14.23788600 -26.17664100 -1.59849000
v -14.11823100 -26.32315900 1.52887900
v -11.42976600 -30.06877300 0.87038600
v -11.50434500 -30.04332600 -0.97369100
v -11.81369600 -30.01673200 1.38707300
v -11.92661200 -29.95220000 -1.45638600
v 3.86941500 -35.85724300 -2.06253000
v -2.35313600 -36.91911900 2.41045200
v 3.69736700 -36.13497500 2.20196100
v 4.43090000 -36.22816200 -2.32864500
v 13.47236100 -30.61703300 2.46748600
v -14.05068100 -28.14279800 2.16206000
v -14.04709900 -27.54911600 -1.97449700
v 12.81002300 -32.76136600 -2.45301800
v -12.66388200 -32.79094600 2.46816400
v -15.43916200 -27.52362700 2.48332000
v -3.98854600 -37.67830600 -2.47013500
v 4.04838600 -37.84958700 2.43516600
v 11.18620600 -30.14294400 0.30605500
v -15.25183500 -26.32567500 -2.32320500
v -13.70846100 -30.56423000 -2.48808300
v 13.24925100 -29.95689200 2.30333400
v 0.56922200 -38.62889500 2.33704100
v -9.54699600 -32.12918100 1.18004800
v -9.61318800 -32.17707200 -1.31705200
v 12.84322900 -30.98135300 -2.40779800
v -0.57135800 -38.58408000 -2.35354500
v -5.87572700 -35.58703100 -2.26454000
v -9.39249500 -35.40520300 -2.47280900
v 9.47136700 -35.23955900 2.48534300
v 1.78683600 -37.63792300 -2.49992600
v 2.81465400 -37.65735600 2.49626000
v -6.93752900 -37.35557100 2.30100200
v 6.85305600 -37.37500600 -2.30689000
v 13.93844800 -27.83009400 -1.99876400
v 14.19682100 -27.89295000 2.16875700
v 9.10116900 -32.14422600 -0.37977600
v 9.23351000 -32.02679500 0.30800100
v 0.15356400 -35.68555500 -1.41112500
v 0.24450400 -35.76117300 1.51735100
v 5.96341300 -35.71262800 2.32838700
v 7.37863700 -34.75172500 -2.19237700
v 8.71211200 -32.40218100 -0.00712700
v -0.87662800 -38.79682300 2.26048200
v 0.88380400 -38.78607700 -2.26536000
v 16.31472400 -24.19234000 -2.44475300
v -16.68865700 -24.44348400 -2.49792800
v 16.79535900 -24.46855900 2.49998800
v -16.44046300 -24.30957300 2.47187700
v 2.73415700 -38.47471100 2.31999200
v -2.73231100 -38.19525300 -2.41268100
v 10.70934300 -31.35968700 -1.50263300
v 10.81850200 -31.34160000 1.58420200
v -14.55533800 -24.81383700 1.40350500
v -14.56687800 -24.72011900 -1.38071200
v -4.62782300 -37.23253400 -2.49754700
v -16.10407500 -25.77152600 -2.48131500
v 16.23271900 -25.70521500 2.49173300
v 14.39483000 -23.71912300 0.04394400
v -11.41182300 -29.88101500 0.33625300
v -11.51008000 -29.77163300 -0.38542600
v -7.34859500 -33.38062200 0.62520800
v -7.21361600 -33.40475900 -0.41139500
v -7.37505400 -35.34457600 2.40733900
v 13.54721800 -27.06097900 -1.19179800
v 13.28292900 -27.91726800 1.45012600
v -2.92100800 -36.60560900 2.33937900
v -11.15031600 -34.44193300 -2.42634600
v 11.01772500 -34.56477500 2.42282000
v 5.61687800 -34.97536800 -1.81136300
v 5.63320000 -34.79068900 1.63744800
v -5.90066800 -35.85555400 2.36863000
v 15.47725900 -25.27452600 2.26740300
v -13.67288600 -28.90322400 2.19248000
v -3.11794000 -36.18980800 -2.16310500
v 13.40622500 -26.65882500 -0.12716700
v 1.33052900 -37.84813900 2.49555100
v 15.61549400 -25.28172500 -2.32504400
v 15.09460500 -27.01951100 2.36594900
v -5.15021200 -36.15183300 2.37762100
v -9.45149300 -31.89953300 0.53587800
v -9.50822600 -31.89853200 -0.67772500
v -12.99201600 -27.75748600 0.80058300
v -13.12335900 -27.60350200 -0.91265800
v -4.67920500 -35.71430600 2.11535300
v 5.10393300 -36.48350300 -2.45516000
v 10.33226200 -31.03234100 -0.14451500
v 10.47566600 -30.93215800 0.41148500
v 12.52488800 -33.05674700 2.45242300
v -12.45178300 -33.17586300 -2.44561200
v -9.72579800 -34.69504100 2.49963500
v -15.99275200 -24.87031400 2.40830700
v -16.09857600 -23.32473100 -2.33025800
v -1.24624000 -35.59828600 -1.35589600
v -1.05346400 -35.45308000 1.06913200
v -13.80479300 -27.27188000 -1.65507000
v -13.78703000 -27.55579500 1.77313900
v 9.27381600 -34.62025700 -2.47443000
v -4.63929600 -35.61018400 -2.04104800
v -13.27230000 -29.13194300 -2.05921500
v -16.21972500 -23.39722800 2.37731400
v -12.92084500 -30.47175500 -2.32109400
v -3.87676500 -34.87112700 0.80996200
v 14.20521400 -30.39542700 2.49922900
v -14.39042500 -30.36581100 -2.49217900
v 4.48219700 -37.35255100 2.49288900
v 16.06923100 -25.05311400 -2.43916100
v -6.32735300 -34.50579300 1.64645000
v -6.54688000 -34.34361300 -1.58128700
v -3.07609100 -35.43975800 1.50419600
v -3.02221700 -35.45994100 -1.51608300
v -13.33192500 -27.80058500 -1.43085100
v -13.20234100 -28.01512300 1.41852000
v 15.05095900 -26.70985300 -2.30486200
v 13.87310700 -25.84109400 -0.75188500
v 13.80365200 -25.92519500 0.63315300
v -5.49511800 -36.25615100 -2.43575800
v -7.55427500 -35.56506200 -2.46827500
v -4.05720500 -35.02036600 1.23533500
v -4.09813500 -34.98006800 -1.18525100
v 10.41321400 -31.23297700 0.98988600
v 10.28212900 -31.29191100 -0.86916900
v -15.37571800 -25.24631400 2.21543500
v 14.54987100 -28.52349100 -2.41814400
v -14.65419900 -29.22505200 2.49238100
v -14.12789700 -24.82102800 -0.34501600
v 13.59552500 -31.86464500 2.45544900
v -13.57410700 -31.47784200 -2.49136200
v 15.82586500 -26.22932100 2.46464100
v -15.68600300 -26.32280900 -2.44572100
v -8.27722500 -33.87674200 1.98525100
v -8.23213500 -34.48821900 -2.28280500
v 14.96348600 -28.18821400 2.46327000
v 1.61519400 -37.22109600 2.45897000
v -14.87030800 -26.23238000 -2.12741400
v 4.96784800 -34.86421900 -1.42950800
v 4.79184300 -34.92552200 1.43173000
v -11.73897100 -33.87786600 2.43918800
v 16.82087700 -23.56746800 -2.49539200
v -16.73728600 -23.70951400 2.49135200
v 11.86565500 -33.81501700 -2.43061700
v -13.72729200 -26.59146800 1.12641000
v -13.80925000 -26.64203300 -1.29833000
v -14.16142000 -25.22047200 -0.92506500
v -14.25338600 -25.18376600 1.09635300
v 14.82990700 -25.15872500 -1.82786600
v 15.91603200 -25.08276900 2.40365800
v -15.68792800 -25.17286100 -2.33965300
v 14.86493000 -26.43990100 2.16952800
v -7.58340200 -34.91979500 -2.30928100
v -7.62214100 -34.38488700 2.06403900
v 15.52643600 -21.45391700 -1.83831100
v 15.62251500 -21.53948700 1.92679500
v -3.84179700 -36.51514000 -2.37503800
v -8.82732800 -33.07727100 1.64316600
v -8.75536300 -33.11443100 -1.63079600
v -12.33699400 -28.58533400 0.04423100
v 1.63727600 -35.20093300 0.45538600
v 13.12548700 -27.52324200 0.81443600
v -12.46403700 -30.07440100 1.97475200
v -12.37790200 -30.16278000 -1.96381100
v -9.39773500 -33.06831400 1.95619800
v -9.66132300 -33.57425600 -2.29416100
v -14.77631800 -23.29810200 -1.16666300
v -0.19102700 -37.78819500 2.49969200
v 14.49920500 -23.54216300 -0.56600300
v 14.50685000 -23.60122600 0.64497900
v -14.43659400 -27.49012900 -2.18759300
v -14.31067200 -28.73043600 2.38755000
v -7.85203200 -36.74198000 2.37176200
v 9.32694500 -32.92878500 -1.82295000
v 9.34133400 -32.88552100 1.79827100
v 7.82861800 -36.65481600 -2.39948900
v 6.83930400 -34.59802900 -1.93694200
v 14.69302000 -25.78834800 1.89187900
v -10.66344000 -31.07938900 1.13218900
v -10.70338400 -31.11699500 -1.23423100
v -11.97307300 -31.74520000 2.36025400
v -6.93325500 -36.14687000 -2.49630700
v -1.72658200 -36.58278600 2.25716800
v -2.26298500 -36.31707800 -2.15229600
v -13.22564700 -27.07144600 -0.30164800
v -15.09318900 -21.42402100 1.31120700
v -15.04392700 -21.36243000 -1.22131600
v 16.23103800 -23.29381000 2.37511600
v -3.98082200 -34.81204600 -0.71810800
v -14.96490600 -24.77884200 1.84646700
v -14.91247700 -25.08793100 -1.88016300
v 5.68487900 -36.75342700 -2.49980700
v -7.76236300 -33.04319100 0.06298200
v 7.29754000 -35.32783600 -2.39296200
v 8.58446500 -34.52872400 -2.36747000
v 3.26492300 -36.96847300 2.45712700
v 4.24438900 -34.70406500 -0.60637100
v 3.86819600 -34.77817500 0.46103200
v -15.99775600 -26.39137400 2.49183100
v -13.77333100 -29.02122400 -2.26703400
v -12.74208100 -28.75757400 -1.40743300
v -12.86630300 -28.78759900 1.56997400
v 1.87112100 -35.89504600 -1.79349100
v 1.89765800 -35.82539400 1.72705200
v 14.09146000 -24.90665800 -0.26805800
v -13.66011300 -26.26508500 0.61501700
v -13.71802300 -26.28345900 -0.81718000
v 11.22797600 -30.07420800 -0.16983300
v 13.90723100 -27.15892200 -1.70242200
v 13.91224400 -27.34183400 1.78886600
v 16.75035700 -22.74733400 -2.47544100
v 8.18036300 -33.75430600 -1.85631800
v 8.20295700 -33.75314000 1.86608100
v -4.16252700 -37.40689400 2.49476100
v 14.64487600 -24.70415100 1.48166600
v 14.68052400 -24.68604500 -1.52067200
v -15.36028600 -23.21095600 1.87612400
v -15.32612600 -23.02291400 -1.81654300
v 5.73825100 -34.13480500 -0.46214700
v 5.82166300 -34.14479900 0.64573700
v 3.24070600 -37.05668400 -2.47108400
v 13.91178100 -28.63147700 2.22695600
v 10.71180700 -33.42213900 -2.45630800
v -14.10828600 -25.07546900 0.63380800
v 14.53515700 -27.86994600 -2.31116400
v 14.74359400 -25.93676700 -1.97254200
v 6.38345800 -33.91526000 -0.72215200
v 6.45295500 -33.93571200 0.86658500
v -12.17322500 -28.93765900 0.55124800
v -12.06943500 -29.05878600 -0.47780200
v -10.52986500 -34.36751300 -2.49473000
v -12.51312500 -32.47453700 -2.49903200
v 1.42432900 -37.26647800 -2.46393200
v 4.32732300 -37.40707600 -2.49182000
v 7.35341000 -35.33622900 2.40248400
v 12.63037700 -32.40848000 2.49761800
v 14.80236000 -28.69194900 2.47785400
v 5.44647400 -35.32209100 2.03016700
v 14.97129500 -23.36640100 1.49092500
v 15.00088400 -23.14475300 -1.47602800
v -14.78000800 -29.39244800 -2.50000000
v 15.02516000 -24.59310700 1.85382400
v 15.09043500 -24.57523900 -1.90496900
v 15.39203200 -27.64889200 2.48440400
v 8.75527200 -33.87242600 2.15553200
v 8.56444200 -34.03231900 -2.17353300
v 8.94999100 -32.44526100 -0.92194200
v 9.03524400 -32.39916000 0.95776100
v 0.31392300 -37.74308100 -2.49999700
v 8.18258700 -32.77232900 0.01969500
v 14.25021800 -24.70345100 -0.72437800
v 14.24717600 -24.70116700 0.71249900
v -13.15583200 -27.32944000 -0.59915900
v 4.43973100 -34.56602200 0.01688200
v -10.64259100 -33.90727800 2.49650300
v 4.73407600 -36.62573100 2.46030500
v 11.87157500 -32.55997000 -2.47848000
v -4.09133400 -36.89685100 2.47531900
v 10.67164700 -34.10571500 -2.49965400
v -17.20440800 -21.37018500 2.49988900
v 17.45886600 -21.27765200 -2.48974800
v 3.28152800 -36.38601800 -2.27859400
v -10.44748700 -33.07747700 2.33262200
v -10.90365300 -33.28612500 -2.45989600
v 12.76152000 -31.04563100 2.40144100
v -7.63111500 -36.10874400 -2.49690700
v 9.28951400 -34.62185400 2.47584400
v 8.20854100 -33.26931800 -1.40197700
v 8.28522400 -33.27726000 1.47072100
v 16.29803100 -23.26242700 -2.39422100
v 7.45176200 -36.04905700 2.49998900
v -6.19967800 -36.62468400 -2.49987000
v 5.18256200 -38.04842600 -2.26986800
v -5.18248800 -38.01047800 2.28632300
v -7.10728500 -35.92001200 2.48528100
v 13.73466100 -26.58741600 -1.13644700
v 13.56910000 -27.06771400 1.23261200
v 6.33899300 -36.81371100 2.48726700
v 1.82841700 -36.47048700 -2.20656500
v -4.18390000 -37.89389100 2.41668900
v 4.23782100 -37.87981800 -2.41695000
v -8.88440000 -34.05088800 2.27050800
v -11.81692700 -32.54913200 -2.47196500
v 2.76634900 -38.10525700 2.43385400
v -16.56464000 -21.12720000 2.40757400
v -2.74572200 -35.86728100 1.88746500
v 16.93821600 -21.37931000 -2.48324200
v 11.98942600 -30.23218400 -1.72681300
v 12.13887600 -30.14184400 1.78748800
v -11.57180500 -32.48790700 2.42982600
v 5.50377500 -37.25382200 -2.47022600
v -5.49983600 -37.09772400 2.48891000
v 16.63793200 -28.24593500 2.24368700
v -16.43484700 -27.17884800 2.45148900
v 16.20225800 -26.94873700 -2.49288800
v -3.44222600 -34.84276800 -0.01556200
v -8.07511900 -35.12984100 2.44108700
v -14.18990100 -24.56942000 0.24356100
v -1.97711700 -36.02954800 1.92500700
v -16.58501800 -21.33475500 -2.41563200
v 16.51038600 -21.18387100 2.39242800
v -2.71053000 -38.03967800 2.44992100
v -14.05878300 -25.42756900 0.84553100
v 2.66329000 -38.01996000 -2.45518600
v 0.83630000 -37.32304900 2.46678300
v -14.78191700 -22.04330600 0.74075100
v 7.80046900 -33.25896200 -0.99039900
v 7.86424600 -33.25997000 1.06622400
v -6.48959000 -37.81111300 2.17220500
v 6.44102500 -37.84066600 -2.16606900
v 6.91316900 -33.53046600 0.06168000
v -0.31295900 -38.94944700 -2.19202000
v 0.29961100 -38.98764500 2.17076500
v -18.43217800 -22.00255500 -2.16890700
v 18.35840500 -21.93768700 2.21216600
v -2.87857800 -37.84726000 -2.47752500
v -2.82488400 -40.02733900 -0.31077400
v 2.83158700 -40.02666500 0.30841700
v -1.62643300 -37.88573000 -2.49102600
v -3.65393300 -39.88688100 -0.32933800
v 3.66091000 -39.88606900 0.32558600
v 4.41975400 -39.72303400 -0.35556900
v -4.42128400 -39.72279400 0.35480700
v -0.43844700 -37.58029000 -2.49461000
v -1.59350300 -40.16257200 -0.33806700
v 1.59700800 -40.16242700 0.33704800
v 2.41166400 -38.27905500 -2.40235500
v 16.04813900 -21.24572000 -2.20155700
v -2.43781200 -38.28296600 2.40020900
v -15.48464500 -21.68162500 1.81395800
v -15.34404400 -21.86785100 -1.68688300
v 16.75813200 -23.66336400 2.49231200
v -14.74380500 -27.95261700 2.39114600
v 14.89448200 -22.64250500 -1.18332600
v 14.99557800 -22.76380500 1.38015600
v 16.13739600 -21.63596600 2.25818000
v -14.84289100 -22.84408600 1.14350100
v -1.58951100 -37.87106900 2.49248900
v -8.20785900 -37.38671800 -1.98039700
v 8.18415400 -37.36932300 2.00016100
v 7.46531900 -34.21234600 -1.88932900
v -15.85839600 -21.34608500 -2.09181800
v -15.97896900 -21.29526300 2.16434000
v 7.64007000 -34.21037400 1.95784700
v -13.28459600 -30.58314900 2.43364600
v 14.96094500 -21.21398900 -1.04301900
v 14.98200200 -21.23693900 1.08996300
v 1.59071100 -37.95196600 -2.48490500
v 15.27890600 -23.30294200 1.81794800
v 11.88626600 -29.40036500 -0.69737400
v 11.90554800 -29.32431500 0.58440200
v 11.43569200 -29.96892000 -0.68987500
v 11.46126700 -29.94581700 0.70707100
v 5.01008200 -38.24233400 2.20069700
v -4.99320400 -38.20960800 -2.21976500
v 4.97641100 -35.23408800 -1.83468400
v 16.73980900 -22.79148400 2.47479800
v -16.91504100 -22.67260000 -2.49230500
v 2.57535200 -39.96893200 -0.73820100
v -2.57610400 -39.97011400 0.73407600
v -12.80723400 -29.37383500 1.86137600
v -1.70465400 -35.15616200 0.15744200
v 3.55761600 -39.55523300 -1.30151600
v -3.55929200 -39.55821500 1.29618900
v 4.09824400 -35.27447300 1.60392700
v 10.99116700 -33.50804400 2.49028600
v 7.60063100 -36.50214500 2.45628300
v -18.17583700 -24.64466900 2.07634400
v 18.21170500 -24.57099200 -2.06363900
v -10.48925100 -35.64157400 2.20938900
v 10.50498000 -35.61906900 -2.21440700
v 8.75190900 -35.66583400 -2.48644800
v -8.90797400 -36.56789200 2.23409700
v 8.93778000 -36.52527400 -2.24538400
v 10.77780000 -34.79620700 -2.41302200
v -10.80242000 -34.90179400 2.38393800
v 16.52482900 -21.10163100 -2.39580600
v -14.71800300 -21.48331000 0.06380100
v 14.70225100 -21.74222400 -0.15219200
v -13.91239800 -25.49332600 -0.39463200
v -16.35886600 -23.87431100 2.43948000
v -11.85603000 -29.50009100 0.81079500
v -11.91451400 -29.51745900 -0.96135000
v -15.95578700 -31.16399600 -1.57516900
v 15.89830000 -31.21940100 1.59571100
v -16.28605100 -30.96723600 1.34130900
v 16.29076400 -30.91864700 -1.37569200
v -1.09565300 -38.55986100 -2.35355900
v 2.85263700 -35.17552600 -0.98027400
v 2.65484700 -35.23299400 1.02610000
v -12.18347500 -31.92205200 -2.43882000
v -11.48413300 -30.52239500 1.48994400
v -1.45620000 -38.69757900 2.28877000
v 1.45834300 -38.69704200 -2.28893000
v -16.86956100 -24.34462600 2.49945700
v -6.48521100 -37.33073800 2.37291000
v 16.89827900 -24.25547900 -2.49926600
v 6.38826400 -37.40181400 -2.36211400
v 15.21391800 -21.19975100 -1.47295900
v -16.38142800 -30.05963500 -1.81734700
v 16.54513800 -29.71358100 1.84447800
v -6.42664600 -36.20403800 2.48406300
v -14.58987100 -29.92377100 -2.49718000
v -3.38030300 -38.38549900 2.31159000
v 3.38974100 -38.33761700 -2.32972900
v 5.63337800 -34.58878800 -1.39186900
v -7.46628900 -36.20157400 2.49627900
v 1.32803400 -38.53001300 2.35860100
v -5.88771100 -37.28981800 -2.44049100
v 9.64340700 -37.51615800 -0.95898300
v -9.63759000 -37.52290100 0.95172800
v 5.91689600 -37.33989700 2.42714500
v 11.97080900 -32.79321300 2.49833500
v 14.44562100 -29.74046600 2.49792800
v 7.28871200 -35.93477400 -2.49345400
v 11.97105400 -29.12038800 -0.09627500
v -4.37144000 -36.37194100 2.37287100
v -5.24855100 -35.26108600 1.93450100
v 12.85832400 -29.15352200 1.78440600
v 5.37730100 -34.49242800 1.06906500
v 5.32855000 -34.46626700 -0.97566900
v -18.19973700 -21.30042200 -2.30527100
v 18.07802800 -21.27869600 2.35294000
v 5.93418200 -35.44450200 -2.20909500
v -14.67935900 -22.85403000 -0.75557100
v 1.78446600 -36.91575900 -2.38873200
v 9.97365000 -35.03742200 2.47098000
v 18.08398700 -21.22237400 -2.35163800
v -18.10551100 -21.20819500 2.34397500
v -18.01440800 -26.92686500 1.65187800
v -14.80319700 -21.21247600 -0.58882600
v 14.82516500 -28.12478500 -2.43203200
v -15.51069700 -29.16888700 2.44557100
v -14.94337200 -20.89369000 -0.97640200
v -7.91394300 -33.03714400 0.61176300
v -7.88156700 -33.04785500 -0.57835600
v -5.33458600 -35.21434500 -1.92219300
v -14.84273300 -21.07391700 0.71298200
v -15.38160100 -21.11398100 -1.67472600
v -15.37844800 -21.04636800 1.66838800
v -9.94169900 -31.41259700 0.24654900
v -1.29948300 -35.36958400 -0.92207600
v 17.27946900 -27.14469900 -2.15749100
v -11.47988300 -34.04629600 -2.44817400
v -5.86181500 -38.55058300 -1.80615700
v 5.86168700 -38.56539400 1.79260700
v -4.97564000 -34.78040700 1.31275400
v -12.84431500 -27.98571600 -0.75422600
v -17.69402200 -21.24312200 2.45738700
v -8.52296400 -33.46852300 -1.80329400
v -8.54772900 -33.46707700 1.81512600
v -5.09323300 -34.76114300 -1.34612400
v -16.62210300 -25.58388600 2.49650300
v -13.11571500 -31.09784000 -2.46975000
v 2.15880800 -35.22075100 -0.79030800
v -0.00114700 -36.49434500 2.16178900
v 14.52188200 -29.80123200 -2.49999500
v 15.51678000 -29.95986500 -2.32335800
v -4.44468300 -34.61194700 -0.47399700
v -13.77300800 -34.06145500 1.38849300
v 13.79304800 -34.05370100 -1.37515100
v -14.81816700 -22.00942200 -0.83859800
v -12.61291300 -28.15926300 -0.17808600
v -15.84819600 -30.28513600 -2.08749500
v -9.99540600 -32.96583900 -2.15237500
v -14.93814400 -25.37165100 1.97128000
v -11.81971800 -36.24270300 0.56207100
v 11.82857400 -36.23558500 -0.56368100
v -9.73944900 -32.75048400 1.92117000
v -10.22728700 -36.85239400 -1.44899700
v 10.23892900 -36.83989600 1.45518700
v -13.81258000 -33.10352300 -2.03756500
v 7.76083700 -35.55591500 2.48051200
v 13.88437100 -33.05779900 2.02145900
v 13.87821800 -25.50407100 0.11867500
v -3.04915300 -35.78560500 -1.86644800
v -13.14324300 -32.14015200 -2.48111500
v -19.52765400 -23.15117100 0.46274200
v 19.52903900 -23.14335800 -0.46102400
v -15.10391400 -22.21876900 1.43290500
v 15.19302500 -25.79222200 2.21373300
v 17.24086600 -27.39891600 2.12315100
v -5.36073100 -39.39473500 -0.73185200
v -6.77019600 -36.63457100 -2.48772600
v 5.36610700 -39.39541100 0.72489700
v -1.14594900 -35.93053900 -1.75851800
v -17.20972000 -27.43039300 -2.13373500
v 15.29053800 -21.12685300 1.56865500
v 11.71794500 -30.23078000 1.47499900
v 16.51778200 -29.33440400 2.01345300
v -14.27540300 -30.64327600 2.48622400
v -14.88766000 -33.38265200 0.55467800
v -2.72283500 -35.02115000 -0.34716200
v 14.80071900 -27.34237500 -2.31484400
v 14.62971000 -26.58875000 -2.06864200
v -17.45141900 -25.78641600 2.29797600
v -12.20102400 -29.42584600 -1.30461000
v -1.15503100 -36.61216000 2.24671000
v -15.04353900 -21.96204600 -1.29972800
v 5.28422500 -34.36492900 0.65660100
v 5.13372100 -35.11245200 1.77353700
v -9.95513500 -32.28950600 -1.71436400
v 11.60924700 -30.29764500 -1.41802200
v -12.09675400 -29.47642500 1.21203000
v -9.83036600 -32.21185500 1.55270900
v 15.95350900 -21.05302400 2.14333000
v -14.96020800 -32.59836000 -1.51322400
v 14.77643600 -21.18793900 -0.45870000
v 14.88484000 -33.38619600 -0.55385300
v 13.03670500 -30.49601500 2.36096500
v 16.18282500 -30.79310600 1.59033900
v -16.23535200 -30.77402700 -1.54800900
v -15.28590200 -25.12397800 -2.14744600
v 12.32470600 -28.61133000 -0.14811000
v -10.72771900 -31.86691900 1.90393500
v 13.02024500 -30.49950600 -2.35713000
v -15.77096800 -25.42748700 2.39190500
v -6.59505000 -34.71601900 1.93848700
v 17.52374100 -25.66569100 -2.28278500
v 14.73394000 -21.19948400 -0.05171300
v 1.46531500 -38.89743900 2.19004200
v -12.93165100 -30.12777900 2.23110200
v 13.23813800 -27.54565400 -1.08208900
v 10.12883900 -32.98437600 2.20745000
v -7.81341100 -33.19748100 0.87707800
v -15.60901000 -21.13017900 1.89703100
v 12.63641700 -28.68121800 -1.19411000
v -14.72467400 -21.75805700 -0.37523000
v 15.36668100 -20.91239800 -1.65042900
v 12.99895600 -28.42228800 -1.46311500
v -17.15333400 -21.12133000 -2.49854000
v 0.85396300 -40.21919900 -0.24787500
v -0.85446100 -40.21934900 0.24614400
v -12.93847900 -29.74990300 -2.10728000
v -6.82079100 -33.68295400 0.67539700
v 4.99174200 -37.06612600 2.49946200
v -18.55658000 -20.94614200 -2.12809900
v 16.20436000 -21.09304100 2.27578700
v -5.17737500 -34.93023400 -1.60221800
v -17.25000000 -12.75000000 0.00000000
v -14.81543600 -6.25670600 -0.02993500
v -14.91466800 -6.53895700 -0.10762100
v -15.00536100 -6.70672100 0.22936600
v -15.15734900 -6.95650800 -0.10122500
v -18.52313000 -7.39918300 -1.02019200
v -19.59629700 -6.05657900 0.79199900
v -19.63678400 -6.09472300 -0.63599800
v -18.24153600 -7.65228100 -0.51546200
v -19.69378700 -6.07484600 0.38187000
v -19.69670500 -6.07877700 -0.35823500
v -17.88257600 -6.14290800 2.37833900
v -17.97140000 -6.07591200 -2.36572000
v -17.13796700 -6.32841000 2.41193400
v -17.02626800 -6.45557300 -2.36083000
v -17.65345100 -6.68055600 -2.23419400
v -16.85432600 -6.85945100 -2.12758700
v -16.70541200 -6.89391200 2.07013400
v -16.30213500 -7.15359200 -1.67518300
v -16.10545300 -7.08656200 1.62524800
v -15.78039100 -7.26124400 -1.05660200
v -17.35507900 -7.11514400 1.95882100
v -16.33426200 -7.43986700 1.27495600
v -15.02476800 -6.05000900 -1.08890200
v -14.93853400 -6.30873300 0.71785200
v -15.04425600 -6.35424000 -0.96235400
v -18.86865500 -6.49057700 -1.71445000
v -19.39306500 -6.61544300 0.84340800
v -15.30921900 -6.14271900 1.51334200
v -19.44027500 -6.25619600 1.06364500
v -15.03487300 -6.61227300 0.63582300
v -15.13693400 -6.44535400 1.08474100
v -19.51494800 -6.10965900 -0.97880000
v -15.02498900 -6.61679200 -0.59195200
v -15.27014600 -6.60367900 -1.18746200
v -19.18126100 -6.87670400 0.95036900
v -18.97938000 -6.87650400 -1.28171900
v -19.07314900 -7.17235000 0.55594900
v -15.29911000 -6.78833800 1.03693100
v -15.31501100 -6.96620800 -0.78381700
v -15.65339200 -7.19280100 1.00210000
v -15.57844700 -7.34091200 -0.37004400
v -18.63249100 -6.11179600 2.04323900
v -15.84686000 -6.01561900 2.04766400
v -18.74190900 -7.43762700 0.49939400
v -19.13031700 -6.13132800 1.59132300
v -15.30965200 -5.97165300 -1.55679100
v -15.70222100 -6.06034700 -1.93231500
v -18.24028800 -6.43093500 -2.16475700
v -16.48996900 -6.09985700 2.34928000
v -16.51423200 -6.50891600 2.23228800
v -18.38815800 -6.49488800 2.06297000
v -16.41240600 -6.16205000 -2.30992300
v -19.20055800 -6.52024700 1.30298700
v -15.28938000 -6.25430200 -1.44465400
v -14.79877900 -6.07508800 0.33050500
v -17.62776900 -7.06058400 -1.97494600
v -18.88414800 -6.41402600 1.73930400
v -18.38988900 -6.86405900 -1.83589500
v -15.87500300 -6.34416200 1.97890400
v -18.63046200 -6.09958800 -2.04727200
v -18.06923800 -6.90320900 1.97053400
v -14.95775400 -6.04157800 0.94298500
v -15.67172800 -6.89365200 -1.44632900
v -14.88176200 -6.41796800 0.28359100
v -14.77254200 -6.00911700 -0.16794400
v -18.87338600 -7.15727900 1.02727700
v -15.99759800 -6.72188000 1.86679500
v -18.64669900 -7.13222200 -1.35432300
v -19.17274900 -6.11629100 -1.54435700
v -19.32224200 -6.92465700 0.44123600
v -15.75681700 -6.48136300 -1.82947900
v -19.23099500 -6.99227700 -0.59144800
v -14.85998400 -6.22416100 -0.50594100
v -19.56729000 -6.46669600 0.48341700
v -15.64825500 -6.88092600 1.43351500
v -19.56915000 -6.44817000 -0.50821800
v -15.61290800 -7.37887500 0.27784900
v -18.78256500 -7.41641600 -0.47981600
v -18.16723700 -7.26114600 -1.56052700
v -15.21664000 -6.95787600 0.50054600
v -17.68010300 -6.56017700 2.28848900
v -17.25649000 -6.08769400 -2.47127600
v -17.64292100 -6.34718100 -2.37650000
v -17.20011900 -6.01146900 2.48233400
v -15.05423200 -6.23446600 1.06505000
v -19.31886400 -6.51330400 -1.11165700
v -17.07688300 -6.62836400 2.29026300
v -18.81764300 -6.79734100 1.54900400
v -16.84780700 -7.43691600 -1.52215200
v -18.50075700 -7.12698700 1.49666200
v -15.47932300 -6.55844600 1.51341900
v -18.44472800 -7.40559900 1.09711700
v -17.24907000 -7.41379500 1.60985800
v -18.21575300 -7.65616100 0.53787400
v -16.71943100 -7.25326300 1.74007500
v -16.11612500 -7.56867100 0.69920600
v -16.10413400 -7.64257000 -0.04287300
v -17.77167200 -7.57990000 1.19852400
v -16.92168300 -7.63395700 1.12439400
v -16.12833200 -7.57534000 -0.69093400
v -16.13856200 -7.63675200 0.34397700
v -17.92472200 -7.56711800 -1.15254000
v -16.40436600 -6.55658900 -2.17128000
v -16.14841900 -6.79817900 -1.90818400
v -16.48490900 -7.64319000 0.85165500
v -17.38316300 -6.82677700 2.18133300
v -18.89313000 -7.18091900 -0.94863200
v -17.95526500 -7.28360200 1.63842500
v -17.01626600 -7.19603700 -1.86708300
v -16.77283300 -7.65272100 -1.00902300
v -17.32636600 -7.60772300 -1.23850300
v -16.78495100 -7.45230400 1.47842200
v -16.30278100 -7.44467400 -1.24216100
v -17.51168400 -7.38108600 -1.63660300
v -19.46328800 -2.90793500 1.16247900
v -19.10431600 -2.95186300 1.67675600
v -18.69949100 -2.91714800 2.03690400
v -18.16471500 -2.99056400 2.32664900
v -17.52180400 -2.90484700 2.48518100
v -16.14737000 -2.90926400 2.24370400
v -15.58602300 -2.97758900 1.86579300
v -15.14829300 -2.86609900 1.35382000
v -14.86107200 -2.86384900 0.73690000
v -14.87025700 -2.90080500 -0.76604400
v -15.16366600 -2.99516100 -1.37739200
v -15.61135800 -2.91183500 -1.88808200
v -16.21734100 -2.97435300 -2.27675500
v -16.89496700 -2.84023500 -2.47466200
v -18.41443400 -2.84955200 -2.21226000
v -18.97750200 -2.82137500 -1.80713500
v -19.42779600 -2.87433300 -1.22768200
v -19.66691100 -3.07456700 0.63917300
v -16.79945500 -3.01180600 2.45906700
v -14.75041900 -2.90864200 -0.04577600
v -17.67168000 -2.86419500 -2.46418100
v -19.65858600 -2.68657900 -0.66986000
v -19.67688300 -4.89928500 0.60020100
v -19.71004700 -4.92848800 -0.44516200
v -19.67395500 -0.84596000 -0.61191800
v -19.70578700 -0.83827900 0.46809100
v -19.72824800 -5.35763400 0.32907200
v -19.73315400 -5.36493400 -0.28973400
v -19.72784800 -0.39117800 -0.33206500
v -19.73247200 -0.38925700 0.29552500
v -19.56134800 -4.37122700 0.95271700
v -19.32055500 -4.26117300 1.40100100
v -18.94990000 -4.10749900 1.83312300
v -18.55229400 -3.91676900 2.13401700
v -18.20792400 -4.26173300 2.30919500
v -17.66735300 -4.18521700 2.46491700
v -16.95572300 -4.30067500 2.48262000
v -16.36076900 -4.24711000 2.33650800
v -15.89977100 -4.02788800 2.10401600
v -15.54928100 -4.35160900 1.83236300
v -15.18013100 -4.19398400 1.40201400
v -14.86202400 -4.28016500 0.73998100
v -14.75114400 -4.31802100 0.07563600
v -14.80721800 -4.24296000 -0.53180400
v -14.96911000 -4.02483600 -1.02349500
v -15.18589300 -4.35441700 -1.41048300
v -15.54999300 -4.20185300 -1.83302400
v -16.12984700 -4.26570600 -2.23500700
v -16.78986800 -4.15487400 -2.45729100
v -17.50663700 -4.22550200 -2.48679300
v -18.46902600 -4.24980500 -2.18265300
v -17.99889900 -4.12308600 -2.38519400
v -18.90220400 -4.33015700 -1.87622600
v -19.19232400 -4.02601500 -1.57396900
v -19.44270000 -4.32611200 -1.20086100
v -19.54920000 -1.36595200 -0.98167100
v -19.29280600 -1.45626100 -1.44116100
v -18.63385100 -1.33889500 -2.08205600
v -18.95982200 -1.56518800 -1.82387200
v -18.18283400 -1.48156100 -2.31944400
v -17.21935800 -1.35296800 -2.49981200
v -17.65932000 -1.69337900 -2.46626400
v -16.67353900 -1.41527500 -2.43263100
v -16.04420600 -1.45187600 -2.18999100
v -15.48994900 -1.47904200 -1.77544900
v -15.07236900 -1.51080500 -1.22797600
v -14.82497000 -1.57401300 -0.60764400
v -14.78048500 -1.37971500 0.38922400
v -14.75043500 -1.74487500 -0.04661200
v -14.92520000 -1.42647300 0.91940400
v -15.25122200 -1.45404300 1.50162800
v -15.72914700 -1.48536600 1.98418900
v -16.30352000 -1.53188700 2.31390900
v -17.22475600 -1.36342000 2.49987300
v -16.81222100 -1.62116600 2.46137200
v -17.74611400 -1.46954000 2.45028000
v -18.34680300 -1.57016700 2.24655800
v -18.85115900 -1.72597000 1.91997100
v -19.43223600 -1.56773500 1.21977300
v -19.21628500 -1.92808300 1.54393100
v -19.70047800 -4.04954900 0.49513400
v -19.66530700 -4.15852000 -0.64520900
v -19.69685900 -1.69622000 -0.51272100
v -19.66124000 -1.63955700 0.66024300
v -19.71391400 -3.45223800 0.42323500
v -19.71062000 -2.29761700 -0.44198300
v -19.41292700 -4.97795100 1.25369300
v -19.39582500 -0.75724600 -1.28274500
v -19.01593500 -4.88021400 1.76959700
v -18.94405200 -0.83393100 -1.83852900
v -18.57749600 -4.54914100 2.11843200
v -18.04497500 -4.95238400 2.37023500
v -17.27875200 -4.99434400 2.49983500
v -16.50116100 -5.02783800 2.38521300
v -15.87796200 -4.81668100 2.08985900
v -15.35713600 -4.97625200 1.63311600
v -14.98335200 -4.99526700 1.05466000
v -14.77757000 -5.02122100 0.37025300
v -14.78185200 -5.03388600 -0.39779900
v -14.98226500 -4.81723500 -1.05232000
v -15.35677000 -4.97677500 -1.63269200
v -15.86728600 -4.98714100 -2.08281100
v -16.50497300 -4.97850600 -2.38640600
v -17.22797000 -4.96330500 -2.49990300
v -18.06458400 -4.92093000 -2.36356800
v -18.75520000 -4.96039100 -1.99609000
v -19.20868700 -4.80911000 -1.55355900
v -18.35017800 -0.75804100 -2.24490700
v -17.65862300 -0.85149400 -2.46637900
v -16.93355800 -0.72857600 -2.47989200
v -16.27659000 -0.72249200 -2.30271000
v -15.68037900 -0.73465300 -1.94583900
v -15.20184700 -0.75296700 -1.43355100
v -14.88227000 -0.78890500 -0.80240700
v -14.75071800 -0.88150200 -0.05991800
v -14.84022600 -0.74125400 0.66557300
v -15.10859400 -0.72810700 1.29010800
v -15.54388200 -0.74053500 1.82733700
v -16.11739100 -0.77120900 2.22872100
v -16.81636700 -0.85602700 2.46210500
v -17.53034400 -0.75185900 2.48423200
v -18.17417200 -0.78735900 2.32290900
v -18.75937700 -0.91073700 1.99293300
v -19.18025000 -1.26348800 1.58875300
v -19.54139500 -4.95370500 -0.99975600
v -19.49165200 -0.84468700 1.10679500
v -19.55983000 -3.66838800 0.95639300
v -19.54189800 -2.07401800 -0.99860100
v -19.23977400 -3.56213500 1.51353900
v -19.17859600 -2.14114100 -1.59075900
v -19.48143400 -2.16319100 1.12725400
v -19.46579000 -3.68316100 -1.15770200
v -18.85783400 -3.47608300 1.91438500
v -18.14904100 -3.70555600 2.33275100
v -18.51055900 -2.30191600 2.15893300
v -17.23624700 -3.60434000 2.49996200
v -17.93064600 -2.22597500 2.40556100
v -16.72248800 -3.74563500 2.44371200
v -17.22193000 -2.11892700 2.49984200
v -16.52221200 -2.23584400 2.39172000
v -15.53882900 -3.74347400 1.82260600
v -15.92520100 -2.22210200 2.12012000
v -14.97797900 -3.54601300 1.04303400
v -15.40858100 -2.19274000 1.69091000
v -14.78364000 -3.60666900 0.40874300
v -15.02002000 -2.15129700 1.13012700
v -14.75395200 -3.72335800 -0.14050700
v -14.79019800 -2.10462100 0.44651300
v -14.78605600 -2.27198700 -0.42306100
v -15.19410000 -3.75140400 -1.42241900
v -14.96595900 -2.24610200 -1.01644400
v -15.86196400 -3.58788500 -2.07926800
v -15.31855200 -2.22384300 -1.58729600
v -16.32576800 -3.68391700 -2.32288500
v -15.82777100 -2.20010300 -2.05603100
v -17.21054400 -3.53033000 -2.49968900
v -16.45546900 -2.15964700 -2.37038400
v -17.72111100 -3.66037600 -2.45521000
v -17.17160900 -2.07601000 -2.49877100
v -18.05025900 -2.19178900 -2.36845600
v -18.65465600 -2.05564300 -2.06807700
v -19.67461300 -2.46941700 0.60930400
v -19.66946400 -3.31189100 -0.62943800
v -19.26418300 -2.46657400 1.48090100
v -19.19696700 -3.40206000 -1.56822100
v -18.96008100 -2.38192600 1.82362900
v -18.49542300 -3.40122400 2.16770000
v -17.75333800 -3.47810500 2.44880600
v -16.28955200 -3.56435300 2.30814600
v -15.87835400 -3.44451400 2.09011600
v -15.26203900 -3.46543200 1.51591900
v -14.75005900 -2.25753100 -0.01714400
v -14.82319300 -3.54052200 -0.60050800
v -14.98062900 -3.44254600 -1.04878800
v -15.45521500 -3.48962800 -1.74032900
v -16.68108800 -3.43674200 -2.43440700
v -17.64115300 -2.20634300 -2.46921000
v -18.19327800 -3.55873800 -2.31521600
v -18.79071300 -3.60538600 -1.96880700
v -19.54663300 -5.34430900 0.98766100
v -19.54208700 -0.40080200 -0.99816700
v -17.98346200 -0.40238400 -2.38998600
v -14.78156600 -0.41760200 -0.39602200
v -16.50182500 -0.40680900 2.38542100
v -18.54029400 -0.42452400 2.14129400
v -19.16489700 -0.39779400 -1.60722500
v -14.91270300 -5.33778000 -0.88715500
v -16.03635400 -5.33613000 2.18564900
v -19.18615200 -5.33954100 1.58155500
v -17.27329300 -0.39501800 -2.49989100
v -14.77200500 -0.40568900 0.33096800
v -17.21127600 -0.40197100 2.49970000
v -15.33383900 -0.36716000 1.60571700
v -15.39152300 -0.37190500 -1.67214300
v -16.57230100 -0.36276700 -2.40639200
v -14.96435700 -0.36734000 1.01283500
v -17.90611500 -0.38480400 2.41236700
v -15.93204500 -0.36428600 -2.12438100
v -18.51404600 -5.34533000 -2.15689300
v -19.06928700 -5.31737500 -1.71469900
v -18.63185200 -0.39799300 -2.08338300
v -15.85718700 -0.37793600 2.07607200
v -14.99731300 -0.38546800 -1.08415900
v -19.16278800 -0.60378200 1.60973300
v -18.58226100 -5.17634800 2.11543900
v -2.91092300 18.23439700 2.18473900
v 2.87553900 18.24837600 -2.18012200
v -1.99578100 17.02169500 -2.49750300
v 0.54276000 16.83474400 2.46672900
v -0.58558200 15.97297700 -2.15557500
v -1.05161100 16.10123700 2.23785200
v -1.31504600 15.81521500 -2.08447400
v 0.44006600 15.57096400 1.85786900
v 0.44834800 15.43869300 -1.72994300
v 1.04005100 15.24275500 1.53687600
v 1.07388700 15.24856100 -1.54725300
v -0.29909600 14.90685100 0.87960400
v -0.28442700 15.04645600 -1.18584700
v -8.79033000 16.47117400 -2.05756100
v 8.84534900 16.47327000 2.03808500
v -12.77875700 13.72482400 1.99789900
v 12.81026600 13.72559100 -1.98112300
v -13.22162700 13.75334100 1.70552700
v 13.24236400 13.75571500 -1.68812200
v -13.96397400 12.94542000 -1.74377200
v 13.93043700 13.02104100 1.71562100
v -15.25350800 12.01180200 1.24963400
v -15.19000700 12.03333900 -1.31082000
v 15.25596600 12.01934000 -1.23813600
v 15.17579300 12.05224900 1.30982000
v -16.01283600 11.09788200 1.12483100
v -16.02434200 11.06817900 -1.13947500
v 16.01450300 11.09927600 -1.12052600
v 16.01702300 11.07204300 1.14691400
v -16.37719700 10.41009500 -1.26601400
v 16.36988500 10.40748700 1.27881800
v -16.86337600 9.44323600 1.39083900
v -16.68470900 9.74293600 -1.40021700
v 16.87488000 9.41908300 -1.39344300
v 16.67770300 9.72978100 1.41879500
v -16.80050700 9.94503600 1.04015700
v -16.77549500 10.04986100 -0.96682200
v 16.80734400 9.93338600 -1.04025900
v 16.77347200 10.04404500 0.97801100
v -17.18809300 9.21653800 1.08307700
v -17.09831300 9.34408400 -1.12021800
v 17.20008500 9.19549400 -1.08174700
v 17.09824900 9.33004800 1.13365000
v -18.05938700 7.42900500 1.03054500
v -18.03404100 7.43924500 -1.07267600
v 18.07746100 7.40770600 -1.01125300
v 18.04194100 7.42016800 1.07259400
v -18.33860900 7.00489000 0.76237400
v -18.32640800 7.01350800 -0.78788300
v 18.34917200 6.99303500 -0.74452100
v 18.33223800 6.99958500 0.78645200
v -18.32494000 7.28944900 0.37609200
v -18.31952400 7.29710100 -0.39028900
v 18.32880300 7.28296300 -0.36816300
v 18.32210900 7.29064200 0.39021100
v -19.13080700 4.72047900 0.47435000
v -19.12817500 4.72559600 -0.48117500
v 19.13264400 4.72373400 -0.46088800
v 19.13113800 4.71699300 0.47699800
v -19.72779300 0.40886600 0.29921100
v -19.72771100 0.40923200 -0.29983400
v 19.72785000 0.40936900 -0.29865800
v 19.72778100 0.40912700 0.29926800
v -14.49534800 10.58056200 2.40112700
v 14.52150900 10.67546500 -2.37739100
v 10.85051000 14.08760000 2.44277300
v -12.96385400 11.11313300 -2.49388300
v 12.94793200 11.25765900 2.49829300
v -10.74816600 13.45331000 2.49981500
v 10.75568800 13.33879000 -2.49735300
v -11.41221700 11.94921100 2.39207700
v -10.93680300 12.65939900 -2.44520200
v -11.67997300 12.18228700 -2.47200300
v 12.27532300 10.50271500 -2.24753600
v 12.52842400 10.58202400 2.35085000
v -11.72043200 10.92314500 2.17725000
v -12.29131500 10.57107700 -2.27425700
v 11.06476400 12.07692400 -2.34347200
v 11.17240300 12.15807200 2.38854300
v -9.93567000 12.06866000 1.90609000
v 11.14595700 11.46449300 -2.15901900
v 11.21029400 11.46968100 2.18668100
v -11.60308400 10.28825300 1.79258800
v -11.59141900 10.29429300 -1.78799200
v 11.83378700 10.29404800 -1.94921700
v 11.77160900 10.36964000 1.95162800
v -10.20921200 11.69296400 -1.80730300
v 9.90569300 11.78793000 -1.67858500
v 9.99272200 11.72673100 1.68901200
v 11.38197100 10.14861500 -1.49917500
v 11.43122600 10.19309700 1.58387800
v -11.12600900 10.10823700 1.15368700
v -11.19877300 10.16791000 -1.31873100
v 10.08703100 11.29726500 -1.34897000
v 10.18210200 11.24603400 1.38790700
v -9.34686700 11.41448700 -0.12479400
v -10.39233900 10.46880000 -0.07588400
v -14.38490600 10.80282500 -2.38808700
v 14.39709300 10.73389500 2.39762700
v -6.68354600 18.13688800 -1.38819500
v 6.67291700 18.13931000 1.39029000
v -8.23955500 17.25821400 -1.65446500
v 5.35855000 18.39273100 -1.61609500
v 8.25429100 17.26324700 1.64204200
v -5.41410900 18.38768000 1.60329700
v 7.80426900 17.86365600 -1.10198700
v -7.81839500 17.86145400 1.09453900
v -8.15825300 17.59061000 -1.29181800
v 8.50392500 17.50824200 -1.16073100
v 8.16450800 17.59402800 1.28227200
v -8.51231800 17.50712500 1.15563500
v -16.72897500 7.15780900 -2.31412300
v 16.77720300 7.12155900 2.30156600
v -9.96626300 16.82939700 -0.95836100
v 9.98057200 16.83147200 0.93618700
v -16.99366100 6.64189600 2.29323400
v -17.07615200 6.58393700 -2.26813700
v 17.18716100 6.52537400 -2.22790900
v 17.12549900 6.53886800 2.25402200
v -17.53463800 6.59207400 2.01276200
v -17.52894100 6.56310100 -2.02409800
v 17.63202500 6.54313300 -1.95600200
v 17.56292800 6.51952200 2.01194300
v -17.58929600 7.22737700 1.76926800
v -17.55968200 7.16871600 -1.81746900
v 17.64653800 7.16837500 -1.73810500
v 17.58221200 7.13136600 1.81103100
v -17.94330200 6.62256700 1.65196700
v -17.91875800 6.61131600 -1.68205300
v 17.99479300 6.59508900 -1.60677300
v 17.94003200 6.57622300 1.67337700
v -2.66691700 19.07658700 -1.48372500
v 2.62103600 19.08122700 1.48603000
v 5.63918500 17.51378500 2.22017600
v -5.66533800 17.54323600 -2.20113800
v -18.72160000 4.83739900 1.37719900
v -18.70504700 4.84891500 -1.39690300
v 18.74397600 4.85392700 -1.33728900
v 18.72132200 4.82016700 1.38410300
v -16.02096100 11.37919000 -0.69697000
v 16.02360000 11.37924000 -0.68941300
v 16.01720300 11.38258500 0.70073800
v -16.02260000 11.37914000 0.69245100
v -17.41449900 9.26057100 -0.36191600
v 17.43445300 9.22565200 -0.35316900
v 17.41589400 9.25685200 0.36541200
v -17.43085900 9.23196900 0.35471500
v -18.04963300 7.93908400 -0.39576000
v 18.06297100 7.91763200 -0.37269300
v 18.05209200 7.93298600 0.39702200
v -18.05858000 7.92551300 0.37832300
v -18.58157900 6.57923800 -0.43444600
v 18.58928600 6.56939500 -0.41123400
v 18.58460100 6.57146900 0.43298500
v -18.58562800 6.57406800 0.42241700
v -19.53845900 2.30969900 0.60974200
v -19.53624500 2.31670300 -0.61518200
v 19.53969900 2.31604300 -0.60182200
v 19.53824100 2.31331500 0.60891200
v 1.39882600 19.18100400 -1.52377900
v -1.37980100 19.20412000 1.49515400
v -19.64867300 1.65883100 0.39516200
v -19.64792800 1.66163100 -0.39831600
v 19.64898000 1.66177100 -0.39169100
v 19.64852700 1.66052900 0.39518100
v 4.30923100 17.35584800 2.41858400
v -4.55655100 17.35981100 -2.40062700
v -9.56943100 14.97585400 2.44485800
v 9.67369800 14.94934000 -2.43732800
v 7.77121700 15.41927500 2.49994300
v 7.23307800 15.21727500 2.46760200
v -5.33405700 16.46151500 2.49941300
v -15.35652800 6.92424200 -2.46704500
v 15.32342100 6.82392000 2.45430100
v -5.96163800 16.00460900 2.49413800
v 6.67964500 15.51430600 2.47411300
v -5.85895600 16.21524500 -2.49998500
v 5.90293800 15.83459300 -2.47524900
v -14.81802300 7.83477700 2.45186700
v -15.15899100 7.48347200 -2.47615600
v 15.18468400 6.80270600 -2.42414900
v -6.12890300 15.65459000 -2.46126000
v -14.92164900 7.05657400 -2.38675300
v 15.26548200 5.45578800 -2.27392600
v 15.20544200 5.54762600 2.26220600
v -5.43942800 15.86993900 -2.45470000
v -6.46781400 15.01941300 2.33347500
v -6.30927200 15.15348600 -2.35624700
v 14.92656700 6.19349600 -2.25011000
v 6.66944800 14.94250700 2.33749800
v 6.49833200 14.79262600 -2.24843300
v -14.67776100 6.74511600 -2.24667100
v -5.19706100 15.11856800 2.15743900
v 5.29396100 15.45792600 2.32823300
v -5.25910200 15.03740800 -2.12344000
v 5.36106300 15.04958400 -2.15099900
v -14.29715600 6.80069300 2.05907800
v -14.26049000 6.85792600 -2.05328100
v -5.93024400 14.79712200 2.13004800
v 6.19618000 14.54500400 2.04348300
v -6.07512100 14.64367400 -2.07382200
v 6.17913200 14.41096100 -1.94540700
v -14.33618100 5.81167700 -1.75481900
v 14.40816700 6.67409200 2.09046100
v -6.72826400 14.40900400 2.10575300
v 5.34076600 14.83438900 2.01227700
v -6.92381100 14.33795900 -2.11823700
v -14.09423200 6.37771000 1.75550300
v -6.08072500 14.30811900 1.82989200
v 14.34703600 6.34358300 -1.95107200
v 14.14444900 6.38635800 1.80414500
v -14.14238300 6.43098800 -1.81986500
v 13.83247000 6.51167200 -1.55004200
v 13.76859900 6.54799600 1.49509400
v -5.80542200 14.04538100 1.42787100
v 6.44657600 13.88816100 1.57856900
v -5.61727700 14.24960600 -1.58519000
v 6.46639400 13.91445500 -1.61730300
v 14.06461200 5.29132700 -1.14384300
v 14.04024200 5.37715300 1.15863700
v -4.49851800 14.51515300 1.42553700
v -4.87029200 14.51478300 -1.57693500
v -14.06574400 5.22577300 1.10024900
v -14.09920500 5.44074300 -1.29665800
v 13.78259600 5.98868800 -1.14467700
v 13.73369000 6.06233600 1.11456500
v 6.10735400 13.73036700 1.14457500
v 6.10382600 13.72933900 -1.13995500
v -13.33997300 6.58192900 0.78175500
v -13.39649200 6.50439300 -0.83070200
v -6.95290800 13.26904200 1.04814900
v -7.06466900 13.28928300 -1.18817800
v 13.44201300 6.28141500 -0.65469100
v 13.39959300 6.34590400 0.61298100
v 6.48330400 13.26600000 -0.27795200
v 6.48980200 13.26602600 0.30257200
v -6.17661000 13.39601600 -0.08361800
v -13.38795400 6.21105600 0.20646800
v -16.38002200 6.32641600 -2.48079400
v 16.44756500 6.26270300 2.47544400
v -13.50727700 5.99272100 -0.36631800
v 13.56588300 5.82183100 0.24816200
v -8.43889200 16.94349600 1.85252600
v 8.43059500 16.93705600 -1.86105800
v -15.10829000 10.32994700 2.26782000
v 15.10397800 10.40172200 -2.25025800
v -7.69224100 16.61577200 -2.26417700
v 7.70996000 16.62111300 2.25838000
v 16.85733800 4.86162800 -2.48260800
v -15.04900900 11.45107400 1.86905700
v -15.03746300 11.11085700 -2.03870000
v 15.05596700 11.47672000 -1.85012200
v 15.01881400 11.12116000 2.04496300
v 1.95094400 18.82306700 1.85689400
v -2.02919700 18.81052500 -1.86070900
v -3.20439300 19.42958700 -0.53514000
v 3.19211000 19.43103900 0.53769700
v 3.60386100 19.13257600 -1.15147200
v -3.62613400 19.13145200 1.14561200
v -11.97967900 13.99742700 -2.20724300
v 12.10099100 14.04063900 2.14403400
v -10.83205400 15.96623300 -1.43963100
v 10.86315900 15.98251500 1.39466400
v 4.61717300 19.08193500 -0.75714700
v -4.63613000 19.07882900 0.75257400
v -5.38177800 18.08447300 -1.90557000
v 5.34283200 18.07198000 1.92490800
v -5.96490100 18.68488100 -0.81363800
v 5.95466200 18.68694700 0.81695300
v -15.25119000 9.97302400 -2.30308900
v 15.22856700 10.00450800 2.30379000
v -11.89481400 13.89205500 2.27401500
v 11.93162800 13.88527900 -2.26532200
v -6.53285200 18.59521400 -0.44876700
v 6.75226000 18.51257500 -0.46937000
v 6.52904300 18.59645700 0.44925400
v -6.76107500 18.51011000 0.46565500
v -17.44021500 3.57695500 2.43801400
v 17.49135500 3.67508100 -2.42106100
v -6.29544900 17.38400200 2.17148400
v 6.21781100 17.36587300 -2.19565300
v -11.10380900 15.34071400 -1.84446800
v 11.15512400 15.37852900 1.78700800
v -11.51232000 15.54114000 -1.37084100
v 11.53921300 15.56051200 1.32142900
v -14.17711600 11.33483400 2.33188500
v 14.21738600 11.39186300 -2.30483900
v -17.86082000 3.90552000 2.27667700
v -17.77151400 3.84669400 -2.31935200
v 17.92283700 3.98480400 -2.23983600
v 17.83983100 3.78055000 2.29734200
v -11.85649300 15.22644900 1.43346000
v 11.86842800 15.22836500 -1.42073600
v -9.41519400 16.78565400 1.50547200
v 9.41747400 16.78488100 -1.50488700
v -9.61592900 16.29922800 1.85649100
v 9.62848900 16.29707900 -1.85239200
v -12.37026400 15.01983000 1.17225100
v 12.37925500 15.01994100 -1.16125400
v -13.58769900 14.13673500 0.83062200
v -13.43948400 14.26797200 -0.85049100
v 13.59244600 14.13657500 -0.82155700
v 13.43357700 14.28882400 0.81905100
v -8.72287900 17.66761600 -0.47923700
v 8.80677600 17.63698700 -0.42556300
v 8.72499100 17.66773400 0.47387800
v -8.80935200 17.63594100 0.42431400
v -12.80390000 14.85794500 -0.81411500
v 12.80519300 14.87191400 0.78014700
v 2.26091100 19.32291300 -1.17862000
v -2.25883500 19.33109000 1.16375900
v -17.28966000 7.84104600 1.80034000
v -17.22863200 7.72968400 -1.89282500
v 17.33639300 7.76465400 -1.78946600
v 17.25056600 7.68738600 1.89044200
v -16.93803400 8.99078000 -1.59351900
v 16.93396200 8.95934300 1.61540800
v 10.15193600 15.10046100 2.31420300
v -17.73613800 7.88700200 1.25752200
v -17.68558600 7.89803200 -1.32655900
v 17.76052500 7.85349000 -1.24243800
v 17.69459800 7.87317900 1.32957000
v -18.57025300 2.86564300 1.96932200
v -18.61651400 2.95324300 -1.92151700
v 18.59926200 2.90373400 -1.94184100
v 18.64667500 2.93105500 1.89929300
v -2.91092000 19.31750900 -1.01293700
v 2.88536300 19.31990900 1.01613100
v -0.43469900 18.95894000 1.82001900
v 0.43325200 18.91368300 -1.86161900
v -13.52939200 12.64515800 -2.15412400
v 13.44395300 12.78912400 2.13214000
v -13.11683100 14.72104400 -0.40481100
v 13.14595300 14.69582300 -0.40125700
v 13.11388400 14.72713500 0.38871400
v -13.14410100 14.69654100 0.40553500
v -18.92518100 3.27670500 1.55599700
v -18.92051600 3.30152200 -1.55643200
v 18.94353700 3.30364700 -1.52701900
v 18.93866800 3.28067900 1.53826900
v -9.48446100 16.29704700 -1.91592400
v 9.54375700 16.30947400 1.88112800
v 6.97233700 17.34048100 -2.04381900
v -7.01806200 17.35233200 2.02373800
v -11.87314300 15.73999000 -0.41118800
v 12.02144400 15.62151000 -0.43655900
v 11.87578200 15.74128800 0.39512300
v -12.01938800 15.62219100 0.44056800
v -18.56565400 5.97360000 1.08348800
v -18.55180300 5.98175100 -1.10543100
v 18.58276500 5.97019300 -1.05119300
v 18.56212800 5.96007800 1.09893500
v -17.88595100 7.26526400 1.42341000
v -17.85255300 7.25236800 -1.47375300
v 17.92044500 7.23036900 -1.39575700
v 17.86670500 7.22343300 1.47066800
v -4.01788200 18.40580100 -1.92985000
v 3.94957600 18.40705100 1.94066800
v 3.13813300 18.71465200 -1.80863200
v -3.17256300 18.71205400 1.80560900
v -19.31920000 1.99228700 1.23851200
v -19.31023500 2.00528100 -1.25171000
v 19.32540400 2.00552500 -1.22520900
v 19.31818000 2.00139900 1.23864900
v -0.15734000 19.47914300 -1.13052700
v 0.22587200 19.49068600 1.10610000
v -15.28642600 9.07353700 2.44393100
v 15.16103600 9.12029900 -2.46046400
v -0.79997100 19.60491000 -0.79201900
v 0.85730200 19.59914600 0.80194300
v -17.50678800 8.89032000 0.75014700
v -17.46573400 8.94869000 -0.78137800
v 17.51600500 8.87487800 -0.74621200
v 17.46840000 8.93835500 0.78844400
v -4.45120000 18.22698300 1.99046900
v 4.36579700 18.24124100 -1.99517400
v -18.85576700 5.26612000 0.91297400
v -18.84705100 5.27463800 -0.92837400
v 18.86556700 5.27028200 -0.88558600
v 18.85512100 5.25662300 0.92102600
v -19.53915100 1.49100200 0.86399400
v -19.53602200 1.49595000 -0.87140700
v 19.54119400 1.49741700 -0.85710700
v 19.53873300 1.49439800 0.86442500
v -18.97157100 1.56686700 1.74917500
v -18.94595700 1.56802400 -1.77477300
v 18.98305100 1.58446000 -1.73590800
v 18.96397400 1.57055900 1.75656500
v -16.77910700 10.33815200 -0.45488700
v 16.79660100 10.30367300 -0.47161400
v 16.77903400 10.33657900 0.45965000
v -16.79379800 10.30801800 0.47222000
v -13.73504300 11.37937300 -2.43022500
v 13.59671300 11.41407400 2.44897600
v -12.61356200 11.44236700 2.49032400
v 12.78031900 11.48765700 -2.49913900
v -19.29135300 3.96975000 0.51886500
v -19.28894500 3.97588000 -0.52412200
v 19.29289300 3.97554900 -0.50608000
v 19.29179500 3.96777600 0.51869800
v 0.94722300 19.51671300 -1.00366200
v -0.89103100 19.53858600 0.95865200
v -1.80151500 18.77775900 1.90920800
v 1.80947700 18.75442300 -1.92797500
v -18.73841100 5.95059600 0.66272100
v -18.73217700 5.95692500 -0.67718900
v 18.74473700 5.94806900 -0.64326300
v 18.73738900 5.94415000 0.67326500
v -18.95835400 5.42240700 0.39522400
v -18.95590800 5.42656700 -0.40269200
v 18.96024500 5.42257300 -0.38340100
v 18.95858200 5.41894800 0.39976700
v -19.49492300 0.74324400 1.07076300
v -19.49233500 0.74418800 -1.07612500
v 19.49670400 0.74746700 -1.06665700
v 19.49468500 0.74418200 1.07118700
v -19.17695500 3.63476700 1.05093100
v -19.17102100 3.64747600 -1.05836400
v 19.18489900 3.64974300 -1.02774600
v 19.17951100 3.63227800 1.04649800
v -13.56652000 11.00746400 -2.49026600
v 13.35500400 11.20464600 2.49331300
v -2.01560200 16.90371100 2.48971400
v 2.44201200 16.79030300 -2.48392600
v -7.73225000 16.04794800 -2.43564300
v 7.75815400 16.04368300 2.43391400
v -6.85755900 16.75937400 2.34812500
v 6.80290900 16.72034800 -2.36810300
v -1.49785800 17.32869600 2.49588900
v 1.70136300 17.29526700 -2.49668300
v -13.23350400 9.86122600 -2.38598300
v 9.23882800 13.53190500 -2.34558800
v -9.97156900 13.80186200 -2.49004700
v 9.96750700 13.84727400 2.49289100
v -2.12562200 16.49954400 2.42340300
v -9.19131800 14.23670900 2.48143800
v 9.39327000 14.04059200 -2.47437200
v -9.55490500 13.32498300 -2.34986300
v -9.79630700 12.77383700 -2.21864600
v 0.78993600 18.22208800 2.29597000
v -0.97242700 18.15035100 -2.32202900
v -3.32928600 16.35909700 -2.43748800
v 8.98789900 12.84769200 -1.94509900
v 8.90703600 12.71181800 1.80644700
v -2.63118300 16.10085800 -2.31834300
v 2.80163600 16.05787700 -2.31265000
v -8.62398800 12.87814900 1.78440500
v 3.22517800 15.43253200 -2.01185500
v 3.00726500 15.50368900 2.03129300
v 2.37066300 15.48260700 -1.93173300
v 2.19296700 15.56222700 1.97402600
v 2.25712800 15.82940500 -2.15897800
v 2.00557500 15.97676600 2.22091200
v -3.25067100 14.42115100 -0.40472900
v -12.33764200 9.00696100 1.53348900
v -12.61137500 8.69647700 -1.58799000
v 12.41707100 8.82193000 -1.47552800
v 12.48994700 8.86947500 1.58762700
v -2.16384900 14.94367000 1.27492600
v -2.07438000 14.96640000 -1.29156600
v 14.20309200 3.98315700 0.07231400
v 8.89602000 12.25851400 -1.35071700
v 8.97777000 12.22509600 1.38319600
v -2.24764200 15.63956700 2.03672000
v -2.30549300 15.25490100 -1.71195800
v -16.55498100 4.77651100 -2.49992200
v 16.94848500 4.81088800 2.47275900
v -3.35049700 15.05733000 1.70925400
v -8.78984400 12.18915000 1.14547600
v -8.81833500 12.05693800 -0.95023400
v 12.33662900 8.44335200 -0.97823200
v 12.38001800 8.47682300 1.09803800
v -12.26280900 8.61522900 1.06164600
v -12.35878500 8.50958700 -1.10016600
v -8.77478600 11.97221300 0.67746500
v -16.15741900 4.27628600 -2.44180600
v 8.60204300 12.03735000 -0.47236100
v 8.64520600 11.99866300 0.43853500
v 2.20914300 14.92206500 -1.24960000
v 2.27593700 14.94527200 1.30489900
v -10.60580000 14.15473900 -2.46146100
v 8.02675000 14.62757800 -2.43535700
v 13.82622800 9.84966500 -2.48492600
v -16.18486500 3.89796300 2.42634800
v -16.01209900 3.62452600 -2.35721200
v 16.22846400 3.83654300 -2.43316400
v 16.17548500 3.66997300 2.41037100
v -13.63077800 9.14266000 -2.35572100
v 15.91988500 2.54231500 2.23085700
v -6.55883000 13.26382400 0.48180800
v -6.58758300 13.29193000 -0.64565400
v -15.82912100 2.36926700 2.16820200
v -15.74271700 2.58105500 -2.13717800
v -12.03780000 12.79364600 2.47987000
v 12.14894200 12.76422600 -2.47222200
v 8.61528500 13.98045500 -2.35883900
v 8.73631700 13.79180200 2.32296200
v 15.56616600 4.16887600 -2.22737500
v 15.68211200 4.15167000 2.27902600
v -15.55063000 4.01325900 -2.19869300
v 13.37639400 8.90939800 -2.20500100
v 8.25335600 13.62111200 -2.12091500
v 8.29361900 13.64292200 2.14508000
v 15.30711800 3.57396900 -1.97622600
v 15.57150900 3.55458400 2.14869500
v -15.34155000 3.57531000 2.00198500
v -15.24150400 3.34568800 -1.88201400
v 4.71388100 16.75887700 2.49492500
v -4.90395800 16.87108100 -2.47951900
v -14.89920900 3.76783300 1.64590500
v 14.90295000 3.46186900 -1.56414100
v 15.03948100 3.47344700 1.71963300
v -14.67667500 3.60868500 1.29873500
v -14.75394100 3.51987800 -1.38394000
v -14.90523700 8.57615900 -2.49942600
v 14.82442900 8.50589600 2.49496000
v -2.88932400 14.47013800 0.16992000
v 3.68743800 15.93174300 -2.33350100
v 14.27391500 3.83443800 -0.38595400
v 14.30297300 3.83003500 0.53032800
v -8.19091900 15.34942200 2.49560600
v 8.17289500 15.19492900 -2.49999800
v -14.39747500 3.32381000 0.36073800
v -14.31565800 3.60981600 -0.26200500
v -4.20734000 15.87731100 2.36006000
v 3.66992800 14.29898800 -0.24902400
v -4.20493800 15.79293800 -2.32972400
v -3.47067800 15.84481400 2.27817300
v 8.85942000 14.31555100 2.46535000
v -7.36287500 12.78143700 -0.04967100
v -3.84506300 15.35202100 -2.05495400
v -14.15523000 10.08170100 2.49669700
v 14.21378300 10.20912000 -2.48744600
v 4.09767700 15.05330600 -1.87909200
v 3.87500100 15.11595300 1.88231100
v 3.58500200 16.14491300 2.39651200
v -17.05838500 2.52628500 2.49999400
v 17.22229000 2.56407500 -2.49473800
v 2.66525300 15.07923000 -1.58046800
v 2.49408400 15.20963300 1.69545800
v -13.81908000 8.22572500 2.21036000
v -17.17190100 3.52171800 -2.48434800
v 17.25218500 3.46040600 2.47596800
v -3.88606500 15.35005200 2.06054400
v -3.04033700 15.52026200 2.04731400
v -3.57274000 14.96339900 -1.66375600
v -15.54743400 8.46764500 2.45847200
v 15.40225700 8.33756500 -2.48600900
v -3.39285500 14.65691800 -1.17717000
v -7.37199100 13.84256600 1.94811400
v -7.70902100 13.88797500 -2.09388100
v -17.11779300 3.16227000 2.49503800
v 17.12778300 3.19646800 -2.49397200
v -0.17738300 18.58152000 2.11537200
v 0.13518500 18.49152600 -2.16965100
v 13.14496200 8.36726600 -1.86226700
v 13.32315400 8.41047600 2.00427300
v -2.76792600 17.74118500 2.39829800
v 2.74287500 17.78352400 -2.38678700
v 13.53550900 7.77430100 -1.88628000
v 13.64581900 7.66493200 1.92192300
v 3.51122900 14.81748300 -1.46996300
v 3.18677100 14.85646900 1.42287000
v -4.62676500 16.54376200 -2.49897900
v -12.71251100 8.08056100 1.21177600
v -12.80658400 7.85852300 -1.14083300
v 3.96755300 16.53171200 2.48758400
v -7.42708100 13.33740000 1.52097100
v -7.64249100 13.30905400 -1.62160600
v -12.46774000 8.04936600 0.66612500
v -12.49827500 7.95883000 -0.57580800
v -8.04676100 12.90479200 1.44233800
v -8.24920300 12.80065000 -1.47084200
v -15.48994800 7.76867600 2.49875500
v 15.38922900 7.52788800 -2.49720300
v -5.51575400 16.96660700 2.42922100
v 5.34514500 16.90001700 -2.45443000
v 1.65433900 17.58979300 2.46490600
v -1.87330400 17.55959600 -2.46627700
v -6.90059900 13.03726300 -0.06637000
v 7.99162100 12.46327700 -0.52329100
v 8.00490800 12.45389500 0.51993200
v -11.14990200 13.62956400 2.47405500
v 11.15840300 13.57506900 -2.47911300
v -13.83091000 12.57547900 2.04134600
v 13.86212800 12.59183000 -2.01680600
v -10.11446600 15.69621500 2.05563400
v 10.14104900 15.70279200 -2.04169000
v -13.75744700 11.89668700 -2.31741300
v 13.64327700 11.97557000 2.33098700
v -9.18024600 14.73772700 2.49744000
v 9.34414200 14.63806200 -2.49729700
v -13.26592300 13.36618200 -1.93589000
v 13.24823200 13.49926300 1.86562200
v 6.35181600 17.10978800 2.29095400
v -6.35255900 17.10312500 -2.29356000
v -8.36361100 16.22735900 2.28871200
v 8.36742600 16.20078700 -2.29819800
v -15.69275000 9.93900200 -2.11973300
v 15.66241900 9.95939100 2.12884400
v -16.85783600 6.08710200 -2.40766800
v 17.11466200 5.95521400 -2.34330700
v 16.93414700 6.03778200 2.39155700
v -16.00739700 9.60805400 2.05789400
v 15.99714100 9.59819400 -2.06739100
v -7.24767700 17.51948800 -1.82420800
v 7.24602200 17.52422400 1.82069200
v -17.09346600 5.14287700 2.42684000
v 17.24967900 5.31334400 -2.36872600
v -13.21446200 12.57572100 2.29476100
v 13.27180800 12.58939000 -2.27204000
v 2.01995600 19.52548200 -0.76621400
v -2.01193000 19.53084900 0.75204900
v -15.12397600 11.59816700 -1.72536600
v 15.10458700 11.61762500 1.72905600
v -3.75711200 19.36515400 -0.34375500
v 3.74964700 19.36631500 0.34577500
v -12.33168300 14.45494000 -1.78495200
v 12.37883700 14.51218000 1.70908400
v 4.06142200 17.90665900 2.23933800
v -4.17890700 17.90244300 -2.22816200
v -10.50510300 15.21740500 -2.17008800
v 10.57399900 15.29532100 2.10766600
v -15.90036800 10.88641200 1.47285800
v -15.95686100 10.70981200 -1.54207700
v 15.90167700 10.89170400 -1.46725900
v 15.94391100 10.71348500 1.55311900
v 6.78513300 17.83152200 -1.70453300
v -6.82546600 17.83271600 1.68775400
v -15.91474500 8.86518200 2.30527700
v 15.87174500 8.80531600 -2.33213200
v -9.34654100 17.00612700 -1.26673700
v 9.36596100 17.00983300 1.24503800
v -4.68184000 19.00557700 -0.92206100
v 4.66288400 19.00763200 0.92841100
v -17.52631700 2.06511600 2.46818600
v -17.42877600 1.66735300 -2.48661500
v 17.57673500 2.12371900 -2.45832600
v 17.63333000 1.73725300 2.45567100
v -5.02459700 17.84152400 2.14414700
v 4.91113900 17.84892800 -2.15794300
v -3.99848800 18.84360300 -1.48229300
v 3.95639400 18.84538900 1.49168000
v -16.05762400 7.40213900 2.46246300
v 16.03193100 7.16499600 -2.48068300
v -10.80237300 15.41949100 1.93995000
v 10.82382900 15.43066300 -1.92230300
v -9.89649400 15.30694800 2.30095900
v 9.94792500 15.31726700 -2.28505200
v 10.46818900 16.34038500 -1.26564100
v -10.46188300 16.33943200 1.27277600
v -4.46563800 19.20028300 -0.42991600
v 4.45721000 19.20174700 0.43266200
v 4.22232900 19.26449500 -0.37453300
v -4.23028100 19.26310600 0.37223300
v 3.10204200 19.42787700 -0.61186000
v -3.10859800 19.42811300 0.60681600
v -16.46989800 9.67436200 1.68034100
v 16.47635600 9.65314400 -1.68601400
v -16.85093600 8.05888500 2.05143100
v -16.80706600 7.76462900 -2.15694000
v 16.89443600 7.93631100 -2.06055700
v 16.84752500 7.71380100 2.14777000
v 11.01147600 16.19021500 -0.90619500
v -11.00708300 16.19008700 0.91279000
v 5.02445400 18.78933700 -1.18830100
v -5.05963500 18.78432200 1.18035200
v -12.92996200 14.42265600 -1.32499000
v 12.93779500 14.46155000 1.26863100
v -9.45109600 16.67662800 -1.60286700
v 9.48611500 16.68417900 1.57387500
v -8.08925500 17.85384900 -0.85040400
v 8.29758000 17.79190600 -0.76008900
v 8.09084200 17.85546500 0.84450100
v -8.30454000 17.79000000 0.75626900
v 8.77406000 17.12140600 -1.51498100
v -8.77940100 17.12274600 1.51020500
v -18.13385300 2.33333900 2.27644000
v -17.97416300 2.04302100 -2.35469100
v 18.17071500 2.37745800 -2.25679200
v 18.05062700 2.05330000 2.32573500
v -17.89362500 5.29654500 2.06371200
v -17.83899000 5.34386700 -2.08975000
v 17.97866200 5.33488600 -1.99738000
v 17.88128900 5.28544300 2.07387400
v -13.18091100 12.29448800 -2.37693000
v 12.91686400 12.49622300 2.39340500
v -13.58475100 13.78580600 1.34958400
v -13.61267100 13.70501700 -1.40678000
v 13.59649800 13.78765700 -1.33455300
v 13.60061900 13.76051400 1.36021600
v 3.73534300 18.88645400 -1.49693200
v -3.77155700 18.88327600 1.49164400
v -14.15923700 13.38408800 1.12259200
v -14.20142700 13.37110900 -1.07815800
v 14.16583100 13.38666000 -1.10944500
v 14.18726500 13.40238300 1.05450500
v -18.98873200 2.44892900 1.62947800
v -18.97129600 2.48849300 -1.64355100
v 19.00388200 2.47246700 -1.60823800
v 18.98978100 2.47832500 1.62384900
v -16.38248100 6.75178200 2.45556400
v 16.34672300 6.51697500 -2.47567400
v -12.28786800 15.35942900 -0.62788000
v 12.33871900 15.26812700 -0.76343800
v 12.29116300 15.36529000 0.60172900
v -12.33412900 15.26880000 0.77076200
v -12.19839800 14.23858400 2.00048600
v 12.22564200 14.23956100 -1.98650300
v -14.25764600 11.68235500 -2.20264400
v 14.19764500 11.71440500 2.21640100
v -14.40129500 12.80668400 1.47026400
v -14.33738200 12.94046000 -1.41119100
v 14.41107000 12.81472000 -1.45271600
v 14.31574000 12.98439200 1.39135300
v -18.64235900 2.15491200 1.98752500
v -18.52744600 2.24594600 -2.06233100
v 18.66482900 2.18496200 -1.96757800
v 18.56501100 2.24055700 2.03673700
v 6.73013600 17.39834000 2.06806300
v -6.73741600 17.39527200 -2.06822100
v -12.66378500 15.11913600 -0.37270800
v 12.58348100 15.17885600 -0.40769700
v 12.66288700 15.12290000 0.35705300
v -12.58146800 15.17964200 0.41178600
v -18.84076900 4.08405600 1.46146200
v -18.82836800 4.09213700 -1.47579500
v 18.86122600 4.10852000 -1.42585600
v 18.84617900 4.06505400 1.45969500
v -0.65868800 19.18746600 -1.56598200
v 0.65191300 19.20771700 1.54075200
v -15.64870000 11.73003600 0.96324100
v -15.63621800 11.72244800 -0.99734700
v 15.64969400 11.73329700 -0.95662600
v 15.62813300 11.73153300 0.99967800
v 0.32548500 18.87443800 1.89791400
v -0.36996000 18.82593000 -1.93777600
v -14.79726600 12.69141700 1.10123800
v -14.76612800 12.72563300 -1.10389300
v 14.80089000 12.69637900 -1.08896300
v 14.75155000 12.74998400 1.09393300
v -19.32832300 1.30731200 1.32100800
v -19.32008400 1.31050300 -1.33378200
v 19.33325600 1.31702700 -1.31200100
v 19.32695100 1.31031200 1.32287900
v -14.00965300 13.83134100 -0.55788000
v 14.02822200 13.85321600 -0.41364400
v 14.00208500 13.84408900 0.54202400
v -14.02686200 13.85347200 0.41831000
v 3.88904000 18.56273000 -1.81829800
v -3.94653100 18.55387300 1.81526600
v -5.96587200 18.23533200 -1.58121900
v 5.94486200 18.23430000 1.59036400
v -0.89301400 19.41444200 -1.21487000
v 0.91161600 19.41983000 1.20356800
v -15.79868200 9.18517500 -2.28033500
v 15.74369500 9.24391600 2.28827000
v 6.35114300 17.73102700 -1.93400400
v -6.40974000 17.73606100 1.91361200
v -14.63203800 13.16669300 -0.57081600
v 14.56903400 13.23559100 -0.57305500
v 14.62400200 13.17865500 0.56207700
v -14.56765700 13.23479400 0.57962100
v -16.82523100 9.07219100 1.66457700
v 16.84126700 9.03047900 -1.67086500
v 2.62307400 18.30992900 2.16687100
v -2.72251200 18.32035800 -2.15248100
v -9.00783000 15.95954100 -2.25652200
v 9.11312100 15.94783600 2.23609800
v 14.10390500 13.66751800 -0.73411500
v -14.10067100 13.66705900 0.74266100
v -15.24337400 12.33078900 0.83524500
v -15.22915900 12.33652700 -0.85594000
v 15.24446600 12.33381300 -0.82744300
v 15.22007600 12.34942600 0.85300500
v -1.13013700 17.86082900 2.41494800
v 1.23472000 17.77381100 -2.43493600
v -5.04339200 18.21181300 1.88057900
v 4.96551600 18.21875800 -1.89269400
v -18.25937500 6.68607700 1.19663300
v -18.23955000 6.68913200 -1.22830200
v 18.28332400 6.66974200 -1.16512500
v 18.25130700 6.66515000 1.22332800
v -10.69285800 14.69783800 -2.32221700
v 10.71159800 14.74774200 2.30106400
v 7.99887400 17.46198500 -1.55587800
v -8.01543400 17.46328900 1.54565200
v -0.73492000 16.81020100 -2.46382700
v 4.66697000 18.06149300 2.06804100
v -4.73707400 18.08167300 -2.04229100
v -15.26881100 11.64043400 1.56456900
v 15.27242000 11.65425700 -1.55044100
v -11.77521600 15.04884500 -1.67244700
v 11.81762800 15.08357600 1.61103000
v -7.75628200 17.16469900 1.93268900
v 7.73200800 17.15599100 -1.94725500
v -17.49600700 8.54087400 1.15080400
v -17.41552900 8.60760800 -1.22985700
v 17.51373900 8.51194600 -1.14446800
v 17.41974700 8.58644300 1.23969000
v -3.37004400 18.77477400 -1.70879400
v 3.31414800 18.77875700 1.71504500
v -1.48210200 19.47714300 -1.01776800
v 1.48372400 19.47774900 1.01613300
v -15.59683200 12.04066600 -0.47852000
v 15.59889700 12.04216600 -0.46524500
v 15.59297800 12.04557500 0.47877700
v -15.59869100 12.04137200 0.46865500
v -18.51813300 6.44508900 0.83152100
v -18.50765700 6.45167400 -0.85311500
v 18.52941800 6.43694100 -0.80853000
v 18.51471600 6.43554000 0.84935200
v -18.14395600 7.56241400 0.67593700
v -18.12883500 7.57713300 -0.70477200
v 18.15321800 7.54903800 -0.66367500
v 18.13355800 7.56528700 0.70547400
v -15.98087000 11.57116100 -0.31417900
v 15.98271800 11.56927100 -0.31110400
v 15.97927100 11.57306100 0.31560500
v -15.98237200 11.56942100 0.31263100
v -16.41194000 10.73206600 -0.82654700
v 16.41705800 10.70657200 -0.85360500
v 16.40884600 10.73202800 0.83396000
v -16.41412700 10.70999900 0.85520800
v -1.10037400 18.86546700 1.88033000
v 1.11241500 18.82628500 -1.91330300
v -17.85066400 8.12891600 0.81210800
v -17.82049000 8.15894600 -0.85446300
v 17.86275500 8.11032100 -0.80240700
v 17.82546100 8.14490500 0.85808300
v 2.28664600 19.03323600 -1.60100200
v -2.29053900 19.04461700 1.58678700
v -18.57590900 5.46776600 1.33469200
v -18.55772300 5.47929100 -1.35689800
v 18.60067500 5.47431700 -1.29324400
v 18.57328400 5.45060800 1.34627200
v -16.33612800 11.04601000 -0.38532000
v 16.34163000 11.03626000 -0.39104800
v 16.33501400 11.04682600 0.38829500
v -16.34049900 11.03760700 0.39220400
v -18.29388100 5.99352800 1.49910000
v -18.27098100 6.00223000 -1.52418900
v 18.33111200 5.98975900 -1.45232000
v 18.29002500 5.96938800 1.51389000
v -19.27681700 2.81617300 1.12724300
v -19.27021300 2.83379100 -1.13508400
v 19.28398600 2.83135800 -1.10865300
v 19.27856300 2.82357700 1.12168400
v -17.13376900 9.63808300 -0.66998100
v 17.17383900 9.56551900 -0.67169700
v 17.13475000 9.63210300 0.67740100
v -17.16757700 9.57598700 0.67303200
v -17.74174000 8.60256100 -0.40279600
v 17.76036700 8.57152500 -0.38233800
v 17.74395900 8.59698800 0.40544500
v -17.75578700 8.57973500 0.38590100
v 0.55747800 19.29189600 -1.43098200
v -0.52187100 19.31915200 1.39262200
v -3.73522700 18.23635600 2.09449100
v 3.66058600 18.25582000 -2.09171500
v -10.85212000 12.73007800 2.44487900
v 10.91440600 12.70905100 -2.44998600
v -19.68141200 0.92163600 0.48259200
v -19.68086000 0.92296400 -0.48506800
v 19.68175700 0.92363600 -0.48035600
v 19.68134100 0.92254200 0.48273300
v 1.65425600 19.43141200 -1.08620700
v -1.63465800 19.44476800 1.06170300
v 5.63721300 17.89796800 -1.98886000
v -5.71646100 17.89945800 1.96927300
v -19.42536200 3.19480100 0.56063900
v -19.42308000 3.20219600 -0.56518200
v 19.42677100 3.20162000 -0.54966900
v 19.42565200 3.19582800 0.55866800
v 0.19229100 16.43774700 2.36475600
v 10.93244800 10.26261700 -1.07862200
v 11.00182300 10.26861700 1.18633200
v -10.27487800 10.66345800 0.53624600
v -10.32187600 10.66994400 -0.68437700
v -16.22989900 7.04983200 -2.46009300
v -2.47285600 18.64636500 1.95386100
v 2.46048300 18.63952700 -1.96053800
v -0.06088700 15.68736000 -1.95154400
v -0.21678000 15.96685800 2.14646700
v -17.12255100 9.80673100 -0.29906200
v 17.13842200 9.77848400 -0.30104100
v 17.12330400 9.80463700 0.30225500
v -17.13590100 9.78272900 0.30174800
v -17.15243100 8.83982200 1.43615200
v 17.17207200 8.80203600 -1.43587400
v -19.15646900 0.73385400 1.60050000
v -19.15005100 0.72871200 -1.60839800
v 19.16096300 0.74099900 -1.59476500
v 19.15700400 0.73107400 1.59998600
v 0.87593800 19.06913200 -1.69328100
v -0.85980200 19.10248400 1.65718900
v 0.00447200 14.77599100 0.35956200
v -7.45302500 17.10177900 -2.06767200
v 7.45945300 17.10828500 2.06184700
v 0.36370100 19.64432400 -0.70787200
v -0.19797700 19.67690400 0.59607200
v 1.90189800 19.25739200 -1.35479000
v -1.89281100 19.27156900 1.33406700
v -0.41761700 16.40858000 -2.35604000
v 0.42823800 19.50213400 -1.07549900
v -0.34692400 19.52876500 1.02136100
v -11.59630400 14.69908200 -2.02023000
v 11.67114900 14.74318300 1.95861700
v -18.50790300 4.51035800 1.73539000
v -18.48138300 4.51787400 -1.75991900
v 18.54463900 4.54288100 -1.68922200
v 18.50900400 4.47833200 1.74209200
v -6.65815200 17.83633100 -1.74675500
v 6.64693800 17.83771200 1.74943900
v 0.04924900 19.19681300 1.56833400
v -0.03929400 19.16769800 -1.60383300
v -18.80165300 5.98539200 -0.30461600
v 18.80519300 5.98039300 -0.28907500
v 18.80368200 5.97969700 0.30292400
v -18.80359500 5.98205300 0.29770800
v -19.04209400 4.42793400 0.97946900
v -19.03471800 4.43687600 -0.99149000
v 19.05093000 4.43905900 -0.95291400
v 19.04334600 4.41896300 0.98137000
v 16.72396100 3.17133900 2.48958100
v 16.07351800 5.91519300 -2.49699200
v -1.26832200 14.71663700 0.32480600
v -1.17797700 14.78675000 -0.64109200
v -16.87889500 2.01256500 -2.48731300
v 16.80005300 2.42353900 2.48471400
v 1.91878300 14.63191800 -0.18950700
v -14.58543100 2.50543200 0.49281100
v 0.14139100 17.26952800 2.49991900
v 12.36465700 11.36955900 2.45868400
v -8.82504200 11.82092800 0.09494300
v -13.72752700 9.69885100 2.46063800
v 14.52922800 2.55862500 -0.11822200
v 14.53174100 2.67134900 0.35432200
v -10.67780800 12.05130000 2.22043100
v 0.16376100 16.80498600 -2.46021800
v -8.28591600 12.22217400 0.28333800
v -8.36965700 12.17471900 -0.34651000
v -4.94750300 17.38052200 2.36135400
v 4.76417000 17.38152500 -2.37761700
v -12.39797800 11.56023800 -2.48210000
v 4.27300300 16.32791500 -2.47213500
v -1.48725100 16.69144500 -2.45102300
v 6.29697800 16.68060100 2.43188700
v -6.25994300 16.61339900 -2.44874300
v -3.30525700 17.14275600 2.49129100
v -15.46978200 5.37190800 -2.34222700
v 0.65989500 15.80185200 -2.04757600
v -12.83733800 10.49064700 -2.40816500
v -1.05465900 16.31006400 -2.33010600
v 0.64616500 16.04893200 2.19965900
v -15.70607300 5.57925700 2.43121600
v 10.53529800 11.44283200 -1.83685000
v 10.60214000 11.42470400 1.86593900
v -14.36931000 9.77288600 -2.49673400
v 14.28483200 10.16550800 2.48397000
v 15.78167100 5.29558900 2.42605300
v 15.78274100 5.35305100 -2.43079200
v -4.21475700 16.37520700 2.47662400
v -0.62413000 18.24444100 2.28904900
v 0.64059000 18.13005300 -2.33569400
v -11.82183400 10.64412800 -2.10904900
v -12.66258200 7.58260200 0.21539300
v -4.75157400 16.09384100 -2.45554100
v -9.14607800 15.25244100 -2.44219800
v 9.39458200 15.16062400 2.43048700
v -13.32642700 8.74320400 2.12840100
v -7.18918100 14.89137500 2.39585500
v -11.37559300 12.95028200 -2.49996600
v 11.53357000 12.64792800 2.49646200
v 12.43280400 9.83035100 -2.07097400
v 1.56261200 14.97931900 1.20687200
v 1.58312400 14.94634400 -1.14951700
v -0.66575300 15.11214800 1.31986600
v 5.17168500 15.63987200 -2.37611100
v 6.99481700 14.15842800 -2.03085100
v -10.94407000 9.88992300 -0.05929000
v 7.25147600 14.41627400 2.23873300
v 10.86794500 9.97609100 0.11052600
v -11.05262700 10.65845600 -1.63015300
v -11.06506100 10.51016600 1.51460100
v 2.16764200 17.91835500 2.36888400
v -2.42221000 17.89040300 -2.36731400
v -10.60556100 11.47134000 1.89788800
v -10.75468700 11.55773600 -2.02757000
v -3.67560500 14.67387400 1.32052500
v -14.87777100 5.57370900 -2.09612400
v -14.75783400 5.31227900 1.94942300
v -8.14754700 12.48637500 0.87857100
v -8.12631200 12.50972100 -0.89953900
v 14.02114200 4.90130600 -0.71061700
v 14.02146600 4.92232800 0.73464600
v 12.20805300 10.26346700 2.13489700
v -3.99459500 14.89613900 1.70588300
v -4.30677800 14.90684400 -1.80140000
v 12.91230200 8.18471900 1.54913400
v 12.84115200 8.14039300 -1.43660100
v -8.01466700 13.36976200 1.86754400
v -8.29963700 13.25359800 -1.91073800
v 9.72536500 13.44923800 -2.41324700
v -14.46065900 4.89765800 1.52310400
v -14.59003000 4.95702700 -1.69150000
v 13.97823300 8.77234700 2.38575200
v -13.81039600 8.96073100 2.37280800
v -0.53270100 16.51800500 2.39304900
v 13.02341700 6.95289400 0.25658000
v -8.52286000 14.49686000 -2.46214700
v 14.64422200 2.37821900 -0.65036400
v 14.68597100 2.39885700 0.79746200
v 14.43222200 5.18304800 1.60674300
v 14.43114900 5.01577400 -1.53657300
v 2.75279200 16.15184800 2.34549400
v -13.07046500 8.13946200 -1.67893800
v -12.96263100 8.39885100 1.73049200
v 12.30996000 8.18317000 -0.39701000
v 12.37734300 8.10508000 0.47201300
v 10.01342600 10.86401300 0.35144600
v -15.83897100 6.53646300 -2.49734000
v 15.90966700 6.54369300 2.49955500
v -8.25200600 15.81551600 2.42965100
v 8.26364900 15.76418500 -2.43901900
v -7.77612600 15.10234100 2.48609900
v -15.34077600 5.01802100 2.24037900
v 16.53539100 4.32244700 2.49493900
v 4.91086200 14.72024600 -1.80263500
v 4.62599000 14.79560200 1.78724000
v 15.46530300 4.78810300 2.26394500
v 1.15074000 14.70599000 -0.06869400
v 0.44446200 17.76142300 2.44596200
v -4.99211600 15.65440100 2.36208100
v -4.76489700 14.13927400 0.90760300
v -4.71279000 14.22395300 -1.05683600
v -4.98985300 15.55575000 -2.32711100
v 9.28439900 13.46800400 2.33548700
v -15.58439400 4.22982600 2.24411800
v 15.14971400 4.81140400 -2.10119800
v -4.57486500 14.95541600 1.91214000
v -4.86805600 14.86234100 -1.91195900
v -9.86078200 11.01289400 -0.40108200
v -9.16462500 12.28400100 1.59634600
v -12.00173400 12.91018300 -2.47139600
v -13.97985700 4.71967300 0.15893300
v 12.08818100 12.96478000 2.45427400
v -10.10969200 13.33851900 2.44676800
v -16.55057000 2.25834200 2.43963400
v 16.76746400 2.68515700 -2.48549700
v 3.50587600 14.48226600 -0.85452500
v 3.21271600 14.50703400 0.72857100
v 4.99632100 13.95263800 -0.58841800
v 4.71569500 14.06064400 0.62875200
v -12.48245800 10.70730700 2.36705700
v 1.00896600 16.34514600 -2.34234400
v 0.78625200 16.45175500 2.37538000
v -11.22025400 14.12565300 2.37202200
v 11.23177000 14.13255500 -2.36780100
v -13.54396200 7.66306200 -1.84366300
v -13.51438300 7.83781100 1.89789500
v -0.38256000 17.36203000 -2.49729600
v 7.53696600 15.14982300 -2.47826800
v -13.22833600 11.47407700 2.48631400
v 13.33034700 11.52846500 -2.47187400
v -6.89218600 15.36561700 -2.46624400
v -15.41550000 7.99909600 -2.49724700
v 15.49664000 8.02794800 2.49177600
v 9.60129400 14.38171300 2.49964500
v -9.39621300 14.50338700 -2.49980600
v -14.57773500 7.27508400 2.30926500
v -13.83656100 9.79364300 -2.48216000
v 13.69446600 10.21172500 2.49439400
v -0.78786900 15.51497200 -1.81896900
v -14.35100400 4.02980000 -0.86944800
v 14.53153000 3.81357300 1.13717400
v 14.47097800 3.78622600 -0.99859400
v 16.35819600 2.18384600 -2.38589100
v 16.24741500 2.12931300 2.34608400
v -16.16099800 2.09019000 2.31065600
v -16.29186000 2.28253600 -2.36887400
v -12.47222300 10.99494600 -2.42103800
v -3.40007600 16.98715200 -2.49890200
v -14.32017800 7.85338000 2.32546200
v 6.31221300 16.09931500 2.49963800
v 3.89613900 16.86651600 -2.49926400
v 7.61366900 13.13851500 -1.40938300
v 7.57704700 13.17956400 1.43432200
v -3.97324100 16.76574800 2.49992100
v -9.18344900 13.89176400 -2.42763100
v -14.38512400 8.30642400 -2.41698200
v 11.36013900 9.75605400 -1.03525400
v 11.40778400 9.79272300 1.15817900
v 12.70470300 10.82373900 -2.43651900
v -1.10202700 15.37156800 1.69356300
v -2.49900300 14.66149300 0.77433500
v -2.67564000 14.66199300 -0.86423000
v 15.84171000 2.46610300 -2.18351200
v 2.49144400 16.79473700 2.48521700
v 9.47042200 13.86092500 2.45681200
v 1.37345100 14.76405400 -0.61882800
v 1.37797600 14.81648500 0.79694200
v 3.13305800 17.24617100 2.48444500
v -15.46489000 2.02267500 1.87517500
v -15.44719200 2.11978500 -1.87107000
v 15.46605400 1.93148900 -1.86594600
v 7.21420100 12.96920200 -0.66710900
v 7.21082000 12.97480200 0.67874200
v -11.54394800 12.52980800 2.49090800
v -12.84736100 7.30018100 -0.36359000
v 11.52694800 12.32239700 -2.47147300
v -13.23580000 9.43785000 2.29392200
v 3.79740800 15.64446600 2.21914700
v 13.36167200 9.63067500 -2.37543700
v -13.03973200 9.34485700 -2.18903600
v 13.49606200 9.62902100 2.40825600
v -16.94951000 1.76054900 2.49122300
v 16.94133600 1.88873400 -2.49168700
v -0.64266500 14.73654200 0.05236200
v -0.67507000 14.76978900 -0.41809400
v -8.65520800 13.42722900 2.15048200
v 13.29827200 7.89209900 1.74914500
v 13.20850100 7.89384400 -1.66773800
v -15.14681300 2.39794400 1.60763900
v 5.29159600 13.76972000 0.08602800
v 15.13820500 2.22424900 -1.56536600
v 15.29772500 2.19123500 1.73893500
v 7.31963100 14.79802300 2.38776700
v -15.03529200 2.16516400 -1.41704200
v -6.80695000 16.16292600 2.48337800
v 6.77496300 16.09035600 -2.49128900
v -14.48824900 2.80481400 -0.19021300
v -1.36577900 18.39627800 2.19486100
v 1.39408100 18.34706500 -2.21982200
v -8.00176600 13.91130600 2.19232200
v 12.78073500 7.63275900 -0.81461600
v 12.78976900 7.76273900 1.00574200
v 2.47506400 14.56741400 0.36085500
v -11.78770600 8.87279900 0.13898200
v 13.84135100 5.16386100 -0.34004600
v -13.71060100 5.44267200 0.08310600
v -13.75042000 5.45743100 -0.46611500
v -13.92651300 5.08350100 0.60899000
v -13.96266400 5.15971400 -0.81192600
v -16.31063100 5.38297500 2.49890300
v 16.31580900 5.16753500 -2.49633000
v 16.61743900 1.69635500 2.43960300
v -3.09341200 17.61716200 -2.41756700
v -4.23814400 17.22083600 2.45256600
v 4.02129800 17.34263900 -2.43812700
v 2.88736700 17.75368300 2.38891500
v 1.93202800 16.48585500 2.41366600
v -4.73549900 13.97110300 -0.09579800
v -16.89304000 3.78026500 2.49926000
v 16.90738200 3.98323400 -2.49710600
v -1.83988400 19.58611400 -0.61827000
v 1.83812000 19.58599800 0.61936800
v 7.10919900 13.63977300 -1.66070100
v 7.03585200 13.66953000 1.65243700
v 9.61339200 12.88657800 -2.20791600
v 7.59098700 12.64671500 0.00055900
v 9.57533500 12.77999800 2.14698800
v -9.34018100 13.55499900 2.37235700
v -6.75334300 14.83150100 -2.31109000
v -5.09152100 13.88181400 0.42323400
v -5.09559800 13.91783000 -0.59282800
v 8.44682700 12.31979300 -0.94969700
v 8.48609900 12.29745800 0.95902800
v -14.88455800 9.15409700 2.48992700
v -5.46508600 13.89507500 0.93439500
v -5.43110700 13.98238400 -1.08999900
v 13.61411800 8.24722400 -2.11517100
v 13.90668400 8.02227400 2.19572500
v 14.46435800 9.36504100 -2.49993100
v 14.57231900 7.06358100 -2.26603900
v -14.40198600 9.23757800 2.49607400
v -13.67502600 11.53229100 2.41707700
v 13.74189500 11.58463000 -2.39304900
v 14.63394500 1.94187100 -0.24690600
v 14.63420000 1.97527400 0.29024700
v 10.81669400 12.92764900 2.46875900
v 15.71436600 1.92634900 2.05894800
v -15.84517500 1.78582900 -2.13266600
v -15.87277400 1.68392400 2.14258300
v 12.80491500 9.08155800 1.96025800
v 12.72211400 9.07685300 -1.90259000
v -16.66380700 6.64481500 -2.40295500
v 16.72340100 6.60201400 2.39123000
v -15.91614900 7.66972400 -2.46485400
v 15.97444400 7.68150800 2.45439000
v 0.77329200 18.61624900 2.08308400
v -0.87804200 18.56211500 -2.11505500
v -13.37208600 6.97217700 1.24242700
v -13.45234500 6.86534000 -1.28065900
v 11.82567900 12.52519100 -2.49988300
v -15.77663100 6.92492500 2.49991600
v 15.76244600 6.66754500 -2.49633300
v -0.81988400 17.71659400 -2.45239400
v -14.12046800 11.33453500 -2.34856300
v 14.04252600 11.32200300 2.37246300
v -10.07481900 11.40351200 1.45427100
v -10.19630800 11.27537900 -1.43368000
v 14.44989900 7.90154300 2.37493700
v -17.90902000 1.61088500 2.39064200
v 17.93820700 1.64963400 -2.38043200
v -17.85996500 1.33287000 -2.41140800
v 17.94800700 1.40128100 2.38402100
v -10.36704900 16.01617900 1.70474500
v 10.38084900 16.01910500 -1.69400000
v 9.63037200 11.37132100 -0.85671800
v 9.75372400 11.27591900 0.87762300
v -9.88069800 11.14359500 0.83401100
v -9.97759900 11.13617800 -0.98483800
v -14.64552200 11.70688900 -2.00039900
v 14.61212900 11.73521500 2.00663000
v 1.91461100 18.34679500 2.19512300
v -2.06732200 18.32591200 -2.19744900
v 3.28213900 18.42383300 2.02657300
v -3.35227400 18.41505700 -2.02382700
v 14.31400700 4.66135900 1.19458000
v 14.28973500 4.59493900 -1.11080000
v 11.63744400 9.07549800 -0.19823300
v 11.57798400 9.15718800 0.24019600
v -12.76651600 13.23370500 2.22602400
v 12.81593500 13.23331400 -2.20827900
v -12.23524500 13.32993000 2.35327000
v 12.29675300 13.31595900 -2.34177900
v -8.86275500 15.85109400 2.32828200
v 8.89561500 15.81870300 -2.33300900
v -5.60522700 17.43288200 2.26328700
v 5.48406400 17.41416200 -2.28810000
v -3.61200800 19.18042000 -1.05270000
v 3.58484700 19.18281300 1.05840300
v -12.97465800 13.96176400 -1.72480300
v 12.99032400 14.04626800 1.64524200
v 14.78308200 0.78866800 0.51729800
v -7.49642800 16.87766400 2.18345400
v 7.46504500 16.85821200 -2.20018700
v -11.03863700 14.87517700 -2.15128700
v 11.10598900 14.92644400 2.10102100
v 4.05847800 14.48017900 -1.16526800
v 3.96991200 14.43116100 1.01934200
v -8.17748000 16.86277800 -2.00673100
v 8.20463100 16.86705000 1.99496700
v -17.05000800 5.50846700 -2.40917000
v 17.11938600 5.43382700 2.39674500
v -14.62700100 12.33397100 -1.64435000
v 14.60036900 12.37435100 1.63776300
v 7.83158000 14.84423900 2.45608500
v -7.14248700 17.82760000 -1.55798700
v 7.13767500 17.83103600 1.55622600
v -15.38648500 10.49665300 -2.08732700
v 15.36791500 10.50898800 2.09282600
v -12.62711200 13.74716900 -2.06015900
v 12.69694300 13.90387700 1.93826000
v -16.65253200 4.65861000 2.49964900
v 16.46435700 4.49932300 -2.49337100
v -7.71045000 15.37974700 -2.49958200
v 10.92748600 9.99222900 -0.53194300
v 10.97897900 9.99941000 0.70042600
v 1.37774800 19.62280200 -0.62308200
v -1.35432500 19.63002300 0.60099200
v -5.43358800 18.68541600 -1.16983200
v 5.41398400 18.68685600 1.17750800
v -18.08499300 3.19611600 2.23746100
v -18.08676500 2.95939400 -2.25598600
v 18.13201000 3.25271500 -2.20855100
v 18.13762500 2.92444200 2.23414300
v -15.34885400 10.75855500 2.00456000
v 15.34909900 10.79160000 -1.99011700
v -8.89729800 16.85932400 -1.72132500
v 8.92950600 16.86496800 1.69996700
v -3.27399000 14.52038000 0.81014300
v -3.29869200 14.51709400 -0.81668000
v -14.78654200 11.07164500 2.18086300
v 14.80049300 11.12290000 -2.15683600
v 9.18144000 17.17658900 -1.13696900
v -9.18378800 17.17618300 1.13550000
v 6.80127100 13.45264300 1.23118100
v 6.82122600 13.44254800 -1.23119900
v -16.39323600 8.27805900 2.23770200
v 16.40439600 8.13841700 -2.26310700
v 7.06939200 18.22533800 -0.98358400
v -7.08747100 18.22202900 0.97545600
v -6.11336700 17.78046000 -1.95986400
v 6.09342700 17.77369800 1.96998700
v -15.50984500 10.94559100 -1.80168700
v 15.49287300 10.95590700 1.80926300
v -15.53415700 11.10105500 1.68916400
v 15.53592600 11.11627800 -1.67786400
v -18.07947600 4.59189100 2.06886400
v -18.01752400 4.60702800 -2.10595600
v 18.14304800 4.64773600 -2.01565400
v 18.06471200 4.54703300 2.08580900
v 1.94017700 16.23887700 -2.33406200
v -17.41623200 1.28594300 2.49085500
v 17.43811500 1.33059400 -2.48856800
v -17.40302800 0.80020700 -2.49411600
v 17.48822400 0.98923400 2.48578900
v 0.64840100 14.77994500 -0.46781700
v 0.83896900 14.77350900 0.48406700
v -12.23327300 15.08828900 -1.23359000
v 12.25062700 15.11074000 1.18218800
v -11.02225300 14.80355200 2.18970900
v 11.05044400 14.82775700 -2.16934400
v -16.49235100 5.58287300 -2.49476700
v 16.66299400 5.56845900 2.47958900
v -12.71197200 14.17096500 1.74823900
v 12.73338300 14.17199900 -1.73269700
v -14.80849200 12.16796800 1.60543200
v 14.81683500 12.18210500 -1.58684100
v -17.92952500 5.92826400 1.89194700
v -17.90170700 5.94906500 -1.90892100
v 18.00385700 5.92867400 -1.82847800
v 17.93364800 5.90389700 1.89515300
v -15.83846500 10.31924500 -1.87504900
v 15.81756000 10.32571800 1.88728100
v -7.04207800 16.84172900 -2.28922300
v 7.03875100 16.85378600 2.28487800
v 14.08747900 4.45417000 0.35173300
v -7.39215000 17.55847000 1.73381100
v 7.36185900 17.55487500 -1.74930900
v -16.03997500 5.08822300 -2.46407100
v 16.34790600 5.05773600 2.49621100
v -8.31939700 16.29910200 -2.26902400
v 8.37523900 16.29266400 2.25979400
v -9.76490000 15.59441000 -2.22009400
v 9.87293000 15.63974400 2.16776700
v -13.79042000 11.98938600 2.28088400
v 13.83809500 12.02246500 -2.25411300
v 4.51744500 18.61523500 -1.61832000
v -4.57176900 18.60856900 1.61074200
v -0.64132600 14.78671200 0.50050400
v -0.63174900 14.88681400 -0.85352200
v -17.42628900 5.78062300 2.24004600
v 17.57681500 5.80940500 -2.15809900
v -17.41143700 5.87189700 -2.23261700
v 17.46318000 5.81387200 2.21692000
v -15.90989500 10.38180200 1.78776400
v 15.90924300 10.38860400 -1.78465800
v 16.80880200 6.39386800 -2.38988000
v 6.33072900 18.54546800 -0.86323200
v -6.35075000 18.54151200 0.85576500
v -14.89565100 10.63752200 -2.26694400
v 14.89553200 10.63871600 2.26666600
v 2.67395200 19.40604900 -0.88158300
v -2.67819800 19.40892100 0.87243900
v -3.99401000 19.22759900 -0.73976900
v 3.97712700 19.22963500 0.74437900
v -8.69217700 17.25731000 -1.39775000
v 8.70813100 17.26108800 1.38196900
v 3.79766200 19.25624400 -0.77404000
v -3.81263100 19.25483900 0.76934600
v -15.58663400 10.15205600 2.10334400
v 15.57700500 10.18115300 -2.09829000
v -13.29769000 13.19088500 2.01454900
v 13.33185600 13.19695700 -1.99325900
v -16.87759800 8.36774200 -1.93082200
v 16.89328400 8.31262900 1.93928200
v -17.02723400 8.49402600 1.75719800
v 17.05597100 8.42941100 -1.76022600
v -7.41395500 17.97285900 -1.20218300
v 7.41171900 17.97576200 1.19884000
v -6.69751400 18.37297200 -0.96646500
v 6.69025800 18.37519500 0.96740600
v 8.78243700 12.63565200 -1.66823300
v 4.83803600 17.58700900 2.29548600
v -4.93263200 17.67311600 -2.24569700
v -4.69125900 18.46930800 -1.72890500
v 4.64446600 18.46521600 1.74488200
v -14.28037600 12.53724700 1.78247200
v 14.29741300 12.55161800 -1.76027900
v -8.02556800 18.01350700 -0.38324100
v 8.12586200 17.97367600 -0.35141400
v 8.02545600 18.01395600 0.38088100
v -8.12950500 17.97232400 0.34951500
v -3.31645000 19.06177800 -1.35935300
v 3.27704600 19.06495400 1.36487100
v -17.62969900 3.23599400 -2.40736700
v 17.69290200 3.17920200 2.39218300
v -17.75610700 3.39263600 2.35914200
v 17.81158200 3.46594500 -2.33404800
v -15.47593300 9.63729000 2.29934000
v 15.44310100 9.68064400 -2.30141400
v -14.38473900 3.90898200 0.87037600
v -12.97648300 14.36731600 1.34088800
v 12.98880400 14.36770200 -1.32734200
v 9.84054500 16.80174800 -1.14691900
v -9.83820100 16.80151700 1.14959500
v 6.57834200 18.21993800 -1.32317800
v -6.60969900 18.21675200 1.31079300
v 6.10040700 18.12802100 -1.65138400
v -6.15030800 18.12621600 1.63502800
v -16.01052000 8.05422300 2.40791900
v 15.97342200 7.87460900 -2.43670800
v -16.11453900 9.68885700 -1.95914100
v 16.08378000 9.68723300 1.98039100
v -15.65993500 7.28027900 -2.49992400
v 15.68776100 7.28954800 2.49952700
v -14.41479500 11.89520100 2.04426500
v 14.43722800 11.92458500 -2.01843700
v 4.22335500 18.99140700 -1.17748700
v -4.25382000 18.98796600 1.17132500
v 12.63307200 7.61459600 -0.04886700
v -10.30918900 15.84820700 -1.87268400
v 10.36603300 15.87937200 1.82054700
v 10.33485700 16.67835000 -0.79322500
v -10.33265700 16.67829400 0.79682300
v -16.38430800 8.40386100 -2.21255900
v 16.46083900 8.30101800 2.20106500
v -16.52601700 8.87816800 1.99259200
v 16.53668400 8.81378500 -2.00830900
v -1.28944400 19.66318500 -0.47002400
v 1.30768000 19.66106700 0.47475900
v -17.60412800 2.89508100 2.42923800
v 17.66415300 2.95281200 -2.41151100
v -16.34118100 7.72706600 -2.35960300
v 16.39852500 7.70468700 2.34435600
v -17.43595600 2.61192500 -2.47087300
v 17.48993200 2.54856500 2.46367200
v -17.61250500 4.93811700 2.27264500
v 17.71710800 5.02396600 -2.21161900
v -17.47067700 5.02318500 -2.32119300
v 17.53107700 4.93517600 2.30729700
v -12.73005500 13.03703100 -2.30356900
v 12.68312600 13.33850200 2.21672900
v -10.65019600 16.42671400 -0.91351700
v 10.66440700 16.42995300 0.88643100
v -18.41144100 1.54690700 2.17856800
v -18.36528500 1.44261600 -2.20833700
v 18.43219000 1.57373500 -2.16549600
v 18.40978900 1.46553500 2.18320900
v -8.76400200 17.46862400 -0.99419800
v 8.88406700 17.48316700 -0.82225600
v 8.77230200 17.47022500 0.98222100
v -8.88818800 17.48197800 0.81993600
v -9.45841300 15.85112000 2.18844900
v 9.49017100 15.84197900 -2.18376000
v -16.72898800 5.87719900 2.45322400
v 16.69518200 5.73620800 -2.46728200
v -18.65493800 0.77958000 2.05672900
v -18.65246800 0.74250700 -2.05947300
v 18.66374300 0.79125500 -2.05027900
v 18.67020100 0.75513200 2.04681200
v -11.33648000 13.10976800 2.49867000
v 1.33072800 18.51684500 2.12645900
v -1.46138200 18.47958700 -2.14310700
v -15.62041800 11.42320000 1.35388400
v -15.59744300 11.36282700 -1.43446300
v 15.62216300 11.43079500 -1.34469300
v 15.58461700 11.37393700 1.43989800
v 11.44061800 12.96080100 -2.49971300
v 5.97837700 13.48429700 0.02840200
v -18.31704500 5.24051900 1.73290000
v -18.28533000 5.25839000 -1.75909000
v 18.36383000 5.26080300 -1.67874000
v 18.31334900 5.21607700 1.74350900
v -16.51003500 9.51639500 -1.72836200
v 16.49148800 9.49345100 1.75667700
v -5.81175300 13.60178300 0.45298300
v -5.81605400 13.64463300 -0.63686900
v -16.06741900 6.14770300 2.49956500
v -3.96731000 14.21183900 -0.16115100
v -3.65731200 14.31506300 0.35180000
v 1.73187900 19.64709800 -0.36451600
v -1.72543100 19.64891800 0.35594900
v 5.41888700 16.08539900 2.48467800
v 4.85593700 19.11780100 -0.35358700
v -4.86450800 19.11596900 0.35122600
v -5.22217300 18.95088200 -0.67468700
v 5.21102500 18.95277500 0.67871900
v -16.57257800 7.50966500 2.31465600
v 16.63731900 7.22913800 -2.33620200
v -7.58040500 12.94319600 1.08895800
v -7.68746000 12.92616300 -1.16753000
v -7.31742400 18.33028600 -0.25587300
v 7.40847700 18.29451700 -0.24817700
v 7.31632000 18.33079700 0.25523600
v -7.41202500 18.29326300 0.24647100
v -5.68015400 18.88593300 -0.37557100
v 5.52409000 18.87996300 -0.62149400
v 5.67517500 18.88717100 0.37720000
v -5.54010300 18.87657000 0.61661700
v -10.02914600 16.47450300 -1.44918600
v 10.06110200 16.48386800 1.41392700
v -9.47675800 17.24200700 -0.60876400
v 9.57447800 17.19164100 -0.59571900
v 9.48312500 17.24165700 0.59765700
v -9.57500000 17.19125500 0.59605800
v -7.35940100 18.22234100 -0.69192300
v 7.58839400 18.13835900 -0.65843600
v 7.35720100 18.22380600 0.69006600
v -7.59747500 18.13591100 0.65384500
v -13.97455500 10.99471400 -2.44290800
v -1.36097000 19.19545500 -1.50844100
v 1.33330000 19.20635900 1.49655100
v 1.06265500 18.89900400 1.85241600
v -1.12845700 18.86957100 -1.87527400
v 3.45518200 17.80124400 -2.33869400
v -3.55463300 17.75069400 2.34993700
v -12.85606700 14.80475000 0.83161900
v 12.86146700 14.80402100 -0.82309000
v -17.34364500 4.35369900 2.41886400
v 17.44131800 4.48610600 -2.38199300
v -17.59464500 7.69429300 1.56010100
v -17.54114200 7.65952200 -1.63581500
v 17.63285100 7.64381700 -1.54128500
v 17.55638500 7.62584900 1.63520200
v -8.10987800 16.67664800 2.13904400
v 8.09810300 16.66064400 -2.15074500
v -4.92792000 16.94676400 2.46800000
v 4.58057100 16.86247300 -2.48998600
v -13.85195800 13.17208500 1.66494300
v 13.86999300 13.17876700 -1.64493000
v -9.03110200 16.72566600 1.77735900
v 9.03310300 16.72126800 -1.78024200
v 10.61389700 13.97396900 -2.48219500
v -10.75463500 13.95755500 2.47242100
v -5.44440600 13.71017600 -0.09017500
v -8.85233500 16.38983600 2.08614300
v 8.86160200 16.37658500 -2.09091200
v 11.86731900 9.18523300 -1.10350000
v 11.91303000 9.23484000 1.22951800
v -11.14997000 15.72110600 1.46788700
v -11.23362400 15.96908300 -1.03762800
v 11.16136900 15.72384400 -1.45563700
v 11.25017400 15.97708700 1.00165200
v 14.86606000 8.59333400 -2.49875300
v -14.97877300 8.57286800 2.49998500
v 2.42206100 17.34947100 2.48562400
v -14.15186500 12.21951500 -2.03840800
v 14.09500200 12.28790300 2.03708100
v -11.31560900 16.11873400 -0.52582900
v 11.41111500 16.06745700 -0.46021100
v 11.32113600 16.11964100 0.50727500
v -11.40914200 16.06799000 0.46397500
v 2.99687300 19.14499900 -1.31188000
v -3.01310000 19.14770200 1.30342900
v 6.20711400 17.45909600 2.14766600
v -6.22093000 17.46563700 -2.14119800
v -10.45371800 15.18040500 2.20312400
v 10.48980200 15.20798500 -2.17941100
v -0.74183800 18.62612100 2.07736200
v 0.74424000 18.55987300 -2.12012600
v -16.26647200 10.07607100 -1.64287300
v 16.25077300 10.07129900 1.66088700
v 13.87010300 10.97482900 -2.46152700
v -13.79435900 10.88898400 2.47888300
v -0.05739200 14.76467700 -0.27152400
v -14.84467100 9.73627700 2.44893100
v 14.83332000 9.91731800 -2.42859800
v -13.56444600 14.31798000 -0.36608500
v 13.60253200 14.28877700 -0.33016600
v 13.56003200 14.32477100 0.35304000
v -13.60124000 14.28932100 0.33386700
v -2.21608000 19.40431200 -1.02448200
v 2.19674400 19.40624400 1.02507200
v -4.36748600 14.12064200 0.39023800
v -5.24546800 18.47312300 -1.56018100
v 5.21414700 18.47089200 1.57345900
v 13.61087600 5.70893600 -0.21968400
v -10.22498300 16.84171600 -0.48435600
v 10.22459300 16.86585800 -0.36596300
v 10.23066800 16.84111300 0.47185400
v -10.22408200 16.86593500 0.36730600
v -11.76196500 15.62324900 0.96604300
v -11.76464000 15.66453200 -0.87889900
v 11.76807900 15.62316500 -0.95737900
v 11.77522100 15.67231800 0.84464000
v 3.59957300 17.57066200 2.40415800
v -17.17283000 7.16850200 -2.09838500
v 17.20837200 7.12567400 2.08768700
v -17.16230100 7.32152600 2.06528400
v 17.24615600 7.20433000 -2.04332000
v -15.88972500 3.12725800 2.26627500
v -15.69559900 3.25585100 -2.18196100
v 5.83238800 18.53136400 -1.22818600
v -5.86699600 18.52685100 1.21728200
v 15.88520200 3.07157100 2.25918000
v -6.19376100 13.61980700 1.00752800
v -6.22872900 13.74275100 -1.25600600
v 15.74911100 3.29814800 -2.21498100
v -18.44826500 3.78349200 1.93559100
v -18.43055400 3.76217900 -1.95306800
v 18.48705800 3.82814400 -1.89619400
v 18.46643300 3.72285800 1.93090100
v -11.59775300 14.41919600 2.16238800
v 11.62286000 14.42599600 -2.15004200
v 1.98662600 14.76277600 0.84140400
v -17.25007300 4.37064600 -2.43983700
v 17.39150500 4.24903600 2.41320200
v 2.76248600 18.70698700 1.86945900
v -2.83256600 18.70239300 -1.86427200
v -12.38456000 13.69351000 2.18590000
v 12.42600300 13.68970000 -2.17183500
v -14.61372800 3.13115400 0.96894200
v -14.53380000 3.18975000 -0.79481900
v 14.78681300 2.93405300 1.23279800
v 14.70219400 2.94109900 -1.07616700
v -12.30403600 14.68811600 1.61228400
v 12.32078800 14.68971300 -1.59797300
v -11.24107200 14.35557100 -2.29861100
v 11.36080300 14.39734800 2.24992100
v 13.27288200 9.13600700 2.22659900
v -16.50569600 3.57661600 -2.47376300
v 16.73668500 3.74952600 2.49806100
v -4.71636800 18.77581900 -1.34224200
v 4.68545500 18.77662700 1.35275000
v -15.10685000 12.65941500 -0.44631500
v 15.09805500 12.67242400 -0.43729200
v 15.10164200 12.66646700 0.44333000
v -15.09775900 12.67156900 0.44163800
v -9.33503300 15.46421400 2.36399100
v 9.39538100 15.43821500 -2.36085900
v -14.66420800 10.17063500 -2.42791000
v 14.74525200 10.20180600 2.40563000
v 0.35582600 18.50890400 2.15790200
v -0.45559300 18.41843400 -2.20716200
v -0.22427300 19.69705700 -0.50563100
v 0.40908000 19.67685600 0.58284900
v 5.12556900 17.82016100 2.13987700
v -5.18287600 17.85562500 -2.10887900
v -10.76965200 16.51895700 -0.38889400
v 10.77699300 16.50698100 -0.42535800
v 10.77392000 16.51839400 0.37689100
v -10.77565000 16.50731200 0.42799600
v 3.23787200 19.29177500 -0.95209400
v -3.25077000 19.29240800 0.94535600
v -17.40081400 8.22447700 1.50456700
v -17.30389500 8.21953300 -1.61674500
v 17.43035200 8.17589100 -1.49653600
v 17.31413700 8.18472600 1.62338500
v -9.71949900 14.40606000 2.49670900
v 3.19936700 14.40469900 0.16902800
v 9.93576400 14.34250100 -2.49216000
v 14.10220600 5.89510900 1.54528800
v 14.17903800 5.76261700 -1.57105900
v -0.32282800 14.81813900 -0.59425800
v 0.07324300 14.88931900 -0.82342800
v 0.32463600 14.88862900 0.83103900
v 9.78466600 11.05638500 -0.26662600
v -13.03294700 6.93096600 0.23743400
v 6.36695500 15.94680700 -2.49874700
v -6.40253600 16.06724200 2.49957800
v -16.39555000 1.47533300 -2.37249500
v -0.06436200 16.83919600 2.46603800
v -0.66587100 17.12797700 2.49761900
v -16.37124600 1.58211000 2.36770300
v -8.93942200 11.77572800 -0.41381500
v 16.41064000 1.48013700 -2.37757500
v 4.20153600 17.83178500 -2.25940700
v -4.33124400 17.79744600 2.26091300
v 15.93653800 1.64526000 -2.17718800
v 1.02275400 17.02094700 -2.49211900
v -0.22137700 15.30429000 -1.57176400
v -0.84476300 15.71023600 1.98708400
v 15.27084500 1.47861900 1.61571600
v 15.10847200 1.47638700 -1.40246400
v 11.72623900 11.61620900 -2.38666000
v 13.04373000 6.94508400 -0.36946800
v 12.76731600 7.49118400 0.51097500
v 14.13393100 9.54960500 2.49258800
v -14.30384700 9.09689500 -2.48211600
v 0.88841000 14.95276100 1.04553700
v 0.84363600 14.93622000 -1.00300500
v 1.32418200 16.22376900 2.30318700
v -14.63558200 1.86255700 -0.13453300
v -15.44606700 6.35799300 2.43952400
v 15.55243700 6.05754300 2.43658300
v 11.86810400 12.05299200 2.47749000
v -1.96917100 17.88060700 2.38836900
v -12.11680600 10.12311300 -2.02870700
v 2.02064200 17.87513400 -2.38828600
v -5.37751600 15.94712800 2.46436400
v -12.12221600 10.29916500 2.10840200
v -1.78372100 16.18461300 -2.30524500
v -3.40662900 17.99966200 -2.25982700
v 3.35683900 18.04286200 2.24378200
v -2.11629900 16.54476200 -2.43405100
v -10.77247200 13.37343800 -2.49879900
v 10.52338700 13.60379200 2.49947900
v -16.76059600 4.18439300 -2.49987500
v 16.98084600 4.12033800 2.48998200
v -1.39018500 16.65729000 2.44212800
v -15.16262600 7.12181100 2.44987200
v 12.85209800 10.86014700 2.46380800
v 12.30882800 11.40783700 -2.45586400
v 14.77630000 1.52952500 -0.71776100
v 14.80814500 1.58638800 0.83304800
v 14.38185500 8.69800200 -2.46053200
v -4.78537800 16.16519400 2.46917600
v 9.47624100 11.80369700 -1.33600100
v 9.57697500 11.73219900 1.34827700
v -14.35873000 8.44716400 2.42917900
v -14.54019100 6.08850700 2.01003400
v -14.57218300 6.28001800 -2.08315400
v -1.23137900 17.28353200 -2.49880300
v 10.42865400 12.46457000 -2.29209000
v 0.98203500 17.29834700 2.49883800
v 5.24633800 17.13513700 2.40846500
v 10.39646000 12.52445800 2.30298300
v 11.69472700 11.59344400 2.37434300
v 1.35118000 15.68447800 1.99440700
v 1.51527300 15.69642200 -2.01439800
v 11.27099000 10.84597100 1.91419600
v 11.21561600 10.83486100 -1.87320000
v 10.25905900 13.09316400 -2.42283900
v 5.15781600 16.29131100 -2.49476500
v 11.64466600 13.73945700 2.38158400
v -11.45510600 13.61179100 -2.44088300
v -5.24306400 17.21694200 -2.38560800
v 15.50131400 6.06459600 -2.42579600
v -10.25278200 13.02698400 -2.40792100
v -6.97674500 16.37658400 -2.43857500
v -10.67506400 10.98896900 1.58953400
v -10.66845200 11.14339700 -1.71071100
v -10.10645500 12.68265800 2.27658900
v -13.14799700 10.83543300 2.49095200
v -1.41505700 15.04308300 1.29159800
v -1.58077600 15.31906100 -1.68196300
v 6.94191800 16.39915600 2.43694700
v -15.96460600 4.79414100 2.43152800
v 0.51637000 14.74096900 0.00732100
v -1.21470400 14.70704600 -0.18859600
v 3.38496500 16.53962400 -2.47283400
v -1.72855700 14.78230300 0.80462500
v -1.54241700 14.87353500 -0.98750100
v -11.18187900 11.73562100 -2.27334300
v -11.18373500 11.45401900 2.16992000
v -10.82251400 10.11429000 0.55780600
v -10.87152700 10.11303300 -0.69315600
v -15.10113100 5.81799300 2.26091900
v -15.19501600 6.28729700 -2.36664800
v -2.03697300 14.61883400 0.22412400
v -1.91870100 14.66165700 -0.42661800
v -11.13418600 10.93090600 1.88082900
v -11.26851400 11.02917900 -2.01319600
v -14.96824900 3.08461900 1.54273900
v -15.01710500 2.90298900 -1.55835000
v -10.02883900 14.83888400 -2.41129100
v 10.16424700 14.61044000 2.43914900
v 2.80357700 14.51104700 -0.38224500
v 5.92673700 15.26255100 -2.34108700
v -14.97287700 9.36094400 -2.46643900
v 14.86681100 9.44160800 2.47372100
v 10.08138700 12.12783000 -2.01544400
v 10.12546600 12.08903500 2.01430700
v -14.20792700 5.69910200 1.57477500
v 4.47796600 15.98915400 2.41519500
v -11.33012000 9.67279000 0.84592200
v -11.40454200 9.67326500 -0.99018100
v 13.09604600 11.72920300 2.47803200
v -13.23621700 11.65183500 -2.47031200
v -11.69826900 9.62161400 1.35146800
v -11.78393900 9.65055000 -1.47482000
v 4.01888700 15.48938500 -2.16637000
v -12.58716300 12.19162900 -2.48499600
v 12.44235100 12.10055300 2.49774600
v 4.66221800 15.27901200 -2.15013700
v -14.03663100 7.50121300 2.11387000
v -13.98547200 7.47633900 -2.07688900
v 4.56687700 15.29732400 2.14416200
v 11.22578800 9.60290600 0.33649500
v 15.98596200 4.65029900 -2.42658900
v -14.03907100 10.43330000 -2.48831700
v 13.81853800 10.83871600 2.48043400
v -9.35882600 11.74268200 1.12202400
v 14.04388100 7.75983000 -2.19048800
v 14.16749200 7.39172900 2.15330200
v 9.17201100 11.58888200 -0.38168900
v 9.30236500 11.46612800 0.27371800
v -14.67872600 7.65160500 -2.40096300
v 0.32104300 15.12715900 -1.32589400
v 0.19398600 15.13833500 1.34019400
v 12.78459900 9.80508900 2.22580200
v 8.78531300 11.84848000 -0.03109100
v -6.67934500 15.59021900 2.48321600
v -8.45821200 15.73345800 -2.42370800
v 8.55886000 15.68924100 2.42140200
v 14.66199100 7.93975800 -2.43267900
v 10.73158300 10.76805200 -1.43456900
v 10.80850700 10.75930600 1.50104900
v -14.59173600 4.19175900 1.40459900
v -14.56487400 4.27009400 -1.39874400
v -13.41788600 10.45286900 -2.48834500
v 13.29985200 10.78265000 2.49670400
v 14.37753200 3.30100900 0.08978300
v 8.05978700 14.24155900 2.33775400
v -15.86731100 5.82437000 -2.47573200
v 2.81994900 17.02755700 2.49998200
v 16.12394200 5.79980100 2.49736800
v -11.32150500 9.48591500 0.31722600
v -11.42514300 9.38059600 -0.40328800
v -7.38288700 12.82247300 0.47758600
v -7.41435400 12.82880400 -0.57595200
v 13.33277500 7.31398300 -1.44109000
v 13.33974800 7.33627300 1.46467500
v 10.00573900 13.28822700 2.42293500
v -2.70015100 16.10241800 2.32346900
v 5.63581400 14.21332600 -1.55177600
v 5.70182400 14.23432500 1.60572400
v -5.79944200 15.44647600 2.38463000
v -6.08972800 17.02228500 2.35862100
v 5.98673100 16.97613700 -2.38458400
v -14.91114200 8.00528600 -2.47867300
v -13.67904900 8.31977800 -2.17107300
v -16.93794200 1.22276700 -2.48559600
v 17.13653700 1.70640400 2.49983500
v -2.95935700 15.43307600 -1.97268100
v -5.70070700 15.31540500 -2.32926300
v 13.32244300 6.33069600 -0.02138400
v -10.47570500 12.23598900 -2.22379800
v 12.83314900 10.09510700 -2.32373900
v -9.31697800 11.49418900 0.47752000
v -9.40236400 11.50144200 -0.71878300
v -12.93956200 7.38374800 0.84755300
v -13.08125700 7.19500000 -0.92998200
v -16.19586000 2.57630300 2.35087900
v -4.57022100 15.38637100 2.19359400
v -16.16265800 3.02434000 -2.36622900
v 10.38736600 10.47689900 -0.13032100
v 10.52344400 10.38058600 0.39702300
v 13.28874900 10.29794800 -2.46130700
v 7.12038300 15.79145600 2.49894800
v 15.09110000 7.61322200 2.47576400
v -4.57764400 15.24483600 -2.11515000
v -0.95765400 15.09342600 -1.31498000
v -1.00179600 14.87047000 0.86435500
v -13.76930100 6.98948900 -1.72629900
v -13.73399800 7.04713300 1.72079300
v 6.04919800 15.52759900 2.43042500
v -4.04574300 16.40675500 -2.47512600
v -6.63956200 13.80744100 1.59011900
v -6.90160400 13.82497800 -1.73693600
v -2.92137700 14.81951100 1.28364400
v -2.82518000 14.96508200 -1.47216400
v -13.27090400 7.44269300 -1.45282300
v -13.18688700 7.60859600 1.46535300
v 0.12705400 16.16432200 -2.25219600
v 13.77743600 5.54926700 -0.71026300
v 13.74532700 5.60749500 0.68309700
v -7.17719000 15.84410200 -2.49585500
v -4.03191300 14.35518800 0.88174900
v -4.11759800 14.58589400 -1.36563900
v -16.73658100 0.86372800 2.45128000
v 16.76136200 0.87140000 -2.45618400
v -11.97842800 11.41693500 2.39935200
v 10.44720600 10.66544100 0.93068600
v 10.33135900 10.72210400 -0.82374900
v 15.54909800 4.88674000 -2.31202100
v -12.64914100 9.96452200 -2.22112200
v -8.85419100 15.28960400 2.46475700
v 8.93620200 15.21523400 -2.46853900
v -14.12054500 4.32434400 -0.29831000
v -13.14230500 10.15298800 2.41598300
v 6.72128400 15.44610700 -2.46699600
v 1.49006700 18.07949200 2.33591300
v 13.11039100 10.31198200 2.43413100
v -8.56248000 13.73815300 -2.26324100
v -7.69386400 16.35536400 2.36007000
v 7.67547800 16.32874000 -2.37098100
v 16.00059000 4.54803400 2.42302400
v 0.06667100 18.18901200 2.31690000
v -1.68778100 18.04127300 -2.34371800
v -0.19105100 17.98829600 -2.38818300
v -2.58008100 17.31127200 -2.48721800
v 4.78584800 14.28561500 -1.21653900
v 4.79408100 14.36277300 1.34360100
v 5.64310400 16.64297200 2.47896200
v -13.74561700 6.30432300 1.31272500
v -13.82570300 6.25147700 -1.39197300
v -14.27282000 4.59511100 1.07783600
v -14.25966400 4.74077100 -1.14393900
v 14.96332000 6.34280300 2.29222100
v 14.92889100 4.98997400 1.99303900
v 14.78804900 4.74529000 -1.81498700
v 10.11782400 13.71129500 -2.49118500
v -7.44224200 14.30672300 2.23340900
v -0.36552700 15.46115100 1.75084400
v 1.78599800 17.04766700 2.49762100
v 15.68541100 1.01557600 1.97579200
v 15.52417200 1.00345800 -1.83910000
v -8.54387500 12.53419200 1.38569600
v -8.91487700 12.43722100 -1.56727500
v -12.27108300 8.18517000 0.04870400
v 11.71229600 13.44900000 -2.43081900
v -11.65546500 13.48924400 2.43245200
v 1.62236500 14.68900300 0.37526400
v 13.20238300 6.94344000 -0.89816600
v 13.10620300 7.07891700 0.84115700
v -12.18508000 9.70787300 1.85990000
v -12.40934100 9.43057500 -1.86588900
v -9.35740300 12.84399300 2.09846900
v 0.51585200 17.51240800 -2.48537700
v -10.00535500 14.33152300 -2.48953100
v 10.22566900 14.11290400 2.49364900
v -14.78847900 2.83033100 -1.20010800
v 16.26824600 2.96497100 -2.39594100
v 8.50179800 15.04891700 2.49976300
v -8.41206000 15.18379300 -2.49765300
v -3.50851000 16.40881700 2.45536800
v -11.87143100 11.24121200 -2.33206500
v 4.42861900 15.77815300 -2.34664800
v -2.37473700 17.30067900 2.49091800
v -7.58252600 14.67616900 -2.39080800
v -12.74145400 12.16970100 2.47254500
v 12.84045800 12.18527000 -2.45881300
v -0.38495800 17.72426100 2.45379200
v 14.47317100 3.12717400 -0.53152600
v 14.51168100 3.15268400 0.70067000
v -14.45711500 7.26344300 -2.25905700
v 16.29277100 2.83439000 2.39631200
v -3.45421800 15.85174200 -2.27964200
v 9.38141600 12.32104400 -1.77162000
v 9.51661500 12.19811200 1.75672600
v 6.78633100 14.13167800 1.94285700
v -14.23556400 7.80326200 -2.28423100
v -10.54165100 10.68540100 1.11041000
v -10.59524400 10.71975700 -1.22774500
v -1.83375800 16.11149700 2.27592700
v -2.09419100 15.67288500 -2.04515700
v -13.19515300 6.62952000 -0.29056500
v -10.37342000 14.60508100 2.41017100
v 10.43313400 14.69582000 -2.37759300
v 2.42352500 17.40626100 -2.47889400
v -15.09282700 0.94279900 1.31250200
v -15.05084600 0.88495300 -1.23587000
v 2.17184300 18.33980500 -2.18325100
v -2.16576200 18.35120700 2.17729900
v -3.88109500 14.36697500 -0.80150500
v -14.97930800 4.42261200 1.89430100
v -14.96234000 4.14361600 -1.81000100
v -6.14256600 16.50479400 2.47383200
v -6.55334300 16.01896300 -2.49933600
v -7.79121000 12.52472600 -0.03950600
v -14.84986600 6.57456500 2.28697700
v 7.26380300 14.71124200 -2.35351500
v 6.05215800 16.40790200 -2.48859700
v 4.23648500 14.23373700 -0.70283200
v 3.86199700 14.26498700 0.37659300
v 3.22590000 16.70929300 2.48919700
v -12.70201500 8.29495500 -1.38785600
v -12.55907500 8.51934900 1.39583100
v 1.90103400 15.21232700 -1.60190300
v 1.81797000 15.25543100 1.64031600
v 14.04448800 4.53906200 -0.22077700
v -9.05525700 13.00952300 -2.07171900
v -13.69919700 5.78662100 0.76900700
v -13.73604900 5.79216100 -0.87283900
v 11.27202400 9.51696000 -0.10776700
v 13.92844900 7.12060400 -1.91511900
v 13.90140100 6.99539300 1.84434000
v 1.62248100 16.74132000 -2.46270000
v 8.34599500 13.11057100 -1.82524500
v 8.25164900 13.19707000 1.84633400
v 14.72637900 4.38361600 1.64215200
v 14.63866100 4.28978900 -1.50567400
v -15.31825400 2.67597900 -1.83324700
v -15.42668900 2.75982000 1.93873200
v 5.81558600 13.61851700 -0.53664300
v 5.85759100 13.60827100 0.56813500
v -4.58188000 16.66274300 2.49980500
v -9.57798900 11.74775800 -1.36790000
v 1.22648700 16.72617000 2.45369800
v 13.99546600 8.45027300 -2.33188100
v -14.12549000 4.53055800 0.64360300
v -14.10799800 4.63504500 -0.69962400
v 14.58582300 5.85472000 1.97481700
v 14.71477300 5.47020000 -1.96043700
v 6.47998500 13.38911300 -0.77990200
v 6.48629400 13.39125800 0.79401200
v -12.09197900 8.55260600 0.54848400
v -12.00346600 8.65516700 -0.48996700
v -5.55029800 16.73475300 -2.47077300
v -10.24443600 13.94796400 2.49937500
v -5.19062900 16.39353000 -2.49940900
v 5.59673100 14.63533300 -1.93657400
v -4.22777300 16.95169700 -2.49021700
v -16.55907900 3.04718800 2.46567000
v 14.97513200 2.72439300 -1.46044500
v 15.10566400 2.69306400 1.61758700
v 16.66460600 3.33330900 -2.48693100
v -15.67677400 4.70598000 -2.33920200
v 15.22580500 4.22027000 2.03644700
v 15.04652900 4.17068500 -1.89025100
v 8.83946600 13.32485100 -2.15940000
v 10.64760600 11.91059300 -2.15105000
v 8.83771200 13.25947400 2.12610600
v 9.02450000 11.87975600 -0.90302000
v 9.10777000 11.81168100 0.89406300
v 10.69710300 11.92786100 2.17757100
v 8.25710100 12.22225600 -0.01139500
v -12.05953500 12.05450900 2.49208400
v 14.20349400 4.32632500 -0.69231400
v 14.23614200 4.33196800 0.79760300
v -13.12019100 6.90228000 -0.60779700
v 12.17104800 12.04882500 -2.49693600
v 4.45139700 14.06348700 -0.07602300
v -8.61050800 14.06400400 2.38184400
v -9.08769600 13.48776600 -2.29719400
v 14.73270100 7.12336000 2.33790000
v -1.48481700 15.69531500 2.01145200
v 8.32356700 12.67999800 -1.38373100
v 8.34224100 12.70381100 1.42806800
v 3.82722300 17.04036900 2.49074900
v -7.49408400 15.75784700 2.49205900
v -2.67670900 16.72474600 -2.48040300
v 7.48156000 15.75491900 -2.49268700
v 13.50401600 6.59975800 -1.15053000
v 13.45369200 6.66543300 1.11881100
v -8.53748200 14.76043800 2.49212000
v 8.75271500 14.62142700 -2.49125000
v -2.59006900 15.19613400 1.69817900
v 12.12409900 9.67973000 1.79918300
v 12.03032700 9.56212500 -1.64516100
v 3.19772400 17.23366400 -2.48451500
v -12.65202900 9.91001100 2.20461700
v -3.43856000 14.34362400 -0.01118900
v 7.80280600 14.11448900 -2.23392800
v -3.81492200 17.48586700 -2.41477800
v -16.54528000 0.70565300 -2.40298600
v 16.72288200 0.85639400 2.44842200
v -14.19273900 4.06164900 0.24949400
v -1.83193200 15.29911500 1.69071600
v 4.75851600 16.01080500 -2.43941900
v 11.85909600 10.92254200 2.23139000
v 11.25181400 13.33927500 2.49190200
v 11.72023100 10.95662400 -2.18990400
v -14.08997400 4.85592400 0.86188400
v -14.77856300 1.57163500 0.73956700
v 7.90742800 12.69751800 -0.99933500
v 7.91297100 12.70382800 1.01812500
v 1.07313100 17.80108600 2.43097500
v 16.28696800 7.03429600 2.45129000
v 6.98082800 12.99349300 0.00748500
v 2.39632400 19.56861700 -0.41807500
v -2.39607300 19.56962800 0.41229500
v 2.94633100 19.51356900 -0.27574200
v -2.94862700 19.51352000 0.27307500
v 3.53162800 19.40781400 -0.34182000
v -3.53690900 19.40720200 0.33931900
v 4.77926400 17.21647700 2.42253200
v -5.05520800 19.07367000 -0.29773600
v 5.05032800 19.07475000 0.29944800
v -13.33881000 11.95557400 2.41060600
v 13.41305800 11.98914500 -2.38788700
v -1.31822400 17.75934900 -2.43688500
v -15.49537400 2.96430100 -2.01950500
v -15.48225200 1.20730800 1.81356900
v -15.36621600 1.41817500 -1.71555500
v 12.68454700 12.82705300 -2.37199500
v -12.60898300 12.83020900 2.38830900
v 16.06600400 0.82897600 -2.21321200
v 16.17025800 1.37763900 2.28193400
v 14.97550800 2.11213400 1.31489200
v 14.87228900 2.20928800 -1.16014600
v -14.83844400 2.40155800 1.15255900
v -11.57345600 11.43385700 2.29945600
v -15.97354800 0.85242100 2.16291000
v -15.89437000 0.85798000 -2.11529400
v 7.68073000 13.61814400 -1.90818700
v 7.59980000 13.76675000 1.98112000
v 15.01712500 0.92524300 1.17924800
v 14.95203200 0.73853800 -1.02605400
v 7.36665900 16.48722600 2.36578000
v -7.36512900 16.47771500 -2.36893900
v 15.49540100 2.77727000 1.99421800
v 15.32655200 2.80836800 -1.86195000
v -4.20573500 19.02770800 -1.11623500
v 4.17852600 19.02983900 1.12376400
v -16.96001000 4.97622000 -2.46361500
v -2.91301700 17.96600400 -2.31220700
v 12.94201600 9.50533600 -2.19732400
v 13.28503200 10.93158100 -2.49958400
v 11.91788300 8.79337800 -0.54794600
v 11.93241500 8.81314700 0.64343600
v 11.48120300 9.37386300 -0.59506600
v 11.48996800 9.42048500 0.72739100
v -6.66103900 16.74076000 -2.37934400
v -3.75887100 16.10251400 -2.39569900
v -7.21860000 16.26682100 2.43952200
v 7.18870600 16.23150200 -2.44904800
v -14.56887500 11.22084900 -2.22540200
v 14.54028500 11.22002400 2.23709900
v 3.66492100 18.20480400 2.12308300
v -3.74138500 18.19134900 -2.12180000
v 7.27764600 17.88572300 -1.41696000
v -7.30260400 17.88460700 1.40469000
v -6.15715100 18.44616100 -1.19365900
v 6.14344400 18.44795000 1.19850100
v -11.58577500 14.96038800 1.85857500
v 11.60588400 14.96703900 -1.84261200
v -12.77305100 9.19219800 1.99004300
v -1.60805700 14.66213900 -0.01683500
v 8.15270400 15.55628800 2.48030800
v -8.08202000 15.59155200 -2.48048500
v 6.66052400 16.76714900 2.37135900
v 4.26922900 14.65912900 -1.52389900
v 4.08692500 14.69975300 1.50970500
v -2.41327700 19.54265700 -0.53948300
v 2.40339600 19.54358800 0.54076700
v -16.88541100 4.57831600 -2.48795700
v -7.67009600 17.59333600 -1.57363000
v 7.67358200 17.59763500 1.56702200
v -15.89270200 8.28451600 -2.40788800
v 15.96114800 8.34914200 2.38073600
v 12.14737900 11.06141400 -2.36136400
v -7.76434600 17.28134500 -1.83724200
v 7.77439700 17.28649100 1.82906900
v -13.01610700 8.80024700 -1.97083900
v -14.71667800 1.00079800 0.05779500
v 14.69363200 1.28935100 -0.02155200
v -13.91972500 4.94973300 -0.34254200
v -12.80080200 11.63199800 -2.49957000
v -11.76325300 9.11072900 0.79217500
v -11.83903000 9.14015000 -0.99553800
v -2.67284000 16.73135300 2.48114100
v -16.33375100 10.38307300 1.34935600
v 16.33777000 10.37779600 -1.34847800
v 15.39218700 8.72154600 2.46072900
v -15.40981000 8.68713700 -2.46101300
v 12.71529300 11.61629500 2.49985000
v 2.79524800 14.72856100 -1.07191600
v 2.62225300 14.70353900 0.94512600
v 13.70227100 10.45568600 -2.49996000
v -11.36687300 10.12592500 1.46332700
v -2.45435100 18.06189200 2.30081300
v 5.90827400 15.05800200 2.25737400
v 2.45337200 18.07067600 -2.29715100
v 15.20856700 0.72865300 -1.46747100
v 5.83961400 17.02706400 2.38465600
v 9.08875900 13.85900900 2.40670200
v 0.80120300 19.70542800 0.37503800
v -0.74903100 19.71024400 -0.35635900
v -9.72349900 13.89913900 2.48343400
v 0.82489200 19.68754000 -0.47316800
v -0.77559200 19.69637200 0.43628600
v -8.05848600 14.93677200 -2.48448700
v 11.98987200 8.59138300 0.03289900
v -5.81906900 17.05325100 -2.37887400
v -5.31529000 14.54692000 1.77309900
v -9.65961500 12.30165500 -1.91335100
v 12.77584800 8.59711200 -1.68053900
v 12.87663700 8.63294800 1.78805900
v 5.40488200 13.94564300 0.99467100
v 5.45897200 13.93740400 -1.02180800
v -7.92695900 14.50631300 2.39433900
v -17.97256600 0.83042000 2.38743000
v 17.98671300 0.84960400 -2.38270900
v -18.05269100 0.71832200 -2.36274200
v 18.09261600 0.76723800 2.34783500
v 13.90164600 9.15042700 -2.42516600
v -13.59824600 10.33423600 2.49417800
v 5.91076900 14.82580500 -2.14185000
v -14.68139100 2.39268600 -0.78088800
v -16.94879000 0.68102300 -2.48341000
v 6.27909800 14.19391100 1.80547800
v -17.63953600 4.46474400 -2.31418700
v 17.71814300 4.38028600 2.29060600
v -8.51839200 12.43836100 -1.23381100
v -5.33374500 14.65316200 -1.87262500
v -14.80447700 0.72701900 -0.59695800
v 2.66350100 15.69695900 -2.11769600
v -15.74486600 3.70589200 2.25712800
v -14.94558400 0.40287600 -0.98217100
v -7.89252400 12.49962000 0.40390200
v -7.91770600 12.49742400 -0.46932000
v -14.84204100 0.58466500 0.71206700
v 11.98745800 12.44456900 2.49983100
v -15.37797400 0.55996900 1.66840400
v 2.48932200 15.79476900 2.15910100
v -9.82674500 11.01185100 0.21102600
v -1.07697000 14.90069200 -0.95491900
v -8.62271300 12.86501700 -1.77292800
v -5.16373700 14.21166100 1.30998900
v -5.15387900 14.23312800 -1.33694100
v -12.79606500 7.57069600 -0.75871000
v 2.11056200 14.72694700 -0.78792900
v 7.61515300 14.57515700 2.36672200
v -16.14884900 6.07004700 -2.49999900
v -13.39880200 8.29817700 2.00769800
v 15.08359700 8.10135300 -2.49669700
v -17.73520400 4.44975700 2.27573500
v 17.81712800 4.53816000 -2.22699500
v -4.47236200 14.11942300 -0.54804800
v -14.82103400 1.53994400 -0.85519500
v -7.28641100 15.33817200 2.48547600
v -12.55732800 7.74901700 -0.17025400
v -12.11639900 13.43328500 -2.35453500
v 12.13948500 13.53059200 2.32133500
v -13.33985600 8.90074900 -2.18583000
v -14.04199100 13.25212700 -1.41947200
v 14.02136800 13.30355100 1.38948300
v -15.39430300 0.63056100 -1.68941700
v 9.09272900 14.73266000 2.49921400
v -9.95178600 16.46815200 1.51117300
v 9.95917200 16.46831100 -1.50594400
v 13.82279400 5.16556400 0.17940100
v -16.70362000 5.26628700 2.48600800
v 11.71014900 9.71785300 1.45529000
v -15.10665900 1.75434200 1.44256300
v 16.07101200 0.64580100 2.21142600
v 15.33342200 0.68345300 1.62322300
v 6.72359100 14.50442500 2.15752100
v 11.65244500 9.65653000 -1.33084900
v 1.92102800 19.22981300 1.39362100
v -1.95528400 19.22424500 -1.39675100
v -14.94018200 12.74341100 0.74379200
v 14.94152400 12.74561100 -0.73589000
v 14.93752400 12.74716400 0.74246400
v -14.94688500 12.73317300 -0.74872100
v -2.61704800 14.53771700 -0.32638000
v -6.16375900 18.71290500 0.48806100
v 6.15262500 18.71570300 -0.49217100
v -6.26800100 14.12298000 -1.73640800
v -11.06578200 12.20357000 -2.37637600
v -16.74715200 2.83805200 -2.48601400
v 0.92301100 15.53922700 -1.84830100
v -8.09301600 14.19678200 -2.32909400
v -0.92046000 17.51758300 2.48291800
v -12.00605200 9.08138900 1.19444800
v -15.17714400 4.79077800 -2.11391000
v 5.31204500 13.83189100 0.57426200
v 17.07240300 2.90125900 2.49909800
v -9.62483500 11.86415800 1.53571700
v -15.05237900 1.50006800 -1.32008300
v -12.18697000 9.07443200 -1.42274600
v 14.76773100 0.70721000 -0.41481900
v -9.72650900 13.10224200 2.31973700
v 1.11940000 17.40695000 -2.49254600
v 12.31632600 8.11615400 0.01504900
v -1.53797100 15.05377600 -1.32840100
v -16.46161200 9.03952000 -1.97695500
v -13.91633400 5.74838600 1.20001200
v -16.63106000 9.86937700 1.37335300
v 16.63862900 9.85394600 -1.37541600
v 16.41842300 8.97316900 2.02903200
v 14.73368000 0.69548900 0.02069100
v -13.99746000 8.71422500 -2.38116200
v 8.31345000 14.61375900 2.46150200
v 14.95265200 7.33297100 -2.42790700
v 14.45391500 9.06878300 2.49302400
v -15.60738200 0.65407500 1.89647700
v 15.36521600 0.43196400 -1.64937400
v 5.11224100 14.54731700 1.70267000
v 15.00557300 1.52413900 1.24625500
v -6.54169200 14.22772000 -1.92885800
v -12.37113700 13.56075500 -2.24209400
v -11.97096900 9.87116800 -1.80083300
v -14.72445800 1.28086300 -0.38654300
v 14.93072700 0.42875500 0.94841300
v 17.18327300 0.46265000 2.49926800
v -13.83427400 13.81190400 -0.98259200
v 13.82321100 13.84098500 0.95224000
v 16.15712900 8.72267300 2.23941600
v 3.28496200 15.85808700 2.26637300
v -2.05095300 14.77604200 -0.90021300
v 17.34715100 0.60843400 -2.49767400
v 14.71627100 1.40862200 0.40809100
v -17.33430700 0.59457700 2.49821300
v -8.87191600 14.86426900 -2.49926500
v -2.36391600 14.56099600 -0.09036900
v -17.25000000 -7.75000000 0.00000000
vn 1.00000000 0.00000000 0.00000000
vn 1.00000000 0.00000000 0.00000000
vn -1.00000000 -0.00000000 0.00000000
vn -0.00000000 1.00000000 0.00000000
vn -1.00000000 -0.00000000 0.00000000
vn -1.00000000 0.00000000 0.00000000
vn 0.00000000 -1.00000000 -0.00000000
vn -1.00000000 -0.00000000 -0.00000000
vn 0.95949300 -0.00000000 0.28173300
vn 0.84125400 0.00000000 0.54064100
vn 0.65486100 -0.00000000 0.75575000
vn 0.41541500 -0.00000000 0.90963200
vn 0.14231500 0.00000000 0.98982100
vn -0.14231500 -0.00000000 0.98982100
vn -0.41541500 -0.00000000 0.90963200
vn -0.65486100 -0.00000000 0.75575000
vn -0.84125400 -0.00000000 0.54064100
vn -0.95949300 -0.00000000 0.28173300
vn -1.00000000 -0.00000000 0.00000000
vn -0.95949300 -0.00000000 -0.28173300
vn -0.84125400 -0.00000000 -0.54064100
vn -0.65486100 -0.00000000 -0.75575000
vn -0.41541500 -0.00000000 -0.90963200
vn -0.14231500 -0.00000000 -0.98982100
vn 0.14231500 0.00000000 -0.98982100
vn 0.41541500 0.00000000 -0.90963200
vn 0.65486100 0.00000000 -0.75575000
vn 0.84125400 0.00000000 -0.54064100
vn 0.95949300 0.00000000 -0.28173300
vn 1.00000000 0.00000000 0.00000000
vn 1.00000000 0.00000000 0.00000000
vn 1.00000000 0.00000000 0.00000000
vn 1.00000000 0.00000000 0.00000000
vn 1.00000000 0.00000000 0.00000000
vn 1.00000000 0.00000000 0.00000000
vn 1.00000000 0.00000000 0.00000000
vn 1.00000000 0.00000000 0.00000000
vn 1.00000000 0.00000000 0.00000000
vn 1.00000000 0.00000000 0.00000000
vn 1.00000000 0.00000000 0.00000000
vn 1.00000000 0.00000000 0.00000000
vn 1.00000000 0.00000000 0.00000000
vn 1.00000000 0.00000000 0.00000000
vn 1.00000000 0.00000000 0.00000000
vn 1.00000000 0.00000000 0.00000000
vn 1.00000000 0.00000000 0.00000000
vn 1.00000000 0.00000000 0.00000000
vn 1.00000000 0.00000000 0.00000000
vn 1.00000000 0.00000000 0.00000000
vn 1.00000000 0.00000000 0.00000000
vn 1.00000000 0.00000000 0.00000000
vn 1.00000000 0.00000000 0.00000000
vn 1.00000000 0.00000000 0.00000000
vn 1.00000000 0.00000000 0.00000000
vn 1.00000000 0.00000000 0.00000000
vn 1.00000000 0.00000000 0.00000000
vn 1.00000000 0.00000000 0.00000000
vn 0.95949300 0.00000000 0.28173300
vn 0.84125400 -0.00000000 0.54064100
vn 0.65486100 0.00000000 0.75575000
vn 0.41541500 0.00000000 0.90963200
vn 0.14231500 0.00000000 0.98982100
vn -0.14231500 -0.00000000 0.98982100
vn -0.41541500 -0.00000000 0.90963200
vn -0.65486100 -0.00000000 0.75575000
vn -0.84125400 -0.00000000 0.54064100
vn -0.95949300 -0.00000000 0.28173300
vn -1.00000000 -0.00000000 0.00000000
vn -0.95949300 -0.00000000 -0.28173300
vn -0.84125400 -0.00000000 -0.54064100
vn -0.65486100 -0.00000000 -0.75575000
vn -0.41541500 -0.00000000 -0.90963200
vn -0.14231500 -0.00000000 -0.98982100
vn 0.14231500 0.00000000 -0.98982100
vn 0.41541500 0.00000000 -0.90963200
vn 0.65486100 0.00000000 -0.75575000
vn 0.84125400 0.00000000 -0.54064100
vn 0.95949300 0.00000000 -0.28173300
vn -0.95949300 -0.00000000 0.28173300
vn -0.84125400 -0.00000000 0.54064100
vn -0.65486100 -0.00000000 0.75575000
vn -0.41541500 -0.00000000 0.90963200
vn -0.14231500 0.00000000 0.98982100
vn 0.14231500 0.00000000 0.98982100
vn 0.41541500 0.00000000 0.90963200
vn 0.65486100 0.00000000 0.75575000
vn 0.84125400 0.00000000 0.54064100
vn 0.95949300 0.00000000 0.28173300
vn 1.00000000 0.00000000 0.00000000
vn 0.95949300 0.00000000 -0.28173300
vn 0.84125400 -0.00000000 -0.54064100
vn 0.65486100 0.00000000 -0.75575000
vn 0.41541500 0.00000000 -0.90963200
vn 0.14231500 0.00000000 -0.98982100
vn -0.14231500 0.00000000 -0.98982100
vn -0.41541500 0.00000000 -0.90963200
vn -0.65486100 0.00000000 -0.75575000
vn -0.84125400 -0.00000000 -0.54064100
vn -0.95949300 -0.00000000 -0.28173300
vn -0.30867900 0.95116600 0.00000000
vn -0.58766200 0.80910700 -0.00000000
vn -0.80910700 0.58766200 -0.00000000
vn -0.95116600 0.30867900 -0.00000000
vn -0.00000000 1.00000000 0.00000000
vn -0.00000000 1.00000000 0.00000000
vn 0.00000000 1.00000000 0.00000000
vn -0.00000000 1.00000000 0.00000000
vn -1.00000000 -0.00000000 0.00000000
vn -1.00000000 -0.00000000 0.00000000
vn -1.00000000 -0.00000000 0.00000000
vn -1.00000000 -0.00000000 0.00000000
vn -1.00000000 -0.00000000 0.00000000
vn -1.00000000 -0.00000000 0.00000000
vn -1.00000000 -0.00000000 0.00000000
vn -0.95949300 -0.00000000 0.28173300
vn -0.84125400 -0.00000000 0.54064100
vn -0.65486100 -0.00000000 0.75575000
vn -0.41541500 -0.00000000 0.90963200
vn -0.14231500 -0.00000000 0.98982100
vn 0.14231500 -0.00000000 0.98982100
vn 0.41541500 -0.00000000 0.90963200
vn 0.65486100 -0.00000000 0.75575000
vn 0.84125400 0.00000000 0.54064100
vn 0.95949300 0.00000000 0.28173300
vn 1.00000000 0.00000000 0.00000000
vn 0.95949300 -0.00000000 -0.28173300
vn 0.84125400 0.00000000 -0.54064100
vn 0.65486100 -0.00000000 -0.75575000
vn 0.41541500 0.00000000 -0.90963200
vn 0.14231500 0.00000000 -0.98982100
vn -0.14231500 0.00000000 -0.98982100
vn -0.41541500 -0.00000000 -0.90963200
vn -0.65486100 -0.00000000 -0.75575000
vn -0.84125400 -0.00000000 -0.54064100
vn -0.95949300 0.00000000 -0.28173300
vn 0.99934800 -0.03610500 0.00000000
vn 0.99739300 -0.07216500 0.00000000
vn 0.99413700 -0.10813200 0.00000000
vn 0.98958300 -0.14396000 0.00000000
vn 0.98373900 -0.17960100 0.00000000
vn 0.97661200 -0.21500800 0.00000000
vn 0.96821100 -0.25013500 0.00000000
vn 0.95854700 -0.28493400 0.00000000
vn 0.94763300 -0.31936100 0.00000000
vn 0.93548400 -0.35336900 0.00000000
vn 0.92211600 -0.38691500 0.00000000
vn 0.90754600 -0.41995300 0.00000000
vn 0.89179400 -0.45244200 0.00000000
vn 0.87488000 -0.48433900 0.00000000
vn 0.85682800 -0.51560300 0.00000000
vn 0.83766000 -0.54619200 0.00000000
vn 0.81740200 -0.57606700 0.00000000
vn 0.79608100 -0.60519000 0.00000000
vn 0.77372300 -0.63352400 0.00000000
vn 0.75035900 -0.66103100 0.00000000
vn 0.72601800 -0.68767600 0.00000000
vn 0.70073100 -0.71342500 0.00000000
vn 0.67453200 -0.73824500 0.00000000
vn 0.64745500 -0.76210400 0.00000000
vn 0.61953300 -0.78497100 0.00000000
vn 0.59080300 -0.80681600 0.00000000
vn 0.56130200 -0.82761100 0.00000000
vn 0.53106900 -0.84732900 0.00000000
vn 0.50014100 -0.86594400 0.00000000
vn 0.46855900 -0.88343200 0.00000000
vn 0.43636300 -0.89977000 0.00000000
vn 0.40359700 -0.91493700 0.00000000
vn 0.37030100 -0.92891200 0.00000000
vn 0.33651900 -0.94167700 0.00000000
vn 0.30229500 -0.95321400 0.00000000
vn 0.26767400 -0.96351000 0.00000000
vn 0.23270100 -0.97254800 0.00000000
vn 0.19742200 -0.98031900 0.00000000
vn 0.16188300 -0.98681000 0.00000000
vn 0.12613100 -0.99201400 0.00000000
vn 0.09021200 -0.99592300 0.00000000
vn 0.05417500 -0.99853100 0.00000000
vn 0.01806600 -0.99983700 0.00000000
vn -0.01806600 -0.99983700 -0.00000000
vn -0.05417500 -0.99853100 -0.00000000
vn -0.09021200 -0.99592300 -0.00000000
vn -0.12613100 -0.99201400 -0.00000000
vn -0.16188300 -0.98681000 -0.00000000
vn -0.19742200 -0.98031900 -0.00000000
vn -0.23270100 -0.97254800 -0.00000000
vn -0.26767400 -0.96351000 -0.00000000
vn -0.30229500 -0.95321400 -0.00000000
vn -0.33651900 -0.94167700 -0.00000000
vn -0.37030100 -0.92891200 -0.00000000
vn -0.40359700 -0.91493700 -0.00000000
vn -0.43636300 -0.89977000 -0.00000000
vn -0.46855900 -0.88343200 -0.00000000
vn -0.50014100 -0.86594400 -0.00000000
vn -0.53106900 -0.84732900 -0.00000000
vn -0.56130200 -0.82761100 -0.00000000
vn -0.59080300 -0.80681600 -0.00000000
vn -0.61953300 -0.78497100 -0.00000000
vn -0.64745500 -0.76210400 -0.00000000
vn -0.67453200 -0.73824500 -0.00000000
vn -0.70073100 -0.71342500 -0.00000000
vn -0.72601800 -0.68767600 -0.00000000
vn -0.75035900 -0.66103100 -0.00000000
vn -0.77372300 -0.63352400 -0.00000000
vn -0.79608100 -0.60519000 -0.00000000
vn -0.81740200 -0.57606700 -0.00000000
vn -0.83766000 -0.54619200 -0.00000000
vn -0.85682800 -0.51560300 -0.00000000
vn -0.87488000 -0.48433900 -0.00000000
vn -0.89179400 -0.45244200 -0.00000000
vn -0.90754600 -0.41995300 -0.00000000
vn -0.92211600 -0.38691500 -0.00000000
vn -0.93548400 -0.35336900 -0.00000000
vn -0.94763300 -0.31936100 -0.00000000
vn -0.95854700 -0.28493400 -0.00000000
vn -0.96821100 -0.25013500 -0.00000000
vn -0.97661200 -0.21500800 -0.00000000
vn -0.98373900 -0.17960100 -0.00000000
vn -0.98958300 -0.14396000 -0.00000000
vn -0.99413700 -0.10813200 -0.00000000
vn -0.99739300 -0.07216500 -0.00000000
vn -0.99934800 -0.03610500 -0.00000000
vn -0.95949300 0.00000000 0.28173300
vn -0.84125400 -0.00000000 0.54064100
vn -0.65486100 0.00000000 0.75575000
vn -0.41541500 -0.00000000 0.90963200
vn -0.14231500 -0.00000000 0.98982100
vn 0.14231500 0.00000000 0.98982100
vn 0.41541500 -0.00000000 0.90963200
vn 0.65486100 0.00000000 0.75575000
vn 0.84125400 -0.00000000 0.54064100
vn 0.95949300 0.00000000 0.28173300
vn 1.00000000 0.00000000 0.00000000
vn 0.95949300 0.00000000 -0.28173300
vn 0.84125400 -0.00000000 -0.54064100
vn 0.65486100 0.00000000 -0.75575000
vn 0.41541500 -0.00000000 -0.90963200
vn 0.14231500 0.00000000 -0.98982100
vn -0.14231500 -0.00000000 -0.98982100
vn -0.41541500 -0.00000000 -0.90963200
vn -0.65486100 -0.00000000 -0.75575000
vn -0.84125400 0.00000000 -0.54064100
vn -0.95949300 -0.00000000 -0.28173300
vn -0.95116600 -0.30867900 0.00000000
vn -0.80910700 -0.58766200 -0.00000000
vn -0.58766200 -0.80910700 -0.00000000
vn -0.30867900 -0.95116600 -0.00000000
vn 0.00000000 -1.00000000 -0.00000000
vn 0.00000000 -1.00000000 -0.00000000
vn 0.00000000 -1.00000000 0.00000000
vn 0.00000000 -1.00000000 -0.00000000
vn -1.00000000 -0.00000000 -0.00000000
vn -1.00000000 -0.00000000 -0.00000000
vn -1.00000000 -0.00000000 -0.00000000
vn -1.00000000 -0.00000000 -0.00000000
vn -1.00000000 -0.00000000 -0.00000000
vn -1.00000000 -0.00000000 -0.00000000
vn -1.00000000 -0.00000000 -0.00000000
vn -0.95949300 -0.00000000 0.28173300
vn -0.84125400 -0.00000000 0.54064100
vn -0.65486100 -0.00000000 0.75575000
vn -0.41541500 -0.00000000 0.90963200
vn -0.14231500 -0.00000000 0.98982100
vn 0.14231500 0.00000000 0.98982100
vn 0.41541500 0.00000000 0.90963200
vn 0.65486100 0.00000000 0.75575000
vn 0.84125400 0.00000000 0.54064100
vn 0.95949300 0.00000000 0.28173300
vn 1.00000000 0.00000000 0.00000000
vn 0.95949300 0.00000000 -0.28173300
vn 0.84125400 -0.00000000 -0.54064100
vn 0.65486100 0.00000000 -0.75575000
vn 0.41541500 0.00000000 -0.90963200
vn 0.14231500 -0.00000000 -0.98982100
vn -0.14231500 -0.00000000 -0.98982100
vn -0.41541500 -0.00000000 -0.90963200
vn -0.65486100 -0.00000000 -0.75575000
vn -0.84125400 -0.00000000 -0.54064100
vn -0.95949300 -0.00000000 -0.28173300
vn 0.99934800 0.03610500 -0.00000000
vn 0.99739300 0.07216500 -0.00000000
vn 0.99413700 0.10813200 -0.00000000
vn 0.98958300 0.14396000 -0.00000000
vn 0.98373900 0.17960100 -0.00000000
vn 0.97661200 0.21500800 -0.00000000
vn 0.96821100 0.25013500 -0.00000000
vn 0.95854700 0.28493400 -0.00000000
vn 0.94763300 0.31936100 -0.00000000
vn 0.93548400 0.35336900 -0.00000000
vn 0.92211600 0.38691500 -0.00000000
vn 0.90754600 0.41995300 -0.00000000
vn 0.89179400 0.45244200 -0.00000000
vn 0.87488000 0.48433900 -0.00000000
vn 0.85682800 0.51560300 -0.00000000
vn 0.83766000 0.54619200 -0.00000000
vn 0.81740200 0.57606700 -0.00000000
vn 0.79608100 0.60519000 -0.00000000
vn 0.77372300 0.63352400 -0.00000000
vn 0.75035900 0.66103100 -0.00000000
vn 0.72601800 0.68767600 -0.00000000
vn 0.70073100 0.71342500 -0.00000000
vn 0.67453200 0.73824500 -0.00000000
vn 0.64745500 0.76210400 -0.00000000
vn 0.61953300 0.78497100 -0.00000000
vn 0.59080300 0.80681600 -0.00000000
vn 0.56130200 0.82761100 -0.00000000
vn 0.53106900 0.84732900 -0.00000000
vn 0.50014100 0.86594400 -0.00000000
vn 0.46855900 0.88343200 -0.00000000
vn 0.43636300 0.89977000 -0.00000000
vn 0.40359700 0.91493700 -0.00000000
vn 0.37030100 0.92891200 -0.00000000
vn 0.33651900 0.94167700 -0.00000000
vn 0.30229500 0.95321400 -0.00000000
vn 0.26767400 0.96351000 -0.00000000
vn 0.23270100 0.97254800 -0.00000000
vn 0.19742200 0.98031900 -0.00000000
vn 0.16188300 0.98681000 -0.00000000
vn 0.12613100 0.99201400 -0.00000000
vn 0.09021200 0.99592300 -0.00000000
vn 0.05417500 0.99853100 -0.00000000
vn 0.01806600 0.99983700 -0.00000000
vn -0.01806600 0.99983700 0.00000000
vn -0.05417500 0.99853100 0.00000000
vn -0.09021200 0.99592300 0.00000000
vn -0.12613100 0.99201400 0.00000000
vn -0.16188300 0.98681000 0.00000000
vn -0.19742200 0.98031900 0.00000000
vn -0.23270100 0.97254800 0.00000000
vn -0.26767400 0.96351000 0.00000000
vn -0.30229500 0.95321400 0.00000000
vn -0.33651900 0.94167700 0.00000000
vn -0.37030100 0.92891200 0.00000000
vn -0.40359700 0.91493700 0.00000000
vn -0.43636300 0.89977000 0.00000000
vn -0.46855900 0.88343200 0.00000000
vn -0.50014100 0.86594400 0.00000000
vn -0.53106900 0.84732900 0.00000000
vn -0.56130200 0.82761100 0.00000000
vn -0.59080300 0.80681600 0.00000000
vn -0.61953300 0.78497100 0.00000000
vn -0.64745500 0.76210400 0.00000000
vn -0.67453200 0.73824500 0.00000000
vn -0.70073100 0.71342500 0.00000000
vn -0.72601800 0.68767600 0.00000000
vn -0.75035900 0.66103100 0.00000000
vn -0.77372300 0.63352400 0.00000000
vn -0.79608100 0.60519000 0.00000000
vn -0.81740200 0.57606700 0.00000000
vn -0.83766000 0.54619200 0.00000000
vn -0.85682800 0.51560300 0.00000000
vn -0.87488000 0.48433900 0.00000000
vn -0.89179400 0.45244200 0.00000000
vn -0.90754600 0.41995300 0.00000000
vn -0.92211600 0.38691500 0.00000000
vn -0.93548400 0.35336900 0.00000000
vn -0.94763300 0.31936100 0.00000000
vn -0.95854700 0.28493400 0.00000000
vn -0.96821100 0.25013500 0.00000000
vn -0.97661200 0.21500800 0.00000000
vn -0.98373900 0.17960100 0.00000000
vn -0.98958300 0.14396000 0.00000000
vn -0.99413700 0.10813200 0.00000000
vn -0.99739300 0.07216500 0.00000000
vn -0.99934800 0.03610500 0.00000000
vn 0.87459100 0.00000000 0.48486100
vn 0.53508400 0.00000000 0.84479900
vn 0.27369000 0.00000000 0.96181800
vn -0.01780700 -0.00000000 0.99984100
vn -0.26796500 -0.00000000 0.96342900
vn -0.80137000 -0.00000000 0.59816900
vn -0.61845800 -0.00000000 0.78581800
vn -0.93596100 -0.00000000 0.35210500
vn -0.99616100 -0.00000000 0.08754000
vn -0.98103400 -0.00000000 -0.19383800
vn -0.88399900 -0.00000000 -0.46749000
vn -0.72321800 -0.00000000 -0.69061900
vn -0.53216200 -0.00000000 -0.84664300
vn -0.33536900 -0.00000000 -0.94208700
vn 0.29385700 0.00000000 -0.95584900
vn 0.05870900 0.00000000 -0.99827500
vn 0.52543800 0.00000000 -0.85083200
vn 0.89100400 0.00000000 -0.45399600
vn 0.97159700 0.00000000 0.23664000
vn 0.85262700 0.00000000 0.52252000
vn 0.69971800 0.00000000 0.71441900
vn -0.15062500 -0.00000000 -0.98859100
vn 0.67582500 0.00000000 -0.73706200
vn 0.81630500 0.00000000 -0.57762100
vn 0.96755600 0.00000000 -0.25265700
vn 0.87712500 0.00000000 0.48026200
vn 0.71272000 0.00000000 0.70144900
vn 0.66148400 0.00000000 0.74996000
vn 0.48704600 0.00000000 0.87337600
vn 0.23727500 0.00000000 0.97144300
vn -0.03639400 -0.00000000 0.99933800
vn -0.31422300 -0.00000000 0.94934900
vn -0.55025100 -0.00000000 0.83499900
vn -0.78379700 -0.00000000 0.62101700
vn -0.90718500 -0.00000000 0.42073300
vn -0.99301100 -0.00000000 0.11802100
vn -0.99217100 -0.00000000 -0.12488700
vn -0.89611600 -0.00000000 -0.44382100
vn -0.75056100 -0.00000000 -0.66080100
vn -0.48301600 -0.00000000 -0.87561200
vn -0.25577700 -0.00000000 -0.96673600
vn -0.01190200 -0.00000000 -0.99992900
vn 0.24685200 0.00000000 -0.96905300
vn 0.57663500 0.00000000 -0.81700200
vn 0.77008400 0.00000000 -0.63794200
vn 0.88289900 0.00000000 -0.46956300
vn 0.90900800 0.00000000 -0.41677800
vn 0.71253000 0.00000000 -0.70164200
vn 0.87439600 0.00000000 -0.48521200
vn 0.48494100 0.00000000 -0.87454700
vn 0.66031900 0.00000000 -0.75098500
vn 0.23222500 0.00000000 -0.97266200
vn -0.04264500 -0.00000000 -0.99909000
vn -0.31678200 -0.00000000 -0.94849800
vn -0.55439800 -0.00000000 -0.83225200
vn -0.79846500 -0.00000000 -0.60204100
vn -0.92497500 -0.00000000 -0.38002900
vn -0.99835400 -0.00000000 -0.05735700
vn -0.98542300 -0.00000000 0.17012200
vn -0.89647300 -0.00000000 0.44309900
vn -0.77603900 -0.00000000 0.63068500
vn -0.54856200 -0.00000000 0.83611000
vn -0.31795000 -0.00000000 0.94810800
vn -0.03301900 -0.00000000 0.99945500
vn 0.25062500 0.00000000 0.96808400
vn 0.77162400 0.00000000 0.63607900
vn 0.57259100 0.00000000 0.81984100
vn 0.88315500 0.00000000 0.46908000
vn 0.90826600 0.00000000 0.41839300
vn 0.81392400 0.00000000 0.58097100
vn 0.81462700 0.00000000 -0.57998600
vn 0.96035100 0.00000000 -0.27879400
vn 0.96025300 0.00000000 0.27913000
vn 0.98004700 0.00000000 0.19876800
vn 0.98004300 0.00000000 -0.19878500
vn 0.98811000 0.00000000 -0.15375100
vn 0.98885300 0.00000000 0.14889500
vn 0.97946800 0.00000000 -0.20159900
vn 0.97962300 0.00000000 0.20084700
vn 0.97966500 0.00000000 -0.20063800
vn 0.98167400 0.00000000 0.19056800
vn 0.98245000 0.00000000 -0.18652600
vn 0.98177500 0.00000000 0.19004800
vn 0.99131900 0.00000000 -0.13147800
vn 0.99161100 0.00000000 0.12925700
vn 0.99001700 0.00000000 -0.14094500
vn 0.99003000 0.00000000 0.14085400
vn 0.95240700 0.00000000 -0.30482900
vn 0.95265100 0.00000000 0.30406500
vn 0.85514200 0.00000000 0.51839400
vn 0.86414500 0.00000000 -0.50324200
vn 0.93916500 0.00000000 0.34346700
vn 0.93904400 0.00000000 -0.34379700
vn 0.57347400 0.00000000 0.81922300
vn -0.67532000 -0.00000000 0.73752500
vn -0.87777200 -0.00000000 0.47907900
vn -0.96191100 -0.00000000 0.27336300
vn -0.99446600 -0.00000000 -0.10505900
vn -0.94751700 -0.00000000 -0.31970600
vn -0.78807600 -0.00000000 -0.61557800
vn -0.63552600 -0.00000000 -0.77208000
vn -0.32281500 -0.00000000 -0.94646200
vn 0.20998100 0.00000000 -0.97770500
vn 0.41181100 0.00000000 -0.91126900
vn 0.73031700 0.00000000 -0.68310900
vn 0.57231300 0.00000000 -0.82003500
vn -0.68180500 -0.00000000 -0.73153400
vn -0.88171700 -0.00000000 -0.47177900
vn -0.96403100 -0.00000000 -0.26579000
vn -0.99612600 -0.00000000 0.08793500
vn -0.95153700 -0.00000000 0.30753300
vn -0.78593100 -0.00000000 0.61831400
vn -0.62375800 -0.00000000 0.78161800
vn -0.30828300 -0.00000000 0.95129500
vn 0.21840800 0.00000000 0.97585800
vn 0.41912400 0.00000000 0.90792900
vn 0.73306800 0.00000000 0.68015500
vn 0.58991000 0.00000000 0.80746900
vn 0.37122500 0.00000000 0.92854300
vn 0.35774100 0.00000000 0.93382100
vn 0.14956700 0.00000000 0.98875200
vn 0.07623900 0.00000000 0.99709000
vn -0.14061300 -0.00000000 0.99006500
vn -0.19339200 -0.00000000 0.98112200
vn -0.40499800 -0.00000000 0.91431800
vn -0.47018300 -0.00000000 0.88256900
vn -0.62563000 -0.00000000 0.78012000
vn -0.68658500 -0.00000000 0.72704900
vn -0.81574200 -0.00000000 0.57841600
vn -0.83436200 -0.00000000 0.55121800
vn -0.94524200 -0.00000000 0.32636900
vn -0.95387800 -0.00000000 0.30019400
vn -0.99914700 -0.00000000 0.04129700
vn -0.99999500 -0.00000000 -0.00326900
vn -0.97070000 -0.00000000 -0.24029500
vn -0.94851100 -0.00000000 -0.31674400
vn -0.87156500 -0.00000000 -0.49028000
vn -0.79482600 -0.00000000 -0.60683800
vn -0.69658300 -0.00000000 -0.71747600
vn -0.59311500 -0.00000000 -0.80511700
vn -0.43712900 -0.00000000 -0.89939900
vn -0.35457900 -0.00000000 -0.93502600
vn -0.16861200 -0.00000000 -0.98568200
vn -0.13168300 -0.00000000 -0.99129200
vn 0.10853200 0.00000000 -0.99409300
vn 0.07291400 0.00000000 -0.99733800
vn 0.38803700 0.00000000 -0.92164400
vn 0.32516600 0.00000000 -0.94565700
vn 0.59763600 0.00000000 -0.80176800
vn 0.67966300 0.00000000 0.73352500
vn 0.73542200 0.00000000 0.67760900
vn 0.75180700 0.00000000 -0.65938300
vn 0.97032300 0.00000000 0.24181400
vn 0.96763200 0.00000000 -0.25236700
vn 0.93184400 0.00000000 0.36285900
vn 0.93518800 0.00000000 -0.35415100
vn 0.73934700 0.00000000 0.67332400
vn 0.82296300 0.00000000 -0.56809500
vn 0.17875200 0.00000000 -0.98389400
vn 0.71759000 0.00000000 0.69646600
vn 0.72226500 0.00000000 -0.69161600
vn 0.97094100 0.00000000 0.23931800
vn 0.97088800 0.00000000 -0.23953300
vn 0.95831200 0.00000000 0.28572500
vn 0.95681000 0.00000000 -0.29071400
vn 0.97874900 0.00000000 -0.20506300
vn 0.97891900 0.00000000 0.20425100
vn 0.98333600 0.00000000 -0.18179700
vn 0.98223200 0.00000000 0.18767100
vn 0.99220600 0.00000000 -0.12460900
vn 0.99216200 0.00000000 0.12496200
vn 0.97714200 0.00000000 0.21258900
vn 0.97712500 0.00000000 -0.21266500
vn 0.97875000 0.00000000 -0.20505900
vn 0.97893800 0.00000000 0.20415700
vn 0.97927800 0.00000000 -0.20251900
vn 0.97768700 0.00000000 0.21006800
vn 0.97609100 0.00000000 0.21736000
vn 0.97453300 0.00000000 -0.22424600
vn 0.97822700 0.00000000 0.20754000
vn 0.97797800 0.00000000 -0.20870600
vn 0.60369200 0.00000000 -0.79721800
vn 0.60355300 0.00000000 0.79732300
vn 0.67901400 0.00000000 0.73412600
vn 0.67985000 0.00000000 -0.73335100
vn 0.99136100 0.00000000 -0.13116200
vn 0.99140600 0.00000000 0.13082000
vn 0.91961700 0.00000000 -0.39281500
vn 0.92031700 0.00000000 0.39117300
vn 0.87277700 0.00000000 0.48812000
vn 0.87249900 0.00000000 -0.48861700
vn -0.54463000 -0.00000000 0.83867700
vn -0.77064700 -0.00000000 0.63726200
vn -0.99398800 -0.00000000 0.10948600
vn -0.89095700 -0.00000000 -0.45408800
vn -0.49640100 -0.00000000 -0.86809300
vn 0.03230600 0.00000000 -0.99947800
vn -0.55019100 -0.00000000 -0.83503900
vn -0.77542300 -0.00000000 -0.63144200
vn -0.99388800 -0.00000000 -0.11039300
vn -0.89173500 -0.00000000 0.45255800
vn -0.48439000 -0.00000000 0.87485200
vn 0.04151000 0.00000000 0.99913800
vn 0.57392100 0.00000000 -0.81891100
vn 0.57815500 0.00000000 0.81592700
vn 0.82751600 0.00000000 -0.56144200
vn 0.82895900 0.00000000 0.55930900
vn 0.75456800 0.00000000 0.65622200
vn 0.75404400 0.00000000 -0.65682400
vn 0.35218800 0.00000000 0.93592900
vn 0.35060200 0.00000000 -0.93652400
vn 0.05748800 0.00000000 0.99834600
vn -0.20930700 -0.00000000 0.97785000
vn -0.43237200 -0.00000000 0.90169600
vn -0.12972600 -0.00000000 -0.99155000
vn 0.13699000 0.00000000 -0.99057200
vn 0.38237100 0.00000000 -0.92400900
vn 0.05498100 0.00000000 -0.99848700
vn -0.21267500 -0.00000000 -0.97712300
vn -0.43634600 -0.00000000 -0.89977900
vn -0.12073800 -0.00000000 0.99268400
vn 0.14342400 0.00000000 0.98966100
vn 0.38759500 0.00000000 0.92183000
vn 0.70304600 0.00000000 -0.71114400
vn 0.70535500 0.00000000 0.70885400
vn 0.91320200 0.00000000 -0.40750800
vn 0.91373800 0.00000000 0.40630400
vn 0.53495500 0.00000000 0.84488000
vn 0.38343400 0.00000000 0.92356800
vn 0.07907200 0.00000000 0.99686900
vn -0.12748600 -0.00000000 0.99184000
vn -0.25519700 -0.00000000 0.96688900
vn -0.43077500 -0.00000000 0.90245900
vn -0.68130200 -0.00000000 0.73200300
vn -0.79585200 -0.00000000 0.60549100
vn -0.48357800 -0.00000000 0.87530100
vn -0.59993000 -0.00000000 0.80005300
vn -0.84832100 -0.00000000 0.52948200
vn -0.94352900 -0.00000000 0.33129000
vn -0.96388800 -0.00000000 0.26630800
vn -0.99827700 -0.00000000 0.05868200
vn -0.99995700 -0.00000000 -0.00930200
vn -0.97561200 -0.00000000 -0.21950100
vn -0.95106900 -0.00000000 -0.30897700
vn -0.85187000 -0.00000000 -0.52375300
vn -0.80337000 -0.00000000 -0.59548100
vn -0.66554400 -0.00000000 -0.74635900
vn -0.57764200 -0.00000000 -0.81629000
vn -0.47433100 -0.00000000 -0.88034700
vn -0.33038300 -0.00000000 -0.94384700
vn -0.26670900 -0.00000000 -0.96377700
vn 0.38628400 0.00000000 -0.92238000
vn -0.15880500 -0.00000000 -0.98731000
vn 0.05242500 0.00000000 -0.99862500
vn 0.56512600 0.00000000 -0.82500500
vn 0.55971400 0.00000000 0.82868600
vn 0.58405500 0.00000000 -0.81171400
vn 0.81272200 0.00000000 0.58265100
vn 0.81518300 0.00000000 -0.57920400
vn 0.46620100 0.00000000 0.88467900
vn 0.46913200 0.00000000 -0.88312800
vn 0.20532700 0.00000000 0.97869300
vn -0.04592000 -0.00000000 0.99894500
vn -0.32334500 -0.00000000 0.94628100
vn -0.56074500 -0.00000000 0.82798800
vn -0.76403600 -0.00000000 0.64517400
vn -0.92944200 -0.00000000 0.36896900
vn -0.99413500 -0.00000000 0.10814400
vn -0.98124900 -0.00000000 -0.19274400
vn -0.89399900 -0.00000000 -0.44807000
vn -0.72770700 -0.00000000 -0.68588800
vn -0.50640200 -0.00000000 -0.86229700
vn -0.27166200 -0.00000000 -0.96239300
vn -0.03993300 -0.00000000 -0.99920200
vn 0.19797900 0.00000000 -0.98020600
vn 0.19523100 0.00000000 -0.98075700
vn -0.07634700 -0.00000000 -0.99708100
vn -0.34395700 -0.00000000 -0.93898500
vn -0.58974500 -0.00000000 -0.80759000
vn -0.79438200 -0.00000000 -0.60741900
vn -0.93423800 -0.00000000 -0.35665100
vn -0.99612800 -0.00000000 -0.08791800
vn -0.98120400 -0.00000000 0.19297500
vn -0.89827300 -0.00000000 0.43943800
vn -0.74768900 -0.00000000 0.66404900
vn -0.56726500 -0.00000000 0.82353600
vn -0.27761800 -0.00000000 0.96069200
vn -0.02512900 -0.00000000 0.99968400
vn 0.20789700 0.00000000 0.97815100
vn 0.74262800 0.00000000 -0.66970500
vn 0.73920200 0.00000000 0.67348400
vn 0.85061500 0.00000000 -0.52579000
vn 0.84840300 0.00000000 0.52935100
vn 0.30833300 0.00000000 0.95127900
vn 0.13657600 0.00000000 0.99063000
vn 0.03726700 0.00000000 -0.99930500
vn 0.38183500 0.00000000 -0.92423000
vn 0.69982900 0.00000000 -0.71431100
vn 0.22327600 0.00000000 -0.97475500
vn 0.89715400 0.00000000 0.44171800
vn 0.89695400 0.00000000 -0.44212400
vn 0.76237700 0.00000000 0.64713300
vn 0.76173700 0.00000000 -0.64788600
vn 0.55057000 0.00000000 0.83478900
vn 0.54899000 0.00000000 -0.83582900
vn 0.44157900 0.00000000 -0.89722200
vn 0.45034800 0.00000000 0.89285300
vn 0.27633600 0.00000000 0.96106100
vn 0.00491700 0.00000000 0.99998800
vn -0.26843900 -0.00000000 0.96329700
vn -0.49723300 -0.00000000 0.86761700
vn -0.70288300 -0.00000000 0.71130500
vn -0.88738500 -0.00000000 0.46102900
vn -0.98044800 -0.00000000 0.19677700
vn -0.99614000 -0.00000000 -0.08778100
vn -0.93513600 -0.00000000 -0.35428900
vn -0.77835600 -0.00000000 -0.62782300
vn -0.57943200 -0.00000000 -0.81502000
vn -0.31809400 -0.00000000 -0.94805900
vn -0.03331700 -0.00000000 -0.99944500
vn 0.21756500 0.00000000 -0.97604600
vn 0.27330500 0.00000000 -0.96192700
vn 0.00056300 0.00000000 -1.00000000
vn -0.27430900 -0.00000000 -0.96164200
vn -0.50504500 -0.00000000 -0.86309300
vn -0.71277000 -0.00000000 -0.70139700
vn -0.89508400 -0.00000000 -0.44589800
vn -0.98317400 -0.00000000 -0.18267100
vn -0.99318400 -0.00000000 0.11655500
vn -0.91807900 -0.00000000 0.39639800
vn -0.78159800 -0.00000000 0.62378200
vn -0.53904200 -0.00000000 0.84227900
vn -0.29438300 -0.00000000 0.95568800
vn -0.02817800 -0.00000000 0.99960300
vn 0.22970100 0.00000000 0.97326100
vn 0.10782200 0.00000000 0.99417000
vn 0.40174300 0.00000000 -0.91575200
vn 0.40015700 0.00000000 0.91644700
vn 0.85217200 0.00000000 -0.52326200
vn 0.84750100 0.00000000 0.53079400
vn 0.94152900 0.00000000 -0.33693300
vn 0.93625700 0.00000000 0.35131500
vn 0.86023800 0.00000000 0.50989400
vn 0.83740300 0.00000000 -0.54658600
vn 0.88770400 0.00000000 0.46041400
vn 0.90370100 0.00000000 -0.42816400
vn 0.92838300 0.00000000 -0.37162600
vn 0.92655900 0.00000000 0.37615000
vn 0.81728600 0.00000000 0.57623300
vn 0.78666600 0.00000000 -0.61737900
vn 0.96384000 0.00000000 0.26648300
vn 0.97461300 0.00000000 -0.22389700
vn 0.94622800 0.00000000 0.32350200
vn 0.93957400 0.00000000 -0.34234500
vn 0.90579200 0.00000000 0.42372300
vn 0.88979200 0.00000000 -0.45636700
vn -0.67571200 -0.00000000 0.73716600
vn -0.96169500 -0.00000000 0.27412200
vn -0.95802700 -0.00000000 -0.28667800
vn -0.62291700 -0.00000000 -0.78228800
vn 0.45937400 0.00000000 -0.88824300
vn -0.68531100 -0.00000000 -0.72825000
vn -0.97574700 -0.00000000 -0.21890100
vn -0.95097200 -0.00000000 0.30927800
vn -0.67063400 -0.00000000 0.74178900
vn 0.46284400 0.00000000 0.88644000
vn 0.62418100 0.00000000 -0.78128000
vn 0.62702100 0.00000000 0.77900300
vn 0.97990300 0.00000000 -0.19947500
vn 0.97959000 0.00000000 0.20100700
vn 0.91767100 0.00000000 0.39734200
vn 0.91709200 0.00000000 -0.39867500
vn 0.12171200 0.00000000 0.99256500
vn -0.15907300 -0.00000000 0.98726700
vn -0.44195700 -0.00000000 0.89703600
vn -0.66599400 -0.00000000 0.74595700
vn -0.85092100 -0.00000000 0.52529400
vn -0.96168900 -0.00000000 0.27414200
vn -0.99989700 -0.00000000 -0.01436300
vn -0.95765100 -0.00000000 -0.28793100
vn -0.82385600 -0.00000000 -0.56679900
vn -0.60933200 -0.00000000 -0.79291500
vn -0.35107300 -0.00000000 -0.93634800
vn -0.13308900 -0.00000000 -0.99110400
vn 0.10889500 0.00000000 -0.99405300
vn 0.41383100 0.00000000 -0.91035400
vn 0.11720600 0.00000000 -0.99310800
vn -0.16428800 -0.00000000 -0.98641200
vn -0.44894700 -0.00000000 -0.89355900
vn -0.67722100 -0.00000000 -0.73578000
vn -0.86669700 -0.00000000 -0.49883500
vn -0.97820400 -0.00000000 -0.20764400
vn -0.99585700 -0.00000000 0.09092900
vn -0.94753200 -0.00000000 0.31966100
vn -0.83665400 -0.00000000 0.54773100
vn -0.67475800 -0.00000000 0.73803900
vn -0.48652200 -0.00000000 0.87366900
vn -0.20529600 -0.00000000 0.97870000
vn 0.13869100 0.00000000 0.99033600
vn 0.42326800 0.00000000 0.90600400
vn 0.39256300 0.00000000 0.91972500
vn 0.38970300 0.00000000 -0.92094100
vn 0.63424900 0.00000000 0.77312900
vn 0.63306900 0.00000000 -0.77409500
vn 0.65603700 0.00000000 -0.75472900
vn 0.66021600 0.00000000 0.75107500
vn 0.82295100 0.00000000 0.56811200
vn 0.82264500 0.00000000 -0.56855600
vn 0.51887600 0.00000000 0.85485000
vn 0.57941900 0.00000000 -0.81503000
vn 0.98788200 0.00000000 0.15520700
vn 0.98786000 0.00000000 -0.15534700
vn 0.94009300 0.00000000 0.34091700
vn 0.94003300 0.00000000 -0.34108400
vn 0.85465400 0.00000000 -0.51919800
vn 0.85590700 0.00000000 0.51713000
vn 0.97722300 0.00000000 0.21221400
vn 0.97719400 0.00000000 -0.21234800
vn 0.98232200 0.00000000 -0.18719900
vn 0.98241200 0.00000000 0.18672800
vn -0.43489100 -0.00000000 0.90048300
vn 0.98700800 0.00000000 -0.16067000
vn 0.98846800 0.00000000 0.15143000
vn 0.89537300 0.00000000 0.44531700
vn 0.89520000 0.00000000 -0.44566400
vn 0.59198800 0.00000000 0.80594700
vn 0.59120300 0.00000000 -0.80652300
vn 0.46407700 0.00000000 0.88579500
vn 0.46318100 0.00000000 -0.88626400
vn 0.20043200 0.00000000 0.97970800
vn 0.19884500 0.00000000 -0.98003100
vn -0.06965600 -0.00000000 0.99757100
vn -0.32452100 -0.00000000 0.94587900
vn -0.64356300 -0.00000000 0.76539300
vn -0.82765300 -0.00000000 0.56124000
vn -0.95632400 -0.00000000 0.29230800
vn -0.99999800 -0.00000000 0.00207100
vn -0.95743500 -0.00000000 -0.28864900
vn -0.83924300 -0.00000000 -0.54375600
vn -0.64442000 -0.00000000 -0.76467200
vn -0.37500000 -0.00000000 -0.92702500
vn -0.20185600 -0.00000000 -0.97941500
vn -0.07192700 -0.00000000 -0.99741000
vn -0.32733100 -0.00000000 -0.94491000
vn -0.64750000 -0.00000000 -0.76206600
vn -0.83014000 -0.00000000 -0.55755500
vn -0.95701900 -0.00000000 -0.29002600
vn -0.99998200 -0.00000000 -0.00597100
vn -0.95897900 -0.00000000 0.28347600
vn -0.83891400 -0.00000000 0.54426500
vn -0.63935000 -0.00000000 0.76891600
vn -0.36725300 -0.00000000 0.93012100
vn -0.19540500 -0.00000000 0.98072300
vn 0.29441900 0.00000000 -0.95567700
vn 0.29875100 0.00000000 0.95433100
vn 0.56320700 0.00000000 -0.82631600
vn 0.56632000 0.00000000 0.82418500
vn 0.80233100 0.00000000 -0.59688000
vn 0.80352400 0.00000000 0.59527200
vn 0.57990800 0.00000000 0.81468200
vn 0.54687800 0.00000000 -0.83721200
vn 0.85147600 0.00000000 0.52439400
vn 0.85112000 0.00000000 -0.52497200
vn 0.73966300 0.00000000 0.67297700
vn 0.73895100 0.00000000 -0.67375900
vn 0.94152300 0.00000000 -0.33694900
vn 0.94171400 0.00000000 0.33641500
vn 0.60789800 0.00000000 -0.79401500
vn 0.61272000 0.00000000 0.79030000
vn 0.38934300 0.00000000 0.92109300
vn 0.38728800 0.00000000 -0.92195900
vn 0.16504800 0.00000000 0.98628600
vn 0.16206300 0.00000000 -0.98678000
vn -0.10730000 -0.00000000 0.99422700
vn -0.38086600 -0.00000000 0.92463000
vn -0.56595000 -0.00000000 0.82443900
vn -0.79116200 -0.00000000 0.61160700
vn -0.99693600 -0.00000000 0.07822300
vn -0.97585800 -0.00000000 -0.21840600
vn -0.87750700 -0.00000000 -0.47956500
vn -0.47566300 -0.00000000 -0.87962700
vn -0.11992800 -0.00000000 -0.99278300
vn 0.06189000 0.00000000 -0.99808300
vn -0.11152400 -0.00000000 -0.99376200
vn -0.38650500 -0.00000000 -0.92228700
vn -0.57328300 -0.00000000 -0.81935800
vn -0.79791700 -0.00000000 -0.60276700
vn -0.99743100 -0.00000000 -0.07163300
vn -0.87469100 -0.00000000 0.48468100
vn -0.45479400 -0.00000000 0.89059700
vn -0.10780200 -0.00000000 0.99417200
vn 0.07139600 0.00000000 0.99744800
vn 0.84129100 0.00000000 -0.54058200
vn 0.84284700 0.00000000 0.53815300
vn 0.91053800 0.00000000 -0.41342600
vn 0.91138300 0.00000000 0.41155900
vn 0.84518100 0.00000000 -0.53448100
vn 0.84570500 0.00000000 0.53365100
vn 0.73956300 0.00000000 0.67308800
vn -0.07936400 -0.00000000 0.99684600
vn -0.01542000 -0.00000000 0.99988100
vn -0.28928300 -0.00000000 0.95724300
vn -0.81413900 -0.00000000 0.58067000
vn -0.57483900 -0.00000000 0.81826700
vn -0.94045600 -0.00000000 0.33991400
vn -0.99658300 -0.00000000 0.08259400
vn -0.98270400 -0.00000000 -0.18518200
vn -0.88758600 -0.00000000 -0.46064200
vn -0.72080400 -0.00000000 -0.69313900
vn -0.52810300 -0.00000000 -0.84918000
vn -0.32081800 -0.00000000 -0.94714100
vn -0.08808200 -0.00000000 -0.99611300
vn -0.05987200 -0.00000000 -0.99820600
vn 0.72609600 0.00000000 0.68759400
vn 0.72895900 0.00000000 -0.68455700
vn 0.72528300 0.00000000 0.68845000
vn 0.73367000 0.00000000 -0.67950600
vn 0.55863500 0.00000000 0.82941400
vn 0.50646100 0.00000000 -0.86226300
vn 0.01688000 0.00000000 0.99985800
vn 0.28206800 0.00000000 0.95939400
vn -0.22235900 -0.00000000 0.97496500
vn -0.10701200 -0.00000000 0.99425800
vn -0.54887400 -0.00000000 0.83590500
vn -0.30322000 -0.00000000 0.95292100
vn -0.70902200 -0.00000000 0.70518700
vn -0.86891800 -0.00000000 0.49495500
vn -0.99003100 -0.00000000 0.14085000
vn -0.90172500 -0.00000000 0.43230900
vn -0.99747700 -0.00000000 -0.07098400
vn -0.90904700 -0.00000000 -0.41669400
vn -0.97837200 -0.00000000 -0.20685300
vn -0.79707500 -0.00000000 -0.60388100
vn -0.87818200 -0.00000000 -0.47832600
vn -0.60032600 -0.00000000 -0.79975600
vn -0.70231800 -0.00000000 -0.71186400
vn -0.36397800 -0.00000000 -0.93140700
vn -0.47745400 -0.00000000 -0.87865700
vn 0.03746400 0.00000000 -0.99929800
vn -0.22704500 -0.00000000 -0.97388400
vn 0.28494900 0.00000000 -0.95854300
vn 0.25092200 0.00000000 0.96800700
vn 0.29227800 0.00000000 -0.95633300
vn 0.78138900 0.00000000 -0.62404400
vn 0.78097500 0.00000000 0.62456200
vn 0.54544000 0.00000000 0.83815000
vn 0.54503300 0.00000000 -0.83841500
vn 0.34366100 0.00000000 0.93909400
vn 0.33959900 0.00000000 -0.94057000
vn 0.08750900 0.00000000 0.99616400
vn -0.18824400 -0.00000000 0.98212200
vn -0.47314000 -0.00000000 0.88098700
vn -0.68582200 -0.00000000 0.72776900
vn -0.85434900 -0.00000000 0.51970000
vn -0.96091500 -0.00000000 0.27684500
vn -0.99990300 -0.00000000 0.01391500
vn -0.95952000 -0.00000000 -0.28164000
vn -0.84466600 -0.00000000 -0.53529400
vn -0.63061900 -0.00000000 -0.77609200
vn -0.38897600 -0.00000000 -0.92124800
vn -0.14586500 -0.00000000 -0.98930500
vn 0.10611500 0.00000000 -0.99435400
vn 0.07659800 0.00000000 -0.99706200
vn -0.19725600 -0.00000000 -0.98035200
vn -0.45797700 -0.00000000 -0.88896400
vn -0.69184000 -0.00000000 -0.72205000
vn -0.87057900 -0.00000000 -0.49202900
vn -0.97445700 -0.00000000 -0.22457400
vn -0.99878900 -0.00000000 0.04920500
vn -0.95481800 -0.00000000 0.29719000
vn -0.85330500 -0.00000000 0.52141200
vn -0.66810200 -0.00000000 0.74407000
vn -0.43332500 -0.00000000 0.90123800
vn -0.16691500 -0.00000000 0.98597100
vn 0.10410900 0.00000000 0.99456600
vn 0.37734300 0.00000000 -0.92607400
vn 0.37854300 0.00000000 0.92558400
vn 0.93267000 0.00000000 0.36073100
vn 0.92005000 0.00000000 -0.39180200
vn 0.36657700 0.00000000 0.93038800
vn 0.35808800 0.00000000 -0.93368800
vn 0.91249500 0.00000000 0.40908900
vn 0.91269000 0.00000000 -0.40865200
vn 0.17622900 0.00000000 0.98434900
vn -0.21936300 -0.00000000 0.97564300
vn -0.46460200 -0.00000000 0.88552000
vn -0.43499000 -0.00000000 0.90043500
vn -0.72766100 -0.00000000 0.68593700
vn -0.87932100 -0.00000000 0.47622900
vn -0.97305900 -0.00000000 0.23055700
vn -0.99938700 -0.00000000 -0.03499600
vn -0.93702000 -0.00000000 -0.34927500
vn -0.79514000 -0.00000000 -0.60642600
vn -0.61408000 -0.00000000 -0.78924400
vn -0.42022700 -0.00000000 -0.90741900
vn -0.24871700 -0.00000000 -0.96857600
vn 0.19933200 0.00000000 -0.97993200
vn 0.74444000 0.00000000 0.66769000
vn 0.76747100 0.00000000 -0.64108400
vn 0.39840800 0.00000000 0.91720800
vn 0.44153800 0.00000000 -0.89724300
vn 0.59397100 0.00000000 0.80448600
vn 0.62266600 0.00000000 -0.78248800
vn 0.89824600 0.00000000 0.43949200
vn 0.89828500 0.00000000 -0.43941400
vn 0.92106100 0.00000000 0.38941700
vn 0.92099500 0.00000000 -0.38957300
vn 0.77253800 0.00000000 0.63496900
vn 0.77226000 0.00000000 -0.63530600
vn 0.57285400 0.00000000 0.81965700
vn 0.57244000 0.00000000 -0.81994600
vn 0.32111100 0.00000000 0.94704200
vn 0.32026900 0.00000000 -0.94732700
vn 0.06275800 0.00000000 0.99802900
vn -0.18725800 -0.00000000 0.98231100
vn -0.45797500 -0.00000000 0.88896500
vn -0.71672800 -0.00000000 0.69735300
vn -0.90271000 -0.00000000 0.43025000
vn -0.98912400 -0.00000000 0.14708100
vn -0.98974300 -0.00000000 -0.14286000
vn -0.90841000 -0.00000000 -0.41808000
vn -0.75176800 -0.00000000 -0.65942800
vn -0.52719000 -0.00000000 -0.84974700
vn -0.25130200 -0.00000000 -0.96790900
vn -0.04468900 -0.00000000 -0.99900100
vn 0.06135500 0.00000000 -0.99811600
vn -0.18899800 -0.00000000 -0.98197700
vn -0.46002000 -0.00000000 -0.88790800
vn -0.71815600 -0.00000000 -0.69588200
vn -0.90331900 -0.00000000 -0.42896900
vn -0.98907800 -0.00000000 -0.14739400
vn -0.98999100 -0.00000000 0.14112900
vn -0.90875500 -0.00000000 0.41733000
vn -0.75069500 -0.00000000 0.66064900
vn -0.52431500 -0.00000000 0.85152400
vn -0.24771400 -0.00000000 0.96883300
vn -0.03947000 -0.00000000 0.99922100
vn 0.19974900 0.00000000 -0.97984700
vn 0.20276600 0.00000000 0.97922700
vn 0.44780300 0.00000000 -0.89413200
vn 0.45037000 0.00000000 0.89284200
vn 0.67686500 0.00000000 -0.73610700
vn 0.67822500 0.00000000 0.73485500
vn -0.16474900 -0.00000000 0.98633600
vn -0.88146000 -0.00000000 0.47226000
vn -0.97606200 -0.00000000 0.21749400
vn -0.99860900 -0.00000000 -0.05272300
vn -0.94387500 -0.00000000 -0.33030300
vn -0.81193500 -0.00000000 -0.58374800
vn -0.63091500 -0.00000000 -0.77585200
vn -0.43183600 -0.00000000 -0.90195200
vn -0.22505300 -0.00000000 -0.97434700
vn 0.15069000 0.00000000 0.98858100
vn -0.65499700 -0.00000000 0.75563200
vn 0.14902200 0.00000000 -0.98883400
vn 0.98386400 0.00000000 0.17891900
vn 0.98385300 0.00000000 -0.17897900
vn 0.98666100 0.00000000 -0.16278900
vn 0.98669500 0.00000000 0.16258200
vn 0.53382600 0.00000000 0.84559400
vn 0.54449800 0.00000000 -0.83876200
vn 0.08775400 0.00000000 0.99614200
vn -0.41628400 -0.00000000 0.90923500
vn -0.45157000 -0.00000000 0.89223600
vn -0.62876600 -0.00000000 0.77759500
vn -0.79437400 -0.00000000 0.60742800
vn -0.95663800 -0.00000000 0.29127900
vn -0.97194300 -0.00000000 0.23521700
vn -0.99965200 -0.00000000 0.02639200
vn -0.96094000 -0.00000000 -0.27675600
vn -0.16317700 -0.00000000 -0.98659700
vn 0.04506400 0.00000000 -0.99898400
vn 0.41498200 0.00000000 0.90983000
vn 0.66696100 0.00000000 -0.74509300
vn 0.98983900 0.00000000 -0.14219500
vn 0.99070500 0.00000000 0.13603100
vn 0.94234800 0.00000000 0.33463400
vn 0.93686500 0.00000000 -0.34969000
vn 0.90428600 0.00000000 -0.42692700
vn 0.90445100 0.00000000 0.42657700
vn 0.98257700 0.00000000 0.18585600
vn 0.98254900 0.00000000 -0.18600200
vn 0.75578700 0.00000000 0.65481700
vn 0.85625900 0.00000000 -0.51654700
vn 0.86878400 0.00000000 0.49519200
vn 0.72076000 0.00000000 -0.69318500
vn 0.18538500 0.00000000 -0.98266600
vn -0.08565900 -0.00000000 -0.99632500
vn 0.77884000 0.00000000 -0.62722300
vn 0.78124100 0.00000000 0.62422900
vn 0.90336000 0.00000000 -0.42888200
vn 0.21169000 0.00000000 -0.97733700
vn -0.70671500 -0.00000000 0.70749800
vn -0.37105300 -0.00000000 0.92861200
vn 0.76174300 0.00000000 -0.64788000
vn 0.76220100 0.00000000 0.64734100
vn 0.93211800 0.00000000 0.36215500
vn 0.93156500 0.00000000 -0.36357600
vn -0.73583300 -0.00000000 0.67716300
vn 0.12213900 0.00000000 0.99251300
vn 0.30480300 0.00000000 0.95241500
vn -0.89193300 -0.00000000 0.45216700
vn -0.18775900 -0.00000000 -0.98221500
vn -0.50759700 -0.00000000 0.86159500
vn -0.90295500 -0.00000000 0.42973500
vn -0.63445100 -0.00000000 0.77296300
vn -0.44294100 -0.00000000 -0.89655100
vn -0.70567000 -0.00000000 -0.70854000
vn -0.98217000 -0.00000000 -0.18799400
vn -0.94130400 -0.00000000 -0.33756100
vn -0.92977500 -0.00000000 0.36812900
vn -0.59165500 -0.00000000 -0.80619100
vn -0.58234800 -0.00000000 0.81294000
vn 0.58257700 0.00000000 -0.81277500
vn -0.49467700 -0.00000000 -0.86907700
vn -0.33077600 -0.00000000 0.94370900
vn 0.29849100 0.00000000 -0.95441200
vn 0.31340700 0.00000000 0.94961900
vn -0.03091900 -0.00000000 0.99952200
vn -0.98101500 -0.00000000 0.19393300
vn -0.92968800 -0.00000000 -0.36834700
vn -0.14748600 -0.00000000 -0.98906400
vn 0.55432300 0.00000000 -0.83230100
vn 0.55530600 0.00000000 0.83164600
vn -0.99256300 -0.00000000 -0.12173500
vn 0.98315300 0.00000000 -0.18278700
vn 0.98316800 0.00000000 0.18270200
vn -0.56908400 -0.00000000 -0.82228000
vn -0.56818900 -0.00000000 0.82289800
vn -0.30490600 -0.00000000 -0.95238200
vn -0.30393600 -0.00000000 0.95269200
vn -0.03218200 -0.00000000 -0.99948200
vn -0.03138800 -0.00000000 0.99950700
vn -0.01712300 -0.00000000 0.99985300
vn -0.01952400 -0.00000000 -0.99980900
vn -0.46967400 -0.00000000 -0.88284000
vn -0.93056100 -0.00000000 0.36613700
vn -0.98899300 -0.00000000 0.14796300
vn -0.25811900 -0.00000000 -0.96611300
vn 0.71830800 0.00000000 -0.69572600
vn 0.71847100 0.00000000 0.69555600
vn -0.67523400 -0.00000000 0.73760300
vn -0.94386000 -0.00000000 0.33034600
vn -0.87788400 -0.00000000 0.47887300
vn -0.99893100 -0.00000000 -0.04623200
vn -0.68828600 -0.00000000 -0.72544000
vn -0.38549500 -0.00000000 0.92271000
vn -0.98516900 -0.00000000 0.17159000
vn -0.62751200 -0.00000000 0.77860700
vn -0.99140600 -0.00000000 -0.13081900
vn 0.95207400 0.29377600 -0.08514600
vn 0.87138900 0.48262100 -0.08808200
vn 0.28113200 0.08573000 -0.95583200
vn 0.78953100 0.60714200 0.08955000
vn -0.93433500 0.15070000 0.32296600
vn -0.95876600 0.21439200 -0.18656000
vn -0.26541100 0.95330900 -0.14407800
vn -0.97455200 0.16135000 0.15560800
vn -0.98535500 0.12897600 -0.11153800
vn -0.29910600 0.31130600 0.90201100
vn -0.26417500 0.24818200 -0.93199700
vn -0.05252300 0.40267100 0.91383700
vn 0.06859700 0.30761500 -0.94903500
vn -0.51172600 0.42179600 0.74848100
vn -0.25280700 0.46023100 -0.85104400
vn 0.13508900 0.54565900 0.82704800
vn 0.09737500 0.53042700 -0.84211900
vn -0.13257200 0.63826000 -0.75832000
vn 0.14084200 0.72618300 -0.67292100
vn -0.13520400 0.62419200 0.76948300
vn 0.34345100 0.83736600 -0.42527500
vn -0.30837500 0.73717400 0.60123100
vn 0.54837600 0.72361800 0.41911900
vn -0.05259400 0.13282700 -0.98974300
vn 0.85854700 0.15635100 -0.48831500
vn 0.93869900 0.19143500 -0.28669900
vn 0.91721300 0.31329000 0.24610900
vn -0.74213300 0.31681100 -0.59065200
vn -0.83059700 0.42627300 0.35832900
vn 0.78084000 0.17778200 0.59890100
vn -0.86313100 0.24310200 0.44261200
vn 0.85139800 0.32394500 -0.41253000
vn -0.79061900 0.49856000 -0.35547000
vn 0.83671700 0.47785600 0.26750500
vn 0.84261400 0.32962300 0.42585200
vn -0.89116300 0.22604800 -0.39335900
vn -0.61804300 0.67746800 -0.39882300
vn 0.72037200 0.44281200 -0.53383700
vn -0.72881900 0.56079300 0.39285300
vn 0.79879200 0.52402100 -0.29552000
vn 0.61414500 0.14655900 -0.77546500
vn -0.51738800 0.83806600 -0.17307200
vn -0.66636000 0.71101000 0.22456400
vn 0.73683100 0.66744900 -0.10767100
vn 0.71664700 0.59598900 0.36223500
vn -0.48046400 0.14481400 -0.86497600
vn 0.53483700 0.20803100 0.81894600
vn -0.50152800 0.84677200 0.17733400
vn -0.75383100 0.16054900 0.63715200
vn 0.76024100 0.10910000 -0.64041500
vn 0.54752000 0.81501300 -0.18967200
vn 0.23622400 0.32442900 0.91593900
vn 0.37667700 0.20433700 -0.90352700
vn -0.72925100 0.36616400 0.57802900
vn 0.58714200 0.33415400 -0.73729600
vn 0.97715100 0.18524400 0.10420900
vn -0.55274100 0.19863700 0.80933300
vn -0.62725500 0.49688800 -0.59971200
vn 0.69765600 0.36577200 0.61602600
vn 0.90205200 0.36472800 -0.23081400
vn 0.35423800 0.41906200 -0.83600400
vn 0.27299100 0.14268600 0.95137600
vn 0.32135800 0.58281700 -0.74636000
vn 0.52876600 0.52510000 -0.66684000
vn 0.76244900 0.46633800 0.44855400
vn -0.45159400 0.59200600 0.66752600
vn 0.91612600 0.16625600 0.36478900
vn 0.98578000 0.13269000 -0.10310700
vn -0.52373100 0.33571600 -0.78294400
vn -0.77864800 0.14462300 -0.61056700
vn -0.79007200 0.58547600 0.18167000
vn -0.68830100 0.69745400 -0.19949600
vn 0.61657900 0.65484600 -0.43704300
vn -0.91306500 0.35517600 0.20040300
vn 0.91429700 0.39611700 0.08456700
vn -0.89522300 0.41190400 -0.17003300
vn 0.65555900 0.71929400 0.22991200
vn 0.56862900 0.82133800 0.04544800
vn -0.78082300 0.61066500 -0.13192600
vn -0.56632500 0.70042700 0.43437200
vn -0.18796400 0.79252500 -0.58015000
vn -0.27825500 0.10407700 -0.95485200
vn 0.76172700 0.60326900 0.23630200
vn -0.27419100 0.50248700 0.81995500
vn 0.16706200 0.14514800 -0.97520400
vn -0.65349400 0.18740500 -0.73336600
vn -0.02140100 0.18730700 0.98206800
vn -0.29810600 0.13799400 0.94450500
vn 0.91283000 0.08588300 -0.39920500
vn -0.62185400 0.53279900 0.57395400
vn 0.75412300 0.25223700 -0.60636300
vn 0.62431500 0.54904600 0.55568000
vn -0.30183800 0.61739600 0.72644000
vn 0.05455700 0.77457000 0.63013000
vn -0.39819200 0.84511100 0.35669300
vn -0.42221100 0.63544400 -0.64648900
vn -0.08412600 0.52056500 0.84966800
vn 0.40183600 0.88840000 0.22197500
vn 0.01879800 0.90719500 -0.42028900
vn 0.31773100 0.84170200 0.43655900
vn 0.38934600 0.65886000 0.64367100
vn -0.41246900 0.82265100 -0.39130000
vn -0.47267300 0.48491100 -0.73582700
vn -0.18934700 0.92336100 -0.33399500
vn 0.30422400 0.95232700 -0.02285200
vn 0.32475600 0.94204400 0.08418200
vn 0.09547300 0.94654700 0.30811200
vn -0.16523400 0.90872200 0.38330300
vn 0.12509400 0.96546900 -0.22851900
vn 0.41335700 0.67333400 -0.61299100
vn -0.26147800 0.95406200 0.14627000
vn 0.46565200 0.44652000 0.76406000
vn 0.69480700 0.67214100 -0.25586900
vn 0.28848000 0.94005500 -0.18186900
vn 0.22620900 0.94343800 0.24239100
vn -0.87858000 -0.00000000 0.47759600
vn -0.71699100 -0.00000000 0.69708200
vn -0.52896800 -0.00000000 0.84864200
vn -0.08079600 -0.00000000 0.99673100
vn -0.31210100 -0.00000000 0.95004900
vn 0.17665800 0.00000000 0.98427200
vn 0.42423100 0.00000000 0.90555400
vn 0.64657300 0.00000000 0.76285200
vn 0.96647400 0.00000000 0.25676300
vn 0.99988000 0.00000000 -0.01548800
vn 0.95906100 0.00000000 -0.28319800
vn 0.83944600 0.00000000 -0.54344300
vn 0.65517400 0.00000000 -0.75547800
vn 0.09897100 0.00000000 -0.99509000
vn -0.19288500 -0.00000000 -0.98122100
vn -0.47005600 -0.00000000 -0.88263700
vn -0.69212200 -0.00000000 -0.72178000
vn -0.87321000 -0.00000000 -0.48734500
vn -0.96508200 -0.00000000 0.26194600
vn 0.84914300 0.00000000 0.52816300
vn 0.39324500 0.00000000 -0.91943400
vn -0.96531800 -0.00000000 -0.26107500
vn -0.96996800 -0.00000000 0.24323100
vn -0.98333300 -0.00000000 -0.18181200
vn -0.96626600 -0.00000000 -0.25754500
vn -0.98439000 -0.00000000 0.17600400
vn -0.99119200 -0.00000000 0.13243400
vn -0.99315100 -0.00000000 -0.11683900
vn -0.99069600 -0.00000000 -0.13609600
vn -0.99332200 -0.00000000 0.11537400
vn -0.92091500 -0.00000000 0.38976400
vn -0.81770600 -0.00000000 0.57563600
vn -0.65218200 -0.00000000 0.75806200
vn -0.49298900 -0.00000000 0.87003600
vn -0.31169900 -0.00000000 0.95018100
vn -0.12038800 -0.00000000 0.99272700
vn 0.03186400 0.00000000 0.99949200
vn 0.19812000 0.00000000 0.98017800
vn 0.40341600 0.00000000 0.91501700
vn 0.64302400 0.00000000 0.76584600
vn 0.81480600 0.00000000 0.57973400
vn 0.95972400 0.00000000 0.28094600
vn 0.90662600 0.00000000 0.42193400
vn 0.99135300 0.00000000 0.13122200
vn 0.99924600 0.00000000 -0.03883600
vn 0.96728400 0.00000000 -0.25369800
vn 0.85993000 0.00000000 -0.51041100
vn 0.68872200 0.00000000 -0.72502600
vn 0.46142600 0.00000000 -0.88717900
vn 0.13713300 0.00000000 -0.99055300
vn 0.28585600 0.00000000 -0.95827300
vn -0.02034000 -0.00000000 -0.99979300
vn -0.18145600 -0.00000000 -0.98339900
vn -0.36907000 -0.00000000 -0.92940200
vn -0.58309600 -0.00000000 -0.81240300
vn -0.75789700 -0.00000000 -0.65237400
vn -0.86587000 -0.00000000 -0.50026900
vn -0.89378300 -0.00000000 -0.44849900
vn -0.77120200 -0.00000000 -0.63659000
vn -0.61146600 -0.00000000 -0.79127000
vn -0.37365000 -0.00000000 -0.92757000
vn -0.10257900 -0.00000000 -0.99472500
vn 0.16984400 0.00000000 -0.98547100
vn 0.54758400 0.00000000 -0.83675100
vn 0.39064100 0.00000000 -0.92054300
vn 0.71860900 0.00000000 -0.69541400
vn 0.87867700 0.00000000 -0.47741700
vn 0.97593100 0.00000000 -0.21807800
vn 0.99839800 0.00000000 0.05657300
vn 0.94770900 0.00000000 0.31913700
vn 0.74818600 0.00000000 0.66348900
vn 0.85169800 0.00000000 0.52403200
vn 0.58694900 0.00000000 0.80962400
vn 0.35609300 0.00000000 0.93445100
vn 0.09850700 0.00000000 0.99513600
vn -0.15528200 -0.00000000 0.98787000
vn -0.52461500 -0.00000000 0.85134000
vn -0.34583600 -0.00000000 0.93829500
vn -0.68254600 -0.00000000 0.73084300
vn -0.88326100 -0.00000000 0.46888200
vn -0.79142500 -0.00000000 0.61126700
vn -0.97919800 -0.00000000 0.20290600
vn -0.96416600 -0.00000000 -0.26529900
vn -0.97727000 -0.00000000 -0.21199600
vn -0.96769500 -0.00000000 0.25212300
vn -0.98475000 -0.00000000 0.17397800
vn -0.98518900 -0.00000000 -0.17147200
vn -0.86111600 -0.00000000 0.50840800
vn -0.84557800 -0.00000000 -0.53385200
vn -0.69481400 -0.00000000 0.71918900
vn -0.67490200 -0.00000000 -0.73790800
vn -0.46215700 -0.00000000 0.88679800
vn -0.19354700 -0.00000000 0.98109100
vn 0.04593200 0.00000000 0.99894500
vn 0.29546800 0.00000000 0.95535300
vn 0.53765800 0.00000000 0.84316300
vn 0.75109300 0.00000000 0.66019600
vn 0.91917300 0.00000000 0.39385300
vn 0.99283500 0.00000000 0.11949300
vn 0.98934800 0.00000000 -0.14557300
vn 0.91504900 0.00000000 -0.40334200
vn 0.76758500 0.00000000 -0.64094700
vn 0.55345600 0.00000000 -0.83287900
vn 0.25946400 0.00000000 -0.96575300
vn -0.02427000 -0.00000000 -0.99970500
vn -0.27984400 -0.00000000 -0.96004500
vn -0.51903800 -0.00000000 -0.85475100
vn -0.74975200 -0.00000000 -0.66171900
vn -0.45397100 -0.00000000 -0.89101700
vn -0.19001800 -0.00000000 -0.98178100
vn 0.09422100 0.00000000 -0.99555100
vn 0.38882200 0.00000000 -0.92131300
vn 0.64073500 0.00000000 -0.76776200
vn 0.82484000 0.00000000 -0.56536600
vn 0.94872900 0.00000000 -0.31609200
vn 0.99919500 0.00000000 -0.04012900
vn 0.97042200 0.00000000 0.24141300
vn 0.85446000 0.00000000 0.51951800
vn 0.66834400 0.00000000 0.74385200
vn 0.44484900 0.00000000 0.89560600
vn 0.18537100 0.00000000 0.98266900
vn -0.09026500 -0.00000000 0.99591800
vn -0.37315500 -0.00000000 0.92776900
vn -0.62078700 -0.00000000 0.78397900
vn -0.79269200 -0.00000000 0.60962300
vn -0.91068400 -0.00000000 -0.41310400
vn -0.91895800 -0.00000000 0.39435600
vn -0.91914300 -0.00000000 0.39392500
vn -0.92718800 -0.00000000 -0.37459700
vn -0.77867600 -0.00000000 0.62742600
vn -0.77774400 -0.00000000 -0.62858100
vn -0.89325400 -0.00000000 0.44955200
vn -0.88154000 -0.00000000 -0.47211000
vn -0.60469200 -0.00000000 0.79645900
vn -0.40878700 -0.00000000 0.91263000
vn -0.22211200 -0.00000000 0.97502100
vn 0.20175200 0.00000000 0.97943700
vn 0.01462200 0.00000000 0.99989300
vn 0.54340700 0.00000000 0.83946900
vn 0.26854500 0.00000000 0.96326700
vn 0.73759200 0.00000000 0.67524700
vn 0.51225700 0.00000000 0.85883200
vn 0.85922100 0.00000000 0.51160400
vn 0.73249400 0.00000000 0.68077400
vn 0.92058400 0.00000000 0.39054500
vn 0.99913600 0.00000000 -0.04155000
vn 0.98857500 0.00000000 0.15073000
vn 0.91590700 0.00000000 -0.40139100
vn 0.99298800 0.00000000 -0.11821400
vn 0.81350800 0.00000000 -0.58155400
vn 0.92264600 0.00000000 -0.38564800
vn 0.55755700 0.00000000 -0.83013800
vn 0.77927600 0.00000000 -0.62668100
vn 0.37951000 0.00000000 -0.92518700
vn 0.56550800 0.00000000 -0.82474300
vn 0.24337400 0.00000000 -0.96993300
vn -0.20369900 -0.00000000 -0.97903400
vn -0.01252400 -0.00000000 -0.99992200
vn -0.28943200 -0.00000000 -0.95719900
vn -0.54793100 -0.00000000 -0.83652300
vn -0.96956500 -0.00000000 0.24483400
vn -0.96752100 -0.00000000 -0.25279000
vn -0.79513700 -0.00000000 0.60643000
vn -0.77593100 -0.00000000 -0.63081800
vn -0.64903900 -0.00000000 0.76075500
vn -0.43653800 -0.00000000 0.89968600
vn -0.16954700 -0.00000000 0.98552200
vn 0.03226500 0.00000000 0.99947900
vn 0.35388100 0.00000000 0.93529100
vn 0.84484900 0.00000000 0.53500500
vn 0.94472700 0.00000000 0.32785700
vn 0.99108200 0.00000000 0.13325300
vn 0.97951800 0.00000000 -0.20135700
vn 0.71902600 0.00000000 -0.69498300
vn 0.40144600 0.00000000 -0.91588300
vn 0.18065100 0.00000000 -0.98354700
vn -0.02775600 -0.00000000 -0.99961500
vn -0.41455200 -0.00000000 -0.91002600
vn -0.62516200 -0.00000000 -0.78049500
vn -0.91753600 -0.00000000 0.39765300
vn -0.91304500 -0.00000000 -0.40785800
vn -0.56278100 -0.00000000 0.82660600
vn 0.26309400 0.00000000 -0.96477000
vn 0.91643100 0.00000000 0.40019200
vn -0.25804500 -0.00000000 0.96613300
vn -0.03719800 -0.00000000 0.99930800
vn -0.76143200 -0.00000000 -0.64824500
vn 0.05951300 0.00000000 -0.99822800
vn 0.97955700 0.00000000 0.20116800
vn -0.30658200 -0.00000000 0.95184400
vn -0.52152500 -0.00000000 0.85323600
vn -0.77061400 -0.00000000 0.63730200
vn 0.53059400 0.00000000 -0.84762600
vn 0.76272800 0.00000000 0.64671900
vn -0.73430300 -0.00000000 0.67882200
vn -0.55520700 -0.00000000 -0.83171200
vn -0.30353400 -0.00000000 -0.95282100
vn 0.29997200 0.00000000 0.95394800
vn 0.98693300 0.00000000 -0.16113100
vn 0.74780000 0.00000000 -0.66392400
vn 0.55123700 0.00000000 0.83434900
vn 0.90268800 0.00000000 -0.43029600
vn -0.02420300 -0.00000000 -0.99970700
vn 0.02401300 0.00000000 0.99971200
vn 0.99252800 0.00000000 0.12201600
vn -0.04449500 -0.39012500 0.91968600
vn 0.04417400 -0.38890800 -0.92021700
vn -0.00114500 0.00947900 0.99995400
vn -0.00779000 0.20066600 -0.97962900
vn 0.04921400 0.48499900 -0.87312900
vn -0.01268800 0.65352300 -0.75680000
vn -0.05450100 0.74541200 0.66437200
vn -0.04846100 0.76895200 -0.63746700
vn 0.01879000 0.90581600 0.42325400
vn 0.02885400 0.86648900 -0.49836100
vn -0.28428500 -0.49519800 0.82095100
vn 0.28198500 -0.48928300 -0.82528000
vn -0.49817100 -0.59520400 0.63052200
vn -0.44102000 -0.48778000 -0.75337400
vn 0.49983800 -0.59451500 -0.62985200
vn 0.44187500 -0.48679600 0.75350900
vn -0.48449800 -0.44319800 0.75421300
vn -0.29101900 -0.37516900 -0.88008900
vn 0.49308000 -0.45037500 -0.74433500
vn 0.29618200 -0.38236800 0.87525500
vn -0.66480500 -0.53385900 0.52252100
vn 0.66356900 -0.53472700 -0.52320500
vn 0.62341800 -0.50517500 0.59678200
vn -0.72495200 -0.50531800 0.46807900
vn -0.69789100 -0.49354300 -0.51900200
vn 0.71802600 -0.50046600 -0.48370700
vn 0.69506700 -0.49392900 0.52241400
vn -0.72771900 -0.47208600 -0.49755300
vn 0.72091400 -0.46851300 0.51066400
vn -0.77741900 -0.46686800 0.42149100
vn -0.78944800 -0.47661700 -0.38679100
vn 0.77510900 -0.46404900 -0.42879400
vn 0.78495700 -0.47298100 0.40016500
vn -0.75866100 -0.41108100 0.50541700
vn -0.78494600 -0.43224800 -0.44387100
vn 0.75634700 -0.40858100 -0.51088200
vn 0.78106700 -0.42817900 0.45453000
vn -0.81193000 -0.32675400 0.48373800
vn -0.82702300 -0.34272700 -0.44561300
vn 0.80979500 -0.32595100 -0.48784100
vn 0.82757900 -0.34222200 0.44496800
vn -0.87701600 -0.32646900 0.35250700
vn -0.88240900 -0.33774300 -0.32754400
vn 0.87531100 -0.32504300 -0.35802000
vn 0.88275200 -0.33745900 0.32690900
vn -0.91637500 -0.36059900 0.17385200
vn -0.91671200 -0.36539200 -0.16164000
vn 0.91612400 -0.36017400 -0.17604600
vn 0.91680300 -0.36518500 0.16159100
vn -0.96172500 -0.23301700 0.14417800
vn -0.95278900 -0.23282300 -0.19490400
vn 0.96183900 -0.23245800 -0.14432500
vn 0.95277000 -0.23276800 0.19505900
vn -0.99252400 -0.02021400 0.12036500
vn -0.99281900 -0.02046200 -0.11786700
vn 0.99253100 -0.02019300 -0.12031000
vn 0.99277200 -0.02041800 0.11826800
vn -0.04493900 -0.03802300 0.99826600
vn -0.10885500 -0.12069300 -0.98670300
vn 0.11764900 -0.09912200 -0.98809600
vn 0.10746700 -0.11722000 0.98727400
vn -0.01524000 -0.01794800 0.99972300
vn 0.01160400 -0.01347600 -0.99984200
vn 0.12866400 0.14986900 0.98029800
vn -0.10810600 0.11902500 -0.98698800
vn 0.29933500 0.33634400 0.89290000
vn 0.21546600 0.23566200 -0.94764800
vn 0.29137100 0.25376000 0.92233900
vn 0.22940900 0.19685700 -0.95321500
vn -0.25737800 0.29065200 -0.92156300
vn -0.30635700 0.31846600 0.89706400
vn 0.43063200 0.50677000 0.74682000
vn 0.38038400 0.43575400 -0.81573700
vn -0.32368900 0.33042300 -0.88659200
vn 0.51813500 0.44988200 0.72742100
vn 0.50992200 0.44654500 -0.73523900
vn -0.44473500 0.39227400 -0.80519000
vn -0.38804400 0.33914100 0.85697400
vn -0.45798800 0.55150100 -0.69720400
vn -0.57670500 0.52136900 -0.62895600
vn -0.55797600 0.49854700 0.66341100
vn 0.65861800 0.58656700 0.47134000
vn 0.63502000 0.56455400 -0.52728400
vn -0.54687400 0.61914000 -0.56355500
vn -0.53205100 0.59555000 0.60186500
vn 0.64094500 0.76693000 -0.03172600
vn 0.71107900 0.70276200 -0.02218300
vn -0.19584200 -0.13120100 0.97181900
vn 0.23060700 -0.15862900 -0.96003000
vn -0.16205800 -0.74792900 -0.64369200
vn 0.32097300 -0.65529400 -0.68378800
vn 0.16480800 -0.75426100 0.63555400
vn -0.32313400 -0.65997500 0.67824500
vn -0.35090800 -0.77514800 -0.52536500
vn 0.34999600 -0.77404600 0.52759400
vn -0.39581200 -0.18648900 -0.89919700
vn 0.17437100 -0.41340500 0.89369500
vn -0.17633300 -0.41339400 -0.89331500
vn -0.41765200 -0.19241100 0.88800100
vn -0.36998900 -0.15612600 -0.91582400
vn 0.40226900 -0.18395400 -0.89685000
vn 0.37916400 -0.15847800 0.91165800
vn -0.39880800 -0.83810600 -0.37219700
vn 0.37088700 -0.78099400 -0.50248600
vn 0.39835600 -0.83749900 0.37404300
vn -0.37179700 -0.78291600 0.49880800
vn -0.19411000 -0.11169800 -0.97460000
vn 0.20640900 -0.11750300 0.97138500
vn -0.49296600 -0.80805300 -0.32254300
vn 0.49297600 -0.80751500 0.32387300
vn -0.45444000 -0.19136500 0.86997900
vn 0.44444600 -0.18288700 -0.87693800
vn -0.49608400 -0.17704200 0.85003300
vn -0.53081700 -0.19634300 -0.82442900
vn 0.49283200 -0.17580400 -0.85217900
vn 0.53743300 -0.19783000 0.81977400
vn -0.60084100 -0.24322100 -0.76146800
vn 0.60458100 -0.24373400 0.75833700
vn -0.67331000 -0.24682000 -0.69694600
vn 0.67668600 -0.24730800 0.69349500
vn -0.62167500 -0.22125200 0.75137700
vn 0.63956300 -0.22576900 -0.73483800
vn 0.13029800 -0.75790700 -0.63921800
vn -0.13073300 -0.76049200 0.63605100
vn 0.22020900 -0.77928100 -0.58671000
vn -0.22053900 -0.77893500 0.58704600
vn -0.20964000 -0.48666500 0.84806100
vn 0.20550100 -0.47960400 -0.85308200
vn -0.79419900 -0.19882400 -0.57421000
vn 0.79465100 -0.19885300 0.57357500
vn -0.79282800 -0.55851300 -0.24389900
vn 0.77865400 -0.55563000 -0.29150300
vn 0.79176200 -0.55836600 0.24766900
vn -0.78039000 -0.55682200 0.28450000
vn -0.84038200 -0.19324400 0.50637400
vn 0.84157600 -0.19155000 -0.50503400
vn -0.87320600 -0.46553700 -0.14418000
vn 0.87170400 -0.46214900 -0.16294100
vn 0.87304600 -0.46498700 0.14689300
vn -0.87183500 -0.46255700 0.16107300
vn -0.40486800 -0.50798900 0.76028200
vn 0.40520000 -0.50548100 -0.76177500
vn -0.90292700 -0.39803400 -0.16215000
vn 0.90163700 -0.39347400 -0.17952600
vn 0.90298900 -0.39769700 0.16262600
vn -0.90185000 -0.39376200 0.17781600
vn -0.92733500 -0.32782300 -0.18050300
vn 0.92852400 -0.32053900 -0.18734600
vn 0.92745600 -0.32769700 0.18011000
vn -0.92874800 -0.32125500 0.18499200
vn -0.95627000 -0.10171300 0.27422900
vn -0.96700500 -0.11209000 -0.22877300
vn 0.95654200 -0.10136100 -0.27341100
vn 0.96626800 -0.11168500 0.23206200
vn -0.02912500 -0.81684200 -0.57612500
vn 0.02873400 -0.81954800 0.57228900
vn -0.98285300 -0.07951000 0.16636600
vn -0.98538600 -0.08231500 -0.14912400
vn 0.98292500 -0.07936600 -0.16601100
vn 0.98511300 -0.08209300 0.15104300
vn 0.05327400 -0.17354300 0.98338400
vn -0.05855700 -0.19010400 -0.98001600
vn -0.13657000 -0.23934600 0.96128100
vn 0.13667500 -0.23708200 -0.96182700
vn -0.05849600 -0.02794000 -0.99789700
vn 0.09473700 -0.04462800 0.99450200
vn -0.00374800 0.00696500 0.99996900
vn 0.02086800 0.07050600 0.99729300
vn 0.00654700 -0.02167100 -0.99974400
vn 0.18316900 0.07783100 -0.97999600
vn -0.13522400 0.05477000 0.98930000
vn 0.03446400 0.09707500 0.99468000
vn -0.04236500 0.10905600 0.99313200
vn -0.07983300 0.21335400 -0.97370800
vn -0.10507000 -0.04561300 0.99341800
vn 0.05332400 -0.02365300 -0.99829700
vn 0.07600900 0.03854000 0.99636200
vn -0.08643600 0.04574000 -0.99520700
vn -0.08482700 -0.18357800 0.97933800
vn 0.06102600 -0.13363200 -0.98915000
vn -0.07949800 0.18159700 0.98015400
vn 0.08023400 0.19865700 -0.97677900
vn -0.10337800 0.23847400 -0.96563100
vn 0.32070400 0.14160800 0.93653400
vn 0.29941900 0.14016700 -0.94377000
vn -0.37788000 0.13194000 -0.91640500
vn 0.12872000 0.29144800 0.94788700
vn -0.16301300 0.36362500 0.91717100
vn -0.19390200 0.42179400 -0.88571600
vn 0.42080300 0.18108600 -0.88889400
vn 0.16112500 0.44988900 0.87842900
vn -0.13010800 0.39212000 0.91066700
vn 0.46795500 0.22320900 0.85510000
vn 0.56188300 0.25818800 -0.78589200
vn 0.21614700 0.52068000 0.82593800
vn -0.22493400 0.52863200 0.81850700
vn 0.24023100 0.55962400 -0.79316500
vn -0.24481200 0.56213800 -0.78998000
vn 0.61955600 0.24592100 0.74543500
vn -0.49105200 0.22601900 -0.84129900
vn -0.46415700 0.21275200 0.85982200
vn 0.31099100 0.61610300 0.72367300
vn 0.26007800 0.52211600 -0.81225300
vn -0.18887400 0.53345000 -0.82447400
vn 0.66959200 0.29509200 -0.68159200
vn -0.63043700 0.26772100 -0.72861100
vn -0.61521000 0.26021400 0.74418100
vn 0.61722400 0.27522900 0.73707800
vn -0.75066200 0.32868900 -0.57312300
vn -0.72740400 0.32134000 0.60632100
vn 0.28040400 0.72921400 0.62419500
vn -0.30741200 0.66598600 0.67967700
vn 0.29562700 0.73724300 -0.60751700
vn -0.31593900 0.70315100 -0.63699400
vn 0.72152200 0.33394000 0.60654000
vn -0.83519200 0.30177900 -0.45976400
vn -0.84461700 0.30857000 0.43750000
vn 0.23047900 0.73140400 0.64181600
vn 0.23328700 0.73910700 -0.63190000
vn 0.84377400 0.32157900 0.42968800
vn 0.82608500 0.31932900 -0.46434200
vn -0.82432300 0.33755100 -0.45447900
vn -0.82576500 0.34846500 0.44349200
vn -0.35209400 0.79822200 0.48874400
vn -0.36176100 0.82818200 -0.42807100
vn 0.86422300 0.41857200 0.27913600
vn 0.85430300 0.41007800 -0.31937800
vn 0.40026100 0.78018000 0.48074000
vn 0.41567600 0.80428600 -0.42466200
vn -0.87135200 0.38536700 -0.30370600
vn -0.88336500 0.40699400 0.23242800
vn -0.29327800 0.87811000 -0.37803600
vn -0.43272700 0.89736900 -0.08646900
vn -0.43098500 0.89016600 0.14784100
vn 0.40784300 0.91237800 0.03507300
vn 0.90682600 0.41737700 0.05884700
vn 0.90450800 0.39979400 -0.14842700
vn -0.92116700 0.38209500 0.07386400
vn -0.25630700 -0.57437500 -0.77743200
vn 0.25346700 -0.57055500 0.78116700
vn -0.11906200 -0.04065000 -0.99205400
vn 0.14463100 -0.04873800 0.98828500
vn 0.09174700 -0.49269800 0.86535100
vn -0.09411600 -0.50011200 -0.86083100
vn -0.38846200 -0.27526600 -0.87938900
vn 0.38916100 -0.28379300 0.87636500
vn -0.45636400 -0.65080400 0.60678300
vn 0.45607900 -0.64838700 -0.60957900
vn -0.21465200 -0.92314300 -0.31895500
vn 0.21860400 -0.92392700 -0.31396100
vn 0.21553400 -0.92419400 0.31529400
vn -0.21880200 -0.92408800 0.31334800
vn 0.29489400 -0.91406300 -0.27843700
vn -0.29518200 -0.91413400 0.27789700
vn 0.49114900 -0.32575900 -0.80787000
vn 0.26964800 -0.88964100 -0.36855000
vn -0.27000700 -0.88969600 0.36815400
vn -0.31829900 -0.92133400 -0.22322700
vn 0.32886800 -0.93011500 -0.16350000
vn 0.31834700 -0.92159200 0.22208900
vn -0.32902300 -0.93015200 0.16297400
vn -0.18910400 -0.04642400 0.98085900
vn 0.20653300 -0.04951900 -0.97718600
vn -0.57361000 -0.35937900 -0.73608300
vn 0.55678300 -0.35489200 0.75102900
vn -0.21868600 -0.63387700 0.74187300
vn 0.21837400 -0.63592800 -0.74020800
vn -0.52969200 -0.72328000 0.44305000
vn 0.53001300 -0.72199100 -0.44476400
vn -0.35086000 -0.07566500 0.93336600
vn -0.32190700 -0.07085300 -0.94411600
vn 0.36243200 -0.07628400 -0.92888300
vn 0.33190800 -0.07374200 0.94042500
vn -0.50229500 -0.64006300 -0.58139500
vn 0.50323400 -0.64038500 0.58022600
vn -0.41708400 -0.71266200 0.56405100
vn 0.41629100 -0.70995700 -0.56803500
vn -0.18277800 -0.30203900 -0.93560900
vn 0.17351900 -0.28392500 0.94301500
vn -0.56849800 -0.70718400 0.42035800
vn -0.55913000 -0.67283600 -0.48442300
vn 0.56931300 -0.70640200 -0.42057000
vn 0.55995500 -0.67286500 0.48342800
vn -0.64986000 -0.69353200 0.31095800
vn -0.65024000 -0.67512300 -0.34842000
vn 0.65075400 -0.69347000 -0.30922200
vn 0.65111100 -0.67518300 0.34667300
vn -0.44125500 -0.87402800 -0.20339500
vn 0.43809100 -0.88279000 -0.16958000
vn 0.44114100 -0.87382200 0.20452500
vn -0.43815200 -0.88299900 0.16833400
vn -0.14731300 -0.53387500 0.83263200
vn 0.14830100 -0.53821600 -0.82965700
vn -0.62426500 -0.72678200 0.28649800
vn -0.61501700 -0.70155000 -0.35997600
vn 0.62497200 -0.72643300 -0.28584100
vn 0.61570200 -0.70149500 0.35890900
vn -0.49647600 -0.09174100 0.86318900
vn 0.50420000 -0.09126400 -0.85875100
vn 0.05000100 -0.60097800 0.79770000
vn -0.05307000 -0.59531100 -0.80174100
vn -0.27542200 -0.48079700 -0.83245200
vn 0.27021300 -0.46983400 0.84038200
vn -0.57839400 -0.25711800 0.77417800
vn 0.57506300 -0.25413500 -0.77763600
vn -0.63864100 -0.34220600 0.68922600
vn -0.60280600 -0.32569800 -0.72838600
vn 0.63341200 -0.33810200 -0.69604400
vn 0.62736000 -0.33228200 0.70427900
vn -0.72536400 -0.31872300 0.61013400
vn -0.76177500 -0.34527200 -0.54816700
vn 0.72393500 -0.31801500 -0.61219700
vn 0.76275600 -0.34449800 0.54728800
vn -0.51306000 -0.08233700 -0.85439400
vn 0.50080100 -0.08013900 0.86184400
vn 0.14601500 -0.88614700 -0.43980000
vn -0.14622300 -0.88718000 0.43764200
vn -0.08636300 -0.88084500 -0.46546000
vn 0.08696200 -0.88077700 0.46547800
vn -0.39956700 -0.38770700 0.83068000
vn 0.41108200 -0.39679200 -0.82071200
vn -0.63050300 -0.09815900 0.76995500
vn -0.65493400 -0.09197900 -0.75006700
vn 0.63546700 -0.09743400 -0.76595500
vn 0.64368500 -0.08964000 0.76002200
vn -0.69439200 -0.62479600 -0.35700000
vn 0.69545700 -0.62551400 0.35365500
vn -0.65372700 -0.73476800 -0.18099000
vn 0.65800600 -0.73928500 -0.14312800
vn 0.65402100 -0.73467800 0.18029000
vn -0.65768600 -0.73946200 0.14368300
vn -0.77909000 -0.13204200 0.61284900
vn -0.79278300 -0.12790700 -0.59593200
vn 0.78155000 -0.13095000 -0.60994500
vn 0.78821800 -0.12670800 0.60221100
vn -0.27869700 -0.63301900 0.72222900
vn 0.27629400 -0.62886300 -0.72676800
vn -0.10387700 -0.80846800 -0.57930000
vn 0.10565700 -0.80851000 0.57892000
vn -0.60207500 -0.77824800 -0.17842200
vn 0.60228200 -0.77817200 0.17806000
vn -0.79984800 -0.24676500 0.54713000
vn -0.84643900 -0.27036400 -0.45874200
vn 0.79866000 -0.24320800 -0.55044700
vn 0.84730400 -0.27037200 0.45713800
vn -0.70181900 -0.27246800 0.65818700
vn -0.72760000 -0.29690500 -0.61842200
vn 0.70291100 -0.27585600 -0.65560600
vn 0.72940300 -0.29677100 0.61635900
vn -0.86440800 -0.08508000 0.49554000
vn -0.88450200 -0.08752000 -0.45825400
vn 0.86538300 -0.08464300 -0.49391100
vn 0.88051500 -0.08631800 0.46609300
vn 0.03364800 -0.93052200 -0.36468800
vn -0.03379400 -0.93152600 0.36210000
vn -0.18764000 -0.55023500 -0.81365400
vn 0.18964500 -0.55760100 0.80815600
vn 0.05875300 -0.72724800 -0.68385500
vn -0.05905400 -0.73024500 0.68062800
vn -0.83594800 -0.42559300 0.34649900
vn -0.84461500 -0.43540700 -0.31152200
vn 0.83507500 -0.42452400 -0.34989900
vn 0.84379400 -0.43388000 0.31584800
vn -0.92836200 -0.24577500 0.27881600
vn -0.89100900 -0.24547900 -0.38189400
vn 0.92845400 -0.24457500 -0.27956500
vn 0.89129700 -0.24543500 0.38125000
vn -0.38553800 -0.52767300 0.75691600
vn 0.38456400 -0.52408600 -0.75989800
vn -0.93322700 -0.06709000 0.35296900
vn -0.94330800 -0.07038000 -0.32437000
vn 0.93354200 -0.06684600 -0.35218100
vn 0.94175700 -0.06977100 0.32897600
vn -0.71104300 -0.05625500 0.70089500
vn -0.77551000 -0.06120900 -0.62836200
vn 0.71332000 -0.05607200 -0.69859200
vn 0.76474900 -0.05887500 0.64163300
vn -0.83756800 -0.51716500 -0.17612600
vn 0.83403000 -0.51381700 -0.20096300
vn 0.83689400 -0.51649700 0.18121600
vn -0.83445700 -0.51462100 0.19709600
vn -0.09616500 -0.65999500 0.74509000
vn 0.09557700 -0.65591700 -0.74875700
vn -0.24612400 -0.12608800 -0.96100200
vn 0.25786900 -0.12988600 0.95741000
vn -0.96986100 -0.20238300 0.13568600
vn -0.95897700 -0.19437000 -0.20635800
vn 0.96998400 -0.20191500 -0.13550600
vn 0.95876900 -0.19423600 0.20744800
vn -0.23080800 -0.16981000 0.95806700
vn 0.26591200 -0.19805500 -0.94343300
vn -0.02593200 -0.94707600 -0.31996200
vn 0.02582200 -0.94768600 0.31815900
vn 0.00184900 -0.19635800 0.98053100
vn -0.92601300 -0.28034200 0.25280000
vn -0.91521800 -0.28923400 -0.28057000
vn 0.92581500 -0.27917400 -0.25481000
vn 0.91546700 -0.28914700 0.27984700
vn -0.95460200 -0.26674700 0.13259100
vn -0.94849900 -0.26996500 -0.16573700
vn 0.95466500 -0.26619000 -0.13325600
vn 0.94855900 -0.26991300 0.16548100
vn -0.90213900 -0.03273200 0.43020200
vn -0.91065700 -0.03422200 -0.41174200
vn 0.90237000 -0.03261300 -0.42972700
vn 0.90882500 -0.03368800 0.41581400
vn -0.87665200 -0.16735800 0.45107900
vn -0.89694600 -0.16369700 -0.41072000
vn 0.87773300 -0.16616100 -0.44941700
vn 0.89555900 -0.16319600 0.41393400
vn 0.00441000 0.00441300 0.99998100
vn 0.02848200 -0.02804100 -0.99920100
vn -0.51312000 -0.51156600 0.68920800
vn 0.51875100 -0.51534700 -0.68214000
vn 0.00923300 0.08548800 0.99629600
vn -0.01906900 0.15967900 -0.98698500
vn -0.09120500 -0.15939800 -0.98299200
vn 0.07698200 -0.13368400 0.98803000
vn -0.10047600 -0.29605800 0.94987000
vn 0.10756700 -0.32067400 -0.94106200
vn -0.11051800 -0.08173400 -0.99050800
vn 0.08264200 -0.06334700 0.99456400
vn -0.00906600 -0.01605200 0.99983000
vn -0.04256200 0.07325700 -0.99640500
vn 0.03617500 0.05523700 -0.99781800
vn 0.00021200 0.00353100 0.99999400
vn -0.21179200 0.31257400 -0.92598200
vn 0.03645200 0.19916600 0.97928800
vn 0.14152200 0.20917700 -0.96758300
vn -0.32634100 0.47784000 -0.81558000
vn -0.38271300 0.55565600 0.73809000
vn 0.04519000 0.23390700 -0.97120800
vn 0.05610100 0.34843000 -0.93565400
vn 0.34117200 0.49576100 -0.79863800
vn -0.11309500 0.56658000 0.81620900
vn -0.08680600 0.53584100 -0.83984500
vn -0.08199300 0.56270700 0.82258000
vn -0.08015600 0.38291300 0.92030000
vn 0.21982400 0.96037600 -0.17133400
vn 0.05098200 -0.45955800 0.88668300
vn -0.03460700 -0.34001000 -0.93978500
vn 0.64019000 0.46198900 0.61377800
vn 0.61169200 0.42785800 -0.66541000
vn -0.62981500 0.46730700 -0.62044900
vn -0.63069500 0.44873500 0.63313600
vn 0.12127100 0.79335500 0.59655800
vn 0.11728900 0.81605400 -0.56594900
vn -0.96476600 0.26298800 0.00801900
vn -0.48394900 0.67774000 -0.55359000
vn -0.47776200 0.66291600 0.57644300
vn 0.07451000 0.47514400 0.87674800
vn 0.11019700 0.66269800 -0.74073500
vn -0.08069700 -0.02301400 -0.99647300
vn 0.11209900 -0.03173400 0.99319000
vn 0.14593400 0.64127200 0.75330800
vn 0.51286200 0.68962600 0.51126200
vn 0.49947200 0.67148700 -0.54738700
vn -0.72027100 0.51112000 -0.46900600
vn -0.74652000 0.51242200 0.42441800
vn 0.74431700 0.51035200 0.43073500
vn 0.74368000 0.50658400 -0.43624800
vn 0.56991000 0.75988700 0.31268800
vn 0.56606400 0.74746000 -0.34767100
vn -0.56621000 0.80312100 -0.18548300
vn -0.56873900 0.79967400 0.19250500
vn -0.13350900 0.82681300 -0.54640300
vn -0.12757200 0.82172400 0.55542400
vn -0.03602000 0.02974700 -0.99890800
vn -0.09985700 0.18144800 0.97831700
vn 0.30572900 0.07163100 -0.94942000
vn -0.24671500 0.05713900 0.96740200
vn 0.09023900 0.14476600 0.98534200
vn 0.12349600 0.19881000 -0.97222600
vn 0.31995100 0.07146100 0.94473500
vn 0.20381400 0.34661600 0.91559700
vn 0.41221300 0.87256100 0.26213900
vn 0.42716100 0.88512500 -0.18462700
vn 0.49991500 0.07680900 0.86266200
vn 0.53922000 0.08152700 -0.83820900
vn -0.24822000 0.42908500 -0.86848900
vn -0.16670100 0.27283400 0.94750800
vn -0.42861000 0.11146700 -0.89658700
vn -0.46528400 0.12252100 0.87664100
vn 0.47754000 0.12053300 0.87030300
vn 0.51196300 0.13588700 -0.84819100
vn -0.33995900 0.21987000 0.91437700
vn -0.26354600 0.44081600 0.85803500
vn -0.48564200 0.32517300 -0.81142700
vn -0.59157900 0.13389500 -0.79505100
vn -0.61341200 0.14156500 0.77697200
vn -0.02297400 -0.02750500 -0.99935800
vn 0.06933100 -0.08212900 0.99420700
vn 0.65165100 0.14720700 0.74409700
vn -0.14544700 -0.02923700 0.98893400
vn 0.15803300 -0.03077000 -0.98695400
vn -0.05797700 -0.20234500 0.97759700
vn 0.06680600 -0.23166500 -0.97049900
vn -0.05994800 -0.09575100 0.99359800
vn 0.06072200 -0.09641900 -0.99348700
vn 0.79344000 0.19648100 0.57606300
vn 0.69553400 0.17332300 -0.69727500
vn -0.75614600 0.17065700 -0.63175900
vn -0.76127600 0.17618000 0.62403400
vn 0.84021700 0.19716300 -0.50513500
vn 0.19630000 0.97817100 0.06817000
vn -0.06001900 0.25147700 -0.96600100
vn -0.22635400 -0.27771300 0.93361600
vn 0.22689500 -0.27517300 -0.93423700
vn -0.95353500 0.24881400 -0.16989100
vn -0.95095000 0.24820900 0.18462600
vn -0.12289200 0.09179300 -0.98816600
vn 0.96349400 0.22135600 0.15060000
vn 0.96542500 0.24067500 -0.10014700
vn -0.24887200 0.96604600 -0.06941200
vn -0.01874100 -0.15575500 0.98761800
vn 0.01988600 -0.16902000 -0.98541200
vn 0.06530700 0.29457400 0.95339500
vn 0.02646800 -0.51952800 0.85404300
vn -0.02645800 -0.49337200 -0.86941600
vn 0.49179400 0.86943900 0.04704600
vn 0.13006600 0.50532000 -0.85307300
vn -0.11483800 -0.02233100 -0.99313300
vn 0.14400600 -0.02917000 0.98914700
vn -0.02603500 0.10704500 0.99391300
vn -0.15411700 0.60874800 0.77825000
vn -0.09811600 -0.12210500 0.98765600
vn 0.11299400 -0.13746300 -0.98404100
vn -0.07130700 0.29342300 0.95332000
vn -0.19152000 0.11550300 0.97466900
vn -0.12169700 0.69555800 -0.70808800
vn -0.11752600 0.69981800 0.70458600
vn 0.45444600 0.24218600 -0.85722000
vn 0.12189500 0.48585200 0.86550000
vn 0.09896400 0.48822800 0.86708700
vn 0.15036300 0.65010800 -0.74481600
vn 0.20588900 0.86728300 0.45324400
vn 0.20999100 0.88206000 -0.42175000
vn 0.02621200 -0.21460500 0.97634900
vn -0.01040300 -0.07648500 -0.99701600
vn -0.51666000 0.32816700 0.79080300
vn -0.20511500 0.69963900 -0.68442200
vn -0.55999600 0.31569500 0.76599000
vn -0.17527700 0.77458000 -0.60770400
vn -0.16938300 0.78401200 0.59718900
vn 0.76188100 0.46993500 0.44575700
vn 0.76215400 0.46072200 -0.45481400
vn -0.29078500 -0.33219700 0.89726800
vn 0.29684600 -0.33562700 -0.89400000
vn 0.14301700 -0.30371100 0.94196900
vn -0.16285100 -0.34338700 -0.92496700
vn 0.36821500 0.64830100 0.66642600
vn 0.36232600 0.65413700 -0.66394700
vn 0.81729300 0.51644100 0.25557900
vn 0.82443400 0.51730100 -0.22958200
vn 0.41483700 0.65415700 0.63244700
vn 0.41700700 0.66070600 -0.62415700
vn 0.45699000 0.88633300 0.07466000
vn -0.52319800 0.82813800 -0.20112500
vn -0.52222200 0.82220000 0.22643300
vn -0.33879300 -0.32498500 -0.88295200
vn 0.34269300 -0.32461500 0.88158200
vn -0.06013700 -0.08686100 -0.99440400
vn 0.00655700 -0.00935000 0.99993500
vn -0.03848900 -0.19557000 0.97993400
vn 0.03042700 -0.15262900 -0.98781500
vn -0.08463100 -0.01323500 0.99632400
vn 0.09588200 -0.01428000 -0.99529000
vn -0.33913700 -0.30668900 0.88934100
vn 0.35744100 -0.32208500 -0.87664000
vn -0.30236700 -0.39418500 0.86786700
vn 0.29860400 -0.38679100 -0.87248400
vn -0.20747900 -0.10851700 0.97220200
vn 0.20890900 -0.10842900 -0.97190500
vn -0.24953300 -0.69258300 -0.67680300
vn 0.25005700 -0.69557000 0.67353800
vn 0.12498600 -0.39656700 0.90945700
vn -0.12190900 -0.38629700 -0.91428300
vn -0.55431500 -0.43318300 0.71069500
vn -0.48859400 -0.37830700 -0.78623200
vn 0.55571200 -0.43815500 -0.70654400
vn 0.50740600 -0.39542200 0.76562400
vn -0.45188600 -0.06475200 0.88972300
vn 0.46060800 -0.06464000 -0.88524700
vn -0.40214800 -0.30572100 0.86302500
vn 0.41655500 -0.32049500 -0.85074400
vn -0.14252400 -0.95152500 -0.27255700
vn 0.14339100 -0.95200800 0.27040800
vn -0.22394200 -0.15687500 -0.96189400
vn 0.21000600 -0.15001800 0.96612200
vn -0.34868200 -0.19524900 -0.91667800
vn 0.39058500 -0.21529800 0.89503700
vn -0.21070200 -0.96385600 -0.16305300
vn 0.21112700 -0.96407800 0.16118100
vn -0.25635700 -0.54402600 0.79894700
vn 0.25231900 -0.53585300 -0.80572700
vn 0.27894200 -0.77235400 -0.57066800
vn -0.27970900 -0.77261600 0.56993600
vn 0.35915400 -0.59039800 -0.72279900
vn -0.36045800 -0.59428800 0.71895200
vn -0.08522500 -0.95061300 -0.29844900
vn 0.08563100 -0.95076800 0.29784000
vn -0.42049400 -0.53907700 -0.72978100
vn 0.42213000 -0.54055000 0.72774400
vn -0.64823600 -0.44220400 0.61987600
vn 0.62027600 -0.42209600 -0.66113000
vn -0.49001100 -0.26853900 0.82932200
vn 0.47877900 -0.26179200 -0.83799500
vn -0.17176700 -0.15575700 0.97274700
vn 0.20274900 -0.18228200 -0.96211600
vn -0.42696100 -0.14500600 -0.89256800
vn 0.43810400 -0.14796400 0.88666300
vn -0.27470700 -0.88869600 -0.36709200
vn 0.27516600 -0.88976800 0.36413900
vn 0.48006200 -0.77103300 -0.41838700
vn -0.48020200 -0.77246800 0.41557200
vn -0.43393700 -0.74328700 -0.50914000
vn 0.43336700 -0.74144000 0.51230800
vn -0.34158600 -0.11565000 0.93270800
vn 0.33931300 -0.11153400 -0.93403800
vn -0.01058200 -0.68968400 0.72403300
vn 0.01022800 -0.68369500 -0.72969600
vn -0.17332200 -0.33380200 0.92657200
vn 0.16391000 -0.31332600 -0.93539300
vn -0.48030600 -0.74114700 -0.46905000
vn 0.48040600 -0.74038100 0.47015600
vn -0.40599700 -0.46983300 0.78385200
vn 0.40949400 -0.47063200 -0.78155000
vn -0.25730800 -0.03271000 0.96577600
vn -0.30009700 -0.03969800 -0.95308200
vn 0.26978200 -0.03312700 -0.96235100
vn 0.26693200 -0.03454300 0.96309600
vn -0.28528700 -0.10071900 -0.95313500
vn 0.30193400 -0.10562900 0.94745900
vn -0.55418100 -0.26865900 -0.78784900
vn 0.55297100 -0.26889500 0.78861800
vn -0.24184900 -0.25916000 0.93506400
vn 0.25457600 -0.26961600 -0.92870800
vn -0.52874400 -0.75752500 -0.38286600
vn 0.52908900 -0.75731100 0.38281100
vn -0.23533000 -0.87814700 -0.41650600
vn 0.23628600 -0.87993200 0.41217500
vn -0.37169900 -0.55041700 -0.74758300
vn 0.37255700 -0.54989200 0.74754300
vn -0.58085900 -0.65705600 0.48050000
vn -0.55612000 -0.61134300 -0.56301800
vn 0.58250000 -0.65699000 -0.47860000
vn 0.55744300 -0.61129200 0.56176400
vn 0.39467600 -0.86094700 -0.32093700
vn -0.39502000 -0.86156900 0.31883800
vn -0.40984600 -0.04417300 0.91108500
vn 0.42233200 -0.04500000 -0.90532400
vn -0.46533700 -0.13761600 -0.87437000
vn 0.47533900 -0.14021500 0.86855800
vn -0.24526900 -0.26298200 -0.93310400
vn 0.24209300 -0.25703200 0.93558800
vn 0.09309900 -0.92130400 -0.37753300
vn -0.09323300 -0.92222500 0.37524400
vn -0.22080000 -0.09943900 -0.97023700
vn 0.23637800 -0.10505000 0.96596600
vn 0.24066400 -0.87549300 -0.41903900
vn -0.24098900 -0.87554600 0.41874100
vn -0.37398900 -0.70907300 -0.59778500
vn 0.37235000 -0.70572800 0.60274700
vn -0.58363200 -0.58971000 -0.55822600
vn 0.58575400 -0.59018100 0.55549800
vn 0.15826000 -0.96175200 -0.22357700
vn -0.15833600 -0.96197500 0.22256100
vn -0.65574300 -0.63776700 0.40404900
vn -0.63867400 -0.60916000 -0.47012700
vn 0.65709900 -0.63842300 -0.40079600
vn 0.64060800 -0.60996300 0.46644000
vn -0.75761600 -0.09590100 0.64561700
vn -0.78527300 -0.09390100 -0.61198800
vn 0.76026900 -0.09526500 -0.64258500
vn 0.77732600 -0.09197100 0.62233800
vn -0.11255400 -0.97819600 -0.17454200
vn 0.11296100 -0.97828800 0.17375700
vn -0.10258300 -0.65316700 -0.75023300
vn 0.11015700 -0.67587000 0.72874200
vn -0.60347900 -0.73600400 -0.30677500
vn 0.61407100 -0.75948300 -0.21471300
vn 0.60394100 -0.73593300 0.30603700
vn -0.61362100 -0.75985300 0.21469200
vn -0.28166600 -0.44107300 -0.85212600
vn 0.27944300 -0.43456800 0.85619000
vn -0.37709000 -0.76688200 -0.51932100
vn 0.37601100 -0.76504800 0.52279800
vn -0.32277900 -0.67186800 -0.66663900
vn 0.32050800 -0.66802200 0.67158100
vn 0.21008000 -0.40955400 0.88776800
vn -0.21922300 -0.42747700 -0.87704300
vn -0.64382600 -0.06365400 -0.76252000
vn 0.62551900 -0.06032000 0.77787400
vn -0.58324700 -0.06687000 0.80953700
vn -0.48213200 -0.05857000 -0.87413900
vn 0.58928900 -0.06675400 -0.80516000
vn 0.45915300 -0.05468800 0.88667200
vn -0.13888100 -0.88108100 -0.45211600
vn 0.14065600 -0.88299300 0.44781700
vn -0.63035700 -0.76087700 -0.15400200
vn 0.63727600 -0.75965800 -0.12961500
vn 0.63056300 -0.76079400 0.15356600
vn -0.63698900 -0.75985700 0.12985800
vn -0.78153200 -0.16036500 0.60290200
vn -0.79510400 -0.16286600 -0.58419600
vn 0.78387200 -0.15889400 -0.60024800
vn 0.79341200 -0.16236500 0.58663100
vn -0.73134200 -0.55267700 0.39960800
vn -0.69945000 -0.53798300 -0.47047300
vn 0.72852100 -0.55162400 -0.40616300
vn 0.69974200 -0.53983100 0.46791300
vn 0.08383200 -0.83093000 -0.55002500
vn -0.08407800 -0.83289400 0.54700800
vn -0.68041200 -0.59851800 0.42286500
vn -0.62750900 -0.55318800 -0.54792000
vn 0.68103300 -0.59949400 -0.42047700
vn 0.63083100 -0.55556600 0.54166300
vn -0.84602700 -0.05445200 0.53035200
vn -0.86908000 -0.05716300 -0.49135800
vn 0.84681400 -0.05421500 -0.52911800
vn 0.86453100 -0.05595600 0.49945500
vn -0.70192500 -0.69340800 -0.16274500
vn 0.69754900 -0.69455800 -0.17611300
vn 0.70220000 -0.69337600 0.16169300
vn -0.69721400 -0.69459000 0.17730500
vn -0.24742500 -0.11694100 0.96182400
vn 0.22488100 -0.10644800 -0.96855400
vn -0.16902200 -0.23108400 -0.95814000
vn 0.20364500 -0.27807400 0.93872500
vn -0.19310600 -0.85488300 -0.48154400
vn 0.19477100 -0.85781200 0.47562800
vn -0.12917500 -0.78901900 -0.60063500
vn 0.13263800 -0.79582300 0.59082300
vn -0.72447400 -0.66714100 -0.17337700
vn 0.71926300 -0.66338200 -0.20636300
vn 0.72473200 -0.66723300 0.17194000
vn -0.71904400 -0.66322700 0.20761800
vn 0.17422300 -0.69741200 -0.69517100
vn -0.17438700 -0.69734900 0.69519400
vn -0.31910000 -0.21121300 -0.92388500
vn 0.31886600 -0.21484700 0.92312800
vn -0.68745900 -0.65921200 -0.30469800
vn 0.68825400 -0.65944700 0.30238400
vn -0.73370400 -0.59935900 0.32007300
vn -0.69883200 -0.58272100 -0.41481400
vn 0.73298100 -0.59951600 -0.32143500
vn 0.70005600 -0.58425400 0.41057100
vn -0.56247800 -0.22223400 0.79638600
vn 0.57249500 -0.22525500 -0.78835900
vn -0.75948000 -0.52394100 -0.38558500
vn 0.75682400 -0.52320800 0.39175400
vn 0.15400600 -0.63803500 0.75444900
vn -0.15086300 -0.62914200 -0.76251000
vn -0.87772600 -0.25231200 0.40735200
vn 0.87744500 -0.25024800 -0.40922600
vn 0.20288700 -0.83774100 -0.50697800
vn -0.20317300 -0.83803300 0.50638100
vn -0.79083600 -0.28046400 0.54398400
vn -0.80707000 -0.29517200 -0.51138300
vn 0.78242300 -0.27570800 -0.55839000
vn 0.80831200 -0.29507400 0.50947300
vn -0.21091500 -0.54519600 -0.81134200
vn 0.21130500 -0.54926800 0.80848900
vn -0.09946000 -0.54251900 0.83413500
vn 0.09834900 -0.53552000 -0.83877600
vn 0.25748900 -0.82515000 -0.50281900
vn -0.25796000 -0.82509000 0.50267600
vn 0.08862600 -0.74199000 -0.66452700
vn -0.08900000 -0.74482400 0.66129900
vn -0.62106300 -0.46078800 -0.63400000
vn 0.62313000 -0.46542700 0.62855900
vn -0.76405200 -0.37420300 0.52554500
vn -0.78164900 -0.39129500 -0.48570900
vn 0.76207800 -0.37249800 -0.52960600
vn 0.78128900 -0.38930600 0.48788100
vn 0.14076500 -0.67226100 -0.72680900
vn -0.14122600 -0.67466200 0.72449100
vn -0.75589900 -0.55620300 -0.34533300
vn 0.75476800 -0.55657900 0.34719500
vn -0.75407700 -0.59866400 -0.27012800
vn 0.75394800 -0.59927100 0.26914200
vn 0.02855300 -0.80035000 -0.59885300
vn -0.02882700 -0.80337500 0.59477500
vn -0.78753700 -0.59429600 -0.16308800
vn 0.77684000 -0.60116600 -0.18740100
vn 0.78716400 -0.59449500 0.16416200
vn -0.77740600 -0.60128200 0.18466300
vn -0.87660700 -0.28779500 0.38566100
vn -0.88323600 -0.30672800 -0.35469900
vn 0.87502700 -0.28562000 -0.39083100
vn 0.88372800 -0.30657600 0.35360500
vn -0.87722000 -0.36065500 0.31688100
vn -0.88232700 -0.36986300 -0.29103500
vn 0.87628800 -0.35996300 -0.32022700
vn 0.88250500 -0.36939800 0.29108500
vn -0.80686900 -0.58038500 -0.11007400
vn 0.80265500 -0.58217800 -0.12966900
vn 0.80660200 -0.58044500 0.11170000
vn -0.80295800 -0.58237100 0.12689100
vn -0.80946900 -0.21657800 0.54575900
vn 0.81025700 -0.21418900 -0.54553300
vn -0.79552800 -0.52180100 -0.30799100
vn 0.78073200 -0.51230200 -0.35777600
vn 0.79329400 -0.52059400 0.31570100
vn -0.78318400 -0.51470900 0.34885300
vn 0.23602900 -0.73935400 -0.63059100
vn -0.23644800 -0.73857500 0.63134700
vn -0.84162100 -0.38080700 0.38296300
vn -0.85142800 -0.39243500 -0.34794400
vn 0.84060200 -0.38004000 -0.38595100
vn 0.85144600 -0.39152000 0.34892900
vn -0.79456500 -0.23026300 -0.56182400
vn 0.79591300 -0.23044200 0.55983800
vn -0.82059100 -0.55393500 -0.14066700
vn 0.81663600 -0.55308900 -0.16492000
vn 0.82015400 -0.55378400 0.14377100
vn -0.81706400 -0.55360100 0.16103900
vn -0.69923700 -0.22993900 0.67690100
vn -0.73734100 -0.23947000 -0.63165000
vn 0.70016100 -0.22358500 -0.67807400
vn 0.73983600 -0.23984100 0.62858500
vn -0.89848500 -0.12859700 0.41974600
vn -0.89572100 -0.12522700 -0.42661700
vn 0.89940800 -0.12784800 -0.41799400
vn 0.89302600 -0.12431800 0.43249300
vn -0.83928800 -0.47431700 -0.26574400
vn 0.83181300 -0.46604800 -0.30147200
vn 0.83801900 -0.47273300 0.27248500
vn -0.83260500 -0.46727500 0.29735900
vn -0.88733900 -0.43151300 -0.16256300
vn 0.88564300 -0.42723100 -0.18196000
vn 0.88731500 -0.43101200 0.16401500
vn -0.88583000 -0.42757200 0.18024000
vn -0.06542900 -0.77821400 -0.62458100
vn 0.06500600 -0.77637700 0.62690700
vn -0.02627000 -0.06042300 0.99782700
vn 0.08803100 -0.38938400 0.91685900
vn -0.07880200 -0.35929500 -0.92989100
vn -0.30411800 -0.69446400 -0.65209800
vn 0.30270800 -0.69295500 0.65435600
vn -0.97965400 -0.04445900 0.19570800
vn -0.98153500 -0.04550900 -0.18579000
vn 0.97970700 -0.04437800 -0.19545900
vn 0.98123200 -0.04531600 0.18743100
vn 0.00706200 -0.20479700 -0.97877900
vn -0.88280600 -0.22467700 0.41252200
vn 0.88319400 -0.22294100 -0.41263200
vn 0.06830800 -0.60032300 -0.79683500
vn -0.06876800 -0.60376600 0.79419000
vn 0.00238200 -0.88797000 -0.45989500
vn -0.00262500 -0.88972000 0.45650000
vn -0.00525400 0.34955800 0.93690000
vn -0.05892500 -0.90554900 -0.42013000
vn 0.05896300 -0.90588300 0.41940300
vn -0.96122300 -0.16872900 0.21813100
vn -0.96405500 -0.15555300 -0.21540900
vn 0.96148700 -0.16812400 -0.21743200
vn 0.96357000 -0.15526500 0.21777200
vn -0.64444300 0.61243500 -0.45783800
vn -0.63282200 0.59412300 0.49654300
vn 0.68315500 0.69467800 0.22521600
vn 0.67566200 0.68568500 -0.27077000
vn -0.19533400 -0.75736800 -0.62308800
vn 0.19735800 -0.76236000 0.61632600
vn 0.00743500 -0.97439200 -0.22473400
vn -0.00753000 -0.97475800 0.22313900
vn 0.11254500 -0.84501700 -0.52276200
vn -0.11279900 -0.84671900 0.51994500
vn 0.16622600 -0.79180700 -0.58771600
vn -0.16654800 -0.79296000 0.58606800
vn 0.01062300 0.50925700 -0.86054900
vn 0.01024600 0.62810200 0.77806300
vn -0.86130800 -0.49422200 -0.11786700
vn 0.86021800 -0.49199300 -0.13404500
vn 0.86113900 -0.49380100 0.12082900
vn -0.86030600 -0.49238300 0.13203300
vn -0.71049800 -0.36454100 0.60191600
vn -0.71491700 -0.38185400 -0.58573200
vn 0.70729700 -0.36180700 -0.60731200
vn 0.71480700 -0.37851400 0.58802900
vn -0.76795000 -0.02789200 0.63990200
vn -0.79075600 -0.03087100 -0.61135300
vn 0.76854400 -0.02779400 -0.63919300
vn 0.78377400 -0.02951800 0.62034400
vn -0.15808100 -0.83191300 -0.53191300
vn 0.16051700 -0.83622700 0.52436500
vn 0.00206400 0.98102400 0.19387700
vn -0.04315400 -0.53710100 0.84241300
vn 0.04290100 -0.53411900 -0.84432000
vn 0.00171700 0.28287100 -0.95915600
vn -0.03801700 -0.67514500 -0.73670500
vn 0.03700500 -0.68273500 0.72972800
vn 0.06167200 -0.87917500 -0.47249100
vn -0.06186100 -0.88072300 0.46957500
vn -0.71208700 -0.17072700 0.68101700
vn -0.66082300 -0.15040700 -0.73531700
vn 0.71542500 -0.16892900 -0.67796000
vn 0.66087500 -0.15044100 0.73526300
vn -0.37972000 -0.40149000 0.83343800
vn 0.38828400 -0.40750400 -0.82654500
vn -0.00024500 -0.77506000 -0.63188700
vn -0.00013500 -0.77938800 0.62654100
vn -0.94549900 -0.30019800 -0.12614100
vn 0.94826200 -0.29566000 -0.11569300
vn 0.94555700 -0.30013500 0.12586100
vn -0.94824100 -0.29612500 0.11467100
vn -0.92777900 -0.20745100 0.31014500
vn -0.89481500 -0.20265800 -0.39778800
vn 0.92817700 -0.20633300 -0.30970100
vn 0.89443300 -0.20244200 0.39875600
vn 0.03375000 -0.98275100 -0.18182500
vn -0.03381300 -0.98298800 0.18052800
vn -0.18447100 -0.29214200 0.93841500
vn 0.18630900 -0.29396700 -0.93748200
vn -0.12814800 -0.63705700 -0.76009000
vn 0.13129200 -0.64599300 0.75196800
vn -0.01290800 0.01440300 0.99981300
vn 0.00907300 0.00139200 -0.99995800
vn 0.04757800 0.05248100 -0.99748800
vn 0.08904500 0.97570400 0.20018400
vn 0.08884200 0.97088300 -0.22247000
vn 0.02861100 0.26466100 0.96391700
vn -0.00160000 0.13711200 0.99055400
vn -0.13087400 0.98970300 -0.05797200
vn -0.00088500 0.13966000 -0.99019900
vn 0.96568500 0.16367800 0.20164900
vn 0.60449900 0.79401800 0.06415800
vn -0.15580700 0.17185400 0.97272300
vn -0.07944300 0.07058600 0.99433700
vn -0.08347800 -0.38556700 0.91889600
vn 0.08172200 -0.37503400 -0.92340200
vn 0.00158900 0.00998400 0.99994900
vn -0.98389300 0.16770200 -0.06189900
vn -0.97610400 0.17489900 0.12896700
vn -0.00242900 0.01637400 -0.99986300
vn 0.07762300 -0.17806100 0.98095300
vn -0.08326700 -0.18430300 -0.97933600
vn -0.03436000 0.12655800 -0.99136400
vn 0.55891900 0.81371500 0.15962000
vn 0.56795800 0.81233900 -0.13239700
vn 0.05744500 0.05020900 -0.99708500
vn -0.10614100 -0.03623800 0.99369100
vn 0.11588200 -0.03695300 -0.99257500
vn 0.28919900 0.10170900 0.95185000
vn -0.11966200 0.43012300 0.89480500
vn -0.01287200 0.43873800 -0.89852300
vn -0.02072700 0.57976100 0.81452300
vn 0.09857600 0.33437300 -0.93727100
vn -0.43111000 0.47202100 -0.76898600
vn -0.42707000 0.46030700 0.77828500
vn 0.02000400 0.30979300 -0.95059400
vn -0.16513500 0.53382700 -0.82931200
vn -0.21402700 0.07045000 -0.97428400
vn -0.29347600 0.25788600 -0.92052500
vn -0.13470400 0.11952500 -0.98365100
vn 0.13959000 0.19944000 0.96991700
vn 0.33966800 0.31508800 -0.88619700
vn 0.38132900 0.34790200 0.85647700
vn 0.85926300 0.50569900 0.07704900
vn 0.29532900 0.10131800 -0.95000800
vn 0.48063100 0.28202300 -0.83033600
vn 0.52481300 0.33846200 0.78103400
vn 0.20541700 0.12575800 -0.97056100
vn -0.37665600 0.29349700 0.87862900
vn -0.38177600 0.30478000 -0.87255700
vn -0.09097200 0.84650400 0.52455300
vn -0.09184200 0.86748000 -0.48892100
vn 0.10361800 -0.14290100 0.98429800
vn -0.12884100 0.38017000 -0.91589900
vn 0.03410900 0.78505900 0.61848100
vn -0.00227800 -0.37523400 0.92692700
vn 0.00232100 -0.36179000 -0.93225700
vn 0.74810600 0.66337400 -0.01649300
vn -0.24144000 0.48993200 0.83765900
vn 0.13959800 0.12179600 0.98268900
vn -0.73308100 0.67920500 0.03568000
vn 0.55687200 0.52660700 -0.64232300
vn 0.57816400 0.53797800 0.61343800
vn -0.27747500 0.09268800 0.95625100
vn 0.01484000 0.06493000 -0.99777900
vn 0.45450800 0.47614600 -0.75280000
vn 0.19392700 0.75776200 0.62304800
vn 0.19734900 0.76782400 -0.60950800
vn 0.50956000 0.18496700 0.84031900
vn 0.61505500 0.22411300 -0.75596300
vn 0.50282700 0.75241700 0.42548000
vn 0.50531900 0.74679600 -0.43237600
vn -0.90488600 0.30504700 -0.29686300
vn -0.91336800 0.30909600 0.26498900
vn 0.21634200 0.14129600 0.96603900
vn 0.17168900 0.63312900 0.75476500
vn 0.00820300 -0.00481800 0.99995500
vn 0.17780500 0.65021600 -0.73865000
vn -0.66731000 0.42536000 0.61136400
vn -0.62888200 0.42252700 -0.65267000
vn 0.32118300 0.52012700 -0.79139700
vn -0.07164900 0.20543500 0.97604400
vn 0.04953500 -0.25989600 0.96436500
vn -0.03631800 -0.18932100 -0.98124300
vn 0.01983300 0.26953800 0.96278500
vn 0.71272800 0.24801800 0.65612900
vn 0.75738800 0.26208400 -0.59806000
vn 0.01509500 0.43434300 0.90062100
vn 0.01131500 -0.05244100 0.99856000
vn -0.36470600 0.23129800 -0.90193700
vn 0.06125600 0.08290500 0.99467300
vn -0.88426100 0.46328900 0.05871000
vn -0.94996900 0.14952900 -0.27422500
vn -0.93579900 0.15220400 0.31798600
vn -0.14692600 -0.32827700 0.93308500
vn 0.13671000 -0.30808000 -0.94148700
vn -0.74612700 0.25213100 -0.61621700
vn -0.76132000 0.25715300 0.59520100
vn -0.06502300 0.38376100 0.92114000
vn 0.63018800 0.38459800 -0.67449800
vn -0.80374700 0.53446800 -0.26140900
vn -0.82726100 0.54140100 0.15008300
vn -0.66583800 0.73039600 0.15225300
vn -0.07584300 -0.00844000 -0.99708400
vn 0.03947200 -0.00391500 0.99921300
vn 0.14821200 0.02110300 0.98873000
vn -0.12613400 -0.13135200 0.98327900
vn 0.14704400 -0.15083200 -0.97756200
vn -0.21560600 0.19710900 0.95638000
vn -0.12936400 0.17442300 -0.97613600
vn -0.22288700 0.08263400 -0.97133600
vn 0.46399800 0.15768300 -0.87168900
vn -0.18946500 0.60586800 0.77267500
vn 0.20238100 0.08152200 0.97590800
vn -0.00886400 -0.00583100 0.99994400
vn 0.05433000 -0.03754700 -0.99781700
vn -0.07717000 0.99700400 -0.00533100
vn 0.27919800 0.87175700 0.40260100
vn 0.28611000 0.87375200 -0.39331700
vn -0.18964500 0.28002400 0.94107500
vn 0.14509400 0.42632000 -0.89286000
vn -0.50831100 0.15803700 -0.84654800
vn -0.54725000 0.16990000 0.81954400
vn 0.66632000 0.73020600 -0.15105200
vn 0.46445300 0.59224700 0.65842800
vn 0.41127600 0.53137100 -0.74060600
vn 0.14641900 0.04036400 -0.98839900
vn -0.09645700 0.02618900 0.99499300
vn 0.94574300 0.32121400 0.04890100
vn -0.12466700 0.17177500 0.97721600
vn -0.22354000 0.91843200 -0.32636200
vn -0.20560600 0.92364200 0.32343600
vn -0.02593000 0.37865200 0.92517600
vn -0.00167000 0.00408600 -0.99999000
vn 0.07059600 0.09842300 -0.99263800
vn -0.32840900 0.92538000 -0.18925700
vn -0.30342700 0.90884400 0.28624300
vn 0.00080000 -0.02656700 0.99964700
vn -0.67537800 0.21149800 0.70649300
vn -0.15692900 0.10331900 -0.98219100
vn 0.59171400 0.32199800 -0.73904700
vn 0.57177500 0.33554100 0.74865600
vn 0.08566600 0.06194200 0.99439700
vn -0.03577500 0.01276800 -0.99927800
vn 0.26968900 0.48495300 -0.83191900
vn -0.02704100 0.36329000 -0.93128400
vn -0.00738300 -0.55095300 0.83450400
vn 0.00714000 -0.54209900 -0.84028400
vn 0.04027700 0.13279500 -0.99032500
vn 0.03922400 0.57732200 -0.81557400
vn -0.24103800 0.14469500 -0.95966900
vn 0.19215100 0.02806400 -0.98096400
vn 0.33150900 0.18864700 -0.92439900
vn 0.91018800 0.24643000 -0.33291200
vn -0.88427900 0.22472600 -0.40932800
vn -0.88231000 0.22673400 0.41245600
vn -0.33808800 0.04274200 -0.94014300
vn -0.36068600 0.04346800 0.93167400
vn 0.34601600 0.04620400 0.93709000
vn 0.37381500 0.04791600 -0.92626500
vn 0.02679800 -0.03790500 -0.99892200
vn 0.09961700 0.17749900 -0.97906600
vn -0.05020900 -0.06765300 0.99644500
vn -0.40855500 0.72223300 -0.55808800
vn -0.40097700 0.70093200 0.58984000
vn 0.07900800 0.05203700 -0.99551500
vn -0.20279600 0.36870800 0.90715400
vn -0.02417700 -0.02513200 -0.99939200
vn -0.01423200 -0.06823800 -0.99756800
vn -0.66728500 0.57503000 0.47336300
vn -0.67424100 0.58797200 -0.44686600
vn 0.04291900 0.60244400 0.79700700
vn 0.16807800 0.91187800 0.37447000
vn 0.16633900 0.92358300 -0.34543600
vn -0.48774300 0.07228000 -0.86999000
vn -0.51194600 0.07768000 0.85549800
vn -0.08884600 0.96483000 -0.24740400
vn -0.08800200 0.92879400 0.35999600
vn 0.66250100 0.08584000 0.74412700
vn 0.67304100 0.08760500 -0.73439900
vn -0.66041700 0.07910500 -0.74672100
vn -0.67378000 0.08389300 0.73415400
vn -0.46448000 0.84908500 -0.25162100
vn -0.46088100 0.83719700 0.29443000
vn -0.16831900 0.11343500 0.97918400
vn 0.86291800 0.48324600 -0.14780600
vn 0.01358700 0.06492500 0.99779800
vn -0.14722600 0.26760400 -0.95221400
vn -0.09602300 0.39243000 -0.91475600
vn 0.40759100 0.28153900 0.86868000
vn 0.04889900 0.99628600 0.07086900
vn 0.05375800 0.98916200 -0.13663000
vn 0.33718600 0.49287000 0.80211200
vn 0.23204200 0.35478400 -0.90569600
vn -0.61908400 0.37024300 0.69257100
vn -0.70194200 0.38210000 -0.60106300
vn 0.76658400 0.11823800 0.63116400
vn -0.35525400 0.93217900 0.06954800
vn -0.76862000 0.10912700 -0.63032900
vn 0.02359100 0.00898000 -0.99968100
vn 0.00733500 -0.00273000 0.99996900
vn 0.82073300 0.11553000 -0.55950800
vn -0.00209900 0.00493200 0.99998600
vn 0.97997000 0.18730300 -0.06765500
vn -0.00648000 -0.01204100 -0.99990700
vn -0.79415800 0.46538600 -0.39080600
vn -0.78902100 0.47950700 0.38408300
vn -0.16640600 0.97057200 0.17406600
vn 0.80276200 0.59327500 0.05997800
vn -0.92955700 0.33402700 -0.15604100
vn 0.92905700 0.36972900 0.01240800
vn 0.91243200 0.36454900 -0.18593500
vn -0.02673200 0.18471300 0.98242900
vn -0.38151100 0.21713500 -0.89850000
vn -0.04818200 -0.02625600 0.99849300
vn 0.09669300 -0.05351100 -0.99387500
vn 0.91447400 0.33717900 0.22371400
vn 0.89096500 0.33812500 -0.30307300
vn 0.10126100 -0.97854400 -0.17943800
vn -0.10130500 -0.97874500 0.17831300
vn 0.18366100 0.01897000 -0.98280700
vn 0.31537700 0.94893500 -0.00779100
vn -0.34508200 0.67987700 -0.64706000
vn -0.33154000 0.64165500 0.69163600
vn -0.28140400 0.37793800 -0.88202900
vn -0.29006900 0.39109000 0.87344600
vn -0.50966500 0.86020400 0.01705900
vn 0.21762200 0.44798000 0.86715300
vn 0.14724600 0.32353000 -0.93469100
vn -0.12383800 -0.18027500 0.97579000
vn 0.14063900 -0.20593600 -0.96840600
vn 0.32649400 0.92218600 0.20730500
vn 0.33220700 0.92241100 -0.19696500
vn 0.18578900 0.34801800 0.91889400
vn 0.01236500 0.11719100 -0.99303200
vn -0.51680200 0.76596400 -0.38237900
vn -0.51473800 0.75615400 0.40407300
vn 0.26435900 0.36394600 0.89311700
vn 0.10425700 -0.26545200 0.95847100
vn -0.08725700 -0.21804100 -0.97203100
vn 0.31973500 0.85264100 0.41324600
vn 0.32932300 0.85710800 -0.39612200
vn 0.32358300 -0.72544400 -0.60747500
vn -0.32503900 -0.72805100 0.60356500
vn -0.55208200 0.33242800 -0.76465500
vn -0.33618600 -0.37390600 -0.86439200
vn 0.33450700 -0.37021100 0.86663100
vn -0.04451700 0.29554300 -0.95429200
vn -0.98474900 0.12573400 -0.12025000
vn -0.98637800 0.12511100 0.10679400
vn -0.07684000 0.07293100 -0.99437200
vn -0.09982300 -0.38724900 0.91655500
vn 0.10162900 -0.39277600 -0.91400100
vn -0.02973700 -0.00318600 0.99955300
vn 0.03093000 -0.00294100 -0.99951700
vn -0.49156200 0.04794600 -0.86952200
vn -0.52777500 0.05625700 0.84751900
vn 0.10843700 0.10329900 0.98872200
vn 0.50011400 0.05258300 0.86436200
vn 0.55050200 0.05863800 -0.83277200
vn -0.00150700 -0.16778100 -0.98582300
vn -0.33338100 0.23797400 -0.91226400
vn 0.05970200 -0.16216700 -0.98495600
vn -0.49132200 0.34906200 0.79797100
vn -0.51206500 0.37534100 -0.77259800
vn -0.06391100 -0.35344800 -0.93326800
vn -0.26846200 0.14582000 0.95219000
vn -0.06767500 -0.55047700 -0.83210300
vn -0.00923000 -0.16529400 -0.98620100
vn 0.77844200 0.38934900 -0.49237700
vn 0.77516200 0.39074600 0.49642900
vn -0.44540600 -0.23342000 -0.86436600
vn 0.42835300 -0.21754200 0.87703400
vn 0.54386600 0.60003700 0.58665500
vn 0.52435900 0.57443700 -0.62854500
vn -0.43805600 -0.42659200 -0.79128200
vn 0.44212400 -0.42728400 0.78864100
vn -0.31786000 -0.02906500 -0.94769200
vn 0.28099700 -0.02414000 0.95940500
vn -0.17788800 -0.32075200 -0.93030800
vn 0.16769400 -0.30082800 0.93881900
vn -0.31710300 -0.17973400 0.93120400
vn 0.29948100 -0.16933900 -0.93895400
vn -0.42821000 -0.65328500 -0.62438400
vn 0.42827500 -0.65197500 0.62570700
vn -0.16095500 -0.50073200 0.85050600
vn 0.16264500 -0.50885300 -0.84534900
vn 0.12607800 -0.49396200 0.86029400
vn -0.12128800 -0.47872800 -0.86954500
vn -0.60006900 0.71699400 -0.35473600
vn -0.60036000 0.70356300 0.38022000
vn 0.63005900 0.69439400 0.34762500
vn 0.61792900 0.67876600 -0.39678800
vn -0.06690100 0.02081500 -0.99754200
vn 0.10987800 0.03483100 0.99333500
vn 0.05405700 -0.04757800 0.99740400
vn -0.37028500 -0.55623000 0.74397400
vn 0.36926400 -0.55287700 -0.74697400
vn -0.85187800 0.26525000 -0.45160400
vn -0.85895200 0.26884300 0.43580400
vn -0.77993200 0.61439300 -0.11928000
vn -0.78033700 0.62146300 0.06969600
vn -0.26317100 -0.64455400 -0.71783800
vn 0.26232100 -0.64491800 0.71782100
vn -0.98508100 0.05812800 0.16197600
vn -0.24473400 0.84447900 -0.47640400
vn -0.23784600 0.86481700 0.44217700
vn 0.00860100 -0.19430900 0.98090300
vn -0.57963400 -0.49658200 0.64608900
vn 0.58317800 -0.50072900 -0.63966700
vn -0.09426500 -0.22427500 0.96995600
vn 0.08692400 -0.21205200 -0.97338500
vn -0.44281700 -0.37111500 0.81620200
vn 0.45491500 -0.38243800 -0.80423500
vn 0.34252600 -0.62152200 -0.70454700
vn -0.34440700 -0.62630700 0.69937300
vn -0.71344600 0.66004200 -0.23524300
vn -0.70616400 0.64783300 0.28573600
vn -0.30627400 -0.58504900 -0.75094200
vn 0.30225000 -0.57702400 0.75874100
vn -0.32893300 -0.39972100 0.85558500
vn 0.33028100 -0.39808200 -0.85583000
vn -0.30185200 -0.05168000 0.95195300
vn -0.33658500 -0.05800500 -0.93986500
vn 0.31268400 -0.05197400 -0.94843400
vn 0.32247200 -0.05596600 0.94492300
vn -0.22403800 -0.19204700 -0.95547100
vn 0.26966400 -0.22955700 0.93519300
vn -0.02881200 -0.63193600 0.77448400
vn 0.02854600 -0.62721300 -0.77832400
vn 0.21466500 0.93771300 0.27315300
vn -0.40139500 -0.15465000 0.90275400
vn 0.36768300 -0.13863100 -0.91956000
vn 0.01388800 0.02331900 -0.99963200
vn -0.03586500 0.06026600 0.99753800
vn -0.53340800 -0.26511900 0.80323500
vn 0.52520700 -0.25992300 -0.81030700
vn -0.25727700 -0.25388400 0.93239000
vn 0.27550900 -0.26933200 -0.92279700
vn -0.38281900 0.76130000 0.52332700
vn -0.39091100 0.78786100 -0.47588300
vn -0.31363200 -0.77786200 -0.54457900
vn 0.31322200 -0.77815700 0.54439400
vn -0.26029700 -0.50155200 0.82504000
vn 0.25602700 -0.49194100 -0.83213200
vn -0.07774900 -0.15194600 0.98532600
vn -0.23684000 -0.09002900 0.96736900
vn 0.18733000 -0.06850900 -0.97990500
vn 0.07823400 -0.53476800 0.84136900
vn -0.06759100 -0.44837100 -0.89128800
vn -0.53262400 -0.37494100 0.75876900
vn 0.52549400 -0.38024000 -0.76110000
vn -0.54846300 -0.38136700 -0.74414200
vn 0.54668400 -0.38586100 0.74313400
vn -0.58472200 -0.15565800 0.79616000
vn -0.49322400 -0.12247600 -0.86123700
vn 0.59127200 -0.15443300 -0.79154800
vn 0.49923000 -0.12411400 0.85753400
vn -0.14146600 -0.00834800 -0.98990800
vn 0.09393000 -0.00442300 0.99556900
vn 0.05096800 -0.09735800 -0.99394400
vn -0.24768700 -0.01942500 0.96864500
vn 0.27848700 -0.02248800 -0.96017700
vn -0.38611600 -0.14662100 -0.91072300
vn 0.39729400 -0.14966200 0.90540500
vn -0.46103100 -0.30023700 0.83505000
vn -0.03920900 0.98336000 -0.17738800
vn -0.05508900 0.97032600 0.23544100
vn -0.20188400 -0.07940900 -0.97618500
vn 0.21992100 -0.08540500 0.97177200
vn 0.14905700 -0.40585300 0.90170100
vn -0.14467400 -0.39131500 -0.90881400
vn -0.52193800 -0.44839400 -0.72561900
vn 0.53066600 -0.45454700 0.71538900
vn -0.03479000 -0.01857100 -0.99922200
vn -0.58926900 -0.19395100 -0.78431200
vn 0.59522200 -0.19528300 0.77947100
vn -0.59034600 -0.37481700 0.71484500
vn 0.59288900 -0.37018300 -0.71515600
vn -0.24668600 -0.62655500 0.73930700
vn 0.24517900 -0.62537800 -0.74080400
vn 0.39411000 -0.30803400 0.86590500
vn -0.94982200 0.29095900 0.11481100
vn -0.22313300 -0.37756600 0.89869700
vn 0.22203900 -0.37365700 -0.90059900
vn -0.29213800 0.14257700 0.94568900
vn -0.23717200 -0.27721700 -0.93107500
vn 0.22913100 -0.26754800 0.93590400
vn 0.13185900 0.06446100 -0.98917000
vn -0.17237800 -0.11023200 -0.97884400
vn 0.16066100 -0.10303400 0.98161700
vn -0.44600500 -0.29118100 -0.84634100
vn 0.44237500 -0.29717800 0.84616200
vn 0.06494800 -0.97494100 -0.21277100
vn -0.06501100 -0.97524800 0.21134000
vn 0.28642400 -0.86105600 -0.42017100
vn -0.28690100 -0.86117700 0.41959800
vn 0.04496900 0.96294700 0.26591600
vn 0.05151700 0.94063200 -0.33549600
vn -0.36388900 -0.25135100 0.89688800
vn 0.38344000 -0.27041100 -0.88309200
vn -0.57889400 -0.33640400 0.74277400
vn 0.57191700 -0.33073500 -0.75068300
vn -0.06522400 0.03865200 -0.99712200
vn 0.17998800 -0.89799900 -0.40150100
vn -0.18019200 -0.89854200 0.40019200
vn -0.46669300 -0.28060000 0.83872600
vn 0.44742900 -0.27039500 -0.85246300
vn 0.19221400 -0.96424400 -0.18244900
vn -0.19229600 -0.96433400 0.18188500
vn -0.48170000 -0.57307100 -0.66298900
vn 0.48272000 -0.57311600 0.66220800
vn 0.39381100 -0.74384000 -0.54001400
vn -0.39475900 -0.74638900 0.53578800
vn -0.17791600 -0.93075300 -0.31944300
vn 0.17900400 -0.93182300 0.31569600
vn -0.36718100 -0.85652500 -0.36268800
vn 0.36685300 -0.85639100 0.36333600
vn -0.63177600 -0.44403000 -0.63537200
vn 0.62908700 -0.44605900 0.63661700
vn 0.31932100 -0.87437200 -0.36538800
vn -0.31976900 -0.87463300 0.36436900
vn -0.05468100 -0.97859900 -0.19837800
vn 0.05476600 -0.97871700 0.19777000
vn -0.33623200 -0.87165100 -0.35661300
vn 0.33611200 -0.87195800 0.35597500
vn -0.40888500 0.60076700 -0.68694400
vn 0.33948700 -0.81413400 -0.47109900
vn -0.34023900 -0.81514400 0.46880500
vn -0.49451200 -0.50739200 -0.70569900
vn 0.49691800 -0.50740000 0.70400100
vn -0.59023100 -0.61338300 0.52477500
vn 0.59277600 -0.61440700 -0.52069200
vn 0.02847300 -0.01487500 0.99948400
vn -0.40741800 -0.89413300 -0.18583800
vn 0.40425400 -0.90345800 -0.14262900
vn 0.40729200 -0.89406300 0.18645100
vn -0.40434100 -0.90355500 0.14176300
vn -0.19910300 -0.41641000 0.88710800
vn 0.19143100 -0.40040900 -0.89611800
vn 0.89986700 0.24686100 0.35958300
vn -0.29330700 -0.83404100 -0.46727600
vn 0.29353100 -0.83525700 0.46495800
vn -0.38117500 -0.32205700 -0.86659400
vn 0.39632300 -0.33068200 0.85649100
vn -0.11305400 -0.91888300 -0.37798600
vn 0.11405500 -0.91932500 0.37660800
vn -0.48835600 -0.28316300 -0.82542500
vn 0.52415100 -0.30380500 0.79559300
vn -0.37329300 -0.44374300 -0.81470500
vn 0.37336800 -0.44296300 0.81509500
vn 0.07796100 -0.65222100 0.75400900
vn -0.07955600 -0.68431400 -0.72483400
vn -0.41013400 -0.06011900 -0.91004200
vn 0.38958700 -0.05666700 0.91924500
vn -0.85571400 0.51047500 -0.08466500
vn -0.16540600 -0.02524500 -0.98590200
vn 0.09383800 -0.01452700 0.99548100
vn -0.37333000 -0.19068700 0.90789000
vn 0.36094100 -0.18367200 -0.91432300
vn -0.36967400 -0.38240100 -0.84682400
vn 0.37060300 -0.38022100 0.84739900
vn 0.01944500 -0.24769900 -0.96864200
vn -0.01864200 -0.23914800 0.97080400
vn -0.24881700 -0.20429000 0.94676100
vn 0.27957200 -0.22983100 -0.93221100
vn -0.30425700 -0.08116900 -0.94912500
vn 0.32105000 -0.08562200 0.94318400
vn 0.00194600 0.00212300 0.99999600
vn 0.02389700 -0.02548000 -0.99939000
vn -0.07190500 -0.03514700 0.99679200
vn 0.05521400 -0.02747700 -0.99809600
vn -0.21118000 -0.06236700 0.97545500
vn 0.25055500 -0.07136100 -0.96546900
vn -0.37149200 -0.50971100 -0.77600800
vn 0.37405100 -0.51230400 0.77306500
vn -0.66247400 -0.12091600 -0.73926100
vn 0.65725600 -0.11976300 0.74409100
vn -0.16283700 -0.97175200 -0.17082800
vn 0.16336000 -0.97196100 0.16913200
vn -0.40450700 -0.10766000 0.90817600
vn 0.41896800 -0.10884700 -0.90145300
vn -0.48100700 -0.62803800 0.61172000
vn 0.48142100 -0.62621600 -0.61325900
vn -0.07392600 -0.51605900 0.85335700
vn 0.07307400 -0.51037800 -0.85684000
vn 0.52802500 -0.80114100 -0.28171400
vn -0.52786900 -0.80185800 0.27996000
vn -0.48755700 -0.03713500 0.87230100
vn 0.49445400 -0.03767100 -0.86838700
vn 0.42582300 -0.83228100 -0.35494100
vn -0.42615400 -0.83326800 0.35221800
vn -0.19557400 -0.65409200 0.73069500
vn 0.19568700 -0.65646700 -0.72853200
vn -0.57501200 -0.02208300 0.81784700
vn -0.62022900 -0.03240500 -0.78375100
vn 0.57541500 -0.02211800 -0.81756300
vn 0.59037100 -0.02799500 0.80664600
vn -0.59235400 -0.55252100 0.58637600
vn 0.59582600 -0.55526900 -0.58023100
vn -0.65160100 -0.47973700 0.58759500
vn 0.64396800 -0.47723800 -0.59795400
vn 0.16132200 -0.10040700 -0.98178100
vn -0.40124900 0.91504100 0.04122300
vn -0.31731500 -0.28602400 -0.90415800
vn 0.33099300 -0.29448000 0.89650700
vn -0.29501600 -0.12463500 0.94732900
vn 0.25355500 -0.10586600 -0.96151000
vn -0.69831900 -0.20035400 0.68717500
vn -0.65873700 -0.18475500 -0.72933700
vn 0.70075900 -0.19743600 -0.68553400
vn 0.66220400 -0.18550100 0.72599900
vn -0.68375600 -0.40254600 0.60863300
vn -0.69041400 -0.40682400 -0.59818200
vn 0.68022100 -0.39800200 -0.61554400
vn 0.67123400 -0.39241700 0.62885100
vn 0.36950000 0.89922100 0.23424600
vn 0.37758600 0.90550700 -0.19361200
vn 0.26765000 0.96210600 -0.05210700
vn 0.24313700 0.96113000 0.13081500
vn -0.24628300 -0.94865200 -0.19850400
vn 0.24664800 -0.94899400 0.19640700
vn 0.25827300 -0.94315700 -0.20916400
vn -0.25844400 -0.94318000 0.20885000
vn -0.62822800 -0.73628000 -0.25143600
vn 0.62863200 -0.73619000 0.25069300
vn 0.44945800 0.75688000 0.47446900
vn 0.45990100 0.77552400 -0.43249600
vn -0.26240400 -0.26323600 -0.92835900
vn 0.26067600 -0.25785400 0.93035400
vn -0.28387200 -0.08894600 -0.95472800
vn 0.30239500 -0.09412800 0.94852400
vn -0.36742700 -0.91561400 -0.16324300
vn 0.36995300 -0.92413900 -0.09540400
vn 0.36734900 -0.91565900 0.16316800
vn -0.37002200 -0.92415800 0.09495400
vn -0.28133400 -0.94218600 -0.18203600
vn 0.29246000 -0.94725600 -0.13104700
vn 0.28151400 -0.94242800 0.18049900
vn -0.29257800 -0.94725900 0.13076600
vn -0.47614500 -0.84780000 -0.23349900
vn 0.47180000 -0.86152600 -0.18755600
vn 0.47610400 -0.84744500 0.23486500
vn -0.47179900 -0.86184400 0.18609300
vn -0.28495400 -0.45507700 0.84362600
vn 0.28391000 -0.45173000 -0.84577500
vn 0.36333800 -0.89388700 -0.26258600
vn -0.36361400 -0.89414100 0.26133700
vn -0.50265200 -0.54974700 0.66717300
vn 0.50644000 -0.55132500 -0.66299300
vn 0.00109800 -0.00323400 0.99999400
vn 0.16493000 -0.11918200 -0.97907800
vn 0.28153500 0.22398500 0.93304300
vn -0.28128700 -0.40092000 -0.87186100
vn 0.28666900 -0.40667900 0.86742900
vn -0.64621300 -0.26920500 0.71410000
vn -0.64693500 -0.28884000 -0.70572400
vn 0.64761300 -0.26978200 -0.71261200
vn 0.64899200 -0.28886400 0.70382300
vn -0.53599900 -0.16745100 0.82744500
vn 0.54242900 -0.16626800 -0.82348400
vn -0.43628400 -0.67967300 0.58966100
vn 0.43575300 -0.67716300 -0.59293300
vn -0.00524900 -0.01598300 -0.99985800
vn 0.03961500 0.01621800 0.99908300
vn -0.11293400 0.04609700 -0.99253300
vn -0.54104400 -0.51050300 -0.66832500
vn 0.54539100 -0.51243400 0.66329400
vn -0.04194500 -0.10985500 0.99306200
vn -0.50106300 -0.74172200 0.44585200
vn 0.50109300 -0.74025000 -0.44825800
vn 0.36036100 0.93271900 0.01324100
vn -0.68961800 0.53557400 0.48743000
vn -0.68550600 0.54290800 -0.48511100
vn -0.17830400 -0.26785900 -0.94681500
vn 0.17256000 -0.25486100 0.95145600
vn -0.03683700 -0.01583500 -0.99919600
vn 0.05406600 -0.02290900 0.99827500
vn 0.11915000 -0.53599200 0.83577300
vn -0.11563500 -0.52503500 -0.84318800
vn -0.54561500 -0.77737700 0.31303100
vn -0.46597500 -0.65150400 -0.59867400
vn 0.54587900 -0.77657300 -0.31456400
vn 0.46677200 -0.65157600 0.59797400
vn 0.21030500 -0.45066500 0.86756700
vn -0.21772600 -0.46436400 -0.85846500
vn 0.08560000 -0.31806200 0.94419800
vn -0.07980000 -0.29626600 -0.95176600
vn -0.57012500 -0.79698200 -0.19944200
vn 0.56366600 -0.81037300 -0.15992500
vn 0.57031900 -0.79687600 0.19931200
vn -0.56346100 -0.81068000 0.15909300
vn 0.01195800 -0.65681600 0.75395600
vn -0.01244900 -0.64724200 -0.76218300
vn -0.42283300 -0.80752600 -0.41123500
vn 0.42230100 -0.80636700 0.41404500
vn -0.13682300 -0.73705600 -0.66183700
vn 0.14077500 -0.74646700 0.65036100
vn -0.01327700 -0.01226000 0.99983700
vn -0.12603900 -0.54342200 0.82994400
vn 0.12585500 -0.54180300 -0.83103000
vn 0.03483900 -0.03152700 -0.99889600
vn 0.05518900 0.02511200 -0.99816000
vn 0.09679700 0.07677100 0.99233900
vn 0.00963300 0.99653400 -0.08262500
vn -0.17227000 -0.59388300 -0.78589200
vn 0.17498500 -0.60231100 0.77884700
vn -0.14650800 -0.08824100 0.98526600
vn -0.68243900 -0.71744700 -0.13981000
vn 0.68124500 -0.72101400 -0.12666500
vn 0.68267100 -0.71736700 0.13908900
vn -0.68098700 -0.72113200 0.12737900
vn -0.00678900 -0.21067400 0.97753300
vn -0.37418700 -0.60760100 -0.70057500
vn 0.37296600 -0.60378700 0.70451300
vn 0.28399400 0.94366100 0.16985900
vn -0.92119200 0.37127500 -0.11644900
vn -0.51151900 -0.84480200 -0.15703000
vn 0.50802800 -0.83709600 -0.20292200
vn 0.51158100 -0.84464700 0.15766100
vn -0.50793600 -0.83750700 0.20145400
vn -0.55615900 -0.73046800 -0.39636300
vn 0.55668000 -0.73041200 0.39573500
vn -0.27436400 -0.21251600 -0.93784900
vn 0.27306200 -0.21472500 0.93772600
vn -0.51328500 -0.22494000 -0.82821500
vn 0.51706200 -0.22540200 0.82573600
vn 0.49126900 0.09893700 0.86537000
vn 0.56033000 0.11477200 -0.82027900
vn -0.32948700 -0.20742000 0.92109500
vn 0.34230600 -0.22183100 -0.91302700
vn 0.35474600 0.81781200 0.45314300
vn 0.36999300 0.83153800 -0.41430500
vn -0.44980500 0.09033600 -0.88854600
vn -0.47808800 0.09807900 0.87281900
vn -0.66488500 -0.13094300 0.73537800
vn -0.50503100 -0.10186300 -0.85706900
vn 0.66946300 -0.12977600 -0.73142200
vn 0.50239300 -0.10156800 0.85865300
vn -0.12564200 0.91956300 0.37231500
vn -0.22827700 -0.54767000 -0.80495200
vn 0.22691000 -0.54781900 0.80523700
vn -0.15787500 -0.03793200 -0.98673000
vn 0.18387800 -0.04448500 0.98194200
vn 0.25896800 0.18817100 0.94737900
vn 0.29552000 -0.71941700 -0.62857600
vn -0.29686800 -0.72119700 0.62589500
vn 0.89756600 0.19023200 0.39772800
vn 0.93248000 0.20097200 -0.30015100
vn -0.88148000 0.17119300 -0.44009700
vn -0.86766400 0.17429900 0.46559600
vn 0.28146900 0.19100300 -0.94036900
vn 0.10753100 -0.75453600 -0.64738900
vn -0.10793500 -0.75729000 0.64409800
vn -0.12278000 0.60124900 -0.78957200
vn -0.35722800 -0.63320200 -0.68661700
vn 0.35489400 -0.62790200 0.69266800
vn -0.02439800 0.02008900 0.99950000
vn -0.41944600 0.28351500 0.86237100
vn 0.13394000 0.02540200 -0.99066400
vn -0.74313800 -0.63686800 -0.20529300
vn 0.76081100 -0.63202100 -0.14736300
vn 0.74334000 -0.63719400 0.20354400
vn -0.76103700 -0.63192900 0.14658600
vn -0.20206600 -0.18965000 -0.96083400
vn 0.19875900 -0.18199000 0.96300300
vn -0.35217600 -0.21544300 -0.91080000
vn 0.37816200 -0.23324900 0.89587300
vn -0.23792200 -0.77129700 -0.59033300
vn 0.23906600 -0.77469300 0.58540400
vn -0.53356300 -0.81606900 -0.22213100
vn 0.54202700 -0.83028600 -0.12974000
vn 0.53370300 -0.81585900 0.22256400
vn -0.54188800 -0.83050500 0.12891400
vn -0.66475300 -0.32315800 0.67355200
vn -0.68416100 -0.33711400 -0.64674400
vn 0.66099700 -0.32029900 -0.67859500
vn 0.68806200 -0.33690300 0.64270300
vn -0.21691600 0.97127300 0.09786000
vn -0.73721500 0.28718000 -0.61159000
vn -0.74163300 0.29005000 0.60485700
vn -0.26383700 0.02212400 -0.96431300
vn 0.00507900 0.19989000 0.97980500
vn 0.02985700 0.97431400 -0.22320700
vn 0.00366100 0.94296300 -0.33287900
vn -0.02052300 0.92010600 0.39113100
vn -0.65458900 0.74817900 -0.10836100
vn 0.88304100 0.46256700 0.07918000
vn 0.38784600 0.03421100 -0.92108900
vn -0.21718900 0.01890600 0.97594700
vn -0.09650100 0.09191800 0.99108000
vn 0.00162700 -0.02529000 -0.99967900
vn 0.00704500 0.00190500 0.99997300
vn 0.01617900 -0.00435300 -0.99986000
vn 0.60667800 0.78155300 -0.14531400
vn 0.25483500 0.02275900 0.96671700
vn -0.18695800 0.18637600 0.96452600
vn 0.31370000 0.39163200 0.86499500
vn 0.23179200 0.28046100 -0.93145800
vn 0.02578000 0.72445000 -0.68884500
vn 0.23780700 0.23763800 -0.94179400
vn 0.15904600 0.08788900 -0.98335100
vn -0.82073000 0.07733400 -0.56605800
vn -0.80342800 0.07191900 0.59104300
vn 0.02403500 0.16066300 -0.98671700
vn -0.86144300 0.44497500 -0.24477400
vn -0.85162700 0.49609200 0.16918900
vn -0.05432000 0.88085000 0.47026800
vn -0.04643400 0.90859800 -0.41508200
vn 0.99108700 0.12414300 -0.04831500
vn -0.04589600 0.38325600 0.92250100
vn 0.00347200 0.05033300 -0.99872600
vn -0.05737100 -0.35934400 0.93144000
vn 0.05533200 -0.34679700 -0.93630700
vn -0.20130100 0.21002900 -0.95674800
vn 0.39656500 0.33377100 0.85518000
vn 0.37820400 0.31808500 -0.86935800
vn -0.35014400 0.32960500 -0.87678900
vn 0.03927100 0.32519200 -0.94483200
vn -0.00432600 0.00558300 0.99997500
vn -0.94770400 0.09484900 -0.30473200
vn -0.92464300 0.09813900 0.36797300
vn -0.01408200 0.06067100 -0.99805900
vn -0.51765600 0.65323800 -0.55255100
vn -0.50776400 0.63506900 0.58212000
vn 0.48903100 0.20508200 0.84781500
vn 0.58471000 0.24132200 -0.77451800
vn 0.36584600 0.14461600 0.91937100
vn 0.10118500 0.12854600 -0.98652800
vn 0.16984400 0.21857100 0.96092700
vn -0.05383700 0.57078000 0.81933600
vn -0.04039700 0.57456800 -0.81745900
vn -0.29937600 0.34325000 0.89025500
vn 0.02710200 0.05315500 0.99821800
vn -0.45507000 0.44296200 -0.77246100
vn -0.42952700 0.41719900 0.80090700
vn -0.30827800 0.29516000 0.90434800
vn -0.00007800 -0.00042800 -1.00000000
vn -0.06048200 0.11558400 -0.99145500
vn -0.21308800 0.20465500 -0.95535900
vn -0.29862000 0.11337400 0.94761400
vn 0.54094000 0.54493300 0.64064900
vn 0.52795800 0.53257000 -0.66153600
vn -0.65434200 0.11565100 -0.74730300
vn 0.10532500 -0.08103900 -0.99113000
vn -0.07266600 -0.05597400 0.99578400
vn 0.07701900 0.78594500 0.61348100
vn 0.07427600 0.66790300 -0.74053300
vn -0.03238500 0.99892100 0.03327500
vn 0.09016300 0.99570500 -0.02101100
vn -0.23038800 0.28701300 -0.92980900
vn 0.11174400 0.90771300 0.40443900
vn 0.11188900 0.92512200 -0.36280900
vn 0.30560500 0.15749700 -0.93904200
vn 0.33930100 0.34018700 0.87701100
vn 0.35310100 0.36298100 -0.86230200
vn 0.05236600 0.00376600 -0.99862100
vn -0.10433300 0.00572500 0.99452600
vn -0.11075800 -0.21607000 -0.97007500
vn -0.17873100 0.22087700 0.95878500
vn 0.09738800 -0.18908200 0.97712000
vn 0.71708900 0.65720100 0.23209800
vn 0.71071900 0.64829500 -0.27311600
vn -0.08589000 -0.03345600 0.99574300
vn -0.17009100 0.08011700 -0.98216600
vn 0.13911700 0.97535000 0.17128700
vn 0.13900000 0.98518700 -0.10042600
vn 0.04327500 0.16118700 -0.98597500
vn 0.47277600 0.45449400 0.75492900
vn 0.46207200 0.44838000 -0.76514400
vn 0.78451600 0.15325100 0.60087300
vn 0.75518000 0.14867500 -0.63843500
vn -0.19001100 0.97318600 -0.12963200
vn 0.12431200 0.06773800 0.98992800
vn -0.35031000 0.42758200 -0.83334100
vn -0.40303700 0.48762200 0.77445900
vn 0.71420500 0.28475300 -0.63939600
vn 0.73143100 0.30168400 0.61155100
vn 0.71879800 0.60176300 0.34815400
vn 0.70888000 0.58804500 -0.38947600
vn 0.64789200 0.52192100 0.55482900
vn 0.63699800 0.50484000 -0.58255400
vn -0.13807100 0.54798900 -0.82501200
vn 0.03763000 0.26256400 0.96418100
vn -0.10897200 0.46080800 0.88078400
vn -0.09866200 0.35021700 -0.93145800
vn -0.12854600 0.09653100 0.98699400
vn 0.44104900 0.23990700 0.86482400
vn 0.54821200 0.27510400 -0.78979900
vn 0.13939400 -0.13342400 -0.98120700
vn -0.11415400 -0.11079300 0.98726600
vn 0.10497100 0.04775400 0.99332800
vn -0.03485400 -0.15011400 -0.98805400
vn 0.05141500 -0.22034300 0.97406600
vn -0.75172400 0.64801500 0.12242200
vn 0.34505700 0.13180000 -0.92928200
vn 0.07861200 0.05771400 -0.99523300
vn -0.31643500 0.22586100 0.92133300
vn 0.01114500 -0.35495700 0.93481600
vn 0.55938500 0.68138600 0.47201900
vn 0.54022800 0.65621100 -0.52682100
vn -0.20846500 0.17012800 -0.96311900
vn -0.01065000 -0.33707300 -0.94141800
vn 0.15375200 0.39478800 -0.90581600
vn -0.07841700 -0.12444100 -0.98912300
vn 0.05845200 -0.09096400 0.99413700
vn -0.00079600 0.00763000 -0.99997100
vn 0.00885200 -0.05395600 0.99850400
vn -0.14880900 -0.36155000 0.92040100
vn 0.14500600 -0.35706400 -0.92275600
vn -0.53162700 0.27957800 -0.79950500
vn -0.44119600 0.22975100 0.86750300
vn -0.60867000 0.77874500 -0.15191100
vn -0.62043100 0.77452400 0.12320100
vn -0.00834700 0.82542500 -0.56445000
vn -0.01273100 0.79464500 0.60694000
vn -0.13288800 0.33899700 0.93135500
vn -0.22095600 0.42677400 -0.87695100
vn -0.59064900 0.80692400 -0.00285100
vn -0.02044100 -0.42663500 0.90419300
vn 0.02041900 -0.42247600 -0.90614400
vn -0.20391100 0.04614900 -0.97790100
vn 0.03961100 0.00936000 -0.99917100
vn 0.00305800 -0.00072300 0.99999500
vn 0.14571200 0.03376400 0.98875100
vn 0.05603000 -0.36835100 0.92799700
vn -0.03997900 -0.25891500 -0.96507200
vn -0.56117300 0.56905100 -0.60105300
vn -0.54643000 0.54759700 0.63368100
vn 0.79343000 0.23515300 0.56140200
vn 0.80073000 0.23197700 -0.55228500
vn -0.01180500 -0.04268400 -0.99901900
vn 0.11597800 0.03796400 -0.99252600
vn -0.07737500 0.02481100 0.99669300
vn -0.97574400 0.21820600 0.01757700
vn 0.76547400 0.62925300 0.13450100
vn 0.76945600 0.61981400 -0.15417000
vn 0.47979500 0.84098500 0.25008300
vn 0.48128000 0.86098200 -0.16455800
vn 0.12001200 0.24156200 0.96293600
vn -0.79115600 0.38316000 -0.47671900
vn -0.71120900 0.39714300 0.58005100
vn 0.06293400 0.34699800 0.93575200
vn -0.15049200 -0.18816900 -0.97053800
vn 0.15204600 -0.19409600 0.96912800
vn -0.24932800 0.64254900 -0.72454500
vn -0.27711400 0.70300100 0.65497900
vn 0.11474700 0.29861000 0.94745200
vn -0.40249800 0.12416500 0.90696100
vn 0.40937100 0.25159500 0.87699200
vn 0.09772000 0.49173900 -0.86524200
vn -0.90752100 0.41691500 -0.05086700
vn 0.00456000 -0.05946000 0.99822000
vn -0.35140800 0.10760700 -0.93001800
vn -0.29657600 0.12809400 0.94638000
vn 0.09659500 0.29355800 0.95104800
vn 0.62342900 0.75192400 0.21435100
vn 0.61657400 0.73915300 -0.27109000
vn 0.82704800 0.46199800 0.32023300
vn 0.81873600 0.44317100 -0.36506300
vn 0.15667100 0.50941100 0.84614100
vn -0.05735500 0.17961200 -0.98206400
vn -0.69912300 0.71266100 -0.05780600
vn -0.69891300 0.69601000 0.16459400
vn 0.13712000 -0.13746900 0.98096900
vn -0.14537800 -0.14799500 -0.97824500
vn 0.00965900 0.01409800 0.99985400
vn 0.25885400 0.07073700 0.96332300
vn 0.35674300 0.06259600 -0.93210300
vn 0.06911200 0.83730000 -0.54235800
vn 0.06352600 0.90170800 0.42765300
vn 0.67288000 0.33007800 -0.66202800
vn 0.62754500 0.32115900 0.70925600
vn -0.07831500 0.11924100 -0.98977200
vn 0.16948900 0.55202700 -0.81641900
vn 0.47535500 0.30915800 -0.82368600
vn 0.30459900 0.05440900 0.95092500
vn 0.29409100 0.22696700 -0.92843800
vn 0.24640200 0.91341100 0.32398500
vn 0.02037100 -0.01419000 0.99969200
vn -0.06518900 -0.04469200 -0.99687200
vn 0.01937200 -0.07283700 0.99715600
vn -0.21096400 0.05977500 -0.97566400
vn 0.30981100 0.68577700 0.65858000
vn 0.33113500 0.70019600 -0.63251500
vn 0.16108100 0.78232700 0.60167800
vn 0.15745300 0.77938900 -0.60643300
vn 0.71923800 0.39385600 -0.57234100
vn 0.71562100 0.40735100 0.56740800
vn -0.35804400 0.14772500 -0.92194500
vn -0.89002000 0.34265400 -0.30075400
vn -0.90035500 0.35386300 0.25326100
vn 0.07417300 0.21267700 -0.97430300
vn 0.07118400 0.14195800 -0.98731000
vn 0.23395800 0.83731400 0.49413400
vn 0.23977200 0.84719400 -0.47410000
vn -0.63942300 0.65905800 0.39595500
vn -0.64676900 0.67883500 -0.34766800
vn 0.44273900 0.13666800 0.88617400
vn -0.22224500 0.12255600 -0.96725800
vn 0.06703000 0.03990900 0.99695200
vn 0.94712200 0.28967800 -0.13800600
vn 0.14420000 -0.12053800 0.98218000
vn -0.06458200 -0.05222900 -0.99654500
vn -0.15758500 0.05704900 0.98585600
vn 0.19429300 0.07212400 -0.97828800
vn 0.31981000 0.51684200 0.79410000
vn 0.20677600 0.35135800 -0.91312200
vn -0.15190800 0.07805000 0.98530800
vn -0.01734800 0.17959400 0.98358800
vn 0.49006900 0.18891800 -0.85096600
vn -0.26814700 0.77533100 -0.57180300
vn -0.25842500 0.77797200 0.57269200
vn -0.14459100 -0.16477700 0.97567500
vn -0.05970200 0.01088700 -0.99815700
vn 0.08162000 0.01565100 0.99654100
vn 0.15565300 -0.17466600 -0.97224700
vn 0.81601000 0.36210400 0.45056400
vn 0.78082200 0.34729100 -0.51933200
vn 0.88134700 0.29378200 -0.37002600
vn 0.85379500 0.28056300 0.43854100
vn -0.65086100 0.20446400 -0.73114600
vn -0.26420000 0.07607200 0.96146300
vn 0.33770600 0.10059000 -0.93586100
vn -0.46141900 0.18437900 0.86781100
vn 0.17831200 0.33905800 -0.92371200
vn 0.27151700 0.49460900 0.82561500
vn -0.67644000 0.04155900 -0.73532400
vn -0.63577000 0.04230300 0.77071800
vn 0.07282700 0.30359100 -0.95001500
vn 0.43295900 0.61688500 0.65726600
vn 0.43217400 0.62266100 -0.65231800
vn 0.83625300 0.54805800 0.01769200
vn -0.10883600 0.97722800 0.18215400
vn -0.83361200 0.44605200 0.32577500
vn 0.48631500 0.37356900 0.78990100
vn 0.48779600 0.38079700 -0.78552400
vn 0.37288200 0.49868300 0.78247900
vn 0.23614900 0.31957100 -0.91766400
vn 0.86899100 0.16455600 -0.46666500
vn -0.00017300 -0.01569900 0.99987700
vn -0.95327700 0.20001300 -0.22640100
vn -0.94479900 0.20197600 0.25799200
vn 0.43567200 0.21095000 -0.87503700
vn 0.25706000 0.14784200 0.95502000
vn -0.13760900 -0.28464500 0.94870500
vn -0.41074400 0.54734400 -0.72918000
vn -0.41830900 0.55462900 0.71930900
vn 0.12241100 -0.25260300 -0.95979600
vn -0.27595500 0.56883200 -0.77477700
vn -0.61507600 0.22138000 0.75675200
vn 0.63292700 0.62793800 0.45287600
vn 0.61741300 0.61242900 -0.49369200
vn 0.24029100 0.22568300 0.94410200
vn 0.02201200 0.04967700 -0.99852300
vn 0.04589100 0.42746400 0.90286700
vn 0.07205300 0.50361500 -0.86091900
vn 0.88900200 0.44172000 -0.12065900
vn 0.84983000 0.05202800 0.52448300
vn 0.87111900 0.04993900 -0.48852600
vn -0.30758500 0.05294400 0.95004600
vn 0.25667900 0.92282600 -0.28724300
vn 0.64818300 0.18533200 0.73858700
vn 0.62994900 0.19380800 -0.75206500
vn -0.00410200 0.01172900 -0.99992300
vn 0.52606700 0.85007000 0.02519300
vn -0.12782500 0.25972700 -0.95718500
vn -0.16768700 0.27403400 -0.94698800
vn -0.03586000 0.18088200 0.98285100
vn -0.27775700 0.92952800 -0.24254800
vn -0.25700600 0.94865200 0.18441300
vn 0.07579800 0.02791400 0.99673200
vn 0.35847400 0.22177900 -0.90681300
vn 0.69356800 0.44947100 -0.56297300
vn 0.65424400 0.42141900 0.62799000
vn -0.08405400 0.69157600 -0.71739700
vn -0.08885000 0.71754600 0.69082100
vn -0.94891800 0.29674400 -0.10722300
vn 0.89299700 0.37687800 0.24600700
vn 0.87083900 0.36714200 -0.32687200
vn -0.75916300 0.64734600 -0.06793300
vn -0.66050300 0.31625500 -0.68096900
vn -0.62686200 0.30828100 0.71554600
vn -0.13858100 0.01859300 -0.99017700
vn -0.35179300 0.56999600 -0.74252700
vn -0.35022600 0.56584400 0.74643300
vn -0.01546900 -0.06283100 0.99790400
vn -0.77417900 0.22224600 0.59266600
vn -0.76330700 0.21765100 -0.60826900
vn 0.65086800 0.11487300 0.75045000
vn 0.67791900 0.11159600 -0.72661700
vn -0.38121500 0.90581600 -0.18485900
vn -0.37911500 0.88856900 0.25829500
vn -0.02913100 0.14883100 -0.98843300
vn -0.39232700 0.22931600 0.89078200
vn -0.11879300 0.14330500 -0.98252300
vn 0.92014900 0.29841400 0.25352300
vn -0.34005100 0.17242000 -0.92446600
vn -0.57642900 0.21256100 -0.78901700
vn -0.41135600 0.86449200 -0.28886100
vn -0.40609700 0.84553500 0.34663400
vn 0.80164600 0.55564700 0.22049900
vn 0.80068200 0.56778700 -0.19112100
vn -0.03924400 -0.05168400 -0.99789200
vn -0.02010800 -0.01924300 -0.99961300
vn -0.01432700 0.16864500 -0.98557300
vn 0.02004200 -0.07830600 -0.99672800
vn -0.12282100 0.24780300 0.96099400
vn 0.03175200 -0.02993700 0.99904700
vn -0.11620200 0.06430900 0.99114200
vn -0.20127600 0.54775500 0.81206700
vn -0.78839000 0.15094500 0.59637000
vn -0.79484400 0.14013600 -0.59041100
vn 0.00038000 0.00022900 -1.00000000
vn -0.64733100 0.17634400 0.74152900
vn -0.62519500 0.16883700 -0.76198800
vn -0.10114700 0.04697800 0.99376200
vn -0.27746800 0.42379300 0.86221300
vn -0.26422900 0.41749700 -0.86941300
vn -0.55735400 0.74388200 -0.36877700
vn -0.55860000 0.73566100 0.38310500
vn -0.00003000 0.00162500 -0.99999900
vn -0.55473200 0.83199200 0.00787800
vn -0.91799700 0.27078600 -0.28975100
vn -0.91938900 0.27110700 0.28499900
vn 0.86167000 0.44730900 -0.23966300
vn -0.30099100 0.95360300 0.00675300
vn 0.03287100 0.04141000 0.99860100
vn -0.04999700 0.17030500 0.98412200
vn -0.09184800 0.09330500 -0.99139200
vn 0.03393400 0.13599900 0.99012800
vn 0.01027000 -0.01309400 -0.99986200
vn 0.00942800 0.00047700 0.99995500
vn 0.09038100 -0.00402600 -0.99589900
vn -0.08323200 0.40293100 -0.91143800
vn 0.22986800 0.27673300 0.93304900
vn 0.11575700 0.13574200 -0.98395900
vn -0.21431000 0.17709800 0.96057700
vn -0.02184000 -0.04467300 -0.99876300
vn -0.07621200 0.11585700 0.99033800
vn -0.44771200 0.69646800 -0.56079100
vn -0.43995900 0.67849300 0.58828800
vn -0.28376000 0.04809600 -0.95768800
vn -0.00130600 0.00272500 0.99999500
vn -0.00365500 -0.00950500 -0.99994800
vn 0.11870000 -0.40192300 -0.90794700
vn -0.11480100 -0.38788700 0.91452900
vn 0.04535600 0.09840500 0.99411200
vn -0.81430900 0.36091400 -0.45457900
vn -0.78309600 0.37903400 0.49304500
vn 0.03650800 -0.09395600 0.99490700
vn -0.05346800 0.46702500 -0.88262600
vn -0.05987100 -0.24890500 0.96667600
vn 0.06055300 -0.24833400 -0.96678000
vn 0.22947800 0.35001000 0.90820300
vn 0.10456700 0.10662200 -0.98878600
vn 0.03547100 -0.22573900 0.97354200
vn 0.26920300 0.01019300 0.96303000
vn 0.11533700 0.64551800 0.75498600
vn -0.11543500 0.00599300 -0.99329700
vn -0.56143300 0.45573200 -0.69072500
vn -0.54744900 0.43483500 0.71499500
vn 0.16339600 0.16927100 0.97193100
vn 0.04802400 -0.14618800 -0.98809100
vn -0.02959400 -0.08930900 0.99556400
vn 0.39985600 -0.18615600 0.89747500
vn -0.18161700 -0.07380600 0.98059600
vn 0.07003500 -0.02787500 -0.99715500
vn 0.23336600 0.97236900 -0.00622500
vn 0.10428900 0.18894100 0.97643500
vn 0.95667900 0.27435900 0.09742400
vn 0.08058100 0.63293200 0.77000300
vn 0.25726900 0.01294900 -0.96625300
vn -0.28993400 0.01200900 0.95697100
vn -0.03041500 -0.19681600 0.97996900
vn 0.88809900 0.31127600 0.33821200
vn 0.02832800 -0.18635200 -0.98207400
vn -0.00806700 0.16227000 0.98671300
vn 0.94993200 0.09917800 0.29630000
vn -0.47893500 0.78337700 -0.39615900
vn -0.47456500 0.76999600 0.42648900
vn -0.17376400 -0.46351900 0.86888200
vn 0.17385500 -0.46805700 -0.86642800
vn -0.46852300 0.88310700 0.02467200
vn -0.00815500 -0.48077100 -0.87680800
vn 0.00803800 -0.49596400 0.86830600
vn -0.49568400 -0.04040700 -0.86756300
vn 0.46442300 -0.03637000 0.88486600
vn -0.02190100 -0.13198400 -0.99101000
vn -0.14206200 -0.98202100 -0.12430900
vn 0.14241400 -0.98208900 0.12336700
vn -0.00788500 -0.08428800 -0.99641000
vn -0.18359900 -0.97413400 -0.13173500
vn 0.18398200 -0.97426400 0.13023400
vn 0.22179500 -0.96466500 -0.14222800
vn -0.22188100 -0.96469000 0.14192300
vn 0.00168400 0.06561200 -0.99784400
vn -0.08003600 -0.98757700 -0.13522700
vn 0.08021600 -0.98761800 0.13481900
vn 0.03720000 -0.27423900 -0.96094200
vn -0.47330700 0.02199300 -0.88062300
vn -0.03799000 -0.27712200 0.96008300
vn 0.68614000 0.05235900 0.72558300
vn 0.73512800 0.06553300 -0.67475300
vn -0.07700600 0.01453600 0.99692500
vn 0.26048200 0.13166700 0.95645900
vn -0.87191000 0.12542000 -0.47333100
vn -0.82446100 0.12446500 0.55206200
vn -0.42800900 0.03012900 0.90327200
vn 0.87837500 0.13871900 0.45740000
vn -0.00705800 -0.07713400 0.99699600
vn -0.26680000 -0.54891000 -0.79215900
vn 0.26185800 -0.53974700 0.80006500
vn -0.31313400 0.57516700 -0.75573200
vn 0.54684200 0.02917500 -0.83672700
vn 0.49988200 0.02487900 0.86573600
vn -0.30269800 0.54320200 0.78313900
vn 0.18229900 0.13836700 0.97345900
vn -0.90777800 0.04332200 -0.41720800
vn -0.89886700 0.04421400 0.43598500
vn 0.00996000 -0.10927200 -0.99396200
vn -0.67518000 0.12386300 0.72717900
vn -0.76868900 0.57559000 -0.27895000
vn -0.78112500 0.57896500 0.23376100
vn -0.74032600 0.61300000 -0.27595000
vn -0.74018700 0.61002600 0.28282800
vn 0.12893500 -0.45660200 0.88027900
vn -0.12483700 -0.44276300 -0.88790600
vn -0.21736500 0.64357000 -0.73387400
vn -0.14032400 0.01920900 0.98991900
vn 0.07776300 0.00998800 -0.99692200
vn 0.12529000 -0.94716000 -0.29528000
vn -0.12538600 -0.94766000 0.29363000
vn 0.54872200 0.38019700 0.74455000
vn 0.11530200 0.99133200 0.06297700
vn 0.15669600 -0.83929400 -0.52060600
vn -0.15698200 -0.84055900 0.51847500
vn -0.20503200 0.73915400 0.64157100
vn -0.05684100 0.06727100 0.99611400
vn 0.07988400 -0.16818500 0.98251300
vn -0.54302300 -0.12382700 0.83053800
vn 0.55087100 -0.12314000 -0.82545600
vn -0.26647500 -0.38466500 0.88375600
vn 0.26483800 -0.38116300 -0.88576300
vn 0.05197200 -0.09006100 -0.99457900
vn -0.21760200 -0.39250300 0.89363900
vn 0.21416600 -0.38399600 -0.89815400
vn 0.15740800 -0.20879400 -0.96520900
vn -0.18070500 -0.24091500 0.95357500
vn -0.28550000 0.01039400 -0.95832200
vn 0.99745100 0.06664000 0.02552100
vn -0.99460100 0.08403600 -0.06087700
vn 0.92941300 0.33357700 -0.15785300
vn 0.21419200 0.04418100 0.97579200
vn 0.75344900 0.57195500 0.32431800
vn 0.73606100 0.55708500 -0.38454000
vn -0.64562000 -0.43149800 -0.63006800
vn 0.63827100 -0.43035300 0.63828400
vn -0.70990500 -0.45626400 0.53652400
vn 0.70342800 -0.44987200 -0.55027700
vn -0.02042100 -0.33660700 -0.94142400
vn -0.17552900 0.90301700 -0.39210900
vn -0.16171500 0.89743400 0.41044000
vn 0.16040800 0.15038300 -0.97552800
vn 0.60500400 0.52799700 0.59597800
vn -0.03209000 -0.40101800 0.91550800
vn 0.03212600 -0.40086900 -0.91557200
vn -0.02032500 -0.00463200 0.99978300
vn -0.11318000 -0.29373100 0.94916400
vn 0.02364700 -0.00525500 -0.99970700
vn 0.11579400 -0.30636400 -0.94484500
vn -0.80714600 0.03712400 -0.58918400
vn -0.59309900 -0.34611200 -0.72693900
vn 0.58975100 -0.32841800 0.73779100
vn 0.04269800 0.10433600 0.99362500
vn -0.03988400 -0.02576200 -0.99887200
vn -0.07072800 -0.37422700 0.92463600
vn 0.06772000 -0.35635900 -0.93189200
vn -0.30840700 0.77130900 -0.55674800
vn -0.02342000 -0.04925200 0.99851200
vn 0.02435400 -0.33064700 0.94344000
vn -0.07177200 -0.20466900 -0.97619600
vn 0.45533100 -0.80344900 -0.38359300
vn -0.45557800 -0.80468800 0.38069100
vn 0.07944500 -0.22610500 0.97085800
vn -0.02545900 0.02614500 0.99933400
vn -0.03428900 0.02193300 0.99917100
vn -0.03088100 0.06539500 -0.99738100
vn -0.81089300 0.58392600 -0.03851000
vn 0.08359700 0.30352700 0.94914800
vn 0.21221100 0.59682400 0.77380100
vn -0.58105700 0.39104500 0.71376200
vn -0.32427000 0.84379200 0.42762600
vn -0.32819900 0.86021900 -0.39026700
vn -0.38655800 -0.01700100 -0.92210800
vn 0.33760300 -0.01454200 0.94117600
vn -0.17277900 0.43512200 -0.88363800
vn 0.94121000 0.15093600 -0.30222900
vn -0.03188200 0.29328700 -0.95549300
vn 0.08594800 -0.12527700 0.98839200
vn 0.33909300 -0.01354500 -0.94065500
vn -0.34747700 -0.01359200 0.93759000
vn -0.70696100 -0.25221700 0.66075100
vn 0.97074300 0.04672200 -0.23553000
vn -0.20595000 0.10592300 -0.97281300
vn -0.18115800 -0.10124900 0.97822800
vn 0.92025800 0.02424500 -0.39056100
vn 0.51755900 0.81991000 0.24470500
vn 0.51746900 0.82383700 -0.23134300
vn 0.21792900 0.60111100 -0.76887700
vn 0.95775400 0.03703300 0.28519300
vn 0.74186900 0.02961300 -0.66989000
vn 0.74427000 0.02644300 0.66735500
vn 0.67017400 0.73562300 0.09862000
vn 0.08092200 0.92596800 -0.36883000
vn 0.47154700 -0.18133000 -0.86299700
vn -0.13096000 -0.15453300 -0.97927000
vn -0.21355300 -0.65760400 -0.72246300
vn 0.21512400 -0.66300200 0.71704300
vn 0.28001300 0.80365500 0.52510100
vn 0.82372200 0.48006800 -0.30169000
vn -0.18368600 -0.00771500 0.98295500
vn 0.38038800 0.57879700 -0.72131800
vn 0.37845700 0.57412600 0.72605100
vn 0.28341500 0.79356700 -0.53845000
vn -0.05056000 -0.01546400 0.99860100
vn 0.12063300 0.09747400 -0.98790000
vn -0.13765800 0.93867800 -0.31612300
vn 0.00003600 0.50226200 0.86471500
vn -0.00160700 0.00102900 -0.99999800
vn 0.31525100 -0.19219400 -0.92934300
vn 0.29496200 0.93650900 -0.18959900
vn -0.59255300 -0.58345100 0.55539700
vn 0.59566800 -0.58533200 -0.55006000
vn 0.93721200 0.09546700 -0.33543900
vn 0.85257300 0.51773000 -0.07123400
vn -0.46820000 -0.28908000 -0.83499800
vn 0.31821700 0.39686700 -0.86095000
vn 0.58471100 0.19068700 0.78851200
vn -0.58504100 -0.77921700 0.22482800
vn 0.58540100 -0.77876100 -0.22547200
vn 0.39821400 0.50088200 0.76846800
vn -0.43211100 -0.69090200 -0.57959900
vn 0.43176400 -0.68903500 0.58207500
vn -0.42801900 -0.39055300 -0.81502600
vn -0.05709800 0.11076900 0.99220500
vn 0.43637200 -0.39467900 0.80858400
vn -0.93965600 0.33881200 0.04747000
vn 0.13014800 0.65244200 -0.74657900
vn -0.09184300 -0.08133900 -0.99244600
vn -0.97378700 -0.13220600 0.18509700
vn 0.97396800 -0.13183200 -0.18441000
vn 0.81418700 0.09265100 0.57316200
vn -0.43879400 0.15284600 0.88549300
vn 0.49018700 -0.19614800 0.84926000
vn -0.26098600 -0.91988500 -0.29274100
vn -0.03829400 -0.09126200 -0.99509000
vn 0.26145100 -0.92063400 0.28995900
vn 0.05264200 0.70883500 -0.70340700
vn -0.48338000 -0.19465800 -0.85349400
vn -0.77799400 0.03189500 0.62746200
vn -0.62115500 0.51581700 0.59000000
vn 0.52269300 -0.27955800 0.80538100
vn -0.08545900 -0.06072200 0.99449000
vn -0.73734400 -0.63804200 0.22187100
vn 0.18251100 0.97334800 -0.13886500
vn -0.34281600 0.15848400 -0.92593700
vn -0.51842300 0.21576300 -0.82745700
vn -0.37690000 -0.11417100 0.91919000
vn 0.68847600 0.50366500 -0.52184400
vn 0.03136100 0.43747400 0.89868400
vn 0.85022700 0.08263100 -0.51989100
vn -0.34363100 0.90163100 0.26264000
vn -0.23361300 0.66494800 0.70941500
vn 0.46957700 0.55610300 -0.68574600
vn -0.62938800 0.53117300 -0.56720900
vn 0.70236500 0.52119200 0.48481200
vn 0.50387000 0.60030900 0.62108300
vn -0.51445500 0.01783300 0.85733200
vn -0.61894000 -0.50053800 -0.60528900
vn -0.98196000 0.04571700 -0.18348000
vn 0.73725400 -0.63826000 -0.22154100
vn -0.26095700 0.20009100 0.94438600
vn 0.65104200 -0.41409600 0.63613600
vn -0.66353200 -0.41989500 -0.61920400
vn 0.49008000 0.14824900 -0.85897800
vn -0.83385700 0.54879100 -0.05924400
vn 0.44481700 0.47132100 0.76157400
vn -0.26426900 0.20295800 -0.94285200
vn 0.27763600 0.08674500 0.95676200
vn 0.26574800 0.57283600 0.77539500
vn 0.39106700 -0.11528000 -0.91311400
vn -0.99866100 0.04741100 -0.02068500
vn 0.03829100 -0.48075800 0.87601700
vn 0.36188300 0.26942600 0.89244100
vn -0.79578400 0.42353500 -0.43283500
vn -0.29574800 0.36452600 0.88298000
vn 0.49076600 0.79753800 0.35083100
vn 0.65077900 0.02627400 0.75881200
vn -0.73748200 0.47746900 -0.47764400
vn 0.98508300 0.08416400 -0.15009200
vn -0.75084400 0.02015100 -0.66017200
vn -0.69239800 0.42198600 -0.58524600
vn 0.03414400 0.00123700 -0.99941600
vn 0.04305200 -0.99414100 -0.09915000
vn -0.04308000 -0.99420800 0.09845800
vn 0.43770000 0.31291800 -0.84291200
vn 0.44244300 0.85513600 0.27015900
vn 0.00598400 -0.01985800 0.99978500
vn -0.52462600 -0.01261300 -0.85124000
vn -0.41364000 0.01513800 0.91031500
vn 0.25923700 0.72253700 -0.64088700
vn -0.00000000 1.00000000 0.00000000
vn 0.96730100 -0.25335300 -0.01189400
vn 0.91793100 -0.39447800 -0.04230200
vn 0.87361400 -0.47836100 0.08926900
vn 0.79661800 -0.60325400 -0.03853400
vn -0.44147400 -0.82459200 -0.35376500
vn -0.93627900 -0.15329000 0.31604400
vn -0.95182100 -0.17236200 -0.25362900
vn -0.27395100 -0.95114000 -0.14241700
vn -0.97489100 -0.16242300 0.15233800
vn -0.97599000 -0.16438800 -0.14290000
vn -0.25202900 -0.19645400 0.94756900
vn -0.28778000 -0.16295600 -0.94373100
vn 0.04441600 -0.28920500 0.95623600
vn 0.08828000 -0.35278600 -0.93153000
vn -0.15729900 -0.46527800 -0.87107600
vn 0.15212700 -0.55472500 -0.81800800
vn 0.20869100 -0.57195600 0.79329300
vn 0.35081700 -0.70179600 -0.62000800
vn 0.42832800 -0.66828100 0.60822300
vn 0.53182200 -0.75562200 -0.38236300
vn -0.03914800 -0.68257200 0.72976900
vn 0.31202700 -0.84493400 0.43442600
vn 0.88806000 -0.15000500 -0.43456600
vn 0.91698200 -0.27936600 0.28477900
vn 0.87373200 -0.30212000 -0.38120400
vn -0.63770200 -0.37028800 -0.67544200
vn -0.83890000 -0.43272200 0.33015100
vn 0.77324200 -0.19636000 0.60294300
vn -0.87025200 -0.25309800 0.42261400
vn 0.86726700 -0.43113700 0.24893800
vn 0.83412700 -0.34767700 0.42819800
vn -0.90298600 -0.17983000 -0.39022700
vn 0.87090900 -0.43339600 -0.23170100
vn 0.77553200 -0.42683900 -0.46514300
vn -0.74131900 -0.56335200 0.36480100
vn -0.66383900 -0.56325200 -0.49200000
vn -0.67244600 -0.71117500 0.20505500
vn 0.75469000 -0.51916900 0.40113100
vn 0.73578300 -0.60810400 -0.29804800
vn 0.58655600 -0.72140100 0.36814800
vn 0.59168600 -0.79545600 -0.13098600
vn -0.55114700 -0.18089800 0.81456300
vn 0.56025500 -0.13280900 0.81760400
vn -0.50888300 -0.84381400 0.17034100
vn -0.74932600 -0.19066400 0.63415900
vn 0.77517800 -0.11082600 -0.62194500
vn 0.61759700 -0.15517400 -0.77103500
vn -0.39114400 -0.34046700 -0.85503700
vn 0.30306300 -0.17492900 0.93677800
vn 0.28962500 -0.37945800 0.87870900
vn -0.44831200 -0.37244400 0.81258900
vn 0.33357500 -0.20602500 -0.91993600
vn -0.76739500 -0.38512300 0.51262500
vn 0.77904500 -0.25215100 -0.57402800
vn 0.97785300 -0.16254400 0.13184700
vn -0.14191600 -0.65529200 -0.74192500
vn -0.64589100 -0.33201300 0.68745300
vn -0.43807300 -0.55702900 -0.70555700
vn 0.54484600 -0.29708100 0.78414600
vn -0.55046300 -0.17479400 -0.81635600
vn -0.31364700 -0.57660500 0.75442200
vn 0.91492200 -0.14578900 0.37638100
vn 0.60482300 -0.57182600 -0.55426000
vn 0.93589200 -0.33398400 0.11207100
vn 0.98930100 -0.12955800 -0.06706300
vn -0.60043700 -0.70364000 0.37995600
vn 0.48692000 -0.48594000 0.72579000
vn -0.51887100 -0.69111100 -0.50312800
vn -0.76646200 -0.18314600 -0.61562400
vn -0.79160300 -0.58732900 0.16855400
vn 0.58851500 -0.36568100 -0.72106000
vn -0.75094600 -0.62113800 -0.22420300
vn 0.95042800 -0.23708100 -0.20119600
vn -0.91391300 -0.35834800 0.19065400
vn 0.61458400 -0.56546300 0.55003500
vn -0.91537000 -0.34908500 -0.20059400
vn 0.57207100 -0.81443700 0.09709200
vn -0.52770200 -0.83320800 -0.16521300
vn -0.33193700 -0.75557300 -0.56473600
vn 0.77392700 -0.60393800 0.19051500
vn -0.16887400 -0.40508800 0.89854600
vn -0.00258900 -0.16884700 -0.98563900
vn -0.15568000 -0.29859000 -0.94159800
vn 0.01991800 -0.13073500 0.99121700
vn 0.87294800 -0.24223300 0.42342100
vn -0.81421000 -0.38165200 -0.43749700
vn 0.06771500 -0.43918200 0.89584200
vn -0.60599100 -0.52367100 0.59878600
vn 0.13723200 -0.84345800 -0.51937100
vn -0.46506500 -0.68849400 0.55649900
vn 0.69529600 -0.40422300 0.59427800
vn -0.41322500 -0.82780000 0.37946400
vn 0.00032000 -0.83189800 0.55492900
vn -0.26446600 -0.95308000 0.14729400
vn 0.19237100 -0.75163200 0.63090700
vn 0.35414300 -0.90933600 0.21838300
vn 0.32310800 -0.94628500 -0.01208900
vn -0.16106200 -0.91495000 0.37003500
vn 0.09408600 -0.94197800 0.32221800
vn 0.34797700 -0.91267000 -0.21434900
vn 0.31689500 -0.94337600 0.09807500
vn -0.21105700 -0.90855900 -0.36052100
vn 0.33208900 -0.40329500 -0.85268400
vn 0.42580000 -0.52408900 -0.73758000
vn 0.21547300 -0.94659500 0.23985200
vn -0.05134800 -0.53838800 0.84113100
vn -0.60505700 -0.71546000 -0.34931900
vn -0.25378800 -0.76680100 0.58958300
vn 0.08581300 -0.72301900 -0.68547800
vn 0.13170700 -0.95136000 -0.27850800
vn -0.02279700 -0.92886100 -0.36972500
vn 0.15750900 -0.85115200 0.50073100
vn 0.32201700 -0.84733700 -0.42228500
vn -0.09137000 -0.81554300 -0.57143700
vn -0.88531500 -0.00000000 0.46499200
vn -0.74172600 -0.00000000 0.67070300
vn -0.57979600 -0.00000000 0.81476200
vn -0.36588600 -0.00000000 0.93066000
vn -0.10872100 -0.00000000 0.99407200
vn 0.44105200 0.00000000 0.89748200
vn 0.66559100 0.00000000 0.74631700
vn 0.84068300 0.00000000 0.54152800
vn 0.95557100 0.00000000 0.29476000
vn 0.95189700 0.00000000 -0.30641700
vn 0.83453400 0.00000000 -0.55095700
vn 0.65545700 0.00000000 -0.75523300
vn 0.41306400 0.00000000 -0.91070200
vn 0.14201300 0.00000000 -0.98986500
vn -0.46577400 -0.00000000 -0.88490400
vn -0.69100100 -0.00000000 -0.72285400
vn -0.87111900 -0.00000000 -0.49107300
vn -0.96676400 -0.00000000 0.25566900
vn 0.18021800 0.00000000 0.98362700
vn 0.99983200 0.00000000 -0.01831000
vn -0.16867200 -0.00000000 -0.98567200
vn -0.96343400 -0.00000000 -0.26794400
vn -0.97075300 -0.00000000 0.24008000
vn -0.98401900 -0.00000000 -0.17806500
vn -0.96958200 -0.00000000 -0.24476700
vn -0.98231500 -0.00000000 0.18723700
vn -0.99129900 -0.00000000 0.13162900
vn -0.99326200 -0.00000000 -0.11589400
vn -0.99113900 -0.00000000 -0.13282600
vn -0.99298900 -0.00000000 0.11821000
vn -0.92453900 -0.00000000 0.38108700
vn -0.82822200 -0.00000000 0.56040000
vn -0.67996000 -0.00000000 0.73324900
vn -0.52091800 -0.00000000 0.85360700
vn -0.38317000 -0.00000000 0.92367800
vn -0.16694100 -0.00000000 0.98596700
vn 0.11771100 0.00000000 0.99304800
vn 0.35569200 0.00000000 0.93460300
vn 0.54009200 0.00000000 0.84160600
vn 0.68028800 0.00000000 0.73294500
vn 0.82794700 0.00000000 0.56080600
vn 0.95519000 0.00000000 0.29599200
vn 0.99954200 0.00000000 0.03025400
vn 0.97711300 0.00000000 -0.21272200
vn 0.91235600 0.00000000 -0.40939800
vn 0.82564300 0.00000000 -0.56419300
vn 0.68000300 0.00000000 -0.73321000
vn 0.44806100 0.00000000 -0.89400300
vn 0.18405300 0.00000000 -0.98291600
vn -0.10265500 -0.00000000 -0.99471700
vn -0.48761100 -0.00000000 -0.87306100
vn -0.29956000 -0.00000000 -0.95407800
vn -0.66088100 -0.00000000 -0.75049000
vn -0.77693000 -0.00000000 -0.62958800
vn -0.87708000 -0.00000000 -0.48034400
vn -0.91968000 -0.00000000 -0.39266800
vn -0.81712200 -0.00000000 -0.57646400
vn -0.55354000 -0.00000000 -0.83282200
vn -0.68392900 -0.00000000 -0.72954900
vn -0.37313400 -0.00000000 -0.92777800
vn 0.01225700 0.00000000 -0.99992500
vn -0.16372800 -0.00000000 -0.98650600
vn 0.23058500 0.00000000 -0.97305200
vn 0.48231800 0.00000000 -0.87599600
vn 0.70402000 0.00000000 -0.71018000
vn 0.87105200 0.00000000 -0.49119000
vn 0.97001200 0.00000000 -0.24305800
vn 0.98780600 0.00000000 0.15568900
vn 0.99982600 0.00000000 -0.01864500
vn 0.92992000 0.00000000 0.36776200
vn 0.79951100 0.00000000 0.60065100
vn 0.60834100 0.00000000 0.79367600
vn 0.37859200 0.00000000 0.92556400
vn 0.01009800 0.00000000 0.99994900
vn 0.17511200 0.00000000 0.98454900
vn -0.19844500 -0.00000000 0.98011200
vn -0.43872100 -0.00000000 0.89862300
vn -0.64046400 -0.00000000 0.76798800
vn -0.87289400 -0.00000000 0.48790900
vn -0.78651400 -0.00000000 0.61757200
vn -0.98019100 -0.00000000 0.19805400
vn -0.96612300 -0.00000000 -0.25808400
vn -0.97874300 -0.00000000 -0.20508800
vn -0.96449600 -0.00000000 0.26409700
vn -0.98556600 -0.00000000 0.16929400
vn -0.98424800 -0.00000000 -0.17679300
vn -0.86517100 -0.00000000 0.50147700
vn -0.85833000 -0.00000000 -0.51309800
vn -0.70637400 -0.00000000 0.70783900
vn -0.67762100 -0.00000000 -0.73541200
vn -0.53099800 -0.00000000 0.84737300
vn -0.31799000 -0.00000000 0.94809400
vn -0.01150100 -0.00000000 0.99993400
vn 0.29953600 0.00000000 0.95408500
vn 0.54881500 0.00000000 0.83594400
vn 0.75714600 0.00000000 0.65324600
vn 0.90665900 0.00000000 0.42186400
vn 0.98897200 0.00000000 0.14810100
vn 0.98725900 0.00000000 -0.15912000
vn 0.90709400 0.00000000 -0.42092800
vn 0.75729200 0.00000000 -0.65307700
vn 0.55308600 0.00000000 -0.83312400
vn 0.29801100 0.00000000 -0.95456300
vn 0.00881200 0.00000000 -0.99996100
vn -0.32583400 -0.00000000 -0.94542700
vn -0.60208000 -0.00000000 -0.79843600
vn -0.78347500 -0.00000000 -0.62142400
vn -0.44007100 -0.00000000 -0.89796300
vn -0.16344900 -0.00000000 -0.98655200
vn 0.12657700 0.00000000 -0.99195700
vn 0.38936400 0.00000000 -0.92108400
vn 0.62784800 0.00000000 -0.77833600
vn 0.81926100 0.00000000 -0.57342000
vn 0.94709200 0.00000000 -0.32096300
vn 0.99971300 0.00000000 -0.02396700
vn 0.96391000 0.00000000 0.26622900
vn 0.85656300 0.00000000 0.51604300
vn 0.68244700 0.00000000 0.73093500
vn 0.45304300 0.00000000 0.89148800
vn 0.17345300 0.00000000 0.98484200
vn -0.11213800 -0.00000000 0.99369300
vn -0.36966900 -0.00000000 0.92916400
vn -0.60375100 -0.00000000 0.79717300
vn -0.77210000 -0.00000000 0.63550100
vn -0.91655800 -0.00000000 -0.39990200
vn -0.89666100 -0.00000000 0.44271800
vn -0.92393200 -0.00000000 0.38255700
vn -0.91675900 -0.00000000 -0.39944000
vn -0.79591000 -0.00000000 0.60541500
vn -0.77143900 -0.00000000 -0.63630400
vn -0.89257400 -0.00000000 0.45090200
vn -0.88631600 -0.00000000 -0.46308100
vn -0.64313400 -0.00000000 0.76575400
vn -0.35961600 -0.00000000 0.93310000
vn -0.50422300 -0.00000000 0.86357300
vn 0.00550100 0.00000000 0.99998500
vn -0.27225800 -0.00000000 0.96222400
vn 0.21100500 0.00000000 0.97748500
vn 0.01122800 0.00000000 0.99993700
vn 0.29111500 0.00000000 0.95668800
vn 0.68446800 0.00000000 0.72904300
vn 0.52992000 0.00000000 0.84804800
vn 0.90880800 0.00000000 0.41721400
vn 0.73656800 0.00000000 0.67636400
vn 0.98654400 0.00000000 0.16349700
vn 0.89199200 0.00000000 0.45205100
vn 0.99841900 0.00000000 -0.05620300
vn 0.98392100 0.00000000 0.17860500
vn 0.98557800 0.00000000 -0.16922400
vn 0.82236000 0.00000000 -0.56896700
vn 0.91361600 0.00000000 -0.40657700
vn 0.55521400 0.00000000 -0.83170700
vn 0.77257900 0.00000000 -0.63491800
vn 0.36969300 0.00000000 -0.92915400
vn 0.56889100 0.00000000 -0.82241300
vn 0.01578300 0.00000000 -0.99987500
vn 0.31781200 0.00000000 -0.94815400
vn -0.18844400 -0.00000000 -0.98208400
vn 0.03135700 0.00000000 -0.99950800
vn -0.32010400 -0.00000000 -0.94738300
vn -0.56186200 -0.00000000 -0.82723100
vn -0.96984500 -0.00000000 0.24372200
vn -0.96778600 -0.00000000 -0.25177500
vn -0.80567300 -0.00000000 0.59236000
vn -0.77878700 -0.00000000 -0.62728900
vn -0.68403200 -0.00000000 0.72945200
vn -0.49816900 -0.00000000 0.86708000
vn -0.20133500 -0.00000000 0.97952200
vn 0.38417900 0.00000000 0.92325900
vn 0.54865900 0.00000000 0.83604700
vn 0.79518400 0.00000000 0.60636800
vn 0.99997600 0.00000000 -0.00685800
vn 0.97072300 0.00000000 -0.24020300
vn 0.90774800 0.00000000 -0.41951500
vn 0.71791400 0.00000000 -0.69613200
vn 0.22756500 0.00000000 -0.97376300
vn -0.15646100 -0.00000000 -0.98768400
vn -0.37731100 -0.00000000 -0.92608600
vn -0.61628500 -0.00000000 -0.78752300
vn -0.91865300 -0.00000000 0.39506400
vn -0.91683500 -0.00000000 -0.39926700
vn -0.29338500 -0.00000000 -0.95599400
vn 0.98737400 0.00000000 -0.15840900
vn 0.29927000 0.00000000 0.95416800
vn -0.51611800 -0.00000000 0.85651800
vn -0.76595900 -0.00000000 -0.64289000
vn 0.93491900 0.00000000 -0.35486200
vn 0.48545800 0.00000000 0.87426000
vn -0.77446100 -0.00000000 0.63262200
vn -0.00931700 -0.00000000 -0.99995700
vn 0.99119800 0.00000000 0.13238700
vn 0.01549000 0.00000000 0.99988000
vn 0.76646400 0.00000000 0.64228700
vn 0.74339100 0.00000000 -0.66885700
vn 0.27107900 0.00000000 -0.96255700
vn 0.91425700 0.00000000 0.40513400
vn -0.26244600 -0.00000000 0.96494700
vn 0.52718200 0.00000000 -0.84975200
vn -0.50561800 -0.00000000 -0.86275700
vn -0.72771500 -0.00000000 -0.68588000
vn -0.55274100 -0.00000000 -0.83335300
vn 0.55712500 0.00000000 0.83042900
vn 0.90107500 0.00000000 -0.43366400
vn -0.76511500 -0.00000000 0.64389300
vn -0.53290400 -0.00000000 0.84617500
vn -0.07663200 0.48003500 0.87389600
vn 0.07618200 0.48345400 -0.87204900
vn 0.00520300 -0.04437700 -0.99900100
vn -0.00524000 -0.16251900 0.98669200
vn 0.01855700 -0.50617700 -0.86223000
vn 0.02905300 -0.44483500 0.89514100
vn 0.04574800 -0.55018400 -0.83379000
vn -0.01890300 -0.66886000 0.74314800
vn -0.02095600 -0.72161500 -0.69197700
vn -0.05369200 -0.78689200 0.61475100
vn -0.05518000 -0.78352800 -0.61890100
vn 0.01877800 -0.93587100 0.35184200
vn 0.01663800 -0.88018500 -0.47433900
vn -0.26743200 0.50111000 -0.82302400
vn 0.27396900 0.51023000 0.81523400
vn -0.40962200 0.43994800 0.79916000
vn 0.41616700 0.44590300 -0.79244900
vn -0.50671600 0.52709300 0.68221100
vn 0.51154500 0.53137600 -0.67524900
vn -0.52549900 0.48716800 -0.69750900
vn 0.53137800 0.49668900 0.68624800
vn -0.68045500 0.53584300 0.49985400
vn -0.66745900 0.52875300 -0.52432800
vn 0.68240500 0.53763000 -0.49525400
vn 0.66700600 0.52972000 0.52392800
vn -0.73401000 0.50871400 0.44993200
vn -0.73237000 0.50585500 -0.45579000
vn 0.73471600 0.50921500 -0.44821000
vn 0.73092100 0.50526100 0.45876500
vn -0.72772200 0.46257300 -0.50640600
vn 0.72512500 0.46101300 0.51152700
vn -0.72502000 0.40600000 0.55633600
vn -0.71539400 0.41775000 -0.56008700
vn 0.72497100 0.40465800 -0.55737700
vn 0.71118100 0.41490300 0.56751800
vn -0.78251500 0.46320900 0.41606300
vn -0.79109500 0.47392900 -0.38672900
vn 0.78281900 0.46265800 -0.41610400
vn 0.78957000 0.47279900 0.39120400
vn -0.79429700 0.42591500 0.43323100
vn -0.78448700 0.42871600 -0.44808700
vn 0.79505000 0.42504900 -0.43269900
vn 0.78237600 0.42692100 0.45346000
vn -0.84257900 0.34660800 0.41221800
vn -0.83501500 0.34445300 -0.42907000
vn 0.84624400 0.34677000 -0.40450100
vn 0.83539400 0.34357500 0.42903700
vn -0.88967400 0.33983300 0.30495000
vn -0.88635100 0.33920600 -0.31515300
vn 0.89203900 0.33996400 -0.29780900
vn 0.88678900 0.33859200 0.31458100
vn -0.91860900 0.36541200 0.15043700
vn -0.91762200 0.36551100 -0.15611600
vn 0.91919100 0.36524100 -0.14726500
vn 0.91775500 0.36518900 0.15608400
vn -0.95324400 0.23521100 0.18974000
vn -0.95266100 0.23535400 -0.19247000
vn 0.95420700 0.23558800 -0.18435500
vn 0.95308600 0.23499400 0.19079900
vn -0.99259900 0.02057200 0.11968500
vn -0.99256800 0.02059000 -0.11993400
vn 0.99262500 0.02059800 -0.11946300
vn 0.99259600 0.02058500 0.11970700
vn -0.22490800 0.16416700 0.96045100
vn 0.24922500 0.18321800 -0.95095600
vn 0.12981300 0.16854100 0.97710900
vn 0.05307800 -0.04550000 -0.99755300
vn -0.02788600 -0.02424600 0.99931700
vn 0.00759000 -0.00950000 0.99992600
vn -0.02887500 -0.03581000 -0.99894100
vn 0.20074000 -0.21018600 0.95683100
vn 0.13612700 -0.15756700 -0.97808100
vn 0.10328300 -0.10772500 -0.98880100
vn -0.33274700 -0.28469700 -0.89901400
vn -0.25992500 -0.21954400 0.94034000
vn 0.35952800 -0.33507100 0.87090000
vn 0.31483700 -0.27077400 -0.90970300
vn -0.23527800 -0.25680000 -0.93738900
vn -0.19978100 -0.21740600 0.95541700
vn 0.41126300 -0.49955400 0.76243600
vn -0.35144100 -0.36148500 -0.86360800
vn -0.33880300 -0.34664200 0.87467200
vn 0.52154300 -0.46244300 0.71703500
vn 0.52258700 -0.46410800 -0.71519700
vn -0.47243600 -0.41096500 -0.77968700
vn -0.46896100 -0.41310900 0.78065100
vn 0.45442300 -0.52046600 -0.72292100
vn -0.47675500 -0.56734600 -0.67143400
vn -0.47818200 -0.56116000 0.67560500
vn -0.59729600 -0.53257300 -0.59967000
vn -0.57746700 -0.51492100 0.63355100
vn 0.65662600 -0.59656000 0.46147500
vn 0.62898100 -0.57108200 -0.52749200
vn -0.56074400 -0.62802100 -0.53958800
vn -0.55824100 -0.61657200 0.55516300
vn 0.63276200 -0.77273600 -0.04991800
vn 0.70418600 -0.70936700 -0.03035300
vn -0.23656800 0.17765800 -0.95523500
vn 0.22707000 0.16929400 0.95905100
vn -0.28756900 0.78036600 -0.55527800
vn 0.28693900 0.78000100 0.55611600
vn -0.32300000 0.67654300 -0.66178600
vn 0.21341100 0.73251200 -0.64643800
vn 0.32527300 0.68028600 0.65681700
vn -0.21671900 0.73603200 0.64131900
vn 0.35935000 0.82253700 -0.44079500
vn -0.36051700 0.82361700 0.43781500
vn -0.36021400 0.77668400 -0.51672700
vn 0.38695500 0.79668000 -0.46429200
vn 0.36134900 0.77868600 0.51290900
vn -0.38775000 0.79747800 0.46225400
vn -0.34787700 0.14884600 -0.92564900
vn 0.35940600 0.15256000 0.92062600
vn -0.47062200 0.79470900 -0.38334500
vn 0.47293100 0.79756200 0.37447500
vn -0.37088900 0.14496000 0.91729400
vn -0.39242300 0.15130400 -0.90725500
vn 0.42414200 0.16103200 -0.89116400
vn 0.40409800 0.15429300 0.90160900
vn -0.55519400 0.20872300 0.80510500
vn -0.54966400 0.20580200 -0.80963900
vn 0.58386900 0.21667000 -0.78240100
vn 0.55647400 0.20656800 0.80477700
vn -0.65349000 0.26851700 0.70770700
vn -0.63571500 0.25953000 -0.72698800
vn 0.66592900 0.27051400 -0.69524200
vn 0.63882000 0.25910600 0.72441300
vn -0.70414400 0.25988800 0.66078700
vn -0.69407000 0.25608400 -0.67282100
vn 0.71932200 0.26363100 -0.64270900
vn 0.69755800 0.25570200 0.66935100
vn -0.11143400 0.79709000 -0.59349000
vn 0.10943400 0.79668000 0.59441200
vn 0.14089600 0.43758300 0.88807100
vn -0.14570400 0.45118600 -0.88045500
vn -0.80804700 0.20878800 0.55088000
vn -0.80279300 0.20810800 -0.55876100
vn 0.81792500 0.21180900 -0.53491600
vn 0.80645400 0.20763700 0.55364100
vn -0.78295600 0.55610900 -0.27878800
vn 0.78370900 0.55655500 -0.27576500
vn 0.78245800 0.55605200 0.28029500
vn -0.78341000 0.55637200 0.27698000
vn -0.87362300 0.46457000 -0.14476700
vn 0.87501500 0.46302500 -0.14126800
vn 0.87353400 0.46429900 0.14616500
vn -0.87476600 0.46330600 0.14188600
vn -0.90382400 0.39754500 -0.15830400
vn 0.90564200 0.39697500 -0.14907700
vn 0.90388200 0.39721100 0.15880900
vn -0.90514800 0.39724900 0.15132900
vn -0.92831200 0.32869000 -0.17377900
vn 0.93001200 0.32866300 -0.16449400
vn 0.92854800 0.32833200 0.17319400
vn -0.92920500 0.32867600 0.16896700
vn -0.96309500 0.11385000 0.24389700
vn -0.96250700 0.11413900 -0.24607300
vn 0.96384500 0.11424500 -0.24072900
vn 0.96315700 0.11403700 0.24356500
vn 0.05766200 0.79067700 -0.60951200
vn -0.05743600 0.79938900 0.59806200
vn -0.98392800 0.08306800 0.15806500
vn -0.98371400 0.08319300 -0.15932600
vn 0.98413700 0.08323100 -0.15667600
vn 0.98392000 0.08315300 0.15807200
vn 0.06099600 0.24566600 0.96743400
vn -0.07086700 0.26999300 -0.96025100
vn -0.11246600 0.17600600 0.97794300
vn 0.12088300 0.18680700 -0.97493100
vn 0.00304300 0.00603700 0.99997700
vn -0.06888900 -0.14493100 0.98704100
vn -0.00667700 0.02060600 0.99976500
vn 0.14752900 -0.06652100 -0.98681800
vn -0.17386700 -0.07742800 0.98172100
vn 0.02389100 -0.06413700 0.99765500
vn -0.05676100 -0.13183500 0.98964500
vn 0.00118600 -0.00328300 -0.99999400
vn -0.04903100 -0.13152500 -0.99010000
vn 0.17263900 -0.09128000 0.98074700
vn 0.12354800 -0.06099200 -0.99046200
vn -0.22309400 -0.09994600 -0.96966000
vn 0.06393100 -0.16329400 -0.98450400
vn 0.26900200 -0.12721300 -0.95470100
vn -0.39131000 -0.13985200 -0.90957000
vn -0.39987800 -0.14589400 0.90488300
vn 0.06144300 -0.17926500 -0.98188000
vn 0.14193600 -0.32960200 0.93339000
vn 0.12846100 -0.30853500 -0.94249900
vn -0.40252400 -0.16702000 -0.90004400
vn -0.14455000 -0.32385500 0.93499900
vn -0.17583400 -0.40026300 -0.89937300
vn 0.39855800 -0.18315600 -0.89866800
vn 0.16424700 -0.47780300 0.86297600
vn -0.11802400 -0.34462100 0.93129300
vn 0.17423700 -0.49819800 -0.84937600
vn -0.17101400 -0.48007000 -0.86039900
vn 0.51213900 -0.24360800 0.82363100
vn 0.51411800 -0.24724200 -0.82131200
vn 0.19474900 -0.48593800 0.85201900
vn -0.22577700 -0.52999300 0.81739300
vn 0.21400100 -0.51583500 -0.82952900
vn -0.24750800 -0.57723700 -0.77816300
vn 0.66007300 -0.26758400 -0.70192700
vn -0.49765100 -0.23052000 0.83618400
vn 0.22805100 -0.48838600 0.84230100
vn -0.20100800 -0.55831400 0.80491100
vn 0.23096000 -0.47827700 -0.84729500
vn 0.64865900 -0.29352200 0.70220100
vn 0.26649600 -0.62707200 0.73195700
vn -0.57184100 -0.25284100 -0.78042900
vn -0.63092100 -0.28486700 0.72165800
vn 0.62413500 -0.28381400 -0.72794600
vn -0.70986500 -0.33417100 -0.62001700
vn -0.72378700 -0.34421500 0.59803700
vn 0.31355400 -0.75860000 0.57114800
vn -0.32648200 -0.70335500 0.63142700
vn 0.28358900 -0.71939200 -0.63407600
vn -0.32137100 -0.69153000 -0.64692100
vn -0.83224200 -0.31310200 -0.45753700
vn -0.82750900 -0.31692100 0.46345500
vn 0.24318600 -0.78467600 0.57021500
vn 0.24684300 -0.73565800 -0.63077400
vn 0.84173400 -0.31272500 0.44010000
vn 0.79764900 -0.30780500 -0.51866300
vn -0.81537300 -0.35428900 -0.45787100
vn -0.81888700 -0.36147400 0.44582600
vn -0.36131900 -0.81230600 0.45783000
vn -0.36155300 -0.81324000 -0.45598200
vn 0.85181000 -0.42028200 0.31270200
vn 0.84846000 -0.41195200 -0.33228100
vn 0.42137300 -0.80415500 0.41926000
vn 0.41299700 -0.77688500 -0.47527100
vn -0.87434700 -0.40858000 -0.26187600
vn -0.87618300 -0.41495100 0.24519300
vn -0.43636200 -0.89287500 -0.11118100
vn -0.43620900 -0.89166900 0.12102900
vn 0.41847900 -0.90761000 -0.03344700
vn 0.90403400 -0.41940700 0.08258700
vn -0.11540700 0.04457300 -0.99231800
vn 0.13066500 0.04975300 0.99017700
vn 0.90420900 -0.40116700 -0.14652700
vn -0.91441300 -0.39242200 0.09926500
vn -0.29936800 0.60106800 0.74101000
vn 0.29753700 0.59775100 -0.74442300
vn -0.34741300 0.23753600 0.90712800
vn 0.35881900 0.24710900 -0.90010300
vn -0.17812000 0.38475200 -0.90567100
vn 0.18048000 0.38907900 0.90335200
vn 0.11314100 0.03263000 -0.99304300
vn -0.52851600 0.40215800 0.74762300
vn -0.46550100 0.34394900 -0.81548000
vn 0.53487600 0.40772000 -0.74004900
vn 0.46229500 0.34232100 0.81798500
vn 0.06902800 0.66599300 0.74275700
vn -0.07163100 0.66401100 -0.74428400
vn -0.15895300 0.96380200 -0.21405600
vn 0.15831200 0.96368000 0.21507900
vn 0.16430400 0.87227400 -0.46058900
vn -0.16551900 0.87327800 0.45824500
vn -0.30532300 0.35674900 -0.88289700
vn 0.33575500 0.38957300 0.85761400
vn -0.45899400 0.67654900 -0.57585200
vn 0.46653300 0.68639100 0.55786600
vn 0.22413400 0.92630500 -0.30285900
vn -0.22517400 0.92664900 0.30103000
vn -0.18463100 0.62041900 -0.76222800
vn 0.18090500 0.61190700 0.76996300
vn -0.28755900 0.90077100 -0.32545500
vn 0.28694300 0.90048700 0.32678100
vn -0.32557500 0.21289900 -0.92123500
vn 0.32456600 0.21322600 0.92151600
vn -0.27021900 0.31559200 0.90960600
vn 0.27568500 0.32082500 -0.90612900
vn -0.32607500 0.92814500 -0.17950700
vn 0.33656400 0.92275400 -0.18774800
vn 0.32587400 0.92817700 0.17970200
vn -0.33708900 0.92286400 0.18626200
vn -0.21678700 0.04446300 0.97520600
vn 0.24398000 0.05126200 -0.96842400
vn -0.16872700 0.46591500 0.86859400
vn 0.16119100 0.45019400 -0.87826100
vn -0.39579700 0.54682200 -0.73778700
vn 0.41061900 0.56608200 0.71480300
vn -0.49777400 0.67197400 -0.54833600
vn 0.50564700 0.68186000 0.52857200
vn -0.28158000 0.22512800 0.93275400
vn 0.30227800 0.24220400 -0.92193500
vn -0.40359700 0.08825200 0.91067100
vn -0.36477800 0.07895700 -0.92774100
vn 0.43359900 0.09640300 -0.89593400
vn 0.38583600 0.08176500 0.91893700
vn -0.50335600 0.64642400 0.57338400
vn 0.50580700 0.64900000 -0.56829500
vn -0.39055900 0.69629900 0.60218900
vn 0.39073100 0.69640500 -0.60195500
vn -0.34031100 0.57683500 0.74259700
vn 0.34159600 0.57818300 -0.74095700
vn -0.56151600 0.68178600 0.46890000
vn 0.56323300 0.68337900 -0.46450200
vn -0.65360200 0.68001200 0.33224900
vn -0.64476100 0.68450700 -0.34019600
vn 0.65460400 0.68080900 -0.32862300
vn 0.64716300 0.68836400 0.32762000
vn -0.43449400 0.88003900 -0.19169500
vn 0.44021800 0.88160700 -0.17022500
vn 0.43476000 0.88037100 0.18955100
vn -0.44038000 0.88162300 0.16972600
vn -0.61722000 0.71623600 -0.32564600
vn 0.61990500 0.71995600 0.31205900
vn 0.10248800 0.87591800 -0.47144800
vn -0.10271900 0.87906500 0.46550400
vn -0.63188800 0.28656800 0.72013600
vn -0.59602600 0.26740900 -0.75713000
vn 0.63731700 0.28544300 -0.71578600
vn 0.59770500 0.26635600 0.75617700
vn -0.68059000 0.36126000 -0.63740800
vn 0.67460000 0.35691400 0.64616300
vn 0.21106700 0.31395100 0.92568100
vn -0.78972000 0.35117700 0.50300900
vn -0.77393900 0.34562600 -0.53062400
vn 0.79363700 0.35093700 -0.49697500
vn 0.77371900 0.34426500 0.53182800
vn -0.60881600 0.09394900 0.78772900
vn -0.63182100 0.10022900 -0.76860700
vn 0.62228800 0.09715200 -0.77673600
vn 0.64236600 0.10097300 0.75971700
vn -0.13622700 0.90403300 -0.40517500
vn 0.13495700 0.90365000 0.40645200
vn -0.01571500 0.68538900 0.72800700
vn 0.01528500 0.66728300 -0.74464800
vn -0.37077100 0.34653900 -0.86164900
vn 0.37831100 0.35988500 0.85285600
vn -0.65647500 0.73676400 -0.16192400
vn 0.65806800 0.73565300 -0.16050300
vn 0.65693000 0.73774500 0.15548600
vn -0.65781300 0.73550600 0.16221400
vn -0.77122600 0.13353000 0.62239900
vn -0.77091300 0.13452000 -0.62257300
vn 0.78000700 0.13602900 -0.61080700
vn 0.77672000 0.13454800 0.61530700
vn -0.32312300 0.55522000 -0.76637000
vn 0.33265100 0.56847200 0.75245100
vn 0.21484000 0.53431500 -0.81752700
vn -0.22013700 0.54429500 0.80949500
vn -0.59400900 0.78746500 -0.16447500
vn 0.60049600 0.78032700 -0.17462300
vn 0.59469400 0.78826400 0.15804900
vn -0.60024100 0.78016300 0.17622700
vn -0.85789000 0.27603100 0.43339500
vn -0.85365200 0.27524700 -0.44217200
vn 0.86381700 0.27752300 -0.42047700
vn 0.85520300 0.27459500 0.43957400
vn -0.76164800 0.30938100 0.56936400
vn -0.74837300 0.30401700 -0.58950100
vn 0.76937500 0.31042000 -0.55830300
vn 0.74971200 0.30310600 0.58826700
vn -0.13557600 0.62107000 -0.77194000
vn 0.13225500 0.61637500 0.77626700
vn 0.11417000 0.68086800 -0.72345300
vn -0.11561500 0.68190700 0.72224400
vn -0.86408000 0.08910800 0.49540500
vn -0.86100000 0.08941100 -0.50068400
vn 0.86701900 0.08997600 -0.49008400
vn 0.86400700 0.08951300 0.49546000
vn -0.00720400 0.89188200 -0.45221100
vn 0.01039200 0.89673800 0.44244000
vn -0.18109900 0.10749500 0.97757200
vn 0.15179100 0.09131200 -0.98418600
vn -0.03867100 0.94770100 -0.31680800
vn 0.04139100 0.94625000 0.32077700
vn -0.85053500 0.43192000 0.30005900
vn -0.84539800 0.43314500 -0.31255100
vn 0.85137000 0.43136600 -0.29848500
vn 0.84479500 0.43227100 0.31537800
vn -0.14354100 0.58777700 0.79618700
vn 0.14025500 0.58601500 -0.79806900
vn -0.89662200 0.25041200 0.36519000
vn -0.89413700 0.25023800 -0.37135000
vn 0.90067200 0.25161200 -0.35423400
vn 0.89551300 0.24966000 0.36841000
vn -0.93566300 0.07139900 0.34559800
vn -0.93454900 0.07156200 -0.34856300
vn 0.93664700 0.07177400 -0.34284300
vn 0.93558700 0.07155700 0.34577000
vn -0.71204200 0.05880800 0.69967000
vn -0.70189300 0.05809100 -0.70990900
vn 0.71713100 0.05985700 -0.69436300
vn 0.70913200 0.05872900 0.70262600
vn -0.83716200 0.51580300 -0.18195500
vn 0.83709300 0.51350500 -0.18864600
vn 0.83689400 0.51556100 0.18386000
vn -0.83691900 0.51370000 0.18888800
vn -0.18066100 0.14967600 -0.97209000
vn 0.15395000 0.12923700 0.97959000
vn 0.06510100 -0.05905600 0.99613000
vn -0.01952200 -0.01754700 -0.99965500
vn -0.95814900 0.19716700 0.20754600
vn -0.95764500 0.19739200 -0.20964900
vn 0.95914400 0.19764400 -0.20243200
vn 0.95818300 0.19707100 0.20747900
vn 0.04439900 0.91479800 -0.40146500
vn -0.04207400 0.92259800 0.38346100
vn -0.06165400 0.64264100 0.76368300
vn 0.06113700 0.63366200 -0.77119000
vn -0.91899900 0.29183800 0.26508800
vn -0.91734700 0.29172100 -0.27087600
vn 0.92107000 0.29227300 -0.25730500
vn 0.91797000 0.29121200 0.26930600
vn -0.94935700 0.27153200 0.15809000
vn -0.94882800 0.27162400 -0.16107700
vn 0.95007800 0.27172000 -0.15336000
vn 0.94912200 0.27128800 0.15990700
vn -0.90297800 0.03442600 0.42830500
vn -0.90195700 0.03443500 -0.43045000
vn 0.90374700 0.03464800 -0.42666300
vn 0.90289600 0.03446700 0.42847500
vn -0.89148000 0.16897000 0.42037300
vn -0.89000300 0.16933200 -0.42334600
vn 0.89553000 0.17036600 -0.41109900
vn 0.89231000 0.16898900 0.41859900
vn -0.06845900 0.05554500 -0.99610600
vn 0.05599600 0.04698000 0.99732500
vn 0.01072900 -0.08998000 0.99588600
vn -0.01629500 -0.11203800 -0.99357000
vn -0.09785500 0.20309400 -0.97425700
vn 0.09943400 0.20562800 0.97356600
vn -0.12998300 0.31766900 0.93925000
vn 0.12079400 0.29688900 -0.94724100
vn -0.00493700 0.05711200 0.99835600
vn 0.00504200 0.05125200 -0.99867300
vn 0.23939600 -0.17839100 -0.95439300
vn -0.19509400 -0.28575000 -0.93823500
vn 0.05220500 -0.07225700 -0.99601900
vn -0.04402600 -0.06116200 0.99715600
vn 0.03138600 -0.24362600 0.96936100
vn 0.06597200 -0.10218600 0.99257500
vn -0.07941500 -0.11870500 -0.98974900
vn 0.19890200 -0.27738200 -0.93994500
vn 0.28047300 -0.36572200 -0.88745800
vn 0.01713700 0.39530900 0.91838800
vn -0.01982400 0.37002200 -0.92881200
vn 0.04431700 -0.21776200 -0.97499500
vn -0.36011000 -0.51475700 -0.77804000
vn -0.39669000 -0.56614200 0.72257900
vn 0.06035500 -0.36932700 -0.92733700
vn -0.06528200 -0.37416900 -0.92506000
vn 0.38971100 -0.58195300 0.71376200
vn -0.12143600 -0.58107100 -0.80474200
vn -0.11100400 -0.57227100 0.81251700
vn -0.09607600 -0.62746700 -0.77269300
vn -0.08562100 -0.60760500 0.78961100
vn -0.07117300 -0.49914400 -0.86359100
vn -0.05718700 -0.45556300 0.88836500
vn 0.21699200 -0.96265500 -0.16189100
vn 0.63788000 -0.46567700 0.61339600
vn 0.63583300 -0.43845400 -0.63519600
vn -0.65807200 -0.46753900 -0.59021100
vn -0.62982100 -0.44725400 0.63505100
vn 0.12327100 -0.85131300 0.50997000
vn 0.11754900 -0.84810300 -0.51662700
vn -0.96245000 -0.26991200 0.02892500
vn -0.49423500 -0.68104500 -0.54028700
vn -0.49305700 -0.67140000 0.55327800
vn 0.08249300 -0.57400200 0.81468800
vn 0.10890000 -0.72056400 -0.68478300
vn 0.00758000 -0.00218700 -0.99996900
vn 0.14162600 0.04020100 0.98910400
vn 0.15850700 -0.71233900 0.68370200
vn 0.51989300 -0.72095200 0.45819000
vn 0.54603700 -0.74657400 -0.38009400
vn -0.75943100 -0.51976400 -0.39129300
vn -0.74126600 -0.50755800 0.43921500
vn 0.74080600 -0.52045300 0.42465900
vn 0.73960000 -0.50924800 -0.44006700
vn 0.56903300 -0.77638200 0.27098600
vn 0.20736800 -0.05488300 -0.97672200
vn -0.57094200 -0.79895300 -0.18894400
vn -0.57551500 -0.79875700 0.17541400
vn -0.12684200 -0.85677900 -0.49984000
vn -0.12841400 -0.84324900 0.52196000
vn -0.10488100 0.13997600 -0.98458500
vn -0.10869000 -0.19807200 -0.97414300
vn -0.08930400 -0.06362000 -0.99397000
vn 0.23424500 -0.05641600 0.97053900
vn 0.32489900 -0.07354500 -0.94288500
vn -0.22352100 -0.05284200 -0.97326600
vn -0.25878600 -0.05871500 0.96414800
vn 0.27804900 -0.18649800 -0.94228800
vn -0.44571100 -0.07117800 0.89234300
vn 0.43494800 -0.87959000 0.19272300
vn 0.42899800 -0.86559900 -0.25826200
vn 0.49233500 -0.07369200 0.86728100
vn 0.51200500 -0.08394400 -0.85487100
vn -0.08678700 0.09223600 0.99194800
vn 0.10248900 0.10767900 -0.98888900
vn -0.17379300 -0.28202200 -0.94353600
vn -0.19778800 -0.31224300 0.92918500
vn -0.43864300 -0.11747600 -0.89095000
vn -0.39736600 -0.10519800 0.91161000
vn 0.46084100 -0.11893300 -0.87947700
vn -0.39221300 -0.26123500 -0.88200100
vn -0.27434900 -0.45277800 -0.84836600
vn -0.26679000 -0.43886700 0.85803200
vn -0.59643300 -0.13925800 -0.79049000
vn -0.49835300 -0.11376200 0.85947800
vn 0.58330900 -0.13593900 0.80079400
vn 0.64293500 -0.14113200 -0.75280500
vn 0.01724400 0.06130500 0.99797000
vn -0.03565500 0.12266400 -0.99180800
vn 0.72972900 -0.18454000 0.65836200
vn -0.75986700 -0.17651300 -0.62565600
vn -0.70723300 -0.16333900 0.68785300
vn 0.82976000 -0.20402100 0.51949400
vn 0.81006500 -0.19325900 -0.55357600
vn 0.01857900 -0.01069000 -0.99977000
vn -0.05504600 -0.03158400 0.99798400
vn 0.19535700 -0.97837400 0.06796800
vn -0.08091400 -0.34959500 -0.93340000
vn -0.95418200 -0.25632400 -0.15438100
vn -0.94398300 -0.25277900 0.21213100
vn -0.02790100 0.05228500 0.99824200
vn 0.00065700 0.00122100 -0.99999900
vn 0.96417500 -0.22259000 0.14429500
vn 0.96430800 -0.24315900 -0.10480200
vn 0.08449800 -0.31887200 0.94402400
vn -0.24736300 -0.96378900 -0.09961000
vn 0.09333000 -0.35053000 -0.93189000
vn 0.08811500 -0.40227300 0.91126900
vn -0.08731200 -0.14108400 0.98614000
vn 0.49906300 -0.86633800 -0.01986800
vn 0.13836700 -0.55245000 -0.82198100
vn -0.04185700 0.02981200 0.99867900
vn 0.08129300 0.05838900 -0.99497900
vn -0.17324000 -0.63641900 -0.75163700
vn -0.16342300 -0.63749400 0.75292400
vn -0.06172300 -0.27796900 0.95860500
vn 0.00220100 -0.00032600 0.99999800
vn 0.06413900 0.00954900 -0.99789500
vn -0.13485800 -0.76298900 -0.63218700
vn -0.11892000 -0.72520700 0.67818300
vn 0.40147300 -0.23897500 0.88414400
vn -0.10944600 0.02244600 -0.99373900
vn 0.13562000 0.02720200 0.99038700
vn 0.13897500 -0.54895500 0.82421800
vn 0.11032700 -0.56319500 0.81892600
vn 0.17334100 -0.72598900 -0.66550200
vn -0.15940300 0.08681600 0.98338900
vn 0.09291000 0.05029400 -0.99440300
vn 0.19895600 -0.85947700 -0.47086800
vn 0.29459300 -0.55316500 0.77924600
vn 0.26516300 -0.47769700 -0.83755200
vn -0.06192600 0.01144000 0.99801500
vn 0.06822200 0.01273200 -0.99758900
vn -0.00508700 0.53292200 0.84614900
vn 0.00363200 0.49679500 -0.86786000
vn -0.56282000 -0.35825600 -0.74490700
vn -0.50543200 -0.31906300 0.80170900
vn -0.04352100 0.27894900 0.95931900
vn 0.04535300 0.29404600 -0.95471500
vn -0.56909500 -0.32686700 -0.75451200
vn -0.55758500 -0.31319800 0.76876900
vn -0.18651000 -0.78707500 -0.58798500
vn -0.17245000 -0.80394700 0.56914800
vn 0.00769600 -0.02751900 -0.99959200
vn 0.73817200 -0.46921000 0.48471000
vn 0.75840600 -0.46538200 -0.45633300
vn -0.02323000 -0.09679300 0.99503300
vn 0.38611700 -0.69338100 0.60838900
vn 0.37900200 -0.66001600 -0.64864200
vn 0.80975100 -0.52278800 0.26645000
vn 0.82081900 -0.52269300 -0.23032300
vn 0.43217400 -0.69308800 0.57693500
vn 0.43802500 -0.67970200 -0.58833700
vn -0.02821100 0.01414900 0.99950200
vn -0.04248200 -0.02078100 -0.99888100
vn -0.07304600 0.22469000 0.97168900
vn 0.05731500 0.18121400 -0.98177200
vn 0.01563400 0.16623300 0.98596200
vn -0.01736500 0.16277100 -0.98651100
vn 0.46764400 -0.88351800 -0.02654800
vn -0.52782100 -0.82316000 -0.20931600
vn -0.52887900 -0.82282100 0.20797300
vn -0.09098600 0.11122100 0.98962200
vn 0.08191200 0.09965200 -0.99164500
vn -0.42713100 0.38836000 0.81653900
vn 0.43741200 0.39732800 -0.80672200
vn -0.30827500 0.47839900 0.82225400
vn 0.31308200 0.48478800 -0.81667600
vn -0.28376400 0.24538400 -0.92696500
vn 0.27164000 0.23843600 0.93239500
vn -0.02392100 0.03840200 0.99897600
vn 0.02501500 0.03918700 -0.99891900
vn -0.44573400 0.44910300 -0.77435600
vn 0.46626000 0.47509500 0.74624900
vn 0.13931900 0.37528000 0.91638200
vn -0.13854700 0.37301200 -0.91742400
vn -0.18433100 0.35764500 0.91548500
vn 0.18062200 0.34971600 -0.91927900
vn -0.44789200 0.28367200 -0.84789300
vn 0.44242300 0.28132700 0.85153800
vn -0.25325700 0.09144700 -0.96306700
vn 0.32910800 0.11451600 -0.93732300
vn 0.27440900 0.09783900 0.95662300
vn -0.48684700 0.29221800 0.82315700
vn 0.48214000 0.28928200 -0.82695600
vn -0.26139200 0.63185200 -0.72968300
vn 0.26185300 0.63328200 0.72827700
vn -0.22996500 0.06918900 0.97073600
vn 0.30561500 0.09413700 -0.94749000
vn -0.28744200 0.27354800 0.91790400
vn 0.30268200 0.28711900 -0.90881600
vn 0.09795100 0.94682200 -0.30648600
vn -0.09772400 0.94866100 0.30082000
vn -0.57425200 0.44037800 -0.69014600
vn 0.57250400 0.44033900 0.69162200
vn -0.18865300 0.97237000 -0.13750200
vn 0.18826000 0.97233100 0.13831000
vn -0.45442300 0.53266500 -0.71398100
vn 0.47363500 0.55526100 0.68363400
vn 0.09834000 0.43357600 0.89573500
vn -0.10308400 0.44161200 -0.89126500
vn -0.28206900 0.40859800 -0.86803500
vn 0.30583200 0.44238700 0.84306600
vn -0.66673100 0.45648700 0.58914300
vn -0.65354100 0.43863900 -0.61683100
vn 0.66798800 0.45753200 -0.58690400
vn 0.65041700 0.43704600 0.62124800
vn 0.26015800 0.68370200 -0.68181300
vn -0.26370800 0.68898200 0.67510200
vn -0.33802100 0.18829200 0.92211100
vn 0.31502600 0.17477000 -0.93285300
vn -0.41524100 0.75553600 -0.50669500
vn 0.41826600 0.75962800 0.49801500
vn -0.22232700 0.90251800 -0.36882500
vn 0.22121400 0.90175000 0.37136400
vn -0.15793300 0.01860900 0.98727500
vn -0.10287000 0.00984100 -0.99464600
vn 0.18051500 0.02181100 -0.98333000
vn 0.18657700 0.01838200 0.98226800
vn -0.13939400 0.49496500 0.85765900
vn 0.13394600 0.48681000 -0.86317700
vn -0.16715000 0.78772500 -0.59291700
vn 0.16487900 0.78536400 0.59667200
vn -0.15678300 0.07227300 0.98498500
vn 0.11327500 0.05062500 -0.99227300
vn -0.36191200 0.51659900 0.77598000
vn 0.36714900 0.52341400 -0.76892100
vn -0.21229900 0.32836400 0.92038400
vn 0.22095500 0.34021400 -0.91402100
vn 0.46519700 0.72615200 -0.50625700
vn -0.46411000 0.72485100 0.50911000
vn -0.22316100 0.95949300 -0.17196700
vn 0.22270100 0.95940200 0.17306500
vn 0.21167800 0.96578900 -0.14981300
vn -0.21210300 0.96583800 0.14889300
vn 0.15287700 0.95746000 -0.24474400
vn -0.15327100 0.95791000 0.24272600
vn -0.63843400 0.37501400 0.67213600
vn 0.63707400 0.37324800 -0.67440600
vn -0.51561100 0.24658900 0.82057200
vn -0.45897400 0.21203900 -0.86277600
vn 0.51253100 0.24076600 -0.82422300
vn 0.46533800 0.21305900 0.85910800
vn 0.52413800 0.77064200 -0.36247800
vn -0.52341900 0.76988500 0.36511600
vn 0.22728500 0.84994800 -0.47532000
vn -0.22927100 0.85118600 0.47214100
vn -0.56606100 0.63141000 -0.52999600
vn 0.57452700 0.64219200 0.50745200
vn -0.37837700 0.66765400 -0.64114700
vn 0.38402300 0.67542000 0.62955000
vn -0.38808700 0.85655000 -0.34016200
vn 0.40265500 0.86338400 -0.30403600
vn 0.38847200 0.85731000 0.33780100
vn -0.40317300 0.86367800 0.30250800
vn 0.36278500 0.70792700 -0.60599200
vn -0.36360000 0.70914000 0.60408200
vn -0.40996200 0.05275100 0.91057600
vn -0.33381000 0.03794200 -0.94187600
vn 0.42659900 0.05581600 -0.90271700
vn 0.36446400 0.04145900 0.93029400
vn -0.54121300 0.16020000 0.82548500
vn -0.52579700 0.15750800 -0.83590000
vn 0.57654800 0.17108100 -0.79895200
vn 0.53552800 0.15829400 0.82955000
vn -0.22661400 0.21137400 -0.95077200
vn 0.20763000 0.20086800 0.95736200
vn -0.59083400 0.59957900 0.53983400
vn -0.58255300 0.58650500 -0.56271200
vn 0.59373900 0.60208700 -0.53382100
vn 0.58980600 0.59674000 0.54408600
vn 0.15539500 0.78569900 -0.59877300
vn -0.15717800 0.78695300 0.59665800
vn -0.64933300 0.61378500 0.44903700
vn -0.65688400 0.61847800 -0.43126300
vn 0.65132400 0.61549900 -0.44377800
vn 0.65909800 0.62263400 0.42180200
vn -0.75216900 0.09700500 0.65179100
vn -0.74712400 0.09800100 -0.65742000
vn 0.75922000 0.09877700 -0.64329500
vn 0.75393400 0.09839500 0.64954000
vn -0.17354400 0.07152300 0.98222600
vn 0.12926900 0.05153600 -0.99027000
vn -0.60468200 0.75583200 -0.25115200
vn 0.59852100 0.74062000 -0.30537500
vn 0.60629800 0.75793800 0.24069200
vn -0.59777700 0.74000700 0.30830500
vn -0.39019400 0.45545400 0.80019400
vn 0.39549500 0.46064400 -0.79460100
vn -0.36587500 0.29978900 -0.88105700
vn 0.35683000 0.29441900 0.88656100
vn -0.60437700 0.53745700 0.58810600
vn -0.61276800 0.55306500 -0.56447600
vn 0.60817100 0.54080200 -0.58108600
vn 0.61539700 0.55816600 0.55654100
vn -0.60258400 0.06965400 0.79501000
vn -0.56112400 0.06802100 -0.82493200
vn 0.61272900 0.07172800 -0.78703100
vn 0.57571300 0.06948100 0.81469500
vn 0.20270900 0.52403000 0.82722500
vn -0.20289700 0.52385800 -0.82728800
vn -0.63493700 0.75804300 -0.14908300
vn 0.62967600 0.75954800 -0.16307900
vn 0.63541100 0.75885100 0.14282100
vn -0.62942400 0.75940500 0.16471400
vn -0.79291800 0.17187800 0.58458500
vn -0.78875700 0.17142800 -0.59031800
vn 0.80258700 0.17482700 -0.57034200
vn 0.79359000 0.17117500 0.58387800
vn -0.02674400 0.77904900 -0.62639300
vn 0.02671300 0.78705800 0.61630100
vn -0.73838100 0.55348000 0.38529700
vn -0.73368800 0.55004500 -0.39893900
vn 0.73920500 0.55421600 -0.38265000
vn 0.73302200 0.55025600 0.39987100
vn 0.01122300 0.65080100 0.75916500
vn -0.01241400 0.63170400 -0.77511000
vn -0.68144300 0.58446500 0.44049500
vn -0.67965900 0.58573900 -0.44155700
vn 0.68321700 0.58607200 -0.43558500
vn 0.68029400 0.58798800 0.43757300
vn -0.84705800 0.05729300 0.52840300
vn -0.84385300 0.05723900 -0.53351300
vn 0.84925700 0.05785300 -0.52480000
vn 0.84658400 0.05739600 0.52915200
vn -0.69367600 0.68484800 -0.22315200
vn 0.70172400 0.69297000 -0.16545800
vn 0.69419300 0.68636000 0.21681000
vn -0.70146000 0.69278900 0.16732400
vn 0.14073000 0.67171500 -0.72731900
vn -0.14305300 0.67253700 0.72610600
vn -0.24084700 0.73617400 -0.63248700
vn 0.23916200 0.73356700 0.63614600
vn -0.04015900 0.87306500 -0.48594800
vn 0.04109900 0.87552200 0.48142700
vn -0.35435600 0.20601800 -0.91213400
vn 0.34731300 0.20392500 0.91530800
vn 0.21368300 0.59655700 -0.77360200
vn -0.21871400 0.60519300 0.76544500
vn -0.72371200 0.65123500 -0.22832700
vn 0.72046000 0.65451900 -0.22922200
vn 0.72384400 0.65230400 0.22483100
vn -0.71998800 0.65411300 0.23184800
vn -0.65671900 0.35410400 0.66583100
vn 0.65555400 0.35151500 -0.66834600
vn 0.07072800 0.49370500 0.86674800
vn -0.07476300 0.50309300 -0.86099300
vn -0.21158400 0.37487300 -0.90260900
vn 0.22186900 0.38826800 0.89443900
vn 0.68647000 0.66523000 -0.29364600
vn -0.68564600 0.66456200 0.29706400
vn -0.73279700 0.59278000 0.33409800
vn -0.73007900 0.59140800 -0.34237600
vn 0.73360200 0.59353400 -0.33097700
vn 0.72993600 0.59226300 0.34120200
vn -0.01633100 0.25810300 0.96597900
vn 0.01570800 0.22611400 -0.97397400
vn -0.17585000 0.63499900 0.75223200
vn 0.17179700 0.63033300 -0.75707800
vn -0.82446900 0.30189800 0.47865300
vn -0.81772200 0.29989000 -0.49132100
vn 0.83117900 0.30321400 -0.46605000
vn 0.81918300 0.29915500 0.48933100
vn -0.21788400 0.29949200 -0.92888700
vn 0.22973000 0.31629200 0.92042600
vn 0.32597900 0.71163000 -0.62235100
vn -0.32786600 0.71432300 0.61826100
vn 0.00740300 -0.16933500 -0.98553100
vn 0.14057000 0.54401500 0.82721700
vn -0.14616700 0.55792700 -0.81691600
vn -0.62026800 0.47287200 0.62582800
vn 0.62362900 0.47588600 -0.62017600
vn -0.45803900 0.58537800 -0.66897900
vn 0.47160200 0.60193500 0.64441200
vn -0.26120100 0.57803900 0.77307500
vn 0.25768600 0.57176000 -0.77890200
vn -0.79777200 0.38944100 0.46032200
vn -0.78050000 0.38576100 -0.49194300
vn 0.79962400 0.38862900 -0.45778700
vn 0.77891000 0.38393600 0.49587600
vn -0.12896100 0.71845200 -0.68351700
vn 0.12645300 0.71651200 0.68601800
vn -0.06930300 0.91074700 -0.40710700
vn 0.06939800 0.91103200 0.40645300
vn -0.77693000 0.59978600 -0.19140800
vn 0.77774000 0.60040600 -0.18609800
vn 0.77672400 0.60001900 0.19151100
vn -0.77755000 0.60022800 0.18746200
vn -0.89066200 0.30998800 0.33260800
vn -0.88759100 0.30941000 -0.34124600
vn 0.89385900 0.31051800 -0.32341200
vn 0.88838200 0.30879300 0.33974100
vn -0.88865500 0.37039200 0.27037500
vn -0.88523100 0.36999100 -0.28190900
vn 0.89021400 0.37019600 -0.26547000
vn 0.88539500 0.36938500 0.28219000
vn -0.80354900 0.58182100 -0.12567200
vn 0.80375200 0.58180500 -0.12444100
vn 0.80341800 0.58187900 0.12624200
vn -0.80368000 0.58177300 0.12505200
vn -0.78987600 0.51651400 -0.33061900
vn 0.78727700 0.51343200 -0.34144200
vn 0.78895900 0.51601000 0.33358400
vn -0.78696500 0.51348400 0.34208300
vn -0.03837300 0.65789400 0.75213200
vn 0.03796600 0.64252800 -0.76532100
vn -0.86072300 0.39196000 0.32484300
vn -0.85447900 0.39121500 -0.34178500
vn 0.86236600 0.39154500 -0.32096300
vn 0.85429400 0.39034900 0.34323300
vn 0.09161300 0.76255700 -0.64040100
vn -0.09227500 0.76721700 0.63471500
vn -0.81115300 0.23876100 0.53387700
vn -0.80551100 0.23783300 -0.54275900
vn 0.82098800 0.24162300 -0.51729800
vn 0.80852300 0.23727300 0.53850900
vn -0.81850000 0.55344600 -0.15412800
vn 0.81851500 0.55278100 -0.15641900
vn 0.81830900 0.55339500 0.15531800
vn -0.81840500 0.55281200 0.15688100
vn -0.76049500 0.24915700 0.59964000
vn -0.75305700 0.24738800 -0.60967600
vn 0.77369900 0.25280900 -0.58092800
vn 0.75652900 0.24691100 0.60555600
vn -0.88320100 0.12902800 0.45089700
vn -0.88150400 0.12963000 -0.45403400
vn 0.88678600 0.13020200 -0.44346100
vn 0.88426200 0.12951100 0.44867400
vn -0.83968700 0.47234100 -0.26799200
vn 0.84150400 0.46870300 -0.26867900
vn 0.83910000 0.47169000 0.27096000
vn -0.84108300 0.46915200 0.26921300
vn -0.88804800 0.43059400 -0.16111800
vn 0.89000600 0.42953500 -0.15293500
vn 0.88802300 0.43024900 0.16217800
vn -0.88960200 0.42986200 0.15436000
vn 0.02368500 0.81963700 -0.57239300
vn -0.02242600 0.83017700 0.55704900
vn -0.10955500 0.53487800 0.83779700
vn 0.10767600 0.53699400 -0.83668600
vn 0.13547800 -0.15892200 0.97795200
vn -0.12966700 -0.15098800 -0.97999500
vn -0.98011700 0.04589700 0.19303700
vn -0.97991900 0.04595500 -0.19402700
vn 0.98028800 0.04600300 -0.19214200
vn 0.98010400 0.04594100 0.19309300
vn 0.07640100 0.89743400 -0.43448300
vn -0.07584200 0.90216100 0.42468100
vn 0.18202000 0.57790800 -0.79554400
vn -0.18741800 0.58684600 0.78770900
vn -0.96161200 0.15815200 0.22425500
vn -0.96113600 0.15845800 -0.22607300
vn 0.96254600 0.15863200 -0.21986800
vn 0.96178300 0.15822900 0.22346700
vn -0.00379500 -0.32442900 0.94590200
vn -0.65773900 -0.61743900 -0.43144900
vn -0.64349500 -0.60061000 0.47453300
vn 0.67771400 -0.70334500 0.21449800
vn 0.66872700 -0.69127800 -0.27375100
vn -0.16322900 0.07090200 -0.98403700
vn -0.08201600 0.61843500 0.78154400
vn 0.08120200 0.61515200 -0.78421500
vn 0.00242600 -0.62500400 -0.78061800
vn 0.00696000 -0.51262100 0.85858700
vn -0.86152200 0.49342600 -0.11962500
vn 0.86224800 0.49196400 -0.12041600
vn 0.86144300 0.49325400 0.12090200
vn -0.86209500 0.49216200 0.12069900
vn -0.72759000 0.37497700 0.57446100
vn 0.72848500 0.37340600 -0.57434900
vn -0.76764500 0.02940700 0.64020000
vn -0.76501100 0.02911100 -0.64335900
vn 0.76953900 0.02976000 -0.63790600
vn 0.76782100 0.02930200 0.63999400
vn 0.03375800 0.73492100 -0.67731200
vn -0.03366600 0.74797200 0.66287500
vn -0.00030000 -0.98960300 0.14382500
vn -0.22456700 0.51529300 -0.82706900
vn 0.22602200 0.51838200 0.82473900
vn 0.01775400 0.95891200 -0.28314900
vn -0.00977100 0.97111100 0.23842900
vn 0.08260100 0.83636400 -0.54191600
vn -0.08266700 0.84167000 0.53362700
vn 0.00850900 -0.33433400 -0.94241600
vn 0.01981800 0.90251600 -0.43019900
vn -0.01621200 0.91259500 0.40854400
vn -0.36484600 0.46246600 -0.80809200
vn 0.38573100 0.48726100 0.78344700
vn -0.69935700 0.17043300 0.69415600
vn -0.68991700 0.16865400 -0.70396800
vn 0.71601600 0.17540200 -0.67568900
vn 0.69711500 0.16867000 0.69683700
vn -0.25019400 0.67023700 -0.69870200
vn 0.24944000 0.66939800 0.69977500
vn 0.00199800 0.77874800 0.62733400
vn -0.00157300 0.76709400 -0.64153300
vn -0.94578100 0.30108400 -0.12184600
vn 0.94657900 0.30102900 -0.11563000
vn 0.94595200 0.30081900 0.12117000
vn -0.94615800 0.30100500 0.11908300
vn -0.89614600 0.20838400 0.39178700
vn -0.89402700 0.20839200 -0.39659600
vn 0.90038700 0.20979900 -0.38116600
vn 0.89592700 0.20789800 0.39254800
vn -0.08960600 -0.01699200 0.99583200
vn -0.04602600 -0.01693800 -0.99879700
vn 0.08513700 -0.98786200 0.12992200
vn 0.07675700 -0.96350800 -0.25643700
vn 0.09991000 -0.01191300 -0.99492500
vn -0.10928500 -0.01576500 0.99388500
vn -0.12964900 -0.98865800 -0.07580300
vn 0.96622700 -0.16597500 0.19712400
vn 0.00006600 0.00804300 0.99996800
vn -0.13327400 -0.12254800 0.98347300
vn 0.59780300 -0.80074300 0.03797700
vn 0.14435900 -0.10199300 0.98425500
vn -0.98374400 -0.17323900 -0.04728900
vn -0.97359200 -0.17897400 0.14172900
vn 0.30473200 -0.34393000 0.88817200
vn -0.00173100 -0.17767800 -0.98408700
vn 0.55752900 -0.82238500 0.11333500
vn 0.56104000 -0.81610300 -0.13860400
vn -0.08990800 0.31584500 0.94454100
vn 0.08169500 0.29805400 -0.95104700
vn 0.08736500 -0.08146200 -0.99284000
vn -0.03769500 -0.14403800 -0.98885400
vn 0.01748100 -0.19619300 -0.98040900
vn 0.08187900 0.21689700 0.97275500
vn -0.07103400 0.18851900 -0.97949700
vn -0.01578800 0.08188700 0.99651700
vn 0.33027600 -0.11468900 -0.93689100
vn -0.02393900 -0.57325000 -0.81903100
vn 0.20794500 -0.16993200 -0.96326600
vn 0.02338200 -0.36159400 -0.93204200
vn -0.01911800 -0.47484100 0.87986400
vn 0.21952100 -0.07798000 0.97248600
vn -0.45946700 -0.49904600 -0.73474000
vn -0.45270800 -0.48783100 0.74637500
vn -0.04225500 0.02873900 -0.99869300
vn 0.09211800 0.06555400 0.99358800
vn -0.22887700 -0.07680000 0.97042100
vn -0.22128400 -0.07505300 -0.97231700
vn 0.03400700 -0.13212600 0.99064900
vn -0.01374600 0.40181000 0.91562000
vn 0.01259000 0.35632400 -0.93427800
vn 0.39903000 -0.35927800 -0.84362000
vn 0.85474900 -0.51184100 0.08615700
vn 0.05316400 -0.18006800 -0.98221600
vn -0.10994700 0.18335400 -0.97687900
vn 0.12334800 0.19905400 0.97219500
vn 0.43860900 -0.28776300 0.85136000
vn 0.12417800 -0.25721700 0.95834200
vn 0.00343400 -0.00390900 -0.99998600
vn -0.03583400 -0.03929600 0.99858500
vn -0.43939700 -0.34742100 -0.82838900
vn -0.09086400 -0.87103200 0.48274900
vn -0.09353600 -0.88307900 -0.45980700
vn 0.03737800 -0.84845500 0.52794600
vn -0.09760700 -0.29517500 -0.95044400
vn -0.25831100 -0.52285600 -0.81234000
vn 0.74172700 -0.67028300 -0.02371600
vn -0.19999900 -0.39760800 0.89549300
vn -0.73596700 -0.67557200 0.04421000
vn 0.54574800 -0.52628500 -0.65206100
vn 0.57684200 -0.54791500 0.60584000
vn 0.03838300 0.31728400 0.94755400
vn -0.04312900 0.31854600 -0.94692600
vn 0.44187300 -0.47794500 0.75915500
vn 0.39851700 -0.42827400 -0.81102800
vn 0.20631700 -0.82366700 0.52821000
vn 0.51034200 -0.19119100 -0.83844900
vn 0.58906600 -0.21204200 0.77976900
vn 0.51161200 -0.78406100 0.35142900
vn 0.50826700 -0.78243100 -0.35981600
vn -0.90504800 -0.31637300 -0.28424700
vn -0.90188900 -0.31661400 0.29385800
vn -0.39828800 -0.33484600 0.85395900
vn 0.18934400 -0.70607600 0.68235300
vn 0.19245900 -0.66614800 -0.72056000
vn -0.66291700 -0.42020300 0.61965400
vn -0.69121800 -0.43818400 -0.57464100
vn 0.34181300 -0.57020000 0.74701800
vn 0.34225700 -0.54654600 -0.76429500
vn -0.15302400 -0.21161700 -0.96529900
vn 0.75107600 -0.25438100 0.60924200
vn 0.69720900 -0.23688000 -0.67660000
vn -0.25312900 -0.15885700 0.95430100
vn 0.26417000 -0.17140400 0.94912300
vn 0.00932700 -0.28921200 0.95721900
vn -0.87749600 -0.46847400 0.10263200
vn 0.08786100 -0.14944600 -0.98485900
vn -0.95308300 -0.15478100 -0.26014500
vn -0.93536400 -0.15278600 0.31898500
vn -0.72103200 -0.25894500 0.64269700
vn -0.74509500 -0.25896900 -0.61462900
vn -0.05814800 -0.34118000 0.93819800
vn 0.62895200 -0.39167100 -0.67157500
vn 0.60568500 -0.39244000 0.69219700
vn -0.82221400 -0.54657500 -0.15880400
vn -0.82154500 -0.53797400 0.18880500
vn -0.67100500 -0.72800400 0.14057800
vn 0.04262800 -0.01759200 -0.99893600
vn -0.01744900 -0.00717700 0.99982200
vn -0.10896600 0.20884000 0.97186000
vn 0.10192000 0.19442800 -0.97560800
vn 0.04820800 -0.09362700 0.99443900
vn 0.42175800 -0.13795800 0.89615200
vn -0.06152700 -0.01608400 0.99797600
vn -0.21927300 -0.65726800 -0.72105400
vn -0.20866000 -0.66737100 0.71489600
vn -0.40520400 -0.12545200 0.90557800
vn -0.07798200 -0.99657600 -0.02747800
vn 0.00517300 0.20672800 0.97838500
vn 0.09951800 -0.31207100 0.94483200
vn 0.29756300 -0.88298200 0.36304100
vn 0.28502900 -0.86026400 -0.42273500
vn 0.11161300 -0.34795200 -0.93084500
vn -0.20248900 -0.29373100 0.93419500
vn 0.42532700 -0.11544000 0.89764700
vn -0.51642500 -0.16401200 -0.84047900
vn 0.18844200 -0.61602400 0.76485600
vn 0.20054800 -0.61228000 -0.76478400
vn 0.65842200 -0.73535100 -0.16043300
vn 0.46019800 -0.61683600 0.63853800
vn -0.10270100 0.11047400 -0.98855900
vn 0.94554600 -0.31922100 0.06357300
vn 0.12983200 0.13924700 0.98171000
vn 0.12398600 -0.16358500 0.97870700
vn 0.21642000 -0.02953100 0.97585400
vn -0.10620500 -0.01700800 -0.99419900
vn -0.22111300 -0.91338700 -0.34181000
vn -0.20683500 -0.93396400 0.29142800
vn -0.32765700 -0.91501000 -0.23536700
vn -0.30775500 -0.91762400 0.25150100
vn 0.24421700 -0.20948600 0.94682300
vn -0.02153300 -0.34883300 -0.93693700
vn -0.01488400 -0.31143200 0.95015200
vn -0.19645300 0.24732200 0.94880900
vn 0.19964500 0.25120600 -0.94712100
vn 0.58782100 -0.33258400 -0.73746500
vn 0.56306400 -0.32655500 0.75915800
vn -0.00102400 0.04648600 -0.99891800
vn -0.05860300 -0.11779500 -0.99130700
vn -0.07893700 0.06846900 0.99452600
vn 0.11313900 0.09784600 -0.98875000
vn 0.06702700 -0.14943300 -0.98649700
vn -0.04164800 0.02161100 -0.99889900
vn 0.07196300 0.03728000 0.99671000
vn 0.00936200 0.01402300 0.99985800
vn -0.00676800 0.01044700 -0.99992300
vn 0.34278700 -0.17106900 0.92370600
vn 0.09733700 -0.06889600 -0.99286400
vn -0.05365600 -0.04001000 0.99775800
vn 0.03479200 -0.68513200 -0.72758800
vn 0.90266400 -0.25347000 -0.34777900
vn -0.86138900 -0.22605800 0.45487000
vn -0.88690600 -0.23205200 -0.39943700
vn -0.29604300 -0.03952200 -0.95435700
vn -0.34253100 -0.04489100 0.93843300
vn 0.37860500 -0.04896700 0.92426200
vn 0.31651800 -0.04434500 -0.94755000
vn 0.18704100 -0.16488700 -0.96841500
vn -0.00581600 0.02905700 -0.99956100
vn 0.32186700 -0.17651600 0.93018500
vn 0.00621100 0.01584200 0.99985500
vn 0.00546200 0.02364500 -0.99970500
vn -0.41411900 -0.71462400 -0.56375300
vn -0.40822200 -0.71006400 0.57372900
vn 0.00183400 -0.00773900 0.99996800
vn 0.13172700 -0.19926200 -0.97105200
vn 0.22131500 -0.12779400 -0.96679300
vn -0.69053400 -0.59302900 -0.41410200
vn -0.67243900 -0.57723900 0.46327200
vn -0.17044900 -0.14521400 -0.97460800
vn 0.05260100 -0.73370800 0.67742500
vn 0.15976100 -0.93730500 0.30973400
vn 0.16845500 -0.92310300 -0.34569200
vn -0.48119900 -0.07490900 -0.87340500
vn -0.01593400 -0.10741200 0.99408700
vn -0.10440700 -0.15281000 0.98272500
vn -0.08974400 -0.96471500 -0.24753100
vn -0.08777200 -0.94375700 0.31877700
vn 0.01990800 0.10958500 0.99377800
vn 0.65577300 -0.08577000 0.75007000
vn 0.65705800 -0.09016700 -0.74842800
vn -0.66039200 -0.08247300 -0.74637800
vn -0.46848400 -0.84220900 -0.26684400
vn -0.46753100 -0.84125200 0.27149700
vn 0.05773400 -0.06266500 0.99636300
vn 0.86019700 -0.48878400 -0.14543600
vn -0.10290600 -0.11000700 -0.98858900
vn 0.32371000 -0.23082300 0.91756900
vn -0.10862400 -0.44750700 0.88765900
vn -0.25287700 -0.18226600 -0.95017500
vn 0.39260300 -0.28135700 -0.87561400
vn -0.21850500 -0.15589700 0.96330300
vn 0.08327300 -0.00865000 0.99648900
vn -0.08098000 -0.00902800 -0.99667500
vn 0.04355900 -0.99883100 0.02094500
vn 0.04501500 -0.98488800 -0.16723800
vn 0.27629800 -0.42863400 0.86019300
vn -0.61442300 -0.36464100 0.69965800
vn -0.63947500 -0.38217200 -0.66709500
vn 0.75639900 -0.11974800 0.64305600
vn -0.35850400 -0.93289400 0.03441100
vn -0.77142300 -0.11334500 -0.62614600
vn -0.71119600 -0.10187100 0.69557400
vn -0.13135200 -0.26555200 0.95510700
vn 0.81543200 -0.11742700 -0.56681700
vn -0.04468300 0.10609800 0.99335100
vn 0.03236600 0.07686900 -0.99651600
vn 0.97892600 -0.18951300 -0.07608500
vn -0.03544700 0.47744900 0.87794400
vn 0.03485100 0.45865900 -0.88792900
vn 0.23963800 -0.41661700 0.87692900
vn -0.81169100 -0.48474900 -0.32584600
vn -0.78263300 -0.47501900 0.40229700
vn -0.16575000 -0.97554700 0.14434200
vn 0.79772200 -0.60045800 0.05559300
vn -0.92821300 -0.34629300 -0.13601900
vn 0.92893200 -0.36875600 0.03324200
vn 0.91317100 -0.36243000 -0.18644600
vn 0.91107700 -0.33256400 0.24359600
vn 0.88715700 -0.32783700 -0.32477000
vn 0.02812900 -0.00928300 0.99956100
vn -0.05163800 -0.01635500 -0.99853200
vn -0.21735100 -0.02218800 0.97584100
vn -0.04404500 0.25083700 -0.96702700
vn -0.04633100 0.18825700 0.98102600
vn 0.04994200 0.21538600 -0.97525100
vn 0.04731900 0.29095500 0.95556600
vn -0.03032500 -0.25875700 0.96546600
vn 0.32077500 -0.94638000 -0.03831900
vn -0.02374900 0.00531400 0.99970400
vn 0.04682000 0.01103000 -0.99884200
vn -0.09062100 0.96469000 -0.24730800
vn 0.09052500 0.96458600 0.24774700
vn -0.34548500 -0.66285100 -0.66428000
vn -0.34342200 -0.66721300 0.66097500
vn -0.28047300 -0.37596900 -0.88316600
vn -0.51464300 -0.85740400 0.00022400
vn -0.30719300 -0.41000400 0.85879500
vn 0.17898500 -0.25975400 0.94894300
vn 0.15802600 -0.34705300 -0.92443600
vn 0.33937500 -0.92529100 0.16929400
vn 0.33399600 -0.91225800 -0.23713100
vn -0.52309100 -0.76293400 -0.37987900
vn -0.52451200 -0.76008500 0.38361100
vn -0.07638800 0.04697900 0.99597100
vn 0.33949200 -0.86316300 0.37375800
vn 0.32584400 -0.83888600 -0.43599900
vn -0.45594000 -0.27620100 -0.84606900
vn -0.41415800 -0.23891300 0.87829000
vn -0.00624000 -0.00404000 -0.99997200
vn -0.38008800 -0.18423900 -0.90641600
vn 0.04715700 -0.03024700 0.99842900
vn -0.19525600 0.16466200 0.96683100
vn 0.22123800 0.18650700 -0.95722000
vn -0.98646400 -0.13090000 -0.09876200
vn -0.98431200 -0.13285900 0.11609900
vn -0.10113200 -0.12086800 0.98750300
vn -0.56298700 -0.06901400 0.82357900
vn 0.51852000 -0.05844000 -0.85306600
vn 0.51238600 -0.05435800 0.85703300
vn -0.50623700 -0.35903500 0.78410300
vn -0.52808000 -0.37677000 -0.76103600
vn -0.25629100 0.10219800 -0.96118200
vn 0.27137700 0.10713400 0.95649200
vn -0.15052400 0.07253500 -0.98594200
vn 0.17136200 0.08240200 0.98175600
vn 0.02294800 0.55244500 0.83323400
vn -0.02519100 0.53255200 -0.84602200
vn 0.76945700 -0.40119300 0.49697100
vn 0.76496800 -0.39039800 -0.51226400
vn -0.00665400 -0.00704800 -0.99995300
vn 0.00749800 -0.00329100 0.99996600
vn -0.04986700 -0.02109400 -0.99853300
vn -0.00897900 0.19401500 -0.98095800
vn -0.26729300 0.21455700 -0.93942500
vn 0.24547200 0.19791500 0.94898500
vn 0.53854900 -0.60957400 0.58170800
vn 0.54947400 -0.60762500 -0.57347200
vn -0.27403300 -0.14984700 0.94997500
vn -0.29135300 0.02620700 0.95625700
vn 0.30427600 0.02798200 -0.95217300
vn -0.26312100 0.01963600 -0.96456300
vn 0.30013700 0.02343300 0.95360800
vn -0.39745800 0.61403800 0.68189800
vn 0.39994600 0.61717200 -0.67760000
vn -0.60714200 -0.71689900 -0.34268700
vn -0.61257600 -0.70817700 0.35104900
vn 0.62543000 -0.70536900 0.33360400
vn 0.61334200 -0.68456300 -0.39393500
vn -0.46850400 0.37449800 -0.80015900
vn 0.46504000 0.37348100 0.80265200
vn 0.04967200 0.47598600 0.87804900
vn -0.05345500 0.47385400 -0.87898000
vn 0.10269900 0.57648400 0.81062900
vn -0.10514400 0.57758500 -0.80953100
vn -0.83527700 -0.27200800 0.47783200
vn -0.85286100 -0.27424200 -0.44432000
vn -0.78607600 -0.61302400 -0.07929300
vn -0.78070500 -0.61747000 0.09607800
vn -0.31601300 0.32757700 0.89041000
vn 0.32612900 0.33675000 -0.88331200
vn -0.22825400 0.24867600 0.94130800
vn 0.23752100 0.25720700 -0.93671100
vn -0.17774800 0.31790300 0.93131300
vn 0.17613800 0.31321900 -0.93320400
vn -0.13001200 0.40435300 0.90531500
vn 0.12102500 0.38430300 -0.91524000
vn -0.16785800 0.89135600 -0.42108000
vn 0.16642300 0.89054400 0.42336100
vn -0.49277500 0.53026500 -0.68992100
vn 0.51122100 0.55277600 0.65809700
vn -0.97696900 -0.05212100 0.20691900
vn -0.19770000 0.44510600 0.87338100
vn 0.19225700 0.43417200 -0.88007500
vn -0.30357900 0.40908900 -0.86051500
vn 0.32351400 0.43480200 0.84040800
vn -0.23876900 -0.85190000 -0.46610700
vn -0.24219000 -0.88039400 0.40773700
vn -0.26023200 0.53662300 -0.80269200
vn 0.26362500 0.54195900 0.79798700
vn -0.25416700 0.08211500 -0.96366800
vn 0.27109700 0.08604800 0.95869800
vn -0.57584500 0.48557200 -0.65774000
vn 0.57637400 0.48849800 0.65510500
vn -0.08707600 -0.16504800 0.98243400
vn -0.29085400 0.72597000 -0.62319500
vn 0.29084500 0.72657700 0.62249100
vn -0.45463700 0.31015300 -0.83493100
vn 0.45152700 0.30876600 0.83713000
vn -0.38321700 0.41720900 -0.82406400
vn 0.42589900 0.46638400 0.77530400
vn -0.01613700 0.00451400 0.99986000
vn -0.07019900 -0.01918400 -0.99734900
vn 0.00819400 -0.01634400 -0.99983300
vn -0.72108300 -0.65936700 -0.21277700
vn -0.70971000 -0.64638800 0.28017000
vn 0.06782900 0.96606500 -0.24923300
vn -0.06681000 0.96837300 0.24039700
vn -0.24677100 0.84861200 -0.46793300
vn 0.24547700 0.84728800 0.47100300
vn -0.43929000 0.07763500 0.89498500
vn -0.42525600 0.06958100 -0.90239500
vn 0.46121900 0.08273800 -0.88342000
vn 0.44302800 0.07143200 0.89365700
vn -0.48932500 0.34298600 0.80182400
vn 0.49511100 0.34810100 -0.79604700
vn -0.33847700 0.64137300 -0.68853000
vn 0.34309600 0.64799900 0.67998700
vn 0.20808400 -0.92286900 0.32405700
vn 0.20942300 -0.92164400 -0.32667200
vn -0.39134400 0.29302500 0.87234500
vn 0.40423000 0.30378800 -0.86273500
vn 0.41983900 0.78543200 -0.45478800
vn -0.42007100 0.78564800 0.45420000
vn -0.39268100 -0.77670600 0.49247200
vn -0.39383100 -0.77611900 -0.49248000
vn -0.39803500 0.20099500 0.89508100
vn 0.38062800 0.18883400 -0.90524300
vn 0.33247100 0.85713100 -0.39343400
vn -0.33376400 0.85811400 0.39018200
vn -0.20185900 0.58709700 -0.78394500
vn 0.19966900 0.58240600 0.78799500
vn -0.56642600 0.39973700 -0.72067500
vn 0.56345800 0.39845400 0.72370500
vn -0.59979600 0.42862700 0.67566500
vn 0.60288900 0.43138000 -0.67114500
vn -0.54412300 0.13819800 0.82754600
vn -0.52208300 0.13349500 -0.84238200
vn 0.57305500 0.14680100 -0.80626100
vn 0.53459900 0.13456300 0.83432400
vn -0.04250100 -0.35572200 -0.93362500
vn -0.08522500 0.00629300 0.99634200
vn 0.09524600 0.00726800 -0.99542700
vn -0.06849400 0.00314900 -0.99764700
vn 0.10630200 0.00601300 0.99431600
vn -0.04305400 -0.98139200 -0.18712700
vn -0.05562400 -0.97949700 0.19362700
vn -0.54777800 0.67561900 -0.49343600
vn 0.55490100 0.68445200 0.47287500
vn -0.28816600 0.38702500 0.87588400
vn 0.29700200 0.39852400 -0.86773700
vn -0.06125200 0.02073500 -0.99790700
vn 0.12094900 0.04041900 0.99183500
vn -0.47732800 0.53211300 0.69929500
vn 0.48178300 0.53621500 -0.69307900
vn -0.59226600 0.48665800 0.64217300
vn 0.59688800 0.49074900 -0.63473600
vn -0.62062600 0.20520500 0.75677900
vn -0.61277700 0.20363700 -0.76356800
vn 0.64774200 0.21330100 -0.73139100
vn 0.61947800 0.20393700 0.75806100
vn -0.55417200 0.36106000 -0.75002000
vn 0.54916900 0.35849800 0.75491200
vn -0.15503500 0.37077900 -0.91568900
vn 0.15639500 0.37447800 0.91395100
vn -0.94399200 -0.29847100 0.14069300
vn -0.27954100 0.66398900 0.69352400
vn 0.27628700 0.65882600 -0.69972400
vn 0.16102000 -0.05107900 -0.98562800
vn -0.05257500 -0.01626600 0.99848400
vn -0.19085800 0.37392200 -0.90761000
vn 0.19554000 0.38039100 0.90391800
vn -0.24400800 0.38967800 -0.88803800
vn 0.26590100 0.42121500 0.86710700
vn -0.30896300 0.26861200 0.91235400
vn 0.32647300 0.28363800 -0.90164500
vn 0.17975200 0.74071300 -0.64732800
vn -0.18246500 0.74269000 0.64429700
vn 0.04245400 -0.97883500 0.20020200
vn 0.03985100 -0.93907000 -0.34140900
vn -0.42143500 0.13979800 0.89601800
vn 0.47929400 0.15841400 -0.86324000
vn -0.42637000 0.14379100 -0.89304700
vn 0.43854900 0.14600300 0.88676800
vn -0.58540600 0.38199900 0.71510600
vn 0.58634700 0.38288000 -0.71386300
vn 0.27434600 0.10435800 -0.95595200
vn 0.30318900 0.88817200 -0.34529300
vn -0.30445900 0.88889300 0.34230600
vn -0.34310200 0.24502200 -0.90677800
vn 0.34328200 0.24518000 0.90666600
vn 0.12773100 0.92700300 -0.35263300
vn -0.12809900 0.92833500 0.34897600
vn -0.19427300 0.93525200 -0.29590800
vn 0.19335000 0.93485800 0.29775100
vn -0.37296400 0.74047600 -0.55910000
vn 0.37534600 0.74400400 0.55278700
vn 0.18398200 0.93289200 -0.30961600
vn -0.18481200 0.93335000 0.30773800
vn -0.45291100 0.29499500 0.84133800
vn 0.45506400 0.29743100 -0.83931600
vn -0.42040600 0.41702900 0.80582000
vn 0.42895900 0.42461900 -0.79730400
vn -0.56911600 0.28216200 -0.77232900
vn 0.56624600 0.27863100 0.77571300
vn -0.63650700 0.31752100 0.70287900
vn 0.63660700 0.31462400 -0.70409000
vn -0.33435300 0.81053600 -0.48087300
vn 0.33450000 0.81126800 0.47953600
vn -0.31585800 0.86647900 -0.38658600
vn 0.31546800 0.86645200 0.38696300
vn -0.42507900 -0.61157800 -0.66729300
vn 0.10506900 0.38194200 0.91819400
vn -0.11813100 0.42325000 -0.89827900
vn -0.17782400 0.70008600 -0.69156200
vn 0.17468700 0.69451100 0.69795300
vn -0.52692100 0.46260300 0.71298900
vn 0.53363100 0.46847100 -0.70411100
vn -0.40215700 0.90264600 -0.15329600
vn 0.40786400 0.90215800 -0.14056500
vn 0.40220300 0.90278500 0.15235300
vn -0.40808500 0.90217600 0.13980600
vn -0.14385600 0.82683200 -0.54374100
vn 0.14193000 0.82570900 0.54594900
vn -0.26525900 0.04868900 -0.96294700
vn 0.28592700 0.05137800 0.95687300
vn -0.32504600 0.06210600 0.94365700
vn 0.35167100 0.06843100 -0.93361900
vn -0.33321100 0.20749900 0.91973600
vn 0.33094200 0.20745400 -0.92056500
vn 0.90463200 -0.24582900 0.34815100
vn -0.56570600 0.62633900 0.53635500
vn 0.56828600 0.62861500 -0.53093700
vn 0.44906300 0.76673000 -0.45876800
vn -0.44870800 0.76629600 0.45983800
vn 0.28813000 0.79803000 -0.52927100
vn -0.29043600 0.80046100 0.52431700
vn 0.23945600 0.71156900 -0.66055400
vn -0.24306800 0.71637100 0.65401100
vn -0.24021900 0.12084400 0.96316700
vn 0.20054600 0.09886500 -0.97468300
vn -0.53237600 0.32009100 -0.78365600
vn 0.52281300 0.31488900 0.79215600
vn -0.00707700 0.00329000 -0.99997000
vn 0.01764800 0.00820100 0.99981100
vn -0.44398500 0.36638000 0.81770600
vn 0.45492600 0.37575100 -0.80737500
vn 0.19149400 0.86110100 -0.47099500
vn -0.19312900 0.86207900 0.46853000
vn -0.85628800 -0.51612800 -0.01954700
vn -0.36124100 0.55533200 -0.74907400
vn 0.37463300 0.57388800 0.72821900
vn 0.49951200 0.80611100 -0.31729000
vn -0.49918200 0.80574700 0.31872900
vn -0.41423400 0.21246900 -0.88502400
vn 0.42339400 0.21351300 0.88042600
vn -0.53201800 0.28581300 0.79703700
vn 0.52555500 0.28011200 -0.80332400
vn -0.06426900 0.98006200 -0.18801000
vn 0.06515700 0.97963800 0.18990300
vn -0.23310700 0.03833500 0.97169500
vn 0.26009300 0.04347800 -0.96460400
vn -0.29869000 0.14123800 -0.94384100
vn 0.31436300 0.14770000 0.93774200
vn -0.15052300 0.02254800 -0.98834900
vn 0.16808100 0.02449200 0.98546900
vn -0.40119800 0.11248600 0.90905800
vn 0.44857400 0.12720000 -0.88464800
vn -0.35692900 0.10262500 -0.92847700
vn 0.37059000 0.10432500 0.92291900
vn -0.27145400 0.27800000 -0.92142800
vn 0.31860400 0.33506700 0.88669100
vn -0.50639300 0.78105300 -0.36540700
vn 0.50907400 0.78429700 0.35457200
vn -0.48880200 0.04106900 0.87142700
vn -0.46730300 0.03670700 -0.88333500
vn 0.49788900 0.04251000 -0.86619800
vn 0.48567600 0.03866300 0.87328400
vn -0.41144400 0.82010100 -0.39767900
vn 0.42781200 0.84190200 -0.32890200
vn 0.41265000 0.82180200 0.39288800
vn -0.42814000 0.84209800 0.32797400
vn -0.24771900 0.41514600 0.87537900
vn 0.25017400 0.41761600 -0.87350400
vn -0.18165300 0.06381800 0.98129000
vn 0.15250400 0.05239800 -0.98691300
vn -0.56799200 0.02373600 0.82269100
vn -0.56644800 0.02254900 -0.82378900
vn 0.57169000 0.02423700 -0.82011200
vn 0.57371700 0.02320400 0.81872500
vn -0.02133000 0.02466700 0.99946800
vn 0.03769300 0.52448700 0.85058300
vn -0.04059300 0.51331000 -0.85724300
vn -0.67857500 0.49624100 0.54155400
vn -0.66197100 0.48225000 -0.57378500
vn 0.68034600 0.49781200 -0.53787700
vn 0.66032400 0.48191600 0.57595900
vn 0.01002200 0.01135300 -0.99988500
vn -0.40528300 -0.91412100 0.01136100
vn -0.69298000 0.19826200 0.69316000
vn -0.68288500 0.19638000 -0.70363600
vn 0.71235400 0.20407200 -0.67149600
vn 0.68926500 0.19631900 0.69740400
vn -0.62598200 0.36081700 -0.69134500
vn 0.61664200 0.35497400 0.70267100
vn 0.38641100 -0.90435400 0.18119300
vn 0.37917900 -0.88956600 -0.25474800
vn 0.01741700 -0.00666400 0.99982600
vn 0.26831600 -0.96117200 -0.06446000
vn 0.24507300 -0.95923800 0.14072000
vn 0.08687000 0.98549200 -0.14580700
vn -0.08658500 0.98601800 0.14238000
vn -0.03529200 -0.10476000 0.99387100
vn 0.24370900 0.95948000 -0.14143500
vn -0.24416800 0.95950200 0.14049000
vn -0.25580400 0.92829500 -0.26987500
vn 0.25515300 0.92800400 0.27148800
vn -0.34417400 0.15595800 0.92586200
vn 0.32652100 0.14187800 -0.93448100
vn 0.45491100 -0.77673900 0.43558300
vn 0.45199000 -0.76000300 -0.46701200
vn -0.36880200 0.92385600 -0.10234900
vn 0.37349300 0.92230600 -0.09927100
vn 0.36875500 0.92390300 0.10209500
vn -0.37369500 0.92229800 0.09858900
vn -0.28474800 0.94675800 -0.15022800
vn 0.27200100 0.92963100 -0.24859800
vn 0.28447300 0.94673700 0.15088000
vn -0.27291300 0.92988400 0.24664700
vn -0.42371400 0.69602000 -0.57967400
vn 0.42965500 0.70393600 0.56557100
vn -0.46717300 0.84997300 -0.24350500
vn 0.47254200 0.84848300 -0.23828800
vn 0.46795300 0.85080500 0.23906300
vn -0.47255400 0.84843800 0.23842300
vn -0.35985100 0.89101400 -0.27676900
vn 0.37232100 0.88995000 -0.26337400
vn 0.35981400 0.89126000 0.27602600
vn -0.37293600 0.89023400 0.26153800
vn -0.16699900 0.13138900 -0.97716300
vn -0.05639900 0.79546000 -0.60337600
vn 0.05547400 0.79911000 0.59862100
vn 0.03770000 0.67048300 0.74096600
vn -0.03947800 0.66013400 -0.75011000
vn 0.06733500 0.34691200 -0.93547700
vn -0.06700500 0.33460000 0.93997500
vn -0.61832700 0.71205100 0.33264700
vn 0.61927700 0.71281100 -0.32923600
vn -0.24509300 0.06152500 0.96754500
vn 0.29403600 0.07563000 -0.95279700
vn -0.71592800 0.31308200 0.62404000
vn -0.69302300 0.30261600 -0.65432600
vn 0.72238800 0.31315400 -0.61651400
vn 0.69380100 0.30136200 0.65408100
vn -0.22636600 0.46548600 0.85561800
vn 0.22285900 0.45849900 -0.86029800
vn -0.04453200 0.15314300 0.98720000
vn 0.02344000 0.08628900 -0.99599400
vn -0.54058100 0.51404900 0.66597700
vn 0.54591100 0.51870500 -0.65797200
vn -0.33412600 0.61880400 0.71094400
vn 0.33369700 0.61770900 -0.71209700
vn 0.07205900 0.09487200 -0.99287800
vn -0.09040900 0.11733500 0.98896800
vn 0.36883100 -0.92879600 -0.03607000
vn -0.26188400 0.48487000 0.83445700
vn 0.26088000 0.48211600 -0.83636500
vn -0.70959300 -0.54922100 -0.44140000
vn -0.68815500 -0.53345000 0.49180700
vn -0.46828700 0.66027000 0.58715500
vn -0.52346200 0.74412400 -0.41505100
vn 0.47059500 0.66296300 -0.58225500
vn 0.52750300 0.74914100 0.40066100
vn -0.02733900 -0.01580300 -0.99950100
vn -0.00297000 0.00170000 0.99999400
vn 0.01480600 0.10606000 0.99425000
vn -0.43820200 0.37836800 -0.81536300
vn 0.43696000 0.38093800 0.81483200
vn -0.56171600 0.80014700 -0.21033200
vn 0.56913500 0.80137300 -0.18408500
vn 0.56278000 0.80131600 0.20291000
vn -0.56889300 0.80119700 0.18559000
vn 0.13164900 0.84101400 -0.52475200
vn -0.13264800 0.84295700 0.52137100
vn 0.17146600 0.48229100 0.85906700
vn -0.17319600 0.48625800 -0.85647900
vn -0.26807000 0.38927900 0.88125000
vn 0.27817500 0.40329400 -0.87176400
vn -0.02214100 0.55591400 0.83094500
vn 0.02123200 0.52949000 -0.84805000
vn -0.64078400 0.39692600 -0.65714900
vn 0.63530500 0.39372600 0.66435500
vn 0.13704900 0.10844100 -0.98461100
vn -0.10180500 0.08036200 0.99155300
vn 0.00386400 -0.99407700 -0.10861000
vn -0.16815100 0.11028600 0.97957300
vn 0.19726200 0.13188600 -0.97143900
vn -0.68033200 0.71812600 -0.14643400
vn 0.68346100 0.71794100 -0.13206700
vn 0.68056700 0.71894800 0.14121600
vn -0.68327600 0.71784300 0.13354700
vn -0.10350300 0.90628700 -0.40979300
vn 0.10258900 0.90628500 0.41002900
vn 0.29186500 -0.94363600 0.15609500
vn -0.21343200 0.75165200 -0.62407200
vn 0.21111600 0.74786800 0.62938300
vn -0.91859900 -0.38529700 -0.08787400
vn -0.50913200 0.83859900 -0.19374200
vn 0.51282300 0.84592200 -0.14638500
vn 0.50985800 0.83929800 0.18874200
vn -0.51276200 0.84586600 0.14692200
vn -0.55473800 0.73685000 0.38641700
vn -0.56219600 0.74856000 -0.35156000
vn 0.55579300 0.73786400 -0.38295100
vn 0.56536300 0.75247400 0.33785600
vn 0.05503700 0.26865300 0.96166300
vn -0.50163400 0.20939900 -0.83935400
vn 0.50828300 0.21047100 0.83507500
vn -0.51831000 0.22111400 0.82611300
vn 0.53165000 0.22208900 -0.81732800
vn 0.41423800 -0.08152600 0.90651000
vn 0.47793200 -0.09914100 -0.87278400
vn 0.26148700 0.83082700 -0.49127500
vn -0.26369400 0.83269500 0.48691300
vn -0.42043700 -0.08129600 0.90367200
vn 0.37885900 -0.83309500 0.40301100
vn 0.35693400 -0.78752100 -0.50240200
vn -0.45385400 -0.09504500 -0.88599300
vn -0.61999200 0.12715200 0.77423600
vn -0.61163400 0.12485100 -0.78122700
vn 0.63816100 0.13214500 -0.75847700
vn 0.62265700 0.12552900 0.77236000
vn -0.31453400 0.39105200 0.86495500
vn 0.32013700 0.39734600 -0.86001700
vn -0.12558700 -0.93324900 0.33656200
vn -0.21138300 0.05355800 -0.97593500
vn 0.25375200 0.06199600 0.96528100
vn 0.09699300 0.65682000 0.74778300
vn -0.09977200 0.65875900 -0.74570900
vn -0.32551000 0.35991400 0.87436000
vn 0.33287900 0.36673200 -0.86873400
vn 0.90137900 -0.19313100 0.38757700
vn 0.92607400 -0.20324700 -0.31792700
vn -0.85332500 -0.16932000 0.49311900
vn -0.88507100 -0.17705400 -0.43046700
vn -0.49076800 0.58586100 0.64491400
vn 0.49421000 0.58923200 -0.63918900
vn -0.24242900 0.30959700 -0.91944400
vn 0.27005600 0.34223700 0.89996800
vn -0.37455600 -0.25781500 0.89064000
vn 0.14121900 -0.03060100 -0.98950500
vn -0.03842900 -0.00860900 0.99922400
vn -0.20553400 0.81822800 -0.53689700
vn 0.20360600 0.81593800 0.54110000
vn -0.75414900 0.63197100 -0.17852600
vn 0.75414500 0.63298500 -0.17491700
vn 0.75403400 0.63244400 0.17733200
vn -0.75392200 0.63276800 0.17665500
vn -0.16813500 0.27852800 0.94559700
vn 0.17101800 0.28101200 -0.94434400
vn -0.19590500 0.13587400 -0.97116400
vn 0.22381400 0.15485000 0.96225200
vn 0.00970500 0.50483600 0.86316100
vn -0.01161300 0.46948300 -0.88286500
vn -0.01115000 0.97927000 -0.20225300
vn 0.02021300 0.97223300 0.23314000
vn 0.14292500 0.49691100 0.85595100
vn -0.14970700 0.51576000 -0.84355200
vn -0.53949200 0.82749600 -0.15555800
vn 0.53870900 0.82513300 -0.17014300
vn 0.54006200 0.82801300 0.15075600
vn -0.53855400 0.82501600 0.17119800
vn 0.15304800 0.91188800 -0.38083800
vn -0.15382000 0.91287900 0.37814200
vn -0.72203800 0.34127100 0.60182700
vn -0.68896900 0.32726700 -0.64669800
vn 0.72522000 0.34017200 -0.59861400
vn 0.68753700 0.32501200 0.64935400
vn -0.02868900 0.04252300 0.99868300
vn -0.21632600 -0.97397700 0.06761100
vn 0.04506200 0.06504800 -0.99686400
vn -0.72526800 -0.30318200 0.61811500
vn -0.72062900 -0.29287700 -0.62842400
vn 0.02115700 -0.97110700 -0.23770300
vn -0.00464500 -0.94418900 -0.32937100
vn -0.02055900 -0.94290900 0.33241600
vn -0.65894700 -0.74459000 -0.10665000
vn 0.87892200 -0.46741400 0.09497400
vn -0.01173700 -0.02939600 -0.99949900
vn -0.00679900 0.01706200 0.99983100
vn 0.31401400 -0.02825600 -0.94899800
vn 0.00062800 -0.16427100 0.98641500
vn 0.00169500 -0.04360100 0.99904800
vn 0.31950500 -0.03087700 0.94708100
vn 0.59630800 -0.78550500 -0.16552600
vn -0.30784900 -0.02776600 -0.95103000
vn 0.09816500 0.41662500 -0.90376300
vn -0.10091200 0.41465700 0.90436500
vn -0.48890600 -0.05047400 -0.87087500
vn -0.00475900 -0.07919800 -0.99684800
vn 0.01124700 -0.77756200 -0.62870600
vn 0.03258300 -0.60595200 0.79483400
vn -0.75954300 -0.07354400 0.64628700
vn -0.82390100 -0.08051100 -0.56098500
vn -0.21148500 -0.20950100 -0.95466400
vn -0.87298500 -0.46481800 -0.14778700
vn -0.84428700 -0.49538300 0.20439000
vn -0.06375700 -0.04307700 0.99703500
vn 0.10074900 -0.06407400 -0.99284700
vn -0.05387400 -0.90674900 0.41821500
vn -0.05165500 -0.91453200 -0.40120200
vn -0.03163800 -0.38762300 0.92127500
vn 0.99056200 -0.12606100 -0.05381300
vn 0.20216500 -0.08321600 0.97581000
vn -0.20854700 -0.08122700 0.97463300
vn -0.09394000 -0.09540400 0.99099600
vn -0.03234600 0.29370900 0.95534800
vn 0.44846100 -0.37467100 -0.81148300
vn 0.03320300 0.29372100 -0.95531400
vn 0.05375800 -0.15942200 0.98574600
vn 0.40950500 -0.34792000 0.84336100
vn 0.04239000 -0.38462800 -0.92209800
vn -0.07953100 0.42021900 -0.90393100
vn 0.08066100 0.43354900 0.89751300
vn 0.02895100 -0.22633000 -0.97362000
vn 0.01944500 -0.02414000 -0.99951900
vn -0.01248700 -0.01614300 0.99979200
vn -0.00971500 0.00242500 -0.99995000
vn 0.08691300 0.02108900 0.99599300
vn 0.01779100 -0.21317900 0.97685100
vn 0.18034600 -0.08470800 0.97994900
vn -0.12949900 -0.10942800 0.98552300
vn -0.13720900 -0.12716500 -0.98234600
vn -0.95280800 -0.09862700 -0.28710400
vn -0.93748500 -0.10043200 0.33321900
vn -0.15144600 -0.09159300 -0.98421300
vn 0.04443700 -0.15010900 0.98767000
vn -0.52914400 -0.65910700 -0.53440100
vn -0.53251800 -0.65235700 0.53931100
vn 0.20370000 -0.11983600 0.97167200
vn 0.54846800 -0.22966300 0.80401400
vn 0.50773600 -0.21881400 -0.83326200
vn -0.00219900 0.03085800 -0.99952100
vn -0.25620400 -0.30622100 -0.91683600
vn 0.00172800 0.03043100 0.99953500
vn 0.07849400 0.25637100 0.96338600
vn -0.24852600 -0.29939600 0.92119300
vn -0.22231900 -0.22039400 0.94973700
vn -0.05175300 -0.60074700 0.79776300
vn -0.05690800 -0.58950300 -0.80575900
vn -0.46348300 -0.44600500 0.76567800
vn -0.47629900 -0.46012900 -0.74928000
vn -0.15205000 -0.19405500 -0.96913500
vn -0.01952300 -0.06166500 -0.99790600
vn 0.19663100 0.23200300 0.95263400
vn -0.13919800 0.16540500 -0.97635300
vn -0.08711400 0.28606100 -0.95424300
vn -0.22520900 -0.08810900 -0.97031800
vn 0.16630500 -0.21130400 -0.96316800
vn -0.08634700 0.20268200 -0.97543000
vn 0.53781100 -0.55362500 0.63581300
vn 0.50428600 -0.52673600 -0.68428400
vn 0.25751400 -0.32315600 0.91063600
vn 0.06559500 -0.05405800 0.99638100
vn 0.08018600 -0.85244000 0.51663900
vn 0.07594100 -0.73593000 -0.67278500
vn 0.08699800 0.20551900 0.97477900
vn 0.22261700 -0.06685100 0.97261100
vn -0.03500800 -0.99938300 0.00292800
vn 0.08207800 -0.99376700 -0.07543900
vn -0.02947800 -0.14403400 -0.98913400
vn 0.10996300 -0.94038300 0.32185000
vn 0.09476100 -0.91378100 -0.39500000
vn 0.28700700 -0.30122000 -0.90933700
vn 0.34694600 -0.35533100 0.86796800
vn 0.71219000 -0.66558400 0.22312300
vn 0.70348100 -0.65440000 -0.27726200
vn 0.39822200 -0.15342200 0.90436800
vn 0.29775300 -0.12320300 -0.94665900
vn 0.13745000 -0.98644300 0.08964900
vn 0.12785600 -0.97700200 -0.17064700
vn 0.47010300 -0.46152000 0.75233200
vn 0.42371700 -0.41471700 -0.80527800
vn 0.77069400 -0.15882300 0.61709500
vn 0.76773800 -0.14841300 -0.62334000
vn -0.14784100 0.21874800 -0.96451700
vn 0.12523300 0.18001400 0.97566000
vn -0.18746500 -0.97029900 -0.15289800
vn -0.12699900 -0.32704900 -0.93643500
vn -0.13847100 0.08657100 -0.98657500
vn 0.12207500 0.07752700 0.98948800
vn -0.37822400 -0.45500000 -0.80617700
vn -0.38031200 -0.45406300 0.80572300
vn 0.72083900 -0.28914400 0.62991000
vn -0.06964700 -0.24868200 0.96607800
vn 0.71567900 -0.61099200 0.33836900
vn 0.70025100 -0.59394900 -0.39607200
vn 0.09853400 0.08825000 0.99121300
vn -0.11533300 0.10152700 -0.98812500
vn 0.64975000 -0.53440700 0.54058700
vn 0.62469900 -0.51160200 -0.58992800
vn -0.12534500 -0.48309700 -0.86654800
vn -0.07857800 0.07610800 -0.99399900
vn 0.03043500 0.02959900 0.99909800
vn -0.14890400 -0.48798900 -0.86005500
vn 0.47087900 -0.25163900 0.84554800
vn 0.49089600 -0.26242300 -0.83075600
vn -0.14709700 -0.49272100 0.85766500
vn -0.75298400 -0.64412700 0.13459800
vn -0.23098100 -0.06719200 -0.97063500
vn -0.07750300 0.05759700 -0.99532700
vn 0.09825000 0.07706400 0.99217300
vn 0.55696200 -0.69883000 0.44880900
vn -0.42184400 -0.23308600 -0.87619500
vn -0.45044000 -0.23501200 0.86132100
vn -0.61332200 -0.77493600 -0.15267500
vn -0.62623900 -0.77190500 0.10948700
vn 0.24711800 -0.12881500 -0.96038500
vn -0.01798800 -0.84758300 -0.53035800
vn -0.01081600 -0.84409900 0.53607800
vn -0.36130700 -0.27710300 0.89032100
vn -0.59556100 -0.80321400 -0.01243700
vn 0.04555700 -0.10633400 0.99328600
vn -0.11608400 0.21593300 -0.96948300
vn 0.11913900 0.21839400 0.96856100
vn -0.20269100 -0.10976100 -0.97307200
vn -0.57812000 -0.58008500 -0.57382700
vn -0.56675100 -0.56417100 0.60042000
vn 0.79509000 -0.22840500 0.56183900
vn 0.79535500 -0.23318000 -0.55949700
vn 0.07608400 -0.05927200 -0.99533800
vn -0.03987400 -0.03232700 0.99868200
vn -0.97401300 -0.22362800 0.03591300
vn -0.17454300 -0.30841500 0.93510200
vn 0.13048300 -0.04789600 -0.99029300
vn 0.00062000 0.00374300 0.99999300
vn -0.04316500 -0.01552600 0.99894700
vn 0.76031400 -0.63704200 0.12689100
vn 0.76274800 -0.62625300 -0.16131500
vn 0.48978800 -0.85065500 0.19103400
vn 0.48692700 -0.84251200 -0.23038100
vn -0.71642500 -0.39301000 -0.57643600
vn -0.71010300 -0.39052500 0.58587000
vn -0.14820200 -0.19682100 0.96917400
vn 0.06104200 -0.36402300 0.92938800
vn -0.28899500 -0.72883500 -0.62071000
vn -0.28500600 -0.71150300 0.64229000
vn 0.10554600 -0.28111600 0.95385200
vn -0.11167000 0.31214600 0.94344800
vn 0.09988600 0.28323900 -0.95383400
vn 0.11483800 -0.06165300 -0.99146900
vn 0.42361300 -0.25764700 -0.86842900
vn 0.10691400 -0.00771800 -0.99423800
vn -0.01142900 -0.00113800 0.99993400
vn 0.11568700 -0.60330900 -0.78907200
vn 0.12670400 -0.34040000 -0.93170500
vn -0.90317800 -0.42918100 -0.00855400
vn 0.29714400 -0.34707500 -0.88951900
vn -0.28988900 -0.22803900 -0.92949600
vn 0.61810100 -0.76254000 0.19100800
vn 0.60619500 -0.74152800 -0.28751300
vn 0.81710400 -0.46626700 0.33902100
vn 0.81332700 -0.44734900 -0.37199300
vn 0.33598000 -0.05344500 0.94035100
vn 0.13658500 -0.45983400 0.87743800
vn 0.31722200 -0.05935800 -0.94649200
vn -0.70310900 -0.70916900 -0.05212800
vn -0.70288800 -0.69334600 0.15880900
vn -0.13853000 -0.10735200 -0.98452300
vn 0.01192500 0.02644700 0.99957900
vn -0.12401800 -0.06256500 0.99030600
vn 0.15331000 -0.51056700 -0.84606000
vn 0.05385400 -0.84878300 -0.52599200
vn 0.06307100 -0.93620800 0.34574200
vn 0.64497500 -0.32739800 -0.69052000
vn 0.64540500 -0.33116700 0.68831700
vn -0.08504300 -0.21829700 0.97217000
vn 0.03369000 -0.13662200 -0.99005000
vn 0.33440800 -0.69542400 0.63604700
vn 0.32124300 -0.64349900 -0.69477400
vn 0.16596700 -0.84191200 0.51345800
vn 0.14993300 -0.79420200 -0.58886600
vn 0.70980500 -0.39807800 -0.58112900
vn 0.70177300 -0.40491100 0.58614100
vn -0.00341200 -0.43405800 -0.90087800
vn -0.88936200 -0.35821700 -0.28410500
vn -0.89068000 -0.36335900 0.27323900
vn -0.02375000 0.05243000 -0.99834200
vn 0.25302800 -0.90087700 0.35270000
vn 0.22756600 -0.80611300 -0.54625600
vn 0.19619800 -0.01012500 0.98051200
vn -0.18615000 -0.00967800 -0.98247400
vn 0.20332500 -0.19379400 0.95974100
vn -0.64946300 -0.66303000 0.37227500
vn -0.65511500 -0.67989300 -0.32950000
vn -0.36293200 -0.11406200 -0.92480800
vn 0.36054200 -0.28402200 -0.88844900
vn -0.08384900 0.14479200 0.98590300
vn 0.08009100 0.13636700 -0.98741500
vn 0.94933600 -0.29072900 -0.11932400
vn 0.20343300 -0.15716000 0.96639300
vn -0.06462100 -0.14850400 -0.98679800
vn 0.02926800 0.35511300 0.93436500
vn -0.17923700 -0.14097900 0.97365300
vn 0.22468300 -0.36049500 -0.90529600
vn -0.14041400 0.29848800 0.94402800
vn 0.13489500 0.28697500 -0.94839300
vn -0.23685500 -0.06732400 0.96921000
vn 0.00137700 0.37565100 0.92676000
vn -0.03241600 0.34650600 -0.93748700
vn -0.00314100 0.29570700 -0.95527300
vn -0.01488800 0.09989000 -0.99488700
vn -0.27751300 -0.82836700 -0.48661600
vn -0.26700100 -0.79991800 0.53744100
vn 0.04157100 0.12260400 0.99158500
vn 0.77356600 -0.35479000 0.52509000
vn 0.75687700 -0.34223200 -0.55678900
vn 0.85887400 -0.27651300 0.43113400
vn 0.84376200 -0.28051700 -0.45757600
vn -0.36749100 -0.15577600 0.91688900
vn -0.57255700 -0.19137700 0.79721600
vn -0.65481300 -0.21012100 -0.72599500
vn -0.04981700 -0.06751100 -0.99647400
vn 0.20736200 -0.39862600 0.89336400
vn 0.01687100 -0.71361200 0.70033800
vn -0.00454400 -0.04337600 0.99904800
vn -0.61141800 -0.03958700 0.79031700
vn -0.67596200 -0.04369300 -0.73564000
vn 0.46880200 -0.68775000 0.55427800
vn 0.45388700 -0.63322200 -0.62691000
vn 0.83175300 -0.55480400 0.01948200
vn 0.15342800 0.17617800 -0.97232800
vn -0.15095300 0.17470300 0.97298100
vn -0.10853600 -0.98269400 0.15010600
vn -0.82597000 -0.43439700 -0.35926600
vn -0.82856300 -0.44752300 0.33646300
vn 0.52263500 -0.41638400 0.74396000
vn 0.52989500 -0.40269700 -0.74635600
vn 0.32005600 -0.43931000 0.83938700
vn 0.00318000 0.10795500 -0.99415100
vn -0.05233200 0.07496000 -0.99581200
vn 0.04179700 0.05768600 0.99745900
vn 0.86160700 -0.16490100 -0.48004300
vn -0.28088100 -0.05119200 -0.95837600
vn 0.00676800 0.01198000 0.99990500
vn -0.02099200 0.03789100 -0.99906100
vn 0.03933300 -0.18395500 0.98214700
vn 0.26164000 -0.24775100 -0.93282600
vn -0.09319000 -0.33201500 -0.93865900
vn -0.01158100 0.08436900 0.99636700
vn 0.13417500 -0.25969900 -0.95632300
vn -0.10687700 0.10208100 0.98901800
vn 0.13112500 0.12443500 -0.98352500
vn -0.00415600 0.19133100 0.98151700
vn -0.95509700 -0.20636500 -0.21261000
vn -0.93804000 -0.20379100 0.28026800
vn 0.38273900 -0.19229300 -0.90362300
vn -0.28079200 -0.04884800 0.95852500
vn 0.08740200 -0.40109600 -0.91185700
vn -0.42742700 -0.56135900 -0.70864800
vn -0.43765200 -0.56096900 0.70269000
vn -0.27243000 -0.56730100 0.77714300
vn 0.35637800 -0.19534900 -0.91369200
vn 0.62922400 -0.63780500 0.44416400
vn 0.61235500 -0.61955100 -0.49109800
vn 0.04679400 -0.41113900 0.91037100
vn 0.07617100 -0.57006200 -0.81806300
vn 0.88750400 -0.44590100 -0.11622600
vn -0.15383000 0.21658300 0.96406800
vn 0.17892100 0.25202300 -0.95103700
vn 0.01788100 0.12842800 -0.99155800
vn 0.84944600 -0.05306200 0.52500100
vn 0.86776500 -0.05102200 -0.49434800
vn 0.05729300 0.48380100 -0.87330100
vn -0.05759700 0.48803900 0.87092000
vn 0.24702600 -0.91443600 -0.32060200
vn 0.62587000 -0.18478700 0.75772000
vn 0.66477800 -0.18410100 -0.72400000
vn -0.05033500 0.13524700 0.98953300
vn -0.00872600 0.02133000 -0.99973400
vn 0.52814000 -0.84901000 -0.01580200
vn 0.36934800 -0.16352400 0.91479100
vn -0.14932200 -0.30242000 -0.94140600
vn 0.03301600 0.08950800 -0.99543900
vn -0.27376400 -0.91979200 -0.28113300
vn -0.25834300 -0.95423700 0.15063700
vn -0.01760300 -0.09118000 0.99567900
vn 0.69641000 -0.45478500 -0.55514300
vn 0.68656100 -0.46572300 0.55833300
vn -0.09520100 -0.76181500 -0.64076100
vn -0.08929900 -0.74934900 0.65612600
vn -0.94782100 -0.30632800 -0.08831100
vn 0.31975400 -0.45938500 -0.82868800
vn 0.87652500 -0.37024900 0.30760300
vn 0.86344600 -0.36409400 -0.34913600
vn -0.76337400 -0.64451600 -0.04310700
vn -0.57233000 -0.29259100 -0.76604700
vn -0.60304100 -0.30345900 0.73773600
vn -0.01660100 -0.17129500 -0.98508000
vn -0.36696100 -0.57645200 -0.73009800
vn -0.35744200 -0.57166700 0.73853400
vn -0.72267400 -0.21511900 0.65686100
vn -0.76607700 -0.22449500 -0.60226900
vn 0.66976400 -0.11700200 -0.73329900
vn 0.62148900 -0.11118400 0.77549300
vn -0.38357100 -0.89821800 -0.21465700
vn -0.38502700 -0.89448900 0.22725400
vn -0.00331100 0.01204200 0.99992200
vn 0.52891900 -0.64873800 -0.54716000
vn -0.01401000 -0.19105600 0.98147900
vn -0.30862500 -0.18634300 -0.93275200
vn 0.92012500 -0.29511700 0.25744100
vn 0.91208100 -0.29965500 -0.27985000
vn -0.56906800 -0.22842300 0.78992700
vn -0.58164900 -0.21622700 -0.78417500
vn -0.41389600 -0.85520200 -0.31196100
vn -0.41335200 -0.85338600 0.31760500
vn 0.79653300 -0.56338400 0.21939400
vn 0.79539800 -0.57352600 -0.19598700
vn -0.04799600 0.14471200 -0.98830900
vn -0.01323600 0.01802100 0.99975000
vn 0.00656200 -0.02072500 -0.99976400
vn -0.22589000 -0.59069700 -0.77463000
vn -0.02138700 0.08575300 -0.99608700
vn 0.16242700 -0.02989000 0.98626800
vn -0.79851900 -0.14527300 -0.58417800
vn -0.75062500 -0.13382300 0.64703500
vn -0.10013400 -0.02002900 -0.99477200
vn 0.33795000 -0.10144800 -0.93568100
vn -0.55897800 -0.15493700 0.81457900
vn -0.63067600 -0.17481400 -0.75610000
vn -0.27856000 -0.41990800 -0.86376000
vn -0.33962500 -0.37991100 -0.86042000
vn -0.29176600 -0.43774500 0.85044200
vn -0.56406800 -0.74253300 -0.36120800
vn -0.57024700 -0.73954200 0.35762500
vn -0.32797400 -0.36570900 0.87102800
vn -0.55979700 -0.82861700 -0.00455800
vn 0.05624000 -0.05621600 0.99683300
vn -0.91919600 -0.27998300 -0.27692600
vn -0.90669300 -0.27590100 0.31904100
vn 0.85845100 -0.45161400 -0.24311900
vn -0.03517700 -0.03482300 -0.99877400
vn -0.30162600 -0.95294100 -0.03040900
vn 0.15862600 -0.25909200 0.95273800
vn 0.22046000 -0.32720300 -0.91887700
vn -0.31890500 -0.15419300 0.93516000
vn 0.05592900 -0.59120300 0.80458100
vn -0.45704000 -0.69624800 -0.55349300
vn -0.45053500 -0.68608900 0.57122700
vn 0.01883500 0.08386000 0.99629900
vn -0.03420400 0.07192000 0.99682400
vn 0.01974900 -0.12339400 -0.99216100
vn 0.03278600 0.06904200 -0.99707500
vn -0.79764500 -0.38983000 -0.46021200
vn -0.80131900 -0.39700100 0.44752500
vn 0.03972200 -0.06867500 0.99684800
vn -0.04293600 -0.07172500 -0.99650000
vn 0.12330700 -0.72345400 0.67927200
vn -0.54259400 -0.43320000 0.71967300
vn -0.58944600 -0.46851300 -0.65806400
vn 0.02027400 0.10926500 -0.99380600
vn 0.37121700 -0.29076500 0.88184700
vn 0.23312000 -0.97243800 -0.00447600
vn -0.21719500 -0.39288300 -0.89357100
vn -0.05518100 0.25292400 -0.96591100
vn 0.27562100 -0.01175500 -0.96119500
vn -0.20181700 -0.01033500 0.97936900
vn 0.95660700 -0.27376000 0.09979800
vn 0.08758000 -0.73141400 0.67628600
vn -0.06233700 -0.20974300 -0.97576700
vn -0.33168900 -0.30549400 0.89255600
vn 0.05185500 0.06147500 0.99676100
vn -0.35238100 -0.32942200 -0.87596100
vn 0.88746700 -0.30585400 0.34475300
vn 0.94988500 -0.10101600 0.29582700
vn -0.48455600 -0.77808600 -0.39973400
vn -0.48287500 -0.77522900 0.40725000
vn 0.01404300 0.23293900 0.97239000
vn 0.18033900 0.07788800 0.98051600
vn -0.47327400 -0.88091000 0.00299400
vn 0.11983800 0.97860800 -0.16723000
vn -0.11986700 0.97899600 0.16491800
vn 0.14838600 0.98276000 -0.11029700
vn -0.14851700 0.98285900 0.10923000
vn 0.17734800 0.97460400 -0.13672800
vn -0.17763500 0.97469200 0.13572800
vn 0.06607100 0.23801000 0.96901300
vn -0.25436700 0.95974700 -0.11909400
vn 0.25410300 0.95973100 0.11977900
vn -0.19735200 0.17688600 0.96424200
vn 0.22076900 0.19733300 -0.95515500
vn -0.01652800 0.22267000 -0.97475400
vn 0.57895500 -0.11075500 -0.80780200
vn 0.68621500 -0.05351100 0.72542800
vn 0.72431400 -0.06684800 -0.68622200
vn 0.22211200 0.22460700 -0.94879800
vn -0.20716900 0.21080400 0.95532300
vn -0.46443100 -0.02396400 -0.88528500
vn -0.40699100 -0.03467400 0.91277400
vn -0.84217600 -0.11878000 0.52595700
vn -0.87619000 -0.13015900 -0.46405900
vn 0.87598900 -0.14177600 0.46102400
vn 0.27916800 -0.27580100 0.91978200
vn 0.50077700 -0.02672400 0.86516400
vn 0.53222100 -0.02872900 -0.84611800
vn -0.31738900 -0.56273900 -0.76327500
vn -0.29477700 -0.53397800 0.79244800
vn -0.88009100 -0.05422500 0.47169900
vn -0.91078600 -0.04498700 -0.41042200
vn 0.13186900 0.29513400 0.94631200
vn -0.13039000 0.29171700 -0.94757600
vn -0.59361200 -0.10639400 0.79768700
vn -0.65638200 -0.12027200 -0.74478000
vn -0.19311500 0.87369900 -0.44649400
vn 0.19158000 0.87249200 0.44950600
vn -0.16311300 0.04785900 -0.98544600
vn -0.06086000 0.37535000 -0.92488300
vn -0.38441000 -0.28233200 -0.87892900
vn -0.01408300 -0.01158800 -0.99983400
vn -0.78511000 -0.57927800 -0.21917800
vn -0.77728600 -0.57409500 0.25737400
vn -0.75235000 -0.61425800 -0.23802600
vn -0.73985400 -0.60659700 0.29095600
vn -0.11346700 0.28516800 -0.95173700
vn 0.06497600 -0.27834900 -0.95828000
vn -0.08867800 0.19983300 0.97580900
vn 0.08133900 0.18365700 -0.97961900
vn -0.36098800 0.27803100 -0.89016100
vn 0.35340400 0.27270400 0.89484000
vn 0.10420800 0.51763300 0.84923300
vn -0.10653600 0.51800100 -0.84872000
vn 0.31050800 0.76311300 -0.56678400
vn -0.31270600 0.76584000 0.56187600
vn -0.27819700 0.83344800 -0.47746300
vn 0.27728200 0.83264000 0.47940000
vn -0.40950800 0.52878600 0.74343000
vn 0.41414600 0.53408600 -0.73704500
vn 0.49128100 -0.35355300 0.79601700
vn 0.10901800 -0.99401700 -0.00673400
vn 0.05814700 0.11095100 0.99212300
vn -0.05739000 0.11071500 -0.99219400
vn 0.11689800 0.29427800 0.94854400
vn -0.22166300 -0.76111900 -0.60956000
vn -0.21350900 -0.76794500 0.60388200
vn -0.11966900 0.96907800 -0.21579300
vn 0.11916700 0.96902600 0.21630700
vn -0.09461900 0.02565500 -0.99518300
vn -0.31053500 0.71229100 -0.62945200
vn 0.31144200 0.71422300 0.62680900
vn -0.23848900 0.12431900 -0.96315500
vn 0.27041800 0.14145400 0.95229400
vn -0.24279900 -0.22109300 -0.94454600
vn -0.27793600 0.61861000 -0.73489700
vn 0.27961200 0.62172200 0.73162800
vn 0.50968400 -0.34460000 -0.78833600
vn 0.99742900 -0.06783000 0.02311800
vn -0.99613500 -0.08741000 -0.00862100
vn 0.93331800 -0.33188000 -0.13701700
vn -0.01372300 0.01247000 -0.99982800
vn 0.74986300 -0.58077500 0.31687000
vn 0.72608200 -0.56056100 -0.39821500
vn 0.01934000 -0.12106400 0.99245600
vn -0.71043900 0.45161300 0.53974200
vn 0.71078300 0.45149100 -0.53939100
vn 0.15360600 0.08703600 0.98429200
vn -0.15324200 0.08638900 -0.98440500
vn -0.00810000 -0.00740000 0.99994000
vn -0.16844700 -0.88757200 -0.42876700
vn -0.16254100 -0.91140500 0.37805000
vn -0.00450800 -0.00344000 -0.99998400
vn 0.60541200 -0.53931800 0.58533100
vn -0.05266800 0.38759200 0.92032500
vn -0.15696800 -0.40005400 0.90295000
vn 0.05308400 0.39099600 -0.91886000
vn -0.80866800 -0.03874400 -0.58698900
vn 0.09740300 0.28400600 0.95386200
vn -0.14841700 -0.22631400 0.96268100
vn 0.04016600 0.98786700 0.15001500
vn -0.03758700 0.98907500 -0.14254400
vn 0.06588000 -0.09417200 0.99337400
vn 0.04110600 0.98106500 -0.18926700
vn -0.03874300 0.98389200 0.17451400
vn 0.05281300 -0.09789100 -0.99379500
vn -0.81279000 -0.58240800 0.01315900
vn -0.09930400 0.29101900 -0.95155000
vn 0.24194300 -0.66215000 0.70924000
vn 0.39749400 -0.50621400 -0.76534000
vn -0.61423500 -0.41333000 -0.67221600
vn -0.58050500 -0.38919100 0.71522300
vn -0.33154200 -0.85544200 0.39786800
vn -0.33284700 -0.84979900 -0.40872300
vn 0.13793500 -0.25242100 0.95773500
vn -0.29638000 0.01369400 0.95497200
vn 0.30237000 0.01428200 -0.95308400
vn -0.32653200 0.01299300 -0.94509700
vn 0.34324200 0.01455600 0.93913400
vn -0.20284200 -0.13351600 -0.97006600
vn 0.05430500 -0.04127000 0.99767100
vn -0.19099900 -0.47907800 -0.85674000
vn 0.93759600 -0.15280400 -0.31235500
vn 0.11492100 -0.00461800 -0.99336400
vn -0.27983200 -0.63256100 0.72219100
vn -0.36675500 0.09282900 -0.92567500
vn 0.38891600 0.09614800 0.91624200
vn 0.49143500 -0.71758300 -0.49352400
vn 0.22660900 -0.62255300 -0.74905000
vn 0.96990400 -0.04763000 -0.23878300
vn -0.08891000 -0.52397800 -0.84707900
vn 0.41851600 -0.09850700 0.90285100
vn 0.91926100 -0.02478000 -0.39286800
vn 0.52688400 -0.83444100 0.16156100
vn 0.52566600 -0.82971900 -0.18772800
vn 0.95783600 -0.03773200 0.28482700
vn 0.00806800 0.00837600 0.99993200
vn 0.74424100 -0.02710100 0.66736200
vn -0.07848100 -0.49796200 0.86364000
vn 0.66344100 -0.74345200 0.08441000
vn 0.06662200 -0.92177100 -0.38196800
vn 0.39253300 -0.58565700 -0.70917100
vn 0.29086400 -0.80051700 0.52399600
vn 0.28769500 -0.79451000 -0.53477600
vn 0.82005900 -0.48518200 -0.30348400
vn -0.13463300 -0.93943600 -0.31517200
vn -0.14918000 -0.28552600 0.94668900
vn -0.00074100 0.00027900 -1.00000000
vn 0.50658700 -0.31374100 0.80307900
vn -0.04527100 -0.02431500 -0.99867900
vn -0.40151800 0.10074100 0.91029400
vn 0.44034000 0.11215800 -0.89079800
vn 0.29462100 -0.93013000 -0.21921900
vn 0.93464000 -0.09711200 -0.34207800
vn 0.04618600 -0.09722300 0.99419000
vn 0.84903400 -0.52393100 -0.06810100
vn -0.22513400 0.24960200 -0.94181400
vn 0.24792200 0.27633200 0.92853400
vn 0.40371200 -0.26936900 -0.87433200
vn -0.59866600 0.56499100 -0.56778900
vn 0.60306700 0.57219300 0.55579300
vn 0.73649800 -0.03016700 -0.67576700
vn 0.01316900 0.02133700 0.99968600
vn -0.41201800 0.68180500 0.60446900
vn 0.41305800 0.68302600 -0.60237700
vn -0.93431400 -0.34915200 0.07176000
vn -0.10076200 0.03176800 0.99440300
vn -0.62571100 -0.51925600 0.58211600
vn 0.81127400 -0.09421400 0.57702500
vn -0.46603100 -0.01872700 0.88457000
vn -0.75978700 -0.03386600 0.64928900
vn -0.21246500 -0.45833900 0.86300900
vn -0.65180200 -0.54015600 -0.53234000
vn 0.08252600 0.82610000 0.55744800
vn -0.08392200 0.82511300 -0.55870000
vn -0.72637300 0.61956900 0.29751700
vn 0.72709300 0.62023400 -0.29435600
vn 0.72635400 0.61984600 0.29698600
vn -0.72628700 0.61872000 -0.29948800
vn 0.17565400 -0.97575700 -0.13055200
vn -0.30683100 0.93152700 0.19522400
vn 0.30618700 0.93139300 -0.19686900
vn 0.29184400 -0.65757800 -0.69456300
vn 0.20861900 -0.23006900 -0.95055000
vn 0.10414500 -0.01764900 -0.99440500
vn -0.03992600 -0.67216900 -0.73932100
vn 0.17996600 -0.31569600 -0.93163800
vn -0.00612400 0.11653900 0.99316700
vn 0.70062500 -0.52995400 0.47777900
vn 0.50911200 -0.16070500 -0.84556400
vn -0.34892700 -0.90856200 0.22970500
vn 0.02648700 0.00450100 0.99963900
vn 0.49712900 -0.61279200 0.61428700
vn 0.84503800 -0.08421400 -0.52803300
vn 0.65952100 -0.49108000 -0.56909800
vn -0.98500900 -0.04717100 -0.16592800
vn 0.22223800 -0.29936800 0.92789500
vn 0.00495200 0.07700300 -0.99701900
vn -0.83498700 -0.55023600 0.00601900
vn 0.08610100 -0.84275900 -0.53136000
vn -0.53652800 0.29462200 -0.79078200
vn 0.81081600 -0.33492200 0.48000500
vn -0.71859400 0.42643500 0.54934100
vn 0.71850400 0.42552200 -0.55016600
vn 0.51263100 0.28016800 0.81161300
vn -0.99885400 -0.04715000 0.00827600
vn 0.25862500 -0.16100900 -0.95246500
vn -0.08644200 -0.15195200 0.98460100
vn -0.21406100 -0.10497800 -0.97116300
vn -0.06323700 -0.03967600 0.99721000
vn 0.65099600 -0.02728200 0.75859100
vn -0.75118900 -0.02111800 -0.65975000
vn -0.24276400 -0.69080500 0.68106800
vn -0.86245100 -0.08760000 0.49850200
vn 0.26575900 -0.57800800 -0.77154300
vn -0.29813300 0.32680200 -0.89683700
vn 0.53515300 -0.44128300 -0.72033300
vn 0.98425800 -0.08561900 -0.15461700
vn -0.92486600 -0.02655900 0.37936500
vn -0.02419100 -0.00065100 0.99970700
vn -0.65072700 0.64967400 -0.39303700
vn 0.65338300 0.65422400 0.38089600
vn 0.39116200 0.21117500 0.89576600
vn -0.08561900 -0.41332600 0.90654900
vn 0.12826200 -0.92406000 -0.36008500
vn 0.04310100 0.00151200 -0.99907000
vn -0.98209800 -0.09400500 0.16323600
vn -0.03777800 0.00129600 0.99928500
vn -0.01242600 0.02082000 -0.99970600
vn 0.16014300 -0.98643200 -0.03614800
vn 0.00000000 -1.00000000 -0.00000000
f 545//545 736//736 947//947
f 963//963 413//413 714//714
f 544//544 735//735 946//946
f 962//962 390//390 713//713
f 716//716 543//543 43//43
f 543//543 44//44 43//43
f 543//543 389//389 44//44
f 715//715 542//542 44//44
f 542//542 43//43 44//44
f 542//542 383//383 43//43
f 517//517 715//715 45//45
f 715//715 44//44 45//45
f 518//518 716//716 42//42
f 716//716 43//43 42//42
f 825//825 619//619 661//661
f 662//662 879//879 522//522
f 661//661 945//945 825//825
f 53//53 1046//1046 54//54
f 561//561 846//846 847//847
f 35//35 1045//1045 34//34
f 846//846 684//684 847//847
f 772//772 969//969 412//412
f 52//52 1046//1046 53//53
f 771//771 968//968 391//391
f 1046//1046 776//776 54//54
f 627//627 884//884 886//886
f 34//34 1045//1045 33//33
f 628//628 627//627 886//886
f 860//860 553//553 858//858
f 553//553 591//591 571//571
f 1045//1045 775//775 33//33
f 858//858 553//553 571//571
f 770//770 732//732 430//430
f 859//859 552//552 857//857
f 769//769 731//731 409//409
f 552//552 590//590 570//570
f 903//903 638//638 1035//1035
f 1064//1064 659//659 658//658
f 944//944 658//658 659//659
f 857//857 552//552 570//570
f 659//659 1017//1017 944//944
f 439//439 537//537 969//969
f 909//909 657//657 433//433
f 778//778 969//969 772//772
f 969//969 778//778 439//439
f 909//909 432//432 430//430
f 438//438 536//536 968//968
f 777//777 968//968 771//771
f 432//432 909//909 433//433
f 968//968 777//777 438//438
f 876//876 617//617 875//875
f 895//895 634//634 1034//1034
f 876//876 875//875 1016//1016
f 876//876 386//386 380//380
f 478//478 585//585 816//816
f 386//386 876//876 1016//1016
f 905//905 511//511 1025//1025
f 1025//1025 511//511 513//513
f 908//908 656//656 411//411
f 701//701 905//905 1025//1025
f 1025//1025 408//408 701//701
f 893//893 648//648 1032//1032
f 885//885 484//484 1024//1024
f 1024//1024 484//484 482//482
f 760//760 729//729 426//426
f 892//892 632//632 1031//1031
f 702//702 885//885 1024//1024
f 1024//1024 431//431 702//702
f 758//758 728//728 424//424
f 846//846 561//561 579//579
f 908//908 410//410 409//409
f 585//585 478//478 855//855
f 585//585 817//817 816//816
f 1017//1017 368//368 367//367
f 368//368 1017//1017 865//865
f 466//466 579//579 805//805
f 756//756 727//727 422//422
f 410//410 908//908 411//411
f 824//824 592//592 944//944
f 944//944 592//592 658//658
f 638//638 637//637 1035//1035
f 1025//1025 516//516 881//881
f 754//754 726//726 420//420
f 516//516 662//662 522//522
f 637//637 638//638 925//925
f 785//785 650//650 1028//1028
f 785//785 1028//1028 651//651
f 889//889 651//651 1028//1028
f 482//482 521//521 515//515
f 516//516 1025//1025 513//513
f 888//888 629//629 1027//1027
f 521//521 482//482 592//592
f 592//592 878//878 521//521
f 508//508 904//904 1036//1036
f 1036//1036 510//510 508//508
f 653//653 652//652 1026//1026
f 885//885 653//653 1026//1026
f 904//904 641//641 1036//1036
f 989//989 579//579 580//580
f 1024//1024 515//515 880//880
f 967//967 708//708 1050//1050
f 911//911 412//412 549//549
f 746//746 724//724 404//404
f 768//768 412//412 414//414
f 412//412 911//911 414//414
f 910//910 391//391 548//548
f 744//744 723//723 402//402
f 767//767 391//391 393//393
f 391//391 910//910 393//393
f 863//863 707//707 1047//1047
f 1047//1047 707//707 719//719
f 1047//1047 384//384 385//385
f 384//384 1047//1047 719//719
f 703//703 711//711 656//656
f 520//520 711//711 703//703
f 703//703 455//455 520//520
f 742//742 722//722 400//400
f 704//704 712//712 657//657
f 551//551 451//451 52//52
f 451//451 51//51 52//52
f 550//550 450//450 35//35
f 450//450 36//36 35//35
f 989//989 580//580 1002//1002
f 975//975 791//791 793//793
f 561//561 580//580 579//579
f 579//579 466//466 846//846
f 519//519 712//712 704//704
f 704//704 454//454 519//519
f 967//967 525//525 708//708
f 1050//1050 708//708 720//720
f 1050//1050 388//388 387//387
f 388//388 1050//1050 720//720
f 1001//1001 585//585 586//586
f 740//740 721//721 398//398
f 1001//1001 586//586 1003//1003
f 435//435 947//947 623//623
f 515//515 1024//1024 482//482
f 567//567 586//586 585//585
f 1019//1019 380//380 379//379
f 434//434 946//946 622//622
f 380//380 1019//1019 876//876
f 909//909 655//655 657//657
f 600//600 1018//1018 598//598
f 657//657 655//655 704//704
f 908//908 654//654 656//656
f 600//600 950//950 1018//1018
f 656//656 654//654 703//703
f 960//960 877//877 386//386
f 380//380 386//386 877//877
f 878//878 592//592 824//824
f 950//950 371//371 1018//1018
f 579//579 806//806 805//805
f 714//714 525//525 774//774
f 779//779 1053//1053 769//769
f 832//832 769//769 1053//1053
f 469//469 832//832 1053//1053
f 1053//1053 857//857 469//469
f 780//780 1054//1054 770//770
f 831//831 591//591 784//784
f 833//833 770//770 1054//1054
f 443//443 784//784 591//591
f 481//481 833//833 1054//1054
f 1054//1054 858//858 481//481
f 879//879 619//619 825//825
f 879//879 387//387 388//388
f 619//619 879//879 662//662
f 938//938 428//428 427//427
f 428//428 762//762 427//427
f 878//878 385//385 384//384
f 1018//1018 371//371 370//370
f 591//591 553//553 443//443
f 639//639 701//701 940//940
f 940//940 701//701 408//408
f 653//653 702//702 941//941
f 830//830 590//590 783//783
f 712//712 433//433 657//657
f 941//941 702//702 431//431
f 442//442 783//783 590//590
f 711//711 411//411 656//656
f 528//528 441//441 1041//1041
f 445//445 787//787 717//717
f 617//617 1052//1052 614//614
f 774//774 1038//1038 714//714
f 529//529 440//440 1042//1042
f 383//383 717//717 787//787
f 1044//1044 59//59 862//862
f 858//858 571//571 481//481
f 1043//1043 28//28 861//861
f 481//481 571//571 589//589
f 857//857 570//570 469//469
f 469//469 570//570 588//588
f 539//539 443//443 553//553
f 486//486 1064//1064 484//484
f 860//860 539//539 553//553
f 1064//1064 658//658 484//484
f 590//590 552//552 442//442
f 538//538 442//442 552//552
f 859//859 538//538 552//552
f 555//555 789//789 527//527
f 627//627 628//628 915//915
f 782//782 527//527 789//789
f 947//947 969//969 537//537
f 714//714 1038//1038 963//963
f 470//470 575//575 791//791
f 969//969 947//947 435//435
f 946//946 968//968 536//536
f 968//968 946//946 434//434
f 713//713 524//524 514//514
f 971//971 782//782 789//789
f 962//962 713//713 514//514
f 457//457 555//555 527//527
f 966//966 524//524 863//863
f 554//554 788//788 526//526
f 461//461 677//677 678//678
f 456//456 554//554 526//526
f 781//781 526//526 788//788
f 1058//1058 597//597 595//595
f 488//488 1058//1058 595//595
f 1058//1058 488//488 490//490
f 970//970 781//781 788//788
f 1057//1057 598//598 602//602
f 493//493 1057//1057 602//602
f 1057//1057 493//493 491//491
f 652//652 651//651 887//887
f 732//732 764//764 730//730
f 598//598 1057//1057 1068//1068
f 1068//1068 600//600 598//598
f 764//764 732//732 770//770
f 1057//1057 491//491 1068//1068
f 887//887 651//651 889//889
f 1068//1068 491//491 489//489
f 488//488 887//887 889//889
f 717//717 1041//1041 445//445
f 731//731 750//750 725//725
f 718//718 1042//1042 444//444
f 750//750 731//731 769//769
f 626//626 627//627 914//914
f 637//637 636//636 901//901
f 627//627 626//626 700//700
f 615//615 1067//1067 618//618
f 575//575 470//470 835//835
f 901//901 636//636 899//899
f 575//575 793//793 791//791
f 505//505 901//901 899//899
f 643//643 644//644 930//930
f 631//631 630//630 891//891
f 891//891 630//630 890//890
f 766//766 414//414 416//416
f 642//642 643//643 929//929
f 414//414 913//913 416//416
f 493//493 891//891 890//890
f 765//765 393//393 394//394
f 636//636 637//637 924//924
f 393//393 912//912 394//394
f 630//630 629//629 890//890
f 882//882 392//392 962//962
f 635//635 636//636 923//923
f 773//773 882//882 514//514
f 890//890 629//629 888//888
f 514//514 882//882 962//962
f 634//634 635//635 922//922
f 625//625 640//640 913//913
f 625//625 913//913 911//911
f 491//491 890//890 888//888
f 913//913 414//414 911//911
f 624//624 626//626 912//912
f 644//644 645//645 931//931
f 624//624 912//912 910//910
f 634//634 633//633 1034//1034
f 912//912 393//393 910//910
f 751//751 416//416 417//417
f 416//416 927//927 417//417
f 737//737 394//394 395//395
f 394//394 914//914 395//395
f 763//763 428//428 429//429
f 458//458 574//574 790//790
f 428//428 939//939 429//429
f 749//749 406//406 407//407
f 406//406 926//926 407//407
f 752//752 417//417 418//418
f 417//417 928//928 418//418
f 738//738 395//395 396//396
f 395//395 915//915 396//396
f 1015//1015 377//377 378//378
f 761//761 426//426 427//427
f 426//426 937//937 427//427
f 759//759 424//424 425//425
f 424//424 935//935 425//425
f 757//757 422//422 423//423
f 1014//1014 376//376 377//377
f 422//422 933//933 423//423
f 755//755 420//420 421//421
f 420//420 931//931 421//421
f 787//787 445//445 41//41
f 753//753 418//418 419//419
f 418//418 929//929 419//419
f 480//480 699//699 671//671
f 1013//1013 375//375 376//376
f 786//786 444//444 46//46
f 747//747 404//404 405//405
f 632//632 633//633 920//920
f 404//404 924//924 405//405
f 745//745 402//402 403//403
f 402//402 922//922 403//403
f 743//743 400//400 401//401
f 400//400 920//920 401//401
f 741//741 398//398 399//399
f 1012//1012 374//374 375//375
f 398//398 918//918 399//399
f 739//739 396//396 397//397
f 396//396 916//916 397//397
f 479//479 699//699 480//480
f 653//653 941//941 939//939
f 1011//1011 373//373 374//374
f 941//941 730//730 429//429
f 941//941 429//429 939//939
f 645//645 646//646 932//932
f 639//639 940//940 926//926
f 940//940 725//725 407//407
f 1010//1010 372//372 373//373
f 940//940 407//407 926//926
f 652//652 653//653 939//939
f 652//652 939//939 938//938
f 939//939 428//428 938//938
f 638//638 639//639 926//926
f 1009//1009 370//370 372//372
f 638//638 926//926 925//925
f 926//926 406//406 925//925
f 632//632 631//631 1031//1031
f 640//640 927//927 913//913
f 927//927 416//416 913//913
f 460//460 677//677 461//461
f 647//647 646//646 1033//1033
f 626//626 914//914 912//912
f 914//914 394//394 912//912
f 646//646 647//647 933//933
f 641//641 928//928 927//927
f 928//928 417//417 927//927
f 974//974 790//790 792//792
f 627//627 915//915 914//914
f 915//915 395//395 914//914
f 651//651 652//652 938//938
f 651//651 938//938 937//937
f 1008//1008 368//368 369//369
f 630//630 631//631 918//918
f 938//938 427//427 937//937
f 468//468 685//685 670//670
f 467//467 685//685 468//468
f 551//551 52//52 53//53
f 550//550 35//35 34//34
f 650//650 785//785 937//937
f 650//650 937//937 936//936
f 937//937 426//426 936//936
f 648//648 647//647 1032//1032
f 574//574 458//458 834//834
f 649//649 936//936 935//935
f 936//936 729//729 425//425
f 936//936 425//425 935//935
f 574//574 792//792 790//790
f 1113//1113 629//629 630//630
f 649//649 648//648 1030//1030
f 1067//1067 615//615 613//613
f 935//935 424//424 934//934
f 648//648 649//649 935//935
f 647//647 934//934 933//933
f 934//934 728//728 423//423
f 934//934 423//423 933//933
f 650//650 649//649 1029//1029
f 646//646 933//933 932//932
f 720//720 943//943 388//388
f 933//933 422//422 932//932
f 719//719 942//942 384//384
f 649//649 650//650 936//936
f 645//645 932//932 931//931
f 932//932 727//727 421//421
f 932//932 421//421 931//931
f 646//646 645//645 896//896
f 644//644 931//931 930//930
f 931//931 420//420 930//930
f 641//641 642//642 928//928
f 643//643 930//930 929//929
f 930//930 726//726 419//419
f 930//930 419//419 929//929
f 629//629 628//628 1027//1027
f 628//628 629//629 916//916
f 946//946 735//735 622//622
f 642//642 929//929 928//928
f 929//929 418//418 928//928
f 896//896 645//645 898//898
f 637//637 925//925 924//924
f 473//473 691//691 692//692
f 623//623 549//549 435//435
f 415//415 549//549 623//623
f 925//925 405//405 924//924
f 622//622 548//548 434//434
f 392//392 548//548 622//622
f 735//735 390//390 622//622
f 636//636 924//924 923//923
f 924//924 404//404 923//923
f 641//641 640//640 1036//1036
f 635//635 923//923 922//922
f 923//923 724//724 403//403
f 923//923 403//403 922//922
f 640//640 641//641 927//927
f 506//506 1067//1067 613//613
f 922//922 402//402 921//921
f 947//947 736//736 623//623
f 633//633 921//921 920//920
f 921//921 723//723 401//401
f 921//921 401//401 920//920
f 736//736 413//413 623//623
f 472//472 691//691 473//473
f 920//920 400//400 919//919
f 555//555 457//457 827//827
f 631//631 919//919 918//918
f 919//919 722//722 399//399
f 919//919 399//399 918//918
f 554//554 456//456 826//826
f 630//630 918//918 917//917
f 918//918 398//398 917//917
f 516//516 522//522 710//710
f 1113//1113 917//917 916//916
f 917//917 721//721 397//397
f 917//917 397//397 916//916
f 455//455 516//516 710//710
f 628//628 916//916 915//915
f 916//916 396//396 915//915
f 772//772 667//667 665//665
f 665//665 778//778 772//772
f 714//714 1048//1048 525//525
f 1048//1048 708//708 525//525
f 771//771 666//666 664//664
f 664//664 777//777 771//771
f 713//713 1049//1049 524//524
f 1049//1049 707//707 524//524
f 1005//1005 821//821 1007//1007
f 589//589 571//571 823//823
f 589//589 1007//1007 821//821
f 993//993 809//809 810//810
f 1004//1004 820//820 1006//1006
f 1007//1007 589//589 823//823
f 588//588 1006//1006 820//820
f 563//563 810//810 809//809
f 500//500 896//896 898//898
f 588//588 570//570 822//822
f 1006//1006 588//588 822//822
f 645//645 644//644 898//898
f 515//515 521//521 709//709
f 454//454 515//515 709//709
f 720//720 708//708 389//389
f 593//593 1065//1065 773//773
f 718//718 389//389 708//708
f 708//708 1048//1048 718//718
f 483//483 1065//1065 485//485
f 1065//1065 483//483 773//773
f 776//776 527//527 55//55
f 54//54 776//776 55//55
f 719//719 707//707 383//383
f 775//775 526//526 32//32
f 717//717 383//383 707//707
f 707//707 1049//1049 717//717
f 44//44 389//389 45//45
f 898//898 644//644 900//900
f 43//43 383//383 42//42
f 33//33 775//775 32//32
f 502//502 898//898 900//900
f 471//471 563//563 809//809
f 644//644 643//643 900//900
f 784//784 1023//1023 831//831
f 900//900 643//643 902//902
f 471//471 809//809 562//562
f 527//527 776//776 457//457
f 1023//1023 58//58 831//831
f 783//783 1022//1022 830//830
f 526//526 775//775 456//456
f 1022//1022 29//29 830//830
f 1052//1052 660//660 523//523
f 973//973 791//791 975//975
f 509//509 1052//1052 523//523
f 981//981 798//798 799//799
f 1067//1067 506//506 508//508
f 972//972 790//790 974//974
f 504//504 900//900 902//902
f 557//557 799//799 798//798
f 371//371 951//951 868//868
f 975//975 793//793 977//977
f 633//633 632//632 894//894
f 575//575 977//977 793//793
f 75//75 975//975 977//977
f 974//974 792//792 976//976
f 459//459 557//557 798//798
f 574//574 976//976 792//792
f 12//12 974//974 976//976
f 977//977 795//795 990//990
f 1003//1003 586//586 819//819
f 582//582 990//990 795//795
f 74//74 977//977 990//990
f 976//976 794//794 978//978
f 459//459 798//798 556//556
f 576//576 978//978 794//794
f 13//13 976//976 978//978
f 1000//1000 817//817 1001//1001
f 1002//1002 580//580 818//818
f 585//585 1001//1001 817//817
f 950//950 951//951 371//371
f 990//990 807//807 991//991
f 894//894 632//632 892//892
f 583//583 991//991 807//807
f 950//950 369//369 951//951
f 988//988 806//806 989//989
f 497//497 894//894 892//892
f 579//579 989//989 806//806
f 828//828 554//554 826//826
f 978//978 796//796 979//979
f 636//636 635//635 899//899
f 577//577 979//979 796//796
f 828//828 826//826 666//666
f 999//999 816//816 1000//1000
f 899//899 635//635 897//897
f 994//994 810//810 811//811
f 64//64 999//999 1000//1000
f 998//998 815//815 999//999
f 458//458 572//572 828//828
f 458//458 790//790 572//572
f 65//65 998//998 999//999
f 997//997 814//814 998//998
f 472//472 810//810 563//563
f 982//982 799//799 800//800
f 66//66 997//997 998//998
f 996//996 813//813 997//997
f 470//470 573//573 829//829
f 470//470 791//791 573//573
f 67//67 996//996 997//997
f 995//995 812//812 996//996
f 460//460 799//799 557//557
f 995//995 811//811 812//812
f 68//68 995//995 996//996
f 994//994 811//811 995//995
f 465//465 681//681 682//682
f 564//564 812//812 811//811
f 69//69 994//994 995//995
f 993//993 810//810 994//994
f 977//977 575//575 795//795
f 473//473 564//564 811//811
f 70//70 993//993 994//994
f 992//992 809//809 993//993
f 828//828 572//572 554//554
f 464//464 681//681 465//465
f 829//829 555//555 827//827
f 991//991 808//808 992//992
f 976//976 574//574 794//794
f 584//584 992//992 808//808
f 829//829 827//827 667//667
f 987//987 805//805 988//988
f 983//983 800//800 801//801
f 558//558 801//801 800//800
f 23//23 987//987 988//988
f 986//986 804//804 987//987
f 461//461 558//558 800//800
f 639//639 638//638 903//903
f 22//22 986//986 987//987
f 985//985 803//803 986//986
f 996//996 812//812 813//813
f 905//905 639//639 903//903
f 21//21 985//985 986//986
f 984//984 802//802 985//985
f 903//903 509//509 905//905
f 474//474 812//812 564//564
f 20//20 984//984 985//985
f 983//983 801//801 984//984
f 748//748 405//405 406//406
f 984//984 801//801 802//802
f 19//19 983//983 984//984
f 982//982 800//800 983//983
f 990//990 582//582 807//807
f 405//405 925//925 406//406
f 503//503 899//899 897//897
f 635//635 634//634 897//897
f 18//18 982//982 983//983
f 981//981 799//799 982//982
f 829//829 573//573 555//555
f 464//464 804//804 803//803
f 17//17 981//981 982//982
f 980//980 798//798 981//981
f 978//978 576//576 796//796
f 462//462 801//801 558//558
f 575//575 835//835 837//837
f 979//979 797//797 980//980
f 837//837 582//582 575//575
f 578//578 980//980 797//797
f 795//795 575//575 582//582
f 971//971 789//789 973//973
f 991//991 583//583 808//808
f 573//573 973//973 789//789
f 77//77 971//971 973//973
f 970//970 788//788 972//972
f 574//574 834//834 836//836
f 572//572 972//972 788//788
f 10//10 970//970 972//972
f 942//942 715//715 384//384
f 715//715 365//365 384//384
f 365//365 521//521 878//878
f 384//384 365//365 878//878
f 547//547 732//732 730//730
f 547//547 730//730 941//941
f 546//546 731//731 725//725
f 546//546 725//725 940//940
f 768//768 667//667 772//772
f 412//412 768//768 772//772
f 767//767 666//666 771//771
f 391//391 767//767 771//771
f 382//382 522//522 879//879
f 388//388 382//382 879//879
f 782//782 971//971 1021//1021
f 971//971 78//78 1021//1021
f 781//781 970//970 1020//1020
f 970//970 9//9 1020//1020
f 1003//1003 819//819 1005//1005
f 1005//1005 587//587 821//821
f 587//587 1005//1005 819//819
f 61//61 1003//1003 1005//1005
f 1002//1002 818//818 1004//1004
f 1004//1004 581//581 820//820
f 581//581 1004//1004 818//818
f 26//26 1002//1002 1004//1004
f 979//979 577//577 797//797
f 997//997 813//813 814//814
f 565//565 814//814 813//813
f 475//475 565//565 813//813
f 465//465 804//804 464//464
f 365//365 709//709 521//521
f 389//389 543//543 720//720
f 383//383 542//542 719//719
f 985//985 802//802 803//803
f 429//429 764//764 763//763
f 730//730 764//764 429//429
f 559//559 803//803 802//802
f 407//407 750//750 749//749
f 725//725 750//750 407//407
f 897//897 634//634 895//895
f 501//501 897//897 895//895
f 463//463 559//559 802//802
f 884//884 487//487 886//886
f 472//472 811//811 810//810
f 447//447 533//533 48//48
f 533//533 47//47 48//48
f 446//446 532//532 39//39
f 532//532 40//40 39//39
f 766//766 669//669 768//768
f 414//414 766//766 768//768
f 765//765 668//668 767//767
f 393//393 765//765 767//767
f 751//751 686//686 766//766
f 416//416 751//751 766//766
f 737//737 672//672 765//765
f 394//394 737//737 765//765
f 763//763 698//698 762//762
f 428//428 763//763 762//762
f 998//998 814//814 815//815
f 406//406 749//749 748//748
f 752//752 687//687 751//751
f 417//417 752//752 751//751
f 738//738 673//673 737//737
f 395//395 738//738 737//737
f 917//917 1113//1113 630//630
f 427//427 762//762 761//761
f 473//473 811//811 472//472
f 836//836 576//576 574//574
f 426//426 761//761 760//760
f 643//643 642//642 902//902
f 425//425 760//760 759//759
f 729//729 760//760 425//425
f 794//794 574//574 576//576
f 460//460 800//800 799//799
f 439//439 51//51 537//537
f 461//461 800//800 460//460
f 50//50 537//537 51//51
f 424//424 759//759 758//758
f 902//902 642//642 904//904
f 506//506 902//902 904//904
f 642//642 641//641 904//904
f 423//423 758//758 757//757
f 728//728 758//758 423//423
f 474//474 813//813 812//812
f 422//422 757//757 756//756
f 475//475 813//813 474//474
f 421//421 756//756 755//755
f 727//727 756//756 421//421
f 755//755 690//690 754//754
f 420//420 755//755 754//754
f 463//463 462//462 843//843
f 419//419 754//754 753//753
f 462//462 802//802 801//801
f 726//726 754//754 419//419
f 753//753 688//688 752//752
f 418//418 753//753 752//752
f 1029//1029 492//492 490//490
f 405//405 748//748 747//747
f 463//463 802//802 462//462
f 544//544 536//536 37//37
f 404//404 747//747 746//746
f 490//490 1028//1028 1029//1029
f 403//403 746//746 745//745
f 724//724 746//746 403//403
f 745//745 680//680 744//744
f 402//402 745//745 744//744
f 1028//1028 650//650 1029//1029
f 401//401 744//744 743//743
f 476//476 814//814 565//565
f 723//723 744//744 401//401
f 743//743 678//678 742//742
f 400//400 743//743 742//742
f 38//38 544//544 37//37
f 39//39 449//449 38//38
f 1030//1030 494//494 492//492
f 449//449 544//544 38//38
f 399//399 742//742 741//741
f 48//48 448//448 49//49
f 492//492 1029//1029 1030//1030
f 447//447 48//48 49//49
f 1029//1029 649//649 1030//1030
f 446//446 39//39 38//38
f 722//722 742//742 399//399
f 741//741 676//676 740//740
f 398//398 741//741 740//740
f 390//390 735//735 528//528
f 397//397 740//740 739//739
f 721//721 740//740 397//397
f 739//739 674//674 738//738
f 396//396 739//739 738//738
f 366//366 944//944 367//367
f 944//944 366//366 824//824
f 986//986 803//803 804//804
f 381//381 945//945 379//379
f 945//945 381//381 825//825
f 907//907 640//640 625//625
f 625//625 883//883 907//907
f 906//906 626//626 624//624
f 624//624 1037//1037 906//906
f 1037//1037 624//624 882//882
f 626//626 906//906 700//700
f 700//700 906//906 884//884
f 906//906 485//485 884//884
f 618//618 877//877 615//615
f 476//476 815//815 814//814
f 477//477 815//815 476//476
f 617//617 876//876 660//660
f 464//464 803//803 559//559
f 999//999 815//815 816//816
f 614//614 875//875 617//617
f 562//562 809//809 584//584
f 438//438 36//36 536//536
f 390//390 1041//1041 713//713
f 992//992 584//584 809//809
f 566//566 816//816 815//815
f 528//528 1041//1041 390//390
f 612//612 614//614 505//505
f 503//503 612//612 505//505
f 413//413 736//736 529//529
f 629//629 1113//1113 916//916
f 506//506 613//613 504//504
f 610//610 873//873 612//612
f 610//610 612//612 503//503
f 501//501 610//610 503//503
f 611//611 957//957 609//609
f 611//611 1110//1110 613//613
f 1110//1110 504//504 613//613
f 608//608 872//872 610//610
f 608//608 610//610 501//501
f 499//499 608//608 501//501
f 609//609 956//956 607//607
f 609//609 607//607 500//500
f 502//502 609//609 500//500
f 606//606 871//871 608//608
f 499//499 1114//1114 608//608
f 606//606 1114//1114 497//497
f 607//607 955//955 605//605
f 477//477 566//566 815//815
f 545//545 537//537 50//50
f 1114//1114 606//606 608//608
f 604//604 606//606 497//497
f 987//987 804//804 805//805
f 495//495 604//604 497//497
f 37//37 536//536 36//36
f 605//605 603//603 496//496
f 498//498 605//605 496//496
f 602//602 869//869 604//604
f 413//413 1042//1042 714//714
f 529//529 1042//1042 413//413
f 603//603 953//953 599//599
f 560//560 805//805 804//804
f 465//465 560//560 804//804
f 598//598 867//867 602//602
f 49//49 545//545 50//50
f 988//988 805//805 806//806
f 535//535 734//734 50//50
f 448//448 545//545 49//49
f 1032//1032 498//498 496//496
f 734//734 447//447 49//49
f 466//466 805//805 560//560
f 1000//1000 816//816 817//817
f 734//734 49//49 50//50
f 1033//1033 498//498 1032//1032
f 492//492 601//601 490//490
f 596//596 866//866 600//600
f 1032//1032 647//647 1033//1033
f 478//478 816//816 566//566
f 597//597 949//949 595//595
f 534//534 733//733 37//37
f 582//582 837//837 848//848
f 835//835 686//686 837//837
f 594//594 864//864 596//596
f 594//594 596//596 487//487
f 485//485 594//594 487//487
f 595//595 865//865 659//659
f 848//848 583//583 582//582
f 556//556 798//798 578//578
f 862//862 591//591 831//831
f 591//591 862//862 823//823
f 823//823 571//571 591//591
f 733//733 446//446 38//38
f 861//861 590//590 830//830
f 590//590 861//861 822//822
f 822//822 570//570 590//590
f 733//733 38//38 37//37
f 980//980 578//578 798//798
f 660//660 663//663 523//523
f 593//593 948//948 594//594
f 475//475 693//693 694//694
f 973//973 573//573 791//791
f 667//667 827//827 665//665
f 666//666 826//826 664//664
f 474//474 693//693 475//475
f 972//972 572//572 790//790
f 616//616 961//961 618//618
f 519//519 706//706 533//533
f 541//541 533//533 706//706
f 1048//1048 714//714 1042//1042
f 1079//1079 959//959 958//958
f 959//959 1079//1079 615//615
f 1048//1048 1042//1042 718//718
f 1049//1049 713//713 1041//1041
f 1079//1079 613//613 615//615
f 807//807 582//582 583//583
f 1049//1049 1041//1041 717//717
f 1007//1007 823//823 862//862
f 520//520 705//705 532//532
f 1006//1006 822//822 861//861
f 540//540 532//532 705//705
f 639//639 905//905 701//701
f 369//369 950//950 866//866
f 513//513 662//662 516//516
f 379//379 965//965 381//381
f 367//367 964//964 366//366
f 477//477 695//695 696//696
f 662//662 513//513 619//619
f 863//863 524//524 707//707
f 576//576 836//836 838//838
f 653//653 885//885 702//702
f 868//868 1070//1070 952//952
f 1070//1070 868//868 597//597
f 601//601 1070//1070 597//597
f 447//447 734//734 712//712
f 453//453 437//437 451//451
f 444//444 786//786 718//718
f 447//447 519//519 533//533
f 535//535 451//451 437//437
f 387//387 879//879 825//825
f 452//452 436//436 450//450
f 383//383 787//787 42//42
f 534//534 450//450 436//436
f 519//519 447//447 712//712
f 446//446 733//733 711//711
f 446//446 520//520 532//532
f 520//520 446//446 711//711
f 600//600 1068//1068 596//596
f 838//838 577//577 576//576
f 618//618 1067//1067 510//510
f 385//385 878//878 824//824
f 705//705 710//710 540//540
f 710//710 518//518 540//540
f 1067//1067 508//508 510//510
f 706//706 709//709 541//541
f 709//709 517//517 541//541
f 709//709 365//365 517//517
f 1079//1079 958//958 611//611
f 875//875 874//874 1015//1015
f 378//378 875//875 1015//1015
f 494//494 1066//1066 599//599
f 603//603 1066//1066 496//496
f 874//874 612//612 873//873
f 874//874 873//873 1014//1014
f 377//377 874//874 1014//1014
f 873//873 610//610 872//872
f 873//873 872//872 1013//1013
f 376//376 873//873 1013//1013
f 872//872 608//608 871//871
f 872//872 871//871 1012//1012
f 375//375 872//872 1012//1012
f 871//871 606//606 870//870
f 871//871 870//870 1011//1011
f 374//374 871//871 1011//1011
f 1114//1114 499//499 497//497
f 870//870 869//869 1010//1010
f 373//373 870//870 1010//1010
f 1066//1066 603//603 599//599
f 550//550 530//530 452//452
f 42//42 787//787 41//41
f 550//550 452//452 450//450
f 45//45 786//786 46//46
f 1066//1066 494//494 496//496
f 869//869 602//602 867//867
f 1065//1065 593//593 594//594
f 485//485 1065//1065 594//594
f 1021//1021 78//78 2//2
f 1021//1021 57//57 782//782
f 57//57 1021//1021 2//2
f 1020//1020 30//30 781//781
f 30//30 1020//1020 1//1
f 1020//1020 9//9 1//1
f 57//57 1023//1023 784//784
f 1023//1023 57//57 2//2
f 58//58 1023//1023 2//2
f 30//30 1022//1022 783//783
f 1022//1022 30//30 1//1
f 29//29 1022//1022 1//1
f 869//869 867//867 1009//1009
f 372//372 869//869 1009//1009
f 866//866 596//596 864//864
f 866//866 864//864 1008//1008
f 567//567 855//855 856//856
f 659//659 1064//1064 595//595
f 492//492 1063//1063 601//601
f 369//369 866//866 1008//1008
f 523//523 661//661 511//511
f 511//511 619//619 513//513
f 619//619 511//511 661//661
f 381//381 387//387 825//825
f 476//476 695//695 477//477
f 1109//1109 692//692 756//756
f 599//599 1063//1063 494//494
f 1063//1063 599//599 601//601
f 509//509 523//523 511//511
f 905//905 509//509 511//511
f 1109//1109 757//757 693//693
f 855//855 698//698 856//856
f 613//613 1079//1079 611//611
f 855//855 567//567 585//585
f 904//904 508//508 506//506
f 381//381 1078//1078 1050//1050
f 967//967 1078//1078 965//965
f 540//540 518//518 41//41
f 518//518 42//42 41//41
f 903//903 507//507 509//509
f 1035//1035 507//507 903//903
f 541//541 517//517 46//46
f 517//517 45//45 46//46
f 621//621 774//774 525//525
f 902//902 506//506 504//504
f 1078//1078 967//967 1050//1050
f 967//967 621//621 525//525
f 1078//1078 381//381 965//965
f 620//620 773//773 524//524
f 901//901 505//505 507//507
f 796//796 576//576 577//577
f 966//966 620//620 524//524
f 583//583 848//848 849//849
f 697//697 762//762 698//698
f 900//900 504//504 502//502
f 849//849 584//584 583//583
f 855//855 697//697 698//698
f 604//604 1112//1112 606//606
f 854//854 696//696 697//697
f 899//899 503//503 505//505
f 834//834 672//672 836//836
f 808//808 583//583 584//584
f 757//757 1109//1109 756//756
f 692//692 1109//1109 693//693
f 898//898 502//502 500//500
f 1077//1077 675//675 739//739
f 853//853 694//694 695//695
f 1077//1077 740//740 676//676
f 1108//1108 694//694 1107//1107
f 897//897 501//501 503//503
f 740//740 1077//1077 739//739
f 1108//1108 759//759 695//695
f 852//852 692//692 693//693
f 675//675 1077//1077 676//676
f 896//896 500//500 498//498
f 1076//1076 689//689 753//753
f 759//759 1108//1108 1107//1107
f 690//690 755//755 691//691
f 851//851 690//690 691//691
f 895//895 499//499 501//501
f 1034//1034 499//499 895//895
f 1076//1076 754//754 690//690
f 850//850 689//689 690//690
f 688//688 753//753 689//689
f 577//577 838//838 839//839
f 839//839 578//578 577//577
f 849//849 688//688 689//689
f 754//754 1076//1076 753//753
f 846//846 683//683 684//684
f 894//894 497//497 499//499
f 689//689 1076//1076 690//690
f 797//797 577//577 578//578
f 845//845 682//682 683//683
f 1075//1075 677//677 741//741
f 893//893 496//496 494//494
f 1032//1032 496//496 893//893
f 694//694 1108//1108 695//695
f 680//680 745//745 681//681
f 844//844 680//680 681//681
f 892//892 495//495 497//497
f 1031//1031 495//495 892//892
f 1075//1075 742//742 678//678
f 843//843 679//679 680//680
f 678//678 743//743 679//679
f 742//742 1075//1075 741//741
f 677//677 1075//1075 678//678
f 842//842 678//678 679//679
f 1074//1074 691//691 755//755
f 549//549 412//412 435//435
f 891//891 493//493 495//495
f 1074//1074 756//756 692//692
f 676//676 741//741 677//677
f 841//841 676//676 677//677
f 756//756 1074//1074 755//755
f 691//691 1074//1074 692//692
f 1073//1073 679//679 743//743
f 840//840 675//675 676//676
f 674//674 739//739 675//675
f 839//839 674//674 675//675
f 890//890 491//491 493//493
f 1073//1073 744//744 680//680
f 687//687 752//752 688//688
f 848//848 687//687 688//688
f 673//673 738//738 674//674
f 889//889 490//490 488//488
f 1028//1028 490//490 889//889
f 838//838 673//673 674//674
f 698//698 763//763 699//699
f 856//856 698//698 699//699
f 888//888 489//489 491//491
f 1027//1027 489//489 888//888
f 684//684 749//749 685//685
f 847//847 684//684 685//685
f 686//686 751//751 687//687
f 887//887 488//488 486//486
f 744//744 1073//1073 743//743
f 837//837 686//686 687//687
f 672//672 737//737 673//673
f 836//836 672//672 673//673
f 886//886 487//487 489//489
f 669//669 766//766 686//686
f 835//835 669//669 686//686
f 668//668 765//765 672//672
f 1063//1063 492//492 494//494
f 885//885 486//486 484//484
f 1026//1026 486//486 885//885
f 834//834 668//668 672//672
f 366//366 385//385 824//824
f 667//667 768//768 669//669
f 884//884 485//485 487//487
f 829//829 667//667 669//669
f 666//666 767//767 668//668
f 828//828 666//666 668//668
f 452//452 1062//1062 779//779
f 859//859 1062//1062 530//530
f 1062//1062 859//859 779//779
f 484//484 592//592 482//482
f 592//592 484//484 658//658
f 432//432 780//780 430//430
f 430//430 780//780 770//770
f 1062//1062 452//452 530//530
f 410//410 779//779 409//409
f 409//409 779//779 769//769
f 906//906 483//483 485//485
f 1037//1037 483//483 906//906
f 1038//1038 774//774 883//883
f 833//833 671//671 770//770
f 679//679 1073//1073 680//680
f 671//671 764//764 770//770
f 531//531 53//53 54//54
f 531//531 551//551 53//53
f 539//539 531//531 54//54
f 832//832 670//670 769//769
f 551//551 531//531 453//453
f 530//530 34//34 33//33
f 530//530 550//550 34//34
f 670//670 750//750 769//769
f 453//453 1061//1061 780//780
f 758//758 1107//1107 757//757
f 860//860 1061//1061 531//531
f 538//538 530//530 33//33
f 551//551 453//453 451//451
f 1107//1107 693//693 757//757
f 1072//1072 681//681 745//745
f 1061//1061 860//860 780//780
f 1061//1061 453//453 531//531
f 587//587 569//569 821//821
f 587//587 480//480 569//569
f 581//581 568//568 820//820
f 581//581 468//468 568//568
f 693//693 1107//1107 694//694
f 59//59 1060//1060 862//862
f 780//780 432//432 453//453
f 1007//1007 1060//1060 60//60
f 779//779 410//410 452//452
f 1060//1060 1007//1007 862//862
f 1039//1039 444//444 1042//1042
f 389//389 718//718 786//786
f 1060//1060 59//59 60//60
f 1039//1039 1042//1042 440//440
f 389//389 786//786 45//45
f 625//625 911//911 549//549
f 415//415 625//625 549//549
f 624//624 910//910 548//548
f 392//392 624//624 548//548
f 593//593 964//964 948//948
f 964//964 367//367 948//948
f 616//616 965//965 961//961
f 965//965 379//379 961//961
f 1026//1026 652//652 887//887
f 1072//1072 746//746 682//682
f 746//746 1072//1072 745//745
f 681//681 1072//1072 682//682
f 1030//1030 648//648 893//893
f 760//760 1106//1106 759//759
f 1033//1033 646//646 896//896
f 1106//1106 695//695 759//759
f 695//695 1106//1106 696//696
f 1099//1099 989//989 1002//1002
f 25//25 1099//1099 1002//1002
f 368//368 1008//1008 864//864
f 1035//1035 637//637 901//901
f 1071//1071 614//614 612//612
f 1071//1071 874//874 875//875
f 874//874 1071//1071 612//612
f 1034//1034 633//633 894//894
f 614//614 1071//1071 875//875
f 1031//1031 631//631 891//891
f 952//952 1070//1070 599//599
f 1070//1070 601//601 599//599
f 1027//1027 628//628 886//886
f 495//495 1069//1069 604//604
f 28//28 1059//1059 861//861
f 1006//1006 1059//1059 27//27
f 1059//1059 1006//1006 861//861
f 1036//1036 640//640 907//907
f 1059//1059 28//28 27//27
f 960//960 378//378 959//959
f 960//960 386//386 378//378
f 951//951 369//369 949//949
f 1099//1099 25//25 24//24
f 431//431 547//547 941//941
f 597//597 1058//1058 601//601
f 1058//1058 490//490 601//601
f 510//510 1056//1056 618//618
f 408//408 546//546 940//940
f 616//616 1056//1056 512//512
f 1056//1056 616//616 618//618
f 1056//1056 510//510 512//512
f 437//437 453//453 432//432
f 433//433 437//437 432//432
f 436//436 452//452 410//410
f 411//411 436//436 410//410
f 602//602 1069//1069 493//493
f 1069//1069 602//602 604//604
f 431//431 1024//1024 880//880
f 880//880 655//655 431//431
f 408//408 1025//1025 881//881
f 881//881 654//654 408//408
f 1069//1069 495//495 493//493
f 959//959 377//377 958//958
f 611//611 958//958 957//957
f 958//958 376//376 957//957
f 609//609 957//957 956//956
f 957//957 375//375 956//956
f 615//615 960//960 959//959
f 607//607 956//956 955//955
f 956//956 374//374 955//955
f 1098//1098 1001//1001 1003//1003
f 955//955 373//373 954//954
f 603//603 954//954 953//953
f 954//954 372//372 953//953
f 599//599 953//953 952//952
f 953//953 370//370 952//952
f 597//597 951//951 949//949
f 382//382 1055//1055 522//522
f 51//51 451//451 535//535
f 535//535 50//50 51//51
f 62//62 1098//1098 1003//1003
f 710//710 1055//1055 518//518
f 36//36 450//450 534//534
f 534//534 37//37 36//36
f 1098//1098 62//62 63//63
f 531//531 539//539 860//860
f 1055//1055 710//710 522//522
f 530//530 538//538 859//859
f 1055//1055 382//382 518//518
f 1054//1054 780//780 860//860
f 773//773 514//514 524//524
f 1107//1107 758//758 759//759
f 858//858 1054//1054 860//860
f 68//68 996//996 67//67
f 1106//1106 760//760 761//761
f 696//696 1106//1106 761//761
f 11//11 1105//1105 974//974
f 972//972 1105//1105 10//10
f 1105//1105 972//972 974//974
f 655//655 909//909 547//547
f 431//431 655//655 547//547
f 654//654 908//908 546//546
f 1053//1053 779//779 859//859
f 857//857 1053//1053 859//859
f 408//408 654//654 546//546
f 1052//1052 617//617 660//660
f 1105//1105 11//11 10//10
f 76//76 1104//1104 975//975
f 1052//1052 509//509 507//507
f 973//973 1104//1104 77//77
f 1104//1104 973//973 975//975
f 831//831 1044//1044 862//862
f 830//830 1043//1043 861//861
f 1104//1104 76//76 77//77
f 507//507 1103//1103 1052//1052
f 837//837 687//687 848//848
f 614//614 1103//1103 505//505
f 566//566 477//477 854//854
f 1103//1103 614//614 1052//1052
f 1103//1103 507//507 505//505
f 443//443 55//55 56//56
f 442//442 32//32 31//31
f 370//370 1009//1009 867//867
f 605//605 1102//1102 603//603
f 56//56 782//782 57//57
f 962//962 622//622 390//390
f 31//31 781//781 30//30
f 565//565 475//475 853//853
f 954//954 1102//1102 955//955
f 963//963 623//623 413//413
f 372//372 1010//1010 869//869
f 848//848 688//688 849//849
f 1102//1102 954//954 603//603
f 564//564 473//473 852//852
f 1102//1102 605//605 955//955
f 648//648 1101//1101 647//647
f 47//47 440//440 48//48
f 934//934 1101//1101 935//935
f 784//784 56//56 57//57
f 56//56 784//784 443//443
f 1101//1101 934//934 647//647
f 783//783 31//31 30//30
f 31//31 783//783 442//442
f 563//563 471//471 851//851
f 1101//1101 648//648 935//935
f 836//836 673//673 838//838
f 23//23 988//988 24//24
f 1100//1100 682//682 746//746
f 1100//1100 747//747 683//683
f 747//747 1100//1100 746//746
f 22//22 987//987 23//23
f 909//909 732//732 547//547
f 562//562 849//849 850//850
f 849//849 689//689 850//850
f 908//908 731//731 546//546
f 21//21 986//986 22//22
f 20//20 985//985 21//21
f 682//682 1100//1100 683//683
f 849//849 562//562 584//584
f 989//989 1099//1099 988//988
f 478//478 697//697 855//855
f 943//943 382//382 388//388
f 477//477 696//696 854//854
f 560//560 465//465 845//845
f 1039//1039 440//440 47//47
f 1099//1099 24//24 988//988
f 475//475 694//694 853//853
f 529//529 736//736 545//545
f 440//440 448//448 48//48
f 40//40 441//441 39//39
f 473//473 692//692 852//852
f 838//838 674//674 839//839
f 373//373 1011//1011 870//870
f 528//528 735//735 544//544
f 471//471 690//690 851//851
f 559//559 463//463 844//844
f 1001//1001 1098//1098 1000//1000
f 1098//1098 63//63 1000//1000
f 556//556 839//839 840//840
f 19//19 984//984 20//20
f 18//18 983//983 19//19
f 1040//1040 441//441 40//40
f 839//839 675//675 840//840
f 839//839 556//556 578//578
f 466//466 683//683 846//846
f 14//14 1097//1097 979//979
f 465//465 682//682 845//845
f 558//558 461//461 842//842
f 374//374 1012//1012 871//871
f 978//978 1097//1097 13//13
f 463//463 680//680 844//844
f 969//969 435//435 412//412
f 462//462 679//679 843//843
f 441//441 449//449 39//39
f 461//461 678//678 842//842
f 467//467 581//581 580//580
f 375//375 1013//1013 872//872
f 968//968 434//434 391//391
f 459//459 676//676 841//841
f 557//557 459//459 841//841
f 581//581 467//467 468//468
f 581//581 818//818 580//580
f 479//479 587//587 586//586
f 437//437 734//734 535//535
f 587//587 479//479 480//480
f 587//587 819//819 586//586
f 1097//1097 978//978 979//979
f 1097//1097 14//14 13//13
f 51//51 439//439 52//52
f 436//436 733//733 534//534
f 73//73 1096//1096 991//991
f 990//990 1096//1096 74//74
f 833//833 569//569 480//480
f 480//480 671//671 833//833
f 36//36 438//438 35//35
f 832//832 568//568 468//468
f 468//468 670//670 832//832
f 1096//1096 990//990 991//991
f 748//748 1086//1086 747//747
f 1086//1086 683//683 747//747
f 1096//1096 73//73 74//74
f 683//683 1086//1086 684//684
f 498//498 1089//1089 605//605
f 479//479 586//586 567//567
f 607//607 1089//1089 500//500
f 1089//1089 607//607 605//605
f 1089//1089 498//498 500//500
f 60//60 1088//1088 1007//1007
f 1005//1005 1088//1088 61//61
f 1088//1088 1005//1005 1007//1007
f 1088//1088 60//60 61//61
f 27//27 1087//1087 1006//1006
f 1004//1004 1087//1087 26//26
f 1087//1087 1004//1004 1006//1006
f 1087//1087 27//27 26//26
f 1086//1086 748//748 749//749
f 15//15 1095//1095 980//980
f 684//684 1086//1086 749//749
f 979//979 1095//1095 14//14
f 1095//1095 979//979 980//980
f 1095//1095 15//15 14//14
f 948//948 367//367 368//368
f 948//948 368//368 864//864
f 655//655 880//880 704//704
f 654//654 881//881 703//703
f 959//959 378//378 377//377
f 958//958 377//377 376//376
f 957//957 376//376 375//375
f 956//956 375//375 374//374
f 955//955 374//374 373//373
f 954//954 373//373 372//372
f 953//953 372//372 370//370
f 949//949 369//369 368//368
f 949//949 368//368 865//865
f 17//17 982//982 18//18
f 16//16 981//981 17//17
f 72//72 1094//1094 992//992
f 991//991 1094//1094 73//73
f 415//415 1038//1038 883//883
f 883//883 625//625 415//415
f 882//882 624//624 392//392
f 533//533 541//541 47//47
f 541//541 46//46 47//47
f 532//532 540//540 40//40
f 540//540 41//41 40//40
f 881//881 516//516 455//455
f 703//703 881//881 455//455
f 880//880 515//515 454//454
f 704//704 880//880 454//454
f 1094//1094 991//991 992//992
f 537//537 545//545 947//947
f 1094//1094 72//72 73//73
f 536//536 544//544 946//946
f 961//961 379//379 380//380
f 961//961 380//380 877//877
f 952//952 370//370 371//371
f 952//952 371//371 868//868
f 960//960 615//615 877//877
f 16//16 1093//1093 981//981
f 980//980 1093//1093 15//15
f 495//495 1031//1031 891//891
f 598//598 1018//1018 867//867
f 1093//1093 980//980 981//981
f 951//951 597//597 868//868
f 75//75 977//977 74//74
f 950//950 600//600 866//866
f 595//595 949//949 865//865
f 665//665 457//457 1046//1046
f 1046//1046 778//778 665//665
f 776//776 1046//1046 457//457
f 1093//1093 16//16 15//15
f 664//664 456//456 1045//1045
f 1045//1045 777//777 664//664
f 775//775 1045//1045 456//456
f 71//71 1092//1092 993//993
f 594//594 948//948 864//864
f 618//618 961//961 877//877
f 967//967 616//616 621//621
f 616//616 774//774 621//621
f 774//774 616//616 512//512
f 965//965 616//616 967//967
f 966//966 593//593 620//620
f 593//593 773//773 620//620
f 992//992 1092//1092 72//72
f 964//964 593//593 966//966
f 542//542 942//942 719//719
f 543//543 943//943 720//720
f 883//883 512//512 907//907
f 715//715 517//517 365//365
f 721//721 917//917 398//398
f 470//470 669//669 835//835
f 12//12 976//976 13//13
f 458//458 668//668 834//834
f 494//494 1030//1030 893//893
f 966//966 1047//1047 366//366
f 1047//1047 966//966 863//863
f 1092//1092 992//992 993//993
f 455//455 705//705 520//520
f 1092//1092 71//71 72//72
f 455//455 710//710 705//705
f 454//454 706//706 519//519
f 454//454 709//709 706//706
f 479//479 856//856 699//699
f 734//734 437//437 433//433
f 433//433 712//712 734//734
f 438//438 1091//1091 35//35
f 716//716 518//518 382//382
f 733//733 436//436 411//411
f 478//478 854//854 697//697
f 411//411 711//711 733//733
f 76//76 975//975 75//75
f 376//376 1014//1014 873//873
f 523//523 663//663 661//661
f 945//945 661//661 663//663
f 476//476 853//853 695//695
f 663//663 1019//1019 945//945
f 634//634 1085//1085 633//633
f 538//538 33//33 32//32
f 467//467 580//580 561//561
f 921//921 1085//1085 922//922
f 474//474 852//852 693//693
f 1045//1045 1091//1091 777//777
f 377//377 1015//1015 874//874
f 722//722 919//919 400//400
f 378//378 1016//1016 875//875
f 1091//1091 1045//1045 35//35
f 472//472 851//851 691//691
f 442//442 538//538 32//32
f 1018//1018 370//370 867//867
f 471//471 850//850 690//690
f 1017//1017 367//367 944//944
f 1019//1019 379//379 945//945
f 1085//1085 921//921 633//633
f 1085//1085 634//634 922//922
f 632//632 1084//1084 631//631
f 919//919 1084//1084 920//920
f 1084//1084 919//919 631//631
f 1084//1084 632//632 920//920
f 467//467 847//847 685//685
f 1019//1019 660//660 876//876
f 660//660 1019//1019 663//663
f 486//486 1083//1083 1064//1064
f 782//782 56//56 527//527
f 55//55 527//527 56//56
f 466//466 845//845 683//683
f 595//595 1083//1083 488//488
f 781//781 31//31 526//526
f 723//723 921//921 402//402
f 32//32 526//526 31//31
f 1083//1083 595//595 1064//1064
f 464//464 844//844 681//681
f 1083//1083 486//486 488//488
f 1082//1082 699//699 763//763
f 463//463 843//843 680//680
f 1017//1017 659//659 865//865
f 1082//1082 764//764 671//671
f 462//462 842//842 679//679
f 764//764 1082//1082 763//763
f 699//699 1082//1082 671//671
f 883//883 774//774 512//512
f 1081//1081 685//685 749//749
f 11//11 974//974 12//12
f 460//460 841//841 677//677
f 1081//1081 750//750 670//670
f 1091//1091 438//438 777//777
f 459//459 840//840 676//676
f 750//750 1081//1081 749//749
f 685//685 1081//1081 670//670
f 489//489 1080//1080 1068//1068
f 439//439 1090//1090 52//52
f 596//596 1080//1080 487//487
f 1080//1080 596//596 1068//1068
f 1080//1080 489//489 487//487
f 971//971 77//77 78//78
f 1046//1046 1090//1090 778//778
f 1090//1090 1046//1046 52//52
f 481//481 589//589 569//569
f 1090//1090 439//439 778//778
f 963//963 415//415 623//623
f 962//962 392//392 622//622
f 970//970 10//10 9//9
f 489//489 1027//1027 886//886
f 64//64 1000//1000 63//63
f 71//71 993//993 70//70
f 483//483 1037//1037 882//882
f 731//731 908//908 409//409
f 507//507 1035//1035 901//901
f 1038//1038 415//415 963//963
f 469//469 588//588 568//568
f 788//788 554//554 572//572
f 732//732 909//909 430//430
f 1051//1051 510//510 1036//1036
f 539//539 54//54 55//55
f 1051//1051 907//907 512//512
f 964//964 966//966 366//366
f 943//943 543//543 716//716
f 499//499 1034//1034 894//894
f 1047//1047 385//385 366//366
f 1050//1050 387//387 381//381
f 907//907 1051//1051 1036//1036
f 510//510 1051//1051 512//512
f 382//382 943//943 716//716
f 470//470 829//829 669//669
f 25//25 1002//1002 26//26
f 62//62 1003//1003 61//61
f 458//458 828//828 668//668
f 481//481 569//569 833//833
f 469//469 568//568 832//832
f 528//528 544//544 449//449
f 441//441 528//528 449//449
f 529//529 545//545 448//448
f 440//440 529//529 448//448
f 882//882 773//773 483//483
f 724//724 923//923 404//404
f 479//479 567//567 856//856
f 467//467 561//561 847//847
f 456//456 664//664 826//826
f 478//478 566//566 854//854
f 46//46 1039//1039 47//47
f 476//476 565//565 853//853
f 443//443 539//539 55//55
f 474//474 564//564 852//852
f 41//41 1040//1040 40//40
f 942//942 542//542 715//715
f 472//472 563//563 851//851
f 471//471 562//562 850//850
f 821//821 569//569 589//589
f 457//457 665//665 827//827
f 466//466 560//560 845//845
f 70//70 994//994 69//69
f 884//884 627//627 700//700
f 464//464 559//559 844//844
f 548//548 391//391 434//434
f 462//462 558//558 842//842
f 820//820 568//568 588//588
f 69//69 995//995 68//68
f 937//937 785//785 651//651
f 460//460 557//557 841//841
f 1040//1040 445//445 1041//1041
f 729//729 936//936 426//426
f 1040//1040 41//41 445//445
f 459//459 556//556 840//840
f 1040//1040 1041//1041 441//441
f 728//728 934//934 424//424
f 1039//1039 46//46 444//444
f 67//67 997//997 66//66
f 1016//1016 378//378 386//386
f 727//727 932//932 422//422
f 498//498 1033//1033 896//896
f 66//66 998//998 65//65
f 58//58 1044//1044 831//831
f 726//726 930//930 420//420
f 1044//1044 58//58 59//59
f 65//65 999//999 64//64
f 29//29 1043//1043 830//830
f 486//486 1026//1026 887//887
f 1043//1043 29//29 28//28
f 789//789 555//555 573//573
f 1110//1110 502//502 504//504
f 1110//1110 611//611 609//609
f 870//870 1112//1112 869//869
f 502//502 1110//1110 609//609
f 1111//1111 697//697 696//696
f 1111//1111 761//761 762//762
f 761//761 1111//1111 696//696
f 697//697 1111//1111 762//762
f 1112//1112 604//604 869//869
f 1112//1112 870//870 606//606
f 99//99 1123//1123 1120//1120
f 103//103 1123//1123 3//3
f 1123//1123 103//103 1120//1120
f 1123//1123 99//99 3//3
f 1122//1122 79//79 1119//1119
f 1122//1122 103//103 3//3
f 1122//1122 1119//1119 1188//1188
f 79//79 1122//1122 3//3
f 1148//1148 1141//1141 1189//1189
f 1143//1143 1188//1188 1145//1145
f 1143//1143 1185//1185 1188//1188
f 1131//1131 1175//1175 1127//1127
f 1154//1154 1146//1146 1152//1152
f 107//107 1121//1121 4//4
f 1135//1135 1228//1228 1165//1165
f 1121//1121 100//100 4//4
f 1140//1140 1182//1182 90//90
f 1116//1116 1154//1154 1158//1158
f 99//99 1120//1120 1150//1150
f 1144//1144 1161//1161 86//86
f 1210//1210 1216//1216 1195//1195
f 80//80 1119//1119 79//79
f 1151//1151 1216//1216 1210//1210
f 1181//1181 1144//1144 87//87
f 1174//1174 1146//1146 1154//1154
f 1167//1167 1199//1199 1127//1127
f 87//87 1144//1144 86//86
f 1121//1121 1216//1216 1156//1156
f 1191//1191 1118//1118 1192//1192
f 1118//1118 1158//1158 1192//1192
f 1156//1156 1216//1216 1151//1151
f 1212//1212 1191//1191 1192//1192
f 1219//1219 1228//1228 106//106
f 1200//1200 1142//1142 1183//1183
f 1185//1185 102//102 1188//1188
f 1142//1142 1200//1200 1184//1184
f 1137//1137 1212//1212 1214//1214
f 1184//1184 1150//1150 1142//1142
f 102//102 1185//1185 101//101
f 1145//1145 1119//1119 80//80
f 1140//1140 1146//1146 1174//1174
f 1168//1168 1143//1143 1145//1145
f 1197//1197 1159//1159 1148//1148
f 1163//1163 1145//1145 80//80
f 1170//1170 1181//1181 88//88
f 89//89 1170//1170 88//88
f 1195//1195 1218//1218 1213//1213
f 1174//1174 1154//1154 1116//1116
f 1173//1173 1179//1179 1206//1206
f 1158//1158 1118//1118 1116//1116
f 82//82 1171//1171 81//81
f 1202//1202 1171//1171 82//82
f 1171//1171 1202//1202 1124//1124
f 1191//1191 1137//1137 1159//1159
f 1195//1195 1133//1133 1132//1132
f 1172//1172 1151//1151 1210//1210
f 1159//1159 1197//1197 1191//1191
f 1197//1197 1118//1118 1191//1191
f 1218//1218 107//107 1213//1213
f 1209//1209 1222//1222 1225//1225
f 1129//1129 1217//1217 1210//1210
f 1145//1145 1188//1188 1119//1119
f 1170//1170 1182//1182 1115//1115
f 1182//1182 1170//1170 89//89
f 1126//1126 1166//1166 1130//1130
f 1150//1150 1184//1184 98//98
f 1122//1122 1188//1188 103//103
f 1171//1171 1124//1124 1128//1128
f 1128//1128 1124//1124 1198//1198
f 100//100 1121//1121 1156//1156
f 99//99 1150//1150 98//98
f 1171//1171 1163//1163 81//81
f 1183//1183 1142//1142 1172//1172
f 1163//1163 1171//1171 1168//1168
f 1153//1153 1185//1185 1143//1143
f 1143//1143 1168//1168 1153//1153
f 1145//1145 1163//1163 1168//1168
f 102//102 1193//1193 1190//1190
f 1177//1177 1131//1131 1133//1133
f 1210//1210 1132//1132 1129//1129
f 1172//1172 1217//1217 1183//1183
f 1118//1118 1148//1148 1189//1189
f 1171//1171 1128//1128 1168//1168
f 1116//1116 1118//1118 1189//1189
f 1187//1187 1178//1178 1224//1224
f 1127//1127 1199//1199 1138//1138
f 1222//1222 104//104 1225//1225
f 1124//1124 1126//1126 1198//1198
f 1144//1144 1173//1173 1161//1161
f 1217//1217 1172//1172 1210//1210
f 1165//1165 1187//1187 1135//1135
f 1227//1227 1158//1158 1154//1154
f 1157//1157 1194//1194 1162//1162
f 1194//1194 1157//1157 1153//1153
f 1155//1155 1167//1167 1169//1169
f 1227//1227 1187//1187 1165//1165
f 1149//1149 1173//1173 1144//1144
f 1162//1162 1194//1194 1209//1209
f 1224//1224 1178//1178 1177//1177
f 1133//1133 1131//1131 1132//1132
f 1199//1199 1167//1167 1117//1117
f 1125//1125 1183//1183 1129//1129
f 97//97 1184//1184 1200//1200
f 1208//1208 1136//1136 1134//1134
f 1151//1151 1186//1186 1156//1156
f 1217//1217 1129//1129 1183//1183
f 1187//1187 1227//1227 1154//1154
f 1205//1205 1146//1146 1139//1139
f 88//88 1181//1181 87//87
f 100//100 1162//1162 1225//1225
f 1136//1136 1194//1194 1180//1180
f 1149//1149 1141//1141 1148//1148
f 1186//1186 1147//1147 1193//1193
f 101//101 1186//1186 1193//1193
f 1115//1115 1140//1140 1174//1174
f 1150//1150 1190//1190 1147//1147
f 1150//1150 1147//1147 1142//1142
f 1127//1127 1125//1125 1129//1129
f 1144//1144 1181//1181 1149//1149
f 101//101 1157//1157 1162//1162
f 1132//1132 1131//1131 1129//1129
f 1177//1177 1178//1178 1175//1175
f 1131//1131 1177//1177 1175//1175
f 1181//1181 1141//1141 1149//1149
f 1189//1189 1141//1141 1170//1170
f 1115//1115 1189//1189 1170//1170
f 1148//1148 1179//1179 1149//1149
f 97//97 1200//1200 1160//1160
f 1211//1211 1130//1130 1134//1134
f 1158//1158 1227//1227 1165//1165
f 1206//1206 1215//1215 1226//1226
f 1190//1190 1150//1150 1120//1120
f 103//103 1190//1190 1120//1120
f 1190//1190 103//103 102//102
f 1205//1205 1155//1155 1169//1169
f 1115//1115 1174//1174 1116//1116
f 1226//1226 1215//1215 1130//1130
f 1118//1118 1197//1197 1148//1148
f 1215//1215 1208//1208 1130//1130
f 1115//1115 1116//1116 1189//1189
f 1159//1159 1206//1206 1179//1179
f 1148//1148 1159//1159 1179//1179
f 1132//1132 1210//1210 1195//1195
f 1185//1185 1153//1153 1157//1157
f 101//101 1185//1185 1157//1157
f 1209//1209 1136//1136 1222//1222
f 1181//1181 1170//1170 1141//1141
f 1169//1169 1152//1152 1205//1205
f 1160//1160 1196//1196 96//96
f 1160//1160 96//96 97//97
f 1205//1205 1152//1152 1146//1146
f 1211//1211 1198//1198 1126//1126
f 1198//1198 1211//1211 1134//1134
f 81//81 1163//1163 80//80
f 1130//1130 1211//1211 1126//1126
f 1129//1129 1131//1131 1127//1127
f 1182//1182 89//89 90//90
f 1124//1124 1201//1201 1126//1126
f 1146//1146 1140//1140 1139//1139
f 1196//1196 95//95 96//96
f 1204//1204 1153//1153 1168//1168
f 1204//1204 1128//1128 1180//1180
f 1209//1209 1194//1194 1136//1136
f 1176//1176 1161//1161 1166//1166
f 1164//1164 91//91 92//92
f 1128//1128 1204//1204 1168//1168
f 1201//1201 1166//1166 1126//1126
f 1184//1184 97//97 98//98
f 1166//1166 1201//1201 1176//1176
f 1226//1226 1173//1173 1206//1206
f 94//94 1138//1138 1199//1199
f 1155//1155 1164//1164 92//92
f 1127//1127 1138//1138 1125//1125
f 1155//1155 92//92 93//93
f 1226//1226 1130//1130 1166//1166
f 1201//1201 1202//1202 83//83
f 1165//1165 1192//1192 1158//1158
f 1176//1176 1201//1201 84//84
f 84//84 1201//1201 83//83
f 1134//1134 1207//1207 1198//1198
f 1173//1173 1149//1149 1179//1179
f 1208//1208 1215//1215 1214//1214
f 1193//1193 1147//1147 1190//1190
f 1160//1160 1200//1200 1183//1183
f 1130//1130 1208//1208 1134//1134
f 94//94 1199//1199 1117//1117
f 1164//1164 1139//1139 91//91
f 1137//1137 1215//1215 1206//1206
f 1152//1152 1178//1178 1187//1187
f 1183//1183 1125//1125 1160//1160
f 1175//1175 1169//1169 1167//1167
f 100//100 1225//1225 4//4
f 1222//1222 1136//1136 1208//1208
f 85//85 1176//1176 84//84
f 1175//1175 1178//1178 1169//1169
f 1127//1127 1175//1175 1167//1167
f 1161//1161 1176//1176 85//85
f 1147//1147 1172//1172 1142//1142
f 1152//1152 1187//1187 1154//1154
f 101//101 1162//1162 100//100
f 1180//1180 1207//1207 1136//1136
f 1204//1204 1180//1180 1194//1194
f 1153//1153 1204//1204 1194//1194
f 1214//1214 1215//1215 1137//1137
f 86//86 1161//1161 85//85
f 1138//1138 94//94 95//95
f 1156//1156 101//101 100//100
f 1172//1172 1147//1147 1151//1151
f 1196//1196 1138//1138 95//95
f 1155//1155 93//93 1167//1167
f 90//90 1203//1203 1140//1140
f 1117//1117 93//93 94//94
f 1139//1139 1203//1203 91//91
f 1203//1203 1139//1139 1140//1140
f 1198//1198 1180//1180 1128//1128
f 1203//1203 90//90 91//91
f 1188//1188 102//102 103//103
f 1186//1186 1151//1151 1147//1147
f 1167//1167 93//93 1117//1117
f 1225//1225 1162//1162 1209//1209
f 1193//1193 102//102 101//101
f 1207//1207 1180//1180 1198//1198
f 1202//1202 1201//1201 1124//1124
f 1207//1207 1134//1134 1136//1136
f 1169//1169 1178//1178 1152//1152
f 1186//1186 101//101 1156//1156
f 83//83 1202//1202 82//82
f 1182//1182 1140//1140 1115//1115
f 1206//1206 1159//1159 1137//1137
f 1164//1164 1155//1155 1205//1205
f 1164//1164 1205//1205 1139//1139
f 1228//1228 1135//1135 1223//1223
f 1196//1196 1160//1160 1125//1125
f 1212//1212 1137//1137 1191//1191
f 1225//1225 104//104 4//4
f 1213//1213 1135//1135 1133//1133
f 1224//1224 1133//1133 1135//1135
f 1195//1195 1213//1213 1133//1133
f 1161//1161 1173//1173 1226//1226
f 1187//1187 1224//1224 1135//1135
f 1196//1196 1125//1125 1138//1138
f 107//107 1218//1218 1121//1121
f 1216//1216 1218//1218 1195//1195
f 1218//1218 1216//1216 1121//1121
f 1133//1133 1224//1224 1177//1177
f 1219//1219 106//106 105//105
f 1219//1219 1192//1192 1165//1165
f 107//107 1223//1223 1213//1213
f 106//106 1228//1228 1223//1223
f 1220//1220 105//105 1212//1212
f 1220//1220 1192//1192 1219//1219
f 1192//1192 1220//1220 1212//1212
f 105//105 1220//1220 1219//1219
f 104//104 1221//1221 105//105
f 1214//1214 1221//1221 1208//1208
f 1229//1229 105//105 1221//1221
f 1223//1223 1135//1135 1213//1213
f 1223//1223 107//107 106//106
f 1222//1222 1208//1208 1221//1221
f 1161//1161 1226//1226 1166//1166
f 104//104 1222//1222 1221//1221
f 1229//1229 1214//1214 1212//1212
f 1228//1228 1219//1219 1165//1165
f 1214//1214 1229//1229 1221//1221
f 105//105 1229//1229 1212//1212
f 1259//1259 115//115 1255//1255
f 1259//1259 114//114 5//5
f 114//114 1259//1259 1255//1255
f 115//115 1259//1259 5//5
f 1258//1258 114//114 1254//1254
f 1258//1258 135//135 5//5
f 135//135 1258//1258 1254//1254
f 114//114 1258//1258 5//5
f 1257//1257 99//99 1253//1253
f 1257//1257 108//108 3//3
f 108//108 1257//1257 1253//1253
f 99//99 1257//1257 3//3
f 79//79 1256//1256 1252//1252
f 108//108 1256//1256 3//3
f 1256//1256 108//108 1252//1252
f 1256//1256 79//79 3//3
f 1393//1393 1247//1247 1362//1362
f 1255//1255 113//113 114//114
f 1393//1393 1285//1285 1408//1408
f 1393//1393 1246//1246 1247//1247
f 1246//1246 1393//1393 1408//1408
f 113//113 1254//1254 114//114
f 1360//1360 1247//1247 1246//1246
f 1253//1253 109//109 108//108
f 1392//1392 1230//1230 1361//1361
f 1284//1284 1408//1408 1285//1285
f 109//109 1252//1252 108//108
f 1392//1392 1231//1231 1230//1230
f 1316//1316 1313//1313 112//112
f 1359//1359 1230//1230 1231//1231
f 1390//1390 1314//1314 1361//1361
f 1314//1314 1356//1356 1309//1309
f 1232//1232 1394//1394 1395//1395
f 1309//1309 1361//1361 1314//1314
f 1391//1391 1312//1312 1362//1362
f 1312//1312 1355//1355 1286//1286
f 1286//1286 1362//1362 1312//1312
f 1315//1315 1311//1311 110//110
f 1284//1284 1336//1336 1283//1283
f 1394//1394 1306//1306 1395//1395
f 1407//1407 1283//1283 1386//1386
f 1395//1395 1306//1306 1307//1307
f 111//111 1315//1315 110//110
f 1315//1315 111//111 1248//1248
f 1316//1316 111//111 1251//1251
f 111//111 1316//1316 112//112
f 1283//1283 1335//1335 1282//1282
f 1282//1282 1386//1386 1283//1283
f 1408//1408 1245//1245 1246//1246
f 1389//1389 1246//1246 1245//1245
f 1402//1402 1275//1275 1375//1375
f 1318//1318 1287//1287 1288//1288
f 1407//1407 1244//1244 1245//1245
f 1388//1388 1245//1245 1244//1244
f 1275//1275 1402//1402 1377//1377
f 1406//1406 1244//1244 1386//1386
f 1406//1406 1243//1243 1244//1244
f 1387//1387 1244//1244 1243//1243
f 1275//1275 1329//1329 1274//1274
f 1274//1274 1375//1375 1275//1275
f 1398//1398 1268//1268 1366//1366
f 1268//1268 1398//1398 1368//1368
f 1268//1268 1324//1324 1267//1267
f 1403//1403 1242//1242 1381//1381
f 1403//1403 1241//1241 1242//1242
f 1382//1382 1242//1242 1241//1241
f 1267//1267 1366//1366 1268//1268
f 1287//1287 1358//1358 1360//1360
f 1360//1360 1288//1288 1287//1287
f 1380//1380 1241//1241 1240//1240
f 1368//1368 1236//1236 1237//1237
f 1402//1402 1240//1240 1377//1377
f 1402//1402 1239//1239 1240//1240
f 1378//1378 1240//1240 1239//1239
f 1269//1269 1368//1368 1370//1370
f 1401//1401 1239//1239 1375//1375
f 1401//1401 1238//1238 1239//1239
f 1376//1376 1239//1239 1238//1238
f 1276//1276 1330//1330 1275//1275
f 1275//1275 1377//1377 1276//1276
f 1368//1368 1237//1237 1370//1370
f 1261//1261 1357//1357 1359//1359
f 1269//1269 1325//1325 1268//1268
f 1260//1260 1357//1357 1261//1261
f 1261//1261 1317//1317 1260//1260
f 1371//1371 1237//1237 1236//1236
f 1268//1268 1368//1368 1269//1269
f 1398//1398 1236//1236 1368//1368
f 1398//1398 1235//1235 1236//1236
f 1369//1369 1236//1236 1235//1235
f 1403//1403 1277//1277 1379//1379
f 1397//1397 1235//1235 1366//1366
f 1397//1397 1233//1233 1235//1235
f 1367//1367 1235//1235 1233//1233
f 1277//1277 1403//1403 1381//1381
f 1277//1277 1331//1331 1276//1276
f 1396//1396 1234//1234 1233//1233
f 1365//1365 1233//1233 1234//1234
f 1276//1276 1379//1379 1277//1277
f 1270//1270 1370//1370 1372//1372
f 1394//1394 1232//1232 1231//1231
f 1363//1363 1231//1231 1232//1232
f 113//113 1255//1255 1314//1314
f 1314//1314 112//112 113//113
f 109//109 1253//1253 1312//1312
f 1312//1312 110//110 109//109
f 1254//1254 113//113 1313//1313
f 112//112 1313//1313 113//113
f 1252//1252 109//109 1311//1311
f 110//110 1311//1311 109//109
f 1408//1408 1284//1284 1407//1407
f 1245//1245 1408//1408 1407//1407
f 1283//1283 1407//1407 1284//1284
f 1298//1298 1378//1378 1376//1376
f 1354//1354 1310//1310 1309//1309
f 1361//1361 1309//1309 1310//1310
f 1337//1337 1285//1285 1286//1286
f 1362//1362 1286//1286 1285//1285
f 1298//1298 1345//1345 1297//1297
f 1297//1297 1378//1378 1298//1298
f 1304//1304 1369//1369 1367//1367
f 1304//1304 1350//1350 1303//1303
f 1303//1303 1369//1369 1304//1304
f 1270//1270 1326//1326 1269//1269
f 1352//1352 1307//1307 1306//1306
f 1291//1291 1388//1388 1387//1387
f 1291//1291 1339//1339 1290//1290
f 1290//1290 1388//1388 1291//1291
f 1290//1290 1389//1389 1388//1388
f 1290//1290 1338//1338 1289//1289
f 1289//1289 1389//1389 1290//1290
f 1289//1289 1360//1360 1389//1389
f 1289//1289 1320//1320 1288//1288
f 1288//1288 1360//1360 1289//1289
f 1347//1347 1301//1301 1300//1300
f 1373//1373 1300//1300 1301//1301
f 1297//1297 1380//1380 1378//1378
f 1297//1297 1344//1344 1296//1296
f 1296//1296 1380//1380 1297//1297
f 1319//1319 1262//1262 1321//1321
f 1263//1263 1321//1321 1262//1262
f 1262//1262 1363//1363 1263//1263
f 1303//1303 1371//1371 1369//1369
f 1303//1303 1349//1349 1302//1302
f 1302//1302 1371//1371 1303//1303
f 1296//1296 1382//1382 1380//1380
f 1341//1341 1294//1294 1293//1293
f 1384//1384 1293//1293 1294//1294
f 1296//1296 1343//1343 1295//1295
f 1295//1295 1382//1382 1296//1296
f 1346//1346 1299//1299 1347//1347
f 1301//1301 1347//1347 1299//1299
f 1299//1299 1374//1374 1301//1301
f 1351//1351 1305//1305 1352//1352
f 1269//1269 1370//1370 1270//1270
f 1278//1278 1381//1381 1383//1383
f 1278//1278 1332//1332 1277//1277
f 1277//1277 1381//1381 1278//1278
f 1334//1334 1281//1281 1282//1282
f 1386//1386 1282//1282 1281//1281
f 1333//1333 1280//1280 1279//1279
f 1392//1392 1310//1310 1394//1394
f 1231//1231 1392//1392 1394//1394
f 1307//1307 1352//1352 1305//1305
f 1308//1308 1394//1394 1310//1310
f 1406//1406 1281//1281 1405//1405
f 1243//1243 1406//1406 1405//1405
f 1405//1405 1279//1279 1280//1280
f 1279//1279 1405//1405 1281//1281
f 1401//1401 1273//1273 1400//1400
f 1328//1328 1273//1273 1274//1274
f 1375//1375 1274//1274 1273//1273
f 1327//1327 1272//1272 1271//1271
f 1238//1238 1401//1401 1400//1400
f 1400//1400 1271//1271 1272//1272
f 1271//1271 1400//1400 1273//1273
f 1397//1397 1266//1266 1396//1396
f 1233//1233 1397//1397 1396//1396
f 1305//1305 1365//1365 1307//1307
f 1265//1265 1396//1396 1266//1266
f 1323//1323 1266//1266 1267//1267
f 1366//1366 1267//1267 1266//1266
f 1340//1340 1292//1292 1341//1341
f 1405//1405 1250//1250 1243//1243
f 1321//1321 1263//1263 1264//1264
f 1364//1364 1264//1264 1263//1263
f 1385//1385 1243//1243 1250//1250
f 1250//1250 1404//1404 1385//1385
f 1250//1250 1405//1405 1383//1383
f 1400//1400 1249//1249 1238//1238
f 1358//1358 1313//1313 1316//1316
f 1251//1251 1358//1358 1316//1316
f 1357//1357 1311//1311 1315//1315
f 1248//1248 1357//1357 1315//1315
f 1356//1356 1314//1314 1255//1255
f 115//115 1356//1356 1255//1255
f 1355//1355 1312//1312 1253//1253
f 99//99 1355//1355 1253//1253
f 1374//1374 1238//1238 1249//1249
f 1294//1294 1341//1341 1292//1292
f 1249//1249 1399//1399 1374//1374
f 1249//1249 1400//1400 1372//1372
f 1292//1292 1385//1385 1294//1294
f 1370//1370 1237//1237 1249//1249
f 1247//1247 1391//1391 1362//1362
f 1391//1391 1247//1247 1251//1251
f 1230//1230 1390//1390 1361//1361
f 1390//1390 1230//1230 1248//1248
f 1318//1318 1288//1288 1320//1320
f 1377//1377 1240//1240 1241//1241
f 1276//1276 1377//1377 1379//1379
f 1317//1317 1261//1261 1319//1319
f 1377//1377 1241//1241 1379//1379
f 1302//1302 1373//1373 1371//1371
f 1370//1370 1249//1249 1372//1372
f 1381//1381 1242//1242 1250//1250
f 1381//1381 1250//1250 1383//1383
f 1391//1391 111//111 110//110
f 1354//1354 1309//1309 1356//1356
f 1310//1310 1354//1354 1308//1308
f 116//116 1354//1354 1356//1356
f 1337//1337 1286//1286 1355//1355
f 1285//1285 1337//1337 1284//1284
f 98//98 1337//1337 1355//1355
f 1320//1320 1289//1289 1338//1338
f 1302//1302 1348//1348 1300//1300
f 1300//1300 1373//1373 1302//1302
f 1295//1295 1384//1384 1382//1382
f 1262//1262 1319//1319 1261//1261
f 1295//1295 1342//1342 1293//1293
f 1353//1353 1308//1308 1354//1354
f 1293//1293 1384//1384 1295//1295
f 1232//1232 1364//1364 1363//1363
f 1352//1352 1306//1306 1353//1353
f 1364//1364 1263//1263 1363//1363
f 1353//1353 1306//1306 1308//1308
f 1394//1394 1308//1308 1306//1306
f 1305//1305 1351//1351 1304//1304
f 1322//1322 1264//1264 1265//1265
f 1350//1350 1304//1304 1351//1351
f 1396//1396 1265//1265 1264//1264
f 1396//1396 1264//1264 1364//1364
f 1349//1349 1303//1303 1350//1350
f 1434//1434 125//125 1345//1345
f 1434//1434 1346//1346 124//124
f 1348//1348 1302//1302 1349//1349
f 1346//1346 1434//1434 1345//1345
f 125//125 1434//1434 124//124
f 1347//1347 1300//1300 1348//1348
f 1433//1433 120//120 1350//1350
f 1433//1433 1351//1351 119//119
f 1351//1351 1433//1433 1350//1350
f 1299//1299 1346//1346 1298//1298
f 120//120 1433//1433 119//119
f 1345//1345 1298//1298 1346//1346
f 1432//1432 131//131 1339//1339
f 1432//1432 1340//1340 130//130
f 1344//1344 1297//1297 1345//1345
f 1340//1340 1432//1432 1339//1339
f 131//131 1432//1432 130//130
f 1343//1343 1296//1296 1344//1344
f 1431//1431 127//127 1343//1343
f 1431//1431 1344//1344 126//126
f 1342//1342 1295//1295 1343//1343
f 1344//1344 1431//1431 1343//1343
f 127//127 1431//1431 126//126
f 1341//1341 1293//1293 1342//1342
f 1430//1430 122//122 1348//1348
f 1430//1430 1349//1349 121//121
f 1349//1349 1430//1430 1348//1348
f 1292//1292 1340//1340 1291//1291
f 122//122 1430//1430 121//121
f 1339//1339 1291//1291 1340//1340
f 1429//1429 128//128 1342//1342
f 1429//1429 1343//1343 127//127
f 1338//1338 1290//1290 1339//1339
f 1343//1343 1429//1429 1342//1342
f 128//128 1429//1429 127//127
f 1336//1336 1284//1284 1337//1337
f 1312//1312 1391//1391 110//110
f 97//97 1336//1336 1337//1337
f 1335//1335 1283//1283 1336//1336
f 111//111 1391//1391 1251//1251
f 96//96 1335//1335 1336//1336
f 1334//1334 1282//1282 1335//1335
f 1281//1281 1334//1334 1279//1279
f 95//95 1334//1334 1335//1335
f 1333//1333 1279//1279 1334//1334
f 1280//1280 1333//1333 1278//1278
f 1428//1428 126//126 1344//1344
f 1332//1332 1278//1278 1333//1333
f 1390//1390 111//111 112//112
f 93//93 1332//1332 1333//1333
f 1331//1331 1277//1277 1332//1332
f 1314//1314 1390//1390 112//112
f 92//92 1331//1331 1332//1332
f 1330//1330 1276//1276 1331//1331
f 111//111 1390//1390 1248//1248
f 91//91 1330//1330 1331//1331
f 1329//1329 1275//1275 1330//1330
f 1428//1428 1345//1345 125//125
f 90//90 1329//1329 1330//1330
f 1328//1328 1274//1274 1329//1329
f 1273//1273 1328//1328 1271//1271
f 89//89 1328//1328 1329//1329
f 1327//1327 1271//1271 1328//1328
f 1272//1272 1327//1327 1270//1270
f 1345//1345 1428//1428 1344//1344
f 1326//1326 1270//1270 1327//1327
f 126//126 1428//1428 125//125
f 87//87 1326//1326 1327//1327
f 1325//1325 1269//1269 1326//1326
f 1395//1395 1234//1234 1232//1232
f 86//86 1325//1325 1326//1326
f 1324//1324 1268//1268 1325//1325
f 1364//1364 1232//1232 1234//1234
f 85//85 1324//1324 1325//1325
f 1323//1323 1267//1267 1324//1324
f 1266//1266 1323//1323 1265//1265
f 84//84 1323//1323 1324//1324
f 1322//1322 1265//1265 1323//1323
f 1427//1427 121//121 1349//1349
f 1427//1427 1350//1350 120//120
f 1321//1321 1264//1264 1322//1322
f 1350//1350 1427//1427 1349//1349
f 121//121 1427//1427 120//120
f 1357//1357 1230//1230 1359//1359
f 1426//1426 132//132 1338//1338
f 1358//1358 1247//1247 1360//1360
f 1426//1426 1339//1339 131//131
f 1318//1318 1410//1410 1254//1254
f 1339//1339 1426//1426 1338//1338
f 1254//1254 1287//1287 1318//1318
f 1254//1254 1313//1313 1287//1287
f 1261//1261 1359//1359 1262//1262
f 1410//1410 135//135 1254//1254
f 1317//1317 1409//1409 1252//1252
f 1252//1252 1260//1260 1317//1317
f 1252//1252 1311//1311 1260//1260
f 1409//1409 79//79 1252//1252
f 1360//1360 1246//1246 1389//1389
f 132//132 1426//1426 131//131
f 1389//1389 1245//1245 1388//1388
f 1425//1425 133//133 1320//1320
f 1425//1425 1338//1338 132//132
f 1380//1380 1240//1240 1378//1378
f 1338//1338 1425//1425 1320//1320
f 1244//1244 1407//1407 1386//1386
f 1404//1404 1294//1294 1385//1385
f 1388//1388 1244//1244 1387//1387
f 133//133 1425//1425 132//132
f 1405//1405 1280//1280 1383//1383
f 1378//1378 1239//1239 1376//1376
f 1424//1424 117//117 1353//1353
f 1369//1369 1235//1235 1367//1367
f 1424//1424 1354//1354 116//116
f 1359//1359 1231//1231 1363//1363
f 1262//1262 1359//1359 1363//1363
f 1382//1382 1241//1241 1380//1380
f 1354//1354 1424//1424 1353//1353
f 1371//1371 1236//1236 1369//1369
f 117//117 1424//1424 116//116
f 1387//1387 1243//1243 1385//1385
f 1292//1292 1387//1387 1385//1385
f 1376//1376 1238//1238 1374//1374
f 1241//1241 1403//1403 1379//1379
f 1299//1299 1376//1376 1374//1374
f 1367//1367 1233//1233 1365//1365
f 1305//1305 1367//1367 1365//1365
f 1423//1423 123//123 1347//1347
f 1384//1384 1242//1242 1382//1382
f 1423//1423 1348//1348 122//122
f 1373//1373 1237//1237 1371//1371
f 1239//1239 1402//1402 1375//1375
f 1399//1399 1301//1301 1374//1374
f 1348//1348 1423//1423 1347//1347
f 1410//1410 1318//1318 134//134
f 1400//1400 1272//1272 1372//1372
f 135//135 1410//1410 134//134
f 1409//1409 1317//1317 80//80
f 79//79 1409//1409 80//80
f 123//123 1423//1423 122//122
f 1422//1422 129//129 1341//1341
f 1422//1422 1342//1342 128//128
f 1342//1342 1422//1422 1341//1341
f 129//129 1422//1422 128//128
f 1324//1324 85//85 84//84
f 1325//1325 86//86 85//85
f 1326//1326 87//87 86//86
f 1327//1327 88//88 87//87
f 1421//1421 80//80 1317//1317
f 1421//1421 1319//1319 81//81
f 1329//1329 90//90 89//89
f 1330//1330 91//91 90//90
f 1331//1331 92//92 91//91
f 1235//1235 1398//1398 1366//1366
f 1395//1395 1307//1307 1365//1365
f 1234//1234 1395//1395 1365//1365
f 1332//1332 93//93 92//92
f 1319//1319 1421//1421 1317//1317
f 1234//1234 1396//1396 1364//1364
f 1333//1333 94//94 93//93
f 80//80 1421//1421 81//81
f 1335//1335 96//96 95//95
f 1336//1336 97//97 96//96
f 1420//1420 118//118 1352//1352
f 1420//1420 1353//1353 117//117
f 1353//1353 1420//1420 1352//1352
f 118//118 1420//1420 117//117
f 1337//1337 98//98 97//97
f 1419//1419 82//82 1321//1321
f 1419//1419 1322//1322 83//83
f 1322//1322 1419//1419 1321//1321
f 82//82 1419//1419 83//83
f 1291//1291 1387//1387 1292//1292
f 1418//1418 88//88 1327//1327
f 1418//1418 1328//1328 89//89
f 1328//1328 1418//1418 1327//1327
f 88//88 1418//1418 89//89
f 1278//1278 1383//1383 1280//1280
f 1417//1417 94//94 1333//1333
f 1417//1417 1334//1334 95//95
f 1334//1334 1417//1417 1333//1333
f 94//94 1417//1417 95//95
f 1416//1416 134//134 1318//1318
f 1416//1416 1320//1320 133//133
f 1298//1298 1376//1376 1299//1299
f 1320//1320 1416//1416 1318//1318
f 134//134 1416//1416 133//133
f 1415//1415 83//83 1322//1322
f 1415//1415 1323//1323 84//84
f 1270//1270 1372//1372 1272//1272
f 1323//1323 1415//1415 1322//1322
f 83//83 1415//1415 84//84
f 1414//1414 119//119 1351//1351
f 1414//1414 1352//1352 118//118
f 1304//1304 1367//1367 1305//1305
f 1352//1352 1414//1414 1351//1351
f 119//119 1414//1414 118//118
f 1413//1413 124//124 1346//1346
f 1413//1413 1347//1347 123//123
f 1347//1347 1413//1413 1346//1346
f 124//124 1413//1413 123//123
f 1412//1412 130//130 1340//1340
f 1412//1412 1341//1341 129//129
f 1341//1341 1412//1412 1340//1340
f 1285//1285 1393//1393 1362//1362
f 1310//1310 1392//1392 1361//1361
f 130//130 1412//1412 129//129
f 1355//1355 99//99 98//98
f 1356//1356 115//115 116//116
f 1357//1357 1248//1248 1230//1230
f 1357//1357 1260//1260 1311//1311
f 1358//1358 1251//1251 1247//1247
f 1281//1281 1406//1406 1386//1386
f 1358//1358 1287//1287 1313//1313
f 1373//1373 1249//1249 1237//1237
f 1294//1294 1404//1404 1384//1384
f 1404//1404 1250//1250 1384//1384
f 1384//1384 1250//1250 1242//1242
f 1411//1411 81//81 1319//1319
f 1411//1411 1321//1321 82//82
f 1266//1266 1397//1397 1366//1366
f 1399//1399 1249//1249 1373//1373
f 1301//1301 1399//1399 1373//1373
f 1273//1273 1401//1401 1375//1375
f 81//81 1411//1411 82//82
f 1321//1321 1411//1411 1319//1319
f 3497//3497 2580//2580 2510//2510
f 1491//1491 136//136 1//1
f 2510//2510 3381//3381 3497//3497
f 9//9 1491//1491 1//1
f 2998//2998 2553//2553 1947//1947
f 1490//1490 29//29 1//1
f 2335//2335 2055//2055 2216//2216
f 136//136 1490//1490 1//1
f 3497//3497 3381//3381 1961//1961
f 1489//1489 221//221 5//5
f 3271//3271 3348//3348 2446//2446
f 135//135 1489//1489 5//5
f 1863//1863 3288//3288 2543//2543
f 221//221 1488//1488 5//5
f 2336//2336 2054//2054 2217//2217
f 1488//1488 115//115 5//5
f 1973//1973 2584//2584 3441//3441
f 2446//2446 3348//3348 3029//3029
f 3348//3348 1640//1640 3029//3029
f 2416//2416 1889//1889 3235//3235
f 3080//3080 2381//2381 2482//2482
f 2998//2998 3547//3547 2553//2553
f 3080//3080 3060//3060 1871//1871
f 3563//3563 3206//3206 1520//1520
f 3206//3206 2361//2361 1520//1520
f 3187//3187 1954//1954 3315//3315
f 2482//2482 3060//3060 3080//3080
f 3187//3187 1991//1991 1954//1954
f 1954//1954 3188//3188 3315//3315
f 1907//1907 3257//3257 2511//2511
f 2569//2569 3482//3482 182//182
f 1907//1907 2543//2543 3257//3257
f 1588//1588 139//139 138//138
f 1594//1594 1588//1588 138//138
f 1863//1863 2543//2543 1907//1907
f 2811//2811 2596//2596 1450//1450
f 2569//2569 182//182 181//181
f 2800//2800 1450//1450 2596//2596
f 1587//1587 1593//1593 138//138
f 2131//2131 3437//3437 2628//2628
f 1586//1586 218//218 219//219
f 2810//2810 2595//2595 1448//1448
f 2799//2799 1448//1448 2595//2595
f 3460//3460 2813//2813 1860//1860
f 2962//2962 1860//1860 2813//2813
f 1592//1592 1586//1586 219//219
f 2065//2065 2131//2131 2628//2628
f 2302//2302 2091//2091 2147//2147
f 2568//2568 3481//3481 175//175
f 2804//2804 2131//2131 2065//2065
f 2301//2301 2090//2090 2146//2146
f 1585//1585 1591//1591 219//219
f 2344//2344 1844//1844 2141//2141
f 2383//2383 3177//3177 3084//3084
f 1564//1564 2344//2344 2141//2141
f 3253//3253 1855//1855 3146//3146
f 3177//3177 2383//2383 1518//1518
f 2342//2342 1842//1842 2139//2139
f 1563//1563 2342//2342 2139//2139
f 2842//2842 1726//1726 2635//2635
f 2842//2842 2173//2173 1726//1726
f 2842//2842 2635//2635 1700//1700
f 2843//2843 1727//1727 2636//2636
f 2843//2843 2172//2172 1727//1727
f 2245//2245 2209//2209 1797//1797
f 2843//2843 2636//2636 1701//1701
f 2208//2208 2244//2244 1796//1796
f 2773//2773 2035//2035 2288//2288
f 2243//2243 2207//2207 1795//1795
f 2773//2773 2288//2288 1827//1827
f 2206//2206 2242//2242 1794//1794
f 1753//1753 2288//2288 2035//2035
f 2772//2772 2034//2034 2287//2287
f 2772//2772 2287//2287 1826//1826
f 1752//1752 2287//2287 2034//2034
f 1518//1518 2383//2383 1513//1513
f 2974//2974 3252//3252 2677//2677
f 3470//3470 2812//2812 3041//3041
f 1856//1856 3252//3252 2974//2974
f 2974//2974 2023//2023 1856//1856
f 3016//3016 2174//2174 2741//2741
f 3409//3409 2604//2604 3031//3031
f 3383//3383 2604//2604 3409//3409
f 3017//3017 2175//2175 2742//2742
f 3384//3384 1940//1940 3343//3343
f 2129//2129 3436//3436 2627//2627
f 2332//2332 2827//2827 2988//2988
f 2597//2597 3384//3384 3343//3343
f 2538//2538 1940//1940 3384//3384
f 2063//2063 2129//2129 2627//2627
f 3287//3287 3280//3280 2474//2474
f 2803//2803 2129//2129 2063//2063
f 2568//2568 175//175 176//176
f 3287//3287 2542//2542 3280//3280
f 2691//2691 1528//1528 2273//2273
f 2330//2330 2826//2826 2986//2986
f 2798//2798 1699//1699 2865//2865
f 2647//2647 1682//1682 2912//2912
f 2692//2692 1529//1529 2274//2274
f 2865//2865 3523//3523 2798//2798
f 2698//2698 1677//1677 3175//3175
f 2432//2432 3175//3175 1677//1677
f 1751//1751 3482//3482 2302//2302
f 1677//1677 2271//2271 2432//2432
f 1465//1465 1469//1469 2863//2863
f 1827//1827 2285//2285 2300//2300
f 2285//2285 1789//1789 2300//2300
f 3482//3482 2091//2091 2302//2302
f 1826//1826 2284//2284 2299//2299
f 2284//2284 1788//1788 2299//2299
f 1986//1986 2430//2430 1990//1990
f 2091//2091 3482//3482 2569//2569
f 1497//1497 2819//2819 3266//3266
f 2457//2457 3266//3266 2819//2819
f 1961//1961 1497//1497 3266//3266
f 1750//1750 3481//3481 2301//2301
f 2077//2077 2904//2904 2119//2119
f 2077//2077 2825//2825 2904//2904
f 2076//2076 2903//2903 2118//2118
f 2076//2076 2824//2824 2903//2903
f 1854//1854 3395//3395 1931//1931
f 2724//2724 2738//2738 3051//3051
f 3363//3363 2724//2724 3051//3051
f 3481//3481 2090//2090 2301//2301
f 2090//2090 3481//3481 2568//2568
f 2505//2505 3000//3000 3292//3292
f 3374//3374 2505//2505 1944//1944
f 3292//3292 1944//1944 2505//2505
f 2089//2089 3214//3214 1495//1495
f 1462//1462 1465//1465 2863//2863
f 2694//2694 2789//2789 2057//2057
f 2789//2789 2694//2694 2029//2029
f 2693//2693 2788//2788 2056//2056
f 2788//2788 2693//2693 2028//2028
f 2737//2737 2089//2089 1495//1495
f 2302//2302 1558//1558 1751//1751
f 2088//2088 3215//3215 1493//1493
f 2301//2301 1557//1557 1750//1750
f 2736//2736 2088//2088 1493//1493
f 2190//2190 1684//1684 2754//2754
f 2094//2094 1684//1684 2190//2190
f 2094//2094 2190//2190 1559//1559
f 2191//2191 1686//1686 2755//2755
f 2999//2999 2504//2504 3291//3291
f 2504//2504 3373//3373 1943//1943
f 2095//2095 1686//1686 2191//2191
f 1753//1753 2269//2269 2288//2288
f 2269//2269 1590//1590 2288//2288
f 1752//1752 2268//2268 2287//2287
f 2268//2268 1589//1589 2287//2287
f 2095//2095 2191//2191 1560//1560
f 1943//1943 3291//3291 2504//2504
f 3133//3133 3305//3305 1885//1885
f 2454//2454 3107//3107 3039//3039
f 3453//3453 2551//2551 2529//2529
f 1588//1588 2292//2292 139//139
f 3423//3423 3039//3039 3107//3107
f 2292//2292 140//140 139//139
f 2292//2292 1823//1823 140//140
f 3039//3039 3479//3479 2454//2454
f 3479//3479 3039//3039 2507//2507
f 3014//3014 3215//3215 2878//2878
f 3015//3015 3214//3214 2879//2879
f 1586//1586 2290//2290 218//218
f 2290//2290 217//217 218//218
f 2290//2290 1821//1821 217//217
f 2912//2912 2032//2032 2647//2647
f 140//140 2291//2291 139//139
f 1822//1822 2291//2291 140//140
f 2047//2047 3607//3607 2888//2888
f 217//217 2289//2289 218//218
f 1820//1820 2289//2289 217//217
f 2666//2666 2293//2293 3247//3247
f 3247//3247 2293//2293 3177//3177
f 1518//1518 3247//3247 3177//3177
f 2973//2973 3253//3253 2676//2676
f 1855//1855 3253//3253 2973//2973
f 2973//2973 2022//2022 1855//1855
f 2806//2806 1956//1956 2673//2673
f 1956//1956 2992//2992 1705//1705
f 1956//1956 1705//1705 2673//2673
f 3093//3093 1923//1923 1936//1936
f 2995//2995 2030//2030 2730//2730
f 1469//1469 2312//2312 2863//2863
f 2730//2730 1771//1771 2995//2995
f 2996//2996 2031//2031 2729//2729
f 3133//3133 2356//2356 3305//3305
f 2729//2729 1770//1770 2996//2996
f 1936//1936 3362//3362 3093//3093
f 2259//2259 2292//2292 1588//1588
f 1787//1787 2259//2259 1588//1588
f 2257//2257 2290//2290 1586//1586
f 1785//1785 2257//2257 1586//1586
f 2761//2761 1450//1450 2800//2800
f 3362//3362 2548//2548 3093//3093
f 2888//2888 1694//1694 2047//2047
f 1594//1594 138//138 137//137
f 2258//2258 1786//1786 1587//1587
f 3607//3607 2047//2047 2075//2075
f 138//138 1593//1593 137//137
f 2256//2256 1784//1784 1585//1585
f 2899//2899 1848//1848 2782//2782
f 1592//1592 219//219 220//220
f 2760//2760 1448//1448 2799//2799
f 3104//3104 2392//2392 3303//3303
f 219//219 1591//1591 220//220
f 3085//3085 2384//2384 1505//1505
f 2782//2782 2080//2080 2899//2899
f 2898//2898 1847//1847 2781//2781
f 3533//3533 2049//2049 2970//2970
f 2323//2323 1792//1792 2679//2679
f 2781//2781 2078//2078 2898//2898
f 2322//2322 1793//1793 2678//2678
f 2088//2088 2878//2878 3215//3215
f 2530//2530 3277//3277 2605//2605
f 3450//3450 2605//2605 3277//3277
f 2605//2605 2524//2524 2530//2530
f 3258//3258 2783//2783 3366//3366
f 2089//2089 2879//2879 3214//3214
f 3258//3258 3359//3359 2783//2783
f 3359//3359 2426//2426 2783//2783
f 2508//2508 3045//3045 2455//2455
f 2970//2970 2893//2893 3533//3533
f 2561//2561 3502//3502 2560//2560
f 1930//1930 1853//1853 3396//3396
f 1671//1671 2560//2560 1670//1670
f 1671//1671 2561//2561 2560//2560
f 2837//2837 2970//2970 2049//2049
f 3532//3532 2048//2048 2968//2968
f 2379//2379 1962//1962 3378//3378
f 1958//1958 3378//3378 1962//1962
f 2968//2968 2891//2891 3532//3532
f 3246//3246 2640//2640 1519//1519
f 3009//3009 3172//3172 1956//1956
f 2352//2352 3009//3009 1956//1956
f 2836//2836 2968//2968 2048//2048
f 1501//1501 1507//1507 3048//3048
f 3105//3105 1507//1507 1501//1501
f 1501//1501 3050//3050 3105//3105
f 2955//2955 2187//2187 2297//2297
f 2187//2187 1524//1524 2297//2297
f 2956//2956 2186//2186 2298//2298
f 2186//2186 1526//1526 2298//2298
f 3379//3379 3089//3089 2600//2600
f 3064//3064 3089//3089 3379//3379
f 2046//2046 3605//3605 2886//2886
f 2389//2389 3089//3089 2388//2388
f 3089//3089 2389//2389 2600//2600
f 2886//2886 1692//1692 2046//2046
f 1749//1749 2804//2804 2675//2675
f 2988//2988 2675//2675 1707//1707
f 3498//3498 2579//2579 2512//2512
f 2512//2512 3377//3377 1960//1960
f 1960//1960 3498//3498 2512//2512
f 3531//3531 3394//3394 2913//2913
f 3531//3531 2589//2589 3394//3394
f 3605//3605 2046//2046 2074//2074
f 3085//3085 1505//1505 3086//3086
f 2646//2646 1681//1681 2911//2911
f 2046//2046 2791//2791 3018//3018
f 3018//3018 2791//2791 2008//2008
f 3629//3629 2143//2143 2204//2204
f 2179//2179 2143//2143 3629//3629
f 2047//2047 2792//2792 3019//3019
f 3019//3019 2792//2792 2009//2009
f 2281//2281 1570//1570 2343//2343
f 1570//1570 1843//1843 2343//2343
f 2291//2291 2343//2343 1843//1843
f 2280//2280 1569//1569 2341//2341
f 1569//1569 1841//1841 2341//2341
f 2988//2988 1749//1749 2675//2675
f 2289//2289 2341//2341 1841//1841
f 1748//1748 2803//2803 2673//2673
f 2986//2986 2673//2673 1705//1705
f 2986//2986 1748//1748 2673//2673
f 2911//2911 2033//2033 2646//2646
f 2860//2860 2331//2331 2235//2235
f 2331//2331 1570//1570 2235//2235
f 1997//1997 3389//3389 3155//3155
f 1570//1570 2331//2331 2140//2140
f 2041//2041 2757//2757 2632//2632
f 2858//2858 2329//2329 2234//2234
f 2979//2979 2631//2631 2756//2756
f 2040//2040 2756//2756 2631//2631
f 2979//2979 2756//2756 2715//2715
f 2329//2329 1569//1569 2234//2234
f 3534//3534 3400//3400 2900//2900
f 3534//3534 2588//2588 3400//3400
f 2370//2370 3400//3400 2588//2588
f 1569//1569 2329//2329 2138//2138
f 1828//1828 3148//3148 2657//2657
f 1828//1828 2962//2962 2405//2405
f 2405//2405 3148//3148 1828//1828
f 2534//2534 3536//3536 1963//1963
f 3536//3536 2426//2426 1963//1963
f 1616//1616 3242//3242 3394//3394
f 2913//2913 3394//3394 3242//3242
f 3394//3394 3304//3304 1616//1616
f 3169//3169 2962//2962 2813//2813
f 2962//2962 3169//3169 2405//2405
f 2003//2003 2815//2815 2663//2663
f 2815//2815 1825//1825 2019//2019
f 2019//2019 2663//2663 2815//2815
f 2225//2225 1779//1779 2195//2195
f 1479//1479 2225//2225 2195//2195
f 1778//1778 2224//2224 2194//2194
f 2224//2224 1478//1478 2194//2194
f 2223//2223 1777//1777 2193//2193
f 1477//1477 2223//2223 2193//2193
f 1776//1776 2222//2222 2192//2192
f 2222//2222 1476//1476 2192//2192
f 1496//1496 2818//2818 3263//3263
f 3263//3263 2818//2818 2456//2456
f 1960//1960 1496//1496 3263//3263
f 3486//3486 2304//2304 2755//2755
f 2191//2191 2755//2755 2304//2304
f 2278//2278 137//137 136//136
f 136//136 1491//1491 2278//2278
f 137//137 2278//2278 1594//1594
f 1491//1491 9//9 2278//2278
f 1490//1490 136//136 2277//2277
f 137//137 2277//2277 136//136
f 2277//2277 137//137 1593//1593
f 29//29 1490//1490 2277//2277
f 2276//2276 220//220 221//221
f 221//221 1489//1489 2276//2276
f 220//220 2276//2276 1592//1592
f 1489//1489 135//135 2276//2276
f 220//220 2275//2275 221//221
f 1488//1488 221//221 2275//2275
f 2275//2275 220//220 1591//1591
f 115//115 1488//1488 2275//2275
f 1751//1751 3486//3486 2755//2755
f 3359//3359 1963//1963 2426//2426
f 3485//3485 2303//2303 2754//2754
f 2190//2190 2754//2754 2303//2303
f 1750//1750 3485//3485 2754//2754
f 2294//2294 2667//2667 3246//3246
f 2002//2002 2814//2814 2662//2662
f 2814//2814 1824//1824 2018//2018
f 2018//2018 2662//2662 2814//2814
f 2915//2915 2460//2460 2493//2493
f 2199//2199 2835//2835 3063//3063
f 2950//2950 2199//2199 2365//2365
f 1949//1949 3460//3460 1849//1849
f 2835//2835 2199//2199 1817//1817
f 2198//2198 2834//2834 3062//3062
f 2949//2949 2198//2198 2364//2364
f 1849//1849 2366//2366 1949//1949
f 2834//2834 2198//2198 1816//1816
f 3389//3389 2684//2684 3155//3155
f 3460//3460 1860//1860 1849//1849
f 2479//2479 3389//3389 1997//1997
f 3192//3192 3133//3133 1885//1885
f 2539//2539 3285//3285 3483//3483
f 3629//3629 2722//2722 2149//2149
f 2294//2294 3246//3246 3178//3178
f 3246//3246 1519//1519 3178//3178
f 3229//3229 3536//3536 2534//2534
f 2173//2173 2842//2842 1560//1560
f 3136//3136 3229//3229 2534//2534
f 2304//2304 2173//2173 2191//2191
f 2606//2606 3458//3458 3278//3278
f 2172//2172 2843//2843 1559//1559
f 3278//3278 2531//2531 2606//2606
f 2303//2303 2172//2172 2190//2190
f 2525//2525 2606//2606 2531//2531
f 3277//3277 2530//2530 3052//3052
f 2530//2530 2548//2548 3052//3052
f 2531//2531 3278//3278 3053//3053
f 2593//2593 2996//2996 1770//1770
f 2592//2592 2995//2995 1771//1771
f 1862//1862 3133//3133 3192//3192
f 3401//3401 1870//1870 2597//2597
f 3216//3216 1932//1932 1906//1906
f 1932//1932 1857//1857 1906//1906
f 1870//1870 3384//3384 2597//2597
f 3380//3380 1951//1951 3539//3539
f 2055//2055 2679//2679 2216//2216
f 2679//2679 1792//1792 2216//2216
f 3285//3285 2902//2902 3065//3065
f 1977//1977 2655//2655 1975//1975
f 1699//1699 2703//2703 3507//3507
f 2054//2054 2678//2678 2217//2217
f 2678//2678 1793//1793 2217//2217
f 3629//3629 2149//2149 2179//2179
f 3227//3227 3656//3656 3286//3286
f 125//125 3500//3500 3553//3553
f 125//125 3553//3553 126//126
f 3459//3459 2997//2997 2360//2360
f 2360//2360 2997//2997 1946//1946
f 2769//2769 3507//3507 2703//2703
f 2997//2997 2790//2790 1946//1946
f 1698//1698 2702//2702 3506//3506
f 2522//2522 1939//1939 2680//2680
f 3252//3252 3015//3015 2677//2677
f 2937//2937 2272//2272 2638//2638
f 1939//1939 2869//2869 2680//2680
f 2937//2937 2011//2011 1596//1596
f 2936//2936 2271//2271 2637//2637
f 1862//1862 1951//1951 2536//2536
f 1939//1939 2522//2522 3115//3115
f 2472//2472 1917//1917 3364//3364
f 1917//1917 1924//1924 3364//3364
f 3007//3007 3136//3136 3387//3387
f 2936//2936 2010//2010 1595//1595
f 3514//3514 2412//2412 1516//1516
f 2363//2363 3007//3007 3387//3387
f 3330//3330 3144//3144 2651//2651
f 2925//2925 2163//2163 2402//2402
f 2650//2650 3330//3330 2651//2651
f 3493//3493 2895//2895 2348//2348
f 1706//1706 1929//1929 2674//2674
f 3380//3380 2536//2536 1951//1951
f 2734//2734 2348//2348 2895//2895
f 2318//2318 1811//1811 2155//2155
f 3492//3492 2894//2894 2347//2347
f 2733//2733 2347//2347 2894//2894
f 1697//1697 1929//1929 1706//1706
f 3468//3468 3052//3052 3070//3070
f 1810//1810 2317//2317 2154//2154
f 2974//2974 2677//2677 2794//2794
f 2768//2768 3506//3506 2702//2702
f 2597//2597 3548//3548 3401//3401
f 2677//2677 2855//2855 2794//2794
f 2316//2316 1809//1809 2153//2153
f 2974//2974 2794//2794 2731//2731
f 2958//2958 2156//2156 1719//1719
f 1808//1808 2315//2315 2152//2152
f 3193//3193 1452//1452 2736//2736
f 3052//3052 3456//3456 3070//3070
f 3193//3193 2162//2162 1452//1452
f 2973//2973 2676//2676 2793//2793
f 3322//3322 2395//2395 3225//3225
f 3194//3194 1454//1454 2737//2737
f 3001//3001 3322//3322 3225//3225
f 3194//3194 2402//2402 2163//2163
f 3194//3194 2163//2163 1454//1454
f 2421//2421 2877//2877 1990//1990
f 2676//2676 2854//2854 2793//2793
f 3656//3656 3227//3227 3001//3001
f 2876//2876 2420//2420 1989//1989
f 1704//1704 1928//1928 2672//2672
f 1696//1696 1928//1928 1704//1704
f 2082//2082 2840//2840 1723//1723
f 3531//3531 2011//2011 2721//2721
f 2336//2336 2217//2217 2285//2285
f 1590//1590 2336//2336 2285//2285
f 2335//2335 2216//2216 2284//2284
f 1589//1589 2335//2335 2284//2284
f 2589//2589 3531//3531 2721//2721
f 3531//3531 1596//1596 2011//2011
f 2785//2785 2082//2082 1723//1723
f 3546//3546 2403//2403 1638//1638
f 2083//2083 2841//2841 1725//1725
f 2787//2787 2083//2083 1725//1725
f 2344//2344 1564//1564 1801//1801
f 2958//2958 1719//1719 1762//1762
f 3135//3135 1940//1940 2538//2538
f 1564//1564 2247//2247 1801//1801
f 1467//1467 1471//1471 2865//2865
f 1528//1528 2122//2122 2273//2273
f 1779//1779 1801//1801 2247//2247
f 2342//2342 1563//1563 1799//1799
f 3312//3312 1934//1934 1927//1927
f 2487//2487 2657//2657 3202//3202
f 2120//2120 2122//2122 1528//1528
f 3379//3379 1846//1846 2819//2819
f 2951//2951 1846//1846 2600//2600
f 3379//3379 2600//2600 1846//1846
f 2096//2096 2122//2122 2120//2120
f 2611//2611 2489//2489 1945//1945
f 1563//1563 2246//2246 1799//1799
f 1463//1463 1467//1467 2865//2865
f 3135//3135 2403//2403 3211//3211
f 1940//1940 3135//3135 2372//2372
f 1471//1471 2314//2314 2865//2865
f 2281//2281 2189//2189 2235//2235
f 2235//2235 1570//1570 2281//2281
f 3211//3211 2372//2372 3135//3135
f 1692//1692 2774//2774 2791//2791
f 1529//1529 2123//2123 2274//2274
f 1942//1942 1982//1982 2671//2671
f 2280//2280 2188//2188 2234//2234
f 2234//2234 1569//1569 2280//2280
f 3497//3497 1942//1942 2005//2005
f 2005//2005 1942//1942 2671//2671
f 1941//1941 1981//1981 2670//2670
f 3498//3498 1941//1941 2004//2004
f 2004//2004 1941//1941 2670//2670
f 3534//3534 2010//2010 2720//2720
f 2588//2588 3534//3534 2720//2720
f 3534//3534 1595//1595 2010//2010
f 2823//2823 3043//3043 1697//1697
f 2377//2377 3043//3043 2823//2823
f 2121//2121 2123//2123 1529//1529
f 2097//2097 2123//2123 2121//2121
f 2691//2691 2791//2791 2774//2774
f 3417//3417 2493//2493 2697//2697
f 2493//2493 3417//3417 2915//2915
f 3417//3417 1610//1610 2915//2915
f 1747//1747 3027//3027 2209//2209
f 2908//2908 3027//3027 1747//1747
f 2314//2314 2209//2209 3027//3027
f 2055//2055 2335//2335 2943//2943
f 2335//2335 1589//1589 2943//2943
f 1589//1589 2325//2325 2943//2943
f 1745//1745 3025//3025 2207//2207
f 2054//2054 2336//2336 2942//2942
f 2336//2336 1590//1590 2942//2942
f 1590//1590 2326//2326 2942//2942
f 2906//2906 3025//3025 1745//1745
f 2312//2312 2207//2207 3025//3025
f 3026//3026 1746//1746 2208//2208
f 2680//2680 2869//2869 3228//3228
f 2208//2208 2313//2313 3026//3026
f 3024//3024 1744//1744 2206//2206
f 2869//2869 2965//2965 3228//3228
f 2206//2206 2311//2311 3024//3024
f 2822//2822 3042//3042 1696//1696
f 2064//2064 2017//2017 2674//2674
f 1562//1562 3432//3432 3159//3159
f 2017//2017 1733//1733 2674//2674
f 2085//2085 2017//2017 2064//2064
f 1561//1561 3431//3431 3158//3158
f 2062//2062 2016//2016 2672//2672
f 3321//3321 2914//2914 2463//2463
f 2016//2016 1732//1732 2672//2672
f 2084//2084 2016//2016 2062//2062
f 3333//3333 3392//3392 2506//2506
f 3264//3264 3392//3392 3333//3333
f 2817//2817 1707//1707 2993//2993
f 3031//3031 3333//3333 2506//2506
f 2816//2816 1705//1705 2992//2992
f 10//10 1840//1840 9//9
f 3382//3382 3045//3045 3407//3407
f 3382//3382 2603//2603 3045//3045
f 1839//1839 28//28 29//29
f 3041//3041 2812//2812 2279//2279
f 3371//3371 3041//3041 2279//2279
f 134//134 1838//1838 135//135
f 2328//2328 2091//2091 2744//2744
f 2091//2091 2328//2328 2147//2147
f 1837//1837 116//116 115//115
f 1789//1789 2328//2328 2744//2744
f 2327//2327 2090//2090 2743//2743
f 2090//2090 2327//2327 2146//2146
f 1788//1788 2327//2327 2743//2743
f 3100//3100 2574//2574 3124//3124
f 3121//3121 1935//1935 2978//2978
f 1504//1504 3100//3100 3124//3124
f 1461//1461 3507//3507 2769//2769
f 2046//2046 1692//1692 2791//2791
f 1694//1694 2775//2775 2792//2792
f 1777//1777 1799//1799 2246//2246
f 3238//3238 1979//1979 3208//3208
f 1459//1459 3506//3506 2768//2768
f 2692//2692 2792//2792 2775//2775
f 1980//1980 3237//3237 3209//3209
f 2691//2691 2273//2273 2652//2652
f 3225//3225 3656//3656 3001//3001
f 2791//2791 2691//2691 2008//2008
f 3066//3066 3227//3227 3286//3286
f 1958//1958 3318//3318 2438//2438
f 3157//3157 2438//2438 3318//3318
f 2047//2047 1694//1694 2792//2792
f 1743//1743 3523//3523 2865//2865
f 3308//3308 3560//3560 123//123
f 1741//1741 3522//3522 2863//2863
f 1825//1825 2815//2815 3094//3094
f 3094//3094 2901//2901 1825//1825
f 3094//3094 2815//2815 1494//1494
f 2565//2565 2852//2852 2753//2753
f 1742//1742 2864//2864 2752//2752
f 3560//3560 124//124 123//123
f 1824//1824 2814//2814 3095//3095
f 2652//2652 2008//2008 2691//2691
f 3602//3602 2546//2546 3459//3459
f 1740//1740 2862//2862 2751//2751
f 2723//2723 1457//1457 2015//2015
f 3452//3452 3602//3602 3308//3308
f 2651//2651 3144//3144 3475//3475
f 3095//3095 2814//2814 1492//1492
f 2631//2631 2979//2979 2957//2957
f 2651//2651 3475//3475 3473//3473
f 1974//1974 1920//1920 3344//3344
f 1974//1974 3008//3008 1920//1920
f 3008//3008 1974//1974 2613//2613
f 2979//2979 1522//1522 2957//2957
f 3452//3452 2528//2528 3602//3602
f 2666//2666 3212//3212 2410//2410
f 2546//2546 3602//3602 2528//2528
f 3139//3139 2951//2951 2043//2043
f 1846//1846 2951//2951 3139//3139
f 2951//2951 1494//1494 2043//2043
f 2410//2410 3330//3330 2666//2666
f 2656//2656 2486//2486 3320//3320
f 2656//2656 3262//3262 2486//2486
f 2075//2075 2165//2165 1685//1685
f 3174//3174 3217//3217 1908//1908
f 3542//3542 2486//2486 3262//3262
f 2074//2074 2164//2164 1683//1683
f 2788//2788 3295//3295 2056//2056
f 2670//2670 1981//1981 2060//2060
f 2692//2692 2274//2274 2653//2653
f 2060//2060 1981//1981 2333//2333
f 2444//2444 3295//3295 2788//2788
f 2916//2916 2625//2625 2779//2779
f 2333//2333 1981//1981 2070//2070
f 2917//2917 2626//2626 2780//2780
f 3245//3245 3311//3311 1971//1971
f 2789//2789 3298//3298 2057//2057
f 2445//2445 3298//3298 2789//2789
f 2835//2835 1817//1817 2282//2282
f 1457//1457 2205//2205 2015//2015
f 2468//2468 3311//3311 3245//3245
f 2834//2834 1816//1816 2283//2283
f 3333//3333 3031//3031 2604//2604
f 3363//3363 3525//3525 2739//2739
f 2739//2739 1541//1541 3363//3363
f 2604//2604 2001//2001 3333//3333
f 3317//3317 1858//1858 2537//2537
f 3088//3088 2537//2537 1858//1858
f 2820//2820 2006//2006 2564//2564
f 2160//2160 2006//2006 2820//2820
f 1609//1609 2160//2160 2820//2820
f 3363//3363 1541//1541 2724//2724
f 1637//1637 1986//1986 3234//3234
f 1637//1637 2494//2494 1986//1986
f 2978//2978 1935//1935 1919//1919
f 2494//2494 2430//2430 1986//1986
f 2220//2220 1567//1567 2213//2213
f 2455//2455 3045//3045 2603//2603
f 2978//2978 3340//3340 3121//3121
f 3049//3049 3219//3219 1444//1444
f 2218//2218 1565//1565 2212//2212
f 3164//3164 3049//3049 1444//1444
f 2927//2927 2550//2550 1605//1605
f 2792//2792 2692//2692 2009//2009
f 2653//2653 2009//2009 2692//2692
f 1652//1652 3210//3210 2425//2425
f 3540//3540 3210//3210 1652//1652
f 1625//1625 3210//3210 3540//3540
f 3210//3210 1967//1967 2425//2425
f 3365//3365 2471//2471 3271//3271
f 2471//2471 3348//3348 3271//3271
f 3322//3322 2502//2502 2395//2395
f 1807//1807 1840//1840 2155//2155
f 3594//3594 2793//2793 2854//2854
f 2395//2395 2502//2502 1966//1966
f 1839//1839 1806//1806 2154//2154
f 3594//3594 2625//2625 2916//2916
f 1515//1515 3178//3178 3085//3085
f 1805//1805 1838//1838 2153//2153
f 2953//2953 2492//2492 3095//3095
f 1994//1994 3594//3594 2854//2854
f 1837//1837 1804//1804 2152//2152
f 180//180 2744//2744 181//181
f 2744//2744 2569//2569 181//181
f 3653//3653 2708//2708 131//131
f 177//177 2743//2743 176//176
f 2743//2743 2568//2568 176//176
f 2708//2708 3653//3653 3106//3106
f 3594//3594 1994//1994 2625//2625
f 1515//1515 3085//3085 1512//1512
f 2700//2700 2749//2749 2715//2715
f 1985//1985 1662//1662 2876//2876
f 2981//2981 1662//1662 3233//3233
f 2655//2655 2480//2480 3319//3319
f 3234//3234 1986//1986 1663//1663
f 1663//1663 1986//1986 2877//2877
f 1663//1663 2982//2982 3234//3234
f 2780//2780 2626//2626 2811//2811
f 1450//1450 2081//2081 2780//2780
f 1450//1450 2780//2780 2811//2811
f 3319//3319 2485//2485 1666//1666
f 2371//2371 3388//3388 3304//3304
f 2848//2848 2658//2658 2148//2148
f 2821//2821 2007//2007 2565//2565
f 2161//2161 2007//2007 2821//2821
f 1610//1610 2161//2161 2821//2821
f 2658//2658 1455//1455 2148//2148
f 2779//2779 2625//2625 2810//2810
f 2700//2700 2012//2012 2018//2018
f 1448//1448 2079//2079 2779//2779
f 3492//3492 3498//3498 2004//2004
f 2018//2018 2749//2749 2700//2700
f 3471//3471 2531//2531 3457//3457
f 1933//1933 2580//2580 2348//2348
f 3573//3573 3256//3256 1989//1989
f 1598//1598 1933//1933 2348//2348
f 1448//1448 2779//2779 2810//2810
f 3153//3153 2470//2470 3242//3242
f 3256//3256 1985//1985 1989//1989
f 3153//3153 3242//3242 1616//1616
f 2305//2305 2385//2385 2499//2499
f 2603//2603 2000//2000 2455//2455
f 2000//2000 3265//3265 2455//2455
f 3304//3304 3243//3243 2578//2578
f 1616//1616 3304//3304 2578//2578
f 2578//2578 3153//3153 1616//1616
f 3577//3577 3511//3511 1900//1900
f 3039//3039 3423//3423 3458//3458
f 130//130 3653//3653 131//131
f 2952//2952 2926//2926 1604//1604
f 2926//2926 2549//2549 1604//1604
f 3457//3457 3361//3361 3471//3471
f 2704//2704 2909//2909 2830//2830
f 3511//3511 3577//3577 3122//3122
f 2324//2324 2385//2385 2305//2305
f 3457//3457 2531//2531 3053//3053
f 2706//2706 2910//2910 2831//2831
f 178//178 2773//2773 1827//1827
f 179//179 2772//2772 1826//1826
f 2385//2385 1439//1439 2499//2499
f 3596//3596 2794//2794 2855//2855
f 2493//2493 2377//2377 2697//2697
f 3177//3177 1514//1514 3084//3084
f 3596//3596 2626//2626 2917//2917
f 3084//3084 1514//1514 1511//1511
f 2728//2728 2864//2864 3509//3509
f 2728//2728 2752//2752 2864//2864
f 2727//2727 2862//2862 3508//3508
f 1832//1832 1836//1836 1801//1801
f 18//18 3469//3469 17//17
f 1836//1836 1487//1487 1801//1801
f 1835//1835 1831//1831 1800//1800
f 3468//3468 20//20 21//21
f 2727//2727 2751//2751 2862//2862
f 1486//1486 1835//1835 1800//1800
f 3137//3137 3199//3199 2491//2491
f 3199//3199 2396//2396 2491//2491
f 1830//1830 1834//1834 1799//1799
f 3296//3296 3124//3124 2574//2574
f 1834//1834 1485//1485 1799//1799
f 1833//1833 1829//1829 1798//1798
f 1484//1484 1833//1833 1798//1798
f 1864//1864 3296//3296 2574//2574
f 3371//3371 2610//2610 3446//3446
f 1995//1995 3596//3596 2855//2855
f 3596//3596 1995//1995 2626//2626
f 1509//1509 3285//3285 3065//3065
f 1527//1527 2593//2593 1770//1770
f 1525//1525 2592//2592 1771//1771
f 2457//2457 3139//3139 2688//2688
f 2948//2948 1845//1845 2607//2607
f 2688//2688 2071//2071 2457//2457
f 3313//3313 2419//2419 2461//2461
f 1600//1600 2783//2783 1819//1819
f 1600//1600 1819//1819 2093//2093
f 1542//1542 1819//1819 2783//2783
f 2900//2900 3400//3400 1607//1607
f 1599//1599 1818//1818 2092//2092
f 1595//1595 3534//3534 2900//2900
f 1647//1647 3661//3661 3559//3559
f 2074//2074 2046//2046 3018//3018
f 2075//2075 2047//2047 3019//3019
f 2610//2610 2618//2618 3446//3446
f 3061//3061 3446//3446 2618//2618
f 2279//2279 2610//2610 3371//3371
f 2339//2339 1836//1836 1832//1832
f 1932//1932 2579//2579 2347//2347
f 1597//1597 1932//1932 2347//2347
f 1835//1835 2338//2338 1831//1831
f 2817//2817 2881//2881 2087//2087
f 2881//2881 2045//2045 2087//2087
f 2337//2337 1834//1834 1830//1830
f 3077//3077 2378//2378 2463//2463
f 3140//3140 2948//2948 2042//2042
f 1833//1833 2340//2340 1829//1829
f 1845//1845 2948//2948 3140//3140
f 2647//2647 3493//3493 1803//1803
f 2895//2895 3493//3493 2647//2647
f 3493//3493 2005//2005 1803//1803
f 2948//2948 1492//1492 2042//2042
f 2646//2646 3492//3492 1802//1802
f 2894//2894 3492//3492 2646//2646
f 3492//3492 2004//2004 1802//1802
f 2654//2654 3071//3071 3469//3469
f 1741//1741 2068//2068 2621//2621
f 2797//2797 2621//2621 2024//2024
f 3371//3371 3446//3446 2359//2359
f 3254//3254 1605//1605 2550//2550
f 1703//1703 1716//1716 3590//3590
f 2621//2621 2797//2797 1741//1741
f 3318//3318 2562//2562 3157//3157
f 3255//3255 1604//1604 2549//2549
f 1437//1437 3157//3157 2562//2562
f 3454//3454 2807//2807 3479//3479
f 3301//3301 1516//1516 2412//2412
f 1517//1517 3302//3302 2411//2411
f 1642//1642 1627//1627 3222//3222
f 1627//1627 1642//1642 3075//3075
f 3479//3479 2807//2807 2454//2454
f 1633//1633 1642//1642 3127//3127
f 1642//1642 1633//1633 3075//3075
f 2061//2061 1576//1576 2671//2671
f 2554//2554 3388//3388 3108//3108
f 2060//2060 1575//1575 2670//2670
f 3108//3108 1851//1851 2554//2554
f 2683//2683 2554//2554 1851//1851
f 2807//2807 3454//3454 1957//1957
f 2807//2807 1957//1957 2675//2675
f 1957//1957 2993//2993 1707//1707
f 1957//1957 1707//1707 2675//2675
f 3299//3299 1632//1632 1648//1648
f 1594//1594 2278//2278 1807//1807
f 1807//1807 1588//1588 1594//1594
f 2278//2278 9//9 1840//1840
f 2221//2221 3013//3013 2178//2178
f 2277//2277 1593//1593 1806//1806
f 29//29 2277//2277 1839//1839
f 1587//1587 1806//1806 1593//1593
f 3247//3247 3212//3212 2666//2666
f 2276//2276 135//135 1838//1838
f 1592//1592 2276//2276 1805//1805
f 1805//1805 1586//1586 1592//1592
f 115//115 2275//2275 1837//1837
f 3246//3246 3213//3213 2452//2452
f 2275//2275 1591//1591 1804//1804
f 1585//1585 1804//1804 1591//1591
f 3213//3213 3246//3246 2667//2667
f 2808//2808 2040//2040 2631//2631
f 1648//1648 2572//2572 3299//3299
f 3341//3341 2485//2485 2547//2547
f 2809//2809 2041//2041 2632//2632
f 3376//3376 2547//2547 2485//2485
f 3341//3341 2547//2547 2853//2853
f 1973//1973 3054//3054 2584//2584
f 3054//3054 1973//1973 3087//3087
f 3393//3393 1615//1615 2552//2552
f 1866//1866 3054//3054 3087//3087
f 1615//1615 1607//1607 2552//2552
f 2165//2165 2765//2765 1685//1685
f 2165//2165 2320//2320 2765//2765
f 3180//3180 2436//2436 3313//3313
f 2816//2816 2880//2880 2086//2086
f 2164//2164 2764//2764 1683//1683
f 2164//2164 2319//2319 2764//2764
f 2435//2435 3179//3179 3312//3312
f 2880//2880 2044//2044 2086//2086
f 1924//1924 3471//3471 1937//1937
f 2965//2965 2571//2571 2581//2581
f 3361//3361 1937//1937 3471//3471
f 2571//2571 2921//2921 2581//2581
f 1560//1560 2191//2191 2173//2173
f 1559//1559 2190//2190 2172//2172
f 3590//3590 2932//2932 1703//1703
f 2481//2481 2656//2656 3320//3320
f 2738//2738 3103//3103 3051//3051
f 1619//1619 3103//3103 2738//2738
f 3493//3493 3497//3497 2005//2005
f 3306//3306 3200//3200 1886//1886
f 3020//3020 2938//2938 2072//2072
f 1807//1807 2278//2278 1840//1840
f 2277//2277 1806//1806 1839//1839
f 1805//1805 2276//2276 1838//1838
f 2275//2275 1804//1804 1837//1837
f 2203//2203 3003//3003 2302//2302
f 2302//2302 2147//2147 2203//2203
f 3003//3003 1558//1558 2302//2302
f 2202//2202 3002//3002 2301//2301
f 2301//2301 2146//2146 2202//2202
f 3002//3002 1557//1557 2301//2301
f 2925//2925 2904//2904 2163//2163
f 2119//2119 2904//2904 2925//2925
f 2925//2925 1713//1713 2119//2119
f 2924//2924 2903//2903 2162//2162
f 2118//2118 2903//2903 2924//2924
f 2924//2924 1712//1712 2118//2118
f 2426//2426 1542//1542 2783//2783
f 2657//2657 3530//3530 3202//3202
f 3530//3530 1972//1972 3202//3202
f 1972//1972 3530//3530 1874//1874
f 1619//1619 2738//2738 1604//1604
f 2795//2795 2132//2132 1772//1772
f 1752//1752 2795//2795 1772//1772
f 2796//2796 2133//2133 1773//1773
f 1753//1753 2796//2796 1773//1773
f 2387//2387 2643//2643 2493//2493
f 2460//2460 2387//2387 2493//2493
f 3474//3474 2666//2666 3330//3330
f 2650//2650 3474//3474 3330//3330
f 3406//3406 2432//2432 3157//3157
f 3143//3143 2438//2438 2432//2432
f 2438//2438 3157//3157 2432//2432
f 3472//3472 2650//2650 3538//3538
f 2450//2450 3472//3472 3538//3538
f 1560//1560 2241//2241 2201//2201
f 1702//1702 1714//1714 3589//3589
f 1559//1559 2240//2240 2200//2200
f 2536//2536 3380//3380 3336//3336
f 3336//3336 1998//1998 2536//2536
f 1583//1583 2225//2225 1479//1479
f 1832//1832 2225//2225 1583//1583
f 1483//1483 1583//1583 1479//1479
f 2224//2224 1582//1582 1478//1478
f 2224//2224 1831//1831 1582//1582
f 1582//1582 1482//1482 1478//1478
f 1581//1581 2223//2223 1477//1477
f 1830//1830 2223//2223 1581//1581
f 1481//1481 1581//1581 1477//1477
f 2222//2222 1584//1584 1476//1476
f 2222//2222 1829//1829 1584//1584
f 1584//1584 1480//1480 1476//1476
f 3398//3398 1656//1656 1643//1643
f 3190//3190 3398//3398 1643//1643
f 3029//3029 1643//1643 1656//1656
f 2847//2847 1811//1811 2318//2318
f 2847//2847 2127//2127 1811//1811
f 2173//2173 2304//2304 2211//2211
f 2109//2109 1811//1811 2127//2127
f 2304//2304 1558//1558 2211//2211
f 2172//2172 2303//2303 2210//2210
f 2845//2845 1809//1809 2316//2316
f 2303//2303 1557//1557 2210//2210
f 2072//2072 2058//2058 3020//3020
f 2845//2845 2126//2126 1809//1809
f 3020//3020 1543//1543 2967//2967
f 2107//2107 1809//1809 2126//2126
f 1810//1810 2846//2846 2317//2317
f 3256//3256 3276//3276 1985//1985
f 2178//2178 2142//2142 2221//2221
f 3589//3589 2930//2930 1702//1702
f 3276//3276 1636//1636 1985//1985
f 1808//1808 2844//2844 2315//2315
f 1495//1495 3214//3214 3535//3535
f 3214//3214 3358//3358 3535//3535
f 1657//1657 3399//3399 1644//1644
f 3535//3535 3358//3358 3040//3040
f 1644//1644 3030//3030 1657//1657
f 3574//3574 1647//1647 2591//2591
f 2982//2982 2591//2591 1647//1647
f 2058//2058 1543//1543 3020//3020
f 2982//2982 1647//1647 3234//3234
f 3238//3238 3222//3222 2491//2491
f 2490//2490 3237//3237 2449//2449
f 3249//3249 2500//2500 2563//2563
f 3221//3221 3237//3237 2490//2490
f 2439//2439 2563//2563 2500//2500
f 3019//3019 2298//2298 2075//2075
f 3083//3083 3419//3419 1857//1857
f 3189//3189 3419//3419 3083//3083
f 3018//3018 2297//2297 2074//2074
f 1664//1664 3190//3190 3055//3055
f 3272//3272 3183//3183 2477//2477
f 3272//3272 2413//2413 3183//3183
f 3254//3254 3183//3183 2413//2413
f 3146//3146 3230//3230 2515//2515
f 1855//1855 3230//3230 3146//3146
f 3022//3022 2940//2940 2073//2073
f 3495//3495 2693//2693 2056//2056
f 3495//3495 2733//2733 1445//1445
f 1445//1445 2693//2693 3495//3495
f 3496//3496 2694//2694 2057//2057
f 3496//3496 2734//2734 1446//1446
f 1446//1446 2694//2694 3496//3496
f 2073//2073 2059//2059 3022//3022
f 3051//3051 2397//2397 3363//3363
f 3248//3248 3312//3312 1918//1918
f 3312//3312 1927//1927 1918//1918
f 3286//3286 1510//1510 3066//3066
f 3022//3022 1544//1544 2969//2969
f 2056//2056 3295//3295 2695//2695
f 1597//1597 2056//2056 2695//2695
f 1483//1483 1579//1579 146//146
f 2029//2029 1562//1562 2789//2789
f 1483//1483 146//146 145//145
f 2028//2028 1561//1561 2788//2788
f 145//145 1583//1583 1483//1483
f 1578//1578 1482//1482 146//146
f 146//146 1482//1482 145//145
f 1582//1582 145//145 1482//1482
f 1481//1481 1577//1577 211//211
f 1481//1481 211//211 212//212
f 212//212 1581//1581 1481//1481
f 1580//1580 1480//1480 211//211
f 211//211 1480//1480 212//212
f 1584//1584 212//212 1480//1480
f 3535//3535 2351//2351 1495//1495
f 2701//2701 2750//2750 1689//1689
f 3190//3190 1664//1664 3398//3398
f 1653//1653 3661//3661 3574//3574
f 2701//2701 2014//2014 2019//2019
f 2019//2019 2750//2750 2701//2701
f 2623//2623 3091//3091 3637//3637
f 2623//2623 3637//3637 1506//1506
f 3031//3031 3499//3499 3409//3409
f 2921//2921 1669//1669 2866//2866
f 2346//2346 1789//1789 2744//2744
f 1514//1514 3410//3410 1511//1511
f 3661//3661 1653//1653 3559//3559
f 3464//3464 3038//3038 3422//3422
f 2345//2345 1788//1788 2743//2743
f 129//129 3464//3464 3422//3422
f 3661//3661 1647//1647 3574//3574
f 3410//3410 2923//2923 1878//1878
f 3057//3057 2527//2527 2717//2717
f 2612//2612 2483//2483 2661//2661
f 2483//2483 3537//3537 1614//1614
f 2483//2483 1614//1614 2661//2661
f 2526//2526 3058//3058 2716//2716
f 3125//3125 3297//3297 2575//2575
f 3297//3297 1865//1865 2575//2575
f 3118//3118 3637//3637 3091//3091
f 3454//3454 1905//1905 3173//3173
f 1905//1905 2477//2477 3173//3173
f 2445//2445 3159//3159 2661//2661
f 2186//2186 2956//2956 2637//2637
f 2661//2661 1614//1614 2445//2445
f 2187//2187 2955//2955 2638//2638
f 3255//3255 2394//2394 3145//3145
f 1863//1863 2484//2484 3288//3288
f 1604//1604 3255//3255 3145//3145
f 1910//1910 1669//1669 1991//1991
f 2220//2220 2213//2213 2215//2215
f 2059//2059 1544//1544 3022//3022
f 1669//1669 1910//1910 2866//2866
f 2218//2218 2212//2212 2214//2214
f 3537//3537 1617//1617 3316//3316
f 3088//3088 3537//3537 3316//3316
f 1617//1617 3537//3537 2483//2483
f 2444//2444 3158//3158 2660//2660
f 2487//2487 1828//1828 2657//2657
f 1701//1701 3432//3432 2730//2730
f 2636//2636 3432//3432 1701//1701
f 3432//3432 1562//1562 2730//2730
f 1700//1700 3431//3431 2729//2729
f 2635//2635 3431//3431 1700//1700
f 3431//3431 1561//1561 2729//2729
f 2660//2660 1613//1613 2444//2444
f 2484//2484 3078//3078 3288//3288
f 1604//1604 2738//2738 2952//2952
f 3048//3048 3288//3288 3078//3078
f 3508//3508 2862//2862 1464//1464
f 3512//3512 1978//1978 2481//2481
f 2664//2664 2032//2032 1711//1711
f 2656//2656 2481//2481 1978//1978
f 1978//1978 3512//3512 1901//1901
f 1464//1464 2239//2239 3508//3508
f 3118//3118 3104//3104 3637//3637
f 2665//2665 2033//2033 1710//1710
f 2380//2380 2324//2324 2305//2305
f 1975//1975 2386//2386 3132//3132
f 3559//3559 3224//3224 2470//2470
f 2351//2351 1926//1926 1495//1495
f 2386//2386 1975//1975 3478//3478
f 1975//1975 3132//3132 1977//1977
f 2777//2777 1538//1538 2082//2082
f 1902//1902 1945//1945 3094//3094
f 1494//1494 1902//1902 3094//3094
f 1492//1492 2953//2953 3095//3095
f 2082//2082 2896//2896 2777//2777
f 2777//2777 2896//2896 2770//2770
f 2778//2778 1540//1540 2083//2083
f 2083//2083 2897//2897 2778//2778
f 2778//2778 2897//2897 2771//2771
f 1492//1492 2948//2948 2409//2409
f 3411//3411 1515//1515 1512//1512
f 3421//3421 3408//3408 1885//1885
f 2922//2922 3411//3411 1879//1879
f 3408//3408 3421//3421 1880//1880
f 2671//2671 1982//1982 2061//2061
f 2061//2061 1982//1982 2334//2334
f 2334//2334 1982//1982 2071//2071
f 3472//3472 3474//3474 2650//2650
f 2057//2057 3298//3298 2710//2710
f 1598//1598 2057//2057 2710//2710
f 2801//2801 2113//2113 2698//2698
f 1734//1734 2801//2801 1874//1874
f 2698//2698 1874//1874 2801//2801
f 1645//1645 3569//3569 2590//2590
f 2590//2590 2981//2981 1645//1645
f 1823//1823 1487//1487 141//141
f 1823//1823 141//141 140//140
f 1645//1645 2981//2981 3233//3233
f 2251//2251 205//205 2233//2233
f 2173//2173 2211//2211 2949//2949
f 1726//1726 2173//2173 2949//2949
f 152//152 2250//2250 2232//2232
f 2172//2172 2210//2210 2950//2950
f 1727//1727 2172//2172 2950//2950
f 2249//2249 152//152 2231//2231
f 3364//3364 1924//1924 1937//1937
f 1438//1438 2324//2324 2380//2380
f 205//205 2248//2248 2230//2230
f 3167//3167 1623//1623 3299//3299
f 1486//1486 1822//1822 141//141
f 141//141 1822//1822 140//140
f 1623//1623 3167//3167 3316//3316
f 1735//1735 2617//2617 1875//1875
f 1953//1953 1735//1735 1875//1875
f 1821//1821 1485//1485 216//216
f 1821//1821 216//216 217//217
f 1995//1995 2811//2811 2626//2626
f 3546//3546 1623//1623 1617//1617
f 1994//1994 2810//2810 2625//2625
f 1904//1904 3273//3273 2476//2476
f 1484//1484 1820//1820 216//216
f 216//216 1820//1820 217//217
f 3316//3316 1617//1617 1623//1623
f 2380//2380 2495//2495 1438//1438
f 2384//2384 1519//1519 3125//3125
f 2470//2470 3153//3153 3559//3559
f 2415//2415 2624//2624 1507//1507
f 3092//3092 2624//2624 2415//2415
f 1519//1519 3074//3074 3125//3125
f 3660//3660 15//15 3628//3628
f 3117//3117 2414//2414 3181//3181
f 2953//2953 1492//1492 2409//2409
f 3057//3057 3035//3035 3165//3165
f 1739//1739 2183//2183 2907//2907
f 2719//2719 2093//2093 1536//1536
f 2718//2718 2092//2092 1534//1534
f 3035//3035 1443//1443 3165//3165
f 1738//1738 2182//2182 2905//2905
f 3165//3165 1441//1441 3057//3057
f 3407//3407 120//120 3382//3382
f 2922//2922 1893//1893 3473//3473
f 3473//3473 3475//3475 2922//2922
f 2456//2456 3140//3140 2687//2687
f 1978//1978 1965//1965 1869//1869
f 3487//3487 1978//1978 1959//1959
f 1869//1869 1959//1959 1978//1978
f 3185//3185 3504//3504 3128//3128
f 2687//2687 2070//2070 2456//2456
f 3111//3111 3185//3185 3128//3128
f 3505//3505 3186//3186 3129//3129
f 2043//2043 2688//2688 3139//3139
f 3186//3186 3112//3112 3129//3129
f 3470//3470 3041//3041 3156//3156
f 3559//3559 3153//3153 1631//1631
f 2219//2219 3011//3011 2180//2180
f 2042//2042 2687//2687 3140//3140
f 2584//2584 3061//3061 3441//3441
f 2617//2617 2112//2112 2699//2699
f 2112//2112 1678//1678 2699//2699
f 1620//1620 3239//3239 3348//3348
f 2113//2113 1677//1677 2698//2698
f 2293//2293 2520//2520 1514//1514
f 2519//2519 2294//2294 1515//1515
f 3223//3223 3317//3317 1861//1861
f 2459//2459 3223//3223 1861//1861
f 3521//3521 3052//3052 3468//3468
f 3509//3509 2864//2864 1466//1466
f 21//21 3521//3521 3468//3468
f 1466//1466 2237//2237 3509//3509
f 3297//3297 3125//3125 3074//3074
f 3251//3251 3269//3269 2503//2503
f 2941//2941 2837//2837 2930//2930
f 2180//2180 2144//2144 2219//2219
f 3205//3205 3539//3539 3210//3210
f 3210//3210 1625//1625 3205//3205
f 3197//3197 3205//3205 1625//1625
f 2939//2939 2836//2836 2932//2932
f 2077//2077 2634//2634 2933//2933
f 2825//2825 2077//2077 2933//2933
f 3158//3158 2444//2444 1561//1561
f 1561//1561 2444//2444 2788//2788
f 3159//3159 2445//2445 1562//1562
f 1562//1562 2445//2445 2789//2789
f 3472//3472 2450//2450 1892//1892
f 3660//3660 3458//3458 3423//3423
f 2933//2933 2037//2037 2825//2825
f 2427//2427 2417//2417 1969//1969
f 2033//2033 2665//2665 1445//1445
f 1969//1969 2417//2417 3236//3236
f 2032//2032 2664//2664 1446//1446
f 3409//3409 24//24 3383//3383
f 1901//1901 2989//2989 2400//2400
f 3417//3417 2697//2697 2857//2857
f 2989//2989 2527//2527 2400//2400
f 2076//2076 2633//2633 2931//2931
f 2696//2696 3416//3416 3113//3113
f 3416//3416 2696//2696 2856//2856
f 2824//2824 2076//2076 2931//2931
f 2376//2376 2696//2696 3113//3113
f 3352//3352 3186//3186 3505//3505
f 2931//2931 2036//2036 2824//2824
f 2790//2790 3270//3270 3346//3346
f 3502//3502 3269//3269 3251//3251
f 2334//2334 2071//2071 2688//2688
f 3270//3270 2790//2790 3179//3179
f 3269//3269 3502//3502 2567//2567
f 2333//2333 2070//2070 2687//2687
f 2162//2162 3193//3193 3353//3353
f 3090//3090 3603//3603 3274//3274
f 3273//3273 2394//2394 3182//3182
f 3273//3273 3182//3182 2476//2476
f 3255//3255 3182//3182 2394//2394
f 1622//1622 3357//3357 2408//2408
f 1615//1615 3357//3357 1622//1622
f 2516//2516 2408//2408 3357//3357
f 2563//2563 3347//3347 3249//3249
f 1479//1479 1475//1475 2229//2229
f 1474//1474 1478//1478 2228//2228
f 1477//1477 1473//1473 2227//2227
f 1472//1472 1476//1476 2226//2226
f 2472//2472 3603//3603 3198//3198
f 3603//3603 2413//2413 3198//3198
f 1856//1856 3229//3229 3136//3136
f 3007//3007 1856//1856 3136//3136
f 14//14 3423//3423 3107//3107
f 3072//3072 2372//2372 3356//3356
f 2372//2372 1603//1603 3356//3356
f 2162//2162 1996//1996 2924//2924
f 3079//3079 2440//2440 2390//2390
f 2390//2390 2587//2587 3079//3079
f 3353//3353 1996//1996 2162//2162
f 2630//2630 2124//2124 1737//1737
f 1713//1713 2630//2630 1737//1737
f 1596//1596 3531//3531 2913//2913
f 2913//2913 3181//3181 1596//1596
f 1902//1902 3151//3151 1945//1945
f 2805//2805 2451//2451 3056//3056
f 1468//1468 2862//2862 1740//1740
f 2441//2441 2805//2805 3056//3056
f 3296//3296 1883//1883 3073//3073
f 1658//1658 3542//3542 3196//3196
f 3196//3196 1646//1646 1658//1658
f 3151//3151 1902//1902 2389//2389
f 3542//3542 3262//3262 3196//3196
f 2344//2344 1823//1823 1844//1844
f 2862//2862 1468//1468 1464//1464
f 3100//3100 1504//1504 3345//3345
f 1504//1504 1499//1499 3345//3345
f 1823//1823 2292//2292 1844//1844
f 1471//1471 1467//1467 2262//2262
f 3090//3090 2413//2413 3603//3603
f 2342//2342 1821//1821 1842//1842
f 1499//1499 1504//1504 3064//3064
f 2675//2675 2065//2065 2807//2807
f 2262//2262 1797//1797 1471//1471
f 3340//3340 2529//2529 2551//2551
f 3340//3340 2551//2551 3121//3121
f 2673//2673 2063//2063 2806//2806
f 2452//2452 3213//3213 3212//3212
f 2209//2209 1471//1471 1797//1797
f 3378//3378 1958//1958 3231//3231
f 3458//3458 3660//3660 3628//3628
f 1466//1466 1470//1470 2261//2261
f 1796//1796 2261//2261 1470//1470
f 1470//1470 2208//2208 1796//1796
f 1469//1469 1465//1465 2260//2260
f 2260//2260 1795//1795 1469//1469
f 2207//2207 1469//1469 1795//1795
f 1464//1464 1468//1468 2263//2263
f 1794//1794 2263//2263 1468//1468
f 1468//1468 2206//2206 1794//1794
f 1821//1821 2290//2290 1842//1842
f 2333//2333 2898//2898 2060//2060
f 1847//1847 2333//2333 1754//1754
f 1847//1847 2898//2898 2333//2333
f 2452//2452 3212//3212 3036//3036
f 2334//2334 2899//2899 2061//2061
f 1848//1848 2334//2334 1755//1755
f 1848//1848 2899//2899 2334//2334
f 2564//2564 2957//2957 3250//3250
f 2957//2957 2464//2464 3250//3250
f 2114//2114 2134//2134 2874//2874
f 2629//2629 2125//2125 1736//1736
f 1712//1712 2629//2629 1736//1736
f 3212//3212 3213//3213 2410//2410
f 2721//2721 1532//1532 2589//2589
f 3471//3471 1924//1924 2984//2984
f 2720//2720 1531//1531 2588//2588
f 2480//2480 3511//3511 3122//3122
f 2525//2525 3471//3471 2984//2984
f 2116//2116 2136//2136 2875//2875
f 2532//2532 3429//3429 2513//2513
f 3429//3429 3390//3390 2513//2513
f 3577//3577 2526//2526 2358//2358
f 2716//2716 2466//2466 2526//2526
f 2466//2466 2358//2358 2526//2526
f 2132//2132 2020//2020 2764//2764
f 2132//2132 2795//2795 2020//2020
f 2513//2513 2690//2690 2532//2532
f 3430//3430 2533//2533 2514//2514
f 3391//3391 3430//3430 2514//2514
f 2319//2319 2132//2132 2764//2764
f 2534//2534 3147//3147 3136//3136
f 2849//2849 2659//2659 2150//2150
f 2517//2517 2353//2353 1493//1493
f 2353//2353 1925//1925 1493//1493
f 2659//2659 1456//1456 2150//2150
f 2689//2689 2514//2514 2533//2533
f 2133//2133 2021//2021 2765//2765
f 2133//2133 2796//2796 2021//2021
f 2311//2311 1468//1468 1740//1740
f 2320//2320 2133//2133 2765//2765
f 3446//3446 3061//3061 2385//2385
f 2658//2658 2012//2012 1455//1455
f 3422//3422 2570//2570 3106//3106
f 12//12 2847//2847 11//11
f 2570//2570 3480//3480 2453//2453
f 2846//2846 26//26 27//27
f 2453//2453 3106//3106 2570//2570
f 15//15 3660//3660 3423//3423
f 3366//3366 2927//2927 1605//1605
f 2844//2844 118//118 117//117
f 2609//2609 3464//3464 3453//3453
f 3453//3453 2529//2529 2609//2609
f 2385//2385 2584//2584 3068//3068
f 3061//3061 2584//2584 2385//2385
f 3465//3465 2608//2608 3452//3452
f 2528//2528 3452//3452 2608//2608
f 1630//1630 2408//2408 1646//1646
f 3659//3659 132//132 3544//3544
f 3366//3366 1600//1600 2927//2927
f 2700//2700 2850//2850 2012//2012
f 2394//2394 3273//3273 2461//2461
f 1470//1470 2864//2864 1742//1742
f 3115//3115 3484//3484 3116//3116
f 1939//1939 3115//3115 3116//3116
f 3099//3099 3116//3116 3484//3484
f 2573//2573 1646//1646 2408//2408
f 2520//2520 2293//2293 2666//2666
f 2666//2666 3474//3474 2520//2520
f 2850//2850 1455//1455 2012//2012
f 1778//1778 2194//2194 2254//2254
f 1479//1479 2229//2229 1483//1483
f 2228//2228 1478//1478 1482//1482
f 1477//1477 2227//2227 1481//1481
f 2226//2226 1476//1476 1480//1480
f 3097//3097 1886//1886 1881//1881
f 1979//1979 3238//3238 3324//3324
f 1776//1776 2192//2192 2252//2252
f 1886//1886 3097//3097 3306//3306
f 2507//2507 3458//3458 2606//2606
f 3458//3458 2507//2507 3039//3039
f 2239//2239 1464//1464 1815//1815
f 1815//1815 2251//2251 2239//2239
f 1815//1815 1464//1464 2263//2263
f 1467//1467 2238//2238 1814//1814
f 3097//3097 2499//2499 1439//1439
f 2396//2396 3483//3483 3324//3324
f 3238//3238 2491//2491 3324//3324
f 2250//2250 1814//1814 2238//2238
f 1467//1467 1814//1814 2262//2262
f 3097//3097 1439//1439 3306//3306
f 2491//2491 2396//2396 3324//3324
f 3483//3483 1876//1876 3324//3324
f 2237//2237 1466//1466 1813//1813
f 1926//1926 3194//3194 2737//2737
f 2031//2031 2996//2996 2778//2778
f 1495//1495 1926//1926 2737//2737
f 1884//1884 3297//3297 3074//3074
f 2030//2030 2995//2995 2777//2777
f 2864//2864 1470//1470 1466//1466
f 1645//1645 3233//3233 1629//1629
f 1629//1629 3540//3540 1645//1645
f 1512//1512 3387//3387 2398//2398
f 2458//2458 1512//1512 3086//3086
f 1813//1813 2249//2249 2237//2237
f 1813//1813 1466//1466 2261//2261
f 1465//1465 2236//2236 1812//1812
f 2947//2947 2167//2167 2320//2320
f 2133//2133 2320//2320 2167//2167
f 1526//1526 2947//2947 2320//2320
f 2946//2946 2166//2166 2319//2319
f 2132//2132 2319//2319 2166//2166
f 1524//1524 2946//2946 2319//2319
f 2248//2248 1812//1812 2236//2236
f 1465//1465 1812//1812 2260//2260
f 3387//3387 1512//1512 2458//2458
f 2313//2313 1470//1470 1742//1742
f 2722//2722 2916//2916 2149//2149
f 1764//1764 1721//1721 1731//1731
f 1764//1764 2875//2875 2136//2136
f 2875//2875 1764//1764 1731//1731
f 2916//2916 2103//2103 2149//2149
f 2964//2964 2077//2077 2119//2119
f 3006//3006 2964//2964 1737//1737
f 2119//2119 1737//1737 2964//2964
f 2963//2963 2076//2076 2118//2118
f 3005//3005 2963//2963 1736//1736
f 2118//2118 1736//1736 2963//2963
f 1762//1762 1719//1719 1729//1729
f 3260//3260 2419//2419 3076//3076
f 1762//1762 2874//2874 2134//2134
f 3260//3260 2461//2461 2419//2419
f 2874//2874 1762//1762 1729//1729
f 2306//2306 3578//3578 2381//2381
f 1637//1637 3275//3275 2494//2494
f 3178//3178 2384//2384 3085//3085
f 2418//2418 1633//1633 2435//2435
f 3275//3275 3257//3257 2494//2494
f 2384//2384 3178//3178 1519//1519
f 2435//2435 1633//1633 3127//3127
f 2306//2306 2381//2381 3165//3165
f 3143//3143 2936//2936 3231//3231
f 1859//1859 1863//1863 1907//1907
f 1859//1859 2484//2484 1863//1863
f 2098//2098 2103//2103 2916//2916
f 1597//1597 2695//2695 1857//1857
f 2936//2936 1595//1595 3231//3231
f 3560//3560 3428//3428 3500//3500
f 125//125 3560//3560 3500//3500
f 3560//3560 125//125 124//124
f 1662//1662 3187//3187 2876//2876
f 1632//1632 3195//3195 1648//1648
f 3659//3659 2845//2845 133//133
f 3188//3188 1663//1663 2877//2877
f 2437//2437 3578//3578 2306//2306
f 3188//3188 1911//1911 1663//1663
f 3578//3578 2437//2437 2286//2286
f 1506//1506 1500//1500 3047//3047
f 2802//2802 2112//2112 2617//2617
f 2353//2353 3405//3405 1501//1501
f 1735//1735 2802//2802 2617//2617
f 1501//1501 3386//3386 2353//2353
f 2381//2381 3080//3080 1441//1441
f 2664//2664 1525//1525 2694//2694
f 1441//1441 3165//3165 2381//2381
f 1446//1446 2664//2664 2694//2694
f 2665//2665 1527//1527 2693//2693
f 1445//1445 2665//2665 2693//2693
f 3052//3052 2548//2548 3456//3456
f 3362//3362 3456//3456 2548//2548
f 1617//1617 1608//1608 3546//3546
f 1608//1608 2403//2403 3546//3546
f 3463//3463 3167//3167 3299//3299
f 1914//1914 3167//3167 3463//3463
f 1977//1977 3511//3511 2480//2480
f 2480//2480 2655//2655 1977//1977
f 3511//3511 1977//1977 1900//1900
f 3201//3201 2966//2966 1664//1664
f 3287//3287 2587//2587 2542//2542
f 2587//2587 3404//3404 2542//2542
f 2255//2255 1779//1779 2247//2247
f 2195//2195 1779//1779 2255//2255
f 3055//3055 2555//2555 2805//2805
f 2253//2253 1777//1777 2246//2246
f 2193//2193 1777//1777 2253//2253
f 2863//2863 2312//2312 1741//1741
f 22//22 3450//3450 3277//3277
f 2943//2943 2325//2325 1953//1953
f 2325//2325 1735//1735 1953//1953
f 3255//3255 2549//2549 3182//3182
f 2942//2942 2326//2326 1952//1952
f 2326//2326 1734//1734 1952//1952
f 2555//2555 2450//2450 2805//2805
f 3379//3379 1499//1499 3064//3064
f 3464//3464 2609//2609 3038//3038
f 2509//2509 3038//3038 2609//2609
f 2820//2820 2564//2564 1611//1611
f 2297//2297 3018//3018 2955//2955
f 1710//1710 2763//2763 2665//2665
f 2298//2298 3019//3019 2956//2956
f 2763//2763 1527//1527 2665//2665
f 1932//1932 1597//1597 1857//1857
f 2821//2821 2565//2565 1612//1612
f 2753//2753 1612//1612 2565//2565
f 2068//2068 2906//2906 2975//2975
f 2069//2069 1743//1743 3027//3027
f 3025//3025 2906//2906 2068//2068
f 2906//2906 1551//1551 2975//2975
f 2068//2068 1741//1741 3025//3025
f 1711//1711 2762//2762 2664//2664
f 2762//2762 1525//1525 2664//2664
f 3320//3320 2486//2486 3376//3376
f 2547//2547 3376//3376 2486//2486
f 2723//2723 2917//2917 2151//2151
f 2839//2839 2846//2846 1810//1810
f 2610//2610 3152//3152 2618//2618
f 2130//2130 2839//2839 1810//1810
f 3376//3376 2485//2485 3319//3319
f 3184//3184 1944//1944 3292//3292
f 2535//2535 3375//3375 3307//3307
f 2069//2069 2908//2908 2976//2976
f 1638//1638 2386//2386 3478//3478
f 2624//2624 3092//3092 3302//3302
f 3037//3037 1670//1670 1660//1660
f 2717//2717 2321//2321 3035//3035
f 3328//3328 1660//1660 1670//1670
f 2502//2502 3103//3103 1966//1966
f 3091//3091 2623//2623 3301//3301
f 1892//1892 2923//2923 3472//3472
f 3474//3474 3472//3472 2923//2923
f 2104//2104 1720//1720 2782//2782
f 2064//2064 2001//2001 2604//2604
f 2712//2712 2064//2064 2604//2604
f 3027//3027 2908//2908 2069//2069
f 2062//2062 2000//2000 2603//2603
f 2711//2711 2062//2062 2603//2603
f 2908//2908 1552//1552 2976//2976
f 2102//2102 1718//1718 2781//2781
f 2367//2367 3184//3184 2368//2368
f 3184//3184 3292//3292 2368//2368
f 2917//2917 2105//2105 2151//2151
f 3284//3284 2556//2556 3191//3191
f 3284//3284 3191//3191 3399//3399
f 2428//2428 3191//3191 2556//2556
f 2902//2902 3467//3467 2953//2953
f 2953//2953 2409//2409 2902//2902
f 2902//2902 2409//2409 1502//1502
f 3467//3467 2902//2902 2994//2994
f 2157//2157 2959//2959 1720//1720
f 2111//2111 176//176 175//175
f 1720//1720 2959//2959 1763//1763
f 2110//2110 181//181 182//182
f 2845//2845 3659//3659 3544//3544
f 2099//2099 2105//2105 2917//2917
f 3553//3553 3584//3584 3309//3309
f 3355//3355 1438//1438 2495//2495
f 3548//3548 3355//3355 2495//2495
f 2512//2512 2579//2579 3216//3216
f 3548//3548 2495//2495 3401//3401
f 2825//2825 1454//1454 2904//2904
f 2824//2824 1452//1452 2903//2903
f 1944//1944 3184//3184 1882//1882
f 3509//3509 2039//2039 2728//2728
f 3547//3547 3584//3584 3059//3059
f 3508//3508 2038//2038 2727//2727
f 2104//2104 2150//2150 2169//2169
f 3317//3317 1914//1914 3368//3368
f 1861//1861 3317//3317 3368//3368
f 1453//1453 1848//1848 1755//1755
f 2707//2707 2988//2988 1707//1707
f 1451//1451 1847//1847 1754//1754
f 2705//2705 2986//2986 1705//1705
f 2064//2064 2674//2674 2001//2001
f 2001//2001 2674//2674 1929//1929
f 2062//2062 2672//2672 2000//2000
f 2000//2000 2672//2672 1928//1928
f 3056//3056 2556//2556 3284//3284
f 2579//2579 1932//1932 3216//3216
f 3201//3201 2441//2441 1665//1665
f 2102//2102 2148//2148 2171//2171
f 3201//3201 1672//1672 2966//2966
f 3337//3337 2447//2447 2488//2488
f 3300//3300 2488//2488 2447//2447
f 1862//1862 2536//2536 2366//2366
f 1453//1453 2003//2003 2663//2663
f 1755//1755 2003//2003 1453//1453
f 3133//3133 1862//1862 2366//2366
f 1451//1451 2002//2002 2662//2662
f 1754//1754 2002//2002 1451//1451
f 2409//2409 3303//3303 1502//1502
f 1672//1672 3201//3201 1665//1665
f 3454//3454 3479//3479 3310//3310
f 2507//2507 3310//3310 3479//3479
f 1636//1636 3233//3233 1662//1662
f 3033//3033 2954//2954 3034//3034
f 2748//2748 3034//3034 1444//1444
f 3034//3034 2748//2748 3033//3033
f 2954//2954 2716//2716 3034//3034
f 3012//3012 2181//2181 1761//1761
f 2170//2170 3012//3012 1761//1761
f 3308//3308 3602//3602 3428//3428
f 2442//2442 2999//2999 3291//3291
f 3012//3012 2215//2215 2181//2181
f 3010//3010 2179//2179 1760//1760
f 2168//2168 3010//3010 1760//1760
f 3428//3428 3560//3560 3308//3308
f 3000//3000 2443//2443 3292//3292
f 3010//3010 2214//2214 2179//2179
f 1701//1701 2730//2730 2030//2030
f 3602//3602 3459//3459 3428//3428
f 2240//2240 1701//1701 2030//2030
f 2796//2796 1753//1753 2035//2035
f 2503//2503 2998//2998 1947//1947
f 1947//1947 3251//3251 2503//2503
f 3487//3487 2462//2462 3262//3262
f 2795//2795 1752//1752 2034//2034
f 3612//3612 2069//2069 2622//2622
f 1985//1985 1636//1636 1662//1662
f 2667//2667 3144//3144 2410//2410
f 2410//2410 3213//3213 2667//2667
f 2143//2143 1459//1459 2204//2204
f 2214//2214 3010//3010 203//203
f 2768//2768 2204//2204 1459//1459
f 2145//2145 2181//2181 2215//2215
f 2143//2143 2179//2179 2214//2214
f 2218//2218 2214//2214 203//203
f 2418//2418 2378//2378 3077//3077
f 3075//3075 2418//2418 3077//3077
f 2215//2215 3012//3012 154//154
f 2352//2352 3480//3480 2501//2501
f 2378//2378 2418//2418 3248//3248
f 3009//3009 2352//2352 2501//2501
f 3279//3279 3200//3200 1866//1866
f 3200//3200 1867//1867 1866//1866
f 1967//1967 3210//3210 3539//3539
f 2220//2220 2215//2215 154//154
f 2838//2838 2844//2844 1808//1808
f 1951//1951 1967//1967 3539//3539
f 2852//2852 2565//2565 2632//2632
f 2565//2565 2007//2007 2632//2632
f 1774//1774 2134//2134 2114//2114
f 2456//2456 2070//2070 3263//3263
f 3181//3181 2913//2913 2498//2498
f 2070//2070 1981//1981 3263//3263
f 2134//2134 1774//1774 197//197
f 1775//1775 2136//2136 2116//2116
f 2728//2728 2039//2039 1689//1689
f 2136//2136 1775//1775 160//160
f 3220//3220 3101//3101 3096//3096
f 2039//2039 2701//2701 1689//1689
f 3101//3101 1880//1880 3096//3096
f 3358//3358 3214//3214 3015//3015
f 2645//2645 3358//3358 3015//3015
f 3303//3303 3412//3412 3104//3104
f 3254//3254 2550//2550 3183//3183
f 3412//3412 1500//1500 3104//3104
f 2762//2762 1538//1538 1525//1525
f 2592//2592 1525//1525 1538//1538
f 3225//3225 2395//2395 2449//2449
f 2763//2763 1540//1540 1527//1527
f 1916//1916 2983//2983 3171//3171
f 2593//2593 1527//1527 1540//1540
f 1877//1877 3225//3225 2449//2449
f 132//132 3659//3659 133//133
f 2559//2559 3327//3327 2422//2422
f 2951//2951 1902//1902 1494//1494
f 2532//2532 2690//2690 3349//3349
f 2422//2422 3327//3327 3373//3373
f 1700//1700 2241//2241 2842//2842
f 2128//2128 2838//2838 1808//1808
f 2241//2241 1560//1560 2842//2842
f 1701//1701 2240//2240 2843//2843
f 1943//1943 3327//3327 1882//1882
f 2240//2240 1559//1559 2843//2843
f 2838//2838 2084//2084 2711//2711
f 2084//2084 2062//2062 2711//2711
f 2839//2839 2085//2085 2712//2712
f 3239//3239 1620//1620 2460//2460
f 2085//2085 2064//2064 2712//2712
f 2900//2900 3658//3658 1595//1595
f 1620//1620 2387//2387 2460//2460
f 2575//2575 2469//2469 2479//2479
f 3290//3290 2357//2357 3032//3032
f 3109//3109 2575//2575 2479//2479
f 3392//3392 3171//3171 2983//2983
f 1904//1904 1919//1919 3273//3273
f 2726//2726 1554//1554 2255//2255
f 2726//2726 2861//2861 2087//2087
f 2800//2800 2596//2596 2737//2737
f 1454//1454 2800//2800 2737//2737
f 2037//2037 2800//2800 1454//1454
f 2799//2799 2595//2595 2736//2736
f 1452//1452 2799//2799 2736//2736
f 2036//2036 2799//2799 1452//1452
f 2067//2067 2719//2719 2714//2714
f 3232//3232 3171//3171 3043//3043
f 2066//2066 2718//2718 2713//2713
f 2643//2643 3232//3232 3043//3043
f 2918//2918 2270//2270 2660//2660
f 2270//2270 1613//1613 2660//2660
f 2651//2651 3538//3538 2650//2650
f 2861//2861 2726//2726 2255//2255
f 2725//2725 1553//1553 2253//2253
f 2725//2725 2859//2859 2086//2086
f 2859//2859 2725//2725 2253//2253
f 1765//1765 2961//2961 199//199
f 2137//2137 1765//1765 198//198
f 198//198 1765//1765 199//199
f 1763//1763 2959//2959 158//158
f 2135//2135 1763//1763 159//159
f 159//159 1763//1763 158//158
f 2960//2960 1764//1764 158//158
f 1764//1764 2136//2136 159//159
f 1764//1764 159//159 158//158
f 2958//2958 1762//1762 199//199
f 1916//1916 3171//3171 3232//3232
f 1762//1762 2134//2134 198//198
f 2451//2451 3473//3473 1893//1893
f 3327//3327 1943//1943 3373//3373
f 1874//1874 2698//2698 3175//3175
f 1762//1762 198//198 199//199
f 2239//2239 1458//1458 3508//3508
f 1951//1951 1862//1862 3192//3192
f 2006//2006 2808//2808 2631//2631
f 2784//2784 1722//1722 1537//1537
f 1888//1888 2993//2993 3173//3173
f 1533//1533 2808//2808 2160//2160
f 2881//2881 1888//1888 1676//1676
f 1887//1887 2992//2992 3172//3172
f 2808//2808 2006//2006 2160//2160
f 1823//1823 2344//2344 1487//1487
f 2344//2344 1801//1801 1487//1487
f 2343//2343 1822//1822 1486//1486
f 1800//1800 2343//2343 1486//1486
f 1821//1821 2342//2342 1485//1485
f 2342//2342 1799//1799 1485//1485
f 2341//2341 1820//1820 1484//1484
f 1798//1798 2341//2341 1484//1484
f 2880//2880 1887//1887 1675//1675
f 3056//3056 2451//2451 2556//2556
f 2667//2667 3475//3475 3144//3144
f 2294//2294 2519//2519 2667//2667
f 1537//1537 2766//2766 2784//2784
f 3236//3236 1881//1881 1886//1886
f 3475//3475 2667//2667 2519//2519
f 2561//2561 1671//1671 3329//3329
f 2556//2556 2451//2451 1893//1893
f 3504//3504 3351//3351 1894//1894
f 3351//3351 1987//1987 1894//1894
f 1458//1458 2239//2239 1568//1568
f 3354//3354 3215//3215 3014//3014
f 2521//2521 2437//2437 2306//2306
f 3215//3215 3354//3354 2517//2517
f 1780//1780 2905//2905 2182//2182
f 1555//1555 1780//1780 2182//2182
f 1782//1782 2907//2907 2183//2183
f 1556//1556 1782//1782 2183//2183
f 1621//1621 3524//3524 3197//3197
f 2710//2710 3494//3494 1598//1598
f 3037//3037 3208//3208 2393//2393
f 3037//3037 1660//1660 3208//3208
f 3494//3494 2710//2710 1858//1858
f 2786//2786 1724//1724 1539//1539
f 207//207 2310//2310 208//208
f 1539//1539 2767//2767 2786//2786
f 2309//2309 150//150 149//149
f 3524//3524 1606//1606 3197//3197
f 150//150 2308//2308 149//149
f 1609//1609 2820//2820 3141//3141
f 2307//2307 207//207 208//208
f 2914//2914 1609//1609 3141//3141
f 2914//2914 3141//3141 2463//2463
f 2954//2954 2321//2321 3098//3098
f 2321//2321 2717//2717 3098//3098
f 2659//2659 2014//2014 1456//1456
f 2681//2681 1545//1545 2856//2856
f 1610//1610 3417//3417 2857//2857
f 2681//2681 2856//2856 2696//2696
f 2857//2857 2161//2161 1610//1610
f 3416//3416 1609//1609 3113//3113
f 1609//1609 3416//3416 2856//2856
f 2321//2321 2954//2954 2540//2540
f 2856//2856 2160//2160 1609//1609
f 2682//2682 1546//1546 2857//2857
f 2682//2682 2857//2857 2697//2697
f 3205//3205 3197//3197 1606//1606
f 1858//1858 3317//3317 3223//3223
f 2174//2174 1679//1679 2741//2741
f 2175//2175 1680//1680 2742//2742
f 2457//2457 2071//2071 3266//3266
f 2071//2071 1982//1982 3266//3266
f 2379//2379 1626//1626 2462//2462
f 3420//3420 2478//2478 3251//3251
f 3120//3120 3459//3459 2546//2546
f 2462//2462 1959//1959 2379//2379
f 2379//2379 1959//1959 3134//3134
f 3390//3390 2776//2776 3334//3334
f 2513//2513 3390//3390 3334//3334
f 3041//3041 3371//3371 1438//1438
f 3232//3232 2387//2387 3203//3203
f 3371//3371 2359//2359 1438//1438
f 2005//2005 2671//2671 1576//1576
f 1576//1576 1803//1803 2005//2005
f 1621//1621 3197//3197 1629//1629
f 2004//2004 2670//2670 1575//1575
f 1575//1575 1802//1802 2004//2004
f 2577//2577 1621//1621 1629//1629
f 3197//3197 1625//1625 1629//1629
f 3599//3599 3354//3354 3014//3014
f 2375//2375 3354//3354 3599//3599
f 3253//3253 2375//2375 3599//3599
f 1769//1769 2259//2259 2109//2109
f 1449//1449 2899//2899 2080//2080
f 3502//3502 3251//3251 2478//2478
f 2258//2258 1768//1768 2108//2108
f 1447//1447 2898//2898 2078//2078
f 2944//2944 1722//1722 2890//2890
f 1767//1767 2257//2257 2107//2107
f 2732//2732 1882//1882 3327//3327
f 2701//2701 2851//2851 2014//2014
f 2256//2256 1766//1766 2106//2106
f 3524//3524 3397//3397 2270//2270
f 3529//3529 2270//2270 3397//3397
f 3545//3545 2628//2628 3437//3437
f 3502//3502 2561//2561 2567//2567
f 3257//3257 3275//3275 2511//2511
f 3395//3395 2602//2602 1931//1931
f 3403//3403 1931//1931 2602//2602
f 2365//2365 3403//3403 2602//2602
f 3576//3576 3146//3146 3227//3227
f 3001//3001 3227//3227 3146//3146
f 3146//3146 2515//2515 3001//3001
f 3353//3353 2484//2484 1996//1996
f 3078//3078 2484//2484 3353//3353
f 2007//2007 2809//2809 2632//2632
f 2851//2851 1456//1456 2014//2014
f 1535//1535 2809//2809 2161//2161
f 3055//3055 3201//3201 1664//1664
f 3201//3201 3055//3055 2441//2441
f 3055//3055 2805//2805 2441//2441
f 2402//2402 3194//3194 3069//3069
f 3069//3069 1997//1997 2402//2402
f 1926//1926 3069//3069 3194//3194
f 3334//3334 1864//1864 3368//3368
f 2809//2809 2007//2007 2161//2161
f 2787//2787 1725//1725 191//191
f 190//190 2787//2787 191//191
f 2944//2944 1537//1537 1722//1722
f 2785//2785 1723//1723 166//166
f 1667//1667 3341//3341 2853//2853
f 167//167 2785//2785 166//166
f 2237//2237 1460//1460 3509//3509
f 2945//2945 1724//1724 2892//2892
f 2686//2686 2041//2041 2809//2809
f 2809//2809 1535//1535 2686//2686
f 2685//2685 2040//2040 2808//2808
f 2808//2808 1533//1533 2685//2685
f 3117//3117 3181//3181 2498//2498
f 3469//3469 18//18 2654//2654
f 1610//1610 2821//2821 3114//3114
f 2915//2915 1610//1610 3114//3114
f 2945//2945 1539//1539 1724//1724
f 2822//2822 2052//2052 2376//2376
f 2052//2052 2696//2696 2376//2376
f 3060//3060 2448//2448 1871//1871
f 3080//3080 1871//1871 3326//3326
f 1871//1871 1965//1965 3326//3326
f 2581//2581 2866//2866 2590//2590
f 2735//2735 3204//3204 1635//1635
f 2052//2052 2681//2681 2696//2696
f 2823//2823 2053//2053 2377//2377
f 2867//2867 2582//2582 2591//2591
f 1635//1635 3204//3204 3274//3274
f 2053//2053 2697//2697 2377//2377
f 3053//3053 3610//3610 3469//3469
f 2053//2053 2682//2682 2697//2697
f 2343//2343 2291//2291 1822//1822
f 1460//1460 2237//2237 1566//1566
f 3610//3610 3053//3053 3278//3278
f 3610//3610 17//17 3469//3469
f 2341//2341 2289//2289 1820//1820
f 1724//1724 2786//2786 166//166
f 2786//2786 167//167 166//166
f 1865//1865 3335//3335 3367//3367
f 1865//1865 3367//3367 2575//2575
f 3577//3577 1900//1900 2401//2401
f 1964//1964 1870//1870 3325//3325
f 1907//1907 2511//2511 2683//2683
f 2554//2554 2683//2683 2511//2511
f 2683//2683 1859//1859 1907//1907
f 2526//2526 3577//3577 2401//2401
f 3100//3100 2459//2459 2574//2574
f 1861//1861 2574//2574 2459//2459
f 2797//2797 3522//3522 1741//1741
f 2145//2145 1461//1461 2205//2205
f 1722//1722 2784//2784 191//191
f 2769//2769 2205//2205 1461//1461
f 1457//1457 2145//2145 2205//2205
f 2784//2784 190//190 191//191
f 2582//2582 2867//2867 2921//2921
f 2867//2867 1669//1669 2921//2921
f 1996//1996 3154//3154 2924//2924
f 2704//2704 3490//3490 2329//2329
f 2329//2329 2858//2858 2704//2704
f 2314//2314 1471//1471 2209//2209
f 2985//2985 2329//2329 3490//3490
f 2271//2271 2936//2936 3143//3143
f 2432//2432 2271//2271 3143//3143
f 1470//1470 2313//2313 2208//2208
f 2706//2706 3491//3491 2331//2331
f 2312//2312 1469//1469 2207//2207
f 2331//2331 2860//2860 2706//2706
f 1468//1468 2311//2311 2206//2206
f 1503//1503 3227//3227 3066//3066
f 2987//2987 2331//2331 3491//3491
f 2517//2517 3354//3354 3405//3405
f 3405//3405 3354//3354 3513//3513
f 2639//2639 1518//1518 3073//3073
f 2960//2960 2158//2158 1721//1721
f 2639//2639 3247//3247 1518//1518
f 174//174 3443//3443 2829//2829
f 2960//2960 1721//1721 1764//1764
f 3411//3411 2613//2613 1879//1879
f 183//183 3442//3442 2828//2828
f 1603//1603 2372//2372 3211//3211
f 2829//2829 3440//3440 174//174
f 2601//2601 1930//1930 3396//3396
f 2828//2828 3439//3439 183//183
f 3402//3402 1930//1930 2601//2601
f 2364//2364 3402//3402 2601//2601
f 2613//2613 3411//3411 2398//2398
f 2101//2101 3482//3482 1751//1751
f 2614//2614 3410//3410 1878//1878
f 2755//2755 2101//2101 1751//1751
f 3410//3410 2614//2614 2399//2399
f 2834//2834 1435//1435 3062//3062
f 1435//1435 2834//2834 2283//2283
f 2101//2101 2755//2755 2759//2759
f 2100//2100 3481//3481 1750//1750
f 2754//2754 2100//2100 1750//1750
f 201//201 2171//2171 202//202
f 2790//2790 2997//2997 1934//1934
f 2100//2100 2754//2754 2758//2758
f 2908//2908 1783//1783 1552//1552
f 1783//1783 1554//1554 1552//1552
f 3036//3036 3162//3162 3163//3163
f 3120//3120 1934//1934 2997//2997
f 3162//3162 3168//3168 3163//3163
f 3163//3163 2452//2452 3036//3036
f 2906//2906 1781//1781 1551//1551
f 2835//2835 1436//1436 3063//3063
f 2141//2141 1769//1769 2827//2827
f 1436//1436 2835//2835 2282//2282
f 2790//2790 1934//1934 3179//3179
f 1781//1781 1553//1553 1551//1551
f 2139//2139 1767//1767 2826//2826
f 2963//2963 3005//3005 2050//2050
f 1699//1699 2798//2798 3017//3017
f 2742//2742 1699//1699 3017//3017
f 3311//3311 1873//1873 1971//1971
f 1873//1873 2523//2523 1971//1971
f 2050//2050 2096//2096 2944//2944
f 2096//2096 2050//2050 3005//3005
f 2964//2964 3006//3006 2051//2051
f 156//156 2169//2169 155//155
f 2965//2965 2869//2869 2868//2868
f 2051//2051 2097//2097 2945//2945
f 2097//2097 2051//2051 3006//3006
f 2971//2971 2072//2072 2938//2938
f 2357//2357 3427//3427 2286//2286
f 3378//3378 1626//1626 2379//2379
f 2155//2155 1840//1840 2318//2318
f 1840//1840 10//10 2318//2318
f 2431//2431 1626//1626 3378//3378
f 1839//1839 2154//2154 2317//2317
f 28//28 1839//1839 2317//2317
f 2972//2972 2073//2073 2940//2940
f 1446//1446 2734//2734 2895//2895
f 2153//2153 1838//1838 2316//2316
f 1838//1838 134//134 2316//2316
f 1445//1445 2733//2733 2894//2894
f 1837//1837 2152//2152 2315//2315
f 116//116 1837//1837 2315//2315
f 2588//2588 1531//1531 2370//2370
f 1531//1531 1983//1983 2370//2370
f 2589//2589 1532//1532 2371//2371
f 1532//1532 1984//1984 2371//2371
f 2356//2356 2434//2434 3305//3305
f 2571//2571 2965//2965 2868//2868
f 3161//3161 3344//3344 2616//2616
f 2616//2616 2735//2735 3161//3161
f 3005//3005 2668//2668 2096//2096
f 2668//2668 2122//2122 2096//2096
f 2918//2918 3414//3414 1606//1606
f 2012//2012 2658//2658 2662//2662
f 2012//2012 2662//2662 2018//2018
f 1447//1447 1714//1714 2832//2832
f 2366//2366 2536//2536 1998//1998
f 2784//2784 2882//2882 190//190
f 2882//2882 189//189 190//190
f 3306//3306 1439//1439 3068//3068
f 2786//2786 2884//2884 167//167
f 2884//2884 168//168 167//167
f 2553//2553 3059//3059 2360//2360
f 3428//3428 2360//2360 3059//3059
f 3059//3059 3500//3500 3428//3428
f 3466//3466 2573//2573 2408//2408
f 3181//3181 3142//3142 2937//2937
f 1596//1596 3181//3181 2937//2937
f 1739//1739 2686//2686 1535//1535
f 1546//1546 1739//1739 1535//1535
f 1739//1739 1546//1546 2183//2183
f 1738//1738 2685//2685 1533//1533
f 3413//3413 1603//1603 3314//3314
f 1545//1545 1738//1738 1533//1533
f 1738//1738 1545//1545 2182//2182
f 3006//3006 2669//2669 2097//2097
f 2669//2669 2123//2123 2097//2097
f 3352//3352 3505//3505 1895//1895
f 3352//3352 1988//1988 3282//3282
f 2397//2397 2515//2515 3363//3363
f 2515//2515 2397//2397 3001//3001
f 1988//1988 3352//3352 1895//1895
f 2078//2078 1714//1714 1447//1447
f 3024//3024 1740//1740 2685//2685
f 1714//1714 1702//1702 2832//2832
f 3414//3414 1602//1602 1606//1606
f 1738//1738 3024//3024 2685//2685
f 3576//3576 3227//3227 1503//1503
f 2375//2375 3576//3576 1503//1503
f 3268//3268 2619//2619 3221//3221
f 2560//2560 3328//3328 1670//1670
f 1449//1449 1716//1716 2833//2833
f 1747//1747 1783//1783 2908//2908
f 2080//2080 1716//1716 1449//1449
f 1745//1745 1781//1781 2906//2906
f 1716//1716 1703//1703 2833//2833
f 2429//2429 1878//1878 1892//1892
f 3231//3231 3658//3658 3378//3378
f 1879//1879 2428//2428 1893//1893
f 1893//1893 2428//2428 2556//2556
f 3298//3298 1614//1614 2710//2710
f 1614//1614 3298//3298 2445//2445
f 3069//3069 2479//2479 1997//1997
f 3268//3268 3221//3221 1639//1639
f 1746//1746 3026//3026 1739//1739
f 1819//1819 3415//3415 2093//2093
f 1782//1782 1746//1746 2907//2907
f 3415//3415 1536//1536 2093//2093
f 3126//3126 3268//3268 1639//1639
f 1955//1955 2382//2382 3224//3224
f 1448//1448 2760//2760 2079//2079
f 1450//1450 2761//2761 2081//2081
f 2689//2689 2533//2533 3350//3350
f 1780//1780 1744//1744 2905//2905
f 2598//2598 2367//2367 2599//2599
f 2367//2367 2368//2368 2599//2599
f 2853//2853 2547//2547 3342//3342
f 2684//2684 3389//3389 1915//1915
f 1668//1668 2853//2853 3342//3342
f 3279//3279 2382//2382 1955//1955
f 3353//3353 1925//1925 3078//3078
f 3078//3078 1925//1925 3386//3386
f 1925//1925 2353//2353 3386//3386
f 1903//1903 2684//2684 1915//1915
f 2382//2382 2470//2470 3224//3224
f 3295//3295 1613//1613 2695//2695
f 1613//1613 3295//3295 2444//2444
f 2373//2373 3315//3315 2374//2374
f 2272//2272 2937//2937 3142//3142
f 2433//2433 2272//2272 3142//3142
f 2361//2361 2373//2373 2374//2374
f 2404//2404 2306//2306 3165//3165
f 2521//2521 2306//2306 2404//2404
f 2907//2907 1746//1746 1739//1739
f 1535//1535 2857//2857 1546//1546
f 2904//2904 1454//1454 2163//2163
f 2903//2903 1452//1452 2162//2162
f 2161//2161 2857//2857 1535//1535
f 1533//1533 2856//2856 1545//1545
f 2160//2160 2856//2856 1533//1533
f 3459//3459 3120//3120 2997//2997
f 3070//3070 3630//3630 3468//3468
f 3544//3544 2627//2627 3436//3436
f 2463//2463 2378//2378 3321//3321
f 1652//1652 3244//3244 2467//2467
f 3228//3228 2467//2467 3244//3244
f 11//11 2847//2847 2318//2318
f 3228//3228 3244//3244 1970//1970
f 3245//3245 1653//1653 2468//2468
f 2846//2846 27//27 2317//2317
f 1744//1744 3024//3024 1738//1738
f 3160//3160 1634//1634 3347//3347
f 133//133 2845//2845 2316//2316
f 2983//2983 1923//1923 3093//3093
f 2524//2524 2983//2983 3093//3093
f 2844//2844 117//117 2315//2315
f 2746//2746 1691//1691 2201//2201
f 2201//2201 1691//1691 2095//2095
f 2563//2563 3160//3160 3347//3347
f 2745//2745 1690//1690 2200//2200
f 2200//2200 1690//1690 2094//2094
f 1606//1606 3524//3524 2918//2918
f 2695//2695 3529//3529 3083//3083
f 1857//1857 2695//2695 3083//3083
f 2270//2270 2918//2918 3524//3524
f 2905//2905 1744//1744 1738//1738
f 1749//1749 2988//2988 2827//2827
f 1665//1665 3284//3284 3399//3399
f 3630//3630 3070//3070 3501//3501
f 3241//3241 1665//1665 1657//1657
f 3399//3399 1657//1657 1665//1665
f 2332//2332 2141//2141 2827//2827
f 1564//1564 2141//2141 2332//2332
f 3099//3099 2355//2355 3116//3116
f 2330//2330 2139//2139 2826//2826
f 1563//1563 2139//2139 2330//2330
f 1458//1458 1568//1568 2142//2142
f 1568//1568 2221//2221 2142//2142
f 1541//1541 1818//1818 2724//2724
f 20//20 3468//3468 3630//3630
f 1599//1599 2724//2724 1818//1818
f 3545//3545 3437//3437 2847//2847
f 1747//1747 2209//2209 2245//2245
f 2827//2827 1759//1759 1749//1749
f 3441//3441 3061//3061 2618//2618
f 1700//1700 2729//2729 2031//2031
f 2461//2461 3260//3260 3145//3145
f 1475//1475 1747//1747 2245//2245
f 1745//1745 2207//2207 2243//2243
f 12//12 3545//3545 2847//2847
f 1473//1473 1745//1745 2243//2243
f 2208//2208 1746//1746 2244//2244
f 1746//1746 1474//1474 2244//2244
f 3544//3544 3436//3436 2845//2845
f 2206//2206 1744//1744 2242//2242
f 1744//1744 1472//1472 2242//2242
f 2413//2413 3272//3272 3198//3198
f 1748//1748 2986//2986 2826//2826
f 2826//2826 1757//1757 1748//1748
f 3455//3455 1618//1618 3141//3141
f 3455//3455 1611//1611 3123//3123
f 3141//3141 1611//1611 3455//3455
f 3271//3271 3338//3338 3365//3365
f 2446//2446 3338//3338 3271//3271
f 3658//3658 3231//3231 1595//1595
f 1707//1707 2817//2817 2707//2707
f 2817//2817 2087//2087 2707//2707
f 2014//2014 2659//2659 2663//2663
f 1705//1705 2816//2816 2705//2705
f 2816//2816 2086//2086 2705//2705
f 3377//3377 2440//2440 3079//3079
f 2753//2753 2489//2489 2500//2500
f 1498//1498 3377//3377 3079//3079
f 3380//3380 1602//1602 3336//3336
f 2465//2465 1945//1945 2489//2489
f 2430//2430 2494//2494 3257//3257
f 2065//2065 2628//2628 2454//2454
f 2807//2807 2065//2065 2454//2454
f 2454//2454 2709//2709 3107//3107
f 2709//2709 2454//2454 2628//2628
f 2063//2063 2627//2627 2453//2453
f 2806//2806 2063//2063 2453//2453
f 2453//2453 2708//2708 3106//3106
f 2708//2708 2453//2453 2627//2627
f 3377//3377 1498//1498 1496//1496
f 2467//2467 3228//3228 2965//2965
f 2467//2467 2965//2965 2581//2581
f 1773//1773 2801//2801 2269//2269
f 2801//2801 1734//1734 2269//2269
f 2014//2014 2663//2663 2019//2019
f 2608//2608 3465//3465 3045//3045
f 3045//3045 2508//2508 2608//2608
f 3559//3559 1631//1631 1647//1647
f 1631//1631 1637//1637 3234//3234
f 3234//3234 1647//1647 1631//1631
f 2241//2241 1700//1700 2031//2031
f 3224//3224 3559//3559 1653//1653
f 2717//2717 2466//2466 3098//3098
f 2466//2466 2717//2717 3283//3283
f 3211//3211 1608//1608 3314//3314
f 3314//3314 1603//1603 3211//3211
f 2820//2820 1611//1611 3141//3141
f 2735//2735 3258//3258 3366//3366
f 3204//3204 2735//2735 3366//3366
f 3224//3224 1653//1653 2427//2427
f 3249//3249 2753//2753 2500//2500
f 2865//2865 2314//2314 1743//1743
f 1772//1772 2802//2802 2268//2268
f 2802//2802 1735//1735 2268//2268
f 2466//2466 2716//2716 3098//3098
f 3309//3309 3556//3556 3553//3553
f 2716//2716 2954//2954 3098//3098
f 3117//3117 3279//3279 2414//2414
f 3556//3556 126//126 3553//3553
f 3145//3145 2394//2394 2461//2461
f 1732//1732 3490//3490 1704//1704
f 1704//1704 2672//2672 1732//1732
f 2251//2251 1815//1815 206//206
f 3235//3235 1889//1889 3408//3408
f 3317//3317 2537//2537 1914//1914
f 3167//3167 1914//1914 2537//2537
f 3354//3354 2375//2375 3513//3513
f 1814//1814 2250//2250 151//151
f 2155//2155 1787//1787 1807//1807
f 1807//1807 1787//1787 1588//1588
f 1786//1786 2154//2154 1806//1806
f 1786//1786 1806//1806 1587//1587
f 2249//2249 1813//1813 151//151
f 2153//2153 1785//1785 1805//1805
f 1805//1805 1785//1785 1586//1586
f 1784//1784 2152//2152 1804//1804
f 1784//1784 1804//1804 1585//1585
f 1812//1812 2248//2248 206//206
f 2580//2580 1933//1933 2510//2510
f 3249//3249 1612//1612 2753//2753
f 2598//2598 3501//3501 3070//3070
f 3184//3184 1943//1943 1882//1882
f 3212//3212 3247//3247 3036//3036
f 1733//1733 3491//3491 1706//1706
f 1706//1706 2674//2674 1733//1733
f 1903//1903 2516//2516 3357//3357
f 1915//1915 2516//2516 1903//1903
f 3343//3343 1940//1940 3072//3072
f 1940//1940 2372//2372 3072//3072
f 3051//3051 2502//2502 2397//2397
f 1534//1534 1530//1530 2975//2975
f 2382//2382 3279//3279 3117//3117
f 2502//2502 3322//3322 2397//2397
f 3279//3279 1866//1866 2414//2414
f 3300//3300 1641//1641 3274//3274
f 1641//1641 1635//1635 3274//3274
f 1748//1748 2129//2129 2803//2803
f 2740//2740 1542//1542 2426//2426
f 2639//2639 3036//3036 3247//3247
f 1749//1749 2131//2131 2804//2804
f 3026//3026 1742//1742 2686//2686
f 3301//3301 3111//3111 1516//1516
f 3111//3111 3128//3128 1516//1516
f 3301//3301 2295//2295 3111//3111
f 1923//1923 3365//3365 1936//1936
f 3499//3499 3031//3031 3450//3450
f 2605//2605 3450//3450 3031//3031
f 3031//3031 2506//2506 2605//2605
f 2735//2735 1635//1635 3161//3161
f 3400//3400 2552//2552 1607//1607
f 2360//2360 3428//3428 3459//3459
f 1739//1739 3026//3026 2686//2686
f 2615//2615 3176//3176 2699//2699
f 3176//3176 1875//1875 2699//2699
f 1460//1460 1566//1566 2144//2144
f 3092//3092 3119//3119 2411//2411
f 3658//3658 2900//2900 3378//3378
f 2415//2415 3119//3119 3092//3092
f 2586//2586 1884//1884 3370//3370
f 3118//3118 3091//3091 2412//2412
f 3391//3391 1884//1884 2586//2586
f 2929//2929 2638//2638 2272//2272
f 1678//1678 2929//2929 2272//2272
f 2928//2928 2637//2637 2271//2271
f 1677//1677 2928//2928 2271//2271
f 1566//1566 2219//2219 2144//2144
f 2771//2771 2746//2746 2031//2031
f 2746//2746 2201//2201 2031//2031
f 2669//2669 1737//1737 2124//2124
f 2770//2770 2745//2745 2030//2030
f 2668//2668 1736//1736 2125//2125
f 1883//1883 2585//2585 3369//3369
f 2745//2745 2200//2200 2030//2030
f 1883//1883 3390//3390 2585//2585
f 3207//3207 1897//1897 3150//3150
f 3289//3289 2551//2551 3547//3547
f 1493//1493 3215//3215 2517//2517
f 2362//2362 3535//3535 3046//3046
f 2642//2642 3207//3207 3150//3150
f 3289//3289 3547//3547 2998//2998
f 2351//2351 3535//3535 2362//2362
f 2362//2362 3488//3488 2351//2351
f 2954//2954 2541//2541 2540//2540
f 1457//1457 2723//2723 2151//2151
f 2601//2601 2949//2949 2364//2364
f 2602//2602 2950//2950 2365//2365
f 3446//3446 2324//2324 2359//2359
f 2324//2324 1438//1438 2359//2359
f 3162//3162 3036//3036 2639//2639
f 2685//2685 1740//1740 2040//2040
f 2899//2899 1449//1449 2061//2061
f 1576//1576 2061//2061 1449//1449
f 2898//2898 1447//1447 2060//2060
f 1575//1575 2060//2060 1447//1447
f 1740//1740 2751//2751 2040//2040
f 2817//2817 2993//2993 1888//1888
f 3150//3150 1897//1897 1891//1891
f 3316//3316 2537//2537 3088//3088
f 2881//2881 2817//2817 1888//1888
f 3361//3361 3457//3457 3000//3000
f 2860//2860 2254//2254 2910//2910
f 1728//1728 1765//1765 2137//2137
f 3456//3456 3362//3362 2999//2999
f 3112//3112 3302//3302 1517//1517
f 3335//3335 1865//1865 3391//3391
f 3408//3408 1889//1889 1968//1968
f 1885//1885 3408//3408 1968//1968
f 3129//3129 3112//3112 1517//1517
f 2296//2296 3302//3302 3112//3112
f 1655//1655 3329//3329 3268//3268
f 1865//1865 1884//1884 3391//3391
f 2567//2567 3329//3329 1655//1655
f 3328//3328 1654//1654 3267//3267
f 3425//3425 1654//1654 2566//2566
f 3328//3328 2566//2566 1654//1654
f 3172//3172 3009//3009 1904//1904
f 2476//2476 3172//3172 1904//1904
f 1615//1615 3393//3393 3357//3357
f 2254//2254 1556//1556 2910//2910
f 2858//2858 2252//2252 2909//2909
f 2557//2557 3028//3028 3122//3122
f 2557//2557 3122//3122 2358//2358
f 3313//3313 2436//2436 2419//2419
f 1718//1718 1765//1765 1728//1728
f 2050//2050 2944//2944 2890//2890
f 2890//2890 1543//1543 2050//2050
f 2058//2058 2050//2050 1543//1543
f 2252//2252 1555//1555 2909//2909
f 1620//1620 2471//2471 3203//3203
f 2051//2051 2945//2945 2892//2892
f 1652//1652 2416//2416 3244//3244
f 3282//3282 2393//2393 1987//1987
f 2892//2892 1544//1544 2051//2051
f 2059//2059 2051//2051 1544//1544
f 2417//2417 1653//1653 3245//3245
f 1987//1987 3351//3351 3282//3282
f 2385//2385 3068//3068 1439//1439
f 1730//1730 1763//1763 2135//2135
f 1865//1865 3297//3297 1884//1884
f 3368//3368 1864//1864 1861//1861
f 2399//2399 2388//2388 1511//1511
f 1443//1443 2747//2747 3220//3220
f 1662//1662 2981//2981 1910//1910
f 3067//3067 1511//1511 2388//2388
f 3067//3067 2388//2388 3089//3089
f 2488//2488 3300//3300 2472//2472
f 2748//2748 1444//1444 3219//3219
f 2982//2982 1663//1663 1911//1911
f 2472//2472 3364//3364 2488//2488
f 1783//1783 1475//1475 2195//2195
f 1474//1474 1782//1782 2194//2194
f 1781//1781 1473//1473 2193//2193
f 1472//1472 1780//1780 2192//2192
f 1864//1864 2574//2574 1861//1861
f 3350//3350 1658//1658 2689//2689
f 3391//3391 2514//2514 3335//3335
f 3202//3202 1972//1972 1437//1437
f 1659//1659 3349//3349 2690//2690
f 3166//3166 1630//1630 3360//3360
f 3166//3166 1622//1622 1630//1630
f 1876//1876 3285//3285 3130//3130
f 1991//1991 3188//3188 1954//1954
f 1618//1618 3075//3075 3077//3077
f 3286//3286 1877//1877 3131//3131
f 1618//1618 3455//3455 1627//1627
f 1627//1627 3075//3075 1618//1618
f 3266//3266 1942//1942 1961//1961
f 3087//3087 2414//2414 1866//1866
f 1810//1810 2108//2108 2130//2130
f 2915//2915 3114//3114 3239//3239
f 2460//2460 2915//2915 3239//3239
f 3263//3263 1941//1941 1960//1960
f 2108//2108 1758//1758 2130//2130
f 1811//1811 1787//1787 2155//2155
f 1786//1786 1810//1810 2154//2154
f 1809//1809 1785//1785 2153//2153
f 1784//1784 1808//1808 2152//2152
f 1896//1896 3206//3206 3149//3149
f 1808//1808 2106//2106 2128//2128
f 3206//3206 2641//2641 3149//3149
f 1912//1912 3226//3226 2977//2977
f 3226//3226 1908//1908 2977//2977
f 1896//1896 3149//3149 1890//1890
f 2639//2639 3369//3369 3162//3162
f 3369//3369 1898//1898 3162//3162
f 3370//3370 2640//2640 3163//3163
f 1899//1899 3370//3370 3163//3163
f 2973//2973 2793//2793 2013//2013
f 1679//1679 2973//2973 2013//2013
f 1770//1770 2729//2729 1561//1561
f 2028//2028 1770//1770 1561//1561
f 3561//3561 3453//3453 3464//3464
f 2106//2106 1756//1756 2128//2128
f 205//205 2251//2251 206//206
f 2250//2250 152//152 151//151
f 152//152 2249//2249 151//151
f 2248//2248 205//205 206//206
f 1632//1632 3299//3299 1623//1623
f 128//128 3561//3561 3464//3464
f 2471//2471 1620//1620 3348//3348
f 1720//1720 1763//1763 1730//1730
f 3440//3440 2829//2829 2021//2021
f 3032//3032 2357//2357 2286//2286
f 2159//2159 2961//2961 1718//1718
f 2286//2286 2437//2437 3032//3032
f 2620//2620 3267//3267 1649//1649
f 2599//2599 3501//3501 2598//2598
f 2434//2434 3032//3032 2437//2437
f 1550//1550 1554//1554 2726//2726
f 1552//1552 1554//1554 1550//1550
f 1548//1548 1553//1553 2725//2725
f 2816//2816 2992//2992 1887//1887
f 1551//1551 1553//1553 1548//1548
f 2104//2104 2849//2849 2150//2150
f 2880//2880 2816//2816 1887//1887
f 3147//3147 1920//1920 3008//3008
f 2102//2102 2848//2848 2148//2148
f 2448//2448 1869//1869 1871//1871
f 2564//2564 3250//3250 3123//3123
f 1611//1611 2564//2564 3123//3123
f 2558//2558 3282//3282 3351//3351
f 1825//1825 2901//2901 1523//1523
f 3558//3558 3188//3188 2877//2877
f 3589//3589 2117//2117 197//197
f 2117//2117 2137//2137 197//197
f 2197//2197 1531//1531 2720//2720
f 2196//2196 1532//1532 2721//2721
f 2421//2421 3558//3558 2877//2877
f 3437//3437 2127//2127 2847//2847
f 3437//3437 2131//2131 2127//2127
f 2612//2612 3413//3413 3314//3314
f 1756//1756 2985//2985 1732//1732
f 3439//3439 2828//2828 2020//2020
f 3436//3436 2126//2126 2845//2845
f 1718//1718 2961//2961 1765//1765
f 2028//2028 2693//2693 1527//1527
f 1527//1527 1770//1770 2028//2028
f 2029//2029 2694//2694 1525//1525
f 1525//1525 1771//1771 2029//2029
f 3436//3436 2129//2129 2126//2126
f 3314//3314 2483//2483 2612//2612
f 1849//1849 3133//3133 2366//2366
f 2852//2852 1523//1523 2465//2465
f 3590//3590 2115//2115 160//160
f 1523//1523 2901//2901 2465//2465
f 1621//1621 3397//3397 3524//3524
f 1621//1621 3189//3189 3397//3397
f 2815//2815 2043//2043 1494//1494
f 2115//2115 2135//2135 160//160
f 2570//2570 3038//3038 2509//2509
f 2719//2719 1536//1536 2714//2714
f 2718//2718 1534//1534 2713//2713
f 2501//2501 2570//2570 2509//2509
f 1771//1771 2730//2730 1562//1562
f 3372//3372 2576//2576 1993//1993
f 2019//2019 1825//1825 2750//2750
f 2750//2750 1825//1825 1523//1523
f 2018//2018 1824//1824 2749//2749
f 2749//2749 1824//1824 1522//1522
f 2245//2245 2266//2266 1579//1579
f 2229//2229 2245//2245 1579//1579
f 2265//2265 2244//2244 1578//1578
f 2244//2244 2228//2228 1578//1578
f 2243//2243 2264//2264 1577//1577
f 2227//2227 2243//2243 1577//1577
f 2814//2814 2042//2042 1492//1492
f 2267//2267 2242//2242 1580//1580
f 2242//2242 2226//2226 1580//1580
f 2469//2469 1915//1915 3389//3389
f 2469//2469 3389//3389 2479//2479
f 1911//1911 3188//3188 1991//1991
f 1669//1669 1911//1911 1991//1991
f 3501//3501 2599//2599 2654//2654
f 3372//3372 1899//1899 3168//3168
f 3359//3359 3258//3258 2616//2616
f 2616//2616 1963//1963 3359//3359
f 1899//1899 3372//3372 1993//1993
f 2029//2029 1771//1771 1562//1562
f 2016//2016 1756//1756 1732//1732
f 2298//2298 2165//2165 2075//2075
f 2297//2297 2164//2164 2074//2074
f 1971//1971 2523//2523 3236//3236
f 1881//1881 3236//3236 2523//2523
f 3009//3009 2501//2501 3218//3218
f 1904//1904 3009//3009 3218//3218
f 2619//2619 3237//3237 3221//3221
f 1440//1440 2305//2305 3049//3049
f 1440//1440 3049//3049 3164//3164
f 2234//2234 1776//1776 2858//2858
f 1776//1776 2252//2252 2858//2858
f 2235//2235 1778//1778 2860//2860
f 3199//3199 3137//3137 3294//3294
f 1778//1778 2254//2254 2860//2860
f 2253//2253 1553//1553 2193//2193
f 1553//1553 1781//1781 2193//2193
f 2255//2255 1554//1554 2195//2195
f 1948//1948 3376//3376 3319//3319
f 2350//2350 1526//1526 2186//2186
f 2350//2350 1677//1677 2113//2113
f 1554//1554 1783//1783 2195//2195
f 3466//3466 3335//3335 2514//2514
f 2349//2349 1524//1524 2187//2187
f 2349//2349 1678//1678 2112//2112
f 2573//2573 3466//3466 2514//2514
f 1859//1859 2683//2683 3154//3154
f 3334//3334 3463//3463 2513//2513
f 3463//3463 2572//2572 2513//2513
f 2938//2938 195//195 196//196
f 2938//2938 3020//3020 195//195
f 3056//3056 3284//3284 2441//2441
f 1774//1774 2938//2938 196//196
f 3284//3284 1665//1665 2441//2441
f 1905//1905 3310//3310 2984//2984
f 2940//2940 162//162 161//161
f 1996//1996 1859//1859 3154//3154
f 3597//3597 2966//2966 1672//1672
f 2128//2128 1756//1756 2016//2016
f 2940//2940 3022//3022 162//162
f 3469//3469 3071//3071 3053//3053
f 2966//2966 3597//3597 2559//2559
f 1775//1775 2940//2940 161//161
f 1899//1899 3163//3163 3168//3168
f 3076//3076 2419//2419 3126//3126
f 3126//3126 2419//2419 2436//2436
f 3126//3126 1639//1639 3076//3076
f 2473//2473 1521//1521 3563//3563
f 3071//3071 3457//3457 3053//3053
f 195//195 2941//2941 196//196
f 3023//3023 2941//2941 195//195
f 1695//1695 2889//2889 1688//1688
f 1688//1688 2771//2771 1695//1695
f 2473//2473 2296//2296 1521//1521
f 162//162 2939//2939 161//161
f 1693//1693 2887//2887 1687//1687
f 1687//1687 2770//2770 1693//1693
f 3021//3021 2939//2939 162//162
f 2296//2296 3112//3112 1521//1521
f 2346//2346 179//179 2300//2300
f 2550//2550 2927//2927 2719//2719
f 1789//1789 2346//2346 2300//2300
f 2719//2719 1676//1676 2550//2550
f 2345//2345 178//178 2299//2299
f 2549//2549 2926//2926 2718//2718
f 1788//1788 2345//2345 2299//2299
f 2718//2718 1675//1675 2549//2549
f 2340//2340 1584//1584 1829//1829
f 1583//1583 2339//2339 1832//1832
f 2338//2338 1582//1582 1831//1831
f 1581//1581 2337//2337 1830//1830
f 2611//2611 2439//2439 2489//2489
f 2379//2379 3134//3134 1962//1962
f 1872//1872 1962//1962 3134//3134
f 1521//1521 2407//2407 3111//3111
f 3111//3111 2407//2407 3185//3185
f 2686//2686 1742//1742 2041//2041
f 2917//2917 2780//2780 2099//2099
f 1742//1742 2752//2752 2041//2041
f 2916//2916 2779//2779 2098//2098
f 3112//3112 2407//2407 1521//1521
f 2758//2758 3444//3444 173//173
f 1684//1684 3444//3444 2758//2758
f 2872//2872 3444//3444 1684//1684
f 2923//2923 1892//1892 1878//1878
f 2759//2759 3445//3445 184//184
f 1893//1893 2922//2922 1879//1879
f 1686//1686 3445//3445 2759//2759
f 2873//2873 3445//3445 1686//1686
f 2407//2407 3186//3186 3185//3185
f 3186//3186 2558//2558 3185//3185
f 2912//2912 1711//1711 2032//2032
f 2415//2415 1507//1507 3105//3105
f 2761//2761 1717//1717 2081//2081
f 2911//2911 1710//1710 2033//2033
f 3250//3250 2464//2464 2424//2424
f 1709//1709 1717//1717 2761//2761
f 2760//2760 1715//1715 2079//2079
f 1860//1860 3290//3290 3032//3032
f 2464//2464 2492//2492 2424//2424
f 1708//1708 1715//1715 2760//2760
f 2439//2439 2500//2500 2489//2489
f 2513//2513 2572//2572 2690//2690
f 2690//2690 1648//1648 1659//1659
f 2572//2572 1648//1648 2690//2690
f 2651//2651 3473//3473 3538//3538
f 3473//3473 2451//2451 3538//3538
f 1502//1502 3065//3065 2902//2902
f 2614//2614 2429//2429 1922//1922
f 3043//3043 3519//3519 1697//1697
f 1648//1648 3195//3195 3528//3528
f 3519//3519 1929//1929 1697//1697
f 2429//2429 2594//2594 1922//1922
f 3052//3052 3521//3521 3277//3277
f 1910//1910 3657//3657 1662//1662
f 3187//3187 3657//3657 1991//1991
f 2138//2138 2329//2329 2985//2985
f 3414//3414 2918//2918 1853//1853
f 1766//1766 2138//2138 2985//2985
f 3339//3339 1912//1912 2977//2977
f 2001//2001 3264//3264 3333//3333
f 2001//2001 1929//1929 3264//3264
f 2025//2025 3017//3017 2798//2798
f 1927//1927 3339//3339 2977//2977
f 1758//1758 2987//2987 1733//1733
f 2017//2017 1758//1758 1733//1733
f 2024//2024 3016//3016 2797//2797
f 2403//2403 2386//2386 1638//1638
f 3323//3323 1895//1895 1877//1877
f 1980//1980 1895//1895 3323//3323
f 3454//3454 3173//3173 1957//1957
f 2386//2386 2403//2403 3135//3135
f 1894//1894 3324//3324 1876//1876
f 1894//1894 1979//1979 3324//3324
f 2611//2611 2399//2399 2614//2614
f 2576//2576 3372//3372 1992//1992
f 1922//1922 2611//2611 2614//2614
f 2611//2611 1922//1922 2439//2439
f 1790//1790 2721//2721 2011//2011
f 2721//2721 1790//1790 2196//2196
f 2087//2087 2861//2861 2707//2707
f 1791//1791 2720//2720 2010//2010
f 2720//2720 1791//1791 2197//2197
f 2086//2086 2859//2859 2705//2705
f 2573//2573 2514//2514 2689//2689
f 1646//1646 2689//2689 1658//1658
f 1646//1646 2573//2573 2689//2689
f 3433//3433 2576//2576 2532//2532
f 1992//1992 2532//2532 2576//2576
f 2957//2957 1522//1522 2464//2464
f 1766//1766 2985//2985 1756//1756
f 3238//3238 2620//2620 3222//3222
f 2620//2620 1649//1649 3222//3222
f 3195//3195 3478//3478 3261//3261
f 3195//3195 3261//3261 3528//3528
f 2000//2000 1928//1928 3265//3265
f 3478//3478 1975//1975 3261//3261
f 2130//2130 1758//1758 2017//2017
f 3282//3282 2558//2558 3352//3352
f 3360//3360 1630//1630 3196//3196
f 3132//3132 3004//3004 1977//1977
f 3401//3401 3081//3081 3325//3325
f 1964//1964 1977//1977 3004//3004
f 2539//2539 2396//2396 3199//3199
f 1870//1870 3401//3401 3325//3325
f 2140//2140 2331//2331 2987//2987
f 3343//3343 3072//3072 1999//1999
f 2369//2369 3343//3343 1999//1999
f 3206//3206 3563//3563 2641//2641
f 3351//3351 3504//3504 2558//2558
f 2295//2295 2641//2641 3563//3563
f 3540//3540 1652//1652 1645//1645
f 3504//3504 3185//3185 2558//2558
f 1935//1935 3313//3313 1919//1919
f 1768//1768 2140//2140 2987//2987
f 1970//1970 2522//2522 2680//2680
f 2522//2522 1970//1970 3235//3235
f 3235//3235 1880//1880 2522//2522
f 2121//2121 2945//2945 2097//2097
f 1718//1718 2102//2102 2159//2159
f 2120//2120 2944//2944 2096//2096
f 1916//1916 2471//2471 3365//3365
f 3174//3174 3042//3042 3217//3217
f 2171//2171 2159//2159 2102//2102
f 3042//3042 2644//2644 3217//3217
f 2927//2927 2093//2093 2719//2719
f 2926//2926 2092//2092 2718//2718
f 2839//2839 3550//3550 2846//2846
f 3550//3550 26//26 2846//2846
f 2838//2838 3551//3551 2844//2844
f 3551//3551 118//118 2844//2844
f 2836//2836 2920//2920 2932//2932
f 1787//1787 1811//1811 2109//2109
f 2259//2259 1787//1787 2109//2109
f 1785//1785 1809//1809 2107//2107
f 2257//2257 1785//1785 2107//2107
f 1923//1923 1916//1916 3365//3365
f 1768//1768 2987//2987 1758//1758
f 2048//2048 2920//2920 2836//2836
f 1517//1517 2411//2411 1510//1510
f 2837//2837 2919//2919 2930//2930
f 1810//1810 1786//1786 2108//2108
f 2422//2422 3240//3240 2559//2559
f 2966//2966 2559//2559 3240//3240
f 3131//3131 1517//1517 1510//1510
f 1786//1786 2258//2258 2108//2108
f 1808//1808 1784//1784 2106//2106
f 1759//1759 2109//2109 2127//2127
f 2412//2412 3091//3091 3301//3301
f 1757//1757 2107//2107 2126//2126
f 3092//3092 2411//2411 3302//3302
f 1784//1784 2256//2256 2106//2106
f 2049//2049 2919//2919 2837//2837
f 3425//3425 3346//3346 3270//3270
f 2861//2861 2332//2332 2707//2707
f 2546//2546 3339//3339 3120//3120
f 2332//2332 2988//2988 2707//2707
f 2859//2859 2330//2330 2705//2705
f 1934//1934 3120//3120 1927//1927
f 2328//2328 1789//1789 2217//2217
f 2328//2328 1793//1793 2147//2147
f 1793//1793 2328//2328 2217//2217
f 2330//2330 2986//2986 2705//2705
f 2327//2327 1788//1788 2216//2216
f 2327//2327 1792//1792 2146//2146
f 1792//1792 2327//2327 2216//2216
f 2883//2883 2785//2785 167//167
f 3339//3339 1927//1927 3120//3120
f 2478//2478 3346//3346 2566//2566
f 168//168 2883//2883 167//167
f 2560//2560 2478//2478 2566//2566
f 1720//1720 2104//2104 2157//2157
f 2851//2851 2701//2701 2039//2039
f 3399//3399 3191//3191 3332//3332
f 2700//2700 2727//2727 2038//2038
f 2850//2850 2700//2700 2038//2038
f 2951//2951 2600//2600 2389//2389
f 1902//1902 2951//2951 2389//2389
f 2169//2169 2157//2157 2104//2104
f 1958//1958 2438//2438 3231//3231
f 1644//1644 3399//3399 3332//3332
f 1968//1968 3192//3192 1885//1885
f 3123//3123 3250//3250 3294//3294
f 1951//1951 3192//3192 1968//1968
f 1909//1909 2583//2583 3276//3276
f 1676//1676 2719//2719 2067//2067
f 3250//3250 2424//2424 3294//3294
f 3027//3027 1743//1743 2314//2314
f 1675//1675 2718//2718 2066//2066
f 2786//2786 2767//2767 2884//2884
f 3381//3381 1497//1497 1961//1961
f 2326//2326 1590//1590 2269//2269
f 2343//2343 1800//1800 2281//2281
f 1734//1734 2326//2326 2269//2269
f 2767//2767 2775//2775 2884//2884
f 2325//2325 1589//1589 2268//2268
f 2775//2775 1694//1694 2884//2884
f 1735//1735 2325//2325 2268//2268
f 2784//2784 2766//2766 2882//2882
f 2341//2341 1798//1798 2280//2280
f 2529//2529 1913//1913 2609//2609
f 2529//2529 3340//3340 1913//1913
f 2482//2482 3427//3427 3259//3259
f 2286//2286 3427//3427 2482//2482
f 3025//3025 1741//1741 2312//2312
f 3069//3069 3488//3488 3109//3109
f 3109//3109 2479//2479 3069//3069
f 2766//2766 2774//2774 2882//2882
f 2885//2885 2787//2787 190//190
f 189//189 2885//2885 190//190
f 2534//2534 1920//1920 3147//3147
f 2323//2323 1436//1436 2282//2282
f 2681//2681 1547//1547 2182//2182
f 1792//1792 2323//2323 2282//2282
f 1545//1545 2681//2681 2182//2182
f 2322//2322 1435//1435 2283//2283
f 2124//2124 2934//2934 3462//3462
f 1793//1793 2322//2322 2283//2283
f 3462//3462 2669//2669 2124//2124
f 3462//3462 2934//2934 1674//1674
f 2125//2125 2935//2935 3461//3461
f 3461//3461 2668//2668 2125//2125
f 3461//3461 2935//2935 1673//1673
f 3419//3419 1906//1906 1857//1857
f 1913//1913 3340//3340 2978//2978
f 1556//1556 2254//2254 2194//2194
f 2774//2774 1692//1692 2882//2882
f 1782//1782 1556//1556 2194//2194
f 1912//1912 2528//2528 2608//2608
f 3339//3339 2528//2528 1912//1912
f 3276//3276 3256//3256 1909//1909
f 2462//2462 3487//3487 1959//1959
f 2567//2567 1655//1655 3269//3269
f 3034//3034 3058//3058 3164//3164
f 2888//2888 2871//2871 171//171
f 1444//1444 3034//3034 3164//3164
f 1775//1775 161//161 160//160
f 2871//2871 172//172 171//171
f 2886//2886 2870//2870 186//186
f 1442//1442 3164//3164 3058//3058
f 3256//3256 2542//2542 3404//3404
f 2870//2870 185//185 186//186
f 2020//2020 2110//2110 3439//3439
f 1774//1774 196//196 197//197
f 1846//1846 2457//2457 2819//2819
f 2381//2381 3578//3578 2286//2286
f 3082//3082 2384//2384 3125//3125
f 1680//1680 2731//2731 2015//2015
f 1505//1505 2384//2384 3082//3082
f 3256//3256 3404//3404 1909//1909
f 2170//2170 2158//2158 156//156
f 2577//2577 2583//2583 3189//3189
f 1621//1621 2577//2577 3189//3189
f 1607//1607 2431//2431 2900//2900
f 3207//3207 2473//2473 1520//1520
f 3378//3378 2900//2900 2431//2431
f 2158//2158 157//157 156//156
f 2158//2158 2960//2960 157//157
f 2168//2168 2156//2156 201//201
f 2156//2156 200//200 201//201
f 2404//2404 3165//3165 1443//1443
f 2932//2932 3590//3590 2939//2939
f 2156//2156 2958//2958 200//200
f 3590//3590 1716//1716 2115//2115
f 1599//1599 2952//2952 2738//2738
f 2077//2077 2964//2964 2634//2634
f 2724//2724 1599//1599 2738//2738
f 2833//2833 1803//1803 1576//1576
f 2286//2286 2482//2482 2381//2381
f 3439//3439 2110//2110 182//182
f 2076//2076 2963//2963 2633//2633
f 2558//2558 3186//3186 3352//3352
f 2930//2930 3589//3589 2941//2941
f 3015//3015 3252//3252 2645//2645
f 2576//2576 3433//3433 2533//2533
f 3433//3433 1668//1668 2533//2533
f 2530//2530 3093//3093 2548//2548
f 2647//2647 1803//1803 1682//1682
f 3589//3589 1714//1714 2117//2117
f 2105//2105 1721//1721 2177//2177
f 2833//2833 1682//1682 1803//1803
f 1878//1878 2429//2429 2614//2614
f 2539//2539 3644//3644 3285//3285
f 3541//3541 1879//1879 2613//2613
f 1974//1974 3541//3541 2613//2613
f 2902//2902 3644//3644 2994//2994
f 2354//2354 3101//3101 3220//3220
f 2103//2103 1719//1719 2176//2176
f 2747//2747 2354//2354 3220//3220
f 3644//3644 2902//2902 3285//3285
f 3644//3644 2539//2539 2994//2994
f 3550//3550 2712//2712 3383//3383
f 25//25 3550//3550 3383//3383
f 1729//1729 1719//1719 2079//2079
f 1719//1719 2098//2098 2079//2079
f 2832//2832 1802//1802 1575//1575
f 2646//2646 1802//1802 1681//1681
f 3643//3643 1874//1874 3530//3530
f 3643//3643 1952//1952 1734//1734
f 2221//2221 1568//1568 2233//2233
f 1627//1627 3137//3137 3222//3222
f 1567//1567 2220//2220 2232//2232
f 3222//3222 3137//3137 2491//2491
f 2219//2219 1566//1566 2231//2231
f 2079//2079 1715//1715 1729//1729
f 1565//1565 2218//2218 2230//2230
f 3195//3195 1632//1632 3546//3546
f 2067//2067 2881//2881 1676//1676
f 2066//2066 2880//2880 1675//1675
f 1638//1638 3195//3195 3546//3546
f 3478//3478 3195//3195 1638//1638
f 1731//1731 1721//1721 2081//2081
f 1868//1868 3288//3288 2475//2475
f 2475//2475 3281//3281 1868//1868
f 3138//3138 1628//1628 3221//3221
f 3138//3138 3221//3221 2490//2490
f 1628//1628 1639//1639 3221//3221
f 1721//1721 2099//2099 2081//2081
f 3059//3059 2553//2553 3547//3547
f 2081//2081 1717//1717 1731//1731
f 2714//2714 2045//2045 2067//2067
f 2881//2881 2067//2067 2045//2045
f 1683//1683 2764//2764 2026//2026
f 1526//1526 2320//2320 2165//2165
f 2026//2026 2870//2870 1683//1683
f 1906//1906 2390//2390 3216//3216
f 2440//2440 3216//3216 2390//2390
f 1524//1524 2319//2319 2164//2164
f 1685//1685 2765//2765 2027//2027
f 2027//2027 2871//2871 1685//1685
f 2713//2713 2044//2044 2066//2066
f 2980//2980 2750//2750 1523//1523
f 2880//2880 2066//2066 2044//2044
f 1990//1990 3281//3281 2421//2421
f 1520//1520 2473//2473 3563//3563
f 2979//2979 2749//2749 1522//1522
f 3281//3281 1891//1891 2421//2421
f 2879//2879 2089//2089 2811//2811
f 2274//2274 1674//1674 2653//2653
f 1995//1995 2879//2879 2811//2811
f 2273//2273 1673//1673 2652//2652
f 1897//1897 2421//2421 1891//1891
f 3012//3012 2170//2170 155//155
f 2420//2420 1896//1896 1890//1890
f 2170//2170 156//156 155//155
f 2832//2832 1681//1681 1802//1802
f 1447//1447 2832//2832 1575//1575
f 2535//2535 3037//3037 2393//2393
f 2157//2157 2169//2169 156//156
f 1449//1449 2833//2833 1576//1576
f 3135//3135 2538//2538 3132//3132
f 3135//3135 3132//3132 2386//2386
f 157//157 2157//2157 156//156
f 3010//3010 2168//2168 202//202
f 2659//2659 2849//2849 1453//1453
f 2168//2168 201//201 202//202
f 3050//3050 2391//2391 3105//3105
f 2659//2659 1453//1453 2663//2663
f 2959//2959 2157//2157 157//157
f 2658//2658 2848//2848 1451//1451
f 2658//2658 1451//1451 2662//2662
f 1952//1952 3643//3643 3530//3530
f 1874//1874 3643//3643 1734//1734
f 2465//2465 3094//3094 1945//1945
f 2498//2498 2913//2913 3242//3242
f 3242//3242 2382//2382 2498//2498
f 3117//3117 2498//2498 2382//2382
f 1904//1904 3218//3218 2978//2978
f 3218//3218 1913//1913 2978//2978
f 3294//3294 3455//3455 3123//3123
f 3294//3294 2424//2424 3199//3199
f 2396//2396 2539//2539 3483//3483
f 1818//1818 1530//1530 2092//2092
f 1505//1505 3082//3082 2362//2362
f 2362//2362 3082//3082 3109//3109
f 2989//2989 3283//3283 2527//2527
f 2557//2557 3283//3283 2989//2989
f 2023//2023 2740//2740 3229//3229
f 3283//3283 2717//2717 2527//2527
f 3229//3229 1856//1856 2023//2023
f 11//11 2318//2318 10//10
f 2022//2022 2739//2739 3230//3230
f 2317//2317 27//27 28//28
f 2594//2594 3160//3160 2563//2563
f 133//133 2316//2316 134//134
f 3230//3230 1855//1855 2022//2022
f 2315//2315 117//117 116//116
f 2594//2594 2563//2563 2439//2439
f 2577//2577 1636//1636 3276//3276
f 3642//3642 19//19 3630//3630
f 3151//3151 2389//2389 2388//2388
f 2621//2621 1530//1530 1818//1818
f 2828//2828 2764//2764 2020//2020
f 1812//1812 2307//2307 2260//2260
f 1530//1530 1534//1534 2092//2092
f 3509//3509 1460//1460 2039//2039
f 2851//2851 2039//2039 1460//1460
f 2829//2829 2765//2765 2021//2021
f 2260//2260 2307//2307 1571//1571
f 3042//3042 3517//3517 1696//1696
f 3517//3517 1928//1928 1696//1696
f 3508//3508 1458//1458 2038//2038
f 3367//3367 1915//1915 2469//2469
f 2850//2850 2038//2038 1458//1458
f 2516//2516 1915//1915 1921//1921
f 3367//3367 1921//1921 1915//1915
f 2069//2069 3612//3612 1743//1743
f 3523//3523 1743//1743 3612//3612
f 2798//2798 3523//3523 3612//3612
f 3280//3280 1989//1989 2420//2420
f 2582//2582 2921//2921 2571//2571
f 1890//1890 3280//3280 2420//2420
f 1976//1976 1974//1974 3344//3344
f 2780//2780 2081//2081 2099//2099
f 3344//3344 3161//3161 1976//1976
f 1980//1980 3323//3323 2449//2449
f 2779//2779 2079//2079 2098//2098
f 1987//1987 3208//3208 1979//1979
f 3514//3514 3130//3130 1509//1509
f 3237//3237 1980//1980 2449//2449
f 3285//3285 1509//1509 3130//3130
f 2213//2213 1461//1461 2145//2145
f 2213//2213 2185//2185 1461//1461
f 2185//2185 1463//1463 1461//1461
f 2732//2732 1944//1944 1882//1882
f 3642//3642 3501//3501 2654//2654
f 3501//3501 3642//3642 3630//3630
f 2878//2878 2088//2088 2810//2810
f 2159//2159 2171//2171 201//201
f 2212//2212 1459//1459 2143//2143
f 2212//2212 2184//2184 1459//1459
f 2184//2184 1462//1462 1459//1459
f 19//19 3642//3642 2654//2654
f 2053//2053 3641//3641 2910//2910
f 1994//1994 2878//2878 2810//2810
f 3537//3537 3088//3088 2710//2710
f 3088//3088 1858//1858 2710//2710
f 2412//2412 3514//3514 1509//1509
f 2831//2831 3641//3641 2823//2823
f 1510//1510 3286//3286 3131//3131
f 3641//3641 2831//2831 2910//2910
f 1530//1530 2621//2621 2068//2068
f 2068//2068 2975//2975 1530//1530
f 200//200 2159//2159 201//201
f 2961//2961 2159//2159 200//200
f 1691//1691 2873//2873 2095//2095
f 2873//2873 1686//1686 2095//2095
f 1690//1690 2872//2872 2094//2094
f 2872//2872 1684//1684 2094//2094
f 3392//3392 3264//3264 3171//3171
f 2969//2969 2892//2892 164//164
f 2633//2633 2058//2058 2931//2931
f 2892//2892 1724//1724 165//165
f 2892//2892 165//165 164//164
f 2967//2967 2890//2890 193//193
f 2890//2890 1722//1722 192//192
f 2890//2890 192//192 193//193
f 2030//2030 2777//2777 2770//2770
f 2031//2031 2778//2778 2771//2771
f 2893//2893 2970//2970 193//193
f 1725//1725 2893//2893 192//192
f 192//192 2893//2893 193//193
f 2891//2891 2968//2968 164//164
f 2199//2199 2950//2950 2210//2210
f 3094//3094 2465//2465 2901//2901
f 2198//2198 2949//2949 2211//2211
f 1723//1723 2891//2891 165//165
f 165//165 2891//2891 164//164
f 2634//2634 2059//2059 2933//2933
f 3196//3196 1630//1630 1646//1646
f 2295//2295 3301//3301 2641//2641
f 3301//3301 2623//2623 2641//2641
f 3149//3149 2641//2641 2623//2623
f 1637//1637 2578//2578 3275//3275
f 1637//1637 1631//1631 2578//2578
f 3302//3302 2296//2296 2642//2642
f 2624//2624 3302//3302 2642//2642
f 2642//2642 3150//3150 2624//2624
f 3641//3641 2053//2053 2823//2823
f 2823//2823 1697//1697 2831//2831
f 2422//2422 1650//1650 3240//3240
f 2935//2935 1532//1532 1673//1673
f 2934//2934 1531//1531 1674//1674
f 2308//2308 1813//1813 2261//2261
f 2822//2822 1696//1696 2830//2830
f 3415//3415 2622//2622 2069//2069
f 3240//3240 1650//1650 1656//1656
f 3060//3060 2482//2482 3259//3259
f 1651//1651 2423//2423 3241//3241
f 2300//2300 178//178 1827//1827
f 178//178 2300//2300 179//179
f 2299//2299 179//179 1826//1826
f 179//179 2299//2299 178//178
f 1651//1651 3241//3241 1657//1657
f 3455//3455 3294//3294 3137//3137
f 3137//3137 1627//1627 3455//3455
f 1889//1889 2425//2425 1967//1967
f 2431//2431 1607//1607 3166//3166
f 1968//1968 1889//1889 1967//1967
f 1441//1441 3080//3080 3326//3326
f 3539//3539 3205//3205 1602//1602
f 2069//2069 2976//2976 3415//3415
f 2204//2204 2768//2768 2702//2702
f 2702//2702 2013//2013 2204//2204
f 3205//3205 1606//1606 1602//1602
f 3640//3640 1629//1629 3233//3233
f 1721//1721 2158//2158 2177//2177
f 1778//1778 2235//2235 2189//2189
f 1778//1778 2189//2189 2224//2224
f 2137//2137 2117//2117 1728//1728
f 2308//2308 2261//2261 1572//1572
f 1776//1776 2234//2234 2188//2188
f 1776//1776 2188//2188 2222//2222
f 3081//3081 1442//1442 3325//3325
f 2821//2821 1612//1612 3114//3114
f 1719//1719 2156//2156 2176//2176
f 2761//2761 2037//2037 1709//1709
f 2135//2135 2115//2115 1730//1730
f 2205//2205 2769//2769 2703//2703
f 2703//2703 2015//2015 2205//2205
f 2037//2037 2933//2933 1709//1709
f 1819//1819 2025//2025 2622//2622
f 2760//2760 2036//2036 1708//1708
f 1818//1818 2024//2024 2621//2621
f 1937//1937 3361//3361 3000//3000
f 2036//2036 2931//2931 1708//1708
f 3362//3362 1936//1936 2999//2999
f 3086//3086 1512//1512 3085//3085
f 3640//3640 1636//1636 2577//2577
f 1799//1799 1777//1777 1830//1830
f 1830//1830 1777//1777 2223//2223
f 1801//1801 1779//1779 1832//1832
f 1832//1832 1779//1779 2225//2225
f 2374//2374 3558//3558 2421//2421
f 2421//2421 1897//1897 2374//2374
f 3657//3657 3187//3187 1662//1662
f 1947//1947 2553//2553 1946//1946
f 1937//1937 3337//3337 3364//3364
f 3337//3337 2488//2488 3364//3364
f 3657//3657 1910//1910 1991//1991
f 1709//1709 2933//2933 2972//2972
f 2933//2933 2073//2073 2972//2972
f 1708//1708 2931//2931 2971//2971
f 2931//2931 2072//2072 2971//2971
f 3557//3557 2373//2373 2420//2420
f 3067//3067 1508//1508 3084//3084
f 1511//1511 3067//3067 3084//3084
f 3032//3032 2434//2434 1860//1860
f 1896//1896 2420//2420 2373//2373
f 2363//2363 3358//3358 2645//2645
f 3007//3007 2363//2363 2645//2645
f 3321//3321 3113//3113 2914//2914
f 3321//3321 2644//2644 2376//2376
f 2376//2376 3113//3113 3321//3321
f 3338//3338 1936//1936 3365//3365
f 1636//1636 3640//3640 3233//3233
f 1664//1664 3240//3240 1656//1656
f 1656//1656 3398//3398 1664//1664
f 1443//1443 3035//3035 2321//2321
f 2321//2321 2747//2747 1443//1443
f 1849//1849 2434//2434 2356//2356
f 2391//2391 3050//3050 3513//3513
f 3405//3405 3513//3513 3050//3050
f 1503//1503 2391//2391 3513//3513
f 3513//3513 2375//2375 1503//1503
f 1860//1860 2434//2434 1849//1849
f 1629//1629 3640//3640 2577//2577
f 2298//2298 1526//1526 2165//2165
f 1536//1536 3415//3415 2976//2976
f 1698//1698 2741//2741 2702//2702
f 1672//1672 1665//1665 3241//3241
f 2297//2297 1524//1524 2164//2164
f 3073//3073 1518//1518 1513//1513
f 2361//2361 3206//3206 1896//1896
f 2373//2373 2361//2361 1896//1896
f 3122//3122 3028//3028 1948//1948
f 3639//3639 2378//2378 3248//3248
f 3028//3028 3320//3320 1948//1948
f 3376//3376 1948//1948 3320//3320
f 1699//1699 2742//2742 2703//2703
f 3412//3412 1845//1845 2818//2818
f 2607//2607 3412//3412 3303//3303
f 2920//2920 1703//1703 2932//2932
f 2470//2470 2382//2382 3242//3242
f 2919//2919 1702//1702 2930//2930
f 2703//2703 2742//2742 1680//1680
f 2646//2646 2033//2033 2894//2894
f 1706//1706 2831//2831 1697//1697
f 3412//3412 2607//2607 1845//1845
f 2033//2033 1445//1445 2894//2894
f 2647//2647 2032//2032 2895//2895
f 2032//2032 1446//1446 2895//2895
f 1704//1704 2830//2830 1696//1696
f 1498//1498 3412//3412 2818//2818
f 3286//3286 3656//3656 1877//1877
f 2545//2545 3190//3190 3331//3331
f 1513//1513 3124//3124 3296//3296
f 3022//3022 2969//2969 163//163
f 3160//3160 2594//2594 2545//2545
f 2015//2015 2703//2703 1680//1680
f 3375//3375 1661//1661 3307//3307
f 1671//1671 1661//1661 3329//3329
f 2969//2969 164//164 163//163
f 3639//3639 3217//3217 2644//2644
f 3020//3020 2967//2967 194//194
f 2967//2967 193//193 194//194
f 1648//1648 3528//3528 1659//1659
f 2970//2970 3023//3023 194//194
f 2371//2371 1984//1984 3108//3108
f 193//193 2970//2970 194//194
f 2968//2968 3021//3021 163//163
f 3166//3166 1615//1615 1622//1622
f 164//164 2968//2968 163//163
f 3411//3411 1512//1512 2398//2398
f 1511//1511 3410//3410 2399//2399
f 1695//1695 2885//2885 188//188
f 2889//2889 1695//1695 187//187
f 187//187 1695//1695 188//188
f 2586//2586 1899//1899 1993//1993
f 1898//1898 2585//2585 1992//1992
f 1693//1693 2883//2883 169//169
f 1671//1671 3307//3307 1661//1661
f 2887//2887 1693//1693 170//170
f 2702//2702 2741//2741 1679//1679
f 170//170 1693//1693 169//169
f 2545//2545 3331//3331 3160//3160
f 3614//3614 3013//3013 202//202
f 2013//2013 2702//2702 1679//1679
f 2171//2171 3614//3614 202//202
f 3631//3631 2180//2180 3011//3011
f 3217//3217 3639//3639 3248//3248
f 3420//3420 1947//1947 1946//1946
f 1947//1947 3420//3420 3251//3251
f 3418//3418 1939//1939 1873//1873
f 1873//1873 2868//2868 3418//3418
f 3407//3407 3045//3045 3465//3465
f 121//121 3407//3407 3465//3465
f 2781//2781 1718//1718 2078//2078
f 3451//3451 3424//3424 3062//3062
f 2180//2180 3631//3631 2150//2150
f 1827//1827 2288//2288 1590//1590
f 3424//3424 3451//3451 1949//1949
f 1998//1998 3062//3062 3424//3424
f 1826//1826 2287//2287 1589//1589
f 1667//1667 3433//3433 2532//2532
f 2884//2884 1694//1694 169//169
f 2238//2238 2185//2185 1567//1567
f 2185//2185 2213//2213 1567//1567
f 2378//2378 3639//3639 2644//2644
f 3638//3638 2611//2611 1945//1945
f 2236//2236 2184//2184 1565//1565
f 2184//2184 2212//2212 1565//1565
f 3638//3638 3151//3151 2399//2399
f 3151//3151 3638//3638 1945//1945
f 1694//1694 2888//2888 170//170
f 1694//1694 170//170 169//169
f 1718//1718 1728//1728 2078//2078
f 2882//2882 1692//1692 188//188
f 1692//1692 2886//2886 187//187
f 1692//1692 187//187 188//188
f 3047//3047 2587//2587 3287//3287
f 1714//1714 2078//2078 1728//1728
f 183//183 2759//2759 184//184
f 2782//2782 1720//1720 2080//2080
f 2101//2101 2759//2759 183//183
f 2539//2539 3199//3199 2424//2424
f 2994//2994 2539//2539 2424//2424
f 2948//2948 2607//2607 2409//2409
f 1720//1720 1730//1730 2080//2080
f 174//174 2758//2758 173//173
f 2100//2100 2758//2758 174//174
f 1916//1916 3203//3203 2471//2471
f 1716//1716 2080//2080 1730//1730
f 3581//3581 2582//2582 2571//2571
f 2868//2868 3581//3581 2571//2571
f 3581//3581 2868//2868 3311//3311
f 3631//3631 2169//2169 2150//2150
f 3102//3102 2523//2523 3116//3116
f 3656//3656 3225//3225 1877//1877
f 3102//3102 3116//3116 2355//2355
f 2522//2522 3101//3101 3115//3115
f 2463//2463 1618//1618 3077//3077
f 3115//3115 3101//3101 2354//2354
f 1618//1618 2463//2463 3141//3141
f 2448//2448 2562//2562 3318//3318
f 3346//3346 3420//3420 2790//2790
f 3209//3209 3375//3375 2535//2535
f 3346//3346 2478//2478 3420//3420
f 179//179 3655//3655 180//180
f 3083//3083 3397//3397 3189//3189
f 3420//3420 1946//1946 2790//2790
f 3147//3147 3632//3632 3136//3136
f 2785//2785 2883//2883 2896//2896
f 3387//3387 3632//3632 2398//2398
f 1789//1789 2285//2285 2217//2217
f 1590//1590 2285//2285 1827//1827
f 2082//2082 2785//2785 2896//2896
f 1788//1788 2284//2284 2216//2216
f 1589//1589 2284//2284 1826//1826
f 2535//2535 3307//3307 3037//3037
f 3632//3632 3387//3387 3136//3136
f 2855//2855 2677//2677 3015//3015
f 3015//3015 2879//2879 1995//1995
f 1995//1995 2855//2855 3015//3015
f 3632//3632 3147//3147 2398//2398
f 1666//1666 2655//2655 3319//3319
f 2854//2854 2676//2676 3014//3014
f 1564//1564 2861//2861 2247//2247
f 3014//3014 2878//2878 1994//1994
f 1994//1994 2854//2854 3014//3014
f 2861//2861 1564//1564 2332//2332
f 2861//2861 2255//2255 2247//2247
f 1563//1563 2859//2859 2246//2246
f 2859//2859 1563//1563 2330//2330
f 2859//2859 2253//2253 2246//2246
f 2749//2749 2979//2979 2715//2715
f 2787//2787 2885//2885 2897//2897
f 2083//2083 2787//2787 2897//2897
f 3219//3219 3097//3097 1881//1881
f 2858//2858 2909//2909 2704//2704
f 1548//1548 2044//2044 2713//2713
f 1549//1549 2910//2910 1556//1556
f 1550//1550 2045//2045 2714//2714
f 1793//1793 2283//2283 2203//2203
f 2283//2283 1816//1816 2203//2203
f 1792//1792 2282//2282 2202//2202
f 2282//2282 1817//1817 2202//2202
f 1547//1547 2909//2909 1555//1555
f 3503//3503 3226//3226 3265//3265
f 2860//2860 2910//2910 2706//2706
f 3226//3226 3503//3503 1908//1908
f 1695//1695 2897//2897 2885//2885
f 3265//3265 3226//3226 2455//2455
f 3226//3226 2508//2508 2455//2455
f 2585//2585 3429//3429 1992//1992
f 3388//3388 2371//2371 3108//3108
f 1693//1693 2896//2896 2883//2883
f 3430//3430 2586//2586 1993//1993
f 3241//3241 2423//2423 3597//3597
f 3124//3124 2383//2383 1504//1504
f 3366//3366 1605//1605 3204//3204
f 3090//3090 3204//3204 1605//1605
f 2692//2692 2775//2775 2767//2767
f 2383//2383 1508//1508 1504//1504
f 2611//2611 3638//3638 2399//2399
f 3631//3631 3011//3011 155//155
f 209//209 2267//2267 210//210
f 2691//2691 2774//2774 2766//2766
f 2267//2267 1580//1580 210//210
f 3026//3026 2313//2313 1742//1742
f 2266//2266 148//148 147//147
f 2169//2169 3631//3631 155//155
f 1506//1506 3637//3637 1500//1500
f 3024//3024 2311//2311 1740//1740
f 1579//1579 2266//2266 147//147
f 3208//3208 1987//1987 2393//2393
f 148//148 2265//2265 147//147
f 3597//3597 2732//2732 3327//3327
f 2265//2265 1578//1578 147//147
f 2732//2732 3597//3597 2423//2423
f 2264//2264 209//209 210//210
f 3597//3597 1672//1672 3241//3241
f 1577//1577 2264//2264 210//210
f 2783//2783 1600//1600 3366//3366
f 2521//2521 3421//3421 3305//3305
f 2980//2980 1523//1523 2852//2852
f 2572//2572 3463//3463 3299//3299
f 3421//3421 1885//1885 3305//3305
f 2747//2747 2321//2321 2540//2540
f 2656//2656 3487//3487 3262//3262
f 2656//2656 1978//1978 3487//3487
f 2422//2422 3373//3373 2648//2648
f 1674//1674 2274//2274 2123//2123
f 1650//1650 2422//2422 2648//2648
f 3374//3374 2423//2423 2649//2649
f 2423//2423 1651//1651 2649//2649
f 1673//1673 2273//2273 2122//2122
f 3613//3613 2464//2464 1522//1522
f 1451//1451 2848//2848 1847//1847
f 2037//2037 1454//1454 2825//2825
f 2036//2036 1452//1452 2824//2824
f 3095//3095 3613//3613 1824//1824
f 1453//1453 2849//2849 1848//1848
f 1824//1824 3613//3613 1522//1522
f 2353//2353 2517//2517 3405//3405
f 3358//3358 2363//2363 3040//3040
f 3204//3204 3090//3090 3274//3274
f 3637//3637 3104//3104 1500//1500
f 1521//1521 2295//2295 3563//3563
f 2295//2295 1521//1521 3111//3111
f 2938//2938 1774//1774 2971//2971
f 1774//1774 2114//2114 2971//2971
f 2940//2940 1775//1775 2972//2972
f 1775//1775 2116//2116 2972//2972
f 2939//2939 3590//3590 161//161
f 3021//3021 2968//2968 2836//2836
f 3021//3021 2836//2836 2939//2939
f 3023//3023 2970//2970 2837//2837
f 161//161 3590//3590 160//160
f 2941//2941 3589//3589 196//196
f 3023//3023 2837//2837 2941//2941
f 196//196 3589//3589 197//197
f 3147//3147 3008//3008 2613//2613
f 2417//2417 2427//2427 1653//1653
f 1999//1999 3403//3403 2365//2365
f 2398//2398 3147//3147 2613//2613
f 1519//1519 2640//2640 3074//3074
f 2871//2871 2027//2027 172//172
f 2027//2027 173//173 172//172
f 1661//1661 3375//3375 3209//3209
f 2870//2870 2026//2026 185//185
f 2026//2026 184//184 185//185
f 2841//2841 2893//2893 1725//1725
f 1897//1897 3207//3207 3044//3044
f 3502//3502 2478//2478 2560//2560
f 1897//1897 3044//3044 2374//2374
f 2840//2840 2891//2891 1723//1723
f 3636//3636 2805//2805 2450//2450
f 1633//1633 2418//2418 3075//3075
f 20//20 3630//3630 19//19
f 3636//3636 3538//3538 2451//2451
f 3538//3538 3636//3636 2450//2450
f 2805//2805 3636//3636 2451//2451
f 1773//1773 2269//2269 1753//1753
f 3635//3635 1919//1919 3313//3313
f 1772//1772 2268//2268 1752//1752
f 3629//3629 2204//2204 2013//2013
f 2722//2722 3629//3629 2013//2013
f 3635//3635 2461//2461 3273//3273
f 2804//2804 2065//2065 2675//2675
f 3124//3124 1513//1513 2383//2383
f 2803//2803 2063//2063 2673//2673
f 2524//2524 3392//3392 2983//2983
f 2506//2506 2524//2524 2605//2605
f 2506//2506 3392//3392 2524//2524
f 1626//1626 3166//3166 3360//3360
f 2462//2462 1626//1626 3360//3360
f 2461//2461 3635//3635 3313//3313
f 1966//1966 3138//3138 2490//2490
f 1608//1608 1617//1617 2483//2483
f 3519//3519 3264//3264 1929//1929
f 1919//1919 3635//3635 3273//3273
f 2395//2395 1966//1966 2490//2490
f 3609//3609 2975//2975 1551//1551
f 3634//3634 2863//2863 1698//1698
f 3634//3634 3506//3506 1462//1462
f 2181//2181 2145//2145 1457//1457
f 1713//1713 2925//2925 3155//3155
f 3155//3155 1852//1852 1713//1713
f 3506//3506 3634//3634 1698//1698
f 1712//1712 2924//2924 3154//3154
f 3154//3154 1851//1851 1712//1712
f 2863//2863 3634//3634 1462//1462
f 1998//1998 3402//3402 2364//2364
f 3628//3628 16//16 3278//3278
f 2744//2744 3655//3655 2346//2346
f 1948//1948 3319//3319 2480//2480
f 2480//2480 3122//3122 1948//1948
f 2144//2144 1456//1456 2851//2851
f 2732//2732 2423//2423 3374//3374
f 1944//1944 2732//2732 3374//3374
f 3458//3458 3628//3628 3278//3278
f 16//16 3628//3628 15//15
f 2144//2144 2180//2180 1456//1456
f 1460//1460 2144//2144 2851//2851
f 2142//2142 1455//1455 2850//2850
f 2142//2142 2178//2178 1455//1455
f 1458//1458 2142//2142 2850//2850
f 3118//3118 1509//1509 2392//2392
f 2392//2392 1509//1509 3065//3065
f 191//191 1725//1725 192//192
f 166//166 1723//1723 165//165
f 2443//2443 3000//3000 3457//3457
f 3071//3071 2443//2443 3457//3457
f 1724//1724 166//166 165//165
f 1722//1722 191//191 192//192
f 3609//3609 1548//1548 2713//2713
f 3633//3633 2865//2865 1699//1699
f 1548//1548 3609//3609 1551//1551
f 3604//3604 2976//2976 1552//1552
f 3604//3604 1550//1550 2714//2714
f 3633//3633 3507//3507 1463//1463
f 3655//3655 2744//2744 180//180
f 3517//3517 3265//3265 1928//1928
f 2385//2385 2324//2324 3446//3446
f 1550//1550 3604//3604 1552//1552
f 2474//2474 3627//3627 1506//1506
f 3597//3597 3327//3327 2559//2559
f 2623//2623 3627//3627 3149//3149
f 3627//3627 2623//2623 1506//1506
f 2425//2425 2416//2416 1652//1652
f 2798//2798 3612//3612 2025//2025
f 2999//2999 2442//2442 3456//3456
f 2442//2442 3070//3070 3456//3456
f 3261//3261 3543//3543 3528//3528
f 3543//3543 1659//1659 3528//3528
f 3627//3627 2474//2474 3149//3149
f 3626//3626 1894//1894 1876//1876
f 1955//1955 3200//3200 3279//3279
f 1540//1540 2841//2841 2083//2083
f 1894//1894 1987//1987 1979//1979
f 1988//1988 1895//1895 1980//1980
f 1538//1538 2840//2840 2082//2082
f 3612//3612 2622//2622 2025//2025
f 2183//2183 1549//1549 1556//1556
f 3626//3626 3130//3130 3504//3504
f 3130//3130 3626//3626 1876//1876
f 1894//1894 3626//3626 3504//3504
f 2182//2182 1547//1547 1555//1555
f 1514//1514 3625//3625 3410//3410
f 2923//2923 3625//3625 2520//2520
f 2464//2464 3613//3613 2492//2492
f 3613//3613 3095//3095 2492//2492
f 3449//3449 3426//3426 3063//3063
f 3426//3426 3449//3449 1950//1950
f 1999//1999 3063//3063 3426//3426
f 3307//3307 1670//1670 3037//3037
f 3307//3307 1671//1671 1670//1670
f 2392//2392 1502//1502 3303//3303
f 1510//1510 3119//3119 2391//2391
f 3507//3507 3633//3633 1699//1699
f 1510//1510 2391//2391 3066//3066
f 2865//2865 3633//3633 1463//1463
f 1729//1729 1715//1715 2114//2114
f 2427//2427 1955//1955 3224//3224
f 1731//1731 1717//1717 2116//2116
f 1814//1814 2309//2309 2262//2262
f 1955//1955 2427//2427 1969//1969
f 1986//1986 1990//1990 2877//2877
f 2520//2520 3474//3474 2923//2923
f 3625//3625 2923//2923 3410//3410
f 3512//3512 2989//2989 1901//1901
f 1989//1989 1985//1985 2876//2876
f 3625//3625 1514//1514 2520//2520
f 3624//3624 2475//2475 1507//1507
f 3303//3303 2409//2409 2607//2607
f 3624//3624 2624//2624 3150//3150
f 2624//2624 3624//3624 1507//1507
f 3439//3439 182//182 183//183
f 2403//2403 1608//1608 3211//3211
f 2262//2262 2309//2309 1573//1573
f 1872//1872 2448//2448 3318//3318
f 1962//1962 1872//1872 3318//3318
f 3440//3440 175//175 174//174
f 1973//1973 3441//3441 1875//1875
f 1513//1513 3296//3296 3073//3073
f 1487//1487 142//142 141//141
f 142//142 1487//1487 1836//1836
f 3058//3058 2401//2401 1442//1442
f 2475//2475 3624//3624 3150//3150
f 142//142 1486//1486 141//141
f 1486//1486 142//142 1835//1835
f 2462//2462 3623//3623 3262//3262
f 3196//3196 3623//3623 3360//3360
f 1485//1485 215//215 216//216
f 215//215 1485//1485 1834//1834
f 3475//3475 2519//2519 2922//2922
f 2395//2395 2490//2490 2449//2449
f 215//215 1484//1484 216//216
f 2400//2400 3057//3057 1441//1441
f 1484//1484 215//215 1833//1833
f 2873//2873 2889//2889 186//186
f 3445//3445 2873//2873 185//185
f 185//185 2873//2873 186//186
f 2872//2872 2887//2887 171//171
f 2446//2446 1650//1650 2648//2648
f 3444//3444 2872//2872 172//172
f 172//172 2872//2872 171//171
f 3373//3373 2504//2504 2648//2648
f 2505//2505 3374//3374 2649//2649
f 1651//1651 2447//2447 2649//2649
f 2980//2980 2757//2757 1689//1689
f 2750//2750 2980//2980 1689//1689
f 3623//3623 3196//3196 3262//3262
f 2727//2727 2700//2700 2715//2715
f 3623//3623 2462//2462 3360//3360
f 2715//2715 2756//2756 2727//2727
f 3101//3101 2522//2522 1880//1880
f 3611//3611 1515//1515 3411//3411
f 3611//3611 2922//2922 2519//2519
f 2922//2922 3611//3611 3411//3411
f 3441//3441 2618//2618 1875//1875
f 2495//2495 2380//2380 3081//3081
f 3442//3442 183//183 184//184
f 1515//1515 3611//3611 2519//2519
f 3655//3655 179//179 2346//2346
f 2468//2468 2591//2591 2582//2582
f 1639//1639 1628//1628 3076//3076
f 3610//3610 3278//3278 16//16
f 17//17 3610//3610 16//16
f 1680//1680 2974//2974 2731//2731
f 3622//3622 2486//2486 3542//3542
f 3622//3622 3342//3342 2547//2547
f 3342//3342 3622//3622 3542//3542
f 2486//2486 3622//3622 2547//2547
f 1544//1544 2892//2892 2969//2969
f 2975//2975 3609//3609 1534//1534
f 2590//2590 2467//2467 2581//2581
f 1543//1543 2890//2890 2967//2967
f 3609//3609 2713//2713 1534//1534
f 2551//2551 3621//3621 3584//3584
f 2654//2654 2599//2599 3071//3071
f 2599//2599 2443//2443 3071//3071
f 3309//3309 3621//3621 3453//3453
f 2442//2442 2598//2598 3070//3070
f 3049//3049 3608//3608 3219//3219
f 3097//3097 3608//3608 2499//2499
f 3608//3608 3097//3097 3219//3219
f 3608//3608 3049//3049 2499//2499
f 2871//2871 3607//3607 2075//2075
f 3275//3275 3243//3243 2511//2511
f 3275//3275 2578//2578 3243//3243
f 2523//2523 3102//3102 1881//1881
f 3102//3102 3219//3219 1881//1881
f 3607//3607 2871//2871 2888//2888
f 2371//2371 3606//3606 2589//2589
f 3394//3394 3606//3606 3304//3304
f 3109//3109 3488//3488 2362//2362
f 3401//3401 2495//2495 3081//3081
f 3463//3463 3334//3334 1914//1914
f 3368//3368 1914//1914 3334//3334
f 1686//1686 2759//2759 2755//2755
f 1659//1659 3543//3543 3341//3341
f 3341//3341 3543//3543 2485//2485
f 3543//3543 1666//1666 2485//2485
f 1684//1684 2758//2758 2754//2754
f 3383//3383 24//24 25//25
f 2893//2893 2841//2841 3533//3533
f 3606//3606 3394//3394 2589//2589
f 3382//3382 120//120 119//119
f 2891//2891 2840//2840 3532//3532
f 3606//3606 2371//2371 3304//3304
f 3200//3200 1955//1955 1969//1969
f 1508//1508 3067//3067 3089//3089
f 2870//2870 3605//3605 2074//2074
f 3621//3621 3309//3309 3584//3584
f 1602//1602 3380//3380 3539//3539
f 204//204 2233//2233 205//205
f 2232//2232 153//153 152//152
f 153//153 2231//2231 152//152
f 2230//2230 204//204 205//205
f 3443//3443 174//174 173//173
f 2728//2728 2757//2757 2752//2752
f 2528//2528 3339//3339 2546//2546
f 3605//3605 2870//2870 2886//2886
f 1689//1689 2757//2757 2728//2728
f 3621//3621 2551//2551 3453//3453
f 2727//2727 2756//2756 2751//2751
f 1850//1850 3355//3355 3548//3548
f 1850//1850 3548//3548 2597//2597
f 2976//2976 3604//3604 1536//1536
f 1783//1783 1747//1747 1475//1475
f 3604//3604 2714//2714 1536//1536
f 1746//1746 1782//1782 1474//1474
f 3603//3603 2472//2472 3300//3300
f 1781//1781 1745//1745 1473//1473
f 3274//3274 3603//3603 3300//3300
f 1744//1744 1780//1780 1472//1472
f 3620//3620 2437//2437 2521//2521
f 3620//3620 3305//3305 2434//2434
f 2744//2744 2091//2091 2569//2569
f 1508//1508 3089//3089 3064//3064
f 1504//1504 1508//1508 3064//3064
f 3530//3530 3148//3148 1952//1952
f 3148//3148 3530//3530 2657//2657
f 3489//3489 3110//3110 3393//3393
f 3130//3130 3514//3514 1516//1516
f 1668//1668 3342//3342 3350//3350
f 3305//3305 3620//3620 2521//2521
f 1870//1870 1964//1964 3004//3004
f 2437//2437 3620//3620 2434//2434
f 3259//3259 3427//3427 3202//3202
f 2348//2348 2734//2734 1598//1598
f 2487//2487 3202//3202 3427//3427
f 3427//3427 2357//2357 2487//2487
f 2347//2347 2733//2733 1597//1597
f 2259//2259 1844//1844 2292//2292
f 1965//1965 1871//1871 1869//1869
f 2533//2533 1668//1668 3350//3350
f 2467//2467 3569//3569 1652//1652
f 3569//3569 2467//2467 2590//2590
f 2310//2310 1815//1815 2263//2263
f 1843//1843 2258//2258 2291//2291
f 2776//2776 3296//3296 1864//1864
f 3260//3260 1624//1624 3145//3145
f 3574//3574 2468//2468 1653//1653
f 2257//2257 1842//1842 2290//2290
f 1895//1895 3619//3619 1877//1877
f 3601//3601 2291//2291 2258//2258
f 1841//1841 2256//2256 2289//2289
f 2291//2291 3601//3601 139//139
f 2468//2468 3574//3574 2591//2591
f 1884//1884 3074//3074 3370//3370
f 2640//2640 3370//3370 3074//3074
f 3073//3073 1883//1883 3369//3369
f 3369//3369 2639//2639 3073//3073
f 1587//1587 3601//3601 2258//2258
f 2310//2310 2263//2263 1574//1574
f 3600//3600 2289//2289 2256//2256
f 2289//2289 3600//3600 218//218
f 173//173 3444//3444 172//172
f 1585//1585 3600//3600 2256//2256
f 1883//1883 2776//2776 3390//3390
f 3310//3310 2525//2525 2984//2984
f 2525//2525 2507//2507 2606//2606
f 3310//3310 2507//2507 2525//2525
f 3131//3131 3619//3619 3505//3505
f 2015//2015 2731//2731 2794//2794
f 2695//2695 1613//1613 3529//3529
f 3619//3619 3131//3131 1877//1877
f 2270//2270 3529//3529 1613//1613
f 3619//3619 1895//1895 3505//3505
f 2052//2052 3618//3618 2909//2909
f 3599//3599 3014//3014 2676//2676
f 3253//3253 3599//3599 2676//2676
f 1886//1886 3598//3598 3236//3236
f 1969//1969 3598//3598 3200//3200
f 2596//2596 2811//2811 2089//2089
f 3598//3598 1969//1969 3236//3236
f 3598//3598 1886//1886 3200//3200
f 2474//2474 3280//3280 1890//1890
f 1601//1601 2684//2684 1903//1903
f 2474//2474 1890//1890 3149//3149
f 2830//2830 3618//3618 2822//2822
f 2595//2595 2810//2810 2088//2088
f 3618//3618 2830//2830 2909//2909
f 3618//3618 2052//2052 2822//2822
f 3404//3404 2587//2587 2390//2390
f 3281//3281 2475//2475 1891//1891
f 1906//1906 3404//3404 2390//2390
f 3156//3156 3041//3041 3355//3355
f 1668//1668 3433//3433 1667//1667
f 2853//2853 1668//1668 1667//1667
f 1850//1850 3156//3156 3355//3355
f 1891//1891 2475//2475 3150//3150
f 1634//1634 3617//3617 3239//3239
f 3348//3348 3617//3617 1640//1640
f 3617//3617 3348//3348 3239//3239
f 2794//2794 3596//3596 2723//2723
f 3596//3596 2917//2917 2723//2723
f 3134//3134 1869//1869 1872//1872
f 3595//3595 1903//1903 3357//3357
f 2660//2660 3518//3518 2918//2918
f 3518//3518 1853//1853 2918//2918
f 3372//3372 1898//1898 1992//1992
f 1898//1898 3372//3372 3168//3168
f 3595//3595 3393//3393 1601//1601
f 2438//2438 3143//3143 3231//3231
f 2839//2839 2130//2130 2085//2085
f 2017//2017 2085//2085 2130//2130
f 2796//2796 2111//2111 2021//2021
f 3393//3393 3595//3595 3357//3357
f 2838//2838 2128//2128 2084//2084
f 1903//1903 3595//3595 1601//1601
f 2016//2016 2084//2084 2128//2128
f 3617//3617 1634//1634 1640//1640
f 3239//3239 3616//3616 1634//1634
f 3347//3347 3616//3616 3114//3114
f 2201//2201 2095//2095 1560//1560
f 2712//2712 3550//3550 2839//2839
f 2200//2200 2094//2094 1559//1559
f 2795//2795 2110//2110 2020//2020
f 3616//3616 3347//3347 1634//1634
f 2793//2793 3594//3594 2722//2722
f 2711//2711 3571//3571 3551//3551
f 2711//2711 3551//3551 2838//2838
f 3571//3571 119//119 3551//3551
f 3594//3594 2916//2916 2722//2722
f 3220//3220 2404//2404 1443//1443
f 3145//3145 1624//1624 1604//1604
f 1624//1624 1619//1619 1604//1604
f 3034//3034 2716//2716 3058//3058
f 3616//3616 3239//3239 3114//3114
f 1650//1650 2446//2446 3029//3029
f 1773//1773 2167//2167 2113//2113
f 2387//2387 1620//1620 3203//3203
f 1643//1643 3029//3029 1640//1640
f 3483//3483 3285//3285 1876//1876
f 2717//2717 3035//3035 3057//3057
f 184//184 3445//3445 185//185
f 2709//2709 14//14 3107//3107
f 2167//2167 1773//1773 2133//2133
f 178//178 3654//3654 177//177
f 2051//2051 3593//3593 2964//2964
f 2447//2447 1651//1651 3030//3030
f 2634//2634 3593//3593 2059//2059
f 3300//3300 2447//2447 3030//3030
f 1641//1641 3300//3300 3030//3030
f 3030//3030 1644//1644 1641//1641
f 2777//2777 2592//2592 1538//1538
f 2778//2778 2593//2593 1540//1540
f 2432//2432 3406//3406 3175//3175
f 3406//3406 1972//1972 3175//3175
f 2515//2515 3525//3525 3363//3363
f 3385//3385 1498//1498 3079//3079
f 3542//3542 1658//1658 3342//3342
f 3377//3377 1496//1496 1960//1960
f 3593//3593 2634//2634 2964//2964
f 2185//2185 2238//2238 1463//1463
f 2238//2238 1467//1467 1463//1463
f 1873//1873 3615//3615 2523//2523
f 3593//3593 2051//2051 2059//2059
f 2050//2050 3592//3592 2963//2963
f 3116//3116 3615//3615 1939//1939
f 2184//2184 2236//2236 1462//1462
f 2236//2236 1465//1465 1462//1462
f 3615//3615 3116//3116 2523//2523
f 2633//2633 3592//3592 2058//2058
f 2492//2492 3467//3467 2994//2994
f 3467//3467 2492//2492 2953//2953
f 3112//3112 3186//3186 2407//2407
f 2994//2994 2424//2424 2492//2492
f 3592//3592 2633//2633 2963//2963
f 3447//3447 180//180 181//181
f 3592//3592 2050//2050 2058//2058
f 3615//3615 1873//1873 1939//1939
f 1506//1506 3591//3591 2474//2474
f 3287//3287 3591//3591 3047//3047
f 3448//3448 177//177 176//176
f 3591//3591 3287//3287 2474//2474
f 3591//3591 1506//1506 3047//3047
f 3096//3096 2404//2404 3220//3220
f 3449//3449 1436//1436 1950//1950
f 3450//3450 22//22 23//23
f 3451//3451 1435//1435 1949//1949
f 2433//2433 3438//3438 3176//3176
f 3254//3254 2413//2413 3090//3090
f 2531//2531 3471//3471 2525//2525
f 2668//2668 3461//3461 2122//2122
f 2380//2380 1440//1440 3081//3081
f 3461//3461 1673//1673 2122//2122
f 3614//3614 2171//2171 2148//2148
f 2669//2669 3462//3462 2123//2123
f 3462//3462 1674//1674 2123//2123
f 3614//3614 2178//2178 3013//3013
f 2178//2178 3614//3614 2148//2148
f 3345//3345 2459//2459 3100//3100
f 2416//2416 2425//2425 1889//1889
f 2767//2767 1539//1539 1529//1529
f 3020//3020 194//194 195//195
f 3022//3022 163//163 162//162
f 2735//2735 2616//2616 3258//3258
f 1688//1688 2746//2746 2771//2771
f 194//194 3023//3023 195//195
f 163//163 3021//3021 162//162
f 2418//2418 3588//3588 3248//3248
f 1687//1687 2745//2745 2770//2770
f 3312//3312 3588//3588 2435//2435
f 3588//3588 3312//3312 3248//3248
f 3588//3588 2418//2418 2435//2435
f 1507//1507 3587//3587 3048//3048
f 3288//3288 3587//3587 2475//2475
f 3057//3057 2400//2400 2527//2527
f 2401//2401 3058//3058 2526//2526
f 2630//2630 3110//3110 2124//2124
f 3110//3110 1983//1983 2124//2124
f 3146//3146 3576//3576 3253//3253
f 1852//1852 3110//3110 2630//2630
f 3576//3576 2375//2375 3253//3253
f 2448//2448 3060//3060 2562//2562
f 1967//1967 1951//1951 1968//1968
f 2772//2772 179//179 180//180
f 1946//1946 2553//2553 2360//2360
f 2629//2629 3108//3108 2125//2125
f 3108//3108 1984//1984 2125//2125
f 3587//3587 3288//3288 3048//3048
f 1851//1851 3108//3108 2629//2629
f 128//128 3464//3464 129//129
f 3587//3587 1507//1507 2475//2475
f 1654//1654 3425//3425 3270//3270
f 2741//2741 3586//3586 3016//3016
f 3122//3122 3577//3577 2358//2358
f 2797//2797 3586//3586 1698//1698
f 3586//3586 2797//2797 3016//3016
f 2886//2886 186//186 187//187
f 3586//3586 2741//2741 1698//1698
f 2773//2773 178//178 177//177
f 3076//3076 1628//1628 1624//1624
f 3541//3541 1974//1974 2428//2428
f 1974//1974 1976//1976 2544//2544
f 1974//1974 2544//2544 2428//2428
f 2504//2504 2999//2999 1936//1936
f 2888//2888 171//171 170//170
f 3000//3000 2505//2505 1937//1937
f 2766//2766 1537//1537 1528//1528
f 186//186 2889//2889 187//187
f 171//171 2887//2887 170//170
f 3465//3465 122//122 121//121
f 3198//3198 1917//1917 2472//2472
f 2211//2211 1558//1558 2198//2198
f 1649//1649 3127//3127 1642//1642
f 1501//1501 3405//3405 3050//3050
f 3585//3585 2535//2535 2393//2393
f 2210//2210 1557//1557 2199//2199
f 3585//3585 3282//3282 1988//1988
f 3282//3282 3585//3585 2393//2393
f 2535//2535 3585//3585 1988//1988
f 2795//2795 2034//2034 2110//2110
f 3584//3584 3547//3547 2551//2551
f 3580//3580 2632//2632 2757//2757
f 2782//2782 3583//3583 2104//2104
f 3580//3580 2980//2980 2852//2852
f 2849//2849 3583//3583 1848//1848
f 2980//2980 3580//3580 2757//2757
f 3583//3583 2849//2849 2104//2104
f 2632//2632 3580//3580 2852//2852
f 2177//2177 1761//1761 2105//2105
f 3583//3583 2782//2782 1848//1848
f 2781//2781 3582//3582 2102//2102
f 2848//2848 3582//3582 1847//1847
f 2151//2151 2105//2105 1761//1761
f 3582//3582 2848//2848 2102//2102
f 2176//2176 1760//1760 2103//2103
f 3582//3582 2781//2781 1847//1847
f 2149//2149 2103//2103 1760//1760
f 2582//2582 3581//3581 2468//2468
f 3581//3581 3311//3311 2468//2468
f 2882//2882 188//188 189//189
f 3579//3579 2465//2465 2489//2489
f 2884//2884 169//169 168//168
f 3579//3579 2753//2753 2852//2852
f 188//188 2885//2885 189//189
f 2753//2753 3579//3579 2489//2489
f 1798//1798 2188//2188 2280//2280
f 2465//2465 3579//3579 2852//2852
f 1499//1499 3379//3379 2819//2819
f 2819//2819 1497//1497 1499//1499
f 1800//1800 2189//2189 2281//2281
f 169//169 2883//2883 168//168
f 1938//1938 2503//2503 3180//3180
f 2431//2431 3166//3166 1626//1626
f 2503//2503 3269//3269 3180//3180
f 1950//1950 3470//3470 3156//3156
f 3385//3385 3079//3079 3047//3047
f 2587//2587 3047//3047 3079//3079
f 2002//2002 1754//1754 2687//2687
f 3384//3384 1870//1870 3004//3004
f 1754//1754 2333//2333 2687//2687
f 3248//3248 1918//1918 3217//3217
f 2003//2003 1755//1755 2688//2688
f 1918//1918 1908//1908 3217//3217
f 1755//1755 2334//2334 2688//2688
f 2603//2603 3382//3382 2711//2711
f 2604//2604 3383//3383 2712//2712
f 3419//3419 3189//3189 2583//2583
f 2436//2436 3180//3180 3269//3269
f 3179//3179 2435//2435 3270//3270
f 3438//3438 2433//2433 3087//3087
f 1601//1601 3393//3393 3110//3110
f 2796//2796 2035//2035 2111//2111
f 3139//3139 2457//2457 1846//1846
f 2983//2983 1916//1916 1923//1923
f 3140//3140 2456//2456 1845//1845
f 2433//2433 3142//3142 2518//2518
f 2113//2113 2801//2801 1773//1773
f 2518//2518 3087//3087 2433//2433
f 2377//2377 2643//2643 3043//3043
f 2493//2493 2643//2643 2377//2377
f 2414//2414 3087//3087 2518//2518
f 2112//2112 2802//2802 1772//1772
f 2361//2361 2374//2374 3044//3044
f 1935//1935 3180//3180 3313//3313
f 3179//3179 1934//1934 3312//3312
f 2406//2406 3152//3152 2610//2610
f 2376//2376 3575//3575 2822//2822
f 3042//3042 3575//3575 2644//2644
f 1529//1529 2692//2692 2767//2767
f 3575//3575 3042//3042 2822//2822
f 1528//1528 2691//2691 2766//2766
f 3575//3575 2376//2376 2644//2644
f 2369//2369 3156//3156 1850//1850
f 3156//3156 2369//2369 1950//1950
f 2452//2452 3163//3163 2640//2640
f 1629//1629 1625//1625 3540//3540
f 2800//2800 2037//2037 2761//2761
f 2799//2799 2036//2036 2760//2760
f 1973//1973 3438//3438 3087//3087
f 1623//1623 3546//3546 1632//1632
f 2743//2743 3654//3654 2345//2345
f 3164//3164 1442//1442 1440//1440
f 2926//2926 1599//1599 2092//2092
f 3280//3280 3573//3573 1989//1989
f 2927//2927 1600//1600 2093//2093
f 2430//2430 3572//3572 1990//1990
f 2509//2509 3218//3218 2501//2501
f 3281//3281 3572//3572 1868//1868
f 3572//3572 3281//3281 1990//1990
f 3572//3572 2430//2430 1868//1868
f 1520//1520 2361//2361 3044//3044
f 3132//3132 3384//3384 3004//3004
f 1475//1475 2245//2245 2229//2229
f 3040//3040 2363//2363 2458//2458
f 119//119 3571//3571 3382//3382
f 3571//3571 2711//2711 3382//3382
f 3570//3570 1988//1988 1980//1980
f 2661//2661 3520//3520 2612//2612
f 3520//3520 1854//1854 2612//2612
f 3570//3570 3209//3209 2535//2535
f 3209//3209 3570//3570 1980//1980
f 1988//1988 3570//3570 2535//2535
f 2111//2111 3448//3448 176//176
f 2110//2110 3447//3447 181//181
f 1652//1652 3569//3569 1645//1645
f 1500//1500 3385//3385 3047//3047
f 3460//3460 1949//1949 2813//2813
f 2244//2244 1474//1474 2228//2228
f 1473//1473 2243//2243 2227//2227
f 2009//2009 3568//3568 3019//3019
f 2956//2956 3568//3568 1791//1791
f 3568//3568 2956//2956 3019//3019
f 3568//3568 2009//2009 1791//1791
f 3110//3110 1852//1852 1601//1601
f 2928//2928 1677//1677 2350//2350
f 2928//2928 2186//2186 2637//2637
f 3228//3228 1970//1970 2680//2680
f 3183//3183 2550//2550 1676//1676
f 1888//1888 3183//3183 1676//1676
f 3183//3183 1888//1888 2477//2477
f 3182//3182 2549//2549 1675//1675
f 2008//2008 3567//3567 3018//3018
f 2955//2955 3567//3567 1790//1790
f 2575//2575 3367//3367 2469//2469
f 3567//3567 2955//2955 3018//3018
f 2682//2682 2053//2053 1549//1549
f 3567//3567 2008//2008 1790//1790
f 2242//2242 1472//1472 2226//2226
f 1793//1793 2203//2203 2147//2147
f 2540//2540 3099//3099 2354//2354
f 1493//1493 3566//3566 2736//2736
f 1792//1792 2202//2202 2146//2146
f 3193//3193 3566//3566 1925//1925
f 2681//2681 2052//2052 1547//1547
f 3566//3566 3193//3193 2736//2736
f 3566//3566 1493//1493 1925//1925
f 3565//3565 1546//1546 2682//2682
f 3565//3565 1549//1549 2183//2183
f 1549//1549 3565//3565 2682//2682
f 1546//1546 3565//3565 2183//2183
f 1887//1887 3182//3182 1675//1675
f 3182//3182 1887//1887 2476//2476
f 3113//3113 1609//1609 2914//2914
f 2619//2619 3268//3268 1661//1661
f 2027//2027 3443//3443 173//173
f 3132//3132 2538//2538 3384//3384
f 3329//3329 1661//1661 3268//3268
f 3267//3267 2620//2620 1660//1660
f 1660//1660 3328//3328 3267//3267
f 2186//2186 2928//2928 2350//2350
f 2929//2929 1678//1678 2349//2349
f 1721//1721 2105//2105 2099//2099
f 2405//2405 3169//3169 2496//2496
f 1719//1719 2103//2103 2098//2098
f 2929//2929 2187//2187 2638//2638
f 3289//3289 1938//1938 3121//3121
f 1935//1935 3121//3121 1938//1938
f 2551//2551 3289//3289 3121//3121
f 2610//2610 2279//2279 2406//2406
f 3564//3564 2748//2748 3219//3219
f 1483//1483 2229//2229 1579//1579
f 2228//2228 1482//1482 1578//1578
f 1481//1481 2227//2227 1577//1577
f 2226//2226 1480//1480 1580//1580
f 3564//3564 3102//3102 2355//2355
f 3102//3102 3564//3564 3219//3219
f 2748//2748 3564//3564 2355//2355
f 123//123 3562//3562 3308//3308
f 3654//3654 2743//2743 177//177
f 3562//3562 3452//3452 3308//3308
f 3562//3562 123//123 122//122
f 2026//2026 3442//3442 184//184
f 2187//2187 2929//2929 2349//2349
f 3151//3151 2388//2388 2399//2399
f 1531//1531 2934//2934 1983//1983
f 2934//2934 2124//2124 1983//1983
f 1532//1532 2935//2935 1984//1984
f 2358//2358 2466//2466 3283//3283
f 2406//2406 3170//3170 2497//2497
f 3386//3386 1501//1501 3048//3048
f 1874//1874 3175//3175 1972//1972
f 3093//3093 2530//2530 2524//2524
f 3323//3323 1877//1877 2449//2449
f 1875//1875 3176//3176 1973//1973
f 3561//3561 127//127 3309//3309
f 2433//2433 3176//3176 2615//2615
f 3453//3453 3561//3561 3309//3309
f 127//127 3561//3561 128//128
f 3558//3558 2374//2374 3315//3315
f 1688//1688 1691//1691 2746//2746
f 3188//3188 3558//3558 3315//3315
f 1687//1687 1690//1690 2745//2745
f 2373//2373 3557//3557 3315//3315
f 3557//3557 3187//3187 3315//3315
f 3191//3191 2428//2428 2544//2544
f 2812//2812 1950//1950 1436//1436
f 2996//2996 2593//2593 2778//2778
f 2995//2995 2592//2592 2777//2777
f 2813//2813 1949//1949 1435//1435
f 3245//3245 1971//1971 2417//2417
f 2417//2417 1971//1971 3236//3236
f 2473//2473 3207//3207 2642//2642
f 1970//1970 3244//3244 2416//2416
f 1970//1970 2416//2416 3235//3235
f 2031//2031 2201//2201 2241//2241
f 2030//2030 2200//2200 2240//2240
f 2362//2362 3046//3046 1505//1505
f 1435//1435 3451//3451 3062//3062
f 2814//2814 2002//2002 2042//2042
f 2869//2869 3418//3418 2868//2868
f 1436//1436 3449//3449 3063//3063
f 2435//2435 1654//1654 3270//3270
f 1655//1655 2436//2436 3269//3269
f 2496//2496 3435//3435 2405//2405
f 3556//3556 3309//3309 127//127
f 2867//2867 2591//2591 2982//2982
f 1911//1911 2867//2867 2982//2982
f 2590//2590 2866//2866 2981//2981
f 2866//2866 1910//1910 2981//2981
f 126//126 3556//3556 127//127
f 3086//3086 1505//1505 3046//3046
f 3490//3490 2704//2704 2830//2830
f 3490//3490 2830//2830 1704//1704
f 3491//3491 2706//2706 2831//2831
f 3491//3491 2831//2831 1706//1706
f 3435//3435 2496//2496 2942//2942
f 1952//1952 3435//3435 2942//2942
f 2496//2496 3169//3169 2678//2678
f 2006//2006 3555//3555 2564//2564
f 2957//2957 3555//3555 2631//2631
f 2497//2497 3434//3434 2406//2406
f 3555//3555 2957//2957 2564//2564
f 3555//3555 2006//2006 2631//2631
f 3216//3216 2440//2440 2512//2512
f 2935//2935 2125//2125 1984//1984
f 2378//2378 2644//2644 3321//3321
f 3434//3434 2497//2497 2943//2943
f 2815//2815 2003//2003 2043//2043
f 1772//1772 2166//2166 2112//2112
f 3218//3218 2509//2509 1913//1913
f 3114//3114 3554//3554 3347//3347
f 2414//2414 3142//3142 3181//3181
f 3142//3142 2414//2414 2518//2518
f 3249//3249 3554//3554 1612//1612
f 3396//3396 1853//1853 2635//2635
f 1726//1726 3396//3396 2635//2635
f 3396//3396 1726//1726 2601//2601
f 3554//3554 3249//3249 3347//3347
f 3554//3554 3114//3114 1612//1612
f 1953//1953 3434//3434 2943//2943
f 1869//1869 3134//3134 1959//1959
f 2497//2497 3170//3170 2679//2679
f 3223//3223 2459//2459 2510//2510
f 3395//3395 1854//1854 2636//2636
f 1727//1727 3395//3395 2636//2636
f 3395//3395 1727//1727 2602//2602
f 2214//2214 2212//2212 2143//2143
f 3470//3470 1950//1950 2812//2812
f 3044//3044 3207//3207 1520//1520
f 2215//2215 2213//2213 2145//2145
f 1437//1437 2562//2562 3259//3259
f 2370//2370 3393//3393 2552//2552
f 2370//2370 3489//3489 3393//3393
f 2322//2322 2678//2678 3169//3169
f 3430//3430 3391//3391 2586//2586
f 1851//1851 3154//3154 2683//2683
f 1852//1852 3155//3155 2684//2684
f 2323//2323 2679//2679 3170//3170
f 3390//3390 3429//3429 2585//2585
f 3054//3054 1866//1866 1867//1867
f 2998//2998 2503//2503 1938//1938
f 2410//2410 3144//3144 3330//3330
f 2452//2452 2640//2640 3246//3246
f 2508//2508 3226//3226 1912//1912
f 2484//2484 1859//1859 1996//1996
f 1615//1615 3166//3166 1607//1607
f 3320//3320 3028//3028 2481//2481
f 2458//2458 3046//3046 3040//3040
f 3535//3535 3040//3040 3046//3046
f 1872//1872 1869//1869 2448//2448
f 3480//3480 2570//2570 2501//2501
f 3326//3326 1965//1965 1901//1901
f 2615//2615 2272//2272 2433//2433
f 1965//1965 1978//1978 1901//1901
f 24//24 3409//3409 3499//3499
f 1964//1964 3325//3325 1900//1900
f 1628//1628 3138//3138 3293//3293
f 1977//1977 1964//1964 1900//1900
f 2010//2010 3476//3476 2956//2956
f 1864//1864 3334//3334 2776//2776
f 2272//2272 2615//2615 1678//1678
f 1941//1941 3263//3263 1981//1981
f 1942//1942 3266//3266 1982//1982
f 3290//3290 2487//2487 2357//2357
f 2828//2828 3442//3442 2764//2764
f 2978//2978 1919//1919 1904//1904
f 3293//3293 1624//1624 1628//1628
f 3292//3292 2443//2443 2368//2368
f 2599//2599 2368//2368 2443//2443
f 2442//2442 3291//3291 2367//2367
f 2367//2367 2598//2598 2442//2442
f 1683//1683 2870//2870 2074//2074
f 2637//2637 3476//3476 2936//2936
f 2508//2508 1912//1912 2608//2608
f 2629//2629 1712//1712 1851//1851
f 2827//2827 1769//1769 1759//1759
f 1769//1769 2109//2109 1759//1759
f 3476//3476 2637//2637 2956//2956
f 2108//2108 1768//1768 1758//1758
f 2826//2826 1767//1767 1757//1757
f 1767//1767 2107//2107 1757//1757
f 2764//2764 3442//3442 2026//2026
f 2106//2106 1766//1766 1756//1756
f 2630//2630 1713//1713 1852//1852
f 1817//1817 2199//2199 1557//1557
f 1913//1913 2509//2509 2609//2609
f 2829//2829 3443//3443 2765//2765
f 1816//1816 2198//2198 1558//1558
f 1780//1780 3552//3552 2192//2192
f 2252//2252 3552//3552 1555//1555
f 3552//3552 2252//2252 2192//2192
f 3552//3552 1780//1780 1555//1555
f 3099//3099 3484//3484 2354//2354
f 3476//3476 2010//2010 2936//2936
f 2402//2402 3549//3549 2925//2925
f 2166//2166 1772//1772 2132//2132
f 2643//2643 2387//2387 3232//3232
f 1685//1685 2871//2871 2075//2075
f 3155//3155 3549//3549 1997//1997
f 3549//3549 3155//3155 2925//2925
f 2743//2743 2090//2090 2568//2568
f 1856//1856 3007//3007 3252//3252
f 3551//3551 119//119 118//118
f 3550//3550 25//25 26//26
f 3296//3296 2776//2776 1883//1883
f 3549//3549 2402//2402 1997//1997
f 13//13 3545//3545 12//12
f 131//131 3544//3544 132//132
f 1508//1508 2383//2383 3084//3084
f 2971//2971 1715//1715 1708//1708
f 2972//2972 1717//1717 1709//1709
f 3505//3505 3129//3129 3131//3131
f 2765//2765 3443//3443 2027//2027
f 2011//2011 3477//3477 2955//2955
f 2638//2638 3477//3477 2937//2937
f 1517//1517 3131//3131 3129//3129
f 1879//1879 3541//3541 2428//2428
f 1538//1538 2762//2762 2840//2840
f 3128//3128 3504//3504 3130//3130
f 1640//1640 3331//3331 1643//1643
f 3130//3130 1516//1516 3128//3128
f 3332//3332 1641//1641 1644//1644
f 1930//1930 3402//3402 3336//3336
f 3402//3402 1998//1998 3336//3336
f 3345//3345 1499//1499 1497//1497
f 3336//3336 1602//1602 1930//1930
f 3400//3400 2370//2370 2552//2552
f 3083//3083 3529//3529 3397//3397
f 1880//1880 3235//3235 3408//3408
f 2305//2305 2499//2499 3049//3049
f 2570//2570 3422//3422 3038//3038
f 1540//1540 2763//2763 2841//2841
f 3477//3477 2638//2638 2955//2955
f 2021//2021 2111//2111 3440//3440
f 2541//2541 2954//2954 3033//3033
f 3377//3377 2512//2512 2440//2440
f 2863//2863 3522//3522 1698//1698
f 3477//3477 2011//2011 2937//2937
f 3381//3381 2510//2510 2459//2459
f 3440//3440 2111//2111 175//175
f 3385//3385 1500//1500 1498//1498
f 3387//3387 2458//2458 2363//2363
f 1698//1698 3522//3522 2797//2797
f 2054//2054 2942//2942 2496//2496
f 1909//1909 3404//3404 1906//1906
f 1581//1581 212//212 213//213
f 2337//2337 1581//1581 213//213
f 3030//3030 1651//1651 1657//1657
f 1917//1917 3198//3198 3272//3272
f 1650//1650 3029//3029 1656//1656
f 1905//1905 1917//1917 3272//3272
f 2818//2818 1845//1845 2456//2456
f 145//145 1582//1582 144//144
f 2984//2984 1917//1917 1905//1905
f 2197//2197 1791//1791 2009//2009
f 1582//1582 2338//2338 144//144
f 3283//3283 2557//2557 2358//2358
f 2196//2196 1790//1790 2008//2008
f 1583//1583 145//145 144//144
f 2339//2339 1583//1583 144//144
f 3448//3448 2035//2035 2773//2773
f 3448//3448 2111//2111 2035//2035
f 177//177 3448//3448 2773//2773
f 3447//3447 2034//2034 2772//2772
f 3447//3447 2110//2110 2034//2034
f 180//180 3447//3447 2772//2772
f 2669//2669 3006//3006 1737//1737
f 2305//2305 1440//1440 2380//2380
f 212//212 1584//1584 213//213
f 2668//2668 3005//3005 1736//1736
f 3425//3425 2566//2566 3346//3346
f 2642//2642 2296//2296 2473//2473
f 1584//1584 2340//2340 213//213
f 2055//2055 2943//2943 2497//2497
f 3527//3527 2365//2365 2199//2199
f 3407//3407 121//121 120//120
f 3527//3527 3063//3063 1999//1999
f 1666//1666 3543//3543 3261//3261
f 1911//1911 1669//1669 2867//2867
f 1998//1998 3424//3424 2366//2366
f 3261//3261 2655//2655 1666//1666
f 1624//1624 3260//3260 3076//3076
f 3369//3369 2585//2585 1898//1898
f 2586//2586 3370//3370 1899//1899
f 3063//3063 3527//3527 2199//2199
f 3127//3127 1649//1649 3267//3267
f 3013//3013 2221//2221 203//203
f 2365//2365 3527//3527 1999//1999
f 3011//3011 2219//2219 154//154
f 3526//3526 2364//2364 2198//2198
f 1933//1933 3494//3494 1858//1858
f 24//24 3499//3499 23//23
f 3413//3413 1931//1931 1603//1603
f 1731//1731 2116//2116 2875//2875
f 1729//1729 2114//2114 2874//2874
f 1925//1925 3353//3353 3193//3193
f 3007//3007 2645//2645 3252//3252
f 3414//3414 1930//1930 1602//1602
f 2392//2392 3065//3065 1502//1502
f 3066//3066 2391//2391 1503//1503
f 2818//2818 1496//1496 1498//1498
f 1605//1605 3254//3254 3090//3090
f 3526//3526 3062//3062 1998//1998
f 2710//2710 1614//1614 3537//3537
f 3335//3335 3466//3466 1921//1921
f 3110//3110 3489//3489 1983//1983
f 3489//3489 2370//2370 1983//1983
f 2337//2337 213//213 214//214
f 1834//1834 2337//2337 214//214
f 144//144 2338//2338 143//143
f 2338//2338 1835//1835 143//143
f 2339//2339 144//144 143//143
f 1836//1836 2339//2339 143//143
f 213//213 2340//2340 214//214
f 1438//1438 3355//3355 3041//3041
f 23//23 3499//3499 3450//3450
f 2340//2340 1833//1833 214//214
f 197//197 2137//2137 198//198
f 2136//2136 160//160 159//159
f 3412//3412 1498//1498 1500//1500
f 160//160 2135//2135 159//159
f 2580//2580 3497//3497 3493//3493
f 3493//3493 2348//2348 2580//2580
f 2579//2579 3498//3498 3492//3492
f 3492//3492 2347//2347 2579//2579
f 2052//2052 2909//2909 1547//1547
f 2053//2053 2910//2910 1549//1549
f 3062//3062 3526//3526 2198//2198
f 2364//2364 3526//3526 1998//1998
f 2134//2134 197//197 198//198
f 1975//1975 2655//2655 3261//3261
f 3126//3126 1655//1655 3268//3268
f 1931//1931 3413//3413 1854//1854
f 2408//2408 1630//1630 1622//1622
f 3413//3413 2612//2612 1854//1854
f 1930//1930 3414//3414 1853//1853
f 1624//1624 3293//3293 1619//1619
f 1655//1655 3126//3126 2436//2436
f 3190//3190 1643//1643 3331//3331
f 1654//1654 3127//3127 3267//3267
f 3127//3127 1654//1654 2435//2435
f 3356//3356 1999//1999 3072//3072
f 1999//1999 3426//3426 2369//2369
f 3293//3293 1966//1966 3103//3103
f 1836//1836 143//143 142//142
f 143//143 1835//1835 142//142
f 1834//1834 214//214 215//215
f 214//214 1833//1833 215//215
f 1938//1938 3180//3180 1935//1935
f 3498//3498 1960//1960 1941//1941
f 2678//2678 2054//2054 2496//2496
f 1619//1619 3293//3293 3103//3103
f 3525//3525 3230//3230 2739//2739
f 3230//3230 3525//3525 2515//2515
f 2806//2806 2453//2453 2352//2352
f 3429//3429 2532//2532 1992//1992
f 1956//1956 2806//2806 2352//2352
f 1963//1963 1920//1920 2534//2534
f 1887//1887 3172//3172 2476//2476
f 1888//1888 3173//3173 2477//2477
f 3103//3103 2502//2502 3051//3051
f 3280//3280 2542//2542 3573//3573
f 3573//3573 2542//2542 3256//3256
f 1585//1585 219//219 3600//3600
f 3600//3600 219//219 218//218
f 3497//3497 1961//1961 1942//1942
f 1938//1938 3289//3289 2998//2998
f 2279//2279 3170//3170 2406//2406
f 3170//3170 2279//2279 2812//2812
f 3388//3388 2554//2554 3243//3243
f 3243//3243 2554//2554 2511//2511
f 3304//3304 3388//3388 3243//3243
f 3344//3344 1920//1920 1963//1963
f 1815//1815 2310//2310 207//207
f 206//206 1815//1815 207//207
f 3203//3203 1916//1916 3232//3232
f 2309//2309 1814//1814 150//150
f 1814//1814 151//151 150//150
f 1917//1917 2984//2984 1924//1924
f 1813//1813 2308//2308 150//150
f 1867//1867 3068//3068 3054//3054
f 151//151 1813//1813 150//150
f 1687//1687 2887//2887 2872//2872
f 2541//2541 3099//3099 2540//2540
f 3046//3046 2458//2458 3086//3086
f 1688//1688 2889//2889 2873//2873
f 1714//1714 1728//1728 2117//2117
f 2307//2307 1812//1812 207//207
f 2263//2263 1794//1794 1574//1574
f 1794//1794 2267//2267 1574//1574
f 3237//3237 2619//2619 3209//3209
f 1661//1661 3209//3209 2619//2619
f 2620//2620 3238//3238 3208//3208
f 3208//3208 1660//1660 2620//2620
f 1795//1795 2260//2260 1571//1571
f 1716//1716 1730//1730 2115//2115
f 2264//2264 1795//1795 1571//1571
f 2261//2261 1796//1796 1572//1572
f 1854//1854 3520//3520 3432//3432
f 2218//2218 203//203 204//204
f 3159//3159 3520//3520 2661//2661
f 2230//2230 2218//2218 204//204
f 2224//2224 2189//2189 1831//1831
f 3536//3536 3229//3229 2740//2740
f 1800//1800 1831//1831 2189//2189
f 2008//2008 2652//2652 2196//2196
f 1812//1812 206//206 207//207
f 1757//1757 2126//2126 2129//2129
f 2222//2222 2188//2188 1829//1829
f 2426//2426 3536//3536 2740//2740
f 3438//3438 1973//1973 3176//3176
f 2740//2740 2023//2023 2175//2175
f 3291//3291 3184//3184 2367//2367
f 1943//1943 3184//3184 3291//3291
f 1798//1798 1829//1829 2188//2188
f 1796//1796 2265//2265 1572//1572
f 1797//1797 2262//2262 1573//1573
f 2266//2266 1797//1797 1573//1573
f 2866//2866 2581//2581 2921//2921
f 2293//2293 1514//1514 3177//3177
f 3520//3520 3159//3159 3432//3432
f 1515//1515 2294//2294 3178//3178
f 3331//3331 1640//1640 1634//1634
f 1757//1757 2129//2129 1748//1748
f 3322//3322 3001//3001 2397//2397
f 3331//3331 1634//1634 3160//3160
f 2487//2487 3290//3290 1828//1828
f 2962//2962 1828//1828 3290//3290
f 1860//1860 2962//2962 3290//3290
f 3223//3223 2510//2510 1933//1933
f 1858//1858 3223//3223 1933//1933
f 3381//3381 2459//2459 3345//3345
f 1497//1497 3381//3381 3345//3345
f 1717//1717 2972//2972 2116//2116
f 1905//1905 3454//3454 3310//3310
f 1641//1641 3332//3332 1635//1635
f 1715//1715 2971//2971 2114//2114
f 2003//2003 2688//2688 2043//2043
f 3162//3162 1898//1898 3168//3168
f 1972//1972 3406//3406 3157//3157
f 3332//3332 1976//1976 3161//3161
f 1635//1635 3332//3332 3161//3161
f 2002//2002 2687//2687 2042//2042
f 3264//3264 3519//3519 3171//3171
f 3519//3519 3043//3043 3171//3171
f 1476//1476 1472//1472 2192//2192
f 1473//1473 1477//1477 2193//2193
f 1478//1478 1474//1474 2194//2194
f 1475//1475 1479//1479 2195//2195
f 208//208 1574//1574 209//209
f 1574//1574 2267//2267 209//209
f 2310//2310 1574//1574 208//208
f 1573//1573 149//149 148//148
f 2266//2266 1573//1573 148//148
f 1542//1542 3017//3017 2025//2025
f 1819//1819 1542//1542 2025//2025
f 1541//1541 3016//3016 2024//2024
f 1818//1818 1541//1541 2024//2024
f 1931//1931 3403//3403 3356//3356
f 1853//1853 3518//3518 3431//3431
f 3403//3403 1999//1999 3356//3356
f 3356//3356 1603//1603 1931//1931
f 3158//3158 3518//3518 2660//2660
f 1573//1573 2309//2309 149//149
f 149//149 1572//1572 148//148
f 1572//1572 2265//2265 148//148
f 2308//2308 1572//1572 149//149
f 1571//1571 208//208 209//209
f 2264//2264 1571//1571 209//209
f 1571//1571 2307//2307 208//208
f 3518//3518 3158//3158 3431//3431
f 1841//1841 1569//1569 2138//2138
f 1702//1702 2919//2919 1681//1681
f 1681//1681 2832//2832 1702//1702
f 1703//1703 2920//2920 1682//1682
f 1682//1682 2833//2833 1703//1703
f 2952//2952 1599//1599 2926//2926
f 3265//3265 3517//3517 3174//3174
f 3517//3517 3042//3042 3174//3174
f 3516//3516 1436//1436 2323//2323
f 3516//3516 3170//3170 2812//2812
f 3017//3017 1542//1542 2740//2740
f 2175//2175 3017//3017 2740//2740
f 3016//3016 1541//1541 2739//2739
f 3068//3068 1867//1867 3306//3306
f 3200//3200 3306//3306 1867//1867
f 2174//2174 3016//3016 2739//2739
f 3170//3170 3516//3516 2323//2323
f 2533//2533 1993//1993 2576//2576
f 1436//1436 3516//3516 2812//2812
f 2627//2627 3544//3544 2708//2708
f 3078//3078 3386//3386 3048//3048
f 3544//3544 131//131 2708//2708
f 2628//2628 3545//3545 2709//2709
f 202//202 3013//3013 203//203
f 3545//3545 13//13 2709//2709
f 3012//3012 155//155 154//154
f 155//155 3011//3011 154//154
f 3010//3010 202//202 203//203
f 3515//3515 1435//1435 2322//2322
f 3481//3481 2100//2100 175//175
f 1587//1587 138//138 3601//3601
f 3482//3482 2101//2101 182//182
f 3601//3601 138//138 139//139
f 2933//2933 2059//2059 2073//2073
f 3515//3515 3169//3169 2813//2813
f 2597//2597 3343//3343 2369//2369
f 1850//1850 2597//2597 2369//2369
f 1849//1849 2356//2356 3133//3133
f 2931//2931 2058//2058 2072//2072
f 1688//1688 2873//2873 1691//1691
f 1687//1687 2872//2872 1690//1690
f 3169//3169 3515//3515 2322//2322
f 1737//1737 2119//2119 1713//1713
f 1736//1736 2118//2118 1712//1712
f 1922//1922 2594//2594 2439//2439
f 2561//2561 3329//3329 2567//2567
f 3328//3328 2560//2560 2566//2566
f 1435//1435 3515//3515 2813//2813
f 2584//2584 3054//3054 3068//3068
f 1921//1921 3367//3367 3335//3335
f 3421//3421 2521//2521 3096//3096
f 1733//1733 2987//2987 3491//3491
f 2404//2404 3096//3096 2521//2521
f 1608//1608 2483//2483 3314//3314
f 1732//1732 2985//2985 3490//3490
f 1918//1918 2977//2977 1908//1908
f 3003//3003 2203//2203 1816//1816
f 1558//1558 3003//3003 1816//1816
f 3002//3002 2202//2202 1817//1817
f 1557//1557 3002//3002 1817//1817
f 3510//3510 1875//1875 2618//2618
f 3510//3510 3152//3152 1953//1953
f 1457//1457 2151//2151 2181//2181
f 2150//2150 1456//1456 2180//2180
f 1759//1759 2127//2127 2131//2131
f 1759//1759 2131//2131 1749//1749
f 154//154 2219//2219 153//153
f 2148//2148 1455//1455 2178//2178
f 3152//3152 3510//3510 2618//2618
f 2401//2401 1900//1900 3325//3325
f 1442//1442 2401//2401 3325//3325
f 1901//1901 2400//2400 3326//3326
f 2400//2400 1441//1441 3326//3326
f 1875//1875 3510//3510 1953//1953
f 3105//3105 2391//2391 3119//3119
f 1674//1674 2991//2991 2653//2653
f 3480//3480 2352//2352 2453//2453
f 3105//3105 3119//3119 2415//2415
f 3257//3257 2543//2543 2430//2430
f 2543//2543 1868//1868 2430//2430
f 1667//1667 2532//2532 3349//3349
f 3341//3341 1667//1667 3349//3349
f 2048//2048 3532//3532 1711//1711
f 1711//1711 2912//2912 2048//2048
f 2762//2762 1711//1711 3532//3532
f 2049//2049 3533//3533 1710//1710
f 1710//1710 2911//2911 2049//2049
f 1841//1841 2138//2138 1766//1766
f 2197//2197 2991//2991 1531//1531
f 2763//2763 1710//1710 3533//3533
f 2392//2392 3104//3104 3118//3118
f 2991//2991 2197//2197 2653//2653
f 2219//2219 2231//2231 153//153
f 1761//1761 2177//2177 2170//2170
f 2170//2170 2177//2177 2158//2158
f 3507//3507 1461//1461 1463//1463
f 2220//2220 154//154 153//153
f 1760//1760 2176//2176 2168//2168
f 2168//2168 2176//2176 2156//2156
f 3099//3099 2541//2541 2355//2355
f 2991//2991 1674//1674 1531//1531
f 1673//1673 2990//2990 2652//2652
f 2196//2196 2990//2990 1532//1532
f 2990//2990 2196//2196 2652//2652
f 2990//2990 1673//1673 1532//1532
f 2232//2232 2220//2220 153//153
f 3259//3259 2562//2562 3060//3060
f 203//203 2221//2221 204//204
f 2533//2533 3430//3430 1993//1993
f 2256//2256 1841//1841 1766//1766
f 2120//2120 1528//1528 1537//1537
f 2221//2221 2233//2233 204//204
f 3506//3506 1459//1459 1462//1462
f 3174//3174 3503//3503 3265//3265
f 3503//3503 3174//3174 1908//1908
f 2897//2897 1695//1695 2771//2771
f 2504//2504 1936//1936 3338//3338
f 2896//2896 1693//1693 2770//2770
f 2121//2121 1529//1529 1539//1539
f 3157//3157 1437//1437 1972//1972
f 3338//3338 2446//2446 2648//2648
f 2974//2974 1680//1680 2023//2023
f 2087//2087 2045//2045 2726//2726
f 2045//2045 1550//1550 2726//2726
f 2973//2973 1679//1679 2022//2022
f 2648//2648 2504//2504 3338//3338
f 2086//2086 2044//2044 2725//2725
f 2044//2044 1548//1548 2725//2725
f 1937//1937 2505//2505 3337//3337
f 2757//2757 2041//2041 2752//2752
f 2989//2989 3512//3512 2557//2557
f 2557//2557 2481//2481 3028//3028
f 3512//3512 2481//2481 2557//2557
f 2756//2756 2040//2040 2751//2751
f 2622//2622 3415//3415 1819//1819
f 199//199 2961//2961 200//200
f 3318//3318 1958//1958 1962//1962
f 2960//2960 158//158 157//157
f 2009//2009 2653//2653 2197//2197
f 158//158 2959//2959 157//157
f 2841//2841 2763//2763 3533//3533
f 2840//2840 2762//2762 3532//3532
f 1906//1906 3419//3419 1909//1909
f 1680//1680 2175//2175 2023//2023
f 2958//2958 199//199 200//200
f 1843//1843 1570//1570 2140//2140
f 3119//3119 1510//1510 2411//2411
f 1679//1679 2174//2174 2022//2022
f 2447//2447 3337//3337 2649//2649
f 3167//3167 2537//2537 3316//3316
f 2956//2956 1791//1791 2010//2010
f 2955//2955 1790//1790 2011//2011
f 2505//2505 2649//2649 3337//3337
f 1664//1664 2966//2966 3240//3240
f 2993//2993 1957//1957 3173//3173
f 2992//2992 1956//1956 3172//3172
f 2977//2977 1918//1918 1927//1927
f 2239//2239 2251//2251 1568//1568
f 2251//2251 2233//2233 1568//1568
f 2250//2250 2238//2238 1567//1567
f 14//14 2709//2709 13//13
f 2232//2232 2250//2250 1567//1567
f 2088//2088 2736//2736 2595//2595
f 2237//2237 2249//2249 1566//1566
f 2249//2249 2231//2231 1566//1566
f 2248//2248 2236//2236 1565//1565
f 2230//2230 2248//2248 1565//1565
f 2912//2912 1682//1682 2920//2920
f 2048//2048 2912//2912 2920//2920
f 3349//3349 1659//1659 3341//3341
f 1509//1509 3118//3118 2412//2412
f 1843//1843 2140//2140 1768//1768
f 1658//1658 3350//3350 3342//3342
f 2258//2258 1843//1843 1768//1768
f 2911//2911 1681//1681 2919//2919
f 2245//2245 1797//1797 2266//2266
f 2869//2869 1939//1939 3418//3418
f 1796//1796 2244//2244 2265//2265
f 2049//2049 2911//2911 2919//2919
f 2243//2243 1795//1795 2264//2264
f 2577//2577 3276//3276 2583//2583
f 1794//1794 2242//2242 2267//2267
f 3654//3654 178//178 2345//2345
f 2739//2739 2022//2022 2174//2174
f 1880//1880 3421//3421 3096//3096
f 129//129 3422//3422 130//130
f 3081//3081 1440//1440 1442//1442
f 15//15 3423//3423 14//14
f 3424//3424 1949//1949 2366//2366
f 19//19 2654//2654 18//18
f 3426//3426 1950//1950 2369//2369
f 210//210 1580//1580 211//211
f 1642//1642 3222//3222 1649//1649
f 1579//1579 147//147 146//146
f 1727//1727 2950//2950 2602//2602
f 147//147 1578//1578 146//146
f 2089//2089 2737//2737 2596//2596
f 1577//1577 210//210 211//211
f 1726//1726 2949//2949 2601//2601
f 2120//2120 1537//1537 2944//2944
f 2121//2121 1539//1539 2945//2945
f 3138//3138 1966//1966 3293//3293
f 1760//1760 2179//2179 2149//2149
f 3191//3191 1976//1976 3332//3332
f 3191//3191 2544//2544 1976//1976
f 3431//3431 2635//2635 1853//1853
f 3432//3432 2636//2636 1854//1854
f 3496//3496 2057//2057 1598//1598
f 2734//2734 3496//3496 1598//1598
f 3495//3495 2056//2056 1597//1597
f 2733//2733 3495//3495 1597//1597
f 3494//3494 1933//1933 1598//1598
f 3466//3466 2408//2408 2516//2516
f 3153//3153 2578//2578 1631//1631
f 1761//1761 2181//2181 2151//2151
f 2516//2516 1921//1921 3466//3466
f 3344//3344 1963//1963 2616//2616
f 2699//2699 1875//1875 2617//2617
f 2699//2699 1678//1678 2615//2615
f 182//182 2101//2101 183//183
f 3434//3434 1953//1953 3152//3152
f 175//175 2100//2100 174//174
f 2947//2947 1526//1526 2350//2350
f 2947//2947 2113//2113 2167//2167
f 1905//1905 3272//3272 2477//2477
f 2723//2723 2015//2015 2794//2794
f 2722//2722 2013//2013 2793//2793
f 2113//2113 2947//2947 2350//2350
f 2946//2946 1524//1524 2349//2349
f 2946//2946 2112//2112 2166//2166
f 2112//2112 2946//2946 2349//2349
f 2304//2304 3486//3486 1558//1558
f 3488//3488 3069//3069 1926//1926
f 2351//2351 3488//3488 1926//1926
f 1909//1909 3419//3419 2583//2583
f 2543//2543 3288//3288 1868//1868
f 2139//2139 1842//1842 1767//1767
f 1437//1437 3259//3259 3202//3202
f 3486//3486 1751//1751 1558//1558
f 2684//2684 1601//1601 1852//1852
f 2303//2303 3485//3485 1557//1557
f 3485//3485 1750//1750 1557//1557
f 2354//2354 2747//2747 2540//2540
f 2354//2354 3484//3484 3115//3115
f 1873//1873 3311//3311 2868//2868
f 2748//2748 2355//2355 2541//2541
f 2406//2406 3434//3434 3152//3152
f 3033//3033 2748//2748 2541//2541
f 3435//3435 1952//1952 3148//3148
f 2679//2679 2055//2055 2497//2497
f 1844//1844 2259//2259 1769//1769
f 2141//2141 1844//1844 1769//1769
f 2405//2405 3435//3435 3148//3148
f 1842//1842 2257//2257 1767//1767
f 2555//2555 3645//3645 2545//2545
f 3190//3190 3645//3645 3055//3055
f 3645//3645 3190//3190 2545//2545
f 3645//3645 2555//2555 3055//3055
f 3646//3646 2575//2575 3109//3109
f 3646//3646 3082//3082 3125//3125
f 3082//3082 3646//3646 3109//3109
f 2575//2575 3646//3646 3125//3125
f 3106//3106 3653//3653 3422//3422
f 3653//3653 130//130 3422//3422
f 2429//2429 3652//3652 2594//2594
f 2545//2545 3652//3652 2555//2555
f 3647//3647 2420//2420 2876//2876
f 3647//3647 3187//3187 3557//3557
f 3187//3187 3647//3647 2876//2876
f 2420//2420 3647//3647 3557//3557
f 3648//3648 122//122 3465//3465
f 3648//3648 3452//3452 3562//3562
f 3452//3452 3648//3648 3465//3465
f 122//122 3648//3648 3562//3562
f 3652//3652 2545//2545 2594//2594
f 3649//3649 2555//2555 3652//3652
f 21//21 3651//3651 3521//3521
f 3277//3277 3651//3651 22//22
f 1892//1892 3649//3649 2429//2429
f 2555//2555 3649//3649 2450//2450
f 3649//3649 3652//3652 2429//2429
f 3649//3649 1892//1892 2450//2450
f 3059//3059 3650//3650 3500//3500
f 3553//3553 3650//3650 3584//3584
f 3650//3650 3553//3553 3500//3500
f 3650//3650 3059//3059 3584//3584
f 3651//3651 21//21 22//22
f 3651//3651 3277//3277 3521//3521
f 106//106 3662//3662 105//105
f 4//4 3662//3662 107//107
f 107//107 3662//3662 106//106
f 104//104 3662//3662 4//4
f 105//105 3662//3662 104//104
f 3672//3672 242//242 3669//3669
f 3672//3672 243//243 6//6
f 3752//3752 3728//3728 3754//3754
f 242//242 3672//3672 6//6
f 222//222 3671//3671 3668//3668
f 243//243 3671//3671 6//6
f 3719//3719 3715//3715 3750//3750
f 3671//3671 222//222 6//6
f 3687//3687 3695//3695 3696//3696
f 3748//3748 3734//3734 3738//3738
f 3695//3695 3735//3735 3664//3664
f 3674//3674 3722//3722 239//239
f 3736//3736 3689//3689 3691//3691
f 3670//3670 250//250 7//7
f 3755//3755 3760//3760 3761//3761
f 246//246 3670//3670 7//7
f 238//238 3674//3674 239//239
f 3735//3735 3663//3663 3664//3664
f 3771//3771 3718//3718 3678//3678
f 3760//3760 247//247 3761//3761
f 3727//3727 3735//3735 233//233
f 3668//3668 223//223 222//222
f 245//245 3740//3740 246//246
f 3685//3685 233//233 3735//3735
f 3748//3748 3731//3731 3688//3688
f 3739//3739 3703//3703 3666//3666
f 3666//3666 3742//3742 3739//3739
f 3687//3687 3735//3735 3695//3695
f 3714//3714 3744//3744 237//237
f 236//236 3714//3714 237//237
f 3702//3702 3739//3739 3742//3742
f 3702//3702 3742//3742 3700//3700
f 3723//3723 3752//3752 3770//3770
f 3732//3732 3689//3689 3736//3736
f 3731//3731 3722//3722 3688//3688
f 3725//3725 3696//3696 3701//3701
f 3744//3744 3714//3714 3676//3676
f 3727//3727 3717//3717 3663//3663
f 3717//3717 3727//3727 232//232
f 3709//3709 3714//3714 236//236
f 3731//3731 3748//3748 3694//3694
f 3724//3724 3717//3717 231//231
f 3692//3692 3693//3693 3700//3700
f 3730//3730 3741//3741 3667//3667
f 3696//3696 3695//3695 3701//3701
f 3762//3762 3703//3703 3759//3759
f 249//249 3762//3762 3759//3759
f 3734//3734 244//244 3738//3738
f 3717//3717 232//232 231//231
f 244//244 3734//3734 245//245
f 3728//3728 3699//3699 3706//3706
f 3667//3667 3764//3764 3670//3670
f 244//244 3732//3732 3736//3736
f 3689//3689 3715//3715 3691//3691
f 239//239 3722//3722 240//240
f 3723//3723 3770//3770 3683//3683
f 3743//3743 3713//3713 3723//3723
f 3722//3722 3731//3731 240//240
f 3686//3686 3726//3726 3717//3717
f 3736//3736 3691//3691 3668//3668
f 3732//3732 244//244 245//245
f 3705//3705 3690//3690 229//229
f 3726//3726 3663//3663 3717//3717
f 3719//3719 3750//3750 3713//3713
f 3690//3690 3724//3724 230//230
f 3690//3690 230//230 229//229
f 3729//3729 3679//3679 3681//3681
f 3704//3704 3707//3707 3719//3719
f 3664//3664 3665//3665 3666//3666
f 3701//3701 3703//3703 3682//3682
f 3692//3692 3700//3700 3742//3742
f 3665//3665 3692//3692 3742//3742
f 3730//3730 3720//3720 3741//3741
f 3699//3699 245//245 3706//3706
f 3718//3718 3771//3771 3776//3776
f 3706//3706 245//245 246//246
f 3721//3721 3753//3753 3690//3690
f 245//245 3734//3734 3740//3740
f 3693//3693 3692//3692 3686//3686
f 3702//3702 3681//3681 3684//3684
f 249//249 3759//3759 248//248
f 3692//3692 3726//3726 3686//3686
f 3668//3668 3691//3691 223//223
f 3691//3691 3707//3707 223//223
f 3696//3696 3733//3733 3716//3716
f 3764//3764 250//250 3670//3670
f 3711//3711 228//228 227//227
f 3673//3673 3746//3746 226//226
f 3746//3746 3711//3711 227//227
f 3740//3740 3667//3667 3670//3670
f 3724//3724 3690//3690 3747//3747
f 3724//3724 3747//3747 3686//3686
f 3748//3748 3738//3738 3694//3694
f 3730//3730 3769//3769 3698//3698
f 233//233 3685//3685 234//234
f 3716//3716 3733//3733 3709//3709
f 3708//3708 3709//3709 235//235
f 3673//3673 226//226 225//225
f 3711//3711 3705//3705 228//228
f 3720//3720 3698//3698 3688//3688
f 3729//3729 3737//3737 3753//3753
f 3724//3724 231//231 230//230
f 3748//3748 3688//3688 3698//3698
f 3698//3698 3734//3734 3748//3748
f 3719//3719 3707//3707 3715//3715
f 3707//3707 3691//3691 3715//3715
f 3723//3723 3713//3713 3750//3750
f 3668//3668 3671//3671 3736//3736
f 3688//3688 3710//3710 3720//3720
f 3666//3666 3701//3701 3695//3695
f 3707//3707 3704//3704 224//224
f 3704//3704 3673//3673 225//225
f 3710//3710 3677//3677 3720//3720
f 3704//3704 225//225 224//224
f 3747//3747 3690//3690 3693//3693
f 3700//3700 3737//3737 3702//3702
f 3709//3709 3708//3708 3716//3716
f 3737//3737 3681//3681 3702//3702
f 3694//3694 3738//3738 3669//3669
f 3753//3753 3737//3737 3700//3700
f 243//243 3738//3738 244//244
f 3740//3740 3769//3769 3667//3667
f 3717//3717 3724//3724 3686//3686
f 3736//3736 3671//3671 243//243
f 3739//3739 3759//3759 3703//3703
f 3697//3697 3750//3750 3715//3715
f 3681//3681 3737//3737 3729//3729
f 3690//3690 3753//3753 3693//3693
f 3750//3750 3728//3728 3752//3752
f 3760//3760 3755//3755 3770//3770
f 3750//3750 3752//3752 3723//3723
f 3701//3701 3666//3666 3703//3703
f 3720//3720 3677//3677 3718//3718
f 3687//3687 3685//3685 3735//3735
f 3706//3706 3754//3754 3728//3728
f 3677//3677 3678//3678 3718//3718
f 3721//3721 3705//3705 3711//3711
f 3716//3716 3685//3685 3687//3687
f 3721//3721 3690//3690 3705//3705
f 3769//3769 3730//3730 3667//3667
f 3685//3685 3716//3716 3708//3708
f 3680//3680 3771//3771 3678//3678
f 3712//3712 3679//3679 3729//3729
f 3760//3760 3770//3770 3754//3754
f 3732//3732 3697//3697 3689//3689
f 3715//3715 3689//3689 3697//3697
f 3706//3706 246//246 3756//3756
f 232//232 3727//3727 233//233
f 3731//3731 3694//3694 241//241
f 3756//3756 246//246 7//7
f 3721//3721 3712//3712 3729//3729
f 3707//3707 224//224 223//223
f 3679//3679 3768//3768 3683//3683
f 3695//3695 3664//3664 3666//3666
f 3712//3712 3749//3749 3679//3679
f 3749//3749 3743//3743 3768//3768
f 3675//3675 3743//3743 3749//3749
f 3751//3751 3680//3680 3775//3775
f 3749//3749 3712//3712 3675//3675
f 3744//3744 3674//3674 238//238
f 240//240 3731//3731 241//241
f 235//235 3709//3709 236//236
f 3733//3733 3696//3696 3725//3725
f 3768//3768 3723//3723 3683//3683
f 3663//3663 3726//3726 3664//3664
f 234//234 3708//3708 235//235
f 3765//3765 3733//3733 3766//3766
f 3768//3768 3679//3679 3749//3749
f 3725//3725 3701//3701 3682//3682
f 3678//3678 3765//3765 3766//3766
f 3725//3725 3682//3682 3680//3680
f 3688//3688 3722//3722 3710//3710
f 3722//3722 3674//3674 3710//3710
f 3750//3750 3697//3697 3728//3728
f 3706//3706 3756//3756 3754//3754
f 248//248 3767//3767 3761//3761
f 3719//3719 3713//3713 3704//3704
f 3713//3713 3673//3673 3704//3704
f 3746//3746 227//227 226//226
f 246//246 3740//3740 3670//3670
f 3758//3758 3702//3702 3684//3684
f 247//247 3756//3756 7//7
f 3676//3676 3745//3745 3744//3744
f 3702//3702 3758//3758 3739//3739
f 3745//3745 3674//3674 3744//3744
f 3684//3684 3767//3767 3758//3758
f 3767//3767 3684//3684 3761//3761
f 3678//3678 3677//3677 3676//3676
f 3755//3755 3757//3757 3683//3683
f 3729//3729 3753//3753 3721//3721
f 237//237 3744//3744 238//238
f 3685//3685 3708//3708 234//234
f 3742//3742 3666//3666 3665//3665
f 3735//3735 3727//3727 3663//3663
f 3716//3716 3687//3687 3696//3696
f 3693//3693 3753//3753 3700//3700
f 3712//3712 3721//3721 3711//3711
f 3767//3767 248//248 3758//3758
f 3726//3726 3692//3692 3665//3665
f 3664//3664 3726//3726 3665//3665
f 3675//3675 3712//3712 3711//3711
f 3710//3710 3745//3745 3677//3677
f 3705//3705 229//229 228//228
f 3669//3669 242//242 3694//3694
f 3745//3745 3676//3676 3677//3677
f 3694//3694 242//242 241//241
f 3776//3776 3764//3764 3741//3741
f 3757//3757 3681//3681 3679//3679
f 3743//3743 3675//3675 3673//3673
f 3672//3672 3669//3669 3738//3738
f 3683//3683 3757//3757 3679//3679
f 244//244 3736//3736 243//243
f 3681//3681 3757//3757 3684//3684
f 3741//3741 3720//3720 3718//3718
f 3730//3730 3698//3698 3720//3720
f 3745//3745 3710//3710 3674//3674
f 3711//3711 3746//3746 3675//3675
f 3746//3746 3673//3673 3675//3675
f 3766//3766 3725//3725 3680//3680
f 3764//3764 3776//3776 3773//3773
f 3771//3771 3680//3680 3751//3751
f 3725//3725 3766//3766 3733//3733
f 3697//3697 3732//3732 3699//3699
f 3732//3732 245//245 3699//3699
f 3686//3686 3747//3747 3693//3693
f 3699//3699 3728//3728 3697//3697
f 3672//3672 3738//3738 243//243
f 3713//3713 3743//3743 3673//3673
f 3709//3709 3733//3733 3714//3714
f 3678//3678 3766//3766 3680//3680
f 3760//3760 3754//3754 3756//3756
f 3768//3768 3743//3743 3723//3723
f 247//247 3760//3760 3756//3756
f 3761//3761 247//247 248//248
f 3776//3776 3751//3751 3773//3773
f 3765//3765 3676//3676 3714//3714
f 3751//3751 3776//3776 3771//3771
f 3733//3733 3765//3765 3714//3714
f 3718//3718 3776//3776 3741//3741
f 3762//3762 3682//3682 3703//3703
f 3751//3751 3775//3775 3772//3772
f 248//248 3763//3763 3758//3758
f 3739//3739 3763//3763 3759//3759
f 3763//3763 3739//3739 3758//3758
f 3763//3763 248//248 3759//3759
f 3676//3676 3765//3765 3678//3678
f 3762//3762 3775//3775 3682//3682
f 3741//3741 3764//3764 3667//3667
f 3775//3775 3762//3762 3772//3772
f 3740//3740 3734//3734 3769//3769
f 3769//3769 3734//3734 3698//3698
f 3754//3754 3770//3770 3752//3752
f 3683//3683 3770//3770 3755//3755
f 3772//3772 249//249 250//250
f 3775//3775 3680//3680 3682//3682
f 3684//3684 3774//3774 3761//3761
f 249//249 3772//3772 3762//3762
f 3773//3773 250//250 3764//3764
f 3773//3773 3751//3751 3772//3772
f 3755//3755 3774//3774 3757//3757
f 250//250 3773//3773 3772//3772
f 3774//3774 3755//3755 3761//3761
f 3774//3774 3684//3684 3757//3757
f 258//258 3806//3806 3802//3802
f 257//257 3806//3806 8//8
f 3806//3806 257//257 3802//3802
f 3806//3806 258//258 8//8
f 257//257 3805//3805 3801//3801
f 278//278 3805//3805 8//8
f 3805//3805 278//278 3801//3801
f 3805//3805 257//257 8//8
f 242//242 3804//3804 3800//3800
f 251//251 3804//3804 6//6
f 3804//3804 251//251 3800//3800
f 3804//3804 242//242 6//6
f 3803//3803 222//222 3799//3799
f 3803//3803 251//251 6//6
f 251//251 3803//3803 3799//3799
f 222//222 3803//3803 6//6
f 3793//3793 3941//3941 3908//3908
f 256//256 3802//3802 257//257
f 3830//3830 3941//3941 3955//3955
f 3792//3792 3941//3941 3793//3793
f 3941//3941 3792//3792 3955//3955
f 3801//3801 256//256 257//257
f 3793//3793 3906//3906 3792//3792
f 252//252 3800//3800 251//251
f 3777//3777 3940//3940 3907//3907
f 3856//3856 3940//3940 3942//3942
f 3799//3799 252//252 251//251
f 3778//3778 3940//3940 3777//3777
f 3859//3859 3862//3862 255//255
f 3777//3777 3905//3905 3778//3778
f 3860//3860 3938//3938 3907//3907
f 3902//3902 3860//3860 3855//3855
f 3955//3955 3829//3829 3830//3830
f 3907//3907 3855//3855 3860//3860
f 3858//3858 3939//3939 3908//3908
f 3901//3901 3858//3858 3831//3831
f 3908//3908 3831//3831 3858//3858
f 3857//3857 3861//3861 253//253
f 3823//3823 3951//3951 3926//3926
f 3951//3951 3823//3823 3928//3928
f 3877//3877 3823//3823 3822//3822
f 3926//3926 3822//3822 3823//3823
f 3861//3861 254//254 253//253
f 254//254 3861//3861 3794//3794
f 254//254 3862//3862 3798//3798
f 3862//3862 254//254 255//255
f 3817//3817 3947//3947 3917//3917
f 3947//3947 3817//3817 3919//3919
f 3791//3791 3955//3955 3792//3792
f 3792//3792 3937//3937 3791//3791
f 3872//3872 3817//3817 3816//3816
f 3917//3917 3816//3816 3817//3817
f 3812//3812 3944//3944 3910//3910
f 3944//3944 3812//3812 3912//3912
f 3868//3868 3812//3812 3811//3811
f 3790//3790 3952//3952 3932//3932
f 3789//3789 3952//3952 3790//3790
f 3790//3790 3933//3933 3789//3789
f 3910//3910 3811//3811 3812//3812
f 3940//3940 3778//3778 3942//3942
f 3854//3854 3899//3899 3900//3900
f 3789//3789 3931//3931 3788//3788
f 3942//3942 3854//3854 3856//3856
f 3788//3788 3951//3951 3928//3928
f 3787//3787 3951//3951 3788//3788
f 3788//3788 3929//3929 3787//3787
f 3784//3784 3919//3919 3785//3785
f 3787//3787 3950//3950 3926//3926
f 3786//3786 3950//3950 3787//3787
f 3787//3787 3927//3927 3786//3786
f 3878//3878 3824//3824 3823//3823
f 3928//3928 3823//3823 3824//3824
f 3919//3919 3818//3818 3921//3921
f 3785//3785 3919//3919 3921//3921
f 3873//3873 3818//3818 3817//3817
f 3903//3903 3808//3808 3905//3905
f 3903//3903 3807//3807 3808//3808
f 3785//3785 3922//3922 3784//3784
f 3919//3919 3817//3817 3818//3818
f 3784//3784 3947//3947 3919//3919
f 3783//3783 3947//3947 3784//3784
f 3784//3784 3920//3920 3783//3783
f 3912//3912 3813//3813 3914//3914
f 3783//3783 3946//3946 3917//3917
f 3782//3782 3946//3946 3783//3783
f 3783//3783 3918//3918 3782//3782
f 3869//3869 3813//3813 3812//3812
f 3912//3912 3812//3812 3813//3813
f 3825//3825 3952//3952 3930//3930
f 3952//3952 3825//3825 3932//3932
f 3879//3879 3825//3825 3824//3824
f 3781//3781 3944//3944 3912//3912
f 3780//3780 3944//3944 3781//3781
f 3781//3781 3913//3913 3780//3780
f 3930//3930 3824//3824 3825//3825
f 3780//3780 3943//3943 3910//3910
f 3779//3779 3943//3943 3780//3780
f 3780//3780 3911//3911 3779//3779
f 3863//3863 3808//3808 3807//3807
f 3921//3921 3819//3819 3923//3923
f 3779//3779 3942//3942 3778//3778
f 3778//3778 3909//3909 3779//3779
f 3802//3802 256//256 3860//3860
f 255//255 3860//3860 256//256
f 3800//3800 252//252 3858//3858
f 253//253 3858//3858 252//252
f 256//256 3801//3801 3859//3859
f 3859//3859 255//255 256//256
f 252//252 3799//3799 3857//3857
f 3857//3857 253//253 252//252
f 3904//3904 3833//3833 3906//3906
f 3904//3904 3832//3832 3833//3833
f 3864//3864 3833//3833 3832//3832
f 3929//3929 3842//3842 3927//3927
f 3856//3856 3900//3900 3855//3855
f 3855//3855 3907//3907 3856//3856
f 3830//3830 3883//3883 3831//3831
f 3831//3831 3908//3908 3830//3830
f 3835//3835 3866//3866 3834//3834
f 3834//3834 3937//3937 3835//3835
f 3889//3889 3842//3842 3841//3841
f 3929//3929 3841//3841 3842//3842
f 3900//3900 3856//3856 3854//3854
f 3920//3920 3848//3848 3918//3918
f 3894//3894 3848//3848 3847//3847
f 3920//3920 3847//3847 3848//3848
f 3913//3913 3853//3853 3911//3911
f 3898//3898 3853//3853 3852//3852
f 3851//3851 3896//3896 3850//3850
f 3850//3850 3915//3915 3851//3851
f 3913//3913 3852//3852 3853//3853
f 3931//3931 3841//3841 3929//3929
f 3888//3888 3841//3841 3840//3840
f 3931//3931 3840//3840 3841//3841
f 3809//3809 3865//3865 3867//3867
f 3867//3867 3810//3810 3809//3809
f 3909//3909 3809//3809 3810//3810
f 3922//3922 3847//3847 3920//3920
f 3845//3845 3891//3891 3844//3844
f 3844//3844 3924//3924 3845//3845
f 3893//3893 3847//3847 3846//3846
f 3922//3922 3846//3846 3847//3847
f 3933//3933 3840//3840 3931//3931
f 3887//3887 3840//3840 3839//3839
f 3933//3933 3839//3839 3840//3840
f 3937//3937 3836//3836 3936//3936
f 3884//3884 3836//3836 3834//3834
f 3937//3937 3834//3834 3836//3836
f 3843//3843 3890//3890 3891//3891
f 3891//3891 3845//3845 3843//3843
f 3838//3838 3885//3885 3837//3837
f 3837//3837 3935//3935 3838//3838
f 3925//3925 3843//3843 3845//3845
f 3849//3849 3895//3895 3896//3896
f 3896//3896 3851//3851 3849//3849
f 3874//3874 3819//3819 3818//3818
f 3828//3828 3881//3881 3827//3827
f 3921//3921 3818//3818 3819//3819
f 3932//3932 3826//3826 3934//3934
f 3880//3880 3826//3826 3825//3825
f 3932//3932 3825//3825 3826//3826
f 3916//3916 3849//3849 3851//3851
f 3955//3955 3791//3791 3954//3954
f 3827//3827 3954//3954 3828//3828
f 3788//3788 3928//3928 3789//3789
f 3821//3821 3950//3950 3949//3949
f 3821//3821 3876//3876 3822//3822
f 3822//3822 3926//3926 3821//3821
f 3820//3820 3949//3949 3923//3923
f 3950//3950 3786//3786 3949//3949
f 3875//3875 3820//3820 3819//3819
f 3949//3949 3820//3820 3821//3821
f 3815//3815 3946//3946 3945//3945
f 3946//3946 3782//3782 3945//3945
f 3923//3923 3819//3819 3820//3820
f 3945//3945 3814//3814 3815//3815
f 3815//3815 3871//3871 3816//3816
f 3816//3816 3917//3917 3815//3815
f 3814//3814 3945//3945 3914//3914
f 3797//3797 3954//3954 3791//3791
f 3791//3791 3936//3936 3797//3797
f 3953//3953 3797//3797 3936//3936
f 3954//3954 3797//3797 3934//3934
f 3796//3796 3949//3949 3786//3786
f 3810//3810 3867//3867 3811//3811
f 3811//3811 3910//3910 3810//3810
f 3786//3786 3925//3925 3796//3796
f 3948//3948 3796//3796 3925//3925
f 3949//3949 3796//3796 3923//3923
f 3795//3795 3945//3945 3782//3782
f 3859//3859 3904//3904 3862//3862
f 3904//3904 3798//3798 3862//3862
f 3857//3857 3903//3903 3861//3861
f 3903//3903 3794//3794 3861//3861
f 3860//3860 3902//3902 3802//3802
f 3902//3902 258//258 3802//3802
f 3858//3858 3901//3901 3800//3800
f 3901//3901 242//242 3800//3800
f 3782//3782 3916//3916 3795//3795
f 3928//3928 3824//3824 3930//3930
f 3916//3916 3851//3851 3915//3915
f 3945//3945 3795//3795 3914//3914
f 3789//3789 3928//3928 3930//3930
f 3781//3781 3912//3912 3795//3795
f 3939//3939 3793//3793 3908//3908
f 3793//3793 3939//3939 3798//3798
f 3938//3938 3777//3777 3907//3907
f 3777//3777 3938//3938 3794//3794
f 3833//3833 3864//3864 3866//3866
f 3915//3915 3852//3852 3913//3913
f 3897//3897 3852//3852 3850//3850
f 3808//3808 3863//3863 3865//3865
f 3915//3915 3850//3850 3852//3852
f 3924//3924 3846//3846 3922//3922
f 3795//3795 3912//3912 3914//3914
f 3785//3785 3921//3921 3796//3796
f 3796//3796 3921//3921 3923//3923
f 3790//3790 3932//3932 3797//3797
f 3855//3855 3900//3900 3902//3902
f 3870//3870 3814//3814 3813//3813
f 3980//3980 3900//3900 3899//3899
f 3831//3831 3883//3883 3901//3901
f 3883//3883 3830//3830 3829//3829
f 3883//3883 241//241 3901//3901
f 3834//3834 3866//3866 3884//3884
f 3866//3866 3835//3835 3833//3833
f 3892//3892 3846//3846 3844//3844
f 3924//3924 3844//3844 3846//3846
f 3865//3865 3809//3809 3808//3808
f 3935//3935 3839//3839 3933//3933
f 3914//3914 3813//3813 3814//3814
f 3899//3899 3854//3854 3853//3853
f 3886//3886 3839//3839 3837//3837
f 3853//3853 3898//3898 3899//3899
f 3935//3935 3837//3837 3839//3839
f 3827//3827 3882//3882 3829//3829
f 3852//3852 3897//3897 3898//3898
f 3829//3829 3955//3955 3827//3827
f 3827//3827 3955//3955 3954//3954
f 3850//3850 3896//3896 3897//3897
f 270//270 3979//3979 3889//3889
f 3890//3890 3979//3979 269//269
f 3979//3979 3890//3890 3889//3889
f 3895//3895 3849//3849 3848//3848
f 3979//3979 270//270 269//269
f 3848//3848 3894//3894 3895//3895
f 265//265 3978//3978 3894//3894
f 3895//3895 3978//3978 264//264
f 3847//3847 3893//3893 3894//3894
f 3978//3978 3895//3895 3894//3894
f 3978//3978 265//265 264//264
f 3846//3846 3892//3892 3893//3893
f 260//260 3980//3980 3899//3899
f 3980//3980 260//260 259//259
f 3844//3844 3891//3891 3892//3892
f 3900//3900 3980//3980 3902//3902
f 3980//3980 259//259 3902//3902
f 276//276 3977//3977 3866//3866
f 3890//3890 3843//3843 3842//3842
f 3884//3884 3977//3977 275//275
f 3842//3842 3889//3889 3890//3890
f 3977//3977 3884//3884 3866//3866
f 3977//3977 276//276 275//275
f 3841//3841 3888//3888 3889//3889
f 240//240 3976//3976 3882//3882
f 3883//3883 3976//3976 241//241
f 3840//3840 3887//3887 3888//3888
f 3976//3976 3883//3883 3882//3882
f 3976//3976 240//240 241//241
f 3839//3839 3886//3886 3887//3887
f 239//239 3975//3975 3881//3881
f 3882//3882 3975//3975 240//240
f 3837//3837 3885//3885 3886//3886
f 3885//3885 3838//3838 3836//3836
f 3975//3975 3882//3882 3881//3881
f 3836//3836 3884//3884 3885//3885
f 3975//3975 239//239 240//240
f 272//272 3974//3974 3887//3887
f 3829//3829 3882//3882 3883//3883
f 3888//3888 3974//3974 271//271
f 3974//3974 3888//3888 3887//3887
f 3827//3827 3881//3881 3882//3882
f 3881//3881 3828//3828 3826//3826
f 3974//3974 272//272 271//271
f 3826//3826 3880//3880 3881//3881
f 3797//3797 3932//3932 3934//3934
f 3880//3880 238//238 3881//3881
f 3825//3825 3879//3879 3880//3880
f 254//254 3939//3939 253//253
f 3879//3879 237//237 3880//3880
f 3824//3824 3878//3878 3879//3879
f 3939//3939 3858//3858 253//253
f 3878//3878 236//236 3879//3879
f 3823//3823 3877//3877 3878//3878
f 3939//3939 254//254 3798//3798
f 3877//3877 235//235 3878//3878
f 3822//3822 3876//3876 3877//3877
f 3876//3876 3821//3821 3820//3820
f 3876//3876 234//234 3877//3877
f 3820//3820 3875//3875 3876//3876
f 3981//3981 3867//3867 3865//3865
f 262//262 3973//3973 3897//3897
f 3819//3819 3874//3874 3875//3875
f 254//254 3938//3938 255//255
f 3874//3874 232//232 3875//3875
f 3818//3818 3873//3873 3874//3874
f 3938//3938 3860//3860 255//255
f 3873//3873 231//231 3874//3874
f 3817//3817 3872//3872 3873//3873
f 3938//3938 254//254 3794//3794
f 3872//3872 230//230 3873//3873
f 3816//3816 3871//3871 3872//3872
f 3871//3871 3815//3815 3814//3814
f 3871//3871 229//229 3872//3872
f 3814//3814 3870//3870 3871//3871
f 224//224 3981//3981 3865//3865
f 3898//3898 3973//3973 261//261
f 3813//3813 3869//3869 3870//3870
f 3777//3777 3903//3903 3905//3905
f 3869//3869 227//227 3870//3870
f 3812//3812 3868//3868 3869//3869
f 3973//3973 3898//3898 3897//3897
f 3868//3868 226//226 3869//3869
f 3811//3811 3867//3867 3868//3868
f 3973//3973 262//262 261//261
f 3981//3981 224//224 225//225
f 3793//3793 3904//3904 3906//3906
f 267//267 3972//3972 3892//3892
f 3957//3957 3864//3864 3801//3801
f 3832//3832 3801//3801 3864//3864
f 3859//3859 3801//3801 3832//3832
f 3906//3906 3833//3833 3835//3835
f 278//278 3957//3957 3801//3801
f 3956//3956 3863//3863 3799//3799
f 3905//3905 3808//3808 3809//3809
f 3807//3807 3799//3799 3863//3863
f 3857//3857 3799//3799 3807//3807
f 222//222 3956//3956 3799//3799
f 3893//3893 3972//3972 266//266
f 3972//3972 3893//3893 3892//3892
f 3838//3838 3953//3953 3936//3936
f 3778//3778 3905//3905 3909//3909
f 3905//3905 3809//3809 3909//3909
f 3828//3828 3954//3954 3934//3934
f 3792//3792 3906//3906 3937//3937
f 3906//3906 3835//3835 3937//3937
f 3788//3788 3931//3931 3929//3929
f 3972//3972 267//267 266//266
f 3787//3787 3929//3929 3927//3927
f 273//273 3971//3971 3886//3886
f 3783//3783 3920//3920 3918//3918
f 3887//3887 3971//3971 272//272
f 3789//3789 3933//3933 3931//3931
f 3971//3971 3887//3887 3886//3886
f 3791//3791 3937//3937 3936//3936
f 3971//3971 273//273 272//272
f 3784//3784 3922//3922 3920//3920
f 3952//3952 3789//3789 3930//3930
f 271//271 3970//3970 3888//3888
f 3786//3786 3927//3927 3925//3925
f 3927//3927 3843//3843 3925//3925
f 3889//3889 3970//3970 270//270
f 3782//3782 3918//3918 3916//3916
f 3918//3918 3849//3849 3916//3916
f 3780//3780 3913//3913 3911//3911
f 3951//3951 3787//3787 3926//3926
f 3845//3845 3948//3948 3925//3925
f 3970//3970 3889//3889 3888//3888
f 3790//3790 3935//3935 3933//3933
f 3867//3867 3981//3981 3868//3868
f 3970//3970 271//271 270//270
f 3785//3785 3924//3924 3922//3922
f 266//266 3969//3969 3893//3893
f 3781//3781 3915//3915 3913//3913
f 3894//3894 3969//3969 265//265
f 3864//3864 3957//3957 277//277
f 3957//3957 278//278 277//277
f 3863//3863 3956//3956 223//223
f 3956//3956 222//222 223//223
f 3969//3969 3894//3894 3893//3893
f 3969//3969 266//266 265//265
f 263//263 3968//3968 3896//3896
f 226//226 3868//3868 225//225
f 3897//3897 3968//3968 262//262
f 227//227 3869//3869 226//226
f 228//228 3870//3870 227//227
f 3968//3968 3897//3897 3896//3896
f 3947//3947 3783//3783 3917//3917
f 3795//3795 3916//3916 3915//3915
f 230//230 3872//3872 229//229
f 231//231 3873//3873 230//230
f 3981//3981 225//225 3868//3868
f 232//232 3874//3874 231//231
f 233//233 3875//3875 232//232
f 3968//3968 263//263 262//262
f 235//235 3877//3877 234//234
f 236//236 3878//3878 235//235
f 237//237 3879//3879 236//236
f 238//238 3880//3880 237//237
f 239//239 3881//3881 238//238
f 268//268 3967//3967 3891//3891
f 3892//3892 3967//3967 267//267
f 3967//3967 3892//3892 3891//3891
f 3967//3967 268//268 267//267
f 274//274 3966//3966 3885//3885
f 3944//3944 3780//3780 3910//3910
f 3854//3854 3942//3942 3911//3911
f 3942//3942 3779//3779 3911//3911
f 3810//3810 3943//3943 3909//3909
f 3943//3943 3779//3779 3909//3909
f 3886//3886 3966//3966 273//273
f 3966//3966 3886//3886 3885//3885
f 3936//3936 3836//3836 3838//3838
f 3966//3966 274//274 273//273
f 223//223 3965//3965 3863//3863
f 3934//3934 3826//3826 3828//3828
f 3865//3865 3965//3965 224//224
f 3965//3965 3865//3865 3863//3863
f 3965//3965 223//223 224//224
f 3960//3960 3896//3896 3895//3895
f 3960//3960 264//264 263//263
f 269//269 3959//3959 3890//3890
f 3927//3927 3842//3842 3843//3843
f 3891//3891 3959//3959 268//268
f 228//228 3964//3964 3870//3870
f 3871//3871 3964//3964 229//229
f 3964//3964 3871//3871 3870//3870
f 3959//3959 3891//3891 3890//3890
f 3964//3964 228//228 229//229
f 233//233 3963//3963 3875//3875
f 3876//3876 3963//3963 234//234
f 3963//3963 3876//3876 3875//3875
f 3918//3918 3848//3848 3849//3849
f 3963//3963 233//233 234//234
f 277//277 3962//3962 3864//3864
f 3866//3866 3962//3962 276//276
f 3962//3962 3866//3866 3864//3864
f 3959//3959 269//269 268//268
f 3962//3962 277//277 276//276
f 261//261 3961//3961 3898//3898
f 3911//3911 3853//3853 3854//3854
f 3899//3899 3961//3961 260//260
f 3961//3961 3899//3899 3898//3898
f 3961//3961 261//261 260//260
f 264//264 3960//3960 3895//3895
f 242//242 3901//3901 241//241
f 3941//3941 3830//3830 3908//3908
f 3940//3940 3856//3856 3907//3907
f 258//258 3902//3902 259//259
f 3794//3794 3903//3903 3777//3777
f 3807//3807 3903//3903 3857//3857
f 3798//3798 3904//3904 3793//3793
f 3832//3832 3904//3904 3859//3859
f 3953//3953 3838//3838 3935//3935
f 3797//3797 3953//3953 3935//3935
f 3795//3795 3915//3915 3781//3781
f 3796//3796 3924//3924 3785//3785
f 3797//3797 3935//3935 3790//3790
f 3896//3896 3960//3960 263//263
f 3943//3943 3810//3810 3910//3910
f 275//275 3958//3958 3884//3884
f 3885//3885 3958//3958 274//274
f 3946//3946 3815//3815 3917//3917
f 3796//3796 3948//3948 3924//3924
f 3950//3950 3821//3821 3926//3926
f 3948//3948 3845//3845 3924//3924
f 3958//3958 275//275 274//274
f 3958//3958 3885//3885 3884//3884
f 5846//5846 4946//4946 5875//5875
f 279//279 4044//4044 2//2
f 4758//4758 5875//5875 4946//4946
f 4044//4044 58//58 2//2
f 322//322 4882//4882 321//321
f 78//78 4043//4043 2//2
f 4895//4895 4588//4588 5232//5232
f 4043//4043 279//279 2//2
f 5795//5795 6153//6153 4077//4077
f 364//364 4042//4042 8//8
f 321//321 4881//4881 5600//5600
f 4042//4042 278//278 8//8
f 4449//4449 4971//4971 5816//5816
f 4041//4041 364//364 8//8
f 4916//4916 5795//5795 4077//4077
f 258//258 4041//4041 8//8
f 4434//4434 5647//5647 5684//5684
f 4614//4614 5332//5332 5253//5253
f 4894//4894 4587//4587 5231//5231
f 4614//4614 5253//5253 4652//4652
f 5332//5332 4085//4085 5253//5253
f 4613//4613 5331//5331 5252//5252
f 4613//4613 5252//5252 4651//4651
f 5331//5331 4083//4083 5252//5252
f 4511//4511 5775//5775 5916//5916
f 5155//5155 4349//4349 5509//5509
f 4561//4561 5775//5775 4511//4511
f 5776//5776 4511//4511 5916//5916
f 4349//4349 5155//5155 5532//5532
f 5181//5181 5747//5747 4080//4080
f 5656//5656 5998//5998 5872//5872
f 282//282 4140//4140 281//281
f 4140//4140 4146//4146 281//281
f 4434//4434 5684//5684 4432//4432
f 5297//5297 5377//5377 5526//5526
f 4139//4139 282//282 281//281
f 4145//4145 4139//4139 281//281
f 5377//5377 5439//5439 5526//5526
f 361//361 4138//4138 362//362
f 4138//4138 4144//4144 362//362
f 4375//4375 5747//5747 5181//5181
f 4137//4137 361//361 362//362
f 4143//4143 4137//4137 362//362
f 6065//6065 5196//5196 4692//4692
f 4510//4510 5769//5769 4478//4478
f 5513//5513 4692//4692 5196//5196
f 5846//5846 5875//5875 5043//5043
f 6064//6064 5195//5195 4691//4691
f 4781//4781 4811//4811 4355//4355
f 5179//5179 5846//5846 5043//5043
f 4810//4810 4780//4780 4354//4354
f 5512//5512 4691//4691 5195//5195
f 4779//4779 4809//4809 4353//4353
f 4422//4422 5846//5846 5179//5179
f 4808//4808 4778//4778 4352//4352
f 4657//4657 4276//4276 5497//5497
f 5115//5115 5525//5525 4807//4807
f 4278//4278 5497//5497 4276//4276
f 4807//4807 4385//4385 5115//5115
f 5114//5114 5524//5524 4806//4806
f 5323//5323 5558//5558 5462//5462
f 4806//4806 4384//4384 5114//5114
f 4658//4658 4275//4275 5496//5496
f 4277//4277 5496//5496 4275//4275
f 5558//5558 4647//4647 5462//5462
f 4529//4529 4612//4612 5376//5376
f 5298//5298 5378//5378 5527//5527
f 4612//4612 4529//4529 4349//4349
f 4528//4528 4611//4611 5375//5375
f 5093//5093 5836//5836 4917//4917
f 4611//4611 4528//4528 4348//4348
f 5652//5652 4539//4539 5885//5885
f 4757//4757 5652//5652 4410//4410
f 5885//5885 4410//4410 5652//5652
f 6089//6089 5224//5224 4083//4083
f 5214//5214 4624//4624 6051//6051
f 4624//4624 5214//5214 5359//5359
f 5214//5214 4309//4309 5359//5359
f 5213//5213 4623//4623 6050//6050
f 4623//4623 5213//5213 5358//5358
f 5213//5213 4308//4308 5358//5358
f 5371//5371 5558//5558 5323//5323
f 4083//4083 5224//5224 5252//5252
f 5252//5252 5224//5224 3995//3995
f 5324//5324 5559//5559 5464//5464
f 5559//5559 4648//4648 5464//5464
f 6090//6090 5225//5225 4085//4085
f 4085//4085 5225//5225 5253//5253
f 5372//5372 5559//5559 5324//5324
f 5992//5992 5980//5980 6128//6128
f 5253//5253 5225//5225 3996//3996
f 5654//5654 4540//4540 5906//5906
f 4758//4758 5654//5654 4411//4411
f 5906//5906 4411//4411 5654//5654
f 5007//5007 5992//5992 6128//6128
f 5992//5992 4417//4417 5980//5980
f 4549//4549 4983//4983 4553//4553
f 5093//5093 5998//5998 5836//5836
f 4984//4984 4550//4550 4554//4554
f 5665//5665 5628//5628 4410//4410
f 5060//5060 6035//6035 5128//5128
f 5384//5384 5334//5334 4246//4246
f 5384//5384 4240//4240 5334//5334
f 5383//5383 5333//5333 4245//4245
f 5383//5383 4239//4239 5333//5333
f 4228//4228 5306//5306 5224//5224
f 5306//5306 3995//3995 5224//5224
f 3995//3995 5306//5306 4749//4749
f 5679//5679 5968//5968 5727//5727
f 5679//5679 4059//4059 5968//5968
f 4059//4059 4062//4062 5968//5968
f 6003//6003 5128//5128 6035//6035
f 4904//4904 4400//4400 4709//4709
f 4936//4936 5647//5647 5038//5038
f 5647//5647 4936//4936 5684//5684
f 5972//5972 5682//5682 5728//5728
f 4119//4119 4904//4904 4709//4709
f 5378//5378 5440//5440 5527//5527
f 4902//4902 4398//4398 4707//4707
f 4117//4117 4902//4902 4707//4707
f 5747//5747 4375//4375 4403//4403
f 4401//4401 4905//4905 4710//4710
f 4404//4404 5665//5665 4410//4410
f 4905//4905 4120//4120 4710//4710
f 5844//5844 4945//4945 5889//5889
f 4757//4757 5889//5889 4945//4945
f 4399//4399 4903//4903 4708//4708
f 4903//4903 4118//4118 4708//4708
f 5596//5596 5746//5746 4940//4940
f 5475//5475 5746//5746 4079//4079
f 5596//5596 4079//4079 5746//5746
f 5665//5665 4404//4404 4416//4416
f 5693//5693 4162//4162 5178//5178
f 5156//5156 4170//4170 4191//4191
f 5528//5528 6055//6055 5046//5046
f 6055//6055 4377//4377 5046//5046
f 4229//4229 5307//5307 5225//5225
f 5307//5307 3996//3996 5225//5225
f 3996//3996 5307//5307 4750//4750
f 4275//4275 5259//5259 5370//5370
f 4275//4275 4658//4658 5259//5259
f 4276//4276 5258//5258 5369//5369
f 4276//4276 4657//4657 5258//5258
f 5379//5379 5048//5048 4161//4161
f 4154//4154 5379//5379 4161//4161
f 4272//4272 4524//4524 5361//5361
f 5572//5572 4524//4524 4272//4272
f 4524//4524 5401//5401 5361//5361
f 4270//4270 4523//4523 5360//5360
f 5571//5571 4523//4523 4270//4270
f 4523//4523 5400//5400 5360//5360
f 5380//5380 5049//5049 5806//5806
f 4155//4155 5380//5380 5806//5806
f 4849//4849 5243//5243 4594//4594
f 4581//4581 4252//4252 4738//4738
f 4849//4849 4383//4383 5243//5243
f 4848//4848 5242//5242 4593//4593
f 5812//5812 5448//5448 4175//4175
f 4175//4175 5448//5448 5730//5730
f 4848//4848 4382//4382 5242//5242
f 4580//4580 4251//4251 4737//4737
f 5420//5420 4097//4097 5316//5316
f 4907//4907 5693//5693 5178//5178
f 5316//5316 4589//4589 5420//5420
f 5655//5655 5672//5672 4153//4153
f 4156//4156 5655//5655 4153//4153
f 5113//5113 5578//5578 4505//4505
f 6136//6136 5578//5578 5113//5113
f 5575//5575 4253//4253 4689//4689
f 5568//5568 4689//4689 4253//4253
f 5575//5575 4689//4689 3997//3997
f 5576//5576 4254//4254 4690//4690
f 5569//5569 4690//4690 4254//4254
f 5576//5576 4690//4690 3998//3998
f 4191//4191 5932//5932 5156//5156
f 4285//4285 4653//4653 5414//5414
f 4855//4855 4829//4829 4140//4140
f 4829//4829 4345//4345 4140//4140
f 4853//4853 4827//4827 4138//4138
f 4827//4827 4343//4343 4138//4138
f 4828//4828 4854//4854 4139//4139
f 4344//4344 4828//4828 4139//4139
f 4826//4826 4852//4852 4137//4137
f 4342//4342 4826//4826 4137//4137
f 281//281 4146//4146 280//280
f 5532//5532 4046//4046 4227//4227
f 6180//6180 5237//5237 5126//5126
f 4145//4145 281//281 280//280
f 5249//5249 5567//5567 4272//4272
f 5531//5531 4045//4045 4226//4226
f 362//362 4144//4144 363//363
f 4307//4307 5567//5567 5249//5249
f 5237//5237 6180//6180 4589//4589
f 4143//4143 362//362 363//363
f 5247//5247 5565//5565 4270//4270
f 5918//5918 4463//4463 6000//6000
f 4653//4653 4285//4285 5354//5354
f 4287//4287 4655//4655 5416//5416
f 5188//5188 5413//5413 4662//4662
f 5187//5187 5411//5411 4660//4660
f 4305//4305 5565//5565 5247//5247
f 4655//4655 4287//4287 5356//5356
f 5579//5579 5057//5057 5891//5891
f 5057//5057 5976//5976 4501//4501
f 4501//4501 5891//5891 5057//5057
f 5499//5499 5904//5904 5039//5039
f 5058//5058 5580//5580 5890//5890
f 5975//5975 5058//5058 4500//4500
f 5890//5890 4500//4500 5058//5058
f 4932//4932 5714//5714 4972//4972
f 4683//4683 5443//5443 5177//5177
f 5177//5177 4625//4625 4683//4683
f 5410//5410 5185//5185 4659//4659
f 4589//4589 5484//5484 5237//5237
f 5110//5110 6031//6031 5086//5086
f 5412//5412 5186//5186 4661//4661
f 4855//4855 4140//4140 282//282
f 4569//4569 5523//5523 4630//4630
f 283//283 4855//4855 282//282
f 4381//4381 4855//4855 283//283
f 4853//4853 4138//4138 361//361
f 4568//4568 5522//5522 4629//4629
f 360//360 4853//4853 361//361
f 4269//4269 4259//4259 5484//5484
f 4880//4880 4588//4588 4701//4701
f 4888//4888 4263//4263 5220//5220
f 4889//4889 4264//4264 5221//5221
f 4879//4879 4587//4587 4702//4702
f 4269//4269 5362//5362 4259//4259
f 4379//4379 4853//4853 360//360
f 4271//4271 4260//4260 5485//5485
f 4271//4271 5363//5363 4260//4260
f 5212//5212 5785//5785 4558//4558
f 4925//4925 5212//5212 4558//4558
f 5974//5974 4052//4052 5090//5090
f 5828//5828 4052//4052 5974//5974
f 4137//4137 4852//4852 361//361
f 4852//4852 360//360 361//361
f 4852//4852 4378//4378 360//360
f 5156//5156 5932//5932 5749//5749
f 4139//4139 4854//4854 282//282
f 4632//4632 5505//5505 5189//5189
f 4854//4854 283//283 282//282
f 4854//4854 4380//4380 283//283
f 4857//4857 5240//5240 5830//5830
f 4857//4857 5830//5830 5762//5762
f 4631//4631 5507//5507 5190//5190
f 5830//5830 4075//4075 5762//5762
f 4656//4656 4288//4288 5417//5417
f 5169//5169 4094//4094 6015//6015
f 4288//4288 4656//4656 5357//5357
f 4654//4654 4286//4286 5415//5415
f 4094//4094 5399//5399 6015//6015
f 4286//4286 4654//4654 5355//5355
f 5178//5178 4626//4626 4684//4684
f 6054//6054 4482//4482 5167//5167
f 5171//5171 6015//6015 5399//5399
f 4956//4956 6054//6054 5167//5167
f 5169//5169 6015//6015 4221//4221
f 6094//6094 5123//5123 5122//5122
f 5484//5484 5135//5135 5237//5237
f 5230//5230 5880//5880 4151//4151
f 4349//4349 5532//5532 5365//5365
f 5365//5365 4612//4612 4349//4349
f 4348//4348 5531//5531 5364//5364
f 5364//5364 4611//4611 4348//4348
f 5251//5251 5257//5257 4233//4233
f 5251//5251 5336//5336 4227//4227
f 4227//4227 5257//5257 5251//5251
f 5250//5250 5256//5256 4231//4231
f 5250//5250 5335//5335 4226//4226
f 4226//4226 5256//5256 5250//5250
f 5534//5534 4728//4728 4283//4283
f 5122//5122 4222//4222 4219//4219
f 5123//5123 4222//4222 5122//5122
f 5801//5801 5062//5062 6198//6198
f 5586//5586 5801//5801 6198//6198
f 5192//5192 5829//5829 4076//4076
f 6198//6198 4523//4523 5586//5586
f 5950//5950 5857//5857 4996//4996
f 5950//5950 4996//4996 5618//5618
f 4191//4191 5950//5950 5618//5618
f 4295//4295 5342//5342 5612//5612
f 4433//4433 5685//5685 5276//5276
f 5685//5685 5037//5037 5276//5276
f 4293//4293 5341//5341 5610//5610
f 5685//5685 4933//4933 5037//5037
f 5135//5135 4465//4465 5237//5237
f 5960//5960 4465//4465 5135//5135
f 4298//4298 5340//5340 5613//5613
f 5096//5096 5832//5832 5873//5873
f 5873//5873 6091//6091 5096//5096
f 5873//5873 5832//5832 5653//5653
f 4120//4120 4905//4905 4361//4361
f 5340//5340 4296//4296 5613//5613
f 5733//5733 4668//4668 5739//5739
f 4297//4297 5339//5339 5611//5611
f 5734//5734 4667//4667 5738//5738
f 5339//5339 4294//4294 5611//5611
f 4738//4738 4252//4252 5726//5726
f 4785//4785 5538//5538 5138//5138
f 5395//5395 4785//4785 5138//5138
f 4785//4785 5395//5395 4351//4351
f 4817//4817 4120//4120 4361//4361
f 4784//4784 5537//5537 5137//5137
f 5394//5394 4784//4784 5137//5137
f 4784//4784 5394//5394 4350//4350
f 4241//4241 5583//5583 5691//5691
f 5597//5597 5726//5726 4252//4252
f 4737//4737 4251//4251 5725//5725
f 6198//6198 5062//5062 4910//4910
f 4242//4242 5584//5584 5690//5690
f 5596//5596 5725//5725 4251//4251
f 4361//4361 4333//4333 4817//4817
f 4118//4118 4903//4903 4359//4359
f 4079//4079 6064//6064 5180//5180
f 4333//4333 4793//4793 4764//4764
f 4793//4793 4032//4032 4764//4764
f 4792//4792 4332//4332 4763//4763
f 4031//4031 4792//4792 4763//4763
f 4331//4331 4791//4791 4762//4762
f 4791//4791 4030//4030 4762//4762
f 4790//4790 4330//4330 4761//4761
f 4029//4029 4790//4790 4761//4761
f 4711//4711 4897//4897 4718//4718
f 4897//4897 4311//4311 4718//4718
f 4712//4712 4896//4896 4717//4717
f 4896//4896 4310//4310 4717//4717
f 5325//5325 6064//6064 4079//4079
f 4292//4292 4849//4849 4594//4594
f 6064//6064 4691//4691 5180//5180
f 4291//4291 4848//4848 4593//4593
f 5313//5313 4356//4356 4732//4732
f 4356//4356 5313//5313 4759//4759
f 5313//5313 4086//4086 4759//4759
f 5312//5312 4357//4357 4731//4731
f 280//280 4847//4847 279//279
f 4044//4044 279//279 4847//4847
f 4847//4847 280//280 4146//4146
f 58//58 4044//4044 4847//4847
f 279//279 4043//4043 4846//4846
f 4846//4846 280//280 279//279
f 280//280 4846//4846 4145//4145
f 4043//4043 78//78 4846//4846
f 363//363 4845//4845 364//364
f 4042//4042 364//364 4845//4845
f 4845//4845 363//363 4144//4144
f 278//278 4042//4042 4845//4845
f 4844//4844 363//363 364//364
f 364//364 4041//4041 4844//4844
f 363//363 4844//4844 4143//4143
f 4041//4041 258//258 4844//4844
f 4357//4357 5312//5312 4760//4760
f 5312//5312 4084//4084 4760//4760
f 4815//4815 4118//4118 4359//4359
f 4080//4080 6065//6065 5181//5181
f 5326//5326 6065//6065 4080//4080
f 4777//4777 5303//5303 4767//4767
f 4225//4225 4777//4777 4767//4767
f 4776//4776 5302//5302 4768//4768
f 4224//4224 4776//4776 4768//4768
f 4930//4930 5955//5955 4158//4158
f 6065//6065 4692//4692 5181//5181
f 5087//5087 5863//5863 5639//5639
f 5418//5418 5501//5501 4277//4277
f 4568//4568 5418//5418 4277//4277
f 5241//5241 4858//4858 5829//5829
f 5419//5419 5502//5502 4278//4278
f 4569//4569 5419//5419 4278//4278
f 5829//5829 4858//4858 5763//5763
f 5107//5107 5087//5087 5639//5639
f 4082//4082 5344//5344 5346//5346
f 4076//4076 5829//5829 5763//5763
f 4708//4708 4891//4891 5565//5565
f 4081//4081 5343//5343 5345//5345
f 5856//5856 5965//5965 5012//5012
f 5236//5236 4242//4242 5407//5407
f 4359//4359 4331//4331 4815//4815
f 4480//4480 5012//5012 5965//5965
f 4486//4486 4480//4480 5965//5965
f 5534//5534 4283//4283 4315//4315
f 6238//6238 5078//5078 4441//4441
f 4902//4902 4117//4117 4358//4358
f 4117//4117 4814//4814 4358//4358
f 5313//5313 4674//4674 5384//5384
f 4240//4240 5384//5384 4674//4674
f 5888//5888 6032//6032 4592//4592
f 6027//6027 5888//5888 4592//4592
f 5888//5888 6027//6027 5046//5046
f 6032//6032 5888//5888 4476//4476
f 5887//5887 6033//6033 4591//4591
f 6026//6026 5887//5887 4591//4591
f 5491//5491 5219//5219 4777//4777
f 5887//5887 6026//6026 5045//5045
f 6033//6033 5887//5887 4475//4475
f 4324//4324 4777//4777 5219//5219
f 5662//5662 5877//5877 4415//4415
f 5312//5312 4673//4673 5383//5383
f 4239//4239 5383//5383 4673//4673
f 4319//4319 5565//5565 4305//4305
f 4330//4330 4358//4358 4814//4814
f 5858//5858 4051//4051 5688//5688
f 5858//5858 5688//5688 4985//4985
f 4051//4051 4843//4843 5688//5688
f 5490//5490 5218//5218 4776//4776
f 4904//4904 4119//4119 4360//4360
f 6238//6238 5708//5708 5716//5716
f 4325//4325 4776//4776 5218//5218
f 4325//4325 5218//5218 4408//4408
f 4261//4261 4325//4325 4408//4408
f 4325//4325 4261//4261 4740//4740
f 4324//4324 5219//5219 4409//4409
f 4262//4262 4324//4324 4409//4409
f 4324//4324 4262//4262 4739//4739
f 6092//6092 268//268 6143//6143
f 6143//6143 268//268 269//269
f 5577//5577 6038//6038 4913//4913
f 5577//5577 4913//4913 4504//4504
f 5366//5366 5577//5577 4504//4504
f 5212//5212 4262//4262 5785//5785
f 4262//4262 4409//4409 5785//5785
f 5211//5211 4261//4261 5784//5784
f 4261//4261 4408//4408 5784//5784
f 5406//5406 4667//4667 4312//4312
f 5407//5407 4668//4668 4313//4313
f 5675//5675 5065//5065 4522//4522
f 4989//4989 5675//5675 4522//4522
f 4119//4119 4816//4816 4360//4360
f 4498//4498 5077//5077 5254//5254
f 5445//5445 4498//4498 5254//5254
f 5077//5077 4498//4498 5715//5715
f 5332//5332 4091//4091 4085//4085
f 4319//4319 4708//4708 5565//5565
f 4332//4332 4360//4360 4816//4816
f 5331//5331 4089//4089 4083//4083
f 4369//4369 4875//4875 4726//4726
f 4047//4047 5877//5877 5662//5662
f 5744//5744 5931//5931 5204//5204
f 4874//4874 4368//4368 4725//4725
f 5931//5931 5203//5203 5204//5204
f 5698//5698 4842//4842 4920//4920
f 4367//4367 4873//4873 4724//4724
f 5029//5029 4842//4842 5698//5698
f 4966//4966 6107//6107 4073//4073
f 4872//4872 4366//4366 4723//4723
f 5858//5858 5616//5616 5498//5498
f 5498//5498 5616//5616 5905//5905
f 5905//5905 5040//5040 5498//5498
f 4842//4842 4052//4052 4920//4920
f 5454//5454 4099//4099 5322//5322
f 5136//5136 4467//4467 5238//5238
f 5238//5238 4467//4467 5745//5745
f 4943//4943 5693//5693 4907//4907
f 5963//5963 4467//4467 5136//5136
f 5699//5699 5836//5836 5036//5036
f 5668//5668 4377//4377 5075//5075
f 5105//5105 6182//6182 6038//6038
f 6182//6182 6030//6030 5907//5907
f 5168//5168 4093//4093 4861//4861
f 5168//5168 4861//4861 4220//4220
f 4341//4341 4732//4732 4840//4840
f 4732//4732 4341//4341 4674//4674
f 4340//4340 4731//4731 4841//4841
f 5511//5511 5084//5084 5132//5132
f 6119//6119 5239//5239 5886//5886
f 5084//5084 5551//5551 5132//5132
f 4731//4731 4340//4340 4673//4673
f 4341//4341 5519//5519 4674//4674
f 4306//4306 4661//4661 5248//5248
f 5519//5519 4341//4341 4813//4813
f 6085//6085 4588//4588 6090//6090
f 4292//4292 5519//5519 4813//4813
f 4085//4085 6085//6085 6090//6090
f 4377//4377 6055//6055 5075//5075
f 5978//5978 4377//4377 5668//5668
f 6084//6084 4587//4587 6089//6089
f 4340//4340 5518//5518 4673//4673
f 5518//5518 4340//4340 4812//4812
f 4291//4291 5518//5518 4812//4812
f 5882//5882 6098//6098 4931//4931
f 4083//4083 6084//6084 6089//6089
f 5085//5085 6030//6030 6182//6182
f 6182//6182 5105//5105 5085//5085
f 5456//5456 4975//4975 4554//4554
f 5070//5070 5882//5882 4931//4931
f 4974//4974 5455//5455 4553//4553
f 4944//4944 5882//5882 5070//5070
f 4710//4710 4893//4893 5567//5567
f 4321//4321 5567//5567 4307//4307
f 5992//5992 5007//5007 4502//4502
f 4321//4321 4710//4710 5567//5567
f 3982//3982 4341//4341 4840//4840
f 4341//4341 3982//3982 4862//4862
f 5708//5708 6238//6238 4441//4441
f 4988//4988 5184//5184 4497//4497
f 5097//5097 4988//4988 5643//5643
f 4514//4514 5532//5532 5155//5155
f 4306//4306 4699//4699 4661//4661
f 4046//4046 5532//5532 4514//4514
f 4304//4304 4659//4659 5246//5246
f 4880//4880 4229//4229 5225//5225
f 5915//5915 5047//5047 5823//5823
f 4879//4879 4228//4228 5224//5224
f 4803//4803 4019//4019 6100//6100
f 5239//5239 5823//5823 5047//5047
f 4304//4304 4697//4697 4659//4659
f 5558//5558 5371//5371 5373//5373
f 5371//5371 4609//4609 5373//5373
f 5080//5080 5511//5511 5861//5861
f 4491//4491 5912//5912 4487//4487
f 5559//5559 5372//5372 5374//5374
f 4302//4302 5612//5612 4780//4780
f 5488//5488 5612//5612 4302//4302
f 4871//4871 4780//4780 5612//5612
f 4300//4300 5610//5610 4778//4778
f 5486//5486 5610//5610 4300//4300
f 4870//4870 4778//4778 5610//5610
f 5613//5613 4303//4303 4781//4781
f 5613//5613 5489//5489 4303//4303
f 5222//5222 5848//5848 5920//5920
f 5611//5611 4301//4301 4779//4779
f 5611//5611 5487//5487 4301//4301
f 5848//5848 6127//6127 5034//5034
f 5034//5034 5920//5920 5848//5848
f 5342//5342 4871//4871 5612//5612
f 4015//4015 4871//4871 4746//4746
f 6106//6106 6055//6055 5528//5528
f 5372//5372 4610//4610 5374//5374
f 6055//6055 6106//6106 5804//5804
f 4513//4513 5531//5531 5157//5157
f 6068//6068 4087//4087 4767//4767
f 4746//4746 4871//4871 5342//5342
f 6069//6069 4088//4088 4768//4768
f 5341//5341 4870//4870 5610//5610
f 4397//4397 59//59 58//58
f 5157//5157 5531//5531 5150//5150
f 4045//4045 5531//5531 4513//4513
f 77//77 4396//4396 78//78
f 5763//5763 4072//4072 5686//5686
f 5036//5036 5836//5836 5998//5998
f 4395//4395 277//277 278//278
f 4155//4155 5004//5004 5380//5380
f 4013//4013 4870//4870 4745//4745
f 259//259 4394//4394 258//258
f 5686//5686 4072//4072 4067//4067
f 5856//5856 5949//5949 4995//4995
f 4154//4154 5003//5003 5379//5379
f 4995//4995 5949//5949 5617//5617
f 5502//5502 5419//5419 5210//5210
f 4579//4579 5502//5502 5210//5210
f 5491//5491 5502//5502 4579//4579
f 5502//5502 5491//5491 4225//4225
f 5501//5501 5418//5418 5209//5209
f 4578//4578 5501//5501 5209//5209
f 5490//5490 5501//5501 4578//4578
f 5501//5501 5490//5490 4224//4224
f 5949//5949 4192//4192 5617//5617
f 4856//4856 4990//4990 4865//4865
f 5052//5052 5917//5917 4178//4178
f 4990//4990 3987//3987 4865//4865
f 4538//4538 5585//5585 5166//5166
f 4538//4538 5154//5154 4988//4988
f 4668//4668 5733//5733 4571//4571
f 5585//5585 4538//4538 4988//4988
f 4546//4546 5819//5819 5797//5797
f 5733//5733 4375//4375 4571//4571
f 4667//4667 5734//5734 4570//4570
f 5744//5744 5204//5204 6059//6059
f 6059//6059 5204//5204 6057//6057
f 5734//5734 4374//4374 4570//4570
f 5818//5818 4547//4547 5798//5798
f 4409//4409 5112//5112 5919//5919
f 5785//5785 4409//4409 5919//5919
f 5784//5784 4557//4557 5211//5211
f 4557//4557 4924//4924 5211//5211
f 6048//6048 4486//4486 4493//4493
f 4493//4493 5962//5962 6048//6048
f 5962//5962 5108//5108 6048//6048
f 5568//5568 6072//6072 4689//4689
f 5511//5511 5080//5080 5771//5771
f 5397//5397 4619//4619 4519//4519
f 5099//5099 4519//4519 4619//4619
f 5349//5349 5692//5692 4116//4116
f 4519//4519 4534//4534 5397//5397
f 4014//4014 4011//4011 5526//5526
f 4805//4805 4017//4017 6099//6099
f 5861//5861 5511//5511 4559//4559
f 4014//4014 5526//5526 5439//5439
f 4016//4016 4012//4012 5527//5527
f 5913//5913 4495//4495 4488//4488
f 5765//5765 4495//4495 5913//5913
f 5713//5713 4973//4973 5676//5676
f 5713//5713 5008//5008 4973//4973
f 4745//4745 4870//4870 5341//5341
f 4016//4016 5527//5527 5440//5440
f 5682//5682 4060//4060 5162//5162
f 5514//5514 5408//5408 5506//5506
f 5713//5713 5676//5676 5917//5917
f 5506//5506 5548//5548 5514//5514
f 5516//5516 5409//5409 5508//5508
f 5634//5634 6034//6034 5863//5863
f 6034//6034 71//71 5863//5863
f 5322//5322 4583//4583 5421//5421
f 4590//4590 5421//5421 4583//4583
f 5421//5421 4684//4684 5322//5322
f 4495//4495 5720//5720 4488//4488
f 5508//5508 5550//5550 5516//5516
f 4242//4242 5236//5236 4600//4600
f 4408//4408 5111//5111 5914//5914
f 5784//5784 4408//4408 5914//5914
f 4889//4889 4242//4242 4600//4600
f 5808//5808 5636//5636 3994//3994
f 5636//5636 5754//5754 3994//3994
f 4462//4462 5721//5721 5876//5876
f 5802//5802 5240//5240 4964//4964
f 5840//5840 5981//5981 5071//5071
f 5931//5931 4964//4964 5240//5240
f 5035//5035 5223//5223 5921//5921
f 5849//5849 5223//5223 5035//5035
f 5035//5035 6126//6126 5849//5849
f 5911//5911 5825//5825 4530//4530
f 6055//6055 5804//5804 5075//5075
f 5911//5911 4530//4530 5255//5255
f 5911//5911 5017//5017 5825//5825
f 5665//5665 4990//4990 5628//5628
f 5627//5627 5628//5628 4990//4990
f 5628//5628 4914//4914 5889//5889
f 4914//4914 5628//5628 5627//5627
f 4890//4890 4707//4707 5564//5564
f 5934//5934 4405//4405 5276//5276
f 5276//5276 4405//4405 4427//4427
f 5512//5512 4001//4001 4312//4312
f 4001//4001 4574//4574 4312//4312
f 5564//5564 4318//4318 4304//4304
f 5840//5840 5071//5071 4992//4992
f 4175//4175 6109//6109 5812//5812
f 6109//6109 4171//4171 5812//5812
f 4241//4241 5235//5235 4599//4599
f 4707//4707 4318//4318 5564//5564
f 5227//5227 4584//4584 5288//5288
f 4892//4892 4709//4709 5566//5566
f 4221//4221 5288//5288 4584//4584
f 5226//5226 4582//4582 5287//5287
f 5287//5287 6052//6052 5226//5226
f 5583//5583 4462//4462 5691//5691
f 4220//4220 5287//5287 4582//4582
f 4462//4462 4765//4765 5721//5721
f 4888//4888 4241//4241 4599//4599
f 5583//5583 4765//4765 4462//4462
f 5032//5032 5222//5222 5920//5920
f 5639//5639 6045//6045 5669//5669
f 4684//4684 4626//4626 5454//5454
f 5513//5513 4002//4002 4313//4313
f 4626//4626 5376//5376 5454//5454
f 4002//4002 4575//4575 4313//4313
f 5569//5569 6073//6073 4690//4690
f 4684//4684 5454//5454 5322//5322
f 5144//5144 5980//5980 4417//4417
f 4485//4485 6049//6049 4492//4492
f 5832//5832 5096//5096 4412//4412
f 4412//4412 4934//4934 5832//5832
f 6116//6116 5144//5144 4417//4417
f 5961//5961 4492//4492 6049//6049
f 4412//4412 5096//5096 4469//4469
f 5566//5566 4320//4320 4306//4306
f 4397//4397 4365//4365 4726//4726
f 5569//5569 5286//5286 6073//6073
f 6037//6037 5639//5639 5669//5669
f 4364//4364 4396//4396 4725//4725
f 5340//5340 6218//6218 5391//5391
f 4374//4374 5475//5475 5180//5180
f 4395//4395 4363//4363 4724//4724
f 5180//5180 5475//5475 4079//4079
f 5107//5107 5961//5961 6049//6049
f 4362//4362 4394//4394 4723//4723
f 5814//5814 4549//4549 4212//4212
f 6113//6113 5019//5019 5081//5081
f 5779//5779 5081//5081 5019//5019
f 4212//4212 4549//4549 5455//5455
f 4212//4212 5561//5561 5814//5814
f 5834//5834 4503//4503 5006//5006
f 5749//5749 5153//5153 5946//5946
f 5378//5378 6218//6218 5440//5440
f 4550//4550 5815//5815 4213//4213
f 4628//4628 6073//6073 5286//5286
f 4550//4550 4213//4213 5456//5456
f 5833//5833 4502//4502 5005//5005
f 5562//5562 4213//4213 5815//5815
f 6104//6104 6159//6159 4460//4460
f 6159//6159 6104//6104 5723//5723
f 5286//5286 5523//5523 4628//4628
f 4927//4927 5493//5493 5689//5689
f 5493//5493 5067//5067 5131//5131
f 5659//5659 5551//5551 4601//4601
f 5551//5551 4147//4147 4601//4601
f 4668//4668 5407//5407 5028//5028
f 4668//4668 5028//5028 5739//5739
f 5132//5132 5659//5659 4747//4747
f 4967//4967 5132//5132 4747//4747
f 5021//5021 5966//5966 5857//5857
f 5950//5950 5021//5021 5857//5857
f 5067//5067 5493//5493 4927//4927
f 5471//5471 5354//5354 5457//5457
f 4073//4073 5899//5899 4966//4966
f 4193//4193 4179//4179 5810//5810
f 5471//5471 4653//4653 5354//5354
f 5473//5473 5356//5356 5459//5459
f 4179//4179 4193//4193 5677//5677
f 4709//4709 4320//4320 5566//5566
f 4193//4193 4184//4184 5677//5677
f 5872//5872 4064//4064 5656//5656
f 5520//5520 4701//4701 5267//5267
f 4115//4115 5520//5520 5267//5267
f 4234//4234 5326//5326 5234//5234
f 5521//5521 4702//4702 5266//5266
f 4116//4116 5521//5521 5266//5266
f 6065//6065 5326//5326 4234//4234
f 4851//4851 4621//4621 4759//4759
f 4932//4932 5964//5964 5304//5304
f 4621//4621 4851//4851 5211//5211
f 5304//5304 5770//5770 4932//4932
f 4851//4851 4261//4261 5211//5211
f 5304//5304 5964//5964 4457//4457
f 4850//4850 4622//4622 4760//4760
f 4560//4560 5678//5678 3984//3984
f 5584//5584 4766//4766 4047//4047
f 4766//4766 5584//5584 5221//5221
f 4622//4622 4850//4850 5212//5212
f 4298//4298 6218//6218 5340//5340
f 4765//4765 5583//5583 5220//5220
f 4850//4850 4262//4262 5212//5212
f 5678//5678 4560//4560 6028//6028
f 4232//4232 5325//5325 5233//5233
f 6064//6064 5325//5325 4232//4232
f 4393//4393 4389//4389 4361//4361
f 4040//4040 4393//4393 4361//4361
f 4388//4388 4392//4392 4360//4360
f 4392//4392 4039//4039 4360//4360
f 4391//4391 4387//4387 4359//4359
f 4038//4038 4391//4391 4359//4359
f 5473//5473 4655//4655 5356//5356
f 4386//4386 4390//4390 4358//4358
f 4390//4390 4037//4037 4358//4358
f 4171//4171 5109//5109 4152//4152
f 5978//5978 4476//4476 5888//5888
f 4476//4476 5978//5978 5176//5176
f 4377//4377 5978//5978 5888//5888
f 4157//4157 4171//4171 4152//4152
f 5812//5812 4171//4171 4157//4157
f 4024//4024 4298//4298 4781//4781
f 5996//5996 4071//4071 4066//4066
f 5503//5503 5996//5996 4438//4438
f 4965//4965 5697//5697 5900//5900
f 4781//4781 4298//4298 5613//5613
f 5900//5900 4074//4074 4965//4965
f 5130//5130 5492//5492 5943//5943
f 5943//5943 5070//5070 5130//5130
f 4298//4298 4024//4024 4016//4016
f 4298//4298 5440//5440 6218//6218
f 5383//5383 4647//4647 5312//5312
f 5670//5670 5217//5217 6044//6044
f 5050//5050 4510//4510 5081//5081
f 4393//4393 4900//4900 4389//4389
f 5078//5078 6238//6238 5716//5716
f 4899//4899 4392//4392 4388//4388
f 4022//4022 4297//4297 4779//4779
f 4391//4391 4898//4898 4387//4387
f 4415//4415 5050//5050 5081//5081
f 4901//4901 4390//4390 4386//4386
f 5034//5034 5941//5941 5106//5106
f 5106//5106 5979//5979 5034//5034
f 5106//5106 5941//5941 5434//5434
f 5308//5308 4749//4749 4950//4950
f 4647//4647 4084//4084 5312//5312
f 4779//4779 4297//4297 5611//5611
f 5309//5309 4750//4750 4951//4951
f 4299//4299 5309//5309 4951//4951
f 6091//6091 4437//4437 4998//4998
f 6091//6091 5873//5873 4437//4437
f 4941//4941 4080//4080 5747//5747
f 5802//5802 5830//5830 5240//5240
f 5803//5803 5829//5829 5002//5002
f 5829//5829 5803//5803 5241//5241
f 4297//4297 4022//4022 4014//4014
f 5240//5240 6058//6058 5931//5931
f 4987//4987 5765//5765 5913//5913
f 6058//6058 5203//5203 5931//5931
f 5203//5203 6056//6056 6120//6120
f 6056//6056 5000//5000 6120//6120
f 69//69 6045//6045 70//70
f 5764//5764 4986//4986 5912//5912
f 5558//5558 4084//4084 4647//4647
f 4997//4997 6237//6237 4517//4517
f 5343//5343 4089//4089 4653//4653
f 4475//4475 5974//5974 5090//5090
f 4653//4653 5471//5471 5343//5343
f 5343//5343 5471//5471 5345//5345
f 5974//5974 4475//4475 5887//5887
f 5344//5344 4091//4091 4655//4655
f 4376//4376 5974//5974 5887//5887
f 4655//4655 5473//5473 5344//5344
f 5134//5134 5539//5539 5146//5146
f 5519//5519 4240//4240 4674//4674
f 5344//5344 5473//5473 5346//5346
f 58//58 4847//4847 4397//4397
f 4451//4451 4975//4975 4923//4923
f 5500//5500 5134//5134 5146//5146
f 4846//4846 78//78 4396//4396
f 5518//5518 4239//4239 4673//4673
f 5574//5574 5200//5200 4782//4782
f 278//278 4845//4845 4395//4395
f 4244//4244 5466//5466 5387//5387
f 5200//5200 4338//4338 4782//4782
f 4844//4844 258//258 4394//4394
f 5573//5573 5199//5199 4783//4783
f 5387//5387 4264//4264 4244//4244
f 5199//5199 4339//4339 4783//4783
f 4243//4243 5465//5465 5386//5386
f 5386//5386 4263//4263 4243//4243
f 5630//5630 4451//4451 4923//4923
f 5597//5597 4080//4080 4941//4941
f 3983//3983 4340//4340 4841//4841
f 5094//5094 5743//5743 5730//5730
f 5094//5094 5730//5730 4517//4517
f 6028//6028 4560//4560 5845//5845
f 4560//4560 4968//4968 5845//5845
f 5743//5743 4175//4175 5730//5730
f 5223//5223 5033//5033 5921//5921
f 4198//4198 6157//6157 5152//5152
f 5152//5152 5562//5562 4198//4198
f 5130//5130 5481//5481 5633//5633
f 5492//5492 5130//5130 4924//4924
f 5633//5633 4924//4924 5130//5130
f 4340//4340 3983//3983 4863//4863
f 4451//4451 5796//5796 5944//5944
f 5919//5919 5689//5689 4558//4558
f 5493//5493 4558//4558 5689//5689
f 5379//5379 5003//5003 4861//4861
f 72//72 5827//5827 73//73
f 5666//5666 5649//5649 5917//5917
f 5917//5917 5649//5649 5713//5713
f 5666//5666 5917//5917 5052//5052
f 5796//5796 4451//4451 5630//5630
f 5094//5094 6237//6237 4430//4430
f 5740//5740 5737//5737 5884//5884
f 4264//4264 4604//4604 5221//5221
f 4263//4263 4603//4603 5220//5220
f 5884//5884 5737//5737 4499//4499
f 5745//5745 4943//4943 5127//5127
f 5853//5853 5366//5366 5947//5947
f 5366//5366 5853//5853 5764//5764
f 4847//4847 4146//4146 4365//4365
f 4140//4140 4365//4365 4146//4146
f 4093//4093 5398//5398 4861//4861
f 4145//4145 4846//4846 4364//4364
f 4364//4364 4139//4139 4145//4145
f 4494//4494 5366//5366 5764//5764
f 4845//4845 4144//4144 4363//4363
f 4138//4138 4363//4363 4144//4144
f 5127//5127 5238//5238 5745//5745
f 4143//4143 4844//4844 4362//4362
f 4362//4362 4137//4137 4143//4143
f 5577//5577 5366//5366 4494//4494
f 6138//6138 5897//5897 4181//4181
f 5897//5897 6138//6138 4197//4197
f 6133//6133 5946//5946 4482//4482
f 4197//4197 5140//5140 5897//5897
f 6133//6133 5671//5671 5946//5946
f 5384//5384 4648//4648 5313//5313
f 4648//4648 4086//4086 5313//5313
f 5239//5239 6119//6119 5881//5881
f 5881//5881 6077//6077 5239//5239
f 5239//5239 4406//4406 5823//5823
f 6077//6077 4406//4406 5239//5239
f 4544//4544 6105//6105 5033//5033
f 5033//5033 5223//5223 4544//4544
f 6105//6105 4544//4544 4461//4461
f 4793//4793 4135//4135 4032//4032
f 4793//4793 4389//4389 4135//4135
f 4135//4135 4036//4036 4032//4032
f 4134//4134 4792//4792 4031//4031
f 4388//4388 4792//4792 4134//4134
f 4035//4035 4134//4134 4031//4031
f 5595//5595 5210//5210 5419//5419
f 4791//4791 4133//4133 4030//4030
f 4791//4791 4387//4387 4133//4133
f 4133//4133 4034//4034 4030//4030
f 5594//5594 5209//5209 5418//5418
f 4136//4136 4790//4790 4029//4029
f 4386//4386 4790//4790 4136//4136
f 4033//4033 4136//4136 4029//4029
f 4847//4847 4365//4365 4397//4397
f 4364//4364 4846//4846 4396//4396
f 4845//4845 4363//4363 4395//4395
f 4362//4362 4844//4844 4394//4394
f 4369//4369 5425//5425 4875//4875
f 6091//6091 4998//4998 5787//5787
f 4861//4861 5170//5170 5379//5379
f 4367//4367 5423//5423 4873//4873
f 4266//4266 5284//5284 5550//5550
f 4071//4071 5762//5762 5687//5687
f 5424//5424 4368//4368 4874//4874
f 5550//5550 5508//5508 4266//4266
f 4071//4071 5687//5687 4066//4066
f 5422//5422 4366//4366 4872//4872
f 5827//5827 5099//5099 5278//5278
f 6237//6237 5094//5094 4517//4517
f 4206//4206 5990//5990 4194//4194
f 5990//5990 5777//5777 4194//4194
f 4194//4194 5618//5618 4206//4206
f 5991//5991 4207//4207 4195//4195
f 5778//5778 5991//5991 4195//4195
f 5617//5617 4195//4195 4207//4207
f 4691//4691 5512//5512 4570//4570
f 5512//5512 4312//4312 4570//4570
f 4692//4692 5513//5513 4571//4571
f 5513//5513 4313//4313 4571//4571
f 5818//5818 5041//5041 4998//4998
f 5389//5389 5470//5470 5546//5546
f 5818//5818 5810//5810 5041//5041
f 5042//5042 5819//5819 4999//4999
f 4220//4220 4861//4861 5003//5003
f 5811//5811 5819//5819 5042//5042
f 4265//4265 5283//5283 5548//5548
f 6087//6087 5171//5171 5399//5399
f 5548//5548 5506//5506 4265//4265
f 6086//6086 5170//5170 5398//5398
f 5170//5170 4861//4861 5398//5398
f 5945//5945 5133//5133 5861//5861
f 5080//5080 5861//5861 5133//5133
f 5131//5131 5480//5480 5632//5632
f 5493//5493 5131//5131 4925//4925
f 5632//5632 4925//4925 5131//5131
f 5092//5092 5433//5433 5176//5176
f 5092//5092 5640//5640 4059//4059
f 5388//5388 5468//5468 5544//5544
f 4930//4930 5915//5915 5695//5695
f 5915//5915 5823//5823 5695//5695
f 6007//6007 4063//4063 5686//5686
f 4067//4067 6007//6007 5686//5686
f 4978//4978 6007//6007 4067//4067
f 5915//5915 4930//4930 4158//4158
f 4072//4072 5995//5995 4067//4067
f 5995//5995 5504//5504 4439//4439
f 6104//6104 4543//4543 5032//5032
f 5222//5222 5032//5032 4543//4543
f 5560//5560 6048//6048 4470//4470
f 4131//4131 4036//4036 289//289
f 289//289 4036//4036 288//288
f 4135//4135 288//288 4036//4036
f 5348//5348 5681//5681 4115//4115
f 4035//4035 4130//4130 289//289
f 4035//4035 289//289 288//288
f 288//288 4134//4134 4035//4035
f 4129//4129 4034//4034 354//354
f 4840//4840 4356//4356 5633//5633
f 354//354 4034//4034 355//355
f 4639//4639 5320//5320 6099//6099
f 4133//4133 355//355 4034//4034
f 4356//4356 4621//4621 5633//5633
f 4033//4033 4132//4132 354//354
f 4841//4841 4357//4357 5632//5632
f 4605//4605 6099//6099 5320//5320
f 4357//4357 4622//4622 5632//5632
f 4033//4033 354//354 355//355
f 4489//4489 5850//5850 5681//5681
f 5681//5681 6023//6023 4489//4489
f 355//355 4136//4136 4033//4033
f 4486//4486 6048//6048 5560//5560
f 4024//4024 4020//4020 4016//4016
f 4023//4023 4871//4871 4015//4015
f 4019//4019 4023//4023 4015//4015
f 5803//5803 5002//5002 5802//5802
f 4022//4022 4018//4018 4014//4014
f 4021//4021 4870//4870 4013//4013
f 4017//4017 4021//4021 4013//4013
f 6040//6040 5629//5629 5826//5826
f 5320//5320 5270//5270 4605//4605
f 264//264 6040//6040 5826//5826
f 6149//6149 5907//5907 266//266
f 4640//4640 5321//5321 6100//6100
f 4607//4607 6100//6100 5321//5321
f 5802//5802 5002//5002 5622//5622
f 5321//5321 5271//5271 4607//4607
f 4649//4649 5283//5283 4599//4599
f 267//267 6149//6149 266//266
f 5200//5200 5574//5574 4748//4748
f 5574//5574 4236//4236 4748//4748
f 5199//5199 5573//5573 4747//4747
f 5573//5573 4235//4235 4747//4747
f 4649//4649 4599//4599 5215//5215
f 5803//5803 5802//5802 4964//4964
f 4599//4599 5283//5283 4774//4774
f 5626//5626 6041//6041 6002//6002
f 6041//6041 272//272 6002//6002
f 4571//4571 5181//5181 4692//4692
f 4650//4650 5284//5284 4600//4600
f 5083//5083 5645//5645 5282//5282
f 4570//4570 5180//5180 4691//4691
f 4650//4650 4600//4600 5216//5216
f 5082//5082 6159//6159 4912//4912
f 4600//4600 5284//5284 4775//4775
f 5646//5646 5082//5082 5281//5281
f 5982//5982 5806//5806 5184//5184
f 5982//5982 5855//5855 4155//4155
f 4769//4769 5678//5678 5043//5043
f 4921//4921 4769//4769 5043//5043
f 5599//5599 5173//5173 4718//4718
f 4536//4536 5599//5599 4718//4718
f 5598//5598 5172//5172 4717//4717
f 4535//4535 5598//5598 4717//4717
f 5401//5401 5789//5789 4620//4620
f 5789//5789 5401//5401 4911//4911
f 5964//5964 4932//4932 6203//6203
f 5726//5726 5597//5597 4941//4941
f 6203//6203 4932//4932 4972//4972
f 5928//5928 5981//5981 5840//5840
f 4155//4155 5806//5806 5982//5982
f 5725//5725 5596//5596 4940//4940
f 6058//6058 6056//6056 5203//5203
f 6156//6156 4196//4196 5151//5151
f 5497//5497 4278//4278 5502//5502
f 5502//5502 4225//4225 5497//5497
f 5496//5496 4277//4277 5501//5501
f 5501//5501 4224//4224 5496//5496
f 6203//6203 5913//5913 4481//4481
f 6203//6203 4481//4481 5964//5964
f 6083//6083 6052//6052 4447//4447
f 5287//5287 4447//4447 6052//6052
f 5080//5080 5922//5922 5771//5771
f 5561//5561 5151//5151 4196//4196
f 5561//5561 4196//4196 5814//5814
f 5559//5559 4086//4086 4648//4648
f 5013//5013 5281//5281 5082//5082
f 4543//4543 4520//4520 4429//4429
f 6079//6079 4543//4543 4515//4515
f 4429//4429 4515//4515 4543//4543
f 5218//5218 5490//5490 5841//5841
f 5490//5490 4578//4578 5841//5841
f 4912//4912 5013//5013 5082//5082
f 264//264 5826//5826 263//263
f 5219//5219 5491//5491 5842//5842
f 5491//5491 4579//4579 5842//5842
f 4486//4486 5965//5965 4493//4493
f 4936//4936 4856//4856 4865//4865
f 5038//5038 4856//4856 4936//4936
f 6049//6049 4485//4485 5563//5563
f 5532//5532 4227//4227 5365//5365
f 5495//5495 4567//4567 5338//5338
f 5495//5495 5353//5353 4567//4567
f 5531//5531 4226//4226 5364//5364
f 5382//5382 4567//4567 5353//5353
f 5494//5494 4566//4566 5337//5337
f 5494//5494 5352//5352 4566//4566
f 5381//5381 4566//4566 5352//5352
f 4054//4054 4926//4926 5738//5738
f 5079//5079 6049//6049 5563//5563
f 4954//4954 4053//4053 4054//4054
f 4969//4969 5182//5182 4061//4061
f 5696//5696 5182//5182 4969//4969
f 4064//4064 5717//5717 4057//4057
f 5621//5621 5645//5645 5755//5755
f 3993//3993 5621//5621 5755//5755
f 3991//3991 5755//5755 5645//5645
f 5727//5727 5895//5895 5141//5141
f 5895//5895 4424//4424 5141//5141
f 4453//4453 5504//5504 6057//6057
f 6059//6059 6057//6057 5504//5504
f 348//348 4821//4821 4801//4801
f 4700//4700 4307//4307 5249//5249
f 4683//4683 4625//4625 5453//5453
f 4820//4820 295//295 4800//4800
f 4615//4615 6050//6050 5588//5588
f 5588//5588 5244//5244 4615//4615
f 295//295 4819//4819 4799//4799
f 5714//5714 5770//5770 5003//5003
f 4616//4616 6051//6051 5589//5589
f 4818//4818 348//348 4798//4798
f 5589//5589 5245//5245 4616//4616
f 5126//5126 5443//5443 5420//5420
f 4662//4662 4700//4700 5249//5249
f 4625//4625 5375//5375 5453//5453
f 5989//5989 5837//5837 5112//5112
f 5044//5044 5837//5837 5989//5989
f 5044//5044 5989//5989 4503//4503
f 5170//5170 5048//5048 5379//5379
f 5170//5170 6086//6086 5048//5048
f 5987//5987 5758//5758 5111//5111
f 5453//5453 4097//4097 4683//4683
f 5171//5171 5049//5049 5380//5380
f 5171//5171 6087//6087 5049//5049
f 5007//5007 5987//5987 4502//4502
f 4154//4154 5714//5714 5003//5003
f 4040//4040 4381//4381 284//284
f 284//284 4381//4381 283//283
f 4164//4164 5714//5714 4154//4154
f 4380//4380 4039//4039 284//284
f 4380//4380 284//284 283//283
f 4932//4932 5770//5770 5714//5714
f 4160//4160 4555//4555 5666//5666
f 4038//4038 4379//4379 359//359
f 359//359 4379//4379 360//360
f 5278//5278 6239//6239 5827//5827
f 4378//4378 4037//4037 359//359
f 4378//4378 359//359 360//360
f 4521//4521 4544//4544 4430//4430
f 6039//6039 4057//4057 5710//5710
f 5519//5519 4292//4292 5328//5328
f 4292//4292 4594//4594 5328//5328
f 5518//5518 4291//4291 5327//5327
f 4291//4291 4593//4593 5327//5327
f 4668//4668 4571//4571 4313//4313
f 4667//4667 4570//4570 4312//4312
f 5420//5420 4683//4683 4097//4097
f 4939//4939 5763//5763 5686//5686
f 5710//5710 4057//4057 5717//5717
f 4064//4064 4057//4057 5656//5656
f 5208//5208 4476//4476 5867//5867
f 4254//4254 5208//5208 5867//5867
f 5207//5207 4475//4475 5868//5868
f 4253//4253 5207//5207 5868//5868
f 4544//4544 6080//6080 4516//4516
f 4516//4516 4430//4430 4544//4544
f 5896//5896 5728//5728 5143//5143
f 4425//4425 5896//5896 5143//5143
f 5397//5397 4661//4661 4619//4619
f 5248//5248 4661//4661 5397//5397
f 4661//4661 5186//5186 4619//4619
f 6096//6096 5773//5773 5731//5731
f 5763//5763 4939//4939 4076//4076
f 5982//5982 5184//5184 5750//5750
f 5154//5154 5750//5750 5184//5184
f 5154//5154 5184//5184 4988//4988
f 5773//5773 5711//5711 5731//5731
f 4076//4076 4939//4939 4070//4070
f 4615//4615 5244//5244 5451//5451
f 5244//5244 6070//6070 4249//4249
f 5639//5639 6111//6111 6045//6045
f 4357//4357 4841//4841 4731//4731
f 5539//5539 5445//5445 5824//5824
f 6111//6111 70//70 6045//6045
f 4356//4356 4840//4840 4732//4732
f 5394//5394 5137//5137 324//324
f 6115//6115 5394//5394 323//323
f 323//323 5394//5394 324//324
f 5220//5220 5583//5583 4888//4888
f 5583//5583 4241//4241 4888//4888
f 5221//5221 5584//5584 4889//4889
f 5584//5584 4242//4242 4889//4889
f 5395//5395 5138//5138 319//319
f 4466//4466 5801//5801 5586//5586
f 6114//6114 5395//5395 320//320
f 320//320 5395//5395 319//319
f 5445//5445 5254//5254 5824//5824
f 4667//4667 5406//5406 5738//5738
f 4736//4736 5477//5477 4785//4785
f 5994//5994 6005//6005 4445//4445
f 4735//4735 5476//5476 4784//4784
f 4249//4249 5451//5451 5244//5244
f 6005//6005 5994//5994 4440//4440
f 5026//5026 5738//5738 5406//5406
f 5453//5453 5375//5375 5262//5262
f 4289//4289 4314//4314 4703//4703
f 4698//4698 4305//4305 5247//5247
f 4282//4282 4314//4314 4289//4289
f 4290//4290 4316//4316 4705//4705
f 4660//4660 4698//4698 5247//5247
f 5454//5454 5376//5376 5263//5263
f 4247//4247 4116//4116 5266//5266
f 4248//4248 4115//4115 5267//5267
f 6069//6069 5372//5372 5265//5265
f 4911//4911 4906//4906 5893//5893
f 5265//5265 4088//4088 6069//6069
f 4284//4284 4316//4316 4290//4290
f 6068//6068 5371//5371 5264//5264
f 5238//5238 5127//5127 4230//4230
f 5264//5264 4087//4087 6068//6068
f 5421//5421 4230//4230 5127//5127
f 5570//5570 4461//4461 4957//4957
f 5083//5083 5570//5570 4957//4957
f 5774//5774 6097//6097 5732//5732
f 5712//5712 5774//5774 5732//5732
f 4616//4616 5245//5245 5452//5452
f 5144//5144 5874//5874 5102//5102
f 5245//5245 6071//6071 4250//4250
f 4250//4250 5452//5452 5245//5245
f 4028//4028 4032//4032 4797//4797
f 4031//4031 4027//4027 4796//4796
f 4026//4026 4030//4030 4795//4795
f 4029//4029 4025//4025 4794//4794
f 5144//5144 5102//5102 5980//5980
f 4431//4431 5685//5685 4433//4433
f 5054//5054 5839//5839 5097//5097
f 4911//4911 5060//5060 5128//5128
f 5054//5054 5767//5767 5839//5839
f 5667//5667 5839//5839 5767//5767
f 5000//5000 6056//6056 4452//4452
f 5117//5117 5000//5000 4452//4452
f 4894//4894 5266//5266 4702//4702
f 4587//4587 4894//4894 4702//4702
f 5774//5774 5954//5954 6097//6097
f 5396//5396 4659//4659 4617//4617
f 4020//4020 4024//4024 4832//4832
f 4355//4355 4832//4832 4024//4024
f 4024//4024 4781//4781 4355//4355
f 4023//4023 4019//4019 4831//4831
f 4831//4831 4354//4354 4023//4023
f 4780//4780 4023//4023 4354//4354
f 4018//4018 4022//4022 4830//4830
f 4353//4353 4830//4830 4022//4022
f 4022//4022 4779//4779 4353//4353
f 4021//4021 4017//4017 4833//4833
f 4833//4833 4352//4352 4021//4021
f 4778//4778 4021//4021 4352//4352
f 5794//5794 5095//5095 6054//6054
f 5095//5095 4482//4482 6054//6054
f 4168//4168 5783//5783 5758//5758
f 5246//5246 4659//4659 5396//5396
f 5758//5758 4953//4953 4168//4168
f 4156//4156 5625//5625 5758//5758
f 5758//5758 5783//5783 4156//4156
f 4659//4659 5185//5185 4617//4617
f 4684//4684 4907//4907 5178//5178
f 4749//4749 5306//5306 5759//5759
f 4950//4950 4749//4749 5759//5759
f 4907//4907 4684//4684 5421//5421
f 5127//5127 4907//4907 5421//5421
f 5001//5001 5385//5385 5642//5642
f 5893//5893 5060//5060 4911//4911
f 6104//6104 5032//5032 5723//5723
f 5385//5385 4991//4991 5642//5642
f 5073//5073 4857//4857 4071//4071
f 4858//4858 5074//5074 4072//4072
f 4062//4062 5640//5640 6009//6009
f 6119//6119 5886//5886 4992//4992
f 5536//5536 4730//4730 4281//4281
f 4062//4062 4059//4059 5640//5640
f 4209//4209 6127//6127 5781//5781
f 5781//5781 4199//4199 4209//4209
f 6127//6127 5848//5848 5781//5781
f 6126//6126 4208//4208 5782//5782
f 4197//4197 5782//5782 4208//4208
f 5849//5849 6126//6126 5782//5782
f 4737//4737 6086//6086 5390//5390
f 4153//4153 5943//5943 5492//5492
f 6035//6035 5060//5060 5163//5163
f 5339//5339 6214//6214 5390//5390
f 5584//5584 4047//4047 5690//5690
f 5398//5398 5390//5390 6086//6086
f 5377//5377 6214//6214 5439//5439
f 4168//4168 4953//4953 4186//4186
f 4168//4168 4186//4186 4180//4180
f 6237//6237 4997//4997 4430//4430
f 4297//4297 6214//6214 5339//5339
f 5859//5859 4186//4186 4953//4953
f 5399//5399 5391//5391 6087//6087
f 5556//5556 4465//4465 5960//5960
f 5799//5799 5556//5556 5960//5960
f 5701//5701 5055//5055 5808//5808
f 6041//6041 5164//5164 6031//6031
f 5086//5086 6031//6031 5164//5164
f 4895//4895 5267//5267 4701//4701
f 5055//5055 5636//5636 5808//5808
f 5165//5165 6040//6040 6030//6030
f 6030//6030 5085//5085 5165//5165
f 5408//5408 4095//4095 5465//5465
f 4738//4738 6236//6236 6218//6218
f 4264//4264 5387//5387 4604//4604
f 4263//4263 5386//5386 4603//4603
f 4588//4588 4895//4895 4701//4701
f 4612//4612 5365//5365 4586//4586
f 4586//4586 5365//5365 5336//5336
f 5345//5345 6070//6070 4081//4081
f 4611//4611 5364//5364 4585//4585
f 4297//4297 5439//5439 6214//6214
f 4585//4585 5364//5364 5335//5335
f 4249//4249 6070//6070 5345//5345
f 4525//4525 5022//5022 4979//4979
f 4613//4613 5465//5465 4095//4095
f 5824//5824 5016//5016 5539//5539
f 5346//5346 6071//6071 4082//4082
f 4250//4250 6071//6071 5346//5346
f 4339//4339 5351//5351 4624//4624
f 5409//5409 4096//4096 5466//5466
f 5086//5086 5939//5939 5110//5110
f 5351//5351 4339//4339 4770//4770
f 5110//5110 5939//5939 5720//5720
f 4614//4614 5466//5466 4096//4096
f 4218//4218 5500//5500 5441//5441
f 5887//5887 5045//5045 4376//4376
f 4017//4017 4805//4805 4373//4373
f 4338//4338 5350//5350 4623//4623
f 5350//5350 4338//4338 4771//4771
f 4821//4821 4373//4373 4805//4805
f 4017//4017 4373//4373 4833//4833
f 4804//4804 4020//4020 4372//4372
f 4372//4372 4820//4820 4804//4804
f 4372//4372 4020//4020 4832//4832
f 4218//4218 4471//4471 4561//4561
f 5886//5886 5047//5047 5145//5145
f 4019//4019 4803//4803 4371//4371
f 4819//4819 4371//4371 4803//4803
f 4019//4019 4371//4371 4831//4831
f 4802//4802 4018//4018 4370//4370
f 4370//4370 4818//4818 4802//4802
f 4370//4370 4018//4018 4830//4830
f 5425//5425 61//61 60//60
f 5772//5772 5288//5288 4221//4221
f 75//75 5424//5424 76//76
f 5047//5047 4169//4169 5145//5145
f 5423//5423 275//275 276//276
f 5004//5004 5772//5772 4221//4221
f 261//261 5422//5422 260//260
f 4719//4719 4675//4675 4744//4744
f 5721//5721 5308//5308 4950//4950
f 5391//5391 6236//6236 6087//6087
f 4471//4471 4218//4218 5441//5441
f 4752//4752 4744//4744 4675//4675
f 5775//5775 4212//4212 5455//5455
f 5568//5568 5285//5285 6072//6072
f 5775//5775 4471//4471 4212//4212
f 4213//4213 5776//5776 5456//5456
f 4721//4721 4677//4677 4742//4742
f 4472//4472 5776//5776 4213//4213
f 4627//4627 6072//6072 5285//5285
f 6014//6014 4559//4559 5838//5838
f 4559//4559 4967//4967 5838//5838
f 4751//4751 4742//4742 4677//4677
f 6236//6236 5391//5391 6218//6218
f 5631//5631 5059//5059 5099//5099
f 5011//5011 6080//6080 5849//5849
f 4005//4005 5431//5431 4773//4773
f 6048//6048 5163//5163 4470//4470
f 5163//5163 6048//6048 5108//5108
f 5163//5163 5108//5108 5638//5638
f 5099//5099 5827//5827 5631//5631
f 5862//5862 5163//5163 5638//5638
f 4003//4003 5429//5429 4772//4772
f 5214//5214 4238//4238 4309//4309
f 5213//5213 4237//4237 4308//4308
f 5059//5059 5031//5031 5099//5099
f 4797//4797 4032//4032 4036//4036
f 4031//4031 4796//4796 4035//4035
f 4795//4795 4030//4030 4034//4034
f 4029//4029 4794//4794 4033//4033
f 5285//5285 5522//5522 4627//4627
f 5888//5888 5046//5046 4377//4377
f 5099//5099 5031//5031 4519//4519
f 6012//6012 5088//5088 5068//5068
f 5984//5984 6012//6012 5068//5068
f 6236//6236 4738//4738 6087//6087
f 5141//5141 5967//5967 4413//4413
f 6167//6167 6143//6143 5908//5908
f 5261//5261 5068//5068 5088//5088
f 5843//5843 4468//4468 5009//5009
f 5587//5587 5009//5009 4468//4468
f 5089//5089 6013//6013 5069//5069
f 6013//6013 5985//5985 5069//5069
f 5766//5766 5053//5053 5746//5746
f 4402//4402 5766//5766 5746//5746
f 5164//5164 6041//6041 5626//5626
f 5626//5626 5062//5062 5164//5164
f 6086//6086 6102//6102 5048//5048
f 6102//6102 4737//4737 5725//5725
f 6102//6102 6086//6086 4737//4737
f 6167//6167 6136//6136 5648//5648
f 5069//5069 5260//5260 5089//5089
f 4678//4678 4722//4722 4743//4743
f 5542//5542 5792//5792 4214//4214
f 4590//4590 4230//4230 5421//5421
f 4590//4590 5485//5485 4230//4230
f 4381//4381 4905//4905 4401//4401
f 5066//5066 4157//4157 5805//5805
f 4157//4157 4152//4152 5805//5805
f 4855//4855 4381//4381 4401//4401
f 4676//4676 4720//4720 4741//4741
f 5308//5308 5721//5721 4603//4603
f 4379//4379 4903//4903 4399//4399
f 4853//4853 4379//4379 4399//4399
f 4333//4333 4825//4825 4817//4817
f 4333//4333 4764//4764 4825//4825
f 5424//5424 5412//5412 4368//4368
f 4824//4824 4332//4332 4816//4816
f 4763//4763 4332//4332 4824//4824
f 5092//5092 5978//5978 5640//5640
f 4331//4331 4823//4823 4815//4815
f 4331//4331 4762//4762 4823//4823
f 5978//5978 5668//5668 5640//5640
f 4822//4822 4330//4330 4814//4814
f 4761//4761 4330//4330 4822//4822
f 5589//5589 5541//5541 5245//5245
f 6087//6087 6101//6101 5049//5049
f 6101//6101 4738//4738 5726//5726
f 6101//6101 6087//6087 4738//4738
f 5631//5631 5827//5827 6034//6034
f 5827//5827 72//72 6034//6034
f 5098//5098 5826//5826 5629//5629
f 5629//5629 5030//5030 5098//5098
f 5541//5541 5589//5589 5351//5351
f 5412//5412 4699//4699 4368//4368
f 5098//5098 5030//5030 4518//4518
f 5351//5351 4248//4248 5541//5541
f 5588//5588 5540//5540 5244//5244
f 3997//3997 5337//5337 5205//5205
f 5540//5540 5588//5588 5350//5350
f 6182//6182 5907//5907 6011//6011
f 5350//5350 4247//4247 5540//5540
f 5643//5643 5054//5054 5097//5097
f 6075//6075 5715//5715 5716//5716
f 6243//6243 4498//4498 6193//6193
f 5716//5716 5705//5705 6075//6075
f 3998//3998 5338//5338 5206//5206
f 6149//6149 6011//6011 5907//5907
f 5049//5049 4497//4497 5806//5806
f 5838//5838 4421//4421 6014//6014
f 5721//5721 4765//4765 4603//4603
f 4902//4902 4378//4378 4398//4398
f 6038//6038 6182//6182 6011//6011
f 4463//4463 5993//5993 4477//4477
f 4378//4378 4852//4852 4398//4398
f 4857//4857 5073//5073 5240//5240
f 6058//6058 5240//5240 5073//5073
f 5993//5993 4418//4418 4477//4477
f 5762//5762 4938//4938 5687//5687
f 4938//4938 5762//5762 4075//4075
f 4938//4938 4075//4075 4069//4069
f 5411//5411 4698//4698 4660//4660
f 6074//6074 5998//5998 5093//5093
f 5413//5413 4700//4700 4662//4662
f 4049//4049 5667//5667 5767//5767
f 6074//6074 5872//5872 5998//5998
f 5779//5779 5019//5019 5143//5143
f 5682//5682 5779//5779 5143//5143
f 5035//5035 5921//5921 5979//5979
f 5979//5979 5106//5106 5035//5035
f 4601//4601 4147//4147 5348//5348
f 5977//5977 5091//5091 5903//5903
f 5779//5779 5682//5682 5162//5162
f 4750//4750 5307//5307 5760//5760
f 4951//4951 4750//4750 5760//5760
f 4904//4904 4380//4380 4400//4400
f 4678//4678 4696//4696 4722//4722
f 4380//4380 4854//4854 4400//4400
f 4676//4676 4694//4694 4720//4720
f 5870//5870 5117//5117 5777//5777
f 5870//5870 5777//5777 5990//5990
f 4982//4982 5777//5777 5117//5117
f 5118//5118 5871//5871 5778//5778
f 5778//5778 5871//5871 5991//5991
f 5778//5778 4981//4981 5118//5118
f 5847//5847 5129//5129 4968//4968
f 4560//4560 5847//5847 4968//4968
f 5789//5789 6003//6003 5280//5280
f 5616//5616 5858//5858 4418//4418
f 4573//4573 5616//5616 4418//4418
f 5993//5993 4573//4573 4418//4418
f 4284//4284 6235//6235 4729//4729
f 5826//5826 5098//5098 5277//5277
f 4678//4678 6235//6235 4672//4672
f 5851//5851 5174//5174 5811//5811
f 5851//5851 5811//5811 4189//4189
f 5729//5729 5851//5851 4189//4189
f 5095//5095 5794//5794 5804//5804
f 4843//4843 4059//4059 5679//5679
f 5804//5804 4464//4464 5095//5095
f 4695//4695 4677//4677 4721//4721
f 6184//6184 5638//5638 6044//6044
f 4693//4693 4675//4675 4719//4719
f 5253//5253 4323//4323 4652//4652
f 4843//4843 5092//5092 4059//4059
f 5252//5252 4322//4322 4651//4651
f 5688//5688 4843//4843 5679//5679
f 5638//5638 6184//6184 5862//5862
f 66//66 6184//6184 6044//6044
f 5591//5591 4787//4787 4755//4755
f 4715//4715 4755//4755 4787//4787
f 4863//4863 4385//4385 4812//4812
f 4340//4340 4863//4863 4812//4812
f 5964//5964 4481//4481 4457//4457
f 4481//4481 4466//4466 4457//4457
f 5287//5287 6161//6161 5770//5770
f 5770//5770 5304//5304 5287//5287
f 6161//6161 5003//5003 5770//5770
f 5369//5369 5468//5468 5388//5388
f 4952//4952 6074//6074 5093//5093
f 5593//5593 4789//4789 4753//4753
f 5237//5237 4465//4465 5703//5703
f 4880//4880 4701//4701 5300//5300
f 4576//4576 5300//5300 4701//4701
f 4229//4229 4880//4880 5300//5300
f 5767//5767 5054//5054 5747//5747
f 4879//4879 4702//4702 5299//5299
f 4577//4577 5299//5299 4702//4702
f 4228//4228 4879//4879 5299//5299
f 4403//4403 5767//5767 5747//5747
f 5956//5956 5614//5614 5904//5904
f 5499//5499 5956//5956 5904//5904
f 5956//5956 4050//4050 5029//5029
f 5956//5956 5499//5499 4050//4050
f 5128//5128 6003//6003 5789//5789
f 5370//5370 5470//5470 5389//5389
f 5263//5263 5393//5393 4643//4643
f 4268//4268 5311//5311 5382//5382
f 5382//5382 5257//5257 4268//4268
f 5262//5262 5392//5392 4641//4641
f 5740//5740 4177//4177 5010//5010
f 5010//5010 4515//4515 5740//5740
f 5740//5740 4515//4515 5737//5737
f 4862//4862 4384//4384 4813//4813
f 5796//5796 5194//5194 5944//5944
f 4341//4341 4862//4862 4813//4813
f 5305//5305 5843//5843 5009//5009
f 5944//5944 5194//5194 5183//5183
f 4942//4942 5843//5843 5305//5305
f 5305//5305 5772//5772 4942//4942
f 5886//5886 4188//4188 4532//4532
f 4713//4713 4753//4753 4789//4789
f 4007//4007 4805//4805 6099//6099
f 5145//5145 4188//4188 5886//5886
f 4805//4805 4007//4007 4124//4124
f 4746//4746 4640//4640 4015//4015
f 4994//4994 5579//5579 5891//5891
f 4443//4443 5895//5895 5673//5673
f 5157//5157 5675//5675 4989//4989
f 4917//4917 5157//5157 4989//4989
f 5896//5896 4444//4444 5674//5674
f 5580//5580 4993//4993 5890//5890
f 6066//6066 5199//5199 5659//5659
f 4601//4601 6066//6066 5659//5659
f 4203//4203 5023//5023 4980//4980
f 4747//4747 5659//5659 5199//5199
f 5966//5966 4485//4485 4492//4492
f 4786//4786 5590//5590 4754//4754
f 6011//6011 6149//6149 6092//6092
f 6149//6149 268//268 6092//6092
f 268//268 6149//6149 267//267
f 5053//5053 5644//5644 4940//4940
f 5644//5644 5725//5725 4940//4940
f 5725//5725 5644//5644 4496//4496
f 4182//4182 6142//6142 4198//4198
f 6235//6235 4678//4678 4729//4729
f 4754//4754 4714//4714 4786//4786
f 5649//5649 5666//5666 5177//5177
f 4009//4009 4803//4803 6100//6100
f 4745//4745 4639//4639 4013//4013
f 4803//4803 4009//4009 4122//4122
f 5912//5912 4973//4973 5008//5008
f 4170//4170 5950//5950 4191//4191
f 5974//5974 4376//4376 5828//5828
f 4788//4788 5592//5592 4756//4756
f 4376//4376 5699//5699 5036//5036
f 5828//5828 4376//4376 5036//5036
f 4501//4501 5768//5768 5891//5891
f 5107//5107 5639//5639 6037//6037
f 6037//6037 5961//5961 5107//5107
f 6130//6130 5412//5412 5424//5424
f 6067//6067 5200//5200 5658//5658
f 4602//4602 6067//6067 5658//5658
f 75//75 6130//6130 5424//5424
f 4748//4748 5658//5658 5200//5200
f 6053//6053 5658//5658 4748//4748
f 5272//5272 5564//5564 4269//4269
f 4329//4329 4706//4706 4688//4688
f 5274//5274 5566//5566 4271//4271
f 5855//5855 5982//5982 4185//4185
f 5000//5000 5117//5117 5385//5385
f 5365//5365 4227//4227 5336//5336
f 5117//5117 5641//5641 5385//5385
f 5364//5364 4226//4226 5335//5335
f 5117//5117 5870//5870 5641//5641
f 6120//6120 5204//5204 5203//5203
f 6235//6235 4284//4284 4672//4672
f 5638//5638 5108//5108 6036//6036
f 5962//5962 6036//6036 5108//5108
f 4537//4537 5167//5167 4482//4482
f 5153//5153 4537//4537 4482//4482
f 5946//5946 5153//5153 4482//4482
f 5034//5034 5979//5979 5920//5920
f 4219//4219 5623//5623 4210//4210
f 4210//4210 5929//5929 4219//4219
f 5182//5182 5696//5696 5899//5899
f 5660//5660 4426//4426 5988//5988
f 4572//4572 5614//5614 4417//4417
f 5992//5992 4572//4572 4417//4417
f 4426//4426 4423//4423 5988//5988
f 5503//5503 4452//4452 6056//6056
f 6056//6056 6058//6058 5503//5503
f 4878//4878 5282//5282 5621//5621
f 5663//5663 4457//4457 5586//5586
f 4706//4706 4329//4329 340//340
f 4447//4447 4457//4457 5663//5663
f 4447//4447 5304//5304 4457//4457
f 5372//5372 6069//6069 4610//4610
f 5772//5772 5305//5305 5288//5288
f 5066//5066 5850//5850 5448//5448
f 5371//5371 6068//6068 4609//4609
f 4327//4327 4704//4704 4686//4686
f 5118//5118 5642//5642 5871//5871
f 4704//4704 4327//4327 303//303
f 4267//4267 5310//5310 5381//5381
f 5381//5381 5256//5256 4267//4267
f 4756//4756 4716//4716 4788//4788
f 6057//6057 5001//5001 4453//4453
f 5001//5001 5642//5642 5118//5118
f 5530//5530 5619//5619 5620//5620
f 4934//4934 5063//5063 4058//4058
f 5620//5620 5315//5315 3994//3994
f 5702//5702 4929//4929 5066//5066
f 4929//4929 5850//5850 5066//5066
f 5768//5768 4918//4918 4919//4919
f 4524//4524 5572//5572 5664//5664
f 5315//5315 5620//5620 5619//5619
f 5422//5422 5410//5410 4366//4366
f 5571//5571 6083//6083 5663//5663
f 4523//4523 5571//5571 5663//5663
f 5410//5410 4697//4697 4366//4366
f 5663//5663 6083//6083 4447//4447
f 4441//4441 5817//5817 4446//4446
f 5281//5281 5530//5530 5620//5620
f 5845//5845 4422//4422 6028//6028
f 6028//6028 4422//4422 5179//5179
f 5001//5001 5118//5118 4453//4453
f 5090//5090 5426//5426 4475//4475
f 5413//5413 5425//5425 4369//4369
f 4224//4224 4768//4768 4658//4658
f 5496//5496 4224//4224 4658//4658
f 5707//5707 5809//5809 5700//5700
f 4225//4225 4767//4767 4657//4657
f 5497//5497 4225//4225 4657//4657
f 4440//4440 5707//5707 5700//5700
f 4060//4060 5651//5651 4955//4955
f 5162//5162 4060//4060 4955//4955
f 4460//4460 6159//6159 4958//4958
f 5891//5891 5768//5768 4919//4919
f 6159//6159 5082//5082 4958//4958
f 6094//6094 5948//5948 5125//5125
f 4468//4468 4906//4906 5587//5587
f 5123//5123 6094//6094 5125//5125
f 4700//4700 5413//5413 4369//4369
f 4906//4906 4468//4468 5893//5893
f 5411//5411 5423//5423 4367//4367
f 5948//5948 6094//6094 5835//5835
f 4698//4698 5411//5411 4367//4367
f 5288//5288 4448//4448 5227//5227
f 5658//5658 6001//6001 4602//4602
f 6001//6001 4148//4148 4602//4602
f 5227//5227 4448//4448 5405//5405
f 4448//4448 5572//5572 5405//5405
f 4183//4183 4961//4961 4199//4199
f 5525//5525 4311//4311 4807//4807
f 5524//5524 4310//4310 4806//4806
f 5548//5548 5283//5283 4685//4685
f 5283//5283 4649//4649 4289//4289
f 5139//5139 4199//4199 4961//4961
f 5283//5283 4289//4289 4685//4685
f 5744//5744 5241//5241 4964//4964
f 5803//5803 4964//4964 5241//5241
f 5396//5396 4617//4617 4518//4518
f 5098//5098 4518//4518 4617//4617
f 4518//4518 4533//4533 5396//5396
f 5986//5986 5084//5084 5922//5922
f 5771//5771 5922//5922 5084//5084
f 5986//5986 5922//5922 4548//4548
f 5550//5550 5284//5284 4687//4687
f 5284//5284 4650//4650 4290//4290
f 5284//5284 4290//4290 4687//4687
f 4749//4749 5308//5308 4322//4322
f 3995//3995 4749//4749 4322//4322
f 5268//5268 5297//5297 4606//4606
f 5526//5526 4606//4606 5297//5297
f 5269//5269 5298//5298 4608//4608
f 5768//5768 4501//4501 4442//4442
f 5527//5527 4608//4608 5298//5298
f 4574//4574 5235//5235 5406//5406
f 5529//5529 5699//5699 5045//5045
f 5699//5699 4376//4376 5045//5045
f 5578//5578 5056//5056 4505//4505
f 5593//5593 4744//4744 345//345
f 5835//5835 4505//4505 5056//5056
f 5963//5963 5136//5136 4534//4534
f 4744//4744 344//344 345//345
f 5031//5031 5963//5963 4534//4534
f 5031//5031 4534//4534 4519//4519
f 4282//4282 6234//6234 4727//4727
f 5948//5948 5835//5835 5056//5056
f 4676//4676 6234//6234 4670//4670
f 5650//5650 5772//5772 5004//5004
f 4155//4155 5650//5650 5004//5004
f 5480//5480 5131//5131 5997//5997
f 5067//5067 5997//5997 5131//5131
f 4540//4540 5480//5480 5997//5997
f 5906//5906 4540//4540 5997//5997
f 5906//5906 5997//5997 4405//4405
f 6081//6081 324//324 5137//5137
f 6082//6082 319//319 5138//5138
f 5591//5591 4742//4742 298//298
f 5567//5567 5275//5275 4272//4272
f 4742//4742 299//299 298//298
f 5565//5565 5273//5273 4270//4270
f 5261//5261 5088//5088 5951//5951
f 4316//4316 5535//5535 301//301
f 4705//4705 4316//4316 302//302
f 302//302 4316//4316 301//301
f 4314//4314 5533//5533 342//342
f 4703//4703 4314//4314 341//341
f 5210//5210 5595//5595 5834//5834
f 5595//5595 4150//4150 5834//5834
f 4991//4991 5792//5792 4215//4215
f 5209//5209 5594//5594 5833//5833
f 5594//5594 4149//4149 5833//5833
f 5442//5442 5147//5147 5500//5500
f 341//341 4314//4314 342//342
f 5536//5536 4317//4317 342//342
f 4317//4317 4706//4706 341//341
f 4218//4218 5442//5442 5500//5500
f 4317//4317 341//341 342//342
f 5534//5534 4315//4315 301//301
f 4315//4315 4704//4704 302//302
f 4315//4315 302//302 301//301
f 6142//6142 4203//4203 4198//4198
f 6142//6142 5023//5023 4203//4203
f 4743//4743 5592//5592 298//298
f 5813//5813 5064//5064 4423//4423
f 5959//5959 5064//5064 5813//5813
f 4545//4545 5959//5959 5813//5813
f 5637//5637 5860//5860 4865//4865
f 5860//5860 3989//3989 4865//4865
f 299//299 4743//4743 298//298
f 5393//5393 5263//5263 4612//4612
f 5376//5376 4612//4612 5263//5263
f 5392//5392 5262//5262 4611//4611
f 4905//4905 4381//4381 4040//4040
f 5375//5375 4611//4611 5262//5262
f 4361//4361 4905//4905 4040//4040
f 6059//6059 5241//5241 5744//5744
f 4380//4380 4904//4904 4039//4039
f 5074//5074 4858//4858 5241//5241
f 4904//4904 4360//4360 4039//4039
f 4662//4662 5401//5401 4620//4620
f 4903//4903 4379//4379 4038//4038
f 4359//4359 4903//4903 4038//4038
f 4378//4378 4902//4902 4037//4037
f 4902//4902 4358//4358 4037//4037
f 4662//4662 5249//5249 5401//5401
f 5188//5188 4662//4662 4620//4620
f 4660//4660 5400//5400 4618//4618
f 4660//4660 5247//5247 5400//5400
f 5187//5187 4660//4660 4618//4618
f 5960//5960 5135//5135 4533//4533
f 4518//4518 5960//5960 4533//4533
f 5030//5030 5960//5960 4518//4518
f 5241//5241 6059//6059 5074//5074
f 4222//4222 5123//5123 5930//5930
f 4223//4223 5792//5792 5542//5542
f 5928//5928 4419//4419 5981//5981
f 4312//4312 4574//4574 5406//5406
f 5953//5953 6096//6096 4454//4454
f 5254//5254 5077//5077 5816//5816
f 4551//4551 5953//5953 4454//4454
f 4741//4741 5590//5590 345//345
f 344//344 4741//4741 345//345
f 5797//5797 5623//5623 4948//4948
f 5792//5792 4223//4223 4215//4215
f 5927//5927 5121//5121 4976//4976
f 4210//4210 5623//5623 5797//5797
f 5927//5927 4976//4976 5975//5975
f 5927//5927 4500//4500 4442//4442
f 5205//5205 5337//5337 4591//4591
f 5337//5337 4566//4566 4591//4591
f 5206//5206 5338//5338 4592//4592
f 5338//5338 4567//4567 4592//4592
f 5870//5870 4214//4214 5641//5641
f 5792//5792 5641//5641 4214//4214
f 5641//5641 5792//5792 4991//4991
f 4624//4624 5589//5589 6051//6051
f 4623//4623 5588//5588 6050//6050
f 5385//5385 5641//5641 4991//4991
f 4869//4869 350//350 351//351
f 4971//4971 5254//5254 5816//5816
f 293//293 4868//4868 292//292
f 4878//4878 5530//5530 5704//5704
f 4867//4867 293//293 292//292
f 5941//5941 4216//4216 5434//5434
f 350//350 4866//4866 351//351
f 5282//5282 4878//4878 5704//5704
f 4984//4984 4532//4532 4550//4550
f 5530//5530 4878//4878 5100//5100
f 5564//5564 5246//5246 4269//4269
f 5564//5564 4304//4304 5246//5246
f 5374//5374 4086//4086 5559//5559
f 5824//5824 5254//5254 4971//4971
f 6038//6038 5719//5719 5105//5105
f 5373//5373 4084//4084 5558//5558
f 5825//5825 4980//4980 4527//4527
f 5522//5522 5285//5285 5904//5904
f 5039//5039 5904//5904 5285//5285
f 4629//4629 5522//5522 5904//5904
f 5904//5904 4149//4149 4629//4629
f 5523//5523 5286//5286 5905//5905
f 5040//5040 5905//5905 5286//5286
f 4630//4630 5523//5523 5905//5905
f 5905//5905 4150//4150 4630//4630
f 4980//4980 5825//5825 4203//4203
f 4531//4531 4983//4983 4549//4549
f 5825//5825 4527//4527 4530//4530
f 5566//5566 5248//5248 4271//4271
f 6234//6234 4676//4676 4727//4727
f 4500//4500 5927//5927 5975//5975
f 5828//5828 5036//5036 4057//4057
f 5566//5566 4306//4306 5248//5248
f 6129//6129 5410//5410 5422//5422
f 4602//4602 4148//4148 5349//5349
f 4442//4442 5301//5301 5927//5927
f 261//261 6129//6129 5422//5422
f 4052//4052 4842//4842 5090//5090
f 4503//4503 5993//5993 4463//4463
f 4432//4432 5684//5684 5926//5926
f 4521//4521 4432//4432 5926//5926
f 5064//5064 5988//5988 4423//4423
f 4711//4711 5479//5479 5476//5476
f 5479//5479 4236//4236 5476//5476
f 4712//4712 5478//5478 5477//5477
f 5478//5478 4235//4235 5477//5477
f 5064//5064 5847//5847 5988//5988
f 4424//4424 5935//5935 5967//5967
f 4424//4424 5967//5967 5141//5141
f 5685//5685 4431//4431 5925//5925
f 4431//4431 4520//4520 5925//5925
f 4463//4463 5044//5044 4503//4503
f 5443//5443 5649//5649 5177//5177
f 4774//4774 4265//4265 4263//4263
f 4871//4871 4023//4023 4780//4780
f 4265//4265 4243//4243 4263//4263
f 4937//4937 5649//5649 5443//5443
f 4775//4775 4266//4266 4264//4264
f 4870//4870 4021//4021 4778//4778
f 4829//4829 4321//4321 4682//4682
f 4266//4266 4244//4244 4264//4264
f 5996//5996 5167//5167 4438//4438
f 4320//4320 4828//4828 4681//4681
f 5167//5167 5996//5996 4956//4956
f 5356//5356 4287//4287 309//309
f 4827//4827 4319//4319 4680//4680
f 5166//5166 5995//5995 4439//4439
f 4937//4937 5443//5443 5126//5126
f 4318//4318 4826//4826 4679//4679
f 310//310 5356//5356 309//309
f 4915//4915 5683//5683 6007//6007
f 4056//4056 6007//6007 4978//4978
f 4056//4056 4915//4915 6007//6007
f 5683//5683 4063//4063 6007//6007
f 5175//5175 5852//5852 5810//5810
f 5354//5354 4285//4285 334//334
f 333//333 5354//5354 334//334
f 4193//4193 5810//5810 5852//5852
f 4075//4075 5191//5191 5673//5673
f 5830//5830 5191//5191 4075//4075
f 4288//4288 5357//5357 334//334
f 5357//5357 333//333 334//334
f 5093//5093 4989//4989 4952//4952
f 5027//5027 6004//6004 5835//5835
f 4286//4286 5355//5355 309//309
f 4989//4989 4522//4522 4952//4952
f 5355//5355 310//310 309//309
f 4675//4675 4693//4693 5494//5494
f 5651//5651 4060//4060 5683//5683
f 4669//4669 4675//4675 5494//5494
f 5751//5751 5622//5622 5752//5752
f 5835//5835 6094//6094 5027//5027
f 5757//5757 5751//5751 5752//5752
f 5002//5002 5752//5752 5622//5622
f 4677//4677 4695//4695 5495//5495
f 5051//5051 4992//4992 5071//5071
f 4671//4671 4677//4677 5495//5495
f 4414//4414 5051//5051 5071//5071
f 4003//4003 5291//5291 4719//4719
f 5856//5856 5937//5937 5965//5965
f 4995//4995 5937//5937 5856//5856
f 4122//4122 4009//4009 4715//4715
f 4349//4349 4529//4529 5509//5509
f 4921//4921 5635//5635 5037//5037
f 5441//5441 5146//5146 5151//5151
f 5635//5635 4921//4921 5875//5875
f 4772//4772 5291//5291 4003//4003
f 5291//5291 4693//4693 4719//4719
f 5147//5147 5442//5442 5152//5152
f 5547//5547 4646//4646 5517//5517
f 5230//5230 4152//4152 5109//5109
f 4082//4082 4895//4895 5232//5232
f 4082//4082 6071//6071 4734//4734
f 4895//4895 4082//4082 4734//4734
f 4005//4005 5292//5292 4721//4721
f 4081//4081 4894//4894 5231//5231
f 4081//4081 6070//6070 4733//4733
f 4894//4894 4081//4081 4733//4733
f 4773//4773 5292//5292 4005//4005
f 5292//5292 4695//4695 4721//4721
f 5549//5549 4645//4645 5515//5515
f 5472//5472 4654//4654 4087//4087
f 5472//5472 4087//4087 5264//5264
f 4090//4090 4087//4087 4654//4654
f 5474//5474 4656//4656 4088//4088
f 5474//5474 4088//4088 5265//5265
f 4092//4092 4088//4088 4656//4656
f 5447//5447 323//323 324//324
f 6178//6178 5190//5190 4278//4278
f 5446//5446 320//320 319//319
f 4617//4617 5277//5277 5098//5098
f 6178//6178 4276//4276 5369//5369
f 4172//4172 5918//5918 4961//4961
f 4619//4619 5278//5278 5099//5099
f 5837//5837 5918//5918 4172//4172
f 4172//4172 5724//5724 5837//5837
f 5648//5648 5113//5113 4913//4913
f 4913//4913 6011//6011 5648//5648
f 6092//6092 5648//5648 6011//6011
f 6097//6097 5954//5954 4455//4455
f 4552//4552 5954//5954 5866//5866
f 5954//5954 4552//4552 4455//4455
f 4276//4276 6178//6178 4278//4278
f 6177//6177 5189//5189 4277//4277
f 6177//6177 4275//4275 5370//5370
f 4275//4275 6177//6177 4277//4277
f 5396//5396 5362//5362 5246//5246
f 5916//5916 4922//4922 4923//4923
f 4922//4922 4916//4916 4923//4923
f 5929//5929 5122//5122 4219//4219
f 5397//5397 5363//5363 5248//5248
f 4268//4268 5257//5257 4046//4046
f 5483//5483 4704//4704 4315//4315
f 3988//3988 5902//5902 5657//5657
f 5257//5257 4227//4227 4046//4046
f 5457//5457 5354//5354 333//333
f 5832//5832 4058//4058 5653//5653
f 332//332 5457//5457 333//333
f 4556//4556 5178//5178 4162//4162
f 5459//5459 5356//5356 310//310
f 311//311 5459//5459 310//310
f 5779//5779 5162//5162 5662//5662
f 4415//4415 5779//5779 5662//5662
f 5482//5482 4706//4706 4317//4317
f 4267//4267 5256//5256 4045//4045
f 5256//5256 4226//4226 4045//4045
f 5610//5610 5486//5486 4293//4293
f 4943//4943 4907//4907 5127//5127
f 5486//5486 4105//4105 4293//4293
f 5612//5612 5488//5488 4295//4295
f 318//318 4238//4238 317//317
f 6082//6082 4238//4238 318//318
f 4234//4234 5234//5234 5269//5269
f 4238//4238 4598//4598 317//317
f 325//325 4237//4237 326//326
f 6081//6081 4237//4237 325//325
f 4237//4237 4597//4597 326//326
f 4049//4049 6103//6103 4915//4915
f 6103//6103 5739//5739 4915//4915
f 4915//4915 5667//5667 4049//4049
f 5651//5651 4915//4915 5739//5739
f 5488//5488 4107//4107 4295//4295
f 4413//4413 4477//4477 4418//4418
f 6234//6234 4282//4282 4670//4670
f 4948//4948 5866//5866 4551//4551
f 4520//4520 4543//4543 6104//6104
f 5953//5953 4551//4551 5866//5866
f 4460//4460 4520//4520 6104//6104
f 5465//5465 4243//4243 5408//5408
f 4575//4575 5236//5236 5407//5407
f 4596//4596 4234//4234 5269//5269
f 4232//4232 5233//5233 5268//5268
f 4595//4595 4232//4232 5268//5268
f 5506//5506 5408//5408 4243//4243
f 4170//4170 5693//5693 4165//4165
f 5693//5693 4943//4943 4165//4165
f 5089//5089 5260//5260 5952//5952
f 4918//4918 5160//5160 5161//5161
f 5936//5936 4425//4425 5969//5969
f 4919//4919 4918//4918 5161//5161
f 5466//5466 4244//4244 5409//5409
f 5969//5969 4425//4425 5143//5143
f 4313//4313 4575//4575 5407//5407
f 5788//5788 4910//4910 5626//5626
f 5062//5062 5626//5626 4910//4910
f 5626//5626 6002//6002 5788//5788
f 4750//4750 5309//5309 4323//4323
f 5489//5489 5613//5613 4296//4296
f 3996//3996 4750//4750 4323//4323
f 5508//5508 5409//5409 4244//4244
f 4108//4108 5489//5489 4296//4296
f 4302//4302 4336//4336 5488//5488
f 5487//5487 5611//5611 4294//4294
f 4300//4300 4334//4334 5486//5486
f 4106//4106 5487//5487 4294//4294
f 4337//4337 4303//4303 5489//5489
f 5581//5581 4279//4279 5367//5367
f 4397//4397 4726//4726 4875//4875
f 59//59 4397//4397 4875//4875
f 4725//4725 4396//4396 4874//4874
f 4396//4396 77//77 4874//4874
f 4395//4395 4724//4724 4873//4873
f 277//277 4395//4395 4873//4873
f 4723//4723 4394//4394 4872//4872
f 4394//4394 259//259 4872//4872
f 4335//4335 4301//4301 5487//5487
f 5433//5433 4565//4565 5867//5867
f 4476//4476 5433//5433 5867//5867
f 4438//4438 4982//4982 4452//4452
f 4452//4452 4982//4982 5117//5117
f 4981//4981 4439//4439 4453//4453
f 4981//4981 4453//4453 5118//5118
f 5512//5512 5195//5195 5228//5228
f 5411//5411 6131//6131 5423//5423
f 4001//4001 5512//5512 5228//5228
f 5513//5513 5196//5196 5229//5229
f 4273//4273 4279//4279 5581//5581
f 5582//5582 4280//4280 5368//5368
f 4002//4002 5513//5513 5229//5229
f 6131//6131 275//275 5423//5423
f 4274//4274 4280//4280 5582//5582
f 5616//5616 4573//4573 4150//4150
f 5737//5737 4429//4429 4499//4499
f 4499//4499 4429//4429 4427//4427
f 5871//5871 4215//4215 5991//5991
f 5682//5682 5143//5143 5728//5728
f 5106//5106 5434//5434 5942//5942
f 4425//4425 5936//5936 5985//5985
f 5434//5434 4217//4217 5942//5942
f 4915//4915 5651//5651 5683//5683
f 4215//4215 5822//5822 4207//4207
f 4207//4207 5991//5991 4215//4215
f 5912//5912 4986//4986 4973//4973
f 4444//4444 4425//4425 5985//5985
f 4909//4909 5705//5705 5716//5716
f 5938//5938 5857//5857 5966//5966
f 5938//5938 4996//4996 5857//5857
f 5069//5069 5985//5985 5936//5936
f 5758//5758 5625//5625 5111//5111
f 5614//5614 4572//4572 4149//4149
f 4436//4436 6074//6074 4999//4999
f 4302//4302 4780//4780 4810//4810
f 4027//4027 4302//4302 4810//4810
f 4300//4300 4778//4778 4808//4808
f 4025//4025 4300//4300 4808//4808
f 4781//4781 4303//4303 4811//4811
f 5896//5896 4425//4425 4444//4444
f 5536//5536 4281//4281 4317//4317
f 4303//4303 4028//4028 4811//4811
f 4779//4779 4301//4301 4809//4809
f 4301//4301 4026//4026 4809//4809
f 4787//4787 4122//4122 4715//4715
f 4124//4124 4007//4007 4713//4713
f 5488//5488 4336//4336 4107//4107
f 4506//4506 5882//5882 4944//4944
f 4336//4336 4111//4111 4107//4107
f 3986//3986 4864//4864 5055//5055
f 3988//3988 3986//3986 5055//5055
f 5864//5864 4553//4553 4428//4428
f 5486//5486 4334//4334 4105//4105
f 4334//4334 4109//4109 4105//4105
f 4553//4553 4983//4983 4428//4428
f 5413//5413 6132//6132 5425//5425
f 5572//5572 4448//4448 5664//5664
f 4420//4420 5793//5793 5694//5694
f 5824//5824 4202//4202 5016//5016
f 5445//5445 5539//5539 5444//5444
f 5539//5539 5134//5134 5444//5444
f 4203//4203 5825//5825 5017//5017
f 6209//6209 5669//5669 6045//6045
f 5539//5539 5016//5016 5146//5146
f 5063//5063 4934//4934 4048//4048
f 4337//4337 5489//5489 4108//4108
f 4048//4048 4926//4926 5063//5063
f 4112//4112 4337//4337 4108//4108
f 4335//4335 5487//5487 4106//4106
f 4110//4110 4335//4335 4106//4106
f 4080//4080 5597//5597 5326//5326
f 4159//4159 5837//5837 5724//5724
f 6084//6084 4083//4083 4089//4089
f 4079//4079 5596//5596 5325//5325
f 5343//5343 6084//6084 4089//4089
f 4408//4408 6062//6062 5111//5111
f 6085//6085 4085//4085 4091//4091
f 4666//4666 5405//5405 5275//5275
f 5344//5344 6085//6085 4091//4091
f 5654//5654 4758//4758 5115//5115
f 4758//4758 4946//4946 5115//5115
f 6146//6146 5908//5908 6143//6143
f 6132//6132 61//61 5425//5425
f 269//269 6146//6146 6143//6143
f 4664//4664 5404//5404 5273//5273
f 4169//4169 5791//5791 4182//4182
f 5806//5806 4497//4497 5184//5184
f 5145//5145 4169//4169 4182//4182
f 5791//5791 4176//4176 4182//4182
f 5041//5041 5787//5787 4998//4998
f 5669//5669 6209//6209 6093//6093
f 4789//4789 4124//4124 4713//4713
f 4119//4119 4709//4709 4892//4892
f 5150//5150 4348//4348 5510//5510
f 4348//4348 4528//4528 5510//5510
f 6045//6045 69//69 6209//6209
f 4117//4117 4707//4707 4890//4890
f 4568//4568 4629//4629 5418//5418
f 5676//5676 4973//4973 5729//5729
f 4710//4710 4120//4120 4893//4893
f 5742//5742 5787//5787 5041//5041
f 5729//5729 4973//4973 4986//4986
f 4708//4708 4118//4118 4891//4891
f 5538//5538 4309//4309 6082//6082
f 4238//4238 6082//6082 4309//4309
f 4409//4409 6063//6063 5112//5112
f 6082//6082 5138//5138 5538//5538
f 5537//5537 4308//4308 6081//6081
f 4237//4237 6081//6081 4308//4308
f 6081//6081 5137//5137 5537//5537
f 5484//5484 4259//4259 5135//5135
f 5425//5425 60//60 4875//4875
f 4533//4533 5135//5135 4259//4259
f 5014//5014 5680//5680 6014//6014
f 76//76 5424//5424 4874//4874
f 4221//4221 4584//4584 5169//5169
f 4220//4220 4582//4582 5168//5168
f 4421//4421 5014//5014 6014//6014
f 5423//5423 276//276 4873//4873
f 5783//5783 4168//4168 4180//4180
f 4283//4283 5483//5483 4315//4315
f 4174//4174 5783//5783 4180//4180
f 5280//5280 4620//4620 5789//5789
f 260//260 5422//5422 4872//4872
f 5729//5729 4189//4189 5676//5676
f 5711//5711 5899//5899 4073//4073
f 5731//5731 5711//5711 4073//4073
f 4859//4859 5899//5899 5711//5711
f 5279//5279 4618//4618 5788//5788
f 4473//4473 5940//5940 5556//5556
f 6011//6011 4913//4913 6038//6038
f 5956//5956 6116//6116 5614//5614
f 6015//6015 5171//5171 5380//5380
f 5817//5817 4527//4527 5790//5790
f 5696//5696 5717//5717 4966//4966
f 4373//4373 4821//4821 349//349
f 4969//4969 5717//5717 5696//5696
f 4751//4751 4283//4283 4728//4728
f 5110//5110 5878//5878 6136//6136
f 5940//5940 4487//4487 5556//5556
f 4820//4820 4372//4372 294//294
f 4281//4281 5482//5482 4317//4317
f 4940//4940 5746//5746 5053//5053
f 5072//5072 5786//5786 4496//4496
f 5644//5644 5072//5072 4496//4496
f 4371//4371 4819//4819 294//294
f 4008//4008 4802//4802 4121//4121
f 5837//5837 5624//5624 5112//5112
f 5485//5485 4260//4260 5136//5136
f 4534//4534 5136//5136 4260//4260
f 4818//4818 4370//4370 349//349
f 5485//5485 5136//5136 4230//4230
f 6136//6136 5878//5878 5578//5578
f 5334//5334 6022//6022 4636//4636
f 4246//4246 5334//5334 4636//4636
f 5333//5333 6021//6021 4635//4635
f 4245//4245 5333//5333 4635//4635
f 5614//5614 6116//6116 4417//4417
f 4752//4752 4281//4281 4730//4730
f 4920//4920 4052//4052 5710//5710
f 4841//4841 5632//5632 5480//5480
f 3983//3983 4841//4841 5480//5480
f 5141//5141 5679//5679 5727//5727
f 4840//4840 5633//5633 5481//5481
f 5984//5984 5068//5068 5935//5935
f 3982//3982 4840//4840 5481//5481
f 4532//4532 4984//4984 5840//5840
f 5013//5013 5282//5282 5704//5704
f 5900//5900 5712//5712 4074//4074
f 5282//5282 5013//5013 5869//5869
f 5712//5712 5732//5732 4074//4074
f 5900//5900 4860//4860 5712//5712
f 4569//4569 4630//4630 5419//5419
f 5935//5935 5347//5347 5984//5984
f 4685//4685 4703//4703 340//340
f 5281//5281 5013//5013 5704//5704
f 5530//5530 5281//5281 5704//5704
f 5448//5448 4489//4489 5730//5730
f 5789//5789 4911//4911 5128//5128
f 5311//5311 4567//4567 5382//5382
f 4326//4326 4685//4685 340//340
f 4687//4687 4705//4705 303//303
f 5957//5957 4949//4949 4167//4167
f 5310//5310 4566//4566 5381//5381
f 4328//4328 4687//4687 303//303
f 6175//6175 6031//6031 5908//5908
f 4158//4158 5957//5957 4167//4167
f 4548//4548 5730//5730 4489//4489
f 270//270 6175//6175 5908//5908
f 6175//6175 270//270 271//271
f 5934//5934 5037//5037 5635//5635
f 4972//4972 5714//5714 5677//5677
f 5037//5037 5934//5934 5276//5276
f 5255//5255 4530//4530 5078//5078
f 5263//5263 4643//4643 5454//5454
f 4345//4345 4726//4726 4365//4365
f 4345//4345 4365//4365 4140//4140
f 4725//4725 4344//4344 4364//4364
f 4364//4364 4344//4344 4139//4139
f 4343//4343 4724//4724 4363//4363
f 4343//4343 4363//4363 4138//4138
f 4723//4723 4342//4342 4362//4362
f 4362//4362 4342//4342 4137//4137
f 5262//5262 4641//4641 5453//5453
f 4446//4446 5817//5817 5790//5790
f 6093//6093 5160//5160 5669//5669
f 4205//4205 4184//4184 5852//5852
f 4184//4184 4205//4205 4987//4987
f 6098//6098 5882//5882 5780//5780
f 5714//5714 4173//4173 5677//5677
f 5078//5078 4530//4530 5817//5817
f 4416//4416 6098//6098 5780//5780
f 4404//4404 6098//6098 4416//4416
f 4627//4627 5189//5189 5505//5505
f 5109//5109 4171//4171 4963//4963
f 4628//4628 5190//5190 5507//5507
f 5295//5295 4111//4111 4824//4824
f 5295//5295 5437//5437 4665//4665
f 5437//5437 5295//5295 4824//4824
f 4444//4444 5149//5149 5971//5971
f 5293//5293 4109//4109 4822//4822
f 4444//4444 5985//5985 5149//5149
f 5293//5293 5435//5435 4663//4663
f 5435//5435 5293//5293 4822//4822
f 5148//5148 4443//4443 5970//5970
f 4148//4148 4490//4490 5692//5692
f 5984//5984 4443//4443 5148//5148
f 4369//4369 4682//4682 4700//4700
f 5817//5817 4441//4441 5078//5078
f 4050//4050 4842//4842 5029//5029
f 5598//5598 4535//4535 5844//5844
f 4449//4449 5816//5816 5994//5994
f 4535//4535 4945//4945 5844//5844
f 5795//5795 4456//4456 5748//5748
f 5193//5193 5795//5795 5748//5748
f 5349//5349 4148//4148 5692//5692
f 5852//5852 4184//4184 4193//4193
f 5748//5748 4456//4456 4450//4450
f 4500//4500 5768//5768 4442//4442
f 5226//5226 6052//6052 5404//5404
f 5542//5542 6179//6179 4223//4223
f 6052//6052 5571//5571 5404//5404
f 5101//5101 5530//5530 5100//5100
f 4406//4406 5695//5695 5823//5823
f 4446//4446 5701//5701 4441//4441
f 6179//6179 5542//5542 5121//5121
f 4309//4309 5538//5538 4114//4114
f 5830//5830 5802//5802 5622//5622
f 5622//5622 5191//5191 5830//5830
f 4308//4308 5537//5537 4113//4113
f 4367//4367 4680//4680 4698//4698
f 5622//5622 5751//5751 5191//5191
f 5010//5010 5781//5781 5848//5848
f 6079//6079 5010//5010 5848//5848
f 4048//4048 4934//4934 5766//5766
f 4934//4934 4412//4412 5766//5766
f 4681//4681 4368//4368 4699//4699
f 5860//5860 4959//4959 5755//5755
f 3989//3989 5860//5860 5755//5755
f 5173//5173 5428//5428 5479//5479
f 5428//5428 4236//4236 5479//5479
f 5172//5172 5427//5427 5478//5478
f 5427//5427 4235//4235 5478//5478
f 4078//4078 5024//5024 6153//6153
f 4860//4860 5024//5024 4078//4078
f 5510//5510 5157//5157 5150//5150
f 5198//5198 5428//5428 5845//5845
f 5428//5428 4422//4422 5845//5845
f 5712//5712 4860//4860 4078//4078
f 4679//4679 4366//4366 4697//4697
f 4802//4802 4008//4008 4011//4011
f 5197//5197 5427//5427 5838//5838
f 5427//5427 4421//4421 5838//5838
f 4962//4962 5712//5712 4078//4078
f 4010//4010 4804//4804 4123//4123
f 5781//5781 4183//4183 4199//4199
f 4471//4471 5775//5775 4561//4561
f 5357//5357 5460//5460 333//333
f 5460//5460 332//332 333//333
f 5709//5709 5718//5718 5883//5883
f 5355//5355 5458//5458 310//310
f 5458//5458 311//311 310//310
f 5961//5961 6037//6037 5580//5580
f 5303//5303 6068//6068 4767//4767
f 5303//5303 4609//4609 6068//6068
f 5302//5302 6069//6069 4768//4768
f 5302//5302 4610//4610 6069//6069
f 5945//5945 5647//5647 5133//5133
f 6036//6036 5962//5962 5579//5579
f 5038//5038 5647//5647 5945//5945
f 5599//5599 4536//4536 5846//5846
f 4536//4536 4946//4946 5846//5846
f 5647//5647 4434//4434 5133//5133
f 4112//4112 5296//5296 4825//4825
f 5438//5438 5296//5296 4666//4666
f 5402//5402 4663//4663 5272//5272
f 5296//5296 5438//5438 4825//4825
f 4110//4110 5294//5294 4823//4823
f 5403//5403 4665//4665 5274//5274
f 4449//4449 5994//5994 4526//4526
f 5994//5994 4445//4445 4526//4526
f 4804//4804 4010//4010 4012//4012
f 5509//5509 5761//5761 5671//5671
f 5718//5718 4947//4947 5883//5883
f 5436//5436 5294//5294 4664//4664
f 5889//5889 5014//5014 5844//5844
f 5294//5294 5436//5436 4823//4823
f 5866//5866 5120//5120 5953//5953
f 5930//5930 4205//4205 5852//5852
f 5876//5876 5721//5721 5051//5051
f 5930//5930 5125//5125 4205//4205
f 5721//5721 4950//4950 5051//5051
f 4204//4204 6010//6010 5124//5124
f 5124//5124 5929//5929 4204//4204
f 5877//5877 5722//5722 5050//5050
f 5142//5142 5973//5973 4563//4563
f 5463//5463 6025//6025 5452//5452
f 4634//4634 5452//5452 6025//6025
f 5722//5722 4951//4951 5050//5050
f 5761//5761 5156//5156 5749//5749
f 5461//5461 6024//6024 5451//5451
f 4633//4633 5451//5451 6024//6024
f 4459//4459 5973//5973 5757//5757
f 5973//5973 4459//4459 4563//4563
f 5749//5749 5946//5946 5761//5761
f 6183//6183 6035//6035 5862//5862
f 4821//4821 348//348 349//349
f 295//295 4820//4820 294//294
f 4819//4819 295//295 294//294
f 348//348 4818//4818 349//349
f 4096//4096 5469//5469 4614//4614
f 65//65 6183//6183 5862//5862
f 5014//5014 4421//4421 5844//5844
f 5020//5020 5008//5008 5703//5703
f 5615//5615 5119//5119 5723//5723
f 5723//5723 5119//5119 4912//4912
f 5469//5469 5416//5416 4614//4614
f 6183//6183 65//65 64//64
f 4941//4941 5747//5747 5054//5054
f 5416//5416 5332//5332 4614//4614
f 4095//4095 5467//5467 4613//4613
f 5694//5694 5793//5793 4053//4053
f 4527//4527 5817//5817 4530//4530
f 4937//4937 5703//5703 5008//5008
f 5190//5190 4628//4628 4569//4569
f 4278//4278 5190//5190 4569//4569
f 5467//5467 5414//5414 4613//4613
f 5414//5414 5331//5331 4613//4613
f 5189//5189 4627//4627 4568//4568
f 4277//4277 5189//5189 4568//4568
f 5973//5973 5142//5142 4562//4562
f 4971//4971 4202//4202 5824//5824
f 5142//5142 6016//6016 5088//5088
f 5818//5818 5175//5175 5810//5810
f 5088//5088 4562//4562 5142//5142
f 5008//5008 5713//5713 4937//4937
f 5561//5561 4212//4212 4471//4471
f 4256//4256 5264//5264 5323//5323
f 5667//5667 4056//4056 5839//5839
f 4636//4636 5450//5450 4246//4246
f 4256//4256 5472//5472 5264//5264
f 5314//5314 3993//3993 5809//5809
f 4635//4635 5449//5449 4245//4245
f 4213//4213 5562//5562 4472//4472
f 4258//4258 5265//5265 5324//5324
f 4345//4345 4369//4369 4726//4726
f 4368//4368 4344//4344 4725//4725
f 4343//4343 4367//4367 4724//4724
f 4366//4366 4342//4342 4723//4723
f 4258//4258 5474//5474 5265//5265
f 3994//3994 5315//5315 5808//5808
f 5936//5936 6043//6043 5069//5069
f 6043//6043 5140//5140 5069//5069
f 4864//4864 3986//3986 5820//5820
f 5605//5605 5388//5388 5544//5544
f 6042//6042 5935//5935 5068//5068
f 5136//5136 5238//5238 4230//4230
f 4028//4028 4337//4337 4764//4764
f 4336//4336 4027//4027 4763//4763
f 4026//4026 4335//4335 4762//4762
f 4334//4334 4025//4025 4761//4761
f 5139//5139 6042//6042 5068//5068
f 5517//5517 338//338 339//339
f 5605//5605 5515//5515 4645//4645
f 5517//5517 5607//5607 338//338
f 4329//4329 5517//5517 339//339
f 4208//4208 5952//5952 5260//5260
f 5515//5515 305//305 304//304
f 5515//5515 5605//5605 305//305
f 5951//5951 4209//4209 5261//5261
f 4327//4327 5515//5515 304//304
f 4989//4989 5093//5093 4917//4917
f 5752//5752 4459//4459 5757//5757
f 5872//5872 4436//4436 5735//5735
f 4645//4645 5388//5388 5605//5605
f 305//305 5516//5516 304//304
f 5607//5607 5389//5389 5546//5546
f 5607//5607 5517//5517 4646//4646
f 5606//5606 5516//5516 305//305
f 5516//5516 4328//4328 304//304
f 4769//4769 4921//4921 4885//4885
f 4885//4885 4935//4935 4769//4769
f 4928//4928 4769//4769 4935//4935
f 4634//4634 4616//4616 5452//5452
f 4646//4646 5389//5389 5607//5607
f 4633//4633 4615//4615 5451//5451
f 5397//5397 4260//4260 5363//5363
f 5008//5008 5020//5020 5912//5912
f 338//338 5514//5514 339//339
f 5831//5831 4479//4479 5021//5021
f 5970//5970 5191//5191 5751//5751
f 4458//4458 5970//5970 5751//5751
f 5192//5192 5971//5971 5752//5752
f 5971//5971 4459//4459 5752//5752
f 5604//5604 5514//5514 338//338
f 5396//5396 4259//4259 5362//5362
f 5514//5514 4326//4326 339//339
f 4962//4962 4078//4078 5711//5711
f 4962//4962 5711//5711 5773//5773
f 5020//5020 4487//4487 5912//5912
f 5021//5021 4165//4165 5831//5831
f 3984//3984 5678//5678 4928//4928
f 4769//4769 4928//4928 5678//5678
f 6096//6096 5953//5953 5120//5120
f 5718//5718 5697//5697 4965//4965
f 5773//5773 6096//6096 5120//5120
f 5805//5805 4151//4151 4407//4407
f 5718//5718 4970//4970 5697//5697
f 4419//4419 5694//5694 4414//4414
f 5774//5774 4962//4962 5773//5773
f 4648//4648 4246//4246 5464//5464
f 5120//5120 5774//5774 5773//5773
f 5661//5661 4414//4414 5694//5694
f 5450//5450 5464//5464 4246//4246
f 6093//6093 5161//5161 5160//5160
f 5924//5924 4454//4454 4436//4436
f 4103//4103 4111//4111 5295//5295
f 4107//4107 4111//4111 4103//4103
f 4101//4101 4109//4109 5293//5293
f 4105//4105 4109//4109 4101//4101
f 4112//4112 4104//4104 5296//5296
f 4112//4112 4108//4108 4104//4104
f 4110//4110 4102//4102 5294//5294
f 4110//4110 4106//4106 4102//4102
f 4546//4546 4454//4454 5924//5924
f 4114//4114 5359//5359 4309//4309
f 4182//4182 4188//4188 5145//5145
f 5139//5139 5068//5068 5261//5261
f 4113//4113 5358//5358 4308//4308
f 4199//4199 5261//5261 4209//4209
f 4199//4199 5139//5139 5261//5261
f 6057//6057 5204//5204 6120//6120
f 4435//4435 5911//5911 5255//5255
f 4895//4895 4734//4734 5267//5267
f 4053//4053 5661//5661 5694//5694
f 4894//4894 4733//4733 5266//5266
f 5945//5945 5861//5861 5680//5680
f 5001//5001 6057//6057 6120//6120
f 3985//3985 5945//5945 5680//5680
f 5661//5661 4954//4954 5691//5691
f 4462//4462 5661//5661 5691//5691
f 5228//5228 4595//4595 4004//4004
f 5859//5859 5116//5116 4531//4531
f 4983//4983 4531//4531 5116//5116
f 4186//4186 5859//5859 4531//4531
f 4405//4405 5706//5706 4427//4427
f 5706//5706 4499//4499 4427//4427
f 5174//5174 5819//5819 5811//5811
f 6035//6035 5163//5163 5862//5862
f 5228//5228 4004//4004 4720//4720
f 4694//4694 5228//5228 4720//4720
f 5317//5317 4590//4590 4583//4583
f 4590//4590 5317//5317 5403//5403
f 5403//5403 5317//5317 4665//4665
f 4136//4136 4901//4901 4386//4386
f 4900//4900 4135//4135 4389//4389
f 4134//4134 4899//4899 4388//4388
f 4898//4898 4133//4133 4387//4387
f 4647//4647 4245//4245 5462//5462
f 4455//4455 5923//5923 4437//4437
f 4455//4455 4547//4547 5923//5923
f 4589//4589 5316//5316 5402//5402
f 5402//5402 5316//5316 4663//4663
f 4961//4961 5918//5918 6000//6000
f 5069//5069 5140//5140 5260//5260
f 5260//5260 4197//4197 4208//4208
f 5140//5140 4197//4197 5260//5260
f 5449//5449 5462//5462 4245//4245
f 5375//5375 4625//4625 4555//4555
f 5120//5120 5866//5866 5954//5954
f 4008//4008 4121//4121 4714//4714
f 5928//5928 5840//5840 4984//4984
f 4121//4121 4786//4786 4714//4714
f 4581//4581 5234//5234 4252//4252
f 5326//5326 4252//4252 5234//5234
f 6153//6153 5795//5795 5193//5193
f 4440//4440 5816//5816 5077//5077
f 5193//5193 4859//4859 6153//6153
f 4580//4580 5233//5233 4251//4251
f 5325//5325 4251//4251 5233//5233
f 6076//6076 5880//5880 5760//5760
f 4951//4951 5760//5760 5880//5880
f 5657//5657 4935//4935 3988//3988
f 5880//5880 6076//6076 4151//4151
f 4836//4836 4811//4811 4131//4131
f 4811//4811 4797//4797 4131//4131
f 4810//4810 4835//4835 4130//4130
f 4796//4796 4810//4810 4130//4130
f 4834//4834 4809//4809 4129//4129
f 4809//4809 4795//4795 4129//4129
f 4311//4311 4897//4897 4838//4838
f 4346//4346 4897//4897 4711//4711
f 4897//4897 4346//4346 4838//4838
f 4808//4808 4837//4837 4132//4132
f 4310//4310 4896//4896 4839//4839
f 4347//4347 4896//4896 4712//4712
f 4896//4896 4347//4347 4839//4839
f 4794//4794 4808//4808 4132//4132
f 6239//6239 73//73 5827//5827
f 5215//5215 4574//4574 4670//4670
f 4935//4935 3986//3986 3988//3988
f 5947//5947 6010//6010 5853//5853
f 5738//5738 5026//5026 4054//4054
f 5026//5026 4954//4954 4054//4054
f 4528//4528 5375//5375 4555//4555
f 4649//4649 5215//5215 4670//4670
f 4001//4001 4670//4670 4574//4574
f 5229//5229 4596//4596 4006//4006
f 5522//5522 4568//4568 4627//4627
f 5056//5056 5854//5854 5948//5948
f 5523//5523 4569//4569 4628//4628
f 6077//6077 5881//5881 5759//5759
f 4950//4950 5759//5759 5881//5881
f 73//73 6239//6239 74//74
f 4010//4010 4123//4123 4716//4716
f 5972//5972 5728//5728 4939//4939
f 5216//5216 4575//4575 4672//4672
f 4650//4650 5216//5216 4672//4672
f 4002//4002 4672//4672 4575//4575
f 4864//4864 3990//3990 5636//5636
f 5636//5636 3990//3990 5754//5754
f 5229//5229 4006//4006 4722//4722
f 5022//5022 6122//6122 4202//4202
f 5037//5037 5820//5820 4921//4921
f 5820//5820 4885//4885 4921//4921
f 5979//5979 4507//4507 5920//5920
f 5727//5727 5968//5968 4938//4938
f 4470//4470 5893//5893 5560//5560
f 5893//5893 4468//4468 5560//5560
f 4123//4123 4788//4788 4716//4716
f 5022//5022 4202//4202 4979//4979
f 5271//5271 5431//5431 4607//4607
f 5431//5431 5271//5271 4773//4773
f 4160//4160 5065//5065 5675//5675
f 5270//5270 5429//5429 4605//4605
f 5780//5780 4526//4526 4445//4445
f 5429//5429 5270//5270 4772//4772
f 5901//5901 5780//5780 4445//4445
f 5780//5780 4509//4509 4526//4526
f 5967//5967 4477//4477 4413//4413
f 4257//4257 5463//5463 4250//4250
f 4250//4250 5346//5346 4257//4257
f 4583//4583 4099//4099 5317//5317
f 6000//6000 4477//4477 4483//4483
f 5967//5967 4483//4483 4477//4477
f 4255//4255 5461//5461 4249//4249
f 4249//4249 5345//5345 4255//4255
f 5696//5696 4966//4966 5899//5899
f 5871//5871 5642//5642 4991//4991
f 5995//5995 5166//5166 5756//5756
f 4215//4215 5871//5871 4991//4991
f 4978//4978 5995//5995 5756//5756
f 5940//5940 5105//5105 5719//5719
f 4467//4467 5879//5879 5563//5563
f 5719//5719 4491//4491 4487//4487
f 4487//4487 5940//5940 5719//5719
f 5756//5756 4056//4056 4978//4978
f 5010//5010 6079//6079 4515//4515
f 5892//5892 5898//5898 5742//5742
f 5787//5787 5742//5742 5898//5898
f 5858//5858 5498//5498 4051//4051
f 5585//5585 5756//5756 5166//5166
f 5776//5776 4561//4561 4511//4511
f 5939//5939 4488//4488 5720//5720
f 4784//4784 6188//6188 5537//5537
f 6188//6188 4784//4784 5476//5476
f 5776//5776 4472//4472 4561//4561
f 6188//6188 4113//4113 5537//5537
f 4785//4785 6187//6187 5538//5538
f 4472//4472 4218//4218 4561//4561
f 5015//5015 5783//5783 4174//4174
f 5800//5800 4174//4174 5022//5022
f 4174//4174 5800//5800 5015//5015
f 4264//4264 4889//4889 4775//4775
f 5947//5947 5027//5027 5124//5124
f 4889//4889 4600//4600 4775//4775
f 5027//5027 5122//5122 5124//5124
f 4263//4263 4888//4888 4774//4774
f 6187//6187 4785//4785 5477//5477
f 4888//4888 4599//4599 4774//4774
f 5504//5504 4453//4453 4439//4439
f 5900//5900 5697//5697 5183//5183
f 4452//4452 5503//5503 4438//4438
f 4927//4927 6006//6006 5884//5884
f 5884//5884 4499//4499 4927//4927
f 6187//6187 4114//4114 5538//5538
f 5054//5054 5643//5643 4941//4941
f 5643//5643 5726//5726 4941//4941
f 6054//6054 4956//4956 5794//5794
f 4740//4740 4851//4851 5374//5374
f 4851//4851 4086//4086 5374//5374
f 4739//4739 4850//4850 5373//5373
f 4850//4850 4084//4084 5373//5373
f 5706//5706 4927//4927 4499//4499
f 63//63 6233//6233 6003//6003
f 4522//4522 5065//5065 5741//5741
f 4696//4696 5229//5229 4722//4722
f 5065//5065 5052//5052 5741//5741
f 5701//5701 4446//4446 5902//5902
f 4178//4178 5741//5741 5052//5052
f 5055//5055 5701//5701 3988//3988
f 5655//5655 5015//5015 5672//5672
f 3988//3988 5701//5701 5902//5902
f 4944//4944 5672//5672 4506//4506
f 4506//4506 5672//5672 5015//5015
f 6073//6073 5507//5507 4274//4274
f 6073//6073 4628//4628 5507//5507
f 5646//5646 5620//5620 5754//5754
f 6072//6072 5505//5505 4273//4273
f 6072//6072 4627//4627 5505//5505
f 5620//5620 3994//3994 5754//5754
f 5432//5432 5269//5269 4608//4608
f 4514//4514 5155//5155 4464//4464
f 5805//5805 4407//4407 5702//5702
f 5754//5754 3992//3992 5646//5646
f 5707//5707 4908//4908 5809//5809
f 5430//5430 5268//5268 4606//4606
f 4908//4908 5314//5314 5809//5809
f 5205//5205 5575//5575 3997//3997
f 4822//4822 4109//4109 4761//4761
f 5680//5680 5861//5861 4559//4559
f 4109//4109 4334//4334 4761//4761
f 6080//6080 5011//5011 4516//4516
f 5856//5856 4166//4166 5949//5949
f 4166//4166 5855//5855 5949//5949
f 5855//5855 4185//4185 5949//5949
f 4824//4824 4111//4111 4763//4763
f 5874//5874 4061//4061 5025//5025
f 4428//4428 5874//5874 5025//5025
f 5025//5025 5864//5864 4428//4428
f 5376//5376 4626//4626 4556//4556
f 4111//4111 4336//4336 4763//4763
f 4112//4112 4825//4825 4764//4764
f 4486//4486 5560//5560 4468//4468
f 4337//4337 4112//4112 4764//4764
f 4110//4110 4823//4823 4762//4762
f 4335//4335 4110//4110 4762//4762
f 6111//6111 5639//5639 5863//5863
f 5280//5280 6233//6233 62//62
f 6233//6233 5280//5280 6003//6003
f 5783//5783 5655//5655 4156//4156
f 5625//5625 4156//4156 5914//5914
f 4480//4480 4486//4486 4468//4468
f 5923//5923 4547//4547 4998//4998
f 4156//4156 4153//4153 5914//5914
f 4547//4547 5818//5818 4998//4998
f 5229//5229 4696//4696 4002//4002
f 4606//4606 5526//5526 4011//4011
f 4008//4008 4606//4606 4011//4011
f 5228//5228 4694//4694 4001//4001
f 4608//4608 5527//5527 4012//4012
f 4010//4010 4608//4608 4012//4012
f 5774//5774 5120//5120 5954//5954
f 6128//6128 5859//5859 4953//4953
f 4553//4553 5864//5864 4974//4974
f 5864//5864 4450//4450 4974//4974
f 6016//6016 5142//5142 5089//5089
f 4217//4217 6016//6016 5089//5089
f 5448//5448 5812//5812 5066//5066
f 5066//5066 5805//5805 5702//5702
f 5206//5206 5576//5576 3998//3998
f 5812//5812 4157//4157 5066//5066
f 4677//4677 4283//4283 4751//4751
f 5251//5251 4233//4233 5271//5271
f 4970//4970 5709//5709 5793//5793
f 5250//5250 4231//4231 5270//5270
f 3999//3999 5367//5367 4669//4669
f 4675//4675 4281//4281 4752//4752
f 4179//4179 5742//5742 5810//5810
f 5810//5810 5742//5742 5041//5041
f 5289//5289 5367//5367 3999//3999
f 6001//6001 5064//5064 5959//5959
f 4148//4148 6001//6001 5959//5959
f 5959//5959 4490//4490 4148//4148
f 5289//5289 5581//5581 5367//5367
f 5113//5113 5648//5648 6136//6136
f 4000//4000 5368//5368 4671//4671
f 5290//5290 5368//5368 4000//4000
f 5821//5821 4976//4976 5121//5121
f 5121//5121 5542//5542 5821//5821
f 4733//4733 4247//4247 5266//5266
f 5491//5491 4777//4777 4225//4225
f 5290//5290 5582//5582 5368//5368
f 5490//5490 4776//4776 4224//4224
f 5024//5024 4077//4077 6153//6153
f 4924//4924 5633//5633 4621//4621
f 5793//5793 4420//4420 6123//6123
f 4068//4068 5793//5793 6123//6123
f 5793//5793 4068//4068 4970//4970
f 4456//4456 4974//4974 4450//4450
f 6155//6155 5865//5865 5928//5928
f 4420//4420 5928//5928 6123//6123
f 5865//5865 6123//6123 5928//5928
f 4984//4984 6155//6155 5928//5928
f 5741//5741 4178//4178 5811//5811
f 5741//5741 5811//5811 5042//5042
f 4178//4178 4189//4189 5811//5811
f 4914//4914 3985//3985 5680//5680
f 5291//5291 4231//4231 5381//5381
f 4734//4734 4248//4248 5267//5267
f 5352//5352 5291//5291 5381//5381
f 5292//5292 4233//4233 5382//5382
f 4887//4887 4347//4347 4882//4882
f 4887//4887 4383//4383 4839//4839
f 4383//4383 4887//4887 4882//4882
f 4347//4347 4887//4887 4839//4839
f 4886//4886 4346//4346 4881//4881
f 4886//4886 4382//4382 4838//4838
f 4382//4382 4886//4886 4881//4881
f 4346//4346 4886//4886 4838//4838
f 5652//5652 4757//4757 5114//5114
f 5353//5353 5292//5292 5382//5382
f 4757//4757 4945//4945 5114//5114
f 4744//4744 4730//4730 344//344
f 4730//4730 343//343 344//344
f 5309//5309 4299//4299 4604//4604
f 4730//4730 5536//5536 343//343
f 4680//4680 4305//4305 4698//4698
f 5869//5869 5570//5570 5083//5083
f 4529//4529 5376//5376 4556//4556
f 4893//4893 5438//5438 5275//5275
f 5869//5869 5119//5119 5570//5570
f 5567//5567 4893//4893 5275//5275
f 4891//4891 5436//5436 5273//5273
f 5282//5282 5869//5869 5083//5083
f 5589//5589 4624//4624 5351//5351
f 4925//4925 5632//5632 4622//4622
f 5059//5059 5631//5631 5634//5634
f 5588//5588 4623//4623 5350//5350
f 6034//6034 5634//5634 5631//5631
f 5079//5079 5059//5059 5634//5634
f 5565//5565 4891//4891 5273//5273
f 4680//4680 4319//4319 4305//4305
f 4920//4920 5710//5710 4969//4969
f 4061//4061 4920//4920 4969//4969
f 4742//4742 4728//4728 299//299
f 4728//4728 300//300 299//299
f 4682//4682 4307//4307 4700//4700
f 4682//4682 4321//4321 4307//4307
f 4705//4705 4687//4687 4290//4290
f 4728//4728 5534//5534 300//300
f 5736//5736 6208//6208 5873//5873
f 5525//5525 5115//5115 4946//4946
f 4536//4536 5525//5525 4946//4946
f 5524//5524 5114//5114 4945//4945
f 4535//4535 5524//5524 4945//4945
f 4437//4437 6208//6208 4455//4455
f 6208//6208 4437//4437 5873//5873
f 4369//4369 4345//4345 4682//4682
f 4345//4345 4829//4829 4682//4682
f 4367//4367 4343//4343 4680//4680
f 4703//4703 4685//4685 4289//4289
f 4343//4343 4827//4827 4680//4680
f 4344//4344 4368//4368 4681//4681
f 4884//4884 4142//4142 4849//4849
f 4884//4884 4292//4292 4813//4813
f 4292//4292 4884//4884 4849//4849
f 4142//4142 4884//4884 4813//4813
f 4883//4883 4141//4141 4848//4848
f 4883//4883 4291//4291 4812//4812
f 4291//4291 4883//4883 4848//4848
f 4141//4141 4883//4883 4812//4812
f 4159//4159 5689//5689 5919//5919
f 4828//4828 4344//4344 4681//4681
f 5500//5500 5147//5147 5134//5134
f 4342//4342 4366//4366 4679//4679
f 5624//5624 4159//4159 5919//5919
f 4826//4826 4342//4342 4679//4679
f 4304//4304 4679//4679 4697//4697
f 5735//5735 6107//6107 4064//4064
f 4064//4064 5872//5872 5735//5735
f 6107//6107 4966//4966 4064//4064
f 5958//5958 4183//4183 5781//5781
f 6038//6038 5577//5577 5719//5719
f 6233//6233 63//63 62//62
f 5577//5577 4494//4494 5719//5719
f 4318//4318 4679//4679 4304//4304
f 5470//5470 5259//5259 5417//5417
f 5437//5437 4892//4892 5274//5274
f 5998//5998 5656//5656 5036//5036
f 4892//4892 5566//5566 5274//5274
f 5435//5435 4890//4890 5272//5272
f 5656//5656 4057//4057 5036//5036
f 4890//4890 5564//5564 5272//5272
f 4383//4383 6118//6118 5243//5243
f 6118//6118 4383//4383 4882//4882
f 322//322 6118//6118 4882//4882
f 4382//4382 6117//6117 5242//5242
f 6117//6117 4382//4382 4881//4881
f 321//321 6117//6117 4881//4881
f 4699//4699 5412//5412 4661//4661
f 4910//4910 5788//5788 4618//4618
f 4618//4618 5400//5400 4910//4910
f 5085//5085 4473//4473 5165//5165
f 5085//5085 5940//5940 4473//4473
f 5791//5791 5018//5018 4176//4176
f 4176//4176 5807//5807 5023//5023
f 4205//4205 5125//5125 5854//5854
f 4142//4142 4877//4877 4839//4839
f 4310//4310 4877//4877 4806//4806
f 4877//4877 4310//4310 4839//4839
f 4877//4877 4142//4142 4806//4806
f 4141//4141 4876//4876 4838//4838
f 4311//4311 4876//4876 4807//4807
f 4876//4876 4311//4311 4838//4838
f 4876//4876 4141//4141 4807//4807
f 5807//5807 4176//4176 5018//5018
f 4697//4697 5410//5410 4659//4659
f 5125//5125 5948//5948 5854//5854
f 6029//6029 4474//4474 5557//5557
f 4474//4474 6029//6029 5939//5939
f 4474//4474 5086//5086 5164//5164
f 5939//5939 5086//5086 4474//4474
f 4000//4000 5495//5495 5338//5338
f 5338//5338 3998//3998 4000//4000
f 3999//3999 5494//5494 5337//5337
f 5337//5337 3997//3997 3999//3999
f 5546//5546 5470//5470 336//336
f 4956//4956 4055//4055 5794//5794
f 5470//5470 4288//4288 335//335
f 5470//5470 335//335 336//336
f 5544//5544 5468//5468 307//307
f 5468//5468 4286//4286 308//308
f 4163//4163 4158//4158 4167//4167
f 5468//5468 308//308 307//307
f 5469//5469 5545//5545 307//307
f 5465//5465 4322//4322 5386//5386
f 5465//5465 4613//4613 4651//4651
f 5465//5465 4651//4651 4322//4322
f 5466//5466 4323//4323 5387//5387
f 5466//5466 4614//4614 4652//4652
f 5466//5466 4652//4652 4323//4323
f 4287//4287 5469//5469 308//308
f 308//308 5469//5469 307//307
f 4329//4329 339//339 340//340
f 5467//5467 5543//5543 336//336
f 4285//4285 5467//5467 335//335
f 335//335 5467//5467 336//336
f 4936//4936 3989//3989 5684//5684
f 304//304 4328//4328 303//303
f 5899//5899 4859//4859 5193//5193
f 5182//5182 5899//5899 5193//5193
f 4327//4327 304//304 303//303
f 5193//5193 5748//5748 5182//5182
f 4860//4860 5900//5900 5194//5194
f 5259//5259 4092//4092 5417//5417
f 339//339 4326//4326 340//340
f 4306//4306 4681//4681 4699//4699
f 4320//4320 4681//4681 4306//4306
f 5024//5024 5796//5796 4077//4077
f 4187//4187 4181//4181 6109//6109
f 4181//4181 4187//4187 5782//5782
f 5900//5900 5183//5183 5194//5194
f 67//67 6232//6232 5217//5217
f 4488//4488 4481//4481 5913//5913
f 4200//4200 4976//4976 5821//5821
f 5370//5370 5259//5259 5470//5470
f 5071//5071 4419//4419 4414//4414
f 4124//4124 4789//4789 4801//4801
f 5755//5755 4959//4959 3993//3993
f 4788//4788 4123//4123 4800//4800
f 4434//4434 4997//4997 5133//5133
f 4122//4122 4787//4787 4799//4799
f 4200//4200 5821//5821 4206//4206
f 4786//4786 4121//4121 4798//4798
f 5795//5795 4916//4916 4456//4456
f 5468//5468 5258//5258 5415//5415
f 4916//4916 4922//4922 4456//4456
f 4977//4977 4201//4201 5822//5822
f 6088//6088 5640//5640 5668//5668
f 5822//5822 4201//4201 4207//4207
f 4875//4875 60//60 59//59
f 5756//5756 5585//5585 5097//5097
f 76//76 4874//4874 77//77
f 5097//5097 5839//5839 5756//5756
f 4873//4873 276//276 277//277
f 4016//4016 5440//5440 4298//4298
f 260//260 4872//4872 259//259
f 6088//6088 5668//5668 5075//5075
f 5615//5615 5723//5723 4507//4507
f 4014//4014 5439//5439 4297//4297
f 5555//5555 4103//4103 4099//4099
f 5921//5921 5615//5615 4507//4507
f 4507//4507 5979//5979 5921//5921
f 4211//4211 5977//5977 5903//5903
f 4211//4211 4222//4222 5930//5930
f 5554//5554 4101//4101 4097//4097
f 4439//4439 6125//6125 5166//5166
f 6125//6125 4538//4538 5166//5166
f 6124//6124 4438//4438 5167//5167
f 4537//4537 6124//6124 5167//5167
f 4104//4104 5553//5553 4100//4100
f 5102//5102 5116//5116 5980//5980
f 5903//5903 4222//4222 4211//4211
f 5258//5258 4090//4090 5415//5415
f 5369//5369 5258//5258 5468//5468
f 4102//4102 5552//5552 4098//4098
f 5268//5268 5430//5430 4595//4595
f 5430//5430 4004//4004 4595//4595
f 6044//6044 6232//6232 66//66
f 5286//5286 5569//5569 5040//5040
f 5569//5569 4254//4254 5040//5040
f 5285//5285 5568//5568 5039//5039
f 5568//5568 4253//4253 5039//5039
f 4979//4979 4449//4449 4525//4525
f 4449//4449 4526//4526 4525//4525
f 5283//5283 4265//4265 4774//4774
f 5284//5284 4266//4266 4775//4775
f 4323//4323 5253//5253 3996//3996
f 5596//5596 4251//4251 5325//5325
f 4741//4741 4727//4727 4676//4676
f 4322//4322 5252//5252 3995//3995
f 5269//5269 5432//5432 4596//4596
f 5432//5432 4006//4006 4596//4596
f 4177//4177 6135//6135 5958//5958
f 5010//5010 4177//4177 5958//5958
f 5807//5807 5018//5018 4508//4508
f 4965//4965 4074//4074 4065//4065
f 4512//4512 5807//5807 4508//4508
f 6232//6232 6044//6044 5217//5217
f 6147//6147 5775//5775 4974//4974
f 4974//4974 5775//5775 5455//5455
f 4922//4922 6147//6147 4974//4974
f 5794//5794 4055//4055 5075//5075
f 4974//4974 4456//4456 4922//4922
f 5776//5776 6148//6148 4975//4975
f 5018//5018 5791//5791 4167//4167
f 5776//5776 4975//4975 5456//5456
f 6148//6148 4923//4923 4975//4975
f 4743//4743 4729//4729 4678//4678
f 4214//4214 5870//5870 5990//5990
f 5821//5821 4214//4214 4206//4206
f 5990//5990 4206//4206 4214//4214
f 5621//5621 3993//3993 4878//4878
f 5314//5314 4878//4878 3993//3993
f 4285//4285 5414//5414 5467//5467
f 4287//4287 5416//5416 5469//5469
f 5021//5021 4479//4479 5966//5966
f 5070//5070 4931//4931 5130//5130
f 4479//4479 4485//4485 5966//5966
f 4972//4972 4184//4184 4987//4987
f 4074//4074 5736//5736 4065//4065
f 4215//4215 4223//4223 5822//5822
f 5667//5667 4915//4915 4056//4056
f 6113//6113 4510//4510 4478//4478
f 4510//4510 6113//6113 5081//5081
f 4501//4501 5301//5301 4442//4442
f 4075//4075 5673//5673 4069//4069
f 4729//4729 4743//4743 299//299
f 5934//5934 5635//5635 4411//4411
f 300//300 4729//4729 299//299
f 4498//4498 5999//5999 4435//4435
f 4405//4405 5934//5934 4411//4411
f 5674//5674 4076//4076 4070//4070
f 4465//4465 5020//5020 5703//5703
f 4727//4727 5533//5533 4282//4282
f 5444//5444 4435//4435 5999//5999
f 5426//5426 4564//4564 5868//5868
f 4475//4475 5426//5426 5868//5868
f 5955//5955 4490//4490 5957//5957
f 4545//4545 5957//5957 4490//4490
f 5957//5957 4158//4158 5955//5955
f 4282//4282 5533//5533 4314//4314
f 5703//5703 4937//4937 5126//5126
f 4087//4087 4090//4090 4767//4767
f 4348//4348 5150//5150 5531//5531
f 4090//4090 5258//5258 4657//4657
f 5666//5666 5052//5052 4160//4160
f 5052//5052 5065//5065 4160//4160
f 4090//4090 4657//4657 4767//4767
f 5535//5535 4729//4729 300//300
f 4185//4185 5982//5982 5750//5750
f 4727//4727 4741//4741 344//344
f 6009//6009 4055//4055 4066//4066
f 6128//6128 4953//4953 5007//5007
f 4055//4055 4956//4956 4066//4066
f 4009//4009 6100//6100 4607//4607
f 4607//4607 5431//5431 4009//4009
f 5996//5996 4066//4066 4956//4956
f 4088//4088 4092//4092 4768//4768
f 5607//5607 5546//5546 337//337
f 4092//4092 5259//5259 4658//4658
f 5546//5546 336//336 337//337
f 5605//5605 5544//5544 306//306
f 4007//4007 6099//6099 4605//4605
f 4605//4605 5429//5429 4007//4007
f 5544//5544 307//307 306//306
f 343//343 4727//4727 344//344
f 5432//5432 4608//4608 4010//4010
f 5545//5545 5606//5606 306//306
f 5533//5533 4727//4727 343//343
f 5430//5430 4606//4606 4008//4008
f 307//307 5545//5545 306//306
f 5543//5543 5604//5604 337//337
f 336//336 5543//5543 337//337
f 4257//4257 5459//5459 312//312
f 5463//5463 4257//4257 313//313
f 313//313 4257//4257 312//312
f 4255//4255 5457//5457 331//331
f 5461//5461 4255//4255 330//330
f 5797//5797 4551//4551 4546//4546
f 330//330 4255//4255 331//331
f 5378//5378 4581//4581 4738//4738
f 5377//5377 4580//4580 4737//4737
f 5597//5597 4252//4252 5326//5326
f 4092//4092 4658//4658 4768//4768
f 5147//5147 6166//6166 5134//5134
f 6166//6166 5444//5444 5134//5134
f 5444//5444 6166//6166 5911//5911
f 5623//5623 5091//5091 4948//4948
f 3992//3992 5685//5685 5925//5925
f 5761//5761 5946//5946 5671//5671
f 6080//6080 5223//5223 5849//5849
f 5360//5360 5400//5400 5247//5247
f 6221//6221 4510//4510 5880//5880
f 4954//4954 5661//5661 4053//4053
f 5361//5361 5401//5401 5249//5249
f 5367//5367 4279//4279 5482//5482
f 6221//6221 5230//5230 5769//5769
f 5230//5230 6221//6221 5880//5880
f 4510//4510 6221//6221 5769//5769
f 4469//4469 6220//6220 5644//5644
f 5072//5072 6220//6220 5787//5787
f 4688//4688 4706//4706 5482//5482
f 6220//6220 5072//5072 5644//5644
f 6220//6220 4469//4469 5787//5787
f 68//68 6219//6219 6209//6209
f 4544//4544 5223//5223 6080//6080
f 5482//5482 4279//4279 4688//4688
f 6093//6093 6219//6219 5217//5217
f 5482//5482 4281//4281 5367//5367
f 4546//4546 5924//5924 4999//4999
f 5368//5368 4280//4280 5483//5483
f 5819//5819 4546//4546 4999//4999
f 4686//4686 4704//4704 5483//5483
f 4505//4505 6004//6004 4504//4504
f 6004//6004 4505//4505 5835//5835
f 5460//5460 4258//4258 331//331
f 5483//5483 4280//4280 4686//4686
f 6219//6219 6093//6093 6209//6209
f 6219//6219 68//68 5217//5217
f 5483//5483 4283//4283 5368//5368
f 4492//4492 5961//5961 5580//5580
f 4258//4258 330//330 331//331
f 5962//5962 4493//4493 5579//5579
f 4231//4231 5256//5256 5381//5381
f 5458//5458 4256//4256 312//312
f 4233//4233 5257//5257 5382//5382
f 4771//4771 4247//4247 5350//5350
f 4256//4256 313//313 312//312
f 4177//4177 5740//5740 4960//4960
f 5884//5884 4960//4960 5740//5740
f 4977//4977 5822//5822 6179//6179
f 5301//5301 6179//6179 5927//5927
f 6179//6179 5301//5301 4977//4977
f 6135//6135 4183//4183 5958//5958
f 5582//5582 6073//6073 4274//4274
f 5581//5581 6072//6072 4273//4273
f 4223//4223 6179//6179 5822//5822
f 4274//4274 5507//5507 5549//5549
f 5507//5507 4645//4645 5549//5549
f 4273//4273 5505//5505 5547//5547
f 5505//5505 4646//4646 5547//5547
f 6016//6016 4216//4216 5088//5088
f 5883//5883 4054//4054 5709//5709
f 6004//6004 5947//5947 5366//5366
f 5027//5027 5947//5947 6004//6004
f 5231//5231 6084//6084 5343//5343
f 4081//4081 5231//5231 5343//5343
f 5232//5232 6085//6085 5344//5344
f 4082//4082 5232//5232 5344//5344
f 5357//5357 5474//5474 5460//5460
f 4770//4770 4248//4248 5351//5351
f 4504//4504 6004//6004 5366//5366
f 5629//5629 6040//6040 5165//5165
f 5165//5165 5061//5061 5629//5629
f 5903//5903 5091//5091 5623//5623
f 4358//4358 4330//4330 4386//4386
f 6218//6218 5378//5378 4738//4738
f 4386//4386 4330//4330 4790//4790
f 4656//4656 5474//5474 5357//5357
f 5474//5474 4258//4258 5460//5460
f 5022//5022 4525//4525 5800//5800
f 5957//5957 4545//4545 4949//4949
f 5813//5813 4949//4949 4545//4545
f 4238//4238 5330//5330 4598//4598
f 4237//4237 5329//5329 4597//4597
f 5355//5355 5472//5472 5458//5458
f 5472//5472 4256//4256 5458//5458
f 4654//4654 5472//5472 5355//5355
f 4985//4985 5688//5688 5141//5141
f 5837//5837 5044//5044 5918//5918
f 4170//4170 5156//5156 4162//4162
f 4162//4162 5693//5693 4170//4170
f 4069//4069 5727//5727 4938//4938
f 4257//4257 5473//5473 5459//5459
f 4413//4413 4985//4985 5141//5141
f 4255//4255 5471//5471 5457//5457
f 4878//4878 5314//5314 5100//5100
f 6042//6042 5139//5139 4961//4961
f 4164//4164 4173//4173 5714//5714
f 5215//5215 4599//4599 5235//5235
f 5438//5438 4120//4120 4817//4817
f 5216//5216 4600//4600 5236//5236
f 4120//4120 5438//5438 4893//4893
f 4326//4326 5514//5514 5548//5548
f 4825//4825 5438//5438 4817//4817
f 4685//4685 4326//4326 5548//5548
f 5436//5436 4118//4118 4815//4815
f 4118//4118 5436//5436 4891//4891
f 5227//5227 5319//5319 4584//4584
f 5319//5319 5405//5405 4666//4666
f 5319//5319 5227//5227 5405//5405
f 5226//5226 5318//5318 4582//4582
f 5318//5318 5404//5404 4664//4664
f 5318//5318 5226//5226 5404//5404
f 4823//4823 5436//5436 4815//4815
f 5937//5937 4493//4493 5965//5965
f 4117//4117 5435//5435 4814//4814
f 5435//5435 4117//4117 4890//4890
f 5435//5435 4822//4822 4814//4814
f 4119//4119 5437//5437 4816//4816
f 5437//5437 4119//4119 4892//4892
f 5437//5437 4824//4824 4816//4816
f 5140//5140 6043//6043 5897//5897
f 4551//4551 5797//5797 4948//4948
f 4328//4328 5516//5516 5550//5550
f 4165//4165 5021//5021 5950//5950
f 4360//4360 4332//4332 4388//4388
f 4170//4170 4165//4165 5950//5950
f 4388//4388 4332//4332 4792//4792
f 4492//4492 5938//5938 5966//5966
f 5975//5975 4976//4976 5202//5202
f 4976//4976 4200//4200 5202//5202
f 4459//4459 5149//5149 4563//4563
f 5148//5148 4458//4458 4562//4562
f 4977//4977 5976//5976 5201//5201
f 4201//4201 4977//4977 5201//5201
f 5353//5353 5495//5495 4695//4695
f 5292//5292 5353//5353 4695//4695
f 5113//5113 4505//4505 4504//4504
f 5352//5352 5494//5494 4693//4693
f 5291//5291 5352//5352 4693//4693
f 5753//5753 5072//5072 5898//5898
f 4687//4687 4328//4328 5550//5550
f 6232//6232 67//67 66//66
f 5222//5222 6079//6079 5848//5848
f 5801//5801 4466//4466 5557//5557
f 4474//4474 5801//5801 5557//5557
f 5222//5222 4543//4543 6079//6079
f 5728//5728 4070//4070 4939//4939
f 4859//4859 4078//4078 6153//6153
f 4070//4070 5728//5728 5896//5896
f 4078//4078 4859//4859 5711//5711
f 4175//4175 5743//5743 4187//4187
f 5391//5391 5399//5399 4644//4644
f 5604//5604 5543//5543 5408//5408
f 5399//5399 4094//4094 4644//4644
f 5727//5727 4069//4069 5895//5895
f 5604//5604 5408//5408 5514//5514
f 4015//4015 6217//6217 4019//4019
f 5390//5390 5398//5398 4642//4642
f 5606//5606 5545//5545 5409//5409
f 5606//5606 5409//5409 5516//5516
f 5398//5398 4093//4093 4642//4642
f 4282//4282 4289//4289 4649//4649
f 4670//4670 4282//4282 4649//4649
f 6122//6122 4190//4190 4196//4196
f 4333//4333 4361//4361 4389//4389
f 5977//5977 4211//4211 5798//5798
f 4665//4665 5437//5437 5274//5274
f 4663//4663 5435//5435 5272//5272
f 4284//4284 4290//4290 4650//4650
f 4672//4672 4284//4284 4650//4650
f 4333//4333 4389//4389 4793//4793
f 5697//5697 4068//4068 5183//5183
f 5517//5517 4329//4329 5547//5547
f 4329//4329 4688//4688 5547//5547
f 5515//5515 4327//4327 5549//5549
f 4331//4331 4359//4359 4387//4387
f 4327//4327 4686//4686 5549//5549
f 6156//6156 4202//4202 6122//6122
f 4690//4690 6073//6073 5582//5582
f 6018//6018 5447//5447 324//324
f 4086//4086 4851//4851 4759//4759
f 4261//4261 4851//4851 4740//4740
f 5328//5328 6018//6018 4638//4638
f 5447//5447 6018//6018 4594//4594
f 4084//4084 4850//4850 4760//4760
f 4262//4262 4850//4850 4739//4739
f 5328//5328 4594//4594 6018//6018
f 6017//6017 5446//5446 319//319
f 5327//5327 6017//6017 4637//4637
f 5446//5446 6017//6017 4593//4593
f 5327//5327 4593//4593 6017//6017
f 5582//5582 5290//5290 4690//4690
f 4689//4689 6072//6072 5581//5581
f 5581//5581 5289//5289 4689//4689
f 5012//5012 4480//4480 5843//5843
f 6112//6112 5681//5681 5850//5850
f 5843//5843 4942//4942 5012//5012
f 4929//4929 6112//6112 5850//5850
f 4942//4942 4166//4166 5012//5012
f 4565//4565 5498//5498 5040//5040
f 5392//5392 4585//4585 4639//4639
f 4639//4639 4745//4745 5392//5392
f 4585//4585 5320//5320 4639//4639
f 5393//5393 4586//4586 4640//4640
f 4640//4640 4746//4746 5393//5393
f 4586//4586 5321//5321 4640//4640
f 5655//5655 5783//5783 5015//5015
f 5944//5944 5865//5865 4451//4451
f 4196//4196 6156//6156 6122//6122
f 4383//4383 4849//4849 4142//4142
f 4189//4189 4178//4178 5676//5676
f 4005//4005 4715//4715 5431//5431
f 4382//4382 4848//4848 4141//4141
f 4755//4755 4715//4715 4005//4005
f 5192//5192 4076//4076 5674//5674
f 4715//4715 4009//4009 5431//5431
f 6012//6012 5148//5148 4562//4562
f 4003//4003 4713//4713 5429//5429
f 5462//5462 5449//5449 314//314
f 4753//4753 4713//4713 4003//4003
f 5449//5449 4635//4635 315//315
f 5149//5149 6013//6013 4563//4563
f 4713//4713 4007//4007 5429//5429
f 5920//5920 4507//4507 5032//5032
f 5723//5723 5032//5032 4507//4507
f 4716//4716 4006//4006 5432//5432
f 4716//4716 4756//4756 4006//4006
f 4010//4010 4716//4716 5432//5432
f 4714//4714 4004//4004 5430//5430
f 4714//4714 4754//4754 4004//4004
f 4837//4837 352//352 353//353
f 6100//6100 6217//6217 4640//4640
f 4132//4132 4837//4837 353//353
f 6217//6217 6100//6100 4019//4019
f 291//291 4836//4836 290//290
f 6217//6217 4015//4015 4640//4640
f 4836//4836 4131//4131 290//290
f 4013//4013 6216//6216 4017//4017
f 6099//6099 6216//6216 4639//4639
f 6216//6216 6099//6099 4017//4017
f 4835//4835 291//291 290//290
f 6216//6216 4013//4013 4639//4639
f 4130//4130 4835//4835 290//290
f 6215//6215 4204//4204 5929//5929
f 352//352 4834//4834 353//353
f 4008//4008 4714//4714 5430//5430
f 4834//4834 4129//4129 353//353
f 5126//5126 5237//5237 5703//5703
f 5449//5449 315//315 314//314
f 5464//5464 5450//5450 329//329
f 5450//5450 4636//4636 328//328
f 5450//5450 328//328 329//329
f 4052//4052 6039//6039 5710//5710
f 4331//4331 4387//4387 4791//4791
f 5042//5042 6162//6162 4522//4522
f 4522//4522 5741//5741 5042//5042
f 6162//6162 4952//4952 4522//4522
f 309//309 4287//4287 308//308
f 334//334 4285//4285 335//335
f 5648//5648 6231//6231 6167//6167
f 5579//5579 4994//4994 6036//6036
f 5716//5716 5708//5708 4909//4909
f 5707//5707 5077//5077 5715//5715
f 4994//4994 5670//5670 6036//6036
f 5707//5707 5715//5715 4908//4908
f 4402//4402 4048//4048 5766//5766
f 5983//5983 5637//5637 3987//3987
f 4865//4865 3987//3987 5637//5637
f 5977//5977 5798//5798 5091//5091
f 5438//5438 4666//4666 5275//5275
f 5436//5436 4664//4664 5273//5273
f 4288//4288 334//334 335//335
f 4286//4286 309//309 308//308
f 4057//4057 6039//6039 5828//5828
f 4564//4564 5499//5499 5039//5039
f 5679//5679 5141//5141 5688//5688
f 4411//4411 6211//6211 4758//4758
f 5927//5927 6179//6179 5121//5121
f 5875//5875 6211//6211 5635//5635
f 4654//4654 5415//5415 4090//4090
f 6211//6211 5875//5875 4758//4758
f 5684//5684 3991//3991 5926//5926
f 4656//4656 5417//5417 4092//4092
f 6211//6211 4411//4411 5635//5635
f 6215//6215 5851//5851 5729//5729
f 4971//4971 4979//4979 4202//4202
f 4463//4463 5918//5918 5044//5044
f 6210//6210 5144//5144 5029//5029
f 6210//6210 5698//5698 5874//5874
f 4489//4489 5448//5448 5850//5850
f 5698//5698 6210//6210 5029//5029
f 5144//5144 6210//6210 5874//5874
f 3985//3985 4914//4914 5627//5627
f 5851//5851 6215//6215 5929//5929
f 4612//4612 4586//4586 5393//5393
f 4611//4611 4585//4585 5392//5392
f 4993//4993 5580//5580 6037//6037
f 5669//5669 4993//4993 6037//6037
f 5800//5800 4525//4525 4506//4506
f 4525//4525 4509//4509 4506//4506
f 4933//4933 4864//4864 5820//5820
f 5820//5820 5037//5037 4933//4933
f 6188//6188 5476//5476 4236//4236
f 4113//4113 6188//6188 4236//4236
f 4990//4990 5665//5665 3987//3987
f 5047//5047 5886//5886 5239//5239
f 5028//5028 5690//5690 6008//6008
f 6209//6209 69//69 68//68
f 4142//4142 4839//4839 4383//4383
f 4141//4141 4838//4838 4382//4382
f 6208//6208 5736//5736 6097//6097
f 4455//4455 6208//6208 6097//6097
f 5807//5807 4512//4512 4980//4980
f 4980//4980 5023//5023 5807//5807
f 6207//6207 5110//5110 6167//6167
f 4980//4980 4512//4512 4527//4527
f 6207//6207 5908//5908 6031//6031
f 5908//5908 6207//6207 6167//6167
f 5865//5865 5944//5944 6123//6123
f 5944//5944 5183//5183 4068//4068
f 5110//5110 6207//6207 6031//6031
f 5944//5944 4068//4068 6123//6123
f 4182//4182 4176//4176 6142//6142
f 4176//4176 5023//5023 6142//6142
f 5494//5494 3999//3999 4669//4669
f 5495//5495 4000//4000 4671//4671
f 4219//4219 5903//5903 5623//5623
f 4222//4222 5903//5903 4219//4219
f 6206//6206 5025//5025 4061//4061
f 6206//6206 5182//5182 5748//5748
f 5182//5182 6206//6206 4061//4061
f 4977//4977 5301//5301 5976//5976
f 5301//5301 4501//4501 5976//5976
f 5025//5025 6206//6206 5748//5748
f 4524//4524 6205//6205 5401//5401
f 5981//5981 4419//4419 5071//5071
f 5676//5676 4178//4178 5917//5917
f 4403//4403 4049//4049 5767//5767
f 4445//4445 5983//5983 5901//5901
f 5983//5983 3987//3987 5901//5901
f 4911//4911 6205//6205 4906//4906
f 6058//6058 5073//5073 5503//5503
f 5570//5570 6105//6105 4461//4461
f 5794//5794 5075//5075 5804//5804
f 4524//4524 5664//5664 5587//5587
f 4906//4906 4524//4524 5587//5587
f 6121//6121 5692//5692 5955//5955
f 4930//4930 6121//6121 5955//5955
f 4523//4523 5663//5663 5586//5586
f 6205//6205 4911//4911 5401//5401
f 4554//4554 4550//4550 5456//5456
f 4549//4549 4553//4553 5455//5455
f 4062//4062 6009//6009 5687//5687
f 6009//6009 4066//4066 5687//5687
f 5895//5895 4069//4069 5673//5673
f 4934//4934 4058//4058 5832//5832
f 4070//4070 5896//5896 5674//5674
f 6205//6205 4524//4524 4906//4906
f 5027//5027 6094//6094 5122//5122
f 5074//5074 6059//6059 5504//5504
f 5058//5058 5975//5975 5202//5202
f 5976//5976 5057//5057 5201//5201
f 4184//4184 4972//4972 5677//5677
f 5035//5035 6204//6204 6126//6126
f 5942//5942 6204//6204 5106//5106
f 6204//6204 5942//5942 6126//6126
f 6204//6204 5035//5035 5106//5106
f 5077//5077 5707//5707 4440//4440
f 6203//6203 4972//4972 4987//4987
f 5913//5913 6203//6203 4987//4987
f 4558//4558 5785//5785 5919//5919
f 4454//4454 6202//6202 4436//4436
f 5116//5116 5102//5102 4983//4983
f 5735//5735 6202//6202 6096//6096
f 4068//4068 5697//5697 4970//4970
f 5012//5012 4166//4166 5856//5856
f 4096//4096 5409//5409 5545//5545
f 5469//5469 4096//4096 5545//5545
f 6202//6202 5735//5735 4436//4436
f 4204//4204 6215//6215 5729//5729
f 4095//4095 5408//5408 5543//5543
f 6202//6202 4454//4454 6096//6096
f 5467//5467 4095//4095 5543//5543
f 5898//5898 5892//5892 5753//5753
f 4410//4410 6201//6201 4757//4757
f 5892//5892 4164//4164 5753//5753
f 4978//4978 4067//4067 5995//5995
f 6187//6187 5477//5477 4235//4235
f 5718//5718 4065//4065 4947//4947
f 4947//4947 4065//4065 5653//5653
f 4114//4114 6187//6187 4235//4235
f 6143//6143 6231//6231 6092//6092
f 6214//6214 5377//5377 4737//4737
f 6186//6186 4071//4071 5996//5996
f 6186//6186 5503//5503 5073//5073
f 5503//5503 6186//6186 5996//5996
f 5972//5972 4063//4063 4060//4060
f 5972//5972 4060//4060 5682//5682
f 4574//4574 5215//5215 5235//5235
f 4071//4071 6186//6186 5073//5073
f 4575//4575 5216//5216 5236//5236
f 5889//5889 6201//6201 5628//5628
f 5414//5414 4653//4653 4089//4089
f 4557//4557 5784//5784 5914//5914
f 5416//5416 4655//4655 4091//4091
f 5786//5786 4161//4161 5048//5048
f 4490//4490 5955//5955 5692//5692
f 5048//5048 4496//4496 5786//5786
f 6127//6127 4209//4209 5941//5941
f 285//285 4040//4040 284//284
f 4040//4040 285//285 4393//4393
f 6127//6127 5941//5941 5034//5034
f 6201//6201 5889//5889 4757//4757
f 4039//4039 285//285 284//284
f 285//285 4039//4039 4392//4392
f 6201//6201 4410//4410 5628//5628
f 5417//5417 4288//4288 5470//5470
f 358//358 4038//4038 359//359
f 4038//4038 358//358 4391//4391
f 6200//6200 5840//5840 4992//4992
f 4181//4181 6185//6185 4171//4171
f 4037//4037 358//358 359//359
f 358//358 4037//4037 4390//4390
f 5415//5415 4286//4286 5468//5468
f 4963//4963 6185//6185 5897//5897
f 5336//5336 5251//5251 5321//5321
f 6185//6185 4963//4963 4171//4171
f 4995//4995 4201//4201 5201//5201
f 5790//5790 5902//5902 4446//4446
f 4512//4512 5790//5790 4527//4527
f 6063//6063 5989//5989 5112//5112
f 4200//4200 4996//4996 5202//5202
f 5989//5989 6063//6063 5842//5842
f 4503//4503 5989//5989 5006//5006
f 4489//4489 5986//5986 4548//4548
f 5842//5842 5006//5006 5989//5989
f 4586//4586 5336//5336 5321//5321
f 5335//5335 5250//5250 5320//5320
f 4585//4585 5335//5335 5320//5320
f 5292//5292 4773//4773 4233//4233
f 4233//4233 4773//4773 5271//5271
f 4551//4551 4454//4454 4546//4546
f 5390//5390 6214//6214 4737//4737
f 4455//4455 4552//4552 4547//4547
f 5291//5291 4772//4772 4231//4231
f 4231//4231 4772//4772 5270//5270
f 6185//6185 4181//4181 5897//5897
f 5475//5475 4374//4374 4402//4402
f 5862//5862 6184//6184 65//65
f 5078//5078 4435//4435 5255//5255
f 6184//6184 66//66 65//65
f 6200//6200 5886//5886 4532//4532
f 5883//5883 5063//5063 4926//4926
f 5883//5883 4058//4058 5063//5063
f 4054//4054 5883//5883 4926//4926
f 5886//5886 6200//6200 4992//4992
f 5840//5840 6200//6200 4532//4532
f 6006//6006 4960//4960 5884//5884
f 4142//4142 4813//4813 4384//4384
f 4141//4141 4812//4812 4385//4385
f 4960//4960 6006//6006 5689//5689
f 4159//4159 4960//4960 5689//5689
f 4463//4463 4477//4477 6000//6000
f 6199//6199 3990//3990 4933//4933
f 6199//6199 5685//5685 3992//3992
f 5685//5685 6199//6199 4933//4933
f 3990//3990 6199//6199 3992//3992
f 6213//6213 4441//4441 5701//5701
f 6213//6213 5808//5808 5708//5708
f 6156//6156 5016//5016 4202//4202
f 4523//4523 6198//6198 5400//5400
f 5993//5993 4503//4503 5834//5834
f 5114//5114 4384//4384 5910//5910
f 4384//4384 4862//4862 5910//5910
f 3982//3982 5910//5910 4862//4862
f 5115//5115 4385//4385 5909//5909
f 4385//4385 4863//4863 5909//5909
f 3983//3983 5909//5909 4863//4863
f 4573//4573 5993//5993 5834//5834
f 5541//5541 4734//4734 5245//5245
f 5016//5016 6156//6156 5151//5151
f 6198//6198 4910//4910 5400//5400
f 5540//5540 4733//4733 5244//5244
f 6157//6157 5017//5017 5152//5152
f 5674//5674 4444//4444 5971//5971
f 5277//5277 6241//6241 5826//5826
f 4994//4994 5161//5161 5670//5670
f 5971//5971 5192//5192 5674//5674
f 5160//5160 4993//4993 5669//5669
f 4443//4443 5673//5673 5970//5970
f 5191//5191 5970//5970 5673//5673
f 6197//6197 4054//4054 4053//4053
f 6197//6197 5793//5793 5709//5709
f 5793//5793 6197//6197 4053//4053
f 5347//5347 4443//4443 5984//5984
f 4054//4054 6197//6197 5709//5709
f 6196//6196 4198//4198 5562//5562
f 6231//6231 6143//6143 6167//6167
f 5815//5815 6196//6196 5562//5562
f 4198//4198 6196//6196 4182//4182
f 6062//6062 5987//5987 5111//5111
f 5987//5987 6062//6062 5841//5841
f 4502//4502 5987//5987 5005//5005
f 5841//5841 5005//5005 5987//5987
f 4427//4427 4433//4433 5276//5276
f 4580//4580 5297//5297 5233//5233
f 5377//5377 5297//5297 4580//4580
f 5233//5233 5297//5297 5268//5268
f 4581//4581 5298//5298 5234//5234
f 5378//5378 5298//5298 4581//4581
f 6195//6195 4256//4256 5323//5323
f 5234//5234 5298//5298 5269//5269
f 5864//5864 5025//5025 4450//4450
f 4385//4385 4807//4807 4141//4141
f 4450//4450 5025//5025 5748//5748
f 6195//6195 5462//5462 313//313
f 4384//4384 4806//4806 4142//4142
f 4187//4187 5743//5743 5011//5011
f 4413//4413 4418//4418 4985//4985
f 4516//4516 5743//5743 5094//5094
f 4516//4516 5011//5011 5743//5743
f 6035//6035 6183//6183 6003//6003
f 4478//4478 5969//5969 5019//5019
f 5462//5462 6195//6195 5323//5323
f 4478//4478 5769//5769 4484//4484
f 4256//4256 6195//6195 313//313
f 4484//4484 5969//5969 4478//4478
f 6194//6194 4258//4258 5324//5324
f 6183//6183 64//64 6003//6003
f 4072//4072 6181//6181 5995//5995
f 4458//4458 5973//5973 4562//4562
f 5973//5973 4458//4458 5757//5757
f 6074//6074 4952//4952 4999//4999
f 5094//5094 4430//4430 4516//4516
f 5504//5504 6181//6181 5074//5074
f 4185//4185 4192//4192 5949//5949
f 4958//4958 5646//5646 3992//3992
f 6181//6181 5504//5504 5995//5995
f 5645//5645 4957//4957 3991//3991
f 6181//6181 4072//4072 5074//5074
f 5808//5808 6213//6213 5701//5701
f 4418//4418 5858//5858 4985//4985
f 6180//6180 5420//5420 4589//4589
f 5420//5420 6180//6180 5126//5126
f 4047//4047 5722//5722 5877//5877
f 4441//4441 6213//6213 5708//5708
f 5385//5385 6212//6212 5000//5000
f 6120//6120 6212//6212 5001//5001
f 6212//6212 6120//6120 5000//5000
f 6212//6212 5385//5385 5001//5001
f 4801//4801 347//347 348//348
f 296//296 4800//4800 295//295
f 4799//4799 296//296 295//295
f 347//347 4798//4798 348//348
f 5281//5281 5620//5620 5646//5646
f 5028//5028 6008//6008 4955//4955
f 4401//4401 4829//4829 4855//4855
f 6194//6194 5464//5464 330//330
f 5621//5621 5282//5282 5645//5645
f 4828//4828 4400//4400 4854//4854
f 5270//5270 5320//5320 5250//5250
f 5271//5271 5321//5321 5251//5251
f 4399//4399 4827//4827 4853//4853
f 4208//4208 6126//6126 5942//5942
f 5464//5464 6194//6194 5324//5324
f 4826//4826 4398//4398 4852//4852
f 5551//5551 5084//5084 5986//5986
f 4147//4147 5551//5551 5986//5986
f 5986//5986 4489//4489 4147//4147
f 5774//5774 5712//5712 4962//4962
f 4258//4258 6194//6194 330//330
f 4171//4171 6109//6109 4181//4181
f 5152//5152 5017//5017 5147//5147
f 6109//6109 4175//4175 4187//4187
f 6193//6193 4435//4435 5078//5078
f 5016//5016 5151//5151 5146//5146
f 5879//5879 5079//5079 5563//5563
f 6049//6049 5087//5087 5107//5107
f 5879//5879 5059//5059 5079//5079
f 5087//5087 6049//6049 5079//5079
f 5750//5750 5154//5154 4542//4542
f 5154//5154 4538//4538 4542//4542
f 6243//6243 5716//5716 5715//5715
f 5716//5716 6193//6193 5078//5078
f 4435//4435 6193//6193 4498//4498
f 6192//6192 4741//4741 4720//4720
f 6016//6016 4217//4217 4216//4216
f 4217//4217 5434//5434 4216//4216
f 5940//5940 5085//5085 5105//5105
f 6192//6192 4754//4754 5590//5590
f 4303//4303 4337//4337 4028//4028
f 6178//6178 5369//5369 4631//4631
f 4754//4754 6192//6192 4720//4720
f 4336//4336 4302//4302 4027//4027
f 5190//5190 6178//6178 4631//4631
f 6177//6177 5370//5370 4632//4632
f 4741//4741 6192//6192 5590//5590
f 4301//4301 4335//4335 4026//4026
f 5189//5189 6177//6177 4632//4632
f 4334//4334 4300//4300 4025//4025
f 5571//5571 6052//6052 6083//6083
f 5050//5050 6176//6176 4510//4510
f 5880//5880 6176//6176 4951//4951
f 4407//4407 6046//6046 5702//5702
f 6107//6107 5735//5735 4073//4073
f 6191//6191 4743//4743 4722//4722
f 6043//6043 5936//5936 4484//4484
f 4520//4520 4431//4431 4429//4429
f 6021//6021 6019//6019 317//317
f 4432//4432 4521//4521 4430//4430
f 6019//6019 6021//6021 4637//4637
f 5333//5333 4637//4637 6021//6021
f 6191//6191 4756//4756 5592//5592
f 5895//5895 5347//5347 4424//4424
f 4638//4638 6018//6018 6020//6020
f 6020//6020 6018//6018 325//325
f 6022//6022 6020//6020 326//326
f 4637//4637 6017//6017 6019//6019
f 6019//6019 6017//6017 318//318
f 6020//6020 6022//6022 4638//4638
f 5334//5334 4638//4638 6022//6022
f 4979//4979 4971//4971 4449//4449
f 4756//4756 6191//6191 4722//4722
f 5607//5607 337//337 338//338
f 5605//5605 306//306 305//305
f 4604//4604 5387//5387 5309//5309
f 306//306 5606//5606 305//305
f 5387//5387 4323//4323 5309//5309
f 337//337 5604//5604 338//338
f 4603//4603 5386//5386 5308//5308
f 6122//6122 4180//4180 4190//4190
f 5386//5386 4322//4322 5308//5308
f 6176//6176 5880//5880 4510//4510
f 6176//6176 5050//5050 4951//4951
f 4743//4743 6191//6191 5592//5592
f 4742//4742 6190//6190 4721//4721
f 4180//4180 4186//4186 4190//4190
f 4755//4755 6190//6190 5591//5591
f 6190//6190 4755//4755 4721//4721
f 6031//6031 6175//6175 6041//6041
f 6175//6175 271//271 6041//6041
f 6174//6174 4672//4672 4002//4002
f 5872//5872 6074//6074 4436//4436
f 6174//6174 4696//4696 4678//4678
f 4696//4696 6174//6174 4002//4002
f 4672//4672 6174//6174 4678//4678
f 6173//6173 4670//4670 4001//4001
f 6173//6173 4694//4694 4676//4676
f 4694//4694 6173//6173 4001//4001
f 4670//4670 6173//6173 4676//4676
f 5096//5096 6172//6172 4469//4469
f 5787//5787 6172//6172 6091//6091
f 5060//5060 4470//4470 5163//5163
f 6172//6172 5787//5787 4469//4469
f 6172//6172 5096//5096 6091//6091
f 5407//5407 6171//6171 5028//5028
f 5690//5690 6171//6171 4242//4242
f 6190//6190 4742//4742 5591//5591
f 6171//6171 5690//5690 5028//5028
f 4265//4265 5506//5506 4243//4243
f 5153//5153 5749//5749 4541//4541
f 4537//4537 5153//5153 4541//4541
f 6047//6047 4406//4406 4228//4228
f 6171//6171 5407//5407 4242//4242
f 5278//5278 4619//4619 5186//5186
f 4266//4266 5508//5508 4244//4244
f 4744//4744 6189//6189 4719//4719
f 4753//4753 6189//6189 5593//5593
f 5277//5277 4617//4617 5185//5185
f 6189//6189 4753//4753 4719//4719
f 6189//6189 4744//4744 5593//5593
f 5846//5846 4422//4422 5599//5599
f 5426//5426 4050//4050 4564//4564
f 5303//5303 4324//4324 4609//4609
f 4324//4324 5303//5303 4777//4777
f 4557//4557 5492//5492 4924//4924
f 5302//5302 4325//4325 4610//4610
f 4325//4325 5302//5302 4776//4776
f 5095//5095 6133//6133 4482//4482
f 6133//6133 5095//5095 4464//4464
f 5040//5040 5867//5867 4565//4565
f 5039//5039 5868//5868 4564//4564
f 5406//5406 6170//6170 5026//5026
f 5691//5691 6170//6170 4241//4241
f 6170//6170 5691//5691 5026//5026
f 6231//6231 5648//5648 6092//6092
f 4165//4165 4943//4943 5831//5831
f 5091//5091 6169//6169 4948//4948
f 5799//5799 4473//4473 5556//5556
f 4963//4963 6043//6043 5769//5769
f 4484//4484 5769//5769 6043//6043
f 4402//4402 5746//5746 5475//5475
f 5113//5113 4504//4504 4913//4913
f 5866//5866 6169//6169 4552//4552
f 6169//6169 5866//5866 4948//4948
f 6169//6169 5091//5091 4552//4552
f 6168//6168 5007//5007 4953//4953
f 5072//5072 5787//5787 5898//5898
f 4161//4161 4164//4164 4154//4154
f 6168//6168 5758//5758 5987//5987
f 4421//4421 5427//5427 5172//5172
f 6159//6159 5723//5723 4912//4912
f 5758//5758 6168//6168 4953//4953
f 4959//4959 5809//5809 3993//3993
f 4996//4996 4200//4200 5618//5618
f 5007//5007 6168//6168 5987//5987
f 4598//4598 4634//4634 316//316
f 4098//4098 4582//4582 5318//5318
f 317//317 4598//4598 316//316
f 6032//6032 5206//5206 4592//4592
f 6033//6033 5205//5205 4591//4591
f 5618//5618 4194//4194 4191//4191
f 4201//4201 4995//4995 5617//5617
f 5855//5855 4166//4166 5650//5650
f 4166//4166 4942//4942 5650//5650
f 4597//4597 4633//4633 327//327
f 326//326 4597//4597 327//327
f 4195//4195 5617//5617 4192//4192
f 4746//4746 5342//5342 5393//5393
f 5718//5718 5709//5709 4970//4970
f 4020//4020 4804//4804 4012//4012
f 4020//4020 4012//4012 4016//4016
f 4100//4100 4584//4584 5319//5319
f 4235//4235 5427//5427 5197//5197
f 5043//5043 5875//5875 4921//4921
f 5030//5030 5629//5629 5061//5061
f 4018//4018 4802//4802 4011//4011
f 4018//4018 4011//4011 4014//4014
f 4422//4422 5428//5428 5173//5173
f 4236//4236 5428//5428 5198//5198
f 4462//4462 5876//5876 4414//4414
f 4745//4745 5341//5341 5392//5392
f 5876//5876 5051//5051 4414//4414
f 329//329 5461//5461 330//330
f 314//314 5463//5463 313//313
f 4959//4959 5700//5700 5809//5809
f 5464//5464 329//329 330//330
f 6136//6136 6167//6167 5110//5110
f 5462//5462 314//314 313//313
f 6166//6166 5147//5147 5017//5017
f 5911//5911 6166//6166 5017//5017
f 4927//4927 5706//5706 5067//5067
f 4437//4437 5923//5923 4998//4998
f 5924//5924 4436//4436 4999//4999
f 6047//6047 5299//5299 5695//5695
f 5877//5877 5050//5050 4415//4415
f 5614//5614 4149//4149 5904//5904
f 5433//5433 4051//4051 4565//4565
f 5855//5855 5650//5650 4155//4155
f 5314//5314 4908//4908 5100//5100
f 5845//5845 4968//4968 5198//5198
f 5372//5372 5324//5324 5265//5265
f 4293//4293 4641//4641 5341//5341
f 6165//6165 4271//4271 5485//5485
f 6165//6165 5403//5403 5274//5274
f 4464//4464 6106//6106 4514//4514
f 4514//4514 6106//6106 5528//5528
f 5992//5992 4502//4502 5833//5833
f 4572//4572 5992//5992 5833//5833
f 5403//5403 6165//6165 5485//5485
f 4271//4271 6165//6165 5274//5274
f 6164//6164 4269//4269 5484//5484
f 6164//6164 5402//5402 5272//5272
f 4785//4785 4351//4351 4736//4736
f 4517//4517 5730//5730 4548//4548
f 4784//4784 4350//4350 4735//4735
f 5402//5402 6164//6164 5484//5484
f 4269//4269 6164//6164 5272//5272
f 4509//4509 4525//4525 4526//4526
f 4942//4942 5772//5772 5650//5650
f 5299//5299 6047//6047 4228//4228
f 5511//5511 5132//5132 4967//4967
f 6163//6163 4556//4556 5761//5761
f 4406//4406 6047//6047 5695//5695
f 3984//3984 5988//5988 5847//5847
f 4295//4295 4643//4643 5342//5342
f 5694//5694 4419//4419 4420//4420
f 4410//4410 5885//5885 4404//4404
f 6010//6010 4204//4204 5853//5853
f 4559//4559 5511//5511 4967//4967
f 5529//5529 5158//5158 4267//4267
f 5529//5529 5045//5045 5158//5158
f 4045//4045 5529//5529 4267//4267
f 4783//4783 4339//4339 4624//4624
f 5528//5528 5159//5159 4268//4268
f 5528//5528 5046//5046 5159//5159
f 4782//4782 4338//4338 4623//4623
f 4046//4046 5528//5528 4268//4268
f 6163//6163 5509//5509 4529//4529
f 5509//5509 6163//6163 5761//5761
f 6134//6134 5699//5699 5529//5529
f 4917//4917 6134//6134 4513//4513
f 4513//4513 6134//6134 5529//5529
f 4931//4931 6098//6098 5885//5885
f 6098//6098 4404//4404 5885//5885
f 4538//4538 6125//6125 4981//4981
f 4542//4542 4538//4538 5103//5103
f 5103//5103 4538//4538 4981//4981
f 6124//6124 4537//4537 4982//4982
f 4537//4537 4541//4541 5104//5104
f 4537//4537 5104//5104 4982//4982
f 324//324 6081//6081 325//325
f 5084//5084 5511//5511 5771//5771
f 319//319 6082//6082 318//318
f 5371//5371 5323//5323 5264//5264
f 4914//4914 5680//5680 5014//5014
f 5056//5056 4495//4495 5765//5765
f 6042//6042 4961//4961 6000//6000
f 4556//4556 6163//6163 4529//4529
f 5932//5932 4541//4541 5749//5749
f 5854//5854 5056//5056 5765//5765
f 4642//4642 4294//4294 5339//5339
f 4644//4644 4296//4296 5340//5340
f 5969//5969 5143//5143 5019//5019
f 4952//4952 6162//6162 4999//4999
f 6162//6162 5042//5042 4999//4999
f 6161//6161 5287//5287 4220//4220
f 5003//5003 6161//6161 4220//4220
f 4909//4909 5315//5315 5101//5101
f 5014//5014 5889//5889 4914//4914
f 4616//4616 4634//4634 5330//5330
f 4634//4634 4598//4598 5330//5330
f 4615//4615 4633//4633 5329//5329
f 4633//4633 4597//4597 5329//5329
f 5315//5315 5619//5619 5101//5101
f 4173//4173 5892//5892 4179//4179
f 5060//5060 5893//5893 4470//4470
f 5935//5935 6042//6042 4483//4483
f 5765//5765 4987//4987 5854//5854
f 4986//4986 5764//5764 5853//5853
f 4100//4100 5553//5553 4094//4094
f 5553//5553 4644//4644 4094//4094
f 4098//4098 5552//5552 4093//4093
f 5552//5552 4642//4642 4093//4093
f 6024//6024 5461//5461 329//329
f 5844//5844 4421//4421 5598//5598
f 4411//4411 5906//5906 4405//4405
f 5115//5115 5909//5909 5654//5654
f 4267//4267 5158//5158 5310//5310
f 5114//5114 5910//5910 5652//5652
f 4268//4268 5159//5159 5311//5311
f 5484//5484 4589//4589 5402//5402
f 6025//6025 5463//5463 314//314
f 5485//5485 4590//4590 5403//5403
f 5837//5837 4159//4159 5624//5624
f 5031//5031 5879//5879 5963//5963
f 5026//5026 5691//5691 4954//4954
f 5838//5838 4967//4967 5197//5197
f 6000//6000 4483//4483 6042//6042
f 346//346 4786//4786 347//347
f 4786//4786 4798//4798 347//347
f 4787//4787 297//297 296//296
f 4799//4799 4787//4787 296//296
f 5109//5109 6160//6160 5230//5230
f 5769//5769 6160//6160 4963//4963
f 6160//6160 5769//5769 5230//5230
f 6160//6160 5109//5109 4963//4963
f 5834//5834 5006//5006 5210//5210
f 4426//4426 5790//5790 5894//5894
f 5790//5790 4512//4512 5894//5894
f 5879//5879 4467//4467 5963//5963
f 5666//5666 4555//4555 5177//5177
f 4402//4402 5734//5734 4048//4048
f 5914//5914 5111//5111 5625//5625
f 4923//4923 4916//4916 5630//5630
f 4552//4552 6158//6158 4547//4547
f 5798//5798 6158//6158 5091//5091
f 5447//5447 4594//4594 5243//5243
f 323//323 5447//5447 5243//5243
f 5446//5446 4593//4593 5242//5242
f 320//320 5446//5446 5242//5242
f 6158//6158 5798//5798 4547//4547
f 6158//6158 4552//4552 5091//5091
f 6157//6157 4203//4203 5017//5017
f 4203//4203 6157//6157 4198//4198
f 5988//5988 3984//3984 5660//5660
f 4928//4928 5660//5660 3984//3984
f 5064//5064 6001//6001 5129//5129
f 6155//6155 4984//4984 4554//4554
f 4174//4174 4180//4180 6122//6122
f 5022//5022 4174//4174 6122//6122
f 5865//5865 6155//6155 4554//4554
f 5919//5919 5112//5112 5624//5624
f 5928//5928 4420//4420 4419//4419
f 5932//5932 4191//4191 4194//4194
f 4192//4192 5933//5933 4195//4195
f 5671//5671 6133//6133 5155//5155
f 6133//6133 4464//4464 5155//5155
f 4960//4960 4159//4159 5724//5724
f 4638//4638 5609//5609 5328//5328
f 5315//5315 6154//6154 5808//5808
f 4403//4403 5733//5733 4049//4049
f 4637//4637 5608//5608 5327//5327
f 4771//4771 4338//4338 4602//4602
f 5708//5708 6154//6154 4909//4909
f 6154//6154 5708//5708 5808//5808
f 4770//4770 4339//4339 4601//4601
f 6154//6154 5315//5315 4909//4909
f 4916//4916 4077//4077 5630//5630
f 5061//5061 5799//5799 5030//5030
f 5960//5960 5030//5030 5799//5799
f 6152//6152 4430//4430 4997//4997
f 6152//6152 4434//4434 4432//4432
f 4434//4434 6152//6152 4997//4997
f 4430//4430 6152//6152 4432//4432
f 4927//4927 5689//5689 6006//6006
f 4811//4811 4028//4028 4797//4797
f 4027//4027 4810//4810 4796//4796
f 4809//4809 4026//4026 4795//4795
f 6151//6151 266//266 5907//5907
f 4065//4065 6230//6230 5653//5653
f 4025//4025 4808//4808 4794//4794
f 5873//5873 6230//6230 5736//5736
f 4351//4351 5395//5395 6114//6114
f 6030//6030 6151//6151 5907//5907
f 4571//4571 4375//4375 5181//5181
f 4570//4570 4374//4374 5180//5180
f 4944//4944 5943//5943 5672//5672
f 5943//5943 4153//4153 5672//5672
f 4729//4729 5535//5535 4284//4284
f 6230//6230 5873//5873 5653//5653
f 266//266 6151//6151 265//265
f 5885//5885 4539//4539 4931//4931
f 4620//4620 5280//5280 5188//5188
f 297//297 4788//4788 296//296
f 4788//4788 4800//4800 296//296
f 5363//5363 4271//4271 5248//5248
f 5362//5362 4269//4269 5246//5246
f 5072//5072 5753//5753 5786//5786
f 4618//4618 5279//5279 5187//5187
f 5786//5786 5753//5753 4161//4161
f 5833//5833 5005//5005 5209//5209
f 5070//5070 5943//5943 4944//4944
f 6150//6150 4955//4955 5651//5651
f 6150//6150 5739//5739 5028//5028
f 5174//5174 5851//5851 4210//4210
f 5929//5929 4210//4210 5851//5851
f 5739//5739 6150//6150 5651//5651
f 5852//5852 5175//5175 4211//4211
f 4211//4211 5930//5930 5852//5852
f 4955//4955 6150//6150 5028//5028
f 5081//5081 5779//5779 4415//4415
f 5699//5699 6134//6134 5836//5836
f 6128//6128 5980//5980 5116//5116
f 6134//6134 4917//4917 5836//5836
f 4283//4283 4677//4677 4671//4671
f 5380//5380 5004//5004 6015//6015
f 4221//4221 6015//6015 5004//5004
f 4151//4151 5805//5805 4152//4152
f 5329//5329 4237//4237 5213//5213
f 5116//5116 5859//5859 6128//6128
f 6132//6132 62//62 61//61
f 6131//6131 274//274 275//275
f 4281//4281 4675//4675 4669//4669
f 74//74 6130//6130 75//75
f 262//262 6129//6129 261//261
f 5649//5649 4937//4937 5713//5713
f 4923//4923 6148//6148 5916//5916
f 4532//4532 4188//4188 5815//5815
f 6148//6148 5776//5776 5916//5916
f 6147//6147 4922//4922 5916//5916
f 4186//4186 4531//4531 5814//5814
f 4190//4190 4186//4186 5814//5814
f 5775//5775 6147//6147 5916//5916
f 4797//4797 4036//4036 4131//4131
f 4035//4035 4796//4796 4130//4130
f 4795//4795 4034//4034 4129//4129
f 4033//4033 4794//4794 4132//4132
f 5585//5585 4988//4988 5097//5097
f 4272//4272 5361//5361 5249//5249
f 4270//4270 5360//5360 5247//5247
f 4479//4479 5563//5563 4485//4485
f 4177//4177 5724//5724 6135//6135
f 4960//4960 5724//5724 4177//4177
f 5158//5158 6026//6026 5310//5310
f 4509//4509 5780//5780 5882//5882
f 4490//4490 5959//5959 4545//4545
f 4591//4591 5310//5310 6026//6026
f 5330//5330 4238//4238 5214//5214
f 5062//5062 5801//5801 4474//4474
f 5908//5908 6146//6146 270//270
f 5616//5616 4150//4150 5905//5905
f 6146//6146 269//269 270//270
f 6145//6145 5020//5020 4465//4465
f 6145//6145 5556//5556 4487//4487
f 5556//5556 6145//6145 4465//4465
f 4789//4789 346//346 347//347
f 5159//5159 6027//6027 5311//5311
f 4592//4592 5311//5311 6027//6027
f 5020//5020 6145//6145 4487//4487
f 4801//4801 4789//4789 347//347
f 331//331 5457//5457 332//332
f 6144//6144 4429//4429 4431//4431
f 5300//5300 6046//6046 4229//4229
f 5933//5933 4185//4185 5750//5750
f 6144//6144 4433//4433 4427//4427
f 312//312 5459//5459 311//311
f 5458//5458 312//312 311//311
f 4433//4433 6144//6144 4431//4431
f 4429//4429 6144//6144 4427//4427
f 5460//5460 331//331 332//332
f 6125//6125 4439//4439 4981//4981
f 5999//5999 5445//5445 5444//5444
f 5152//5152 5442//5442 5562//5562
f 5442//5442 4472//4472 5562//5562
f 5441//5441 5151//5151 5561//5561
f 4471//4471 5441//5441 5561//5561
f 4548//4548 5922//5922 4517//4517
f 4517//4517 5922//5922 4997//4997
f 4448//4448 5009//5009 5664//5664
f 5814//5814 4196//4196 4190//4190
f 4438//4438 6124//6124 4982//4982
f 5576//5576 5206//5206 5208//5208
f 6121//6121 4577//4577 4116//4116
f 5692//5692 6121//6121 4116//4116
f 5575//5575 5205//5205 5207//5207
f 5985//5985 6013//6013 5149//5149
f 4577//4577 6121//6121 4930//4930
f 4350//4350 5394//5394 6115//6115
f 6119//6119 4992//4992 5881//5881
f 6012//6012 5984//5984 5148//5148
f 5243//5243 6118//6118 323//323
f 6118//6118 322//322 323//323
f 4204//4204 4986//4986 5853//5853
f 4987//4987 4205//4205 5854//5854
f 5242//5242 6117//6117 320//320
f 6117//6117 321//321 320//320
f 4284//4284 5535//5535 4316//4316
f 6141//6141 4451//4451 5865//5865
f 322//322 6115//6115 323//323
f 6141//6141 4554//4554 4975//4975
f 4554//4554 6141//6141 5865//5865
f 4451//4451 6141//6141 4975//4975
f 5662//5662 5162//5162 6008//6008
f 321//321 6114//6114 320//320
f 4533//4533 4259//4259 5396//5396
f 6008//6008 5162//5162 4955//4955
f 5867//5867 5040//5040 4254//4254
f 5868//5868 5039//5039 4253//4253
f 5799//5799 5061//5061 4473//4473
f 5997//5997 5067//5067 5706//5706
f 4534//4534 4260//4260 5397//5397
f 6113//6113 4478//4478 5019//5019
f 6112//6112 4576//4576 4115//4115
f 5681//5681 6112//6112 4115//4115
f 4576//4576 6112//6112 4929//4929
f 5665//5665 4416//4416 5901//5901
f 4587//4587 6084//6084 5231//5231
f 4588//4588 6085//6085 5232//5232
f 5705//5705 5100//5100 4908//4908
f 5839//5839 4056//4056 5756//5756
f 6140//6140 4272//4272 5275//5275
f 4542//4542 5933//5933 5750//5750
f 6140//6140 5405//5405 5572//5572
f 5405//5405 6140//6140 5275//5275
f 4272//4272 6140//6140 5572//5572
f 6139//6139 4270//4270 5273//5273
f 6139//6139 5404//5404 5571//5571
f 5404//5404 6139//6139 5273//5273
f 5780//5780 5901//5901 4416//4416
f 4270//4270 6139//6139 5571//5571
f 5847//5847 5064//5064 5129//5129
f 5847//5847 4560//4560 3984//3984
f 5305//5305 4448//4448 5288//5288
f 4481//4481 5557//5557 4466//4466
f 4402//4402 4374//4374 5734//5734
f 5814//5814 4531//4531 4549//4549
f 5013//5013 4912//4912 5869//5869
f 6138//6138 5782//5782 4197//4197
f 5782//5782 6138//6138 4181//4181
f 5304//5304 4447//4447 5287//5287
f 5510//5510 4555//4555 4160//4160
f 5176//5176 5433//5433 4476//4476
f 5834//5834 4150//4150 4573//4573
f 4324//4324 4739//4739 4609//4609
f 4403//4403 4375//4375 5733//5733
f 4521//4521 5926//5926 4461//4461
f 4544//4544 4521//4521 4461//4461
f 5925//5925 4520//4520 4460//4460
f 4405//4405 5997//5997 5706//5706
f 4325//4325 4740//4740 4610//4610
f 5481//5481 5130//5130 4931//4931
f 4539//4539 5481//5481 4931//4931
f 5129//5129 6001//6001 5658//5658
f 5935//5935 4424//4424 5347//5347
f 5842//5842 4579//4579 5006//5006
f 5842//5842 4409//4409 5219//5219
f 5079//5079 5634//5634 5087//5087
f 5062//5062 4474//4474 5164//5164
f 5841//5841 4578//4578 5005//5005
f 5841//5841 4408//4408 5218//5218
f 4473//4473 5061//5061 5165//5165
f 6110//6110 3983//3983 4540//4540
f 6075//6075 5705//5705 4908//4908
f 6110//6110 5654//5654 5909//5909
f 5654//5654 6110//6110 4540//4540
f 3983//3983 6110//6110 5909//5909
f 6002//6002 272//272 273//273
f 5833//5833 4149//4149 4572//4572
f 6108//6108 3982//3982 4539//4539
f 4968//4968 6053//6053 4748//4748
f 5059//5059 5879//5879 5031//5031
f 5520//5520 4115//4115 4576//4576
f 4299//4299 5722//5722 4766//4766
f 4299//4299 4951//4951 5722//5722
f 4047//4047 4766//4766 5722//5722
f 6003//6003 64//64 63//63
f 6005//6005 4440//4440 5700//5700
f 5742//5742 4179//4179 5892//5892
f 6108//6108 5652//5652 5910//5910
f 5433//5433 5092//5092 4843//4843
f 4051//4051 5433//5433 4843//4843
f 4994//4994 5891//5891 4919//4919
f 4919//4919 5161//5161 4994//4994
f 5890//5890 4993//4993 4918//4918
f 5160//5160 4918//4918 4993//4993
f 5652//5652 6108//6108 4539//4539
f 3982//3982 6108//6108 5910//5910
f 4990//4990 4856//4856 5627//5627
f 4856//4856 3985//3985 5627//5627
f 5547//5547 4279//4279 4273//4273
f 5549//5549 4280//4280 4274//4274
f 6106//6106 4464//4464 5804//5804
f 5739//5739 6103//6103 5733//5733
f 6103//6103 4049//4049 5733//5733
f 4152//4152 5230//5230 4151//4151
f 4644//4644 5340//5340 5391//5391
f 4506//4506 5015//5015 5800//5800
f 6102//6102 5725//5725 4496//4496
f 5048//5048 6102//6102 4496//4496
f 6101//6101 5726//5726 4497//4497
f 3986//3986 4885//4885 5820//5820
f 5732//5732 6097//6097 5736//5736
f 5049//5049 6101//6101 4497//4497
f 4642//4642 5339//5339 5390//5390
f 5057//5057 5579//5579 4493//4493
f 5736//5736 4074//4074 5732//5732
f 6096//6096 5731//5731 5735//5735
f 5580//5580 5058//5058 4492//4492
f 4073//4073 5735//5735 5731//5731
f 5796//5796 5024//5024 5194//5194
f 4711//4711 5476//5476 4735//4735
f 6023//6023 5681//5681 5348//5348
f 4981//4981 5778//5778 5103//5103
f 4712//4712 5477//5477 4736//4736
f 5600//5600 4350//4350 6115//6115
f 4701//4701 5520//5520 4576//4576
f 6023//6023 5348//5348 4147//4147
f 5956//5956 5029//5029 6116//6116
f 5201//5201 5057//5057 5937//5937
f 5937//5937 4995//4995 5201//5201
f 5600//5600 6115//6115 322//322
f 4532//4532 5815//5815 4550//4550
f 5057//5057 4493//4493 5937//5937
f 4107//4107 4103//4103 5555//5555
f 4295//4295 4107//4107 5555//5555
f 4105//4105 4101//4101 5554//5554
f 4293//4293 4105//4105 5554//5554
f 4104//4104 4108//4108 5553//5553
f 4108//4108 4296//4296 5553//5553
f 4102//4102 4106//4106 5552//5552
f 4106//4106 4294//4294 5552//5552
f 355//355 4133//4133 356//356
f 5058//5058 5202//5202 5938//5938
f 4480//4480 4468//4468 5843//5843
f 4133//4133 4898//4898 356//356
f 4134//4134 288//288 287//287
f 4491//4491 5764//5764 5912//5912
f 4899//4899 4134//4134 287//287
f 288//288 4135//4135 287//287
f 6116//6116 5029//5029 5144//5144
f 4135//4135 4900//4900 287//287
f 4136//4136 355//355 356//356
f 4048//4048 6095//6095 4926//4926
f 4901//4901 4136//4136 356//356
f 5968//5968 4062//4062 4938//4938
f 273//273 6137//6137 6002//6002
f 5788//5788 6137//6137 5279//5279
f 6137//6137 5788//5788 6002//6002
f 6137//6137 273//273 5279//5279
f 4938//4938 4062//4062 5687//5687
f 5738//5738 6095//6095 5734//5734
f 5778//5778 4195//4195 5933//5933
f 6095//6095 5738//5738 4926//4926
f 4961//4961 4183//4183 4172//4172
f 4299//4299 4766//4766 4604//4604
f 6135//6135 4172//4172 4183//4183
f 5119//5119 5869//5869 4912//4912
f 6046//6046 5300//5300 5702//5702
f 5618//5618 4200//4200 4206//4206
f 4201//4201 5617//5617 4207//4207
f 4194//4194 5777//5777 5932//5932
f 6046//6046 4407//4407 4229//4229
f 4491//4491 5719//5719 4494//4494
f 4996//4996 5938//5938 5202//5202
f 4429//4429 5737//5737 4515//4515
f 6095//6095 4048//4048 5734//5734
f 4885//4885 3986//3986 4935//4935
f 4495//4495 5878//5878 5720//5720
f 5933//5933 4192//4192 4185//4185
f 5878//5878 5110//5110 5720//5720
f 4492//4492 5058//5058 5938//5938
f 5443//5443 4683//4683 5420//5420
f 5777//5777 4982//4982 5104//5104
f 3990//3990 4864//4864 4933//4933
f 4626//4626 5178//5178 4556//4556
f 5478//5478 4717//4717 5172//5172
f 356//356 4898//4898 357//357
f 4625//4625 5177//5177 4555//4555
f 4898//4898 4391//4391 357//357
f 4218//4218 4472//4472 5442//5442
f 4899//4899 287//287 286//286
f 4392//4392 4899//4899 286//286
f 287//287 4900//4900 286//286
f 5328//5328 5609//5609 5519//5519
f 5609//5609 4240//4240 5519//5519
f 4900//4900 4393//4393 286//286
f 5327//5327 5608//5608 5518//5518
f 5608//5608 4239//4239 5518//5518
f 5185//5185 6129//6129 5277//5277
f 6129//6129 5185//5185 5410//5410
f 6241//6241 263//263 5826//5826
f 5186//5186 6130//6130 5278//5278
f 6130//6130 5186//5186 5412//5412
f 263//263 6241//6241 262//262
f 4901//4901 356//356 357//357
f 5901//5901 3987//3987 5665//5665
f 4390//4390 4901//4901 357//357
f 4632//4632 5370//5370 5389//5389
f 4631//4631 5369//5369 5388//5388
f 5148//5148 5970//5970 4458//4458
f 4250//4250 5463//5463 5452//5452
f 5521//5521 4116//4116 4577//4577
f 5971//5971 5149//5149 4459//4459
f 4098//4098 4093//4093 5168//5168
f 5168//5168 4582//4582 4098//4098
f 4025//4025 4029//4029 4761//4761
f 4865//4865 3989//3989 4936//4936
f 4100//4100 4094//4094 5169//5169
f 4030//4030 4026//4026 4762//4762
f 5169//5169 4584//4584 4100//4100
f 4717//4717 5478//5478 4712//4712
f 4027//4027 4031//4031 4763//4763
f 4674//4674 5313//5313 4732//4732
f 4032//4032 4028//4028 4764//4764
f 5922//5922 5080//5080 4997//4997
f 5744//5744 4964//4964 5931//5931
f 4789//4789 5593//5593 346//346
f 5592//5592 4788//4788 297//297
f 4787//4787 5591//5591 297//297
f 5088//5088 6012//6012 4562//4562
f 5590//5590 4786//4786 346//346
f 4648//4648 5384//5384 4246//4246
f 4357//4357 4760//4760 4622//4622
f 4702//4702 5521//5521 4577//4577
f 4356//4356 4759//4759 4621//4621
f 4063//4063 5972//5972 4939//4939
f 4063//4063 4939//4939 5686//5686
f 4647//4647 5383//5383 4245//4245
f 4930//4930 6060//6060 4577//4577
f 4673//4673 5312//5312 4731//4731
f 5192//5192 5002//5002 5829//5829
f 5479//5479 4718//4718 5173//5173
f 4352//4352 4833//4833 4128//4128
f 4837//4837 4352//4352 4128//4128
f 4830//4830 4353//4353 4125//4125
f 4353//4353 4834//4834 4125//4125
f 4354//4354 4831//4831 4126//4126
f 4835//4835 4354//4354 4126//4126
f 4832//4832 4355//4355 4127//4127
f 4355//4355 4836//4836 4127//4127
f 4071//4071 4857//4857 5762//5762
f 4858//4858 4072//4072 5763//5763
f 5311//5311 4592//4592 4567//4567
f 5882//5882 4506//4506 4509//4509
f 5310//5310 4591//4591 4566//4566
f 4718//4718 5479//5479 4711//4711
f 4058//4058 5883//5883 4947//4947
f 286//286 4393//4393 285//285
f 4392//4392 286//286 285//285
f 357//357 4391//4391 358//358
f 4390//4390 357//357 358//358
f 5299//5299 6060//6060 5695//5695
f 4947//4947 5653//5653 4058//4058
f 4407//4407 5307//5307 4229//4229
f 4866//4866 4370//4370 4830//4830
f 6050//6050 4615//4615 5329//5329
f 5530//5530 5101//5101 5619//5619
f 5213//5213 6050//6050 5329//5329
f 6051//6051 4616//4616 5330//5330
f 5214//5214 6051//6051 5330//5330
f 6017//6017 319//319 318//318
f 6028//6028 5179//5179 5678//5678
f 5010//5010 5958//5958 5781//5781
f 5043//5043 5678//5678 5179//5179
f 5175//5175 5818//5818 5798//5798
f 5798//5798 4211//4211 5175//5175
f 5819//5819 5174//5174 5797//5797
f 4210//4210 5797//5797 5174//5174
f 4866//4866 4830//4830 4125//4125
f 4371//4371 4867//4867 4831//4831
f 4706//4706 340//340 341//341
f 303//303 4705//4705 302//302
f 4704//4704 303//303 302//302
f 340//340 4703//4703 341//341
f 4508//4508 5894//5894 4512//4512
f 6060//6060 5299//5299 4577//4577
f 6018//6018 324//324 325//325
f 6131//6131 5187//5187 5279//5279
f 5187//5187 6131//6131 5411//5411
f 274//274 6131//6131 5279//5279
f 6132//6132 5188//5188 5280//5280
f 5188//5188 6132//6132 5413//5413
f 62//62 6132//6132 5280//5280
f 3983//3983 5480//5480 4540//4540
f 6041//6041 271//271 272//272
f 4204//4204 5729//5729 4986//4986
f 6060//6060 4930//4930 5695//5695
f 4060//4060 4063//4063 5683//5683
f 4494//4494 5764//5764 4491//4491
f 4831//4831 4867//4867 4126//4126
f 4558//4558 5493//5493 4925//4925
f 4868//4868 4372//4372 4832//4832
f 6062//6062 4408//4408 5841//5841
f 5768//5768 5890//5890 4918//4918
f 5768//5768 4500//4500 5890//5890
f 4868//4868 4832//4832 4127//4127
f 3982//3982 5481//5481 4539//4539
f 4373//4373 4869//4869 4833//4833
f 6019//6019 318//318 317//317
f 6020//6020 325//325 326//326
f 4869//4869 4373//4373 350//350
f 5492//5492 4557//4557 4153//4153
f 4407//4407 5760//5760 5307//5307
f 4373//4373 349//349 350//350
f 6021//6021 317//317 316//316
f 4406//4406 5759//5759 5306//5306
f 5664//5664 5009//5009 5587//5587
f 6022//6022 326//326 327//327
f 4163//4163 5047//5047 5915//5915
f 4372//4372 4868//4868 293//293
f 294//294 4372//4372 293//293
f 4867//4867 4371//4371 293//293
f 5146//5146 5441//5441 5500//5500
f 4371//4371 294//294 293//293
f 4370//4370 4866//4866 350//350
f 349//349 4370//4370 350//350
f 4406//4406 5306//5306 4228//4228
f 5978//5978 5092//5092 5176//5176
f 4833//4833 4869//4869 4128//4128
f 4595//4595 5228//5228 5195//5195
f 4595//4595 5195//5195 4232//4232
f 4596//4596 5229//5229 5196//5196
f 4596//4596 5196//5196 4234//4234
f 4128//4128 351//351 352//352
f 4837//4837 4128//4128 352//352
f 4128//4128 4869//4869 351//351
f 292//292 4127//4127 291//291
f 4127//4127 4836//4836 291//291
f 4868//4868 4127//4127 292//292
f 4943//4943 5745//5745 5831//5831
f 4126//4126 292//292 291//291
f 4835//4835 4126//4126 291//291
f 6039//6039 4052//4052 5828//5828
f 4126//4126 4867//4867 292//292
f 351//351 4125//4125 352//352
f 4125//4125 4834//4834 352//352
f 4866//4866 4125//4125 351//351
f 4458//4458 5751//5751 5757//5757
f 5755//5755 3991//3991 3989//3989
f 4448//4448 5305//5305 5009//5009
f 4426//4426 5657//5657 5902//5902
f 5902//5902 5790//5790 4426//4426
f 6023//6023 4147//4147 4489//4489
f 4279//4279 5547//5547 4688//4688
f 3992//3992 5754//5754 3990//3990
f 4280//4280 5549//5549 4686//4686
f 5640//5640 6088//6088 6009//6009
f 6230//6230 4065//4065 5736//5736
f 5279//5279 273//273 274//274
f 5863//5863 5087//5087 5634//5634
f 4445//4445 6005//6005 5983//5983
f 5347//5347 5895//5895 4443//4443
f 6005//6005 5076//5076 5983//5983
f 5637//5637 5983//5983 5076//5076
f 5053//5053 5766//5766 4412//4412
f 328//328 6024//6024 329//329
f 6229//6229 4241//4241 6170//6170
f 6229//6229 5406//5406 5235//5235
f 5724//5724 4172//4172 6135//6135
f 4164//4164 5892//5892 4173//4173
f 5221//5221 4604//4604 4766//4766
f 5220//5220 4603//4603 4765//4765
f 4563//4563 5089//5089 5142//5142
f 5710//5710 5717//5717 4969//4969
f 315//315 6025//6025 314//314
f 5752//5752 5002//5002 5192//5192
f 6026//6026 5158//5158 5045//5045
f 5217//5217 68//68 67//67
f 4508//4508 6061//6061 5894//5894
f 4116//4116 5603//5603 5349//5349
f 4622//4622 5212//5212 4925//4925
f 4771//4771 5603//5603 4247//4247
f 5603//5603 4771//4771 5349//5349
f 4621//4621 5211//5211 4924//4924
f 5603//5603 4116//4116 4247//4247
f 4115//4115 5602//5602 5348//5348
f 4770//4770 5602//5602 4248//4248
f 5602//5602 4770//4770 5348//5348
f 5602//5602 4115//4115 4248//4248
f 5555//5555 4643//4643 4295//4295
f 5554//5554 4641//4641 4293//4293
f 4644//4644 5553//5553 4296//4296
f 4642//4642 5552//5552 4294//4294
f 5389//5389 4646//4646 4632//4632
f 5505//5505 4632//4632 4646//4646
f 5388//5388 4645//4645 4631//4631
f 5507//5507 4631//4631 4645//4645
f 5102//5102 4428//4428 4983//4983
f 4579//4579 5210//5210 5006//5006
f 5601//5601 4351//4351 6114//6114
f 5601//5601 4882//4882 4347//4347
f 4460//4460 4958//4958 5925//5925
f 4958//4958 3992//3992 5925//5925
f 4957//4957 4461//4461 5926//5926
f 3991//3991 4957//4957 5926//5926
f 5088//5088 4216//4216 5951//5951
f 4216//4216 5941//5941 5951//5951
f 4578//4578 5209//5209 5005//5005
f 4744//4744 4752//4752 4730//4730
f 5198//5198 4748//4748 4236//4236
f 6027//6027 5159//5159 5046//5046
f 4748//4748 5198//5198 4968//4968
f 4742//4742 4751//4751 4728//4728
f 5197//5197 4747//4747 4235//4235
f 6032//6032 5208//5208 5206//5206
f 5101//5101 5705//5705 4909//4909
f 4882//4882 5601//5601 321//321
f 4351//4351 5601//5601 4347//4347
f 5601//5601 6114//6114 321//321
f 5600//5600 4881//4881 4346//4346
f 321//321 5600//5600 322//322
f 5658//5658 6053//6053 5129//5129
f 6053//6053 4968//4968 5129//5129
f 4350//4350 5600//5600 4346//4346
f 6013//6013 5089//5089 4563//4563
f 4747//4747 5197//5197 4967//4967
f 5609//5609 4638//4638 5334//5334
f 4240//4240 5609//5609 5334//5334
f 4860//4860 5194//5194 5024//5024
f 4513//4513 5157//5157 4917//4917
f 5599//5599 4422//4422 5173//5173
f 5598//5598 4421//4421 5172//5172
f 5608//5608 4637//4637 5333//5333
f 4239//4239 5608//5608 5333//5333
f 4630//4630 5595//5595 5419//5419
f 5595//5595 4630//4630 4150//4150
f 4629//4629 5594//5594 5418//5418
f 5594//5594 4629//4629 4149//4149
f 5930//5930 5123//5123 5125//5125
f 5122//5122 5929//5929 5124//5124
f 5076//5076 6005//6005 5700//5700
f 5860//5860 5076//5076 4959//4959
f 5700//5700 4959//4959 5076//5076
f 4601//4601 5348//5348 4770//4770
f 5593//5593 345//345 346//346
f 298//298 5592//5592 297//297
f 5591//5591 298//298 297//297
f 4423//4423 6061//6061 5813//5813
f 4949//4949 5813//5813 4508//4508
f 6105//6105 5570//5570 5119//5119
f 5033//5033 5119//5119 5615//5615
f 5033//5033 6105//6105 5119//5119
f 345//345 5590//5590 346//346
f 6061//6061 4508//4508 5813//5813
f 4249//4249 5461//5461 5451//5451
f 4091//4091 5332//5332 5416//5416
f 5557//5557 4481//4481 4488//4488
f 4488//4488 6029//6029 5557//5557
f 6029//6029 4488//4488 5939//5939
f 5796//5796 5630//5630 4077//4077
f 5208//5208 6032//6032 4476//4476
f 4483//4483 5967//5967 5935//5935
f 5615//5615 5921//5921 5033//5033
f 4498//4498 5445//5445 5999//5999
f 4602//4602 5349//5349 4771//4771
f 5816//5816 4440//4440 5994//5994
f 4722//4722 4006//4006 4756//4756
f 4005//4005 4721//4721 4755//4755
f 4720//4720 4004//4004 4754//4754
f 5644//5644 5053//5053 4469//4469
f 5053//5053 4412//4412 4469//4469
f 4169//4169 5047//5047 4163//4163
f 5791//5791 4169//4169 4163//4163
f 4167//4167 5791//5791 4163//4163
f 4583//4583 5322//5322 4099//4099
f 4003//4003 4719//4719 4753//4753
f 5358//5358 4113//4113 4782//4782
f 4623//4623 5358//5358 4782//4782
f 5359//5359 4114//4114 4783//4783
f 4624//4624 5359//5359 4783//4783
f 4283//4283 4671//4671 5368//5368
f 5753//5753 4164//4164 4161//4161
f 4821//4821 4805//4805 4124//4124
f 4801//4801 4821//4821 4124//4124
f 4804//4804 4820//4820 4123//4123
f 4820//4820 4800//4800 4123//4123
f 4819//4819 4803//4803 4122//4122
f 4799//4799 4819//4819 4122//4122
f 4802//4802 4818//4818 4121//4121
f 4818//4818 4798//4798 4121//4121
f 4717//4717 4310//4310 4535//4535
f 4281//4281 4669//4669 5367//5367
f 4209//4209 5951//5951 5941//5941
f 4254//4254 5576//5576 5208//5208
f 4253//4253 5575//5575 5207//5207
f 5969//5969 4484//4484 5936//5936
f 4957//4957 5645//5645 5083//5083
f 4856//4856 5038//5038 3985//3985
f 5952//5952 4208//4208 5942//5942
f 5038//5038 5945//5945 3985//3985
f 6033//6033 5207//5207 5205//5205
f 4479//4479 5831//5831 5745//5745
f 4467//4467 4479//4479 5745//5745
f 5563//5563 4479//4479 4467//4467
f 5646//5646 4958//4958 5082//5082
f 5207//5207 6033//6033 4475//4475
f 5684//5684 3989//3989 3991//3991
f 5586//5586 4457//4457 4466//4466
f 71//71 6034//6034 72//72
f 5473//5473 4257//4257 5346//5346
f 5055//5055 4864//4864 5636//5636
f 5471//5471 4255//4255 5345//5345
f 4718//4718 4311//4311 4536//4536
f 4690//4690 5290//5290 3998//3998
f 5574//5574 4782//4782 4113//4113
f 4920//4920 4061//4061 5698//5698
f 4236//4236 5574//5574 4113//4113
f 4158//4158 4163//4163 5915//5915
f 5573//5573 4783//4783 4114//4114
f 4235//4235 5573//5573 4114//4114
f 4542//4542 5778//5778 5933//5933
f 5103//5103 5778//5778 4542//4542
f 5777//5777 4541//4541 5932//5932
f 5777//5777 5104//5104 4541//4541
f 4414//4414 5661//5661 4462//4462
f 6063//6063 4409//4409 5842//5842
f 4665//4665 5317//5317 5295//5295
f 5317//5317 4103//4103 5295//5295
f 4663//4663 5316//5316 5293//5293
f 5316//5316 4101//4101 5293//5293
f 327//327 4633//4633 328//328
f 5878//5878 4495//4495 5578//5578
f 6009//6009 6088//6088 4055//4055
f 5373//5373 4609//4609 4739//4739
f 4633//4633 6024//6024 328//328
f 4559//4559 6014//6014 5680//5680
f 5090//5090 4842//4842 5426//5426
f 4842//4842 4050//4050 5426//5426
f 5195//5195 6064//6064 4232//4232
f 5911//5911 4435//4435 5444//5444
f 4734//4734 5541//5541 4248//4248
f 4733//4733 5540//5540 4247//4247
f 5342//5342 4643//4643 5393//5393
f 5542//5542 4214//4214 5821//5821
f 5341//5341 4641//4641 5392//5392
f 5290//5290 4000//4000 3998//3998
f 5536//5536 342//342 343//343
f 4928//4928 5657//5657 5660//5660
f 4935//4935 5657//5657 4928//4928
f 5897//5897 6043//6043 4963//4963
f 5657//5657 4426//4426 5660//5660
f 4949//4949 4508//4508 5018//5018
f 4167//4167 4949//4949 5018//5018
f 4355//4355 4811//4811 4836//4836
f 4689//4689 5289//5289 3997//3997
f 4810//4810 4354//4354 4835//4835
f 301//301 5535//5535 300//300
f 4353//4353 4809//4809 4834//4834
f 5319//5319 4666//4666 5296//5296
f 4808//4808 4352//4352 4837//4837
f 4104//4104 5319//5319 5296//5296
f 5289//5289 3999//3999 3997//3997
f 4555//4555 5510//5510 4528//4528
f 5318//5318 4664//4664 5294//5294
f 4102//4102 5318//5318 5294//5294
f 5534//5534 301//301 300//300
f 5705//5705 5101//5101 5100//5100
f 4829//4829 4401//4401 4321//4321
f 4401//4401 4710//4710 4321//4321
f 4132//4132 353//353 354//354
f 316//316 4634//4634 315//315
f 290//290 4131//4131 289//289
f 4827//4827 4399//4399 4319//4319
f 4130//4130 290//290 289//289
f 4399//4399 4708//4708 4319//4319
f 353//353 4129//4129 354//354
f 342//342 5533//5533 343//343
f 4400//4400 4828//4828 4320//4320
f 4709//4709 4400//4400 4320//4320
f 4643//4643 5555//5555 5454//5454
f 4398//4398 4826//4826 4318//4318
f 4707//4707 4398//4398 4318//4318
f 5555//5555 4099//4099 5454//5454
f 4641//4641 5554//5554 5453//5453
f 5554//5554 4097//4097 5453//5453
f 6061//6061 4423//4423 5894//5894
f 4426//4426 5894//5894 4423//4423
f 5698//5698 4061//4061 5874//5874
f 5076//5076 5860//5860 5637//5637
f 4635//4635 6021//6021 316//316
f 4635//4635 316//316 315//315
f 4636//4636 6022//6022 327//327
f 4735//4735 4346//4346 4711//4711
f 5317//5317 4099//4099 4103//4103
f 5914//5914 4153//4153 4557//4557
f 5316//5316 4097//4097 4101//4101
f 4100//4100 5319//5319 4104//4104
f 5133//5133 4997//4997 5080//5080
f 4098//4098 5318//5318 4102//4102
f 4346//4346 4735//4735 4350//4350
f 6090//6090 4588//4588 4880//4880
f 5157//5157 5510//5510 5675//5675
f 5510//5510 4160//4160 5675//5675
f 5225//5225 6090//6090 4880//4880
f 5132//5132 5551//5551 5659//5659
f 6089//6089 4587//4587 4879//4879
f 5224//5224 6089//6089 4879//4879
f 4636//4636 327//327 328//328
f 4055//4055 6088//6088 5075//5075
f 6078//6078 4929//4929 5702//5702
f 4736//4736 4347//4347 4712//4712
f 6078//6078 5300//5300 4576//4576
f 5300//5300 6078//6078 5702//5702
f 4929//4929 6078//6078 4576//4576
f 4406//4406 6077//6077 5759//5759
f 4407//4407 6076//6076 5760//5760
f 6076//6076 4407//4407 4151//4151
f 4634//4634 6025//6025 315//315
f 4347//4347 4736//4736 4351//4351
f 5196//5196 6065//6065 4234//4234
f 5374//5374 4610//4610 4740//4740
f 4179//4179 5677//5677 4173//4173
f 5124//5124 6010//6010 5947//5947
f 6075//6075 4908//4908 5715//5715
f 5529//5529 4045//4045 4513//4513
f 5528//5528 4046//4046 4514//4514
f 5155//5155 5509//5509 5671//5671
f 6071//6071 5245//5245 4734//4734
f 5102//5102 5874//5874 4428//4428
f 6070//6070 5244//5244 4733//4733
f 6067//6067 4602//4602 4338//4338
f 5525//5525 4536//4536 4311//4311
f 5200//5200 6067//6067 4338//4338
f 5524//5524 4535//4535 4310//4310
f 6066//6066 4601//4601 4339//4339
f 5199//5199 6066//6066 4339//4339
f 4217//4217 5089//5089 5952//5952
f 5942//5942 4217//4217 5952//5952
f 5056//5056 5578//5578 4495//4495
f 4065//4065 5718//5718 4965//4965
f 4089//4089 5331//5331 5414//5414
f 5498//5498 4565//4565 4051//4051
f 5499//5499 4564//4564 4050//4050
f 5690//5690 4047//4047 6008//6008
f 265//265 6040//6040 264//264
f 6008//6008 4047//4047 5662//5662
f 5717//5717 4064//4064 4966//4966
f 5051//5051 6242//6242 4992//4992
f 5881//5881 6242//6242 4950//4950
f 6242//6242 5881//5881 4992//4992
f 6242//6242 5051//5051 4950//4950
f 6222//6222 4162//4162 5156//5156
f 6222//6222 5761//5761 4556//4556
f 5761//5761 6222//6222 5156//5156
f 4162//4162 6222//6222 4556//4556
f 6223//6223 4497//4497 5726//5726
f 6223//6223 5643//5643 4988//4988
f 5643//5643 6223//6223 5726//5726
f 4497//4497 6223//6223 4988//4988
f 265//265 6224//6224 6040//6040
f 6030//6030 6224//6224 6151//6151
f 6224//6224 6030//6030 6040//6040
f 6224//6224 265//265 6151//6151
f 70//70 6225//6225 71//71
f 5863//5863 6225//6225 6111//6111
f 6225//6225 5863//5863 71//71
f 6225//6225 70//70 6111//6111
f 5011//5011 6226//6226 4187//4187
f 5782//5782 6226//6226 5849//5849
f 6226//6226 5782//5782 4187//4187
f 6226//6226 5011//5011 5849//5849
f 6241//6241 5277//5277 6129//6129
f 262//262 6241//6241 6129//6129
f 6240//6240 5161//5161 6093//6093
f 6240//6240 5217//5217 5670//5670
f 6227//6227 6036//6036 5670//5670
f 6227//6227 6044//6044 5638//5638
f 6044//6044 6227//6227 5670//5670
f 6036//6036 6227//6227 5638//5638
f 4182//4182 6228//6228 4188//4188
f 5815//5815 6228//6228 6196//6196
f 6228//6228 5815//5815 4188//4188
f 6228//6228 4182//4182 6196//6196
f 4241//4241 6229//6229 5235//5235
f 5406//5406 6229//6229 6170//6170
f 74//74 6239//6239 6130//6130
f 5217//5217 6240//6240 6093//6093
f 6239//6239 5278//5278 6130//6130
f 5161//5161 6240//6240 5670//5670
f 4498//4498 6243//6243 5715//5715
f 5716//5716 6243//6243 6193//6193
f 249//249 248//248 6244//6244
f 7//7 250//250 6244//6244
f 250//250 249//249 6244//6244
f 247//247 7//7 6244//6244
f 248//248 247//247 6244//6244