# https://github.com/mikedh/trimesh
v -10.71880000 0.00000000 -0.00000000
v -10.66477100 0.00000000 -0.28902900
v -10.50998100 0.00000000 -0.53902400
v -10.27533500 0.00000000 -0.71622000
v -9.99252400 0.00000000 -0.79668700
v -9.69974200 0.00000000 -0.76955700
v -9.43653200 0.00000000 -0.63849400
v -9.23844100 0.00000000 -0.42119800
v -9.13222300 0.00000000 -0.14701800
v -9.13222300 0.00000000 0.14701800
v -9.23844100 0.00000000 0.42119800
v -9.43653200 0.00000000 0.63849400
v -9.69974200 0.00000000 0.76955700
v -9.99252400 0.00000000 0.79668700
v -10.27533500 0.00000000 0.71622000
v -10.50998100 0.00000000 0.53902400
v -10.66477100 0.00000000 0.28902900
v -10.71450700 0.30333000 -0.00000000
v -10.70163200 0.60641700 -0.00000000
v -10.68018500 0.90901800 -0.00000000
v -10.65018400 1.21089100 -0.00000000
v -10.61165200 1.51179400 -0.00000000
v -10.56462000 1.81148600 -0.00000000
v -10.50912600 2.10972700 -0.00000000
v -10.44521400 2.40627900 -0.00000000
v -10.37293600 2.70090200 -0.00000000
v -10.29234900 2.99336300 -0.00000000
v -10.20351800 3.28342600 -0.00000000
v -10.10651500 3.57085900 -0.00000000
v -10.00141600 3.85543200 -0.00000000
v -9.88830600 4.13691600 -0.00000000
v -9.76727600 4.41508700 -0.00000000
v -9.63842200 4.68972200 -0.00000000
v -9.50184800 4.96060000 -0.00000000
v -9.35766400 5.22750500 -0.00000000
v -9.20598400 5.49022200 -0.00000000
v -9.04693000 5.74854200 -0.00000000
v -8.88062900 6.00225800 -0.00000000
v -8.70721600 6.25116600 -0.00000000
v -8.52682800 6.49506600 -0.00000000
v -8.33961000 6.73376500 -0.00000000
v -8.14571200 6.96706900 -0.00000000
v -7.94528900 7.19479300 -0.00000000
v -7.73850300 7.41675400 -0.00000000
v -7.52551800 7.63277500 -0.00000000
v -7.30650500 7.84268100 -0.00000000
v -7.08164000 8.04630600 -0.00000000
v -6.85110300 8.24348600 -0.00000000
v -6.61507800 8.43406300 -0.00000000
v -6.37375400 8.61788400 -0.00000000
v -6.12732500 8.79480300 -0.00000000
v -5.87598800 8.96467700 -0.00000000
v -5.61994500 9.12737100 -0.00000000
v -5.35940000 9.28275300 -0.00000000
v -5.09456200 9.43070000 -0.00000000
v -4.82564400 9.57109400 -0.00000000
v -4.55286000 9.70382100 -0.00000000
v -4.27643000 9.82877500 -0.00000000
v -3.99657400 9.94585700 -0.00000000
v -3.71351700 10.05497200 -0.00000000
v -3.42748600 10.15603300 -0.00000000
v -3.13870900 10.24896000 -0.00000000
v -2.84741800 10.33367700 -0.00000000
v -2.55384600 10.41011700 -0.00000000
v -2.25822900 10.47821900 -0.00000000
v -1.96080300 10.53792800 -0.00000000
v -1.66180600 10.58919600 -0.00000000
v -1.36147900 10.63198200 -0.00000000
v -1.06006000 10.66625300 -0.00000000
v -0.75779300 10.69197900 -0.00000000
v -0.45491900 10.70914200 -0.00000000
v -0.15168000 10.71772700 -0.00000000
v 0.15168000 10.71772700 -0.00000000
v 0.45491900 10.70914200 -0.00000000
v 0.75779300 10.69197900 -0.00000000
v 1.06006000 10.66625300 -0.00000000
v 1.36147900 10.63198200 -0.00000000
v 1.66180600 10.58919600 -0.00000000
v 1.96080300 10.53792800 -0.00000000
v 2.25822900 10.47821900 -0.00000000
v 2.55384600 10.41011700 -0.00000000
v 2.84741800 10.33367700 -0.00000000
v 3.13870900 10.24896000 -0.00000000
v 3.42748600 10.15603300 -0.00000000
v 3.71351700 10.05497200 -0.00000000
v 3.99657400 9.94585700 -0.00000000
v 4.27643000 9.82877500 -0.00000000
v 4.55286000 9.70382100 -0.00000000
v 4.82564400 9.57109400 -0.00000000
v 5.09456200 9.43070000 -0.00000000
v 5.35940000 9.28275300 -0.00000000
v 5.61994500 9.12737100 -0.00000000
v 5.87598800 8.96467700 -0.00000000
v 6.12732500 8.79480300 -0.00000000
v 6.37375400 8.61788400 -0.00000000
v 6.61507800 8.43406300 -0.00000000
v 6.85110300 8.24348600 -0.00000000
v 7.08164000 8.04630600 -0.00000000
v 7.30650500 7.84268100 -0.00000000
v 7.52551800 7.63277500 -0.00000000
v 7.73850300 7.41675400 -0.00000000
v 7.94528900 7.19479300 -0.00000000
v 8.14571200 6.96706900 -0.00000000
v 8.33961000 6.73376500 -0.00000000
v 8.52682800 6.49506600 -0.00000000
v 8.70721600 6.25116600 -0.00000000
v 8.88062900 6.00225800 -0.00000000
v 9.04693000 5.74854200 -0.00000000
v 9.20598400 5.49022200 -0.00000000
v 9.35766400 5.22750500 -0.00000000
v 9.50184800 4.96060000 -0.00000000
v 9.63842200 4.68972200 -0.00000000
v 9.76727600 4.41508700 -0.00000000
v 9.88830600 4.13691600 -0.00000000
v 10.00141600 3.85543200 -0.00000000
v 10.10651500 3.57085900 -0.00000000
v 10.20351800 3.28342600 -0.00000000
v 10.29234900 2.99336300 -0.00000000
v 10.37293600 2.70090200 -0.00000000
v 10.44521400 2.40627900 -0.00000000
v 10.50912600 2.10972700 -0.00000000
v 10.56462000 1.81148600 -0.00000000
v 10.61165200 1.51179400 -0.00000000
v 10.65018400 1.21089100 -0.00000000
v 10.68018500 0.90901800 -0.00000000
v 10.70163200 0.60641700 -0.00000000
v 10.71450700 0.30333000 -0.00000000
v 10.71880000 -0.00000000 -0.00000000
v 10.71450700 -0.30333000 -0.00000000
v 10.70163200 -0.60641700 -0.00000000
v 10.68018500 -0.90901800 -0.00000000
v 10.65018400 -1.21089100 -0.00000000
v 10.61165200 -1.51179400 -0.00000000
v 10.56462000 -1.81148600 -0.00000000
v 10.50912600 -2.10972700 -0.00000000
v 10.44521400 -2.40627900 -0.00000000
v 10.37293600 -2.70090200 -0.00000000
v 10.29234900 -2.99336300 -0.00000000
v 10.20351800 -3.28342600 -0.00000000
v 10.10651500 -3.57085900 -0.00000000
v 10.00141600 -3.85543200 -0.00000000
v 9.88830600 -4.13691600 -0.00000000
v 9.76727600 -4.41508700 -0.00000000
v 9.63842200 -4.68972200 -0.00000000
v 9.50184800 -4.96060000 -0.00000000
v 9.35766400 -5.22750500 -0.00000000
v 9.20598400 -5.49022200 -0.00000000
v 9.04693000 -5.74854200 -0.00000000
v 8.88062900 -6.00225800 -0.00000000
v 8.70721600 -6.25116600 -0.00000000
v 8.52682800 -6.49506600 -0.00000000
v 8.33961000 -6.73376500 -0.00000000
v 8.14571200 -6.96706900 -0.00000000
v 7.94528900 -7.19479300 -0.00000000
v 7.73850300 -7.41675400 -0.00000000
v 7.52551800 -7.63277500 -0.00000000
v 7.30650500 -7.84268100 -0.00000000
v 7.08164000 -8.04630600 -0.00000000
v 6.85110300 -8.24348600 -0.00000000
v 6.61507800 -8.43406300 -0.00000000
v 6.37375400 -8.61788400 -0.00000000
v 6.12732500 -8.79480300 -0.00000000
v 5.87598800 -8.96467700 -0.00000000
v 5.61994500 -9.12737100 -0.00000000
v 5.35940000 -9.28275300 -0.00000000
v 5.09456200 -9.43070000 -0.00000000
v 4.82564400 -9.57109400 -0.00000000
v 4.55286000 -9.70382100 -0.00000000
v 4.27643000 -9.82877500 -0.00000000
v 3.99657400 -9.94585700 -0.00000000
v 3.71351700 -10.05497200 -0.00000000
v 3.42748600 -10.15603300 -0.00000000
v 3.13870900 -10.24896000 -0.00000000
v 2.84741800 -10.33367700 -0.00000000
v 2.55384600 -10.41011700 -0.00000000
v 2.25822900 -10.47821900 -0.00000000
v 1.96080300 -10.53792800 -0.00000000
v 1.66180600 -10.58919600 -0.00000000
v 1.36147900 -10.63198200 -0.00000000
v 1.06006000 -10.66625300 -0.00000000
v 0.75779300 -10.69197900 -0.00000000
v 0.45491900 -10.70914200 -0.00000000
v 0.15168000 -10.71772700 -0.00000000
v -0.15168000 -10.71772700 -0.00000000
v -0.45491900 -10.70914200 -0.00000000
v -0.75779300 -10.69197900 -0.00000000
v -1.06006000 -10.66625300 -0.00000000
v -1.36147900 -10.63198200 -0.00000000
v -1.66180600 -10.58919600 -0.00000000
v -1.96080300 -10.53792800 -0.00000000
v -2.25822900 -10.47821900 -0.00000000
v -2.55384600 -10.41011700 -0.00000000
v -2.84741800 -10.33367700 -0.00000000
v -3.13870900 -10.24896000 -0.00000000
v -3.42748600 -10.15603300 -0.00000000
v -3.71351700 -10.05497200 -0.00000000
v -3.99657400 -9.94585700 -0.00000000
v -4.27643000 -9.82877500 -0.00000000
v -4.55286000 -9.70382100 -0.00000000
v -4.82564400 -9.57109400 -0.00000000
v -5.09456200 -9.43070000 -0.00000000
v -5.35940000 -9.28275300 -0.00000000
v -5.61994500 -9.12737100 -0.00000000
v -5.87598800 -8.96467700 -0.00000000
v -6.12732500 -8.79480300 -0.00000000
v -6.37375400 -8.61788400 -0.00000000
v -6.61507800 -8.43406300 -0.00000000
v -6.85110300 -8.24348600 -0.00000000
v -7.08164000 -8.04630600 -0.00000000
v -7.30650500 -7.84268100 -0.00000000
v -7.52551800 -7.63277500 -0.00000000
v -7.73850300 -7.41675400 -0.00000000
v -7.94528900 -7.19479300 -0.00000000
v -8.14571200 -6.96706900 -0.00000000
v -8.33961000 -6.73376500 -0.00000000
v -8.52682800 -6.49506600 -0.00000000
v -8.70721600 -6.25116600 -0.00000000
v -8.88062900 -6.00225800 -0.00000000
v -9.04693000 -5.74854200 -0.00000000
v -9.20598400 -5.49022200 -0.00000000
v -9.35766400 -5.22750500 -0.00000000
v -9.50184800 -4.96060000 -0.00000000
v -9.63842200 -4.68972200 -0.00000000
v -9.76727600 -4.41508700 -0.00000000
v -9.88830600 -4.13691600 -0.00000000
v -10.00141600 -3.85543200 -0.00000000
v -10.10651500 -3.57085900 -0.00000000
v -10.20351800 -3.28342600 -0.00000000
v -10.29234900 -2.99336300 -0.00000000
v -10.37293600 -2.70090200 -0.00000000
v -10.44521400 -2.40627900 -0.00000000
v -10.50912600 -2.10972700 -0.00000000
v -10.56462000 -1.81148600 -0.00000000
v -10.61165200 -1.51179400 -0.00000000
v -10.65018400 -1.21089100 -0.00000000
v -10.68018500 -0.90901800 -0.00000000
v -10.70163200 -0.60641700 -0.00000000
v -10.71450700 -0.30333000 -0.00000000
v 0.64728500 9.71328000 -0.77868400
v 0.64728500 -9.71328000 0.77868400
v -0.95431400 9.28301900 0.54394500
v -0.95431400 -9.28301900 -0.54394500
v 0.10824100 9.91335400 0.80008600
v 0.10824100 -9.91335400 -0.80008600
v -0.46843100 9.83291800 0.79661200
v -0.46843100 -9.83291800 -0.79661200
v -0.36231600 9.83209200 -0.79609700
v -0.36231600 -9.83209200 0.79609700
v -1.04683000 10.04775800 0.77878700
v -1.04683000 -10.04775800 -0.77878700
v -3.29111100 9.56230100 -0.77619600
v -3.37440900 9.52851800 0.77729200
v -3.29111100 -9.56230100 0.77619600
v -3.37440900 -9.52851800 -0.77729200
v -4.73984800 9.14426200 -0.70356500
v -4.69340400 9.17151000 0.70195500
v -4.73984800 -9.14426200 0.70356500
v -4.69340400 -9.17151000 -0.70195500
v -5.71214300 8.78794700 -0.56894500
v -5.68407600 8.78624900 0.58498100
v -5.71214300 -8.78794700 0.56894500
v -5.68407600 -8.78624900 -0.58498100
v -7.49658400 7.31412900 -0.57645600
v -7.50005200 7.29711300 0.58534900
v -7.49658400 -7.31412900 0.57645600
v -7.50005200 -7.29711300 -0.58534900
v -8.27596400 6.48875200 -0.53185400
v -8.29039800 6.48198200 0.52366000
v -8.27596400 -6.48875200 0.53185400
v -8.29039800 -6.48198200 -0.52366000
v -9.08288200 5.45104600 -0.43060000
v -9.09162200 5.44480400 0.42381200
v -9.08288200 -5.45104600 0.43060000
v -9.09162200 -5.44480400 -0.42381200
v -9.23913500 5.27340200 -0.35005900
v -9.24437500 5.27032400 0.34377000
v -9.23913500 -5.27340200 0.35005900
v -9.24437500 -5.27032400 -0.34377000
v -9.58489400 4.66073500 -0.30597100
v -9.58702900 4.66217500 0.29973400
v -9.58489400 -4.66073500 0.30597100
v -9.58702900 -4.66217500 -0.29973400
v -10.40544700 2.50767600 0.15646000
v -10.40544700 -2.50767600 -0.15646000
v 9.11860000 -0.00000000 -0.00000000
v -10.67078600 0.40773200 -0.25050600
v -10.67078000 0.41539900 0.24962600
v -10.67078600 -0.40773200 0.25050600
v -10.67078000 -0.41539900 -0.24962600
v -10.70551300 0.17798000 -0.13694900
v -10.70552100 0.17990100 0.13672100
v -10.70551300 -0.17798000 0.13694900
v -10.70552100 -0.17990100 -0.13672100
v 7.08161100 -7.45548200 0.71251800
v 7.08161100 7.45548200 -0.71251800
v 7.09759600 -7.58924200 0.64584200
v 7.09759600 7.58924200 -0.64584200
v 6.09856300 7.43928200 0.74206400
v 6.09856300 -7.43928200 -0.74206400
v 8.28171800 4.36143100 0.57269100
v 8.28171800 -4.36143100 -0.57269100
v 6.76662200 7.88206600 0.64788500
v 6.76662200 -7.88206600 -0.64788500
v 6.63817900 8.09753000 0.57919200
v 6.63817900 -8.09753000 -0.57919200
v -5.77343600 7.27608700 0.49280500
v -5.77343600 -7.27608700 -0.49280500
v 7.21858100 5.90841500 -0.53999400
v 7.21858100 -5.90841500 0.53999400
v -6.15611000 6.72690400 -0.00240000
v -6.15611000 -6.72690400 0.00240000
v 4.95332300 9.17025200 0.62155000
v 4.84403200 -9.23444000 0.61721300
v 4.95332300 -9.17025200 -0.62155000
v 4.84403200 9.23444000 -0.61721300
v 4.00501000 9.74190100 0.51259900
v 4.03288700 -9.72696900 0.51636700
v 4.00501000 -9.74190100 -0.51259900
v 4.03288700 9.72696900 -0.51636700
v -7.21158800 6.27642800 0.71537100
v -7.21158800 -6.27642800 -0.71537100
v 2.83203200 -10.17016200 0.48227700
v 2.83203200 10.17016200 -0.48227700
v -7.67612000 5.82238000 -0.74791100
v -7.65182100 5.93300100 0.76444200
v -7.67612000 -5.82238000 0.74791100
v -7.65182100 -5.93300100 -0.76444200
v 2.39310500 10.26066100 0.50897300
v 2.39310500 -10.26066100 -0.50897300
v 2.07869900 10.28069600 0.56143800
v 2.07869900 -10.28069600 -0.56143800
v 1.48358300 10.41306200 0.52984900
v 1.46311300 -10.37976700 0.56782600
v 1.48358300 -10.41306200 -0.52984900
v 1.46311300 10.37976700 -0.56782600
v -8.48563800 5.11444900 -0.80002500
v -8.56793600 5.10210200 0.79832200
v -8.48563800 -5.11444900 0.80002500
v -8.56793600 -5.10210200 -0.79832200
v -2.15697100 10.44727900 0.28155900
v -2.07820500 -10.43994700 0.33609700
v -2.15697100 -10.44727900 -0.28155900
v -2.07820500 10.43994700 -0.33609700
v -9.14953000 4.51481000 -0.74795700
v -9.16649400 4.53853000 0.73767500
v -9.14953000 -4.51481000 0.74795700
v -9.16649400 -4.53853000 -0.73767500
v -2.65296400 10.35296700 0.22168200
v -2.65296400 -10.35296700 -0.22168200
v -9.24598400 4.20100700 -0.76421700
v -9.25028200 4.22440700 0.75986300
v -9.24598400 -4.20100700 0.76421700
v -9.25028200 -4.22440700 -0.75986300
v -9.68680400 3.52839300 -0.69822200
v -9.69366100 3.53748800 0.69278700
v -9.68680400 -3.52839300 0.69822200
v -9.69366100 -3.53748800 -0.69278700
v -9.83805200 3.33520700 -0.64799900
v -9.84635800 3.34160600 0.64069700
v -9.83805200 -3.33520700 0.64799900
v -9.84635800 -3.34160600 -0.64069700
v -9.82216300 3.68527000 -0.55937900
v -9.83124000 3.69312800 0.54762700
v -9.82216300 -3.68527000 0.55937900
v -9.83124000 -3.69312800 -0.54762700
v -6.99999600 8.07779900 0.21698400
v -7.00101600 -8.07870500 0.21212300
v -6.99999600 -8.07779900 -0.21698400
v -7.00101600 8.07870500 -0.21212300
v -10.03961500 2.77810000 -0.62606800
v -10.04966700 2.77925800 0.61798100
v -10.03961500 -2.77810000 0.62606800
v -10.04966700 -2.77925800 -0.61798100
v -7.45688700 7.66687300 0.19311800
v -7.45546900 -7.66938500 0.18982200
v -7.45688700 -7.66687300 -0.19311800
v -7.45546900 7.66938500 -0.18982200
v -10.19124800 2.58131900 -0.53561000
v -10.21725900 2.57441900 0.50828600
v -10.19124800 -2.58131900 0.53561000
v -10.21725900 -2.57441900 -0.50828600
v -10.44380400 2.12671900 -0.30559100
v -10.44380400 -2.12671900 0.30559100
v -9.80611900 4.28444900 0.16672000
v -9.80573400 -4.28264100 0.17169600
v -9.80611900 -4.28444900 -0.16672000
v -9.80573400 4.28264100 -0.17169600
v 9.78837500 -1.89452400 0.79845200
v 9.78837500 1.89452400 -0.79845200
v -10.11815900 3.50174400 0.13703800
v -10.13152300 -3.44266300 0.17036200
v -10.11815900 -3.50174400 -0.13703800
v -10.13152300 3.44266300 -0.17036200
v 0.28163000 9.11842700 0.08163300
v 0.28163000 -9.11842700 -0.08163300
v -10.66364100 0.77646900 -0.20582500
v -10.66359800 0.79111800 0.20191400
v -10.66364100 -0.77646900 0.20582500
v -10.66359800 -0.79111800 -0.20191400
v 0.12046800 9.67274400 0.76160000
v 0.12046800 -9.67274400 -0.76160000
v 5.57702900 7.23177600 -0.14828300
v 5.57702900 -7.23177600 0.14828300
v 9.91334800 3.48763000 0.54015300
v 9.96734400 -2.58656500 0.70475500
v 9.96734400 2.58656500 -0.70475500
v 9.91334800 -3.48763000 -0.54015300
v 5.23546800 8.22473800 -0.78204600
v 5.23546800 -8.22473800 0.78204600
v 8.97118300 4.40234500 0.79663000
v 8.97118300 -4.40234500 -0.79663000
v 9.73805200 -3.96634300 0.53366200
v 9.73805200 3.96634300 -0.53366200
v 4.64983000 8.85155600 -0.79610600
v 4.64983000 -8.85155600 0.79610600
v 2.46634100 8.80962100 -0.21614200
v 2.46634100 -8.80962100 0.21614200
v 9.43403800 -4.72147800 0.49210000
v 9.43403800 4.72147800 -0.49210000
v 9.24030900 5.20095100 0.41385300
v 9.25388100 -5.16899200 0.42006400
v 9.24030900 -5.20095100 -0.41385300
v 9.25388100 5.16899200 -0.42006400
v 8.79581900 -3.82205500 0.72961400
v 8.79581900 3.82205500 -0.72961400
v 2.81191200 9.06798100 0.67804800
v 2.81191200 -9.06798100 -0.67804800
v -3.07096100 9.05463100 -0.71580500
v -3.07096100 -9.05463100 0.71580500
v -3.18549000 8.95432800 0.68428200
v -3.18549000 -8.95432800 -0.68428200
v 3.22688700 8.67180300 0.44344200
v 3.22688700 -8.67180300 -0.44344200
v 3.24985600 9.67601700 0.74627700
v 3.24985600 -9.67601700 -0.74627700
v -2.89814000 8.92795600 0.59748900
v -2.89814000 -8.92795600 -0.59748900
v -3.40677800 8.45831200 -0.00530900
v -3.40677800 -8.45831200 0.00530900
v -8.06746300 4.42769600 -0.35694300
v -8.06746300 -4.42769600 0.35694300
v 8.68788600 6.11452800 0.37799700
v 8.64109100 -6.19355300 0.36344600
v 8.68788600 -6.11452800 -0.37799700
v 8.64109100 6.19355300 -0.36344600
v -4.75444300 7.90753300 0.40178600
v -4.75444300 -7.90753300 -0.40178600
v -3.99066700 8.79232300 0.75560000
v -3.99066700 -8.79232300 -0.75560000
v 9.16004000 -4.43740400 0.75682900
v 9.16004000 4.43740400 -0.75682900
v -3.39758100 8.60256700 -0.43809800
v -3.39758100 -8.60256700 0.43809800
v -3.79914400 8.34068200 0.26900500
v -3.79914400 -8.34068200 -0.26900500
v -4.51194100 8.53341700 -0.75462900
v -4.51194100 -8.53341700 0.75462900
v -8.28827000 3.80906700 0.06974300
v -8.28827000 -3.80906700 -0.06974300
v 7.88592400 7.05106100 0.45253400
v 7.98284500 -6.94979700 0.44413600
v 7.88592400 -7.05106100 -0.45253400
v 7.98284500 6.94979700 -0.44413600
v 8.31666700 6.66569800 0.30530800
v 8.31666700 -6.66569800 -0.30530800
v -4.46717100 8.46274400 0.71983200
v -4.46717100 -8.46274400 -0.71983200
v -4.50931800 8.63449000 0.78013200
v -4.50931800 -8.63449000 -0.78013200
v -8.54151300 3.36311600 -0.30680300
v -8.54509200 3.42205800 0.36133600
v -8.54151300 -3.36311600 0.30680300
v -8.54509200 -3.42205800 -0.36133600
v -5.01997900 8.40878700 -0.79020500
v -5.01997900 -8.40878700 0.79020500
v -5.02057300 8.63225200 -0.79725700
v -4.94971400 8.61783900 0.79986400
v -5.02057300 -8.63225200 0.79725700
v -4.94971400 -8.61783900 -0.79986400
v -5.20914100 8.43286900 0.80007200
v -5.20914100 -8.43286900 -0.80007200
v 0.79777500 10.28745800 0.69314100
v 0.79777500 -10.28745800 -0.69314100
v 8.42205500 3.52333500 -0.13066900
v 8.42205500 -3.52333500 0.13066900
v -0.02420000 10.35603000 -0.66998400
v -0.05082700 10.30002500 0.70331700
v -0.02420000 -10.35603000 0.66998400
v -0.05082700 -10.30002500 -0.70331700
v -8.88825500 3.03390100 -0.60209700
v -8.88825500 -3.03390100 0.60209700
v 5.92831300 8.84536700 0.32848800
v 5.93585400 -8.84099300 0.32722300
v 5.92831300 -8.84536700 -0.32848800
v 5.93585400 8.84099300 -0.32722300
v -6.34325100 7.63595800 -0.80005700
v -6.29103600 7.67301800 0.80009200
v -6.34325100 -7.63595800 0.80005700
v -6.29103600 -7.67301800 -0.80009200
v 4.35580400 9.73099200 0.29761000
v 4.33735100 -9.75311100 0.26377100
v 4.35580400 -9.73099200 -0.29761000
v 4.33735100 9.75311100 -0.26377100
v -1.90779600 10.35449400 -0.51765000
v -1.90434200 10.33646200 0.53854000
v -1.90779600 -10.35449400 0.51765000
v -1.90434200 -10.33646200 -0.53854000
v 9.67578200 0.91878600 0.77485600
v 9.67578200 -0.91878600 -0.77485600
v 9.64449100 2.40403300 0.79982700
v 9.64449100 -2.40403300 -0.79982700
v 2.83450000 10.31308500 0.19160900
v 2.84761100 -10.30566200 0.20592700
v 2.83450000 -10.31308500 -0.19160900
v 2.84761100 10.30566200 -0.20592700
v -2.63849000 10.15455200 -0.55838000
v -2.72225700 10.08966700 0.59782400
v -2.63849000 -10.15455200 0.55838000
v -2.72225700 -10.08966700 -0.59782400
v -6.98383500 7.44713600 -0.74538500
v -6.96758100 7.42780500 0.75473800
v -6.98383500 -7.44713600 0.74538500
v -6.96758100 -7.42780500 -0.75473800
v -9.64147500 2.60510500 -0.79716000
v -9.64377500 2.61515300 0.79672900
v -9.64147500 -2.60510500 0.79716000
v -9.64377500 -2.61515300 -0.79672900
v -3.62425600 9.88618700 0.51671400
v -3.62425600 -9.88618700 -0.51671400
v 8.94924300 2.20038100 0.38218600
v 8.94924300 -2.20038100 -0.38218600
v -9.74809100 2.34408200 -0.79287700
v -9.74609100 2.35795400 0.79269900
v -9.74809100 -2.34408200 0.79287700
v -9.74609100 -2.35795400 -0.79269900
v -8.93877100 5.43561600 -0.58761500
v -8.95586800 5.42478300 0.57917300
v -8.93877100 -5.43561600 0.58761500
v -8.95586800 -5.42478300 -0.57917300
v -3.00932600 -10.23652500 0.27597000
v -3.00932600 10.23652500 -0.27597000
v -6.99470700 7.98132300 -0.39831200
v -6.99102300 7.97793400 0.40685900
v -6.99470700 -7.98132300 0.39831200
v -6.99102300 -7.97793400 -0.40685900
v -10.13230500 2.12246300 -0.67247400
v -10.11854900 2.12571900 0.68055200
v -10.13230500 -2.12246300 0.67247400
v -10.11854900 -2.12571900 -0.68055200
v -10.18039300 1.56947700 -0.70303900
v -10.16405300 1.60107000 0.70905200
v -10.18039300 -1.56947700 0.70303900
v -10.16405300 -1.60107000 -0.70905200
v -7.71238800 7.24898100 -0.44391200
v -7.71966100 7.23702000 0.44820600
v -7.71238800 -7.24898100 0.44391200
v -7.71966100 -7.23702000 -0.44820600
v -8.08890600 6.94885500 -0.29148000
v -8.09550100 6.94206500 0.28998700
v -8.08890600 -6.94885500 0.29148000
v -8.09550100 -6.94206500 -0.28998700
v 7.24823300 6.04768700 0.64101100
v 7.24823300 -6.04768700 -0.64101100
v -9.78364800 4.02814800 -0.44973200
v -9.78883400 4.03454200 0.43890400
v -9.78364800 -4.02814800 0.44973200
v -9.78883400 -4.03454200 -0.43890400
v -10.37544800 1.32149200 -0.58987100
v -10.36189100 1.37087700 0.59628700
v -10.37544800 -1.32149200 0.58987100
v -10.36189100 -1.37087700 -0.59628700
v -10.48097800 1.54710200 -0.42824200
v -10.48097800 -1.54710200 0.42824200
v -10.10021500 3.25347900 -0.40060000
v -10.11689300 3.24471900 0.37686100
v -10.10021500 -3.25347900 0.40060000
v -10.11689300 -3.24471900 -0.37686100
v 7.42710300 5.29031000 -0.00566700
v 7.42710300 -5.29031000 0.00566700
v -9.31261900 5.26747500 -0.17636700
v -9.31431100 5.26598100 0.17307000
v -9.31261900 -5.26747500 0.17636700
v -9.31431100 -5.26598100 -0.17307000
v -10.40775300 2.45328500 -0.20160000
v -10.40775300 -2.45328500 0.20160000
v -10.59385100 0.94664200 -0.35433400
v -10.59393800 0.98461700 0.34708700
v -10.59385100 -0.94664200 0.35433400
v -10.59393800 -0.98461700 -0.34708700
v -9.55601900 4.82044700 -0.15822200
v -9.55676100 4.82042700 0.15494500
v -9.55601900 -4.82044700 0.15822200
v -9.55676100 -4.82042700 -0.15494500
v 10.25006600 -0.87056600 0.71030800
v 10.25006600 0.87056600 -0.71030800
v 7.44273900 -6.31136900 0.78389200
v 7.44273900 6.31136900 -0.78389200
v 9.44336000 -1.21854300 0.69463300
v 9.44336000 1.21854300 -0.69463300
v -0.66921300 9.28151300 -0.51408000
v -0.66921300 -9.28151300 0.51408000
v -9.92546400 3.95992500 0.22590600
v -9.92415400 -3.95493000 0.23607700
v -9.92546400 -3.95992500 -0.22590600
v -9.92415400 3.95493000 -0.23607700
v -10.04707000 3.69964800 0.13926200
v -10.04949600 -3.68546400 0.15332500
v -10.04707000 -3.69964800 -0.13926200
v -10.04949600 3.68546400 -0.15332500
v -10.21284400 3.15207500 -0.21913500
v -10.23344600 3.09342900 0.20989700
v -10.21284400 -3.15207500 0.21913500
v -10.23344600 -3.09342900 -0.20989700
v -10.12276600 3.35936400 -0.28679700
v -10.15262500 3.34685300 0.21254500
v -10.12276600 -3.35936400 0.28679700
v -10.15262500 -3.34685300 -0.21254500
v -6.61023700 6.41984300 -0.38008100
v -6.61023700 -6.41984300 0.38008100
v -10.63870000 1.08492700 -0.19814400
v -10.63979900 1.10417100 0.18575200
v -10.63870000 -1.08492700 0.19814400
v -10.63979900 -1.10417100 -0.18575200
v -0.07790300 9.23934700 0.42318500
v -0.07790300 -9.23934700 -0.42318500
v -8.43764700 6.27326400 -0.53439500
v -8.45028300 6.26465000 0.52875900
v -8.43764700 -6.27326400 0.53439500
v -8.45028300 -6.26465000 -0.52875900
v -0.19891400 9.59332300 0.73186600
v -0.19891400 -9.59332300 -0.73186600
v -10.47668700 2.21305300 -0.13177200
v -10.46285000 2.20919300 0.19946400
v -10.47668700 -2.21305300 0.13177200
v -10.46285000 -2.20919300 -0.19946400
v 3.51235700 8.68418300 -0.58003000
v 3.51235700 -8.68418300 0.58003000
v 9.29068500 -4.66137000 0.64326800
v 9.29068500 4.66137000 -0.64326800
v 8.35679800 5.84030200 0.75074900
v 8.35679800 -5.84030200 -0.75074900
v 9.94915700 2.73353900 0.69342800
v 9.94915700 -2.73353900 -0.69342800
v 2.24513100 9.30507000 0.72112600
v 2.24513100 -9.30507000 -0.72112600
v -7.43702000 5.52385800 0.45996600
v -7.43702000 -5.52385800 -0.45996600
v -6.90478800 6.18204400 0.46540800
v -6.90478800 -6.18204400 -0.46540800
v 7.51856000 6.07986600 0.76020500
v 7.51856000 -6.07986600 -0.76020500
v 1.27766100 9.79613400 0.79912000
v 1.27766100 -9.79613400 -0.79912000
v 5.73319800 -8.46922600 0.73819700
v 5.73319800 8.46922600 -0.73819700
v 7.15909600 5.74031600 0.29825100
v 7.15909600 -5.74031600 -0.29825100
v 8.68240800 5.91969300 0.54072700
v 8.70910600 -5.82250400 0.57392500
v 8.68240800 -5.91969300 -0.54072700
v 8.70910600 5.82250400 -0.57392500
v 2.29635800 9.73643700 0.79558600
v 2.29635800 -9.73643700 -0.79558600
v 8.48535500 -6.08757500 0.60422700
v 8.48535500 6.08757500 -0.60422700
v 8.34249500 -5.51835000 0.79570300
v 8.34249500 5.51835000 -0.79570300
v 5.36827000 -8.69824600 0.74061400
v 5.36827000 8.69824600 -0.74061400
v 10.18633700 -3.09287600 0.33447700
v 10.18633700 3.09287600 -0.33447700
v 8.61171800 -5.49356700 0.74331600
v 8.61171800 5.49356700 -0.74331600
v -1.34387100 9.55502100 -0.75329700
v -1.34387100 -9.55502100 0.75329700
v -1.29079200 9.58761600 0.76180000
v -1.29079200 -9.58761600 -0.76180000
v 1.16788000 9.15966900 0.41364600
v 1.16788000 -9.15966900 -0.41364600
v 8.99863900 -2.09681800 0.42323300
v 8.99863900 2.09681800 -0.42323300
v 5.15696100 -8.86033900 0.72745400
v 5.15696100 8.86033900 -0.72745400
v 4.32143000 8.10811000 0.32555700
v 4.32143000 -8.10811000 -0.32555700
v 10.02269600 -3.57922700 0.34073900
v 10.02269600 3.57922700 -0.34073900
v -1.58642900 9.46393900 0.73213000
v -1.58642900 -9.46393900 -0.73213000
v -1.70640900 9.11752300 -0.47632000
v -1.70640900 -9.11752300 0.47632000
v 2.10158400 8.99520800 0.41958900
v 2.10158400 -8.99520800 -0.41958900
v 5.12165000 8.91998900 0.71091800
v 5.12165000 -8.91998900 -0.71091800
v 9.93439600 3.88465500 0.28347100
v 9.89149900 -3.91629300 0.34921500
v 9.93439600 -3.88465500 -0.28347100
v 9.89149900 3.91629300 -0.34921500
v -2.30185100 9.42467900 -0.77011300
v -2.30185100 -9.42467900 0.77011300
v 8.95570900 1.72014400 0.03595800
v 8.95570900 -1.72014400 -0.03595800
v 9.82123600 -4.17322700 0.27211200
v 9.82123600 4.17322700 -0.27211200
v -1.80209800 9.62623600 0.79023800
v -1.80209800 -9.62623600 -0.79023800
v -4.97250500 7.90592000 -0.55216000
v -4.97250500 -7.90592000 0.55216000
v -7.38831700 5.75730200 -0.57911900
v -7.38831700 -5.75730200 0.57911900
v 1.11861400 10.03591800 -0.77973600
v 1.08408300 9.94368700 0.79568800
v 1.11861400 -10.03591800 0.77973600
v 1.08408300 -9.94368700 -0.79568800
v -4.54450400 7.97279900 -0.30016400
v -4.54450400 -7.97279900 0.30016400
v -7.44816900 5.32516600 -0.24181100
v -7.44816900 -5.32516600 0.24181100
v -8.68873200 2.77611500 -0.06748700
v -8.68873200 -2.77611500 0.06748700
v 9.17230100 2.53945400 0.69215400
v 9.17230100 -2.53945400 -0.69215400
v 7.53919200 -7.39725700 0.47554500
v 7.53919200 7.39725700 -0.47554500
v -5.20744300 7.85073900 -0.62630700
v -5.20744300 -7.85073900 0.62630700
v -8.77632400 2.48298600 0.05935400
v -8.77632400 -2.48298600 -0.05935400
v 10.26191800 -2.51796200 0.46984000
v 10.26191800 2.51796200 -0.46984000
v -2.27320800 8.88977500 -0.29712200
v -2.27320800 -8.88977500 0.29712200
v -7.29074600 5.62202500 -0.36486200
v -7.29074600 -5.62202500 0.36486200
v 3.81732700 -9.60606100 0.68219900
v 3.81732700 9.60606100 -0.68219900
v -1.17117600 9.04762700 0.08486700
v -1.17117600 -9.04762700 -0.08486700
v -7.62349800 5.03293000 0.16113400
v -7.62349800 -5.03293000 -0.16113400
v -7.53173500 5.14195800 -0.03962100
v -7.53173500 -5.14195800 0.03962100
v 3.75128300 9.67381000 0.65675700
v 3.63258100 -9.71158900 0.66153700
v 3.75128300 -9.67381000 -0.65675700
v 3.63258100 9.71158900 -0.66153700
v -5.19282800 7.49657100 -0.03648300
v -5.19282800 -7.49657100 0.03648300
v -8.88186900 2.20281500 -0.22523200
v -8.88186900 -2.20281500 0.22523200
v -4.58342500 7.92322400 0.23349500
v -4.58342500 -7.92322400 -0.23349500
v -5.55128500 7.75636600 0.70385300
v -5.55128500 -7.75636600 -0.70385300
v 6.07346300 7.98800000 0.79164700
v 6.07346300 -7.98800000 -0.79164700
v -0.14832800 10.12994100 -0.77141200
v -0.11348000 10.09118500 0.78114600
v -0.14832800 -10.12994100 0.77141200
v -0.11348000 -10.09118500 -0.78114600
v -1.99605100 9.33642800 -0.70873600
v -1.99605100 -9.33642800 0.70873600
v 9.32545600 5.20319500 0.24972900
v 9.33920900 -5.18397000 0.24145800
v 9.32545600 -5.20319500 -0.24972900
v 9.33920900 5.18397000 -0.24145800
v -3.59204400 9.25610700 -0.80003800
v -3.64449200 9.15401400 0.79738400
v -3.59204400 -9.25610700 0.80003800
v -3.64449200 -9.15401400 -0.79738400
v 0.51662400 10.07932800 0.78098200
v 0.51662400 -10.07932800 -0.78098200
v -8.98296300 1.75262800 0.22989600
v -8.98296300 -1.75262800 -0.22989600
v -3.12600600 9.33978100 -0.79706100
v -3.12600600 -9.33978100 0.79706100
v 0.20010900 10.03826300 -0.79081200
v 0.20010900 -10.03826300 0.79081200
v 6.04723000 8.64389100 0.49256200
v 6.08231400 -8.65646200 0.45090100
v 6.04723000 -8.64389100 -0.49256200
v 6.08231400 8.65646200 -0.45090100
v 4.02177200 8.21067800 -0.19509700
v 4.02177200 -8.21067800 0.19509700
v 2.24507800 10.15909700 0.63595400
v 2.14923100 -10.18127400 0.63485500
v 2.24507800 -10.15909700 -0.63595400
v 2.14923100 10.18127400 -0.63485500
v -6.03999200 7.46981400 0.73656100
v -6.03999200 -7.46981400 -0.73656100
v -8.08549000 4.88088900 -0.64442000
v -8.08549000 -4.88088900 0.64442000
v -6.26755200 7.33302500 0.75238400
v -6.26755200 -7.33302500 -0.75238400
v -8.51783300 4.62784500 -0.76785100
v -8.50204700 4.66939700 0.76960200
v -8.51783300 -4.62784500 0.76785100
v -8.50204700 -4.66939700 -0.76960200
v 5.85527500 8.79565500 0.46979400
v 5.88159000 -8.77413000 0.47428600
v 5.85527500 -8.79565500 -0.46979400
v 5.88159000 8.77413000 -0.47428600
v -6.10594300 7.43228300 -0.74176900
v -6.10594300 -7.43228300 0.74176900
v 4.08027600 8.46228100 0.60456400
v 4.08027600 -8.46228100 -0.60456400
v 8.33656900 -6.63721600 0.31064600
v 8.33656900 6.63721600 -0.31064600
v -8.13349900 4.69388500 0.60119800
v -8.13349900 -4.69388500 -0.60119800
v -6.37075100 7.37896900 -0.78181400
v -6.37075100 -7.37896900 0.78181400
v -9.06044800 1.82374400 0.42716700
v -9.06044800 -1.82374400 -0.42716700
v -9.01354000 1.80527500 -0.33594800
v -9.01354000 -1.80527500 0.33594800
v 5.15763800 9.26732400 0.40982200
v 5.13474000 -9.27533700 0.41663100
v 5.15763800 -9.26732400 -0.40982200
v 5.13474000 9.27533700 -0.41663100
v -4.82362400 7.77180200 0.21140900
v -4.82362400 -7.77180200 -0.21140900
v 4.98241300 9.38690100 0.37164900
v 4.95500800 -9.40305100 0.36884500
v 4.98241300 -9.38690100 -0.37164900
v 4.95500800 9.40305100 -0.36884500
v 1.36143900 -10.25734500 0.67561900
v 1.36143900 10.25734500 -0.67561900
v -9.17098400 1.81441500 -0.56152700
v -9.17098400 -1.81441500 0.56152700
v 7.34127100 7.76168100 0.23491500
v 7.30683800 -7.80891800 0.19629200
v 7.34127100 -7.76168100 -0.23491500
v 7.30683800 7.80891800 -0.19629200
v -1.80084000 10.12644900 -0.71115600
v -1.80084000 -10.12644900 0.71115600
v 1.99498900 8.91885400 0.18061600
v 1.99498900 -8.91885400 -0.18061600
v -8.31031200 4.65729600 -0.69730600
v -8.33221200 4.58365700 0.68770200
v -8.31031200 -4.65729600 0.69730600
v -8.33221200 -4.58365700 -0.68770200
v -4.22145000 8.94312400 -0.79956300
v -4.22145000 -8.94312400 0.79956300
v 7.81508400 -5.54249800 0.72532200
v 7.81508400 5.54249800 -0.72532200
v 3.63676800 -9.99171000 0.36049700
v 3.63676800 9.99171000 -0.36049700
v 1.37651900 9.25959000 -0.57403600
v 1.37651900 -9.25959000 0.57403600
v -9.30681900 1.53593300 -0.63558700
v -9.20811100 1.73108000 0.58176100
v -9.30681900 -1.53593300 0.63558700
v -9.20811100 -1.73108000 -0.58176100
v -4.79507500 8.84224100 -0.78775200
v -4.72370700 8.91646100 0.78145400
v -4.79507500 -8.84224100 0.78775200
v -4.72370700 -8.91646100 -0.78145400
v -2.44439900 10.11920000 -0.63129900
v -2.46924400 10.09694800 0.64325700
v -2.44439900 -10.11920000 0.63129900
v -2.46924400 -10.09694800 -0.64325700
v -7.13673700 6.90518700 -0.80001300
v -7.16326300 6.85725200 0.80009700
v -7.13673700 -6.90518700 0.80001300
v -7.16326300 -6.85725200 -0.80009700
v -8.70524500 4.13119100 0.74840500
v -8.70524500 -4.13119100 -0.74840500
v 8.07606000 4.62136900 -0.51314700
v 8.07606000 -4.62136900 0.51314700
v 0.71974000 10.46154500 0.56393200
v 0.71846100 -10.43748900 0.58718100
v 0.71974000 -10.46154500 -0.56393200
v 0.71846100 10.43748900 -0.58718100
v -5.21546200 8.71091100 -0.76506100
v -5.14559600 8.71028200 0.77523200
v -5.21546200 -8.71091100 0.76506100
v -5.14559600 -8.71028200 -0.77523200
v 0.78963000 9.14464100 -0.30416300
v 0.78963000 -9.14464100 0.30416300
v 0.58802100 10.54530300 0.47616200
v 0.48056200 -10.50140800 0.53636100
v 0.58802100 -10.54530300 -0.47616200
v 0.48056200 10.50140800 -0.53636100
v 5.99089900 -8.10804200 0.78341800
v 5.99089900 8.10804200 -0.78341800
v 7.70027300 4.96067600 -0.25353200
v 7.70027300 -4.96067600 0.25353200
v -7.57906900 6.40651500 0.80008200
v -7.57906900 -6.40651500 -0.80008200
v 10.13652500 1.46171000 0.73214900
v 10.13652500 -1.46171000 -0.73214900
v 10.51241900 -1.05983900 0.47067900
v 10.51241900 1.05983900 -0.47067900
v -4.71380500 8.08312600 0.56996500
v -4.71380500 -8.08312600 -0.56996500
v 4.64256100 8.47148200 0.75718900
v 4.64256100 -8.47148200 -0.75718900
v 5.14541400 9.39109600 0.12911900
v 5.13851000 -9.39519500 0.12738800
v 5.14541400 -9.39109600 -0.12911900
v 5.13851000 9.39519500 -0.12738800
v 1.88803300 10.44686000 0.39216700
v 1.91450700 -10.43674800 0.40128400
v 1.88803300 -10.44686000 -0.39216700
v 1.91450700 10.43674800 -0.40128400
v -0.05495500 10.56388400 0.47298300
v -0.19582300 -10.56053000 0.47526900
v -0.05495500 -10.56388400 -0.47298300
v -0.19582300 10.56053000 -0.47526900
v 1.41217900 -10.51404100 0.40546000
v 1.41217900 10.51404100 -0.40546000
v -7.59500800 6.52190700 -0.79476200
v -7.76885000 6.44440700 0.78069800
v -7.59500800 -6.52190700 0.79476200
v -7.76885000 -6.44440700 -0.78069800
v 9.34408900 -2.21163300 0.73486300
v 9.34408900 2.21163300 -0.73486300
v -9.40733400 1.29493600 -0.67935200
v -9.39536000 1.38249700 0.67965700
v -9.40733400 -1.29493600 0.67935200
v -9.39536000 -1.38249700 -0.67965700
v -8.99635100 3.95615200 -0.79491900
v -9.05887500 4.07284800 0.79998400
v -8.99635100 -3.95615200 0.79491900
v -9.05887500 -4.07284800 -0.79998400
v 9.81730800 -0.78387100 0.79701900
v 9.81730800 0.78387100 -0.79701900
v 1.37683400 9.01555900 -0.04875100
v 1.37683400 -9.01555900 0.04875100
v -8.02548200 6.05474000 -0.78870200
v -8.02548200 -6.05474000 0.78870200
v -2.03882500 10.41016100 0.40634600
v -2.03882500 -10.41016100 -0.40634600
v 6.33673000 6.97935700 -0.63106800
v 6.33673000 -6.97935700 0.63106800
v 6.79704400 7.22698600 -0.80009600
v 6.79704400 -7.22698600 0.80009600
v -9.70130700 1.79587800 -0.79837100
v -9.69003300 1.82958800 0.79803400
v -9.70130700 -1.79587800 0.79837100
v -9.69003300 -1.82958800 -0.79803400
v 6.78765800 6.11443700 -0.16391300
v 6.78765800 -6.11443700 0.16391300
v -9.56354900 1.18618400 -0.74880500
v -9.54305300 1.24944000 0.74404600
v -9.56354900 -1.18618400 0.74880500
v -9.54305300 -1.24944000 -0.74404600
v -9.93977600 1.65673900 -0.78430400
v -9.92603000 1.68736800 0.78596500
v -9.93977600 -1.65673900 0.78430400
v -9.92603000 -1.68736800 -0.78596500
v -9.76964600 1.45777900 -0.79905400
v -9.75672400 1.49989500 0.79869700
v -9.76964600 -1.45777900 0.79905400
v -9.75672400 -1.49989500 -0.79869700
v -7.46246900 7.08451800 -0.70886300
v -7.46252600 7.05149100 0.72027500
v -7.46246900 -7.08451800 0.70886300
v -7.46252600 -7.05149100 -0.72027500
v 8.22527200 4.99606500 0.74373400
v 8.22527200 -4.99606500 -0.74373400
v 5.32412000 8.22127500 0.79042900
v 5.32412000 -8.22127500 -0.79042900
v 9.53087600 -3.15437100 0.79095800
v 9.53087600 3.15437100 -0.79095800
v 9.02027100 3.58656400 0.77162600
v 9.02027100 -3.58656400 -0.77162600
v 9.42969000 -2.59708800 0.78812500
v 9.42969000 2.59708800 -0.78812500
v 9.17355600 1.14035900 0.43030100
v 9.17355600 -1.14035900 -0.43030100
v -6.62854800 8.19822300 -0.50078400
v -6.61991800 8.19353400 0.51188300
v -6.62854800 -8.19822300 0.50078400
v -6.61991800 -8.19353400 -0.51188300
v -1.89136800 10.52849900 0.18534900
v -1.85154500 -10.53802500 0.17490600
v -1.89136800 -10.52849900 -0.18534900
v -1.85154500 10.53802500 -0.17490600
v 6.41648300 6.71507700 0.49208100
v 6.41648300 -6.71507700 -0.49208100
v -4.95839400 9.19439500 -0.60160600
v -4.92328300 9.21087000 0.60343500
v -4.95839400 -9.19439500 0.60160600
v -4.92328300 -9.21087000 -0.60343500
v 6.44542200 -7.65477500 0.79521800
v 6.44542200 7.65477500 -0.79521800
v -2.74132500 -10.30367400 0.29581100
v -2.74132500 10.30367400 -0.29581100
v 8.65474900 3.18849000 0.39587900
v 8.65474900 -3.18849000 -0.39587900
v -9.96257000 0.99125900 -0.79466900
v -9.94963100 1.02900100 0.79567800
v -9.96257000 -0.99125900 0.79466900
v -9.94963100 -1.02900100 -0.79567800
v 9.35057000 -0.19656800 0.56544800
v 9.35057000 0.19656800 -0.56544800
v -8.88929400 5.18468300 -0.70831100
v -8.91578900 5.17529100 0.69846100
v -8.88929400 -5.18468300 0.70831100
v -8.91578900 -5.17529100 -0.69846100
v 6.94207900 6.59086700 0.72130300
v 6.94207900 -6.59086700 -0.72130300
v -5.26202600 9.24955300 0.34294300
v -5.27711500 -9.24327600 0.33865700
v -5.26202600 -9.24955300 -0.34294300
v -5.27711500 9.24327600 -0.33865700
v -3.89715700 9.94686500 0.23643400
v -3.78408100 -9.96683200 0.29857100
v -3.89715700 -9.94686500 -0.23643400
v -3.78408100 9.96683200 -0.29857100
v -9.04001100 4.84926800 -0.72435000
v -9.06126000 4.85375400 0.71419900
v -9.04001100 -4.84926800 0.72435000
v -9.06126000 -4.85375400 -0.71419900
v -9.27413400 4.70970800 -0.63802700
v -9.28575000 4.71748500 0.62728400
v -9.27413400 -4.70970800 0.63802700
v -9.28575000 -4.71748500 -0.62728400
v 7.94936400 4.48542800 0.11907700
v 7.94936400 -4.48542800 -0.11907700
v -1.56375500 10.57989300 0.19436400
v -1.56375500 -10.57989300 -0.19436400
v 9.51594600 3.40656900 0.77754900
v 9.51594600 -3.40656900 -0.77754900
v 10.31464400 -0.05753300 0.69517000
v 10.31464400 0.05753300 -0.69517000
v 10.14642300 -1.81353600 0.69943700
v 10.14642300 1.81353600 -0.69943700
v -2.36820300 10.43642000 0.16434100
v -2.36820300 -10.43642000 -0.16434100
v 6.50815900 6.54470500 -0.40691900
v 6.50815900 -6.54470500 0.40691900
v -2.12898500 10.49480700 0.12751200
v -2.11478100 -10.49374800 0.14943900
v -2.12898500 -10.49480700 -0.12751200
v -2.11478100 10.49374800 -0.14943900
v -2.81366100 10.33325400 0.12180800
v -2.81389900 -10.32873400 0.14702400
v -2.81366100 -10.33325400 -0.12180800
v -2.81389900 10.32873400 -0.14702400
v 10.33001600 0.52308400 0.67817100
v 10.33001600 -0.52308400 -0.67817100
v 8.73355500 2.68598000 0.17177900
v 8.73355500 -2.68598000 -0.17177900
v 9.72371300 1.81419700 0.79963800
v 9.72371300 -1.81419700 -0.79963800
v -10.12597300 1.08660300 -0.75479800
v -10.11459400 1.12273800 0.75735600
v -10.12597300 -1.08660300 0.75479800
v -10.11459400 -1.12273800 -0.75735600
v -7.27392600 7.58452100 -0.54031200
v -7.27190900 7.57376400 0.55014700
v -7.27392600 -7.58452100 0.54031200
v -7.27190900 -7.57376400 -0.55014700
v 9.22486100 1.71622400 0.59442800
v 9.22486100 -1.71622400 -0.59442800
v 7.69221800 4.97672100 0.25925300
v 7.69221800 -4.97672100 -0.25925300
v 9.57174000 -3.72600600 0.71817400
v 9.57174000 3.72600600 -0.71817400
v -7.22538300 7.80083900 0.36060000
v -7.22607100 -7.80508000 0.35342200
v -7.22538300 -7.80083900 -0.36060000
v -7.22607100 7.80508000 -0.35342200
v -6.49576600 8.50258800 0.17263900
v -6.49803800 -8.50216300 0.16785500
v -6.49576600 -8.50258800 -0.17263900
v -6.49803800 8.50216300 -0.16785500
v -10.47014100 0.95265800 -0.53525900
v -10.46735600 0.99472600 0.53400900
v -10.47014100 -0.95265800 0.53525900
v -10.46735600 -0.99472600 -0.53400900
v 9.25561000 -0.77119900 0.49191300
v 9.25561000 0.77119900 -0.49191300
v 9.32675700 0.38463200 0.54688800
v 9.32675700 -0.38463200 -0.54688800
v -7.68365000 7.40457000 0.27293500
v -7.67993200 -7.41006000 0.26979000
v -7.68365000 -7.40457000 -0.27293500
v -7.67993200 7.41006000 -0.26979000
v -10.24895600 1.89127700 -0.62197400
v -10.23007200 1.90584600 0.63452000
v -10.24895600 -1.89127700 0.62197400
v -10.23007200 -1.90584600 -0.63452000
v -10.33890900 0.80301100 -0.66064100
v -10.33422300 0.83436700 0.66213500
v -10.33890900 -0.80301100 0.66064100
v -10.33422300 -0.83436700 -0.66213500
v -9.70300200 4.41223600 -0.30330000
v -9.70485700 4.41493400 0.29635900
v -9.70300200 -4.41223600 0.30330000
v -9.70485700 -4.41493400 -0.29635900
v 5.18137600 7.83279200 -0.60180200
v 5.18137600 -7.83279200 0.60180200
v -9.59103000 4.26114600 -0.55500200
v -9.59781700 4.26904000 0.54506400
v -9.59103000 -4.26114600 0.55500200
v -9.59781700 -4.26904000 -0.54506400
v 6.98188700 7.19866600 0.79255300
v 6.98188700 -7.19866600 -0.79255300
v -8.60245500 6.35785900 0.18573400
v -8.59888000 -6.36176100 0.18804300
v -8.60245500 -6.35785900 -0.18573400
v -8.59888000 6.36176100 -0.18804300
v 10.54602700 -0.41335800 0.48620600
v 10.54602700 0.41335800 -0.48620600
v -10.01876100 3.58012700 -0.34787700
v -10.02727600 3.59004100 0.32330400
v -10.01876100 -3.58012700 0.34787700
v -10.02727600 -3.59004100 -0.32330400
v 5.54929700 7.39510800 0.43264800
v 5.54929700 -7.39510800 -0.43264800
v 9.86359300 -2.40562400 0.76511400
v 9.86359300 2.40562400 -0.76511400
v -10.51745300 1.77655700 -0.28468000
v -10.51745300 -1.77655700 0.28468000
v -8.96019500 5.83687900 -0.19901000
v -8.96366300 5.83279200 0.19635800
v -8.96019500 -5.83687900 0.19901000
v -8.96366300 -5.83279200 -0.19635800
v -10.01078800 3.11475800 -0.56605300
v -10.02175400 3.11641300 0.55488600
v -10.01078800 -3.11475800 0.56605300
v -10.02175400 -3.11641300 -0.55488600
v 7.30850100 5.48376200 -0.17086900
v 7.30850100 -5.48376200 0.17086900
v -9.68674800 4.55191100 -0.15850400
v -9.68718900 4.55271000 0.15480100
v -9.68674800 -4.55191100 0.15850400
v -9.68718900 -4.55271000 -0.15480100
v 10.09653200 -1.29435800 0.75651800
v 10.09653200 1.29435800 -0.75651800
v 7.43502400 -6.63177100 0.79887700
v 7.43502400 6.63177100 -0.79887700
v 8.28845800 3.89998800 0.25449900
v 8.28845800 -3.89998800 -0.25449900
v 8.70491800 4.35249400 0.77811100
v 8.70491800 -4.35249400 -0.77811100
v 4.86274800 8.65237500 -0.80007300
v 4.86274800 -8.65237500 0.80007300
v -8.78639700 6.09621500 0.19711700
v -8.78262500 -6.10056300 0.19953400
v -8.78639700 -6.09621500 -0.19711700
v -8.78262500 6.10056300 -0.19953400
v 9.41506800 4.36123400 0.65645000
v 9.41506800 -4.36123400 -0.65645000
v -10.31806200 2.79737300 -0.21076000
v -10.32429300 2.76305500 0.22113700
v -10.31806200 -2.79737300 0.21076000
v -10.32429300 -2.76305500 -0.22113700
v 8.66891800 -3.30781500 0.47998800
v 8.66891800 3.30781500 -0.47998800
v -10.58481200 0.69683600 -0.40670000
v -10.58449700 0.72040300 0.40455700
v -10.58481200 -0.69683600 0.40670000
v -10.58449700 -0.72040300 -0.40455700
v -10.30963100 2.55634900 -0.38178400
v -10.35403000 2.44443600 0.34901200
v -10.30963100 -2.55634900 0.38178400
v -10.35403000 -2.44443600 -0.34901200
v -0.22491300 9.48335800 -0.67301700
v -0.22491300 -9.48335800 0.67301700
v 3.11937000 8.61317400 0.25592600
v 3.11937000 -8.61317400 -0.25592600
v -9.43981800 5.05405300 0.13315300
v -9.43897800 -5.05464100 0.13586300
v -9.43981800 -5.05405300 -0.13315300
v -9.43897800 5.05464100 -0.13586300
v 9.56682400 -1.47650700 0.76369300
v 9.56682400 1.47650700 -0.76369300
v 3.03555800 8.85289500 0.57161600
v 3.03555800 -8.85289500 -0.57161600
v -10.54424600 1.21735700 -0.39537200
v -10.54276200 1.30829200 0.37846700
v -10.54424600 -1.21735700 0.39537200
v -10.54276200 -1.30829200 -0.37846700
v -10.60796800 1.41097800 0.16598100
v -10.60796800 -1.41097800 -0.16598100
v -0.46690000 9.18469000 -0.34446900
v -0.46690000 -9.18469000 0.34446900
v -10.47452800 1.93243700 0.32166400
v -10.47452800 -1.93243700 -0.32166400
v -3.50062100 8.70065400 -0.59018000
v -3.50062100 -8.70065400 0.59018000
v 9.11546000 -4.20935600 0.79078500
v 9.11546000 4.20935600 -0.79078500
v 7.13829300 6.30365500 -0.69551300
v 7.13829300 -6.30365500 0.69551300
v -10.52513400 1.95848900 -0.14365400
v -10.53321900 1.89909800 0.15797200
v -10.52513400 -1.95848900 0.14365400
v -10.53321900 -1.89909800 -0.15797200
v -3.51519600 8.45010500 0.22908500
v -3.51519600 -8.45010500 -0.22908500
v -6.50450500 6.64876400 -0.50892800
v -6.50450500 -6.64876400 0.50892800
v 0.01509900 9.14950700 0.22027700
v 0.01509900 -9.14950700 -0.22027700
v -3.43186900 8.49583300 -0.26225000
v -3.43186900 -8.49583300 0.26225000
v 9.88962600 -3.65179600 0.50126800
v 9.88962600 3.65179600 -0.50126800
v -10.59358200 1.43840600 -0.20985100
v -10.53449200 1.65959900 0.28994100
v -10.59358200 -1.43840600 0.20985100
v -10.53449200 -1.65959900 -0.28994100
v 2.00503100 9.32203600 -0.70221500
v 2.00503100 -9.32203600 0.70221500
v 8.73595500 -5.60527200 0.65401500
v 8.73595500 5.60527200 -0.65401500
v 10.38535500 1.49932000 0.55705600
v 10.38535500 -1.49932000 -0.55705600
v 9.10112500 4.84011800 0.69894000
v 9.10112500 -4.84011800 -0.69894000
v 4.46397600 9.00240900 0.78951700
v 4.46397600 -9.00240900 -0.78951700
v 7.31915800 6.75093100 0.79917500
v 7.31915800 -6.75093100 -0.79917500
v 0.78947300 9.48693500 0.69352700
v 0.78947300 -9.48693500 -0.69352700
v 4.21073300 8.92490000 0.79851300
v 4.21073300 -8.92490000 -0.79851300
v -1.15724500 9.06198700 -0.16396300
v -1.15724500 -9.06198700 0.16396300
v 4.54246200 8.00598800 -0.36141300
v 4.54246200 -8.00598800 0.36141300
v -2.10275400 9.06682900 0.51629000
v -2.10275400 -9.06682900 -0.51629000
v -5.31758900 7.53913000 -0.40004700
v -5.31758900 -7.53913000 0.40004700
v -4.61527800 7.87164600 -0.10012300
v -4.61527800 -7.87164600 0.10012300
v 2.43943300 8.93806100 -0.46130600
v 2.43943300 -8.93806100 0.46130600
v -7.62070500 5.28655300 0.47498800
v -7.62070500 -5.28655300 -0.47498800
v -9.01523100 1.38750900 -0.06663400
v -9.01523100 -1.38750900 0.06663400
v -4.46317900 7.95428300 0.06045500
v -4.46317900 -7.95428300 -0.06045500
v -0.99957900 9.58128300 0.74746000
v -0.99957900 -9.58128300 -0.74746000
v 2.09203800 9.53834400 0.78521200
v 2.09203800 -9.53834400 -0.78521200
v 6.46451300 6.45122600 0.15013100
v 6.46451300 -6.45122600 -0.15013100
v -6.71184600 6.39517700 0.46941000
v -6.71184600 -6.39517700 -0.46941000
v -2.19461500 8.85057900 -0.00430200
v -2.19461500 -8.85057900 0.00430200
v -1.83705000 9.06096800 0.43210700
v -1.83705000 -9.06096800 -0.43210700
v -0.66772700 9.66991300 0.76758900
v -0.66772700 -9.66991300 -0.76758900
v 8.21205100 -6.31999200 0.66577600
v 8.21205100 6.31999200 -0.66577600
v 9.07138500 -1.15917800 0.20439200
v 9.07138500 1.15917800 -0.20439200
v 4.94398200 8.04697800 0.64436500
v 4.94398200 -8.04697800 -0.64436500
v -0.72042300 9.16135500 -0.32958800
v -0.72042300 -9.16135500 0.32958800
v 7.04826400 6.74556000 0.78339400
v 7.04826400 -6.74556000 -0.78339400
v 9.71927800 -3.51717100 0.68259900
v 9.71927800 3.51717100 -0.68259900
v 7.71121100 -6.44344900 0.78943200
v 7.71121100 6.44344900 -0.78943200
v 10.45453500 -1.65470700 0.44343700
v 10.45453500 1.65470700 -0.44343700
v 10.43132900 2.28770000 0.24846900
v 10.48606500 -2.11189400 0.18709000
v 10.43132900 -2.28770000 -0.24846900
v 10.48606500 2.11189400 -0.18709000
v 1.60359100 9.76715200 0.79983000
v 1.60359100 -9.76715200 -0.79983000
v 8.26070600 -4.89183200 0.73409700
v 8.26070600 4.89183200 -0.73409700
v 8.42454100 6.08677400 0.64410200
v 8.42454100 -6.08677400 -0.64410200
v -8.63157700 2.95855800 0.09729100
v -8.63157700 -2.95855800 -0.09729100
v 8.27343900 5.30305100 0.79484100
v 8.27343900 -5.30305100 -0.79484100
v 8.76316900 3.44157900 0.62144900
v 8.76316900 -3.44157900 -0.62144900
v 3.54464500 8.40177100 0.02174600
v 3.54464500 -8.40177100 -0.02174600
v 9.09542800 0.99806000 0.22202800
v 9.09542800 -0.99806000 -0.22202800
v -2.43846700 8.79913000 0.13897300
v -2.43846700 -8.79913000 -0.13897300
v 8.81481900 4.93810400 0.77840500
v 8.81481900 -4.93810400 -0.77840500
v 6.48822300 8.00936000 0.69921900
v 6.48822300 -8.00936000 -0.69921900
v 2.01808800 9.16952300 0.59962500
v 2.01808800 -9.16952300 -0.59962500
v -8.44621800 4.33651100 -0.67833800
v -8.44621800 -4.33651100 0.67833800
v 3.22375800 9.35101300 0.79962400
v 3.22375800 -9.35101300 -0.79962400
v 9.42117900 3.77718900 0.76588900
v 9.42117900 -3.77718900 -0.76588900
v 10.13701600 2.71453100 0.55586400
v 10.13701600 -2.71453100 -0.55586400
v -6.97287200 5.88331900 0.08648200
v -6.97287200 -5.88331900 -0.08648200
v 5.93425200 -8.36988300 0.72359200
v 5.93425200 8.36988300 -0.72359200
v 7.63697000 7.17334400 0.57252600
v 7.62889000 -7.17137400 0.57950400
v 7.63697000 -7.17334400 -0.57252600
v 7.62889000 7.17137400 -0.57950400
v 9.09266200 -5.21214800 0.56958600
v 9.09266200 5.21214800 -0.56958600
v 4.49897200 8.73208300 0.79434800
v 4.49897200 -8.73208300 -0.79434800
v 8.69263500 -6.01144800 0.46640900
v 8.69263500 6.01144800 -0.46640900
v 4.56544200 9.07181400 -0.76415000
v 4.56544200 -9.07181400 0.76415000
v -0.50697600 9.61852500 -0.74692200
v -0.50697600 -9.61852500 0.74692200
v 8.15112900 6.39784500 0.66599400
v 8.15112900 -6.39784500 -0.66599400
v 4.18768500 8.62770100 -0.72960000
v 4.18768500 -8.62770100 0.72960000
v 5.34965200 7.60290600 0.50288700
v 5.34965200 -7.60290600 -0.50288700
v 4.40654800 9.24770500 0.73102500
v 4.40654800 -9.24770500 -0.73102500
v -1.38675100 9.82752600 -0.80007600
v -1.38675100 -9.82752600 0.80007600
v 4.65233200 8.15571800 -0.59995900
v 4.65233200 -8.15571800 0.59995900
v -2.83700800 9.69912600 -0.77798200
v -2.82513900 9.68486200 0.78187300
v -2.83700800 -9.69912600 0.77798200
v -2.82513900 -9.68486200 -0.78187300
v 0.56661000 9.90192700 0.80010000
v 0.56661000 -9.90192700 -0.80010000
v 1.31911800 9.04886400 0.20195300
v 1.31911800 -9.04886400 -0.20195300
v -1.48382700 9.71913700 0.79536200
v -1.48382700 -9.71913700 -0.79536200
v -2.80301600 9.17010400 -0.72898300
v -2.80301600 -9.17010400 0.72898300
v -8.31869400 3.76242600 -0.13446100
v -8.31869400 -3.76242600 0.13446100
v 4.46372100 8.41044200 -0.69458600
v 4.46372100 -8.41044200 0.69458600
v -3.03280100 9.22499800 -0.77260100
v -3.03280100 -9.22499800 0.77260100
v 3.99015900 9.50803500 0.69712200
v 3.99015900 -9.50803500 -0.69712200
v -5.43895200 7.61941100 -0.57418200
v -5.43895200 -7.61941100 0.57418200
v 0.82612200 9.26067100 0.50418600
v 0.82612200 -9.26067100 -0.50418600
v -1.70455800 9.86190200 0.79508700
v -1.70455800 -9.86190200 -0.79508700
v 8.68639500 -4.47345700 0.78628000
v 8.68639500 4.47345700 -0.78628000
v -4.45290900 8.30362300 -0.62744300
v -4.45290900 -8.30362300 0.62744300
v 5.06643600 -9.04337100 0.66347300
v 5.06643600 9.04337100 -0.66347300
v 0.90286300 9.87977200 -0.80009700
v 0.90286300 -9.87977200 0.80009700
v -5.73833800 7.42612700 -0.59597900
v -5.73833800 -7.42612700 0.59597900
v 9.24059100 5.40125500 0.15638500
v 9.25114200 -5.38159100 0.16030400
v 9.24059100 -5.40125500 -0.15638500
v 9.25114200 5.38159100 -0.16030400
v -3.08798100 9.23104900 0.77845500
v -3.08798100 -9.23104900 -0.77845500
v 1.72541400 9.94449200 0.78086900
v 1.72541400 -9.94449200 -0.78086900
v -0.99417700 9.42179600 0.66520200
v -0.99417700 -9.42179600 -0.66520200
v 9.10361700 5.61881600 0.18130300
v 9.10957200 -5.59255800 0.21527800
v 9.10361700 -5.61881600 -0.18130300
v 9.10957200 5.59255800 -0.21527800
v 4.60724300 7.87128300 -0.05531100
v 4.60724300 -7.87128300 0.05531100
v -3.77322000 8.63218000 0.62631300
v -3.77322000 -8.63218000 -0.62631300
v 9.66909600 4.60189700 0.12885800
v 9.67917900 -4.56641400 0.16178300
v 9.66909600 -4.60189700 -0.12885800
v 9.67917900 4.56641400 -0.16178300
v 6.11742400 8.47532800 0.59603100
v 6.18343800 -8.54263100 0.49704300
v 6.11742400 -8.47532800 -0.59603100
v 6.18343800 8.54263100 -0.49704300
v -7.88929200 4.63446500 -0.22132100
v -7.88929200 -4.63446500 0.22132100
v 10.19699600 3.23516200 0.18169100
v 10.21497300 -3.12516800 0.23878200
v 10.19699600 -3.23516200 -0.18169100
v 10.21497300 3.12516800 -0.23878200
v 1.06133200 9.05827800 0.05125100
v 1.06133200 -9.05827800 -0.05125100
v -0.80291500 9.63213300 -0.75899300
v -0.80291500 -9.63213300 0.75899300
v -5.59778900 7.21782500 0.15685000
v -5.59778900 -7.21782500 -0.15685000
v 4.29243200 9.45156100 0.65330200
v 4.28177800 -9.49499900 0.62694800
v 4.29243200 -9.45156100 -0.65330200
v 4.28177800 9.49499900 -0.62694800
v -2.88391600 8.85809700 -0.52591700
v -2.88391600 -8.85809700 0.52591700
v 5.90933600 8.65183000 0.57279500
v 6.01908500 -8.62670600 0.52895700
v 5.90933600 -8.65183000 -0.57279500
v 6.01908500 8.62670600 -0.52895700
v 1.29823300 9.99159800 0.78456800
v 1.29823300 -9.99159800 -0.78456800
v 9.46851100 4.98572600 0.16809600
v 9.47233300 -4.98293700 0.15809400
v 9.46851100 -4.98572600 -0.16809600
v 9.47233300 4.98293700 -0.15809400
v -2.08596900 9.26181300 0.67796000
v -2.08596900 -9.26181300 -0.67796000
v -7.87188300 4.60249600 -0.00757500
v -7.87188300 -4.60249600 0.00757500
v 7.77447100 5.14508700 0.53389600
v 7.77447100 -5.14508700 -0.53389600
v 2.60680900 10.00488100 -0.68086900
v 2.61294900 9.96283800 0.70351400
v 2.60680900 -10.00488100 0.68086900
v 2.61294900 -9.96283800 -0.70351400
v 5.57877700 8.92318200 0.52370700
v 5.57436700 -8.90383700 0.54459900
v 5.57877700 -8.92318200 -0.52370700
v 5.57436700 8.90383700 -0.54459900
v -7.11705900 6.07645300 0.57095900
v -7.11705900 -6.07645300 -0.57095900
v -6.24784000 7.20954800 -0.70484400
v -6.24784000 -7.20954800 0.70484400
v 1.28402200 10.12976700 -0.74486500
v 1.29265300 10.11764300 0.74906300
v 1.28402200 -10.12976700 0.74486500
v 1.29265300 -10.11764300 -0.74906300
v -8.05332900 4.54326900 0.43391400
v -8.05332900 -4.54326900 -0.43391400
v -2.60152700 8.87512900 -0.43711800
v -2.60152700 -8.87512900 0.43711800
v -5.06692200 8.11765300 0.71973900
v -5.06692200 -8.11765300 -0.71973900
v 8.08939900 6.93311100 0.31557000
v 8.15095200 -6.86219100 0.31323400
v 8.08939900 -6.93311100 -0.31557000
v 8.15095200 6.86219100 -0.31323400
v -2.64510100 9.03101200 -0.61789700
v -2.64510100 -9.03101200 0.61789700
v 1.42341700 9.05226200 -0.26423400
v 1.42341700 -9.05226200 0.26423400
v 7.28172600 7.66321800 0.46315900
v 7.37755800 -7.64505300 0.37726100
v 7.28172600 -7.66321800 -0.46315900
v 7.37755800 7.64505300 -0.37726100
v 3.57318400 9.82279900 0.59598900
v 3.60436000 -9.81521600 0.59276400
v 3.57318400 -9.82279900 -0.59598900
v 3.60436000 9.81521600 -0.59276400
v -8.80967200 2.49878500 0.24550500
v -8.80967200 -2.49878500 -0.24550500
v -3.94709000 8.39237300 0.47415800
v -3.94709000 -8.39237300 -0.47415800
v -5.00681400 8.19480300 -0.73530300
v -5.00681400 -8.19480300 0.73530300
v -3.86210500 9.02365500 0.79340400
v -3.86210500 -9.02365500 -0.79340400
v 5.12869800 9.19835500 0.51438300
v 5.09148700 -9.19111900 0.54212800
v 5.12869800 -9.19835500 -0.51438300
v 5.09148700 9.19111900 -0.54212800
v 9.65677600 4.55331500 0.25693800
v 9.73169800 -4.37605700 0.27426400
v 9.65677600 -4.55331500 -0.25693800
v 9.73169800 4.37605700 -0.27426400
v -7.93459100 4.81023700 0.48029900
v -7.93459100 -4.81023700 -0.48029900
v -8.54817900 3.18337300 0.07024700
v -8.54817900 -3.18337300 -0.07024700
v 0.84541600 10.10678000 -0.76828600
v 0.84541600 -10.10678000 0.76828600
v -0.25267600 9.96187200 -0.79875500
v -0.25267600 -9.96187200 0.79875500
v -8.89784600 2.45064200 0.40581800
v -8.89784600 -2.45064200 -0.40581800
v 3.08278200 10.07885300 0.50440900
v 3.08278200 -10.07885300 -0.50440900
v -4.31506300 8.82086400 0.79395700
v -4.31506300 -8.82086400 -0.79395700
v 7.82904800 7.31007500 0.10955200
v 7.84596100 -7.28856200 0.12497800
v 7.82904800 -7.31007500 -0.10955200
v 7.84596100 7.28856200 -0.12497800
v -0.42913800 10.00666200 -0.79417900
v -0.52358100 9.97427600 0.79709200
v -0.42913800 -10.00666200 0.79417900
v -0.52358100 -9.97427600 -0.79709200
v -9.13999100 0.74045600 -0.28197600
v -9.18984300 0.64156700 0.37554200
v -9.13999100 -0.74045600 0.28197600
v -9.18984300 -0.64156700 -0.37554200
v 6.47872600 8.42261500 0.37379600
v 6.41331200 -8.44654300 0.41060200
v 6.47872600 -8.42261500 -0.37379600
v 6.41331200 8.44654300 -0.41060200
v -7.98051300 4.46009800 0.19316600
v -7.98051300 -4.46009800 -0.19316600
v -5.41350600 8.03983800 -0.76746700
v -5.50970800 7.94807100 0.76080000
v -5.41350600 -8.03983800 0.76746700
v -5.50970800 -7.94807100 -0.76080000
v 9.48006900 1.73455200 0.74903700
v 9.48006900 -1.73455200 -0.74903700
v -2.60099800 9.62159900 -0.79864300
v -2.53451800 9.53098200 0.79810400
v -2.60099800 -9.62159900 0.79864300
v -2.53451800 -9.53098200 -0.79810400
v 4.51233600 9.56005700 0.46266400
v 4.47245100 -9.59855700 0.43627900
v 4.51233600 -9.56005700 -0.46266400
v 4.47245100 9.59855700 -0.43627900
v -3.11287500 9.67295000 -0.76237200
v -3.13526800 9.67004800 0.76104700
v -3.11287500 -9.67295000 0.76237200
v -3.13526800 -9.67004800 -0.76104700
v -8.88588000 2.58622400 -0.44622500
v -8.88588000 -2.58622400 0.44622500
v 6.22967600 7.51409100 -0.78433600
v 6.22967600 -7.51409100 0.78433600
v -5.66250500 7.92373600 -0.77967600
v -5.69257000 7.83812700 0.76587300
v -5.66250500 -7.92373600 0.77967600
v -5.69257000 -7.83812700 -0.76587300
v 8.59119000 5.16175500 0.79332700
v 8.59119000 -5.16175500 -0.79332700
v 10.47259200 0.78096400 0.54800100
v 10.47259200 -0.78096400 -0.54800100
v -6.50087700 6.99935200 0.71143300
v -6.50087700 -6.99935200 -0.71143300
v 6.27049100 6.66113900 -0.21566800
v 6.27049100 -6.66113900 0.21566800
v 3.01595500 9.22484500 0.77112900
v 3.01595500 -9.22484500 -0.77112900
v 0.32966900 10.11126500 0.77522900
v 0.32966900 -10.11126500 -0.77522900
v -8.26250500 4.21728400 -0.47729400
v -8.25926400 4.40534600 0.57339700
v -8.26250500 -4.21728400 0.47729400
v -8.25926400 -4.40534600 -0.57339700
v -6.74636600 6.78617700 -0.71962900
v -6.74636600 -6.78617700 0.71962900
v 2.75790700 10.19493900 0.47656800
v 2.75790700 -10.19493900 -0.47656800
v 7.64949100 7.47575100 0.19018900
v 7.66080500 -7.44632000 0.23527000
v 7.64949100 -7.47575100 -0.19018900
v 7.66080500 7.44632000 -0.23527000
v 5.72944200 7.60223600 -0.69338500
v 5.72944200 -7.60223600 0.69338500
v -6.91321200 6.24673100 -0.52783700
v -6.91321200 -6.24673100 0.52783700
v 5.41668000 9.16643200 0.33072100
v 5.41079600 -9.16754300 0.33517000
v 5.41668000 -9.16643200 -0.33072100
v 5.41079600 9.16754300 -0.33517000
v 9.68648400 3.63448300 0.67651200
v 9.68648400 -3.63448300 -0.67651200
v 7.77869100 5.12636600 -0.52621400
v 7.77869100 -5.12636600 0.52621400
v 9.83858200 -0.07098900 0.79610400
v 9.83858200 0.07098900 -0.79610400
v 9.02142500 -2.82984300 0.65192000
v 9.02142500 2.82984300 -0.65192000
v 10.31305800 -1.89939100 0.56369600
v 10.31305800 1.89939100 -0.56369600
v 8.79193600 2.42707100 -0.05915600
v 8.79193600 -2.42707100 0.05915600
v -5.91556200 7.92796600 -0.79964600
v -5.88734200 7.83000300 0.79070000
v -5.91556200 -7.92796600 0.79964600
v -5.88734200 -7.83000300 -0.79070000
v 4.06986000 9.81731300 0.37119700
v 4.06986000 -9.81731300 -0.37119700
v -8.85153900 3.97641500 0.77066900
v -8.85153900 -3.97641500 -0.77066900
v -0.33658000 10.32844900 -0.68391700
v -0.39028500 10.29655600 0.70124300
v -0.33658000 -10.32844900 0.68391700
v -0.39028500 -10.29655600 -0.70124300
v 5.40949100 8.46054200 0.79053000
v 5.40949100 -8.46054200 -0.79053000
v -0.74591200 9.45712500 -0.67332000
v -0.74591200 -9.45712500 0.67332000
v -7.74573500 5.39698000 -0.64150100
v -7.74573500 -5.39698000 0.64150100
v -9.21443500 0.92433600 -0.45516000
v -9.21443500 -0.92433600 0.45516000
v 9.24797500 -2.79910500 0.75790400
v 9.24797500 2.79910500 -0.75790400
v -6.98763500 6.71109200 -0.76625000
v -6.98763500 -6.71109200 0.76625000
v -6.92744100 7.20531100 -0.79642500
v -6.91088800 7.16798200 0.79918600
v -6.92744100 -7.20531100 0.79642500
v -6.91088800 -7.16798200 -0.79918600
v 0.38822600 9.35151000 -0.57230000
v 0.38822600 -9.35151000 0.57230000
v 6.67792200 -7.74958500 0.73710200
v 6.67792200 7.74958500 -0.73710200
v 8.47910300 6.53700000 0.14017300
v 8.44046900 -6.58539600 0.14496800
v 8.47910300 -6.53700000 -0.14017300
v 8.44046900 6.58539600 -0.14496800
v -5.97556400 6.91779400 -0.18920400
v -5.97556400 -6.91779400 0.18920400
v -0.63276100 10.28194500 -0.70264000
v -0.71477400 10.29764200 0.69077600
v -0.63276100 -10.28194500 0.70264000
v -0.71477400 -10.29764200 -0.69077600
v 4.87272900 9.50453400 0.24362300
v 4.85578100 -9.51605100 0.23554300
v 4.87272900 -9.50453400 -0.24362300
v 4.85578100 9.51605100 -0.23554300
v 3.31293300 8.53144400 -0.22911700
v 3.31293300 -8.53144400 0.22911700
v -5.63205400 7.50718700 0.59607500
v -5.63205400 -7.50718700 -0.59607500
v -1.86667600 9.96485800 -0.76940500
v -1.92415500 9.97405000 0.76349000
v -1.86667600 -9.96485800 0.76940500
v -1.92415500 -9.97405000 -0.76349000
v -0.85408100 10.35801100 -0.64423900
v -0.91425600 10.34825800 0.64760000
v -0.85408100 -10.35801100 0.64423900
v -0.91425600 -10.34825800 -0.64760000
v -0.70074100 10.09666300 0.77411500
v -0.70074100 -10.09666300 -0.77411500
v 5.53115800 8.48443500 -0.77220000
v 5.53115800 -8.48443500 0.77220000
v 3.64394700 8.82595100 0.70935600
v 3.64394700 -8.82595100 -0.70935600
v 8.69506700 2.99865500 -0.34669400
v 8.69506700 -2.99865500 0.34669400
v 6.75518700 7.43048300 0.79052000
v 6.75518700 -7.43048300 -0.79052000
v -7.27239800 6.56204000 -0.79052900
v -7.33178100 6.50904600 0.79186700
v -7.27239800 -6.56204000 0.79052900
v -7.33178100 -6.50904600 -0.79186700
v 5.10239400 8.72823100 -0.77684100
v 5.10239400 -8.72823100 0.77684100
v 5.94060800 8.91086600 0.12134100
v 5.94098400 -8.91062100 0.12130800
v 5.94060800 -8.91086600 -0.12134100
v 5.94098400 8.91062100 -0.12130800
v 10.07452500 -2.94230700 0.55460600
v 10.07452500 2.94230700 -0.55460600
v 8.01281200 4.41567500 -0.21829000
v 8.01281200 -4.41567500 0.21829000
v 6.09028900 8.71142700 0.36783600
v 6.09405700 -8.71825300 0.35245700
v 6.09028900 -8.71142700 -0.36783600
v 6.09405700 8.71825300 -0.35245700
v 1.33036400 10.33435200 0.62388200
v 1.33036400 -10.33435200 -0.62388200
v -8.64255400 3.93178100 0.67862500
v -8.64255400 -3.93178100 -0.67862500
v -7.91521200 5.37057100 -0.71778700
v -7.97394800 5.27588900 0.71584900
v -7.91521200 -5.37057100 0.71778700
v -7.97394800 -5.27588900 -0.71584900
v -0.92632500 9.19115000 -0.42001700
v -0.92632500 -9.19115000 0.42001700
v 5.69770100 9.05614200 0.17505200
v 5.69758800 -9.05571600 0.17691500
v 5.69770100 -9.05614200 -0.17505200
v 5.69758800 9.05571600 -0.17691500
v 1.92509900 8.99921900 -0.35732400
v 1.92509900 -8.99921900 0.35732400
v -6.27653000 7.52381100 0.79095700
v -6.27653000 -7.52381100 -0.79095700
v 5.08879500 7.58052000 0.13561300
v 5.08879500 -7.58052000 -0.13561300
v 1.22560500 10.46668200 0.50634600
v 1.22560500 -10.46668200 -0.50634600
v -7.80096200 4.75213700 0.15836800
v -7.80096200 -4.75213700 -0.15836800
v -1.25923900 9.34650500 -0.63424000
v -1.25923900 -9.34650500 0.63424000
v -1.63271400 10.28524400 -0.62833900
v -1.61236700 10.29320900 0.62460600
v -1.63271400 -10.28524400 0.62833900
v -1.61236700 -10.29320900 -0.62460600
v 6.72054700 -7.49839600 0.78579000
v 6.72054700 7.49839600 -0.78579000
v 0.04278100 10.49452200 -0.55541800
v 0.14070500 10.52565500 0.52021400
v 0.04278100 -10.49452200 0.55541800
v 0.14070500 -10.52565500 -0.52021400
v -1.54495500 9.07494100 0.36265900
v -1.54495500 -9.07494100 -0.36265900
v -5.50291300 8.70302200 -0.70511000
v -5.45392900 8.69684800 0.72103300
v -5.50291300 -8.70302200 0.70511000
v -5.45392900 -8.69684800 -0.72103300
v -6.14794400 6.85796900 -0.37185700
v -6.14794400 -6.85796900 0.37185700
v 2.16026700 10.39169000 0.39612700
v 2.16026700 -10.39169000 -0.39612700
v -7.47353600 6.25931600 -0.78178200
v -7.47353600 -6.25931600 0.78178200
v -8.12181900 5.19568800 -0.75055800
v -8.17939500 5.14426700 0.75800800
v -8.12181900 -5.19568800 0.75055800
v -8.17939500 -5.14426700 -0.75800800
v -3.62527000 9.57654800 0.73285400
v -3.62527000 -9.57654800 -0.73285400
v -5.64037700 8.38989700 -0.77699000
v -5.57812300 8.35846800 0.78944300
v -5.64037700 -8.38989700 0.77699000
v -5.57812300 -8.35846800 -0.78944300
v -6.65694200 7.26136300 -0.79723100
v -6.65694200 -7.26136300 0.79723100
v -6.10812300 7.03858500 -0.53007100
v -6.10812300 -7.03858500 0.53007100
v -5.96535800 8.27406300 -0.74891600
v -5.93586100 8.23849400 0.76466500
v -5.96535800 -8.27406300 0.74891600
v -5.93586100 -8.23849400 -0.76466500
v 6.32942800 8.59594600 0.26159400
v 6.31259100 -8.60946700 0.25889900
v 6.32942800 -8.59594600 -0.26159400
v 6.31259100 8.60946700 -0.25889900
v -1.91265700 10.21431700 -0.64520500
v -1.89714900 10.16345200 0.68081400
v -1.91265700 -10.21431700 0.64520500
v -1.89714900 -10.16345200 -0.68081400
v -5.21002300 7.72666000 0.52975300
v -5.21002300 -7.72666000 -0.52975300
v -2.42125500 9.28982600 0.73396300
v -2.42125500 -9.28982600 -0.73396300
v 0.34827000 9.56107100 -0.71885800
v 0.34827000 -9.56107100 0.71885800
v -6.10263800 8.07390200 -0.77416100
v -6.09573600 8.02461300 0.78421900
v -6.10263800 -8.07390200 0.77416100
v -6.09573600 -8.02461300 -0.78421900
v 3.25939500 10.12354600 0.35585000
v 3.33183400 -10.09617200 0.36296100
v 3.25939500 -10.12354600 -0.35585000
v 3.33183400 10.09617200 -0.36296100
v 3.66236200 8.40750500 0.28361200
v 3.66236200 -8.40750500 -0.28361200
v 7.75632900 -6.14120600 0.79969300
v 7.75632900 6.14120600 -0.79969300
v -8.34071400 4.92322900 -0.76531100
v -8.41301200 4.98667900 0.78796200
v -8.34071400 -4.92322900 0.76531100
v -8.41301200 -4.98667900 -0.78796200
v -7.95969200 4.72281300 -0.44736800
v -7.95969200 -4.72281300 0.44736800
v 8.78150000 -4.72391900 0.79835800
v 8.78150000 4.72391900 -0.79835800
v 4.20261000 8.85449100 -0.79142800
v 4.20261000 -8.85449100 0.79142800
v -6.31675500 6.62269900 0.22920600
v -6.31675500 -6.62269900 -0.22920600
v 5.08664200 7.67895100 0.37301900
v 5.08664200 -7.67895100 -0.37301900
v -9.20280900 0.96974500 0.44499000
v -9.20280900 -0.96974500 -0.44499000
v -9.40551500 1.02270300 -0.65622200
v -9.36345500 1.10900700 0.63265900
v -9.40551500 -1.02270300 0.65622200
v -9.36345500 -1.10900700 -0.63265900
v -5.25718500 7.55847000 0.36553100
v -5.25718500 -7.55847000 -0.36553100
v -8.86808700 3.71982400 -0.74089700
v -8.86808700 -3.71982400 0.74089700
v 5.70801600 7.33516900 -0.50042800
v 5.70801600 -7.33516900 0.50042800
v 8.86304700 -2.81516500 0.50657900
v 8.86304700 2.81516500 -0.50657900
v -2.71214100 8.75664300 0.27415000
v -2.71214100 -8.75664300 -0.27415000
v -8.06007900 5.95537500 0.79346300
v -8.06007900 -5.95537500 -0.79346300
v -7.06407100 5.80037800 -0.18516700
v -7.06407100 -5.80037800 0.18516700
v -2.38799000 10.24886600 -0.52393600
v -2.38799000 -10.24886600 0.52393600
v -9.58238500 2.12027000 -0.79324000
v -9.57762500 2.14646800 0.79337800
v -9.58238500 -2.12027000 0.79324000
v -9.57762500 -2.14646800 -0.79337800
v 9.37516200 -3.85700400 0.76958400
v 9.37516200 3.85700400 -0.76958400
v -5.00619000 8.91092100 -0.74084100
v -4.94218100 8.93391500 0.74526600
v -5.00619000 -8.91092100 0.74084100
v -4.94218100 -8.93391500 -0.74526600
v 9.72224800 -3.74001000 0.62614200
v 9.72224800 3.74001000 -0.62614200
v -10.15489600 0.81867000 -0.75347300
v -10.14658400 0.85030100 0.75548300
v -10.15489600 -0.81867000 0.75347300
v -10.14658400 -0.85030100 -0.75548300
v 3.85305800 8.43075300 0.46765500
v 3.85305800 -8.43075300 -0.46765500
v 1.09569200 -10.57229600 0.36843500
v 1.09569200 10.57229600 -0.36843500
v -4.44414000 9.40299700 -0.63890500
v -4.41747400 9.43023200 0.62866600
v -4.44414000 -9.40299700 0.63890500
v -4.41747400 -9.43023200 -0.62866600
v 2.17590800 -10.39879900 0.37775300
v 2.17590800 10.39879900 -0.37775300
v 3.72607100 -10.02293100 0.20109100
v 3.72607100 10.02293100 -0.20109100
v 9.51803600 -4.46401600 0.53583700
v 9.51803600 4.46401600 -0.53583700
v 7.80405000 -5.85517900 0.78345500
v 7.80405000 5.85517900 -0.78345500
v 1.96362100 10.49152200 0.26483400
v 1.97307000 -10.48864000 0.26792300
v 1.96362100 -10.49152200 -0.26483400
v 1.97307000 10.48864000 -0.26792300
v -3.02348500 9.84690400 -0.70305700
v -3.00408400 9.88845800 0.68344700
v -3.02348500 -9.84690400 0.70305700
v -3.00408400 -9.88845800 -0.68344700
v -0.73273600 9.17708900 0.36419600
v -0.73273600 -9.17708900 -0.36419600
v -8.56600100 4.84989800 -0.79657400
v -8.60521900 4.86273200 0.79935300
v -8.56600100 -4.84989800 0.79657400
v -8.60521900 -4.86273200 -0.79935300
v -3.89096700 9.56373000 -0.68929100
v -3.87949000 9.60773900 0.66645100
v -3.89096700 -9.56373000 0.68929100
v -3.87949000 -9.60773900 -0.66645100
v 9.93227800 1.98181900 0.77222100
v 9.93227800 -1.98181900 -0.77222100
v -3.99526200 8.29455500 -0.36482200
v -3.99526200 -8.29455500 0.36482200
v -2.17666000 10.32814200 -0.48503800
v -2.16466500 10.31440100 0.50523600
v -2.17666000 -10.32814200 0.48503800
v -2.16466500 -10.31440100 -0.50523600
v 6.75731800 6.44561100 -0.55091400
v 6.75731800 -6.44561100 0.55091400
v 0.34781100 10.67724500 0.23695100
v 0.32452400 -10.67683700 0.24059900
v 0.34781100 -10.67724500 -0.23695100
v 0.32452400 10.67683700 -0.24059900
v -1.45964700 10.52440400 0.37563200
v -1.41066800 -10.52755700 0.38212800
v -1.45964700 -10.52440400 -0.37563200
v -1.41066800 10.52755700 -0.38212800
v -7.25297100 7.37737400 -0.67670100
v -7.24860500 7.35783700 0.68712400
v -7.25297100 -7.37737400 0.67670100
v -7.24860500 -7.35783700 -0.68712400
v 8.87337400 -5.01356300 0.75205200
v 8.87337400 5.01356300 -0.75205200
v 0.12200000 9.26083600 -0.45654300
v 0.12200000 -9.26083600 0.45654300
v -9.16208200 3.23009000 -0.77368100
v -9.17367400 3.21960800 0.77560800
v -9.16208200 -3.23009000 0.77368100
v -9.17367400 -3.21960800 -0.77560800
v 9.19211600 -1.32698700 0.49155600
v 9.19211600 1.32698700 -0.49155600
v 1.98135400 10.52711900 0.10443100
v 1.98421600 -10.52622500 0.10704100
v 1.98135400 -10.52711900 -0.10443100
v 1.98421600 10.52622500 -0.10704100
v -2.43215500 10.24580500 0.51559000
v -2.43215500 -10.24580500 -0.51559000
v -6.84608600 8.00429100 -0.51300700
v -6.83851600 7.99910000 0.52343400
v -6.84608600 -8.00429100 0.51300700
v -6.83851600 -7.99910000 -0.52343400
v 9.18276100 0.54737800 0.34968600
v 9.18276100 -0.54737800 -0.34968600
v 3.37683800 8.79978100 0.62997500
v 3.37683800 -8.79978100 -0.62997500
v 9.45299200 3.04524000 0.79999900
v 9.45299200 -3.04524000 -0.79999900
v 9.63708700 -2.51725300 0.79901100
v 9.63708700 2.51725300 -0.79901100
v 5.48686500 -8.28848800 0.79981500
v 5.48686500 8.28848800 -0.79981500
v -7.22827400 5.62628200 0.25361100
v -7.22827400 -5.62628200 -0.25361100
v -6.76503200 6.17759600 0.25771500
v -6.76503200 -6.17759600 -0.25771500
v -9.38355200 1.91162100 0.72312900
v -9.38355200 -1.91162100 -0.72312900
v 6.39746900 7.59595700 0.80000400
v 6.39746900 -7.59595700 -0.80000400
v -0.53440800 9.12313900 0.17855500
v -0.53440800 -9.12313900 -0.17855500
v -8.17878700 4.53495600 -0.56472900
v -8.17878700 -4.53495600 0.56472900
v -9.56284000 0.80803500 -0.73254100
v -9.54140200 0.86448800 0.72510000
v -9.56284000 -0.80803500 0.73254100
v -9.54140200 -0.86448800 -0.72510000
v 6.82997100 6.23055100 0.43146400
v 6.82997100 -6.23055100 -0.43146400
v 6.51195000 6.88247000 0.66573900
v 6.51195000 -6.88247000 -0.66573900
v -9.51898400 3.56864200 -0.76094300
v -9.52255400 3.58076300 0.75843100
v -9.51898400 -3.56864200 0.76094300
v -9.52255400 -3.58076300 -0.75843100
v 6.00802600 6.94042900 0.30653200
v 6.00802600 -6.94042900 -0.30653200
v 10.05314600 0.40648800 0.78727900
v 10.05314600 -0.40648800 -0.78727900
v 9.72809600 -3.24493100 0.72598200
v 9.72809600 3.24493100 -0.72598200
v -2.94071700 8.66103900 -0.21003800
v -2.94071700 -8.66103900 0.21003800
v 9.14147200 -3.74943500 0.79918900
v 9.14147200 3.74943500 -0.79918900
v 2.51266700 9.18718900 0.69630600
v 2.51266700 -9.18718900 -0.69630600
v -4.45382300 8.08785500 0.41243000
v -4.45382300 -8.08785500 -0.41243000
v 6.85928100 6.40446100 0.59554800
v 6.85928100 -6.40446100 -0.59554800
v 9.17887600 3.81790400 0.79978300
v 9.17887600 -3.81790400 -0.79978300
v 9.83602000 -1.33782700 0.80006100
v 9.83602000 1.33782700 -0.80006100
v 7.78402000 5.43521800 0.67796400
v 7.78402000 -5.43521800 -0.67796400
v -9.13751600 4.07382700 -0.79548500
v -9.13751600 -4.07382700 0.79548500
v 8.42094200 3.90053200 -0.48246600
v 8.42094200 -3.90053200 0.48246600
v -5.77924000 7.13938600 0.31990800
v -5.77924000 -7.13938600 -0.31990800
v 6.13873600 6.89828200 -0.41426300
v 6.13873600 -6.89828200 0.41426300
v -5.17787700 9.08705200 -0.59036700
v -5.14228600 9.09830600 0.59738900
v -5.17787700 -9.08705200 0.59036700
v -5.14228600 -9.09830600 -0.59738900
v 0.86950600 9.08433200 -0.10746100
v 0.86950600 -9.08433200 0.10746100
v -8.19381100 6.15779000 -0.72841000
v -8.17979200 6.15563900 0.73396100
v -8.19381100 -6.15779000 0.72841000
v -8.17979200 -6.15563900 -0.73396100
v -1.53921800 -10.58429500 0.19115700
v -1.53921800 10.58429500 -0.19115700
v 2.63154200 8.78928600 0.29451900
v 2.63154200 -8.78928600 -0.29451900
v -7.91847300 5.81318300 -0.79438000
v -7.86901700 5.85711900 0.79262000
v -7.91847300 -5.81318300 0.79438000
v -7.86901700 -5.85711900 -0.79262000
v 0.50403900 9.18741500 0.35411700
v 0.50403900 -9.18741500 -0.35411700
v 1.90082700 8.91843000 -0.01532900
v 1.90082700 -8.91843000 0.01532900
v 9.54132900 0.26276500 0.70743800
v 9.54132900 -0.26276500 -0.70743800
v 1.27918000 10.61909800 0.19019400
v 1.27369200 -10.61764800 0.19855600
v 1.27918000 -10.61909800 -0.19019400
v 1.27369200 10.61764800 -0.19855600
v -7.64867400 5.15476800 -0.39613700
v -7.64867400 -5.15476800 0.39613700
v 8.44508900 3.76166800 0.43158100
v 8.44508900 -3.76166800 -0.43158100
v 10.27053600 -2.22600600 0.54010100
v 10.27053600 2.22600600 -0.54010100
v 6.92952100 -6.77431900 0.76692600
v 6.92952100 6.77431900 -0.76692600
v 7.51929800 5.36936800 -0.42304300
v 7.51929800 -5.36936800 0.42304300
v -3.34030400 8.58679900 0.37817800
v -3.34030400 -8.58679900 -0.37817800
v 8.21497900 4.14705000 -0.35644500
v 8.21497900 -4.14705000 0.35644500
v 6.76431500 6.65683100 -0.67586600
v 6.76431500 -6.65683100 0.67586600
v 10.02682900 -2.76414800 0.63850200
v 10.02682900 2.76414800 -0.63850200
v -8.07987300 6.58048200 -0.62317200
v -8.10529200 6.57375600 0.61038000
v -8.07987300 -6.58048200 0.62317200
v -8.10529200 -6.57375600 -0.61038000
v -7.76666800 4.90166700 -0.31702500
v -7.76666800 -4.90166700 0.31702500
v 8.68186200 4.07227300 0.72922900
v 8.68186200 -4.07227300 -0.72922900
v 9.32411200 -3.09465800 0.79450600
v 9.32411200 3.09465800 -0.79450600
v 0.09577100 9.14379800 -0.20115600
v 0.09577100 -9.14379800 0.20115600
v 5.83369200 7.95002800 0.79800100
v 5.83369200 -7.95002800 -0.79800100
v 9.19407500 3.08095900 0.76864500
v 9.19407500 -3.08095900 -0.76864500
v 8.00609600 5.44212100 0.76385500
v 8.00609600 -5.44212100 -0.76385500
v 2.73024900 8.88896100 0.50586300
v 2.73024900 -8.88896100 -0.50586300
v -9.76676000 0.87429500 -0.79209600
v -9.75051400 0.91913800 0.79028200
v -9.76676000 -0.87429500 0.79209600
v -9.75051400 -0.91913800 -0.79028200
v -3.14369300 10.13101700 0.40698100
v -3.11840400 -10.11941300 0.43686900
v -3.14369300 -10.13101700 -0.40698100
v -3.11840400 10.11941300 -0.43686900
v -2.44081100 10.35864400 0.34136200
v -2.44081100 -10.35864400 -0.34136200
v -7.38062400 6.75346300 -0.79552500
v -7.38062400 -6.75346300 0.79552500
v -7.94811500 6.81280200 -0.58139600
v -7.97004000 6.79539200 0.57628900
v -7.94811500 -6.81280200 0.58139600
v -7.97004000 -6.79539200 -0.57628900
v -8.71350200 5.49117200 -0.70371200
v -8.74324500 5.47089300 0.69572700
v -8.71350200 -5.49117200 0.70371200
v -8.74324500 -5.47089300 -0.69572700
v 6.06253600 7.10753800 0.55451100
v 6.06253600 -7.10753800 -0.55451100
v 9.03155600 1.66221700 0.31506300
v 9.03155600 -1.66221700 -0.31506300
v -0.78017300 9.45649100 0.67467800
v -0.78017300 -9.45649100 -0.67467800
v 8.01059500 4.93663800 0.61721000
v 8.01059500 -4.93663800 -0.61721000
v 7.19430300 -6.81682200 0.80006300
v 7.19430300 6.81682200 -0.80006300
v -5.90448000 8.79929600 -0.42479200
v -5.88896200 8.79987100 0.43754700
v -5.90448000 -8.79929600 0.42479200
v -5.88896200 -8.79987100 -0.43754700
v 8.85557800 2.63244600 0.42139400
v 8.85557800 -2.63244600 -0.42139400
v 8.18503200 4.02985500 0.08653300
v 8.18503200 -4.02985500 -0.08653300
v 7.70271500 4.88030700 0.00549700
v 7.70271500 -4.88030700 -0.00549700
v 9.39857000 -1.67312300 0.70816800
v 9.39857000 1.67312300 -0.70816800
v 0.30073400 10.70725600 0.10799500
v 0.28998400 -10.70740600 0.10906100
v 0.30073400 -10.70725600 -0.10799500
v 0.28998400 10.70740600 -0.10906100
v 8.43972700 4.80637900 0.77304000
v 8.43972700 -4.80637900 -0.77304000
v -3.82978000 9.99878200 0.13609500
v -3.88274900 -9.98225000 0.11292400
v -3.82978000 -9.99878200 -0.13609500
v -3.88274900 9.98225000 -0.11292400
v -5.31814000 9.12013800 -0.48184200
v -5.29313500 9.12795000 0.48945700
v -5.31814000 -9.12013800 0.48184200
v -5.29313500 -9.12795000 -0.48945700
v 2.53460900 8.76041800 0.04218600
v 2.53460900 -8.76041800 -0.04218600
v 8.84347400 2.92228300 0.52368900
v 8.84347400 -2.92228300 -0.52368900
v -3.35821300 -10.13360600 0.25946700
v -3.35821300 10.13360600 -0.25946700
v 8.03175200 -4.99340600 0.65375700
v 8.03175200 4.99340600 -0.65375700
v -4.58570200 9.61533400 0.31808300
v -4.58994500 -9.61062700 0.32361300
v -4.58570200 -9.61533400 -0.31808300
v -4.58994500 9.61062700 -0.32361300
v 7.21944500 7.04277100 -0.78248100
v 7.21944500 -7.04277100 0.78248100
v -9.84996900 2.63461300 -0.75042500
v -9.85264300 2.64099200 0.74884600
v -9.84996900 -2.63461300 0.75042500
v -9.85264300 -2.64099200 -0.74884600
v -1.21051000 10.61930500 0.21959200
v -1.19647900 -10.62272800 0.21310500
v -1.21051000 -10.61930500 -0.21959200
v -1.19647900 10.62272800 -0.21310500
v 9.17445900 -0.51149600 0.32752100
v 9.17445900 0.51149600 -0.32752100
v -7.72306200 7.01800100 -0.61086700
v -7.73826500 6.99399900 0.61493900
v -7.72306200 -7.01800100 0.61086700
v -7.73826500 -6.99399900 -0.61493900
v -3.26825700 8.53750000 0.19081100
v -3.26825700 -8.53750000 -0.19081100
v -3.05103300 10.26560000 0.12225300
v -3.08151900 -10.25485200 0.13200400
v -3.05103300 -10.26560000 -0.12225300
v -3.08151900 10.25485200 -0.13200400
v 7.44354600 -5.88286000 0.67402300
v 7.44354600 5.88286000 -0.67402300
v 6.76800800 6.24764200 -0.37289000
v 6.76800800 -6.24764200 0.37289000
v 9.49374300 -0.75551000 0.69583000
v 9.49374300 0.75551000 -0.69583000
v -3.54380400 10.09892300 0.15993000
v -3.50033000 -10.12285100 0.11180800
v -3.54380400 -10.09892300 -0.15993000
v -3.50033000 10.12285100 -0.11180800
v -9.93931900 0.69353600 -0.79884600
v -9.92839000 0.72663400 0.79927900
v -9.93931900 -0.69353600 0.79884600
v -9.92839000 -0.72663400 -0.79927900
v -9.17647400 5.09647500 -0.55319100
v -9.18831600 5.09409800 0.54341300
v -9.17647400 -5.09647500 0.55319100
v -9.18831600 -5.09409800 -0.54341300
v 9.05424900 1.36287600 0.24253900
v 9.05424900 -1.36287600 -0.24253900
v 9.81111400 1.50242700 0.80007100
v 9.81111400 -1.50242700 -0.80007100
v 9.33104800 1.36358700 0.63362800
v 9.33104800 -1.36358700 -0.63362800
v 7.08601600 5.73932500 0.01513100
v 7.08601600 -5.73932500 -0.01513100
v -9.62317300 3.26286500 -0.76243800
v -9.62324000 3.27306900 0.76136600
v -9.62317300 -3.26286500 0.76243800
v -9.62324000 -3.27306900 -0.76136600
v -5.60067400 9.02174900 -0.38727300
v -5.58366400 9.02598500 0.39680800
v -5.60067400 -9.02174900 0.38727300
v -5.58366400 -9.02598500 -0.39680800
v 7.12885100 6.34110400 0.70532300
v 7.12885100 -6.34110400 -0.70532300
v 10.45279500 0.21511600 0.59374500
v 10.45279500 -0.21511600 -0.59374500
v -4.74474000 9.59444000 0.15550400
v -4.74828400 -9.59237900 0.15688700
v -4.74474000 -9.59444000 -0.15550400
v -4.74828400 9.59237900 -0.15688700
v -3.91316200 -9.94282400 0.22957100
v -3.91316200 9.94282400 -0.22957100
v 7.88494600 4.71070000 0.31898600
v 7.88494600 -4.71070000 -0.31898600
v 9.48471000 -2.34999000 0.78644200
v 9.48471000 2.34999000 -0.78644200
v 7.49729700 5.23117500 0.19175400
v 7.49729700 -5.23117500 -0.19175400
v 8.62971100 2.98484700 0.14217000
v 8.62971100 -2.98484700 -0.14217000
v -9.84560600 3.00526800 -0.70658900
v -9.85206200 3.01105100 0.70235500
v -9.84560600 -3.00526800 0.70658900
v -9.85206200 -3.01105100 -0.70235500
v -4.16130100 9.82035900 0.28677700
v -4.10186800 -9.84389300 0.29021100
v -4.16130100 -9.82035900 -0.28677700
v -4.10186800 9.84389300 -0.29021100
v 8.88393200 4.16729000 0.79305700
v 8.88393200 -4.16729000 -0.79305700
v 9.77536100 -2.68573100 0.76957400
v 9.77536100 2.68573100 -0.76957400
v -6.09346000 8.76319900 0.26535900
v -6.10019000 -8.76187700 0.25737600
v -6.09346000 -8.76319900 -0.26535900
v -6.10019000 8.76187700 -0.25737600
v 9.71940300 2.87457500 0.77014500
v 9.71940300 -2.87457500 -0.77014500
v 10.14356900 0.99223600 0.75198200
v 10.14356900 -0.99223600 -0.75198200
v -3.68547600 -10.04013400 0.19294700
v -3.68547600 10.04013400 -0.19294700
v 9.52193600 2.23410900 0.78807700
v 9.52193600 -2.23410900 -0.78807700
v -8.16026300 6.73415000 -0.45022300
v -8.17297300 6.72479900 0.44449600
v -8.16026300 -6.73415000 0.45022300
v -8.17297300 -6.72479900 -0.44449600
v 5.22655000 7.64392300 -0.45407800
v 5.22655000 -7.64392300 0.45407800
v -10.06384700 1.88757900 -0.73304400
v -10.04956400 1.90653100 0.73755700
v -10.06384700 -1.88757900 0.73304400
v -10.04956400 -1.90653100 -0.73755700
v -6.80554700 8.16723300 -0.36431100
v -6.80122100 8.16507100 0.37284500
v -6.80554700 -8.16723300 0.36431100
v -6.80122100 -8.16507100 -0.37284500
v 3.85951200 8.34507700 -0.33982700
v 3.85951200 -8.34507700 0.33982700
v -10.45488900 0.63241400 -0.57602400
v -10.45318400 0.65665600 0.57622600
v -10.45488900 -0.63241400 0.57602400
v -10.45318400 -0.65665600 -0.57622600
v -9.58863100 3.78172300 -0.69931600
v -9.60016100 3.79164500 0.69113400
v -9.58863100 -3.78172300 0.69931600
v -9.60016100 -3.79164500 -0.69113400
v -10.06331500 2.41935100 -0.67386700
v -10.06280500 2.41896100 0.67424200
v -10.06331500 -2.41935100 0.67386700
v -10.06280500 -2.41896100 -0.67424200
v -4.07988200 9.89357700 0.16410400
v -4.09189100 -9.89401100 0.13819700
v -4.07988200 -9.89357700 -0.16410400
v -4.09189100 9.89401100 -0.13819700
v 10.30915600 -1.16995100 0.65700000
v 10.30915600 1.16995100 -0.65700000
v -10.28285000 0.56835200 -0.70418600
v -10.27895100 0.59092200 0.70559400
v -10.28285000 -0.56835200 0.70418600
v -10.27895100 -0.59092200 -0.70559400
v 8.47258600 4.52469800 0.73607300
v 8.47258600 -4.52469800 -0.73607300
v -9.37378700 4.81292300 -0.50758800
v -9.38099900 4.81545700 0.49821700
v -9.37378700 -4.81292300 0.50758800
v -9.38099900 -4.81545700 -0.49821700
v 9.15293200 2.10063300 0.60131300
v 9.15293200 -2.10063300 -0.60131300
v 10.10071500 -0.56993400 0.77519300
v 10.10071500 0.56993400 -0.77519300
v 9.64541900 -1.22474400 0.77576300
v 9.64541900 1.22474400 -0.77576300
v -10.20134300 1.26732400 -0.71399900
v -10.18838900 1.30560900 0.71801700
v -10.20134300 -1.26732400 0.71399900
v -10.18838900 -1.30560900 -0.71801700
v -6.73287000 8.31119100 0.18906600
v -6.73457400 -8.31128400 0.18429300
v -6.73287000 -8.31119100 -0.18906600
v -6.73457400 8.31128400 -0.18429300
v 7.36531600 5.58201200 0.42622100
v 7.36531600 -5.58201200 -0.42622100
v 8.86028500 2.19764800 0.12711600
v 8.86028500 -2.19764800 -0.12711600
v -8.82589300 5.89014100 -0.40135700
v -8.83514300 5.88116500 0.39663200
v -8.82589300 -5.89014100 0.40135700
v -8.83514300 -5.88116500 -0.39663200
v -5.46663800 9.19537900 0.18286500
v -5.47373300 -9.19210200 0.17937300
v -5.46663800 -9.19537900 -0.18286500
v -5.47373300 9.19210200 -0.17937300
v -4.36620600 9.76461400 0.18829200
v -4.35868900 -9.76792800 0.18845800
v -4.36620600 -9.76461400 -0.18829200
v -4.35868900 9.76792800 -0.18845800
v -9.64235100 2.88733100 -0.78654200
v -9.64508300 2.89522200 0.78561600
v -9.64235100 -2.88733100 0.78654200
v -9.64508300 -2.89522200 -0.78561600
v 9.73327600 -2.95670400 0.75879500
v 9.73327600 2.95670400 -0.75879500
v 10.36005400 -0.53974900 0.65785000
v 10.36005400 0.53974900 -0.65785000
v -9.88911900 1.91452200 -0.78513200
v -9.87796500 1.93773200 0.78638100
v -9.88911900 -1.91452200 0.78513200
v -9.87796500 -1.93773200 -0.78638100
v 7.51216800 5.21668100 -0.20700500
v 7.51216800 -5.21668100 0.20700500
v -5.85429200 8.91504100 0.28740800
v -5.86387600 -8.91241800 0.27929700
v -5.85429200 -8.91504100 -0.28740800
v -5.86387600 8.91241800 -0.27929700
v -8.28638500 6.74169500 -0.23844100
v -8.29161800 6.73655600 0.23580300
v -8.28638500 -6.74169500 0.23844100
v -8.29161800 -6.73655600 -0.23580300
v 9.55561300 -0.38899300 0.71694700
v 9.55561300 0.38899300 -0.71694700
v -6.01821800 6.89923900 0.23935600
v -6.01821800 -6.89923900 -0.23935600
v 8.21938100 4.69585600 0.65986400
v 8.21938100 -4.69585600 -0.65986400
v -8.41908000 6.49249500 -0.36299700
v -8.42729800 6.48575200 0.35825400
v -8.41908000 -6.49249500 0.36299700
v -8.42729800 -6.48575200 -0.35825400
v -9.66184300 3.97083900 -0.60176600
v -9.67063900 3.97970100 0.59148600
v -9.66184300 -3.97083900 0.60176600
v -9.67063900 -3.97970100 -0.59148600
v -9.70063200 4.27890200 -0.41555900
v -9.70443400 4.28384600 0.40641600
v -9.70063200 -4.27890200 0.41555900
v -9.70443400 -4.28384600 -0.40641600
v -9.49358200 4.70130600 -0.42928700
v -9.49804000 4.70394800 0.42104900
v -9.49358200 -4.70130600 0.42928700
v -9.49804000 -4.70394800 -0.42104900
v -4.74772300 7.94780900 -0.45110000
v -4.74772300 -7.94780900 0.45110000
v 10.11719700 0.72023700 0.76807500
v 10.11719700 -0.72023700 -0.76807500
v 10.54984000 -0.07937400 0.49137000
v 10.54984000 0.07937400 -0.49137000
v 9.55898700 -1.77945400 0.77584900
v 9.55898700 1.77945400 -0.77584900
v 9.32039600 0.73364200 0.56201300
v 9.32039600 -0.73364200 -0.56201300
v 6.88019500 5.98554400 0.03620900
v 6.88019500 -5.98554400 -0.03620900
v -10.28939700 2.24370000 -0.51480200
v -10.26915100 2.21893000 0.54320000
v -10.28939700 -2.24370000 0.51480200
v -10.26915100 -2.21893000 -0.54320000
v 7.03731400 -7.18936700 0.78746000
v 7.03731400 7.18936700 -0.78746000
v 9.22691500 0.13710100 0.40373500
v 9.22691500 -0.13710100 -0.40373500
v 9.94490600 1.17368500 0.79441300
v 9.94490600 -1.17368500 -0.79441300
v -6.14854800 8.60718600 -0.45370100
v -6.13582300 8.60451600 0.46729000
v -6.14854800 -8.60718600 0.45370100
v -6.13582300 -8.60451600 -0.46729000
v 8.41173500 3.58804600 0.20390500
v 8.41173500 -3.58804600 -0.20390500
v 9.38153100 1.01467100 0.63827500
v 9.38153100 -1.01467100 -0.63827500
v 9.96917300 -2.08524900 0.75451000
v 9.96917300 2.08524900 -0.75451000
v 9.18699200 -0.15279100 0.32652900
v 9.18699200 0.15279100 -0.32652900
v 9.33266500 -0.49273900 0.55838100
v 9.33266500 0.49273900 -0.55838100
v 7.12648600 5.76840600 -0.27812400
v 7.12648600 -5.76840600 0.27812400
v -8.62684600 6.19656300 -0.38209100
v -8.63535800 6.18867200 0.37780000
v -8.62684600 -6.19656300 0.38209100
v -8.63535800 -6.18867200 -0.37780000
v -8.99654700 5.67778800 -0.34960000
v -9.00355700 5.67115900 0.34462800
v -8.99654700 -5.67778800 0.34960000
v -9.00355700 -5.67115900 -0.34462800
v -9.41398800 4.96998400 -0.33482900
v -9.41764700 4.96952900 0.32818700
v -9.41398800 -4.96998400 0.33482900
v -9.41764700 -4.96952900 -0.32818700
v -5.18791200 9.36059100 0.16258300
v -5.19419800 -9.35740400 0.16131500
v -5.18791200 -9.36059100 -0.16258300
v -5.19419800 9.35740400 -0.16131500
v -7.93076100 6.99922200 -0.45385300
v -7.94238100 6.98648500 0.45342000
v -7.93076100 -6.99922200 0.45385300
v -7.94238100 -6.98648500 -0.45342000
v 8.14801200 4.20806700 0.28345300
v 8.14801200 -4.20806700 -0.28345300
v 1.41469500 9.26678500 0.58619400
v 1.41469500 -9.26678500 -0.58619400
v -9.96981900 3.39769400 -0.51277700
v -9.98165400 3.40151600 0.49750400
v -9.96981900 -3.39769400 0.51277700
v -9.98165400 -3.40151600 -0.49750400
v -10.28746400 1.04237000 -0.68011000
v -10.27875400 1.08057500 0.68302600
v -10.28746400 -1.04237000 0.68011000
v -10.27875400 -1.08057500 -0.68302600
v 9.71022700 2.12652200 0.79980700
v 9.71022700 -2.12652200 -0.79980700
v 7.82818000 4.68838400 -0.09913500
v 7.82818000 -4.68838400 0.09913500
v -8.60872500 5.99970800 -0.55690500
v -8.62368100 5.98596700 0.55229600
v -8.60872500 -5.99970800 0.55690500
v -8.62368100 -5.98596700 -0.55229600
v 9.37228700 0.08319300 0.58480400
v 9.37228700 -0.08319300 -0.58480400
v 9.98122800 -1.61745000 0.77654000
v 9.98122800 1.61745000 -0.77654000
v 9.53622600 0.59715000 0.71261000
v 9.53622600 -0.59715000 -0.71261000
v -10.40163200 2.14291800 0.38500500
v -10.40163200 -2.14291800 -0.38500500
v -9.79189000 4.19495100 -0.31858100
v -9.79414900 4.19902900 0.30995900
v -9.79189000 -4.19495100 0.31858100
v -9.79414900 -4.19902900 -0.30995900
v 9.04452900 1.92286800 0.43420900
v 9.04452900 -1.92286800 -0.43420900
v -8.02456400 7.08606900 0.14571600
v -8.02165400 -7.08935400 0.14574600
v -8.02456400 -7.08606900 -0.14571600
v -8.02165400 7.08935400 -0.14574600
v -7.65368600 7.49073800 0.12264300
v -7.65203700 -7.49276000 0.12110900
v -7.65368600 -7.49073800 -0.12264300
v -7.65203700 7.49276000 -0.12110900
v -10.34948800 1.64228400 -0.57118100
v -10.32804000 1.67973100 0.58573800
v -10.34948800 -1.64228400 0.57118100
v -10.32804000 -1.67973100 -0.58573800
v 0.58696600 9.10498900 -0.09184300
v 0.58696600 -9.10498900 0.09184300
v 9.95269900 1.71343600 0.77949400
v 9.95269900 -1.71343600 -0.77949400
v 7.83588700 6.02425100 0.79934600
v 7.83588700 -6.02425100 -0.79934600
v 8.51240700 3.28843800 0.10491500
v 8.51240700 -3.28843800 -0.10491500
v -7.83086800 7.30074900 0.14124900
v -7.82843200 -7.30362300 0.14024700
v -7.83086800 -7.30074900 -0.14124900
v -7.82843200 7.30362300 -0.14024700
v 2.88096000 8.66013900 0.11405100
v 2.88096000 -8.66013900 -0.11405100
v 4.12691300 8.13379900 0.06010300
v 4.12691300 -8.13379900 -0.06010300
v 10.00616800 -1.04071900 0.78749800
v 10.00616800 1.04071900 -0.78749800
v 8.83193900 2.42182200 0.24788500
v 8.83193900 -2.42182200 -0.24788500
v -9.45994700 4.56412400 -0.54613400
v -9.46691000 4.57041600 0.53633100
v -9.45994700 -4.56412400 0.54613400
v -9.46691000 -4.57041600 -0.53633100
v -7.48646100 7.51742000 -0.40390200
v -7.48914200 7.50920300 0.41054500
v -7.48646100 -7.51742000 0.40390200
v -7.48914200 -7.50920300 -0.41054500
v -1.93559200 8.99053000 -0.34442700
v -1.93559200 -8.99053000 0.34442700
v 3.28332600 9.14563300 -0.77429600
v 3.28332600 -9.14563300 0.77429600
v -7.22406800 7.89768000 0.15675200
v -7.22376400 -7.89882400 0.15352200
v -7.22406800 -7.89768000 -0.15675200
v -7.22376400 7.89882400 -0.15352200
v 9.60535400 -1.01066000 0.75656600
v 9.60535400 1.01066000 -0.75656600
v -7.05493300 7.81177600 -0.52095200
v -7.04938300 7.80475200 0.53118600
v -7.05493300 -7.81177600 0.52095200
v -7.04938300 -7.80475200 -0.53118600
v -6.38791600 6.52609900 -0.14641300
v -6.38791600 -6.52609900 0.14641300
v 6.10343100 7.76191800 0.79886000
v 6.10343100 -7.76191800 -0.79886000
v 7.57158600 5.08133700 -0.00164700
v 7.57158600 -5.08133700 0.00164700
v 6.56043000 7.11565000 -0.76316600
v 6.56043000 -7.11565000 0.76316600
v 10.49378200 -0.75464100 0.52681900
v 10.49378200 0.75464100 -0.52681900
v 8.05563700 4.49904800 0.40187100
v 8.05563700 -4.49904800 -0.40187100
v 2.19079200 8.85235100 -0.03605800
v 2.19079200 -8.85235100 0.03605800
v 6.96197900 6.01488000 -0.35249100
v 6.96197900 -6.01488000 0.35249100
v 7.80015200 4.74132900 0.12306000
v 7.80015200 -4.74132900 -0.12306000
v -10.42178700 0.31318000 -0.61831100
v -10.42084500 0.32479700 0.61879100
v -10.42178700 -0.31318000 0.61831100
v -10.42084500 -0.32479700 -0.61879100
v 5.53855600 7.27232900 0.18901000
v 5.53855600 -7.27232900 -0.18901000
v 7.31007500 5.47832200 0.16142900
v 7.31007500 -5.47832200 -0.16142900
v 9.14759700 1.44646500 0.45598600
v 9.14759700 -1.44646500 -0.45598600
v 8.77139400 5.62475300 0.62363100
v 8.77139400 -5.62475300 -0.62363100
v 8.98344400 -4.06280100 0.79790300
v 8.98344400 4.06280100 -0.79790300
v 6.68024900 6.64403300 0.62703800
v 6.68024900 -6.64403300 -0.62703800
v 9.02731700 2.41686100 0.55795400
v 9.02731700 -2.41686100 -0.55795400
v 1.04658800 9.22748600 -0.49058300
v 1.04658800 -9.22748600 0.49058300
v -8.18746500 6.89993600 0.13586500
v -8.18462000 -6.90307800 0.13673100
v -8.18746500 -6.89993600 -0.13586500
v -8.18462000 6.90307800 -0.13673100
v 4.32659400 8.29483900 0.56821600
v 4.32659400 -8.29483900 -0.56821600
v 8.96113100 -1.86318100 0.23134700
v 8.96113100 1.86318100 -0.23134700
v 5.27221300 8.00869200 -0.72869200
v 5.27221300 -8.00869200 0.72869200
v 9.53526800 -2.06676400 0.78352400
v 9.53526800 2.06676400 -0.78352400
v -7.88664200 7.17540200 -0.29522600
v -7.89250100 7.16828100 0.29636800
v -7.88664200 -7.17540200 0.29522600
v -7.89250100 -7.16828100 -0.29636800
v 6.35186000 6.74618600 -0.46263400
v 6.35186000 -6.74618600 0.46263400
v 8.09309600 -5.43537700 0.78188000
v 8.09309600 5.43537700 -0.78188000
v 10.41824900 -0.28582300 0.62183500
v 10.41824900 0.28582300 -0.62183500
v 9.14172100 -2.21624800 0.61468900
v 9.14172100 2.21624800 -0.61468900
v 10.17060900 -1.09466600 0.73733100
v 10.17060900 1.09466600 -0.73733100
v 9.78834800 2.59276200 0.77280100
v 9.78834800 -2.59276200 -0.77280100
v 10.04812700 -0.81671100 0.78341100
v 10.04812700 0.81671100 -0.78341100
v -10.18911400 2.89602000 -0.43116600
v -10.19627800 2.89686800 0.41982400
v -10.18911400 -2.89602000 0.43116600
v -10.19627800 -2.89686800 -0.41982400
v 7.25595300 5.81183000 0.50310500
v 7.25595300 -5.81183000 -0.50310500
v 9.97552300 -1.85366400 0.76704900
v 9.97552300 1.85366400 -0.76704900
v 9.10244700 -4.95468000 0.66502500
v 9.10244700 4.95468000 -0.66502500
v 9.94803600 -3.30913500 0.56623400
v 9.94803600 3.30913500 -0.56623400
v 9.21621200 4.29948500 0.75968800
v 9.21621200 -4.29948500 -0.75968800
v 10.13314100 -2.52317600 0.60476100
v 10.13314100 2.52317600 -0.60476100
v -10.55755600 0.45783400 -0.46823700
v -10.55719600 0.47264700 0.46783200
v -10.55755600 -0.45783400 0.46823700
v -10.55719600 -0.47264700 -0.46783200
v 8.51667100 4.28611000 0.70175400
v 8.51667100 -4.28611000 -0.70175400
v -9.13719500 5.54491800 -0.21967800
v -9.14045700 5.54153900 0.21601500
v -9.13719500 -5.54491800 0.21967800
v -9.14045700 -5.54153900 -0.21601500
v 7.32371300 5.62403200 -0.41391700
v 7.32371300 -5.62403200 0.41391700
v -9.59728500 4.48352000 -0.43080800
v -9.60135600 4.48773500 0.42212100
v -9.59728500 -4.48352000 0.43080800
v -9.60135600 -4.48773500 -0.42212100
v 8.93921800 1.94887900 0.21913600
v 8.93921800 -1.94887900 -0.21913600
v -10.57967500 1.66004400 0.12407800
v -10.57967500 -1.66004400 -0.12407800
v 10.40155700 -0.96489900 0.60157100
v 10.40155700 0.96489900 -0.60157100
v -10.44824200 1.61717600 0.46098100
v -10.44824200 -1.61717600 -0.46098100
v 9.52839100 -2.83046300 0.79981900
v 9.52839100 2.83046300 -0.79981900
v 9.32841300 -1.01504800 0.59472200
v 9.32841300 1.01504800 -0.59472200
v 8.52457800 3.47727500 -0.36462200
v 8.52457800 -3.47727500 0.36462200
v -8.93057600 5.63852800 -0.47622600
v -8.94236900 5.62880200 0.46969200
v -8.93057600 -5.63852800 0.47622600
v -8.94236900 -5.62880200 -0.46969200
v 1.21930300 9.61124600 -0.76620300
v 1.21930300 -9.61124600 0.76620300
v -9.04859900 1.13664400 -0.04212000
v -9.04859900 -1.13664400 0.04212000
v -0.02229800 9.43380400 0.63644400
v -0.02229800 -9.43380400 -0.63644400
v 2.89326100 9.02904600 -0.66994200
v 2.89326100 -9.02904600 0.66994200
v 10.62057500 0.67718800 0.34174700
v 10.62057500 -0.67718800 -0.34174700
v -0.62816200 9.10334100 -0.10089900
v -0.62816200 -9.10334100 0.10089900
v 7.94930800 -6.53031600 0.70993500
v 7.94930800 6.53031600 -0.70993500
v -8.30568000 3.91867000 0.31611800
v -8.30568000 -3.91867000 -0.31611800
v -9.08324700 0.92776500 -0.13751000
v -9.08324700 -0.92776500 0.13751000
v 5.46589100 7.76120800 0.67729400
v 5.46589100 -7.76120800 -0.67729400
v -4.07963100 8.17004800 -0.14571600
v -4.07963100 -8.17004800 0.14571600
v 3.92791600 9.11289600 0.80008600
v 3.92791600 -9.11289600 -0.80008600
v 1.59773300 9.40248700 0.70332800
v 1.59773300 -9.40248700 -0.70332800
v 6.77153600 7.13503600 0.79589600
v 6.77153600 -7.13503600 -0.79589600
v 2.80147100 9.28717600 -0.76977500
v 2.80147100 -9.28717600 0.76977500
v 10.12804100 2.11101800 0.67662900
v 10.12804100 -2.11101800 -0.67662900
v 8.73188200 5.35195600 0.73207400
v 8.73188200 -5.35195600 -0.73207400
v -1.59618000 9.22453500 0.57429600
v -1.59618000 -9.22453500 -0.57429600
v 5.11400400 7.60382700 -0.26449200
v 5.11400400 -7.60382700 0.26449200
v -3.93088100 8.23108100 0.06854500
v -3.93088100 -8.23108100 -0.06854500
v 7.88117100 6.32525100 0.77798200
v 7.88117100 -6.32525100 -0.77798200
v -3.08925900 9.51712800 -0.79532700
v -3.11217600 9.48067200 0.79786800
v -3.08925900 -9.51712800 0.79532700
v -3.11217600 -9.48067200 -0.79786800
v -9.09842300 0.64112900 -0.06171300
v -9.09842300 -0.64112900 0.06171300
v 9.09827800 -0.64551000 0.06380700
v 9.09827800 0.64551000 -0.06380700
v 4.07580300 8.29067500 -0.42108200
v 4.07580300 -8.29067500 0.42108200
v 8.98541700 -5.13039200 0.67586400
v 8.98541700 5.13039200 -0.67586400
v 4.13159100 8.42870700 -0.59775100
v 4.13159100 -8.42870700 0.59775100
v -6.23161800 6.84106100 0.44507800
v -6.23161800 -6.84106100 -0.44507800
v 6.05273300 6.82060800 0.02547300
v 6.05273300 -6.82060800 -0.02547300
v 2.95157700 8.81675800 -0.50448500
v 2.95157700 -8.81675800 0.50448500
v -9.08772700 0.92048800 0.15735600
v -9.08772700 -0.92048800 -0.15735600
v 8.49616600 -4.38544300 0.71580000
v 8.49616600 4.38544300 -0.71580000
v -2.72531700 8.70192200 0.01304800
v -2.72531700 -8.70192200 -0.01304800
v 1.45141800 9.45115000 -0.71616200
v 1.45141800 -9.45115000 0.71616200
v -7.77453800 4.90297500 0.33354900
v -7.77453800 -4.90297500 -0.33354900
v 5.14199700 7.53341600 -0.06182000
v 5.14199700 -7.53341600 0.06182000
v 1.94191500 9.13526400 -0.55186200
v 1.94191500 -9.13526400 0.55186200
v -2.60846300 8.91457400 0.49278400
v -2.60846300 -8.91457400 -0.49278400
v -6.75748900 6.12276200 -0.01626300
v -6.75748900 -6.12276200 0.01626300
v -2.38783600 9.00336500 -0.52465300
v -2.38783600 -9.00336500 0.52465300
v -5.72014000 7.10413200 -0.05907100
v -5.72014000 -7.10413200 0.05907100
v 6.57819200 7.05604600 0.75247600
v 6.57819200 -7.05604600 -0.75247600
v -1.88482100 9.43287500 0.74198600
v -1.88482100 -9.43287500 -0.74198600
v 10.33705800 -2.57974900 0.31519100
v 10.33705800 2.57974900 -0.31519100
v -2.88151600 8.66790100 0.15777900
v -2.88151600 -8.66790100 -0.15777900
v 10.66907200 0.80659900 0.17459200
v 10.66907200 -0.80659900 -0.17459200
v 5.90948200 8.17720900 0.78175700
v 5.90948200 -8.17720900 -0.78175700
v 5.78578600 7.87944600 -0.78718600
v 5.78578600 -7.87944600 0.78718600
v 1.45346100 9.58801400 0.76893100
v 1.45346100 -9.58801400 -0.76893100
v 8.59794400 4.92250100 0.80002000
v 8.59794400 -4.92250100 -0.80002000
v -8.91587500 1.98382600 -0.15579400
v -8.91587500 -1.98382600 0.15579400
v 9.54133000 -3.99921700 0.67671700
v 9.54133000 3.99921700 -0.67671700
v -7.60746100 5.62561600 -0.65664200
v -7.60746100 -5.62561600 0.65664200
v -8.65180100 3.43725400 -0.51878600
v -8.68704400 3.37819800 0.53165100
v -8.65180100 -3.43725400 0.51878600
v -8.68704400 -3.37819800 -0.53165100
v 9.78556400 3.31574200 0.68505200
v 9.78556400 -3.31574200 -0.68505200
v -1.71158800 8.95653600 -0.00424200
v -1.71158800 -8.95653600 0.00424200
v 9.11368200 0.51215200 0.12267700
v 9.11368200 -0.51215200 -0.12267700
v -1.68440400 8.99829800 -0.23727900
v -1.68440400 -8.99829800 0.23727900
v 1.97716500 8.92208100 -0.17746400
v 1.97716500 -8.92208100 0.17746400
v 5.69363500 7.80115700 0.75641100
v 5.69363500 -7.80115700 -0.75641100
v 8.52070800 -4.94538500 0.79730400
v 8.52070800 4.94538500 -0.79730400
v -7.35692000 5.38834900 0.02918300
v -7.35692000 -5.38834900 -0.02918300
v 3.02605600 8.60906400 -0.10412100
v 3.02605600 -8.60906400 0.10412100
v 0.86392100 9.11954900 0.25516500
v 0.86392100 -9.11954900 -0.25516500
v -1.11111800 9.12340400 -0.33218000
v -1.11111800 -9.12340400 0.33218000
v 9.63486100 4.16639300 0.55280900
v 9.63486100 -4.16639300 -0.55280900
v 9.71109500 -4.24696400 0.42088300
v 9.71109500 4.24696400 -0.42088300
v 4.70601700 8.48599600 -0.77062800
v 4.70601700 -8.48599600 0.77062800
v -0.30509000 9.35337200 0.57110800
v -0.30509000 -9.35337200 -0.57110800
v 6.91213700 -7.57780200 0.72518200
v 6.91213700 7.57780200 -0.72518200
v -0.89175600 9.92149500 0.79895500
v -0.89175600 -9.92149500 -0.79895500
v 7.52231600 7.02706600 0.70665900
v 7.52231600 -7.02706600 -0.70665900
v 3.93894300 8.83388100 0.76120300
v 3.93894300 -8.83388100 -0.76120300
v 10.29824800 2.23335700 0.50702800
v 10.29824800 -2.23335700 -0.50702800
v 8.54113200 3.90234400 0.60086400
v 8.54113200 -3.90234400 -0.60086400
v 6.91575400 7.63030300 0.70447000
v 6.91575400 -7.63030300 -0.70447000
v -8.72360900 3.14413700 -0.47235800
v -8.84673200 3.06617400 0.57565300
v -8.72360900 -3.14413700 0.47235800
v -8.84673200 -3.06617400 -0.57565300
v 9.56512600 4.75612200 0.23878400
v 9.55880800 -4.77446300 0.23055100
v 9.56512600 -4.75612200 -0.23878400
v 9.55880800 4.77446300 -0.23055100
v 6.90913500 -7.76817300 0.64200400
v 6.90913500 7.76817300 -0.64200400
v -6.93637500 6.35811100 0.61715900
v -6.93637500 -6.35811100 -0.61715900
v 7.40071200 -7.32102800 0.63149800
v 7.40071200 7.32102800 -0.63149800
v 8.58030700 3.10260700 -0.09302000
v 8.58030700 -3.10260700 0.09302000
v 7.85607200 6.60615100 0.72153400
v 7.85607200 -6.60615100 -0.72153400
v 9.27937000 -4.94548400 0.53350300
v 9.27937000 4.94548400 -0.53350300
v -0.87769400 9.77071700 0.79269000
v -0.87769400 -9.77071700 -0.79269000
v -0.10598600 9.33105900 -0.54364100
v -0.10598600 -9.33105900 0.54364100
v 7.19875900 7.53173500 0.62463400
v 7.19875900 -7.53173500 -0.62463400
v -1.13843600 9.80095000 0.79841800
v -1.13843600 -9.80095000 -0.79841800
v -0.94580600 9.97169400 -0.79410700
v -0.94580600 -9.97169400 0.79410700
v -3.06477800 8.90836900 -0.62632100
v -3.06477800 -8.90836900 0.62632100
v 10.62168400 1.21451000 0.20947000
v 10.62168400 -1.21451000 -0.20947000
v 6.66641800 -7.98797800 0.63590700
v 6.66641800 7.98797800 -0.63590700
v 10.21394200 -2.78543400 0.44002100
v 10.21394200 2.78543400 -0.44002100
v 0.79625200 9.08526500 0.04881600
v 0.79625200 -9.08526500 -0.04881600
v -5.80221300 7.05012400 0.13869800
v -5.80221300 -7.05012400 -0.13869800
v 3.71143200 8.85300400 -0.73367000
v 3.71143200 -8.85300400 0.73367000
v 7.13349700 -7.72994000 0.52953300
v 7.13349700 7.72994000 -0.52953300
v 9.16209600 5.09175100 0.56831400
v 9.16209600 -5.09175100 -0.56831400
v 8.98406600 5.68962900 0.35816200
v 8.98406600 -5.68962900 -0.35816200
v -1.37531700 9.96854900 0.78698500
v -1.37531700 -9.96854900 -0.78698500
v 6.19255400 8.14573900 0.73606400
v 6.19255400 -8.14573900 -0.73606400
v 6.36617900 8.25284300 0.62121100
v 6.36617900 -8.25284300 -0.62121100
v -8.02763000 4.33729200 -0.09628500
v -8.02763000 -4.33729200 0.09628500
v 6.92960600 -7.92592300 0.51851800
v 6.92960600 7.92592300 -0.51851800
v 9.10701200 5.32611000 0.49139000
v 9.10701200 -5.32611000 -0.49139000
v 5.99097400 8.35075500 0.71514100
v 5.99097400 -8.35075500 -0.71514100
v 10.56123800 1.77037500 0.12739200
v 10.51474600 -1.91985900 0.21781900
v 10.56123800 -1.77037500 -0.12739200
v 10.51474600 1.91985900 -0.21781900
v 6.05703800 -8.49072100 0.61560500
v 6.05703800 8.49072100 -0.61560500
v 7.66499600 -6.76673700 0.73934500
v 7.66499600 6.76673700 -0.73934500
v 9.06502000 -1.62560300 0.37063600
v 9.06502000 1.62560300 -0.37063600
v 3.12238200 9.55380200 0.78907100
v 3.12238200 -9.55380200 -0.78907100
v 8.02713000 6.66363000 0.61325700
v 8.13958600 -6.55911300 0.59514000
v 8.02713000 -6.66363000 -0.61325700
v 8.13958600 6.55911300 -0.59514000
v 5.82889800 -8.54710500 0.67676800
v 5.82889800 8.54710500 -0.67676800
v -9.22723700 0.62907200 -0.43726400
v -9.22723700 -0.62907200 0.43726400
v 8.83387200 5.87801200 0.40150600
v 8.82128700 -5.83452200 0.45585900
v 8.83387200 -5.87801200 -0.40150600
v 8.82128700 5.83452200 -0.45585900
v 6.83823200 6.08964100 0.24395700
v 6.83823200 -6.08964100 -0.24395700
v 8.96648100 -5.57034700 0.48390600
v 8.96648100 5.57034700 -0.48390600
v -0.26478700 9.13181200 -0.16429300
v -0.26478700 -9.13181200 0.16429300
v 9.90881200 -3.00619400 0.67080700
v 9.90881200 3.00619400 -0.67080700
v 10.38640900 2.50159000 0.23529900
v 10.43831000 -2.35587600 0.16846700
v 10.38640900 -2.50159000 -0.23529900
v 10.43831000 2.35587600 -0.16846700
v 4.08957500 9.29623000 0.76409700
v 4.08957500 -9.29623000 -0.76409700
v 4.88966100 -8.90825500 0.76221800
v 4.88966100 8.90825500 -0.76221800
v 10.54562200 0.46717900 0.48379100
v 10.54562200 -0.46717900 -0.48379100
v 5.87672500 -8.64838000 0.59274200
v 5.87672500 8.64838000 -0.59274200
v -2.99949800 8.72365700 -0.39853700
v -2.99949800 -8.72365700 0.39853700
v 2.30918000 9.09345400 0.59345400
v 2.30918000 -9.09345400 -0.59345400
v 10.35582500 2.69906400 0.16416100
v 10.37178200 -2.64530100 0.15416900
v 10.35582500 -2.69906400 -0.16416100
v 10.37178200 2.64530100 -0.15416900
v 6.55600200 8.26912900 0.48805000
v 6.50980600 -8.23068300 0.55616200
v 6.55600200 -8.26912900 -0.48805000
v 6.50980600 8.23068300 -0.55616200
v -5.56917600 7.25531400 -0.20880800
v -5.56917600 -7.25531400 0.20880800
v 5.58615600 8.69057000 0.68564200
v 5.56498200 -8.76067400 0.65461000
v 5.58615600 -8.69057000 -0.68564200
v 5.56498200 8.76067400 -0.65461000
v 2.66572200 9.71223300 -0.78538900
v 2.66572200 -9.71223300 0.78538900
v -1.04826500 9.74813600 -0.79188400
v -1.04826500 -9.74813600 0.79188400
v 2.99466200 9.73168400 0.75552600
v 2.99466200 -9.73168400 -0.75552600
v 7.81462100 -7.02285000 0.54270500
v 7.81462100 7.02285000 -0.54270500
v 4.64264200 9.07852400 0.75023200
v 4.64264200 -9.07852400 -0.75023200
v 2.36169500 10.01559600 -0.70858400
v 2.37096300 10.03963000 0.69460400
v 2.36169500 -10.01559600 0.70858400
v 2.37096300 -10.03963000 -0.69460400
v 10.31346700 2.89332700 0.10690200
v 10.30171500 -2.91945200 0.13455100
v 10.31346700 -2.89332700 -0.10690200
v 10.30171500 2.91945200 -0.13455100
v 5.44691900 8.84707800 0.64699100
v 5.34366100 -8.89284400 0.65733800
v 5.44691900 -8.84707800 -0.64699100
v 5.34366100 8.89284400 -0.65733800
v 8.43222900 6.34882900 0.48492900
v 8.39857400 -6.39827000 0.48093800
v 8.43222900 -6.34882900 -0.48492900
v 8.39857400 6.39827000 -0.48093800
v 4.83787700 8.59851700 0.79836800
v 4.83787700 -8.59851700 -0.79836800
v 8.95741200 5.34821700 0.61326300
v 8.95741200 -5.34821700 -0.61326300
v 4.86456600 7.88739000 0.46398400
v 4.86456600 -7.88739000 -0.46398400
v 10.25888000 3.07986000 0.10990000
v 10.23878800 -3.14540800 0.11116300
v 10.25888000 -3.07986000 -0.10990000
v 10.23878800 3.14540800 -0.11116300
v 0.28573000 9.80208200 -0.79215800
v 0.28573000 -9.80208200 0.79215800
v 8.06834000 6.80805800 0.48258000
v 8.06834000 -6.80805800 -0.48258000
v 1.24778800 9.83969400 -0.80010000
v 1.24778800 -9.83969400 0.80010000
v 1.51923500 9.67403100 -0.79010000
v 1.51923500 -9.67403100 0.79010000
v -2.56728100 9.30980100 -0.75619200
v -2.56728100 -9.30980100 0.75619200
v 4.07468900 8.63192200 0.70763600
v 4.07468900 -8.63192200 -0.70763600
v 2.34806500 9.82431100 -0.77905200
v 2.34806500 -9.82431100 0.77905200
v 4.62195200 9.38227900 0.59016200
v 4.56459200 -9.42892600 0.57438500
v 4.62195200 -9.38227900 -0.59016200
v 4.56459200 9.42892600 -0.57438500
v 0.88522800 9.77524200 0.79338300
v 0.88522800 -9.77524200 -0.79338300
v 8.16644900 -6.70947000 0.46585000
v 8.16644900 6.70947000 -0.46585000
v 3.92575100 8.99385900 -0.79312800
v 3.92575100 -8.99385900 0.79312800
v 7.93183500 7.13208500 0.28373400
v 7.99015800 -7.06167300 0.29233500
v 7.93183500 -7.13208500 -0.28373400
v 7.99015800 7.06167300 -0.29233500
v -3.41682600 9.06952000 0.76725100
v -3.41682600 -9.06952000 -0.76725100
v 9.40418900 4.92194800 0.39526800
v 9.40418900 -4.92194800 -0.39526800
v 9.07776300 -3.09935500 0.73048500
v 9.07776300 3.09935500 -0.73048500
v -0.06735100 9.87101200 -0.79869100
v -0.06735100 -9.87101200 0.79869100
v -6.41960500 6.83109700 0.58622200
v -6.41960500 -6.83109700 -0.58622200
v 3.94361900 8.26901700 0.25778300
v 3.94361900 -8.26901700 -0.25778300
v 4.34277400 -9.31901200 0.71325500
v 4.34277400 9.31901200 -0.71325500
v 1.98514800 9.97209500 -0.76034600
v 1.98514800 -9.97209500 0.76034600
v 4.75796600 9.47020400 0.42233400
v 4.72207000 -9.49696100 0.40937300
v 4.75796600 -9.47020400 -0.42233400
v 4.72207000 9.49696100 -0.40937300
v 9.76143800 0.41921300 0.78624300
v 9.76143800 -0.41921300 -0.78624300
v 1.59400700 9.91846200 -0.78995100
v 1.59400700 -9.91846200 0.78995100
v -4.44051300 8.42435000 -0.69540900
v -4.44051300 -8.42435000 0.69540900
v 3.00267000 9.73254700 -0.75440900
v 3.00267000 -9.73254700 0.75440900
v 9.91884500 -4.02086000 0.15900600
v 9.91884500 4.02086000 -0.15900600
v 1.83071600 9.00417700 0.32684000
v 1.83071600 -9.00417700 -0.32684000
v -7.26844600 5.79302600 0.50065000
v -7.26844600 -5.79302600 -0.50065000
v -3.62296400 8.88841200 -0.73320000
v -3.62296400 -8.88841200 0.73320000
v -1.69886900 9.84730700 -0.79666300
v -1.69886900 -9.84730700 0.79666300
v 8.02051400 4.71129500 0.50959900
v 8.02051400 -4.71129500 -0.50959900
v 2.99485600 8.67779100 -0.30748700
v 2.99485600 -8.67779100 0.30748700
v -4.47885100 9.02723600 -0.78423200
v -4.41882100 9.03911000 0.78727400
v -4.47885100 -9.02723600 0.78423200
v -4.41882100 -9.03911000 -0.78727400
v 9.02049200 2.98455900 0.68266500
v 9.02049200 -2.98455900 -0.68266500
v 4.69648500 9.19270100 0.69048100
v 4.69648500 -9.19270100 -0.69048100
v -5.03145200 8.02158700 -0.66174200
v -5.03145200 -8.02158700 0.66174200
v 7.65007900 6.27161900 0.79966300
v 7.65007900 -6.27161900 -0.79966300
v 7.08509500 7.36462600 0.74144100
v 7.08509500 -7.36462600 -0.74144100
v 2.77822900 9.88702700 -0.71887700
v 2.86116200 9.87881900 0.71142400
v 2.77822900 -9.88702700 0.71887700
v 2.86116200 -9.87881900 -0.71142400
v -7.79985600 5.26824000 0.61948100
v -7.79985600 -5.26824000 -0.61948100
v -3.64428900 9.07536200 -0.78793800
v -3.64428900 -9.07536200 0.78793800
v 4.53710200 8.32686000 0.67087800
v 4.53710200 -8.32686000 -0.67087800
v 9.35102300 2.17864300 0.73452100
v 9.35102300 -2.17864300 -0.73452100
v 1.50595700 10.10684500 -0.74183900
v 1.52711300 10.08005200 0.75085100
v 1.50595700 -10.10684500 0.74183900
v 1.52711300 -10.08005200 -0.75085100
v 0.55621500 9.98895300 -0.79549400
v 0.55621500 -9.98895300 0.79549400
v -8.64735400 3.09831800 0.32063700
v -8.64735400 -3.09831800 -0.32063700
v -9.06876500 1.53897600 0.34836600
v -9.06876500 -1.53897600 -0.34836600
v -2.00653200 9.76264700 0.79865800
v -2.00653200 -9.76264700 -0.79865800
v -2.30435900 9.67659700 -0.79959300
v -2.30435900 -9.67659700 0.79959300
v 1.35033700 10.00934200 -0.77928400
v 1.35033700 -10.00934200 0.77928400
v -6.68988300 6.66487200 0.64351500
v -6.68988300 -6.66487200 -0.64351500
v 5.57758700 7.53947700 0.59005700
v 5.57758700 -7.53947700 -0.59005700
v 9.55089300 1.46456300 0.75798200
v 9.55089300 -1.46456300 -0.75798200
v -8.99946100 1.53458400 0.13078700
v -8.99946100 -1.53458400 -0.13078700
v -6.07342000 7.95570100 -0.79499100
v -6.09768100 7.84307900 0.79994300
v -6.07342000 -7.95570100 0.79499100
v -6.09768100 -7.84307900 -0.79994300
v 6.74429800 8.14018500 0.46317800
v 6.75455600 -8.09626900 0.49929800
v 6.74429800 -8.14018500 -0.46317800
v 6.75455600 8.09626900 -0.49929800
v 6.01517500 7.37224300 -0.69069700
v 6.01517500 -7.37224300 0.69069700
v 10.25129100 2.98321500 0.25658400
v 10.25129100 -2.98321500 -0.25658400
v 8.69728200 -4.97589500 0.79365000
v 8.69728200 4.97589500 -0.79365000
v 0.17949100 10.23898100 -0.73250900
v 0.20136700 10.21979700 0.74047400
v 0.17949100 -10.23898100 0.73250900
v 0.20136700 -10.21979700 -0.74047400
v -4.72874700 8.28407900 0.70410900
v -4.72874700 -8.28407900 -0.70410900
v -7.17128400 6.12252400 -0.63300500
v -7.17128400 -6.12252400 0.63300500
v 0.83771700 10.06614000 0.77907000
v 0.83771700 -10.06614000 -0.77907000
v -7.61355100 5.07230100 -0.21655600
v -7.61355100 -5.07230100 0.21655600
v -5.40521700 7.69726400 0.61386500
v -5.40521700 -7.69726400 -0.61386500
v 3.15936900 9.01360900 0.71074300
v 3.15936900 -9.01360900 -0.71074300
v 6.87204900 7.98156800 0.51340900
v 7.13797700 -7.86608900 0.38155300
v 6.87204900 -7.98156800 -0.51340900
v 7.13797700 7.86608900 -0.38155300
v -7.62147900 5.49493400 0.60559600
v -7.62147900 -5.49493400 -0.60559600
v -3.97653500 8.82390200 -0.76320500
v -3.97653500 -8.82390200 0.76320500
v -8.39091000 4.07975100 0.54200700
v -8.39091000 -4.07975100 -0.54200700
v -0.67696000 10.08164200 -0.77826500
v -0.67696000 -10.08164200 0.77826500
v -5.22198600 8.02640500 -0.72280700
v -5.23884200 7.95133200 0.69485000
v -5.22198600 -8.02640500 0.72280700
v -5.23884200 -7.95133200 -0.69485000
v 8.18639200 4.03624100 -0.11790900
v 8.18639200 -4.03624100 0.11790900
v -4.77463600 8.36872200 -0.74810300
v -4.91043400 8.40797900 0.77916300
v -4.77463600 -8.36872200 0.74810300
v -4.91043400 -8.40797900 -0.77916300
v 4.06573600 -9.49492900 0.68701300
v 4.06573600 9.49492900 -0.68701300
v 1.12568500 10.07091800 0.77069000
v 1.12568500 -10.07091800 -0.77069000
v 0.89157000 9.38510200 -0.63145900
v 0.89157000 -9.38510200 0.63145900
v 0.24044200 9.30126100 0.51259800
v 0.24044200 -9.30126100 -0.51259800
v -4.21220300 8.51359600 -0.68095600
v -4.21220300 -8.51359600 0.68095600
v -3.63306000 8.50164600 0.43220900
v -3.63306000 -8.50164600 -0.43220900
v 0.33622000 9.98560600 0.79680300
v 0.33622000 -9.98560600 -0.79680300
v -5.68138300 7.66052000 -0.70339000
v -5.68138300 -7.66052000 0.70339000
v -8.86941900 2.23869200 0.21340800
v -8.86941900 -2.23869200 -0.21340800
v -8.31843200 3.90973800 -0.33352100
v -8.31843200 -3.90973800 0.33352100
v 1.69075800 9.28539600 -0.63965500
v 1.69075800 -9.28539600 0.63965500
v -4.28762600 8.63755000 0.75116600
v -4.28762600 -8.63755000 -0.75116600
v 3.19220900 9.87533300 0.65481500
v 3.34425700 -9.79433100 0.67419300
v 3.19220900 -9.87533300 -0.65481500
v 3.34425700 9.79433100 -0.67419300
v -9.15918500 0.38769500 -0.27511600
v -9.16671200 0.31166000 0.28742400
v -9.15918500 -0.38769500 0.27511600
v -9.16671200 -0.31166000 -0.28742400
v 7.45753000 5.37816100 0.34020100
v 7.45753000 -5.37816100 -0.34020100
v -3.34030300 9.13978600 -0.77778300
v -3.37896100 9.30737000 0.79992000
v -3.34030300 -9.13978600 0.77778300
v -3.37896100 -9.30737000 -0.79992000
v 3.94307600 9.66346700 0.60955000
v 3.97214500 -9.63594100 0.62153700
v 3.94307600 -9.66346700 -0.60955000
v 3.97214500 9.63594100 -0.62153700
v 8.01667900 -5.96500600 0.79669700
v 8.01667900 5.96500600 -0.79669700
v 9.20947400 -1.69057900 0.57598100
v 9.20947400 1.69057900 -0.57598100
v -7.80026600 5.56936800 -0.72694500
v -7.82309400 5.51253500 0.72021700
v -7.80026600 -5.56936800 0.72694500
v -7.82309400 -5.51253500 -0.72021700
v -7.85235300 5.68301900 -0.76763500
v -7.91625800 5.65543400 0.77725700
v -7.85235300 -5.68301900 0.76763500
v -7.91625800 -5.65543400 -0.77725700
v 6.71624000 8.25201100 0.34683800
v 6.70247900 -8.24379800 0.37653400
v 6.71624000 -8.25201100 -0.34683800
v 6.70247900 8.24379800 -0.37653400
v -8.92843700 2.29288700 -0.38651200
v -8.92843700 -2.29288700 0.38651200
v 2.84382700 10.02855500 0.62036800
v 2.81585700 -10.03519400 0.62134700
v 2.84382700 -10.02855500 -0.62036800
v 2.81585700 10.03519400 -0.62134700
v -8.29832800 5.36312300 -0.79919000
v -8.36528700 5.30281300 0.79997300
v -8.29832800 -5.36312300 0.79919000
v -8.36528700 -5.30281300 -0.79997300
v -2.86211400 9.44276800 0.79842800
v -2.86211400 -9.44276800 -0.79842800
v -1.28005400 9.18209000 0.46957000
v -1.28005400 -9.18209000 -0.46957000
v -5.24347700 8.21753000 -0.78166000
v -5.12820600 8.21302600 0.76446400
v -5.24347700 -8.21753000 0.78166000
v -5.12820600 -8.21302600 -0.76446400
v -5.96038800 7.32742200 0.64516300
v -5.96038800 -7.32742200 -0.64516300
v 3.37321400 9.30009300 -0.79968500
v 3.37321400 -9.30009300 0.79968500
v 6.24298900 8.55075500 0.43951400
v 6.22058600 -8.59952300 0.39666100
v 6.24298900 -8.55075500 -0.43951400
v 6.22058600 8.59952300 -0.39666100
v 8.79986500 -2.65007100 0.33091500
v 8.79986500 2.65007100 -0.33091500
v 0.61173800 10.18443000 -0.74796700
v 0.61125300 10.19597000 0.74350200
v 0.61173800 -10.18443000 0.74796700
v 0.61125300 -10.19597000 -0.74350200
v 5.45771100 9.06129200 0.45333500
v 5.45879200 -9.05568900 0.45944100
v 5.45771100 -9.06129200 -0.45333500
v 5.45879200 9.05568900 -0.45944100
v -5.50246000 8.19201600 -0.79852000
v -5.39017300 8.15753000 0.78754000
v -5.50246000 -8.19201600 0.79852000
v -5.39017300 -8.15753000 -0.78754000
v -8.64235500 3.03147800 -0.24985000
v -8.64235500 -3.03147800 0.24985000
v -8.99144100 2.14351100 0.42912100
v -8.99144100 -2.14351100 -0.42912100
v 1.39900400 10.20719800 0.70196900
v 1.39900400 -10.20719800 -0.70196900
v -4.78076700 8.74755300 0.79853500
v -4.78076700 -8.74755300 -0.79853500
v 4.75110800 8.30624000 -0.71965400
v 4.75110800 -8.30624000 0.71965400
v 2.53936400 10.11677100 0.61491300
v 2.53936400 -10.11677100 -0.61491300
v 8.49641200 5.40718600 0.78545500
v 8.49641200 -5.40718600 -0.78545500
v 0.40080200 10.16325100 -0.75922900
v 0.42706800 10.19097500 0.74905000
v 0.40080200 -10.16325100 0.75922900
v 0.42706800 -10.19097500 -0.74905000
v -8.01530500 5.52875300 -0.77923200
v -8.07849700 5.46385800 0.78269800
v -8.01530500 -5.52875300 0.77923200
v -8.07849700 -5.46385800 -0.78269800
v -8.75174100 2.77760000 -0.31200200
v -8.83236000 2.74955000 0.43998400
v -8.75174100 -2.77760000 0.31200200
v -8.83236000 -2.74955000 -0.43998400
v -5.83534200 7.61683900 0.73177400
v -5.83534200 -7.61683900 -0.73177400
v -2.32715800 8.96134400 0.45211100
v -2.32715800 -8.96134400 -0.45211100
v -1.17822500 9.20437300 -0.48120100
v -1.17822500 -9.20437300 0.48120100
v -5.93655900 7.68392200 -0.77242000
v -5.93655900 -7.68392200 0.77242000
v 3.41486200 9.98556400 0.48724300
v 3.47178900 -9.94389900 0.51318400
v 3.41486200 -9.98556400 -0.48724300
v 3.47178900 9.94389900 -0.51318400
v 1.08391700 10.21691200 -0.71676100
v 1.11604500 10.21827000 0.71436500
v 1.08391700 -10.21691200 0.71676100
v 1.11604500 -10.21827000 -0.71436500
v 8.55568300 6.37880700 0.26997900
v 8.53208800 -6.41029500 0.27004300
v 8.55568300 -6.37880700 -0.26997900
v 8.53208800 6.41029500 -0.27004300
v 8.73735800 6.17879100 0.16619000
v 8.71831600 -6.20250900 0.17449800
v 8.73735800 -6.17879100 -0.16619000
v 8.71831600 6.20250900 -0.17449800
v 7.70948400 7.30818700 0.37984200
v 7.79405800 -7.19312700 0.40951500
v 7.70948400 -7.30818700 -0.37984200
v 7.79405800 7.19312700 -0.40951500
v 5.29271900 9.15405400 0.45906000
v 5.28366200 -9.15320600 0.46648500
v 5.29271900 -9.15405400 -0.45906000
v 5.28366200 9.15320600 -0.46648500
v -5.74947100 8.12706100 -0.79926800
v -5.67973900 8.04753200 0.79714400
v -5.74947100 -8.12706100 0.79926800
v -5.67973900 -8.04753200 -0.79714400
v 4.80805900 7.77994000 0.20669000
v 4.80805900 -7.77994000 -0.20669000
v 6.31519900 7.87946400 0.77977300
v 6.31519900 -7.87946400 -0.77977300
v -9.12981700 1.51629200 -0.44664900
v -9.12981700 -1.51629200 0.44664900
v 4.93777200 9.32082400 0.49416400
v 4.88941600 -9.34666300 0.49373300
v 4.93777200 -9.32082400 -0.49416400
v 4.88941600 9.34666300 -0.49373300
v 10.14196700 -3.05557100 0.43182700
v 10.14196700 3.05557100 -0.43182700
v -9.11703200 0.56538100 0.15894100
v -9.11703200 -0.56538100 -0.15894100
v 7.50901700 5.63793200 -0.60050700
v 7.50901700 -5.63793200 0.60050700
v 5.69372000 8.97747800 0.36482500
v 5.69819500 -8.97095500 0.37083100
v 5.69372000 -8.97747800 -0.36482500
v 5.69819500 8.97095500 -0.37083100
v -5.94014300 8.09857500 -0.79030400
v -5.91400900 8.02710600 0.79842400
v -5.94014300 -8.09857500 0.79030400
v -5.91400900 -8.02710600 -0.79842400
v -4.88551700 7.70006700 -0.03025400
v -4.88551700 -7.70006700 0.03025400
v 3.02400300 10.27562000 0.10894800
v 3.03392900 -10.27197500 0.11385600
v 3.02400300 -10.27562000 -0.10894800
v 3.03392900 10.27197500 -0.11385600
v 7.94906400 4.85355700 -0.52355700
v 7.94906400 -4.85355700 0.52355700
v -3.18731100 8.75101300 -0.52321700
v -3.18731100 -8.75101300 0.52321700
v -3.45371800 8.67959100 0.55406700
v -3.45371800 -8.67959100 -0.55406700
v 3.86908200 8.61844800 -0.64632900
v 3.86908200 -8.61844800 0.64632900
v 5.62349900 8.20182200 0.79968300
v 5.62349900 -8.20182200 -0.79968300
v 2.66295400 9.50043700 -0.79840100
v 2.66295400 -9.50043700 0.79840100
v 10.64973600 -0.93772100 0.20929800
v 10.64973600 0.93772100 -0.20929800
v -8.42827500 3.48192900 -0.03075000
v -8.42827500 -3.48192900 0.03075000
v 1.92261700 9.76717500 0.79929400
v 1.92261700 -9.76717500 -0.79929400
v -6.52453200 7.05976700 -0.73939800
v -6.60801500 7.22130500 0.78942200
v -6.52453200 -7.05976700 0.73939800
v -6.60801500 -7.22130500 -0.78942200
v -6.17605600 7.58226100 -0.78786000
v -6.09947300 7.61253800 0.78311300
v -6.17605600 -7.58226100 0.78786000
v -6.09947300 -7.61253800 -0.78311300
v 4.14935900 9.60359900 0.58767000
v 4.13106100 -9.59527700 0.60108400
v 4.14935900 -9.60359900 -0.58767000
v 4.13106100 9.59527700 -0.60108400
v -8.41029100 3.63026000 -0.25504300
v -8.41029100 -3.63026000 0.25504300
v -5.40361700 7.56621700 0.50446500
v -5.40361700 -7.56621700 -0.50446500
v -7.61950600 5.71673200 0.69689800
v -7.61950600 -5.71673200 -0.69689800
v 2.51945500 -10.15966200 0.58231700
v 2.51945500 10.15966200 -0.58231700
v -5.96584100 7.02211300 -0.37924600
v -5.96584100 -7.02211300 0.37924600
v -4.22374600 8.27672400 0.49759900
v -4.22374600 -8.27672400 -0.49759900
v 2.68488700 9.54341400 0.80008600
v 2.68488700 -9.54341400 -0.80008600
v 1.08950000 -10.42421300 0.56919800
v 1.08950000 10.42421300 -0.56919800
v -9.15345700 2.02414800 0.58660500
v -9.15345700 -2.02414800 -0.58660500
v 3.80982800 9.76282800 0.57030900
v 3.80516300 -9.73145200 0.59916800
v 3.80982800 -9.76282800 -0.57030900
v 3.80516300 9.73145200 -0.59916800
v -3.87777900 9.20537700 0.79702300
v -3.87777900 -9.20537700 -0.79702300
v 6.25086700 6.70038100 0.26406000
v 6.25086700 -6.70038100 -0.26406000
v -0.92041100 10.18318800 -0.73927300
v -0.92398800 10.21337700 0.72595000
v -0.92041100 -10.18318800 0.73927300
v -0.92398800 -10.21337700 -0.72595000
v 0.19731200 10.36430800 -0.66326200
v 0.19731200 -10.36430800 0.66326200
v 4.43542200 9.64597400 0.39080400
v 4.41030000 -9.67702000 0.35720800
v 4.43542200 -9.64597400 -0.39080400
v 4.41030000 9.67702000 -0.35720800
v 8.30178800 4.31135100 -0.56734900
v 8.30178800 -4.31135100 0.56734900
v 8.89424300 2.01076200 -0.01276700
v 8.89424300 -2.01076200 0.01276700
v -7.90207900 5.17649800 -0.64600200
v -7.90207900 -5.17649800 0.64600200
v 3.76652600 9.88388700 0.45441100
v 3.75965900 -9.85840800 0.49028400
v 3.76652600 -9.88388700 -0.45441100
v 3.75965900 9.85840800 -0.49028400
v 2.28345800 -10.29083200 0.50273400
v 2.28345800 10.29083200 -0.50273400
v -5.29619600 8.44847800 -0.79837000
v -5.29619600 -8.44847800 0.79837000
v -9.13413700 1.62813300 0.47937600
v -9.13413700 -1.62813300 -0.47937600
v 7.82269500 7.28210800 0.22143800
v 7.86289000 -7.22890100 0.24327200
v 7.82269500 -7.28210800 -0.22143800
v 7.86289000 7.22890100 -0.24327200
v -8.71590600 3.62323500 0.64035500
v -8.71590600 -3.62323500 -0.64035500
v 4.37308400 9.54013000 0.55536200
v 4.29332400 -9.60003100 0.53197500
v 4.37308400 -9.54013000 -0.55536200
v 4.29332400 9.60003100 -0.53197500
v -6.82990100 6.98814100 -0.78643700
v -6.82990100 -6.98814100 0.78643700
v -8.16375500 4.17496500 -0.28045400
v -8.16375500 -4.17496500 0.28045400
v -9.34275100 1.59743600 0.66801000
v -9.34275100 -1.59743600 -0.66801000
v -7.71417000 4.86800000 -0.07063000
v -7.71417000 -4.86800000 0.07063000
v -9.01515400 2.76037000 -0.63218500
v -9.02701800 2.74838400 0.63819400
v -9.01515400 -2.76037000 0.63218500
v -9.02701800 -2.74838400 -0.63819400
v -4.94444000 8.09110100 0.67058700
v -4.94444000 -8.09110100 -0.67058700
v -6.12168700 7.78089400 -0.79989000
v -6.12168700 -7.78089400 0.79989000
v -3.33909300 9.38782700 -0.79881800
v -3.33909300 -9.38782700 0.79881800
v -8.75769200 4.93610600 -0.78875200
v -8.79507500 4.93102900 0.78303300
v -8.75769200 -4.93610600 0.78875200
v -8.79507500 -4.93102900 -0.78303300
v 4.59043600 9.66118700 0.18844600
v 4.57871400 -9.67060900 0.17341600
v 4.59043600 -9.66118700 -0.18844600
v 4.57871400 9.67060900 -0.17341600
v -4.45398600 8.27270100 0.60533500
v -4.45398600 -8.27270100 -0.60533500
v 1.69384700 10.43161200 0.46718400
v 1.70801300 -10.41260200 0.48928400
v 1.69384700 -10.43161200 -0.46718400
v 1.70801300 10.41260200 -0.48928400
v -8.49979500 3.66049900 -0.44609200
v -8.51456600 3.70198600 0.48784400
v -8.49979500 -3.66049900 0.44609200
v -8.51456600 -3.70198600 -0.48784400
v 9.98753200 3.17414600 0.57038500
v 9.98753200 -3.17414600 -0.57038500
v -1.54396600 10.06852500 -0.75405200
v -1.62780200 10.09386900 0.73944600
v -1.54396600 -10.06852500 0.75405200
v -1.62780200 -10.09386900 -0.73944600
v 10.13044400 1.80010800 0.70918100
v 10.13044400 -1.80010800 -0.70918100
v 4.27513900 9.67120700 0.45909500
v 4.25874000 -9.71407200 0.40859200
v 4.27513900 -9.67120700 -0.45909500
v 4.25874000 9.71407200 -0.40859200
v 5.87668600 8.92090500 0.23793500
v 5.87910100 -8.91900600 0.23875800
v 5.87668600 -8.92090500 -0.23793500
v 5.87910100 8.91900600 -0.23875800
v 9.12364100 -0.83732500 0.25988500
v 9.12364100 0.83732500 -0.25988500
v -4.58138500 8.79700100 0.80010000
v -4.58138500 -8.79700100 -0.80010000
v -1.30447700 9.07676400 0.28220700
v -1.30447700 -9.07676400 -0.28220700
v -9.50562100 2.42629200 -0.79273500
v -9.50916400 2.44274900 0.79372500
v -9.50562100 -2.42629200 0.79273500
v -9.50916400 -2.44274900 -0.79372500
v 5.03895400 7.75155600 -0.43225700
v 5.03895400 -7.75155600 0.43225700
v 9.00680200 1.42495800 -0.01901200
v 9.00680200 -1.42495800 0.01901200
v -8.25690000 4.84563200 0.72191700
v -8.25690000 -4.84563200 -0.72191700
v -3.67227800 8.35104800 0.08195500
v -3.67227800 -8.35104800 -0.08195500
v 7.38811900 6.39241600 0.78610600
v 7.38811900 -6.39241600 -0.78610600
v -5.01052400 8.77630900 -0.77789500
v -4.90973100 8.78738200 0.78643200
v -5.01052400 -8.77630900 0.77789500
v -4.90973100 -8.78738200 -0.78643200
v 0.09340700 9.42884700 -0.63297500
v 0.09340700 -9.42884700 0.63297500
v 10.14628200 2.96712000 0.46300000
v 10.14628200 -2.96712000 -0.46300000
v -3.31620400 9.71902700 -0.71923700
v -3.35030000 9.73767600 0.70453100
v -3.31620400 -9.71902700 0.71923700
v -3.35030000 -9.73767600 -0.70453100
v 5.04200800 8.22576500 0.75293700
v 5.04200800 -8.22576500 -0.75293700
v 10.14818100 -2.70840700 0.54617500
v 10.14818100 2.70840700 -0.54617500
v -0.14887400 10.63594300 0.35245900
v -0.19594200 -10.64255600 0.33701400
v -0.14887400 -10.63594300 -0.35245900
v -0.19594200 10.64255600 -0.33701400
v 4.76027500 9.59582000 0.10654200
v 4.75299000 -9.60021200 0.10118800
v 4.76027500 -9.59582000 -0.10654200
v 4.75299000 9.60021200 -0.10118800
v 6.98727400 6.19431600 -0.55002800
v 6.98727400 -6.19431600 0.55002800
v -0.44493800 10.17109500 -0.75594400
v -0.41434800 10.08901900 0.77986000
v -0.44493800 -10.17109500 0.75594400
v -0.41434800 -10.08901900 -0.77986000
v 5.69874400 8.13214600 -0.80001800
v 5.69874400 -8.13214600 0.80001800
v 3.12899500 -10.02934600 0.54323700
v 3.12899500 10.02934600 -0.54323700
v 10.10617200 -3.29242000 0.36836700
v 10.10617200 3.29242000 -0.36836700
v -6.22201000 7.06076700 0.61842500
v -6.22201000 -7.06076700 -0.61842500
v 1.91108300 10.37054200 0.49770300
v 1.91108300 -10.37054200 -0.49770300
v -8.52898200 4.32000400 0.71551200
v -8.52898200 -4.32000400 -0.71551200
v -4.94868400 7.79313900 -0.40994800
v -4.94868400 -7.79313900 0.40994800
v 0.32701300 9.82727400 0.79546600
v 0.32701300 -9.82727400 -0.79546600
v -6.53657900 7.48560200 -0.79987000
v -6.44680800 7.47980000 0.79888700
v -6.53657900 -7.48560200 0.79987000
v -6.44680800 -7.47980000 -0.79888700
v 8.10712500 5.80522200 0.79837200
v 8.10712500 -5.80522200 -0.79837200
v -1.21239200 10.30540800 -0.65620000
v -1.21239200 -10.30540800 0.65620000
v -6.31194200 7.00858100 -0.63497200
v -6.31194200 -7.00858100 0.63497200
v -1.61331500 9.32976800 -0.66123800
v -1.61331500 -9.32976800 0.66123800
v 5.73147800 -8.31243000 0.78001500
v 5.73147800 8.31243000 -0.78001500
v 5.40761900 9.23748900 0.15367500
v 5.40332900 -9.23980800 0.15451700
v 5.40761900 -9.23748900 -0.15367500
v 5.40332900 9.23980800 -0.15451700
v 4.38249800 9.76938400 0.13492500
v 4.38314300 -9.77230000 0.11655100
v 4.38249800 -9.76938400 -0.13492500
v 4.38314300 9.77230000 -0.11655100
v 1.02745200 10.38839600 0.60775300
v 1.02745200 -10.38839600 -0.60775300
v -0.94207100 10.46286200 -0.54423500
v -1.04498500 10.45434200 0.54288400
v -0.94207100 -10.46286200 0.54423500
v -1.04498500 -10.45434200 -0.54288400
v -5.00970300 7.73490600 0.38171300
v -5.00970300 -7.73490600 -0.38171300
v 1.43424000 10.52535600 0.38032800
v 1.43424000 -10.52535600 -0.38032800
v 1.99658900 -10.33662000 0.51894300
v 1.99658900 10.33662000 -0.51894300
v 3.59048800 9.37215400 -0.79139900
v 3.59048800 -9.37215400 0.79139900
v 6.33572200 7.11439500 0.69743300
v 6.33572200 -7.11439500 -0.69743300
v -1.95040600 8.91086000 0.07165600
v -1.95040600 -8.91086000 -0.07165600
v -4.75488200 8.14506900 -0.63457500
v -4.75488200 -8.14506900 0.63457500
v -8.82461000 2.87333500 -0.48270700
v -8.82461000 -2.87333500 0.48270700
v -2.03954400 10.07069300 -0.71631500
v -2.11117700 10.04488900 0.72158600
v -2.03954400 -10.07069300 0.71631500
v -2.11117700 -10.04488900 -0.72158600
v -7.48909700 6.20303800 0.77615300
v -7.48909700 -6.20303800 -0.77615300
v 1.10386400 10.57266400 0.36609100
v 1.10386400 -10.57266400 -0.36609100
v -0.55205300 10.50570200 -0.52760000
v -0.63710100 10.48611500 0.54395100
v -0.55205300 -10.50570200 0.52760000
v -0.63710100 -10.48611500 -0.54395100
v 4.59107400 9.60319600 0.33732300
v 4.56619000 -9.62597200 0.31524000
v 4.59107400 -9.60319600 -0.33732300
v 4.56619000 9.62597200 -0.31524000
v 3.58744900 10.03850700 0.30038300
v 3.58744900 -10.03850700 -0.30038300
v -6.35440800 6.66084500 -0.36307700
v -6.35440800 -6.66084500 0.36307700
v 9.12311300 4.09200000 0.79608200
v 9.12311300 -4.09200000 -0.79608200
v -0.96701800 9.32258400 -0.58475500
v -0.96701800 -9.32258400 0.58475500
v -8.80595200 2.47128500 -0.20814700
v -8.80595200 -2.47128500 0.20814700
v -8.14552600 4.12163300 0.12818400
v -8.14552600 -4.12163300 -0.12818400
v -5.53233700 7.37057300 0.38233200
v -5.53233700 -7.37057300 -0.38233200
v 0.97040000 10.50403300 0.49313400
v 0.97040000 -10.50403300 -0.49313400
v 4.11591700 9.87445000 0.18158500
v 4.15379300 -9.86766900 0.14086900
v 4.11591700 -9.87445000 -0.18158500
v 4.15379300 9.86766900 -0.14086900
v 6.96153700 -7.37426000 0.76855800
v 6.96153700 7.37426000 -0.76855800
v -6.38837000 8.40095400 -0.48634400
v -6.37798400 8.39631100 0.49911200
v -6.38837000 -8.40095400 0.48634400
v -6.37798400 -8.39631100 -0.49911200
v -8.91436800 1.93775000 0.07935700
v -8.91436800 -1.93775000 -0.07935700
v 1.12376700 9.08348500 -0.23120800
v 1.12376700 -9.08348500 0.23120800
v 3.00861700 10.18539400 0.38432100
v 3.05990600 -10.16050800 0.40064100
v 3.00861700 -10.18539400 -0.38432100
v 3.05990600 10.16050800 -0.40064100
v 8.99434000 -1.60994400 0.17192700
v 8.99434000 1.60994400 -0.17192700
v -9.24592100 1.24637200 -0.54135200
v -9.21979200 1.42437600 0.54093800
v -9.24592100 -1.24637200 0.54135200
v -9.21979200 -1.42437600 -0.54093800
v -3.83327800 9.93056700 0.33622400
v -3.77039300 -9.91881300 0.40066000
v -3.83327800 -9.93056700 -0.33622400
v -3.77039300 9.91881300 -0.40066000
v -8.87662000 3.35745800 -0.67578400
v -8.87662000 -3.35745800 0.67578400
v -7.05997200 6.42198100 -0.70685700
v -7.05997200 -6.42198100 0.70685700
v -3.51161700 8.83657900 0.68710400
v -3.51161700 -8.83657900 -0.68710400
v -0.94140900 9.07192800 -0.05713600
v -0.94140900 -9.07192800 0.05713600
v -6.27953300 7.89476400 -0.78206800
v -6.28916000 7.88616000 0.78222600
v -6.27953300 -7.89476400 0.78206800
v -6.28916000 -7.88616000 -0.78222600
v 3.08090900 10.22783100 0.24054500
v 3.10839500 -10.21676900 0.24871400
v 3.08090900 -10.22783100 -0.24054500
v 3.10839500 10.21676900 -0.24871400
v 10.24344100 2.50199400 0.49843900
v 10.24344100 -2.50199400 -0.49843900
v 3.98446500 -9.87839700 0.32073700
v 3.98446500 9.87839700 -0.32073700
v 1.76172900 9.56996900 0.77771700
v 1.76172900 -9.56996900 -0.77771700
v -7.84044700 5.00567900 -0.50989100
v -7.84044700 -5.00567900 0.50989100
v 9.16763600 4.54074900 0.73682800
v 9.16763600 -4.54074900 -0.73682800
v 10.43996000 -1.95837700 0.38138600
v 10.43996000 1.95837700 -0.38138600
v 0.77223300 10.58655200 0.39467900
v 0.76625800 -10.56993100 0.42327400
v 0.77223300 -10.58655200 -0.39467900
v 0.76625800 10.56993100 -0.42327400
v -8.92903800 3.39835600 0.71208400
v -8.92903800 -3.39835600 -0.71208400
v 0.40617100 10.50100600 0.54025300
v 0.25918800 -10.44874000 0.59649000
v 0.40617100 -10.50100600 -0.54025300
v 0.25918800 10.44874000 -0.59649000
v 10.48188800 1.69978700 0.38729500
v 10.48188800 -1.69978700 -0.38729500
v 6.37899500 -7.96031100 0.74868500
v 6.37899500 7.96031100 -0.74868500
v -5.23078000 8.90935100 -0.68545400
v -5.18124200 8.91798200 0.69570800
v -5.23078000 -8.90935100 0.68545400
v -5.18124200 -8.91798200 -0.69570800
v -9.25649500 2.53049500 -0.73220300
v -9.26768900 2.53995600 0.73791700
v -9.25649500 -2.53049500 0.73220300
v -9.26768900 -2.53995600 -0.73791700
v -7.03003900 5.94567000 0.36595200
v -7.03003900 -5.94567000 -0.36595200
v -3.73535300 8.33573500 -0.15824100
v -3.73535300 -8.33573500 0.15824100
v -6.55004100 6.42995600 0.30408300
v -6.55004100 -6.42995600 -0.30408300
v -9.99892400 1.31374200 -0.78265600
v -9.98482200 1.35136300 0.78451400
v -9.99892400 -1.31374200 0.78265600
v -9.98482200 -1.35136300 -0.78451400
v 0.28890700 10.56891600 0.46068300
v 0.26105200 -10.54125300 0.49855100
v 0.28890700 -10.56891600 -0.46068300
v 0.26105200 10.54125300 -0.49855100
v -8.71443300 4.02469600 -0.73342300
v -8.71443300 -4.02469600 0.73342300
v -7.12128500 5.93121000 -0.46527200
v -7.12128500 -5.93121000 0.46527200
v 6.03312000 7.13005300 -0.55254200
v 6.03312000 -7.13005300 0.55254200
v -0.21310600 10.45756200 -0.58944300
v -0.12027400 10.45011100 0.59751600
v -0.21310600 -10.45756200 0.58944300
v -0.12027400 -10.45011100 -0.59751600
v -4.23276700 8.29024800 -0.51727800
v -4.23276700 -8.29024800 0.51727800
v -3.91302300 9.34992800 -0.77010400
v -3.88429700 9.41164300 0.75564300
v -3.91302300 -9.34992800 0.77010400
v -3.88429700 -9.41164300 -0.75564300
v 0.45533700 10.60613900 0.39250400
v 0.42478700 -10.60744000 0.39244500
v 0.45533700 -10.60613900 -0.39250400
v 0.42478700 10.60744000 -0.39244500
v 6.60979100 6.45968600 0.42709100
v 6.60979100 -6.45968600 -0.42709100
v 1.51399200 10.60181200 0.12248200
v 1.51260700 -10.60111900 0.12804700
v 1.51399200 -10.60181200 -0.12248200
v 1.51260700 10.60111900 -0.12804700
v -0.41606500 9.21289800 0.39391700
v -0.41606500 -9.21289800 -0.39391700
v -4.18104400 9.18397700 -0.78134600
v -4.13366800 9.23632900 0.77458600
v -4.18104400 -9.18397700 0.78134600
v -4.13366800 -9.23632900 -0.77458600
v 9.17716800 -3.39075100 0.78860100
v 9.17716800 3.39075100 -0.78860100
v -4.40555800 9.23772700 -0.73514900
v -4.36412800 9.27016000 0.73007100
v -4.40555800 -9.23772700 0.73514900
v -4.36412800 -9.27016000 -0.73007100
v 1.66438300 8.97603300 0.12881900
v 1.66438300 -8.97603300 -0.12881900
v 3.81626000 10.00061500 0.15305500
v 3.81626000 -10.00061500 -0.15305500
v 5.87902000 7.06572600 -0.33411400
v 5.87902000 -7.06572600 0.33411400
v 9.82316000 -0.40822200 0.79534900
v 9.82316000 0.40822200 -0.79534900
v 3.52475500 -10.08039700 0.24959900
v 3.52475500 10.08039700 -0.24959900
v 0.62848200 10.66740400 0.22707100
v 0.61620900 -10.66578400 0.23480800
v 0.62848200 -10.66740400 -0.22707100
v 0.61620900 10.66578400 -0.23480800
v -6.74389700 7.45357700 -0.78897400
v -6.70562700 7.43403000 0.79469900
v -6.74389700 -7.45357700 0.78897400
v -6.70562700 -7.43403000 -0.79469900
v 1.62085900 9.10493500 -0.43638500
v 1.62085900 -9.10493500 0.43638500
v 9.43198500 -4.91619300 0.35381100
v 9.43198500 4.91619300 -0.35381100
v 8.27660500 -5.18878500 0.78589600
v 8.27660500 5.18878500 -0.78589600
v -2.14029800 9.88868300 -0.77496900
v -2.18918200 9.88273800 0.77376100
v -2.14029800 -9.88868300 0.77496900
v -2.18918200 -9.88273800 -0.77376100
v 8.99825500 -2.53539000 0.56140400
v 8.99825500 2.53539000 -0.56140400
v 10.34937000 1.13597600 0.63030200
v 10.34937000 -1.13597600 -0.63030200
v 6.55559900 6.70059900 -0.58615700
v 6.55559900 -6.70059900 0.58615700
v 4.31296700 8.04772000 -0.13793400
v 4.31296700 -8.04772000 0.13793400
v -4.27905900 8.13343800 -0.33123400
v -4.27905900 -8.13343800 0.33123400
v 3.36161800 10.15350200 0.19161500
v 3.36363300 -10.15442200 0.18540000
v 3.36161800 -10.15350200 -0.19161500
v 3.36363300 10.15442200 -0.18540000
v -3.25382600 9.92496800 -0.60287100
v -3.32903700 9.94373100 0.56401200
v -3.25382600 -9.92496800 0.60287100
v -3.32903700 -9.94373100 -0.56401200
v -1.02735500 9.50496700 -0.71535200
v -1.02735500 -9.50496700 0.71535200
v -6.55956300 7.69492900 -0.77655500
v -6.52679300 7.69074600 0.78220900
v -6.55956300 -7.69492900 0.77655500
v -6.52679300 -7.69074600 -0.78220900
v 3.84607100 8.26804900 0.01879900
v 3.84607100 -8.26804900 -0.01879900
v 3.73311200 8.34240100 -0.18198800
v 3.73311200 -8.34240100 0.18198800
v 7.18003200 -6.55755500 0.77602600
v 7.18003200 6.55755500 -0.77602600
v -9.24326500 2.17888700 0.67970200
v -9.24326500 -2.17888700 -0.67970200
v -9.44625500 2.73570900 -0.79564900
v -9.45091600 2.74440100 0.79634900
v -9.44625500 -2.73570900 0.79564900
v -9.45091600 -2.74440100 -0.79634900
v 9.14232600 0.27761300 0.20959200
v 9.14232600 -0.27761300 -0.20959200
v -7.41525800 5.99313500 -0.70173400
v -7.41525800 -5.99313500 0.70173400
v 9.15230400 5.43186600 0.34028700
v 9.18641900 -5.37929200 0.33450500
v 9.15230400 -5.43186600 -0.34028700
v 9.18641900 5.37929200 -0.33450500
v -2.51418300 9.80447400 -0.77391900
v -2.46977100 9.79349900 0.77926100
v -2.51418300 -9.80447400 0.77391900
v -2.46977100 -9.79349900 -0.77926100
v -1.80708400 9.30867700 0.67071100
v -1.80708400 -9.30867700 -0.67071100
v 2.93258800 8.73177300 0.37340200
v 2.93258800 -8.73177300 -0.37340200
v -7.77048700 6.15317500 0.80006900
v -7.77048700 -6.15317500 -0.80006900
v 0.05075800 10.69724500 0.18395700
v 0.02954900 -10.69759200 0.18282200
v 0.05075800 -10.69724500 -0.18395700
v 0.02954900 10.69759200 -0.18282200
v -2.62935800 8.76785000 -0.23411300
v -2.62935800 -8.76785000 0.23411300
v 10.41734400 -1.39813200 0.53818100
v 10.41734400 1.39813200 -0.53818100
v 7.25277500 7.07625400 0.77088800
v 7.25277500 -7.07625400 -0.77088800
v -8.72556600 4.36743300 -0.78370500
v -8.80390300 4.30823300 0.79147100
v -8.72556600 -4.36743300 0.78370500
v -8.80390300 -4.30823300 -0.79147100
v 6.62524900 8.40264100 0.17065700
v 6.61305900 -8.40917400 0.18134100
v 6.62524900 -8.40264100 -0.17065700
v 6.61305900 8.40917400 -0.18134100
v -5.43076400 8.94958500 -0.58133000
v -5.39708200 8.95427700 0.59372900
v -5.43076400 -8.94958500 0.58133000
v -5.39708200 -8.95427700 -0.59372900
v -2.33265400 9.99173300 -0.72346000
v -2.34744000 9.99540900 0.72013600
v -2.33265400 -9.99173300 0.72346000
v -2.34744000 -9.99540900 -0.72013600
v -7.47509500 5.30293700 0.26865400
v -7.47509500 -5.30293700 -0.26865400
v -4.30075300 9.72323700 0.36258900
v -4.28791800 -9.72078100 0.37685300
v -4.30075300 -9.72323700 -0.36258900
v -4.28791800 9.72078100 -0.37685300
v 5.31680100 7.40944700 0.04125100
v 5.31680100 -7.40944700 -0.04125100
v 2.30423200 10.44750200 0.17870500
v 2.30910600 -10.44504700 0.18447900
v 2.30423200 -10.44750200 -0.17870500
v 2.30910600 10.44504700 -0.18447900
v 4.42476800 8.91696700 -0.79930100
v 4.42476800 -8.91696700 0.79930100
v -6.24184100 8.14054800 -0.72453500
v -6.22961000 8.11952700 0.73535400
v -6.24184100 -8.14054800 0.72453500
v -6.22961000 -8.11952700 -0.73535400
v -9.40288000 1.86895700 -0.72802300
v -9.40288000 -1.86895700 0.72802300
v -0.29797400 10.69193500 0.18929100
v -0.30928000 -10.69348600 0.18143200
v -0.29797400 -10.69193500 -0.18929100
v -0.30928000 10.69348600 -0.18143200
v -7.54092000 6.82170100 -0.76006200
v -7.52277900 6.72201600 0.78187600
v -7.54092000 -6.82170100 0.76006200
v -7.52277900 -6.72201600 -0.78187600
v 1.11237200 9.35182900 0.62386900
v 1.11237200 -9.35182900 -0.62386900
v -5.02532300 9.05422900 -0.67045600
v -4.97920500 9.07159000 0.67501700
v -5.02532300 -9.05422900 0.67045600
v -4.97920500 -9.07159000 -0.67501700
v -8.54258800 3.21374200 -0.11631600
v -8.54258800 -3.21374200 0.11631600
v 9.24583500 3.32830200 0.79478700
v 9.24583500 -3.32830200 -0.79478700
v -6.78090300 7.61360200 -0.75070600
v -6.75649900 7.60099400 0.75966800
v -6.78090300 -7.61360200 0.75070600
v -6.75649900 -7.60099400 -0.75966800
v 9.03840800 -4.73139300 0.74830100
v 9.03840800 4.73139300 -0.74830100
v 2.18808700 8.90911800 -0.29224400
v 2.18808700 -8.90911800 0.29224400
v -3.03801700 8.65693200 0.29389300
v -3.03801700 -8.65693200 -0.29389300
v 3.86956000 9.23140600 -0.79491800
v 3.86956000 -9.23140600 0.79491800
v -3.60606200 9.76147100 -0.63439500
v -3.61320400 9.76299600 0.63137300
v -3.60606200 -9.76147100 0.63439500
v -3.61320400 -9.76299600 -0.63137300
v 8.56387600 5.82191800 0.67040000
v 8.56387600 -5.82191800 -0.67040000
v 9.30481700 -4.14208200 0.75444400
v 9.30481700 4.14208200 -0.75444400
v 2.31017300 8.85652500 0.23163900
v 2.31017300 -8.85652500 -0.23163900
v 4.10003400 8.30279700 0.45410400
v 4.10003400 -8.30279700 -0.45410400
v 0.11871500 10.41876100 -0.62403700
v 0.11871500 -10.41876100 0.62403700
v 9.37045400 4.08331500 0.74059300
v 9.37045400 -4.08331500 -0.74059300
v 9.24672300 -2.47995200 0.72180500
v 9.24672300 2.47995200 -0.72180500
v -1.19365400 10.05030500 -0.77411800
v -1.19365400 -10.05030500 0.77411800
v 4.25463700 8.14684100 -0.33240400
v 4.25463700 -8.14684100 0.33240400
v -5.15670500 7.71443300 -0.48087100
v -5.15670500 -7.71443300 0.48087100
v -0.63356400 10.67144900 0.21186600
v -0.63251900 -10.67300700 0.20634700
v -0.63356400 -10.67144900 -0.21186600
v -0.63251900 10.67300700 -0.20634700
v 0.43132500 9.18272900 -0.33661000
v 0.43132500 -9.18272900 0.33661000
v 2.62363600 10.37995000 0.14036000
v 2.62791000 -10.37643200 0.15302600
v 2.62363600 -10.37995000 -0.14036000
v 2.62791000 10.37643200 -0.15302600
v -7.19012700 7.16601200 -0.76553300
v -7.18671100 7.13911400 0.77171000
v -7.19012700 -7.16601200 0.76553300
v -7.18671100 -7.13911400 -0.77171000
v -9.41073800 3.07322100 -0.79987800
v -9.41026700 3.08001600 0.79991500
v -9.41073800 -3.07322100 0.79987800
v -9.41026700 -3.08001600 -0.79991500
v -9.35933600 2.22649400 -0.74246200
v -9.36853000 2.25852700 0.74884100
v -9.35933600 -2.22649400 0.74246200
v -9.36853000 -2.25852700 -0.74884100
v 4.86501800 7.92980400 -0.51123700
v 4.86501800 -7.92980400 0.51123700
v -6.88768200 7.66348100 -0.70130400
v -6.87168800 7.65133200 0.71178200
v -6.88768200 -7.66348100 0.70130400
v -6.87168800 -7.65133200 -0.71178200
v 7.56375200 -6.00895600 0.75716300
v 7.56375200 6.00895600 -0.75716300
v 7.90582600 4.70558500 -0.35212400
v 7.90582600 -4.70558500 0.35212400
v 1.72860400 10.55828700 0.17753300
v 1.73064400 -10.55644700 0.18394300
v 1.72860400 -10.55828700 -0.17753300
v 1.73064400 10.55644700 -0.18394300
v 8.85078100 -5.32735800 0.68605200
v 8.85078100 5.32735800 -0.68605200
v -6.31964100 6.83168000 -0.51506300
v -6.31964100 -6.83168000 0.51506300
v -7.25563600 5.54781900 -0.15417200
v -7.25563600 -5.54781900 0.15417200
v -7.73306400 6.08326000 -0.79612300
v -7.73306400 -6.08326000 0.79612300
v -8.20205100 5.70959500 -0.79658100
v -8.25825100 5.64572300 0.79557800
v -8.20205100 -5.70959500 0.79658100
v -8.25825100 -5.64572300 -0.79557800
v 9.45990600 -3.49414900 0.78271400
v 9.45990600 3.49414900 -0.78271400
v -0.84086500 9.09134400 0.13544000
v -0.84086500 -9.09134400 -0.13544000
v 10.32160300 1.86449000 0.56152900
v 10.32160300 -1.86449000 -0.56152900
v -2.67699800 9.96302400 -0.69425700
v -2.64232500 9.93374500 0.71430200
v -2.67699800 -9.96302400 0.69425700
v -2.64232500 -9.93374500 -0.71430200
v 8.55396200 3.27966200 -0.25741100
v 8.55396200 -3.27966200 0.25741100
v -6.48944400 7.95970100 -0.71892700
v -6.47592100 7.94926000 0.72681800
v -6.48944400 -7.95970100 0.71892700
v -6.47592100 -7.94926000 -0.72681800
v 3.55253600 8.58225000 0.49291000
v 3.55253600 -8.58225000 -0.49291000
v -7.90085800 4.68898200 0.32481300
v -7.90085800 -4.68898200 -0.32481300
v 6.10350500 8.78317300 0.19107800
v 6.10270800 -8.78457700 0.18821500
v 6.10350500 -8.78317300 -0.19107800
v 6.10270800 8.78457700 -0.18821500
v -0.90050200 10.59467900 0.36070400
v -0.90400100 -10.59191100 0.36553600
v -0.90050200 -10.59467900 -0.36070400
v -0.90400100 10.59191100 -0.36553600
v -5.82709500 8.54375400 -0.67913900
v -5.79270900 8.52913600 0.69773500
v -5.82709500 -8.54375400 0.67913900
v -5.79270900 -8.52913600 -0.69773500
v -8.47280700 3.96661300 -0.56814700
v -8.47280700 -3.96661300 0.56814700
v 8.88390900 2.15528000 -0.19051000
v 8.88390900 -2.15528000 0.19051000
v 6.50919200 7.37815700 -0.79612500
v 6.50919200 -7.37815700 0.79612500
v -5.85553000 7.20051900 -0.48305600
v -5.85553000 -7.20051900 0.48305600
v -4.15377400 9.59967400 -0.58937400
v -4.14148600 9.63047800 0.56698400
v -4.15377400 -9.59967400 0.58937400
v -4.14148600 -9.63047800 -0.56698400
v 8.60783000 6.37305000 0.11632500
v 8.59179900 -6.39398400 0.11898500
v 8.60783000 -6.37305000 -0.11632500
v 8.59179900 6.39398400 -0.11898500
v -6.87841200 7.82239000 -0.62642600
v -6.86695200 7.81372500 0.63735600
v -6.87841200 -7.82239000 0.62642600
v -6.86695200 -7.81372500 -0.63735600
v -1.36555100 10.42571600 0.53372900
v -1.41274600 -10.41732600 0.53604300
v -1.36555100 -10.42571600 -0.53372900
v -1.41274600 10.41732600 -0.53604300
v -2.92563600 10.04703300 -0.58518900
v -2.99711800 10.06887300 0.54393000
v -2.92563600 -10.04703300 0.58518900
v -2.99711800 -10.06887300 -0.54393000
v -8.98763700 4.29867300 -0.79888700
v -9.02156200 4.37922200 0.79256200
v -8.98763700 -4.29867300 0.79888700
v -9.02156200 -4.37922200 -0.79256200
v 3.22419600 8.68002900 -0.45344900
v 3.22419600 -8.68002900 0.45344900
v 9.54218100 2.69356300 0.80009200
v 9.54218100 -2.69356300 -0.80009200
v 6.20087400 6.87165200 0.44807000
v 6.20087400 -6.87165200 -0.44807000
v 8.49113300 -5.77420600 0.71961400
v 8.49113300 5.77420600 -0.71961400
v -3.69004900 8.48367600 -0.44150800
v -3.69004900 -8.48367600 0.44150800
v 1.72128200 9.22194000 0.59267100
v 1.72128200 -9.22194000 -0.59267100
v -9.21678300 2.89574900 -0.75745500
v -9.22480200 2.89783200 0.76022000
v -9.21678300 -2.89574900 0.75745500
v -9.22480200 -2.89783200 -0.76022000
v 1.70832900 10.51258400 0.32350100
v 1.71280600 -10.50559900 0.33712200
v 1.70832900 -10.51258400 -0.32350100
v 1.71280600 10.50559900 -0.33712200
v 9.88160500 0.66919800 0.79996900
v 9.88160500 -0.66919800 -0.79996900
v -7.06168000 7.62430900 -0.64496300
v -7.05263000 7.61163300 0.65602400
v -7.06168000 -7.62430900 0.64496300
v -7.05263000 -7.61163300 -0.65602400
v -1.78136200 10.48104600 0.36371900
v -1.73757100 -10.49294500 0.35478600
v -1.78136200 -10.48104600 -0.36371900
v -1.73757100 10.49294500 -0.35478600
v -6.67168800 8.00266900 -0.62444300
v -6.65960000 7.99478100 0.63525000
v -6.67168800 -8.00266900 0.62444300
v -6.65960000 -7.99478100 -0.63525000
v -2.32463000 -10.35290100 0.40165600
v -2.32463000 10.35290100 -0.40165600
v 6.65155200 6.86770700 -0.71558000
v 6.65155200 -6.86770700 0.71558000
v 5.44501900 7.60835800 -0.56882800
v 5.44501900 -7.60835800 0.56882800
v 1.53398300 10.57095700 0.24088300
v 1.52962200 -10.56755600 0.25318000
v 1.53398300 -10.57095700 -0.24088300
v 1.52962200 10.56755600 -0.25318000
v 4.98373500 8.11273000 -0.69439500
v 4.98373500 -8.11273000 0.69439500
v 9.71649100 -2.22117200 0.79863300
v 9.71649100 2.22117200 -0.79863300
v -5.76887600 7.13365500 -0.29347000
v -5.76887600 -7.13365500 0.29347000
v 0.03450600 9.63479600 -0.74806000
v 0.03450600 -9.63479600 0.74806000
v 3.81610100 8.63125800 0.63901800
v 3.81610100 -8.63125800 -0.63901800
v -6.71534000 7.79735800 -0.70846100
v -6.69692600 7.78804700 0.71814600
v -6.71534000 -7.79735800 0.70846100
v -6.69692600 -7.78804700 -0.71814600
v 9.78278100 -1.07973300 0.79643300
v 9.78278100 1.07973300 -0.79643300
v -8.03751200 5.71592800 0.79814000
v -8.03751200 -5.71592800 -0.79814000
v -7.78933300 5.05943600 0.49264000
v -7.78933300 -5.05943600 -0.49264000
v 8.27020500 -4.58910700 0.65424300
v 8.27020500 4.58910700 -0.65424300
v 8.51776800 -4.08025200 0.64452100
v 8.51776800 4.08025200 -0.64452100
v -2.36451400 9.18893100 -0.67445900
v -2.36451400 -9.18893100 0.67445900
v 8.60194400 -5.21301700 0.78783100
v 8.60194400 5.21301700 -0.78783100
v 6.30099900 6.93319100 0.58104400
v 6.30099900 -6.93319100 -0.58104400
v 7.96451700 7.15666500 0.13376600
v 7.99118900 -7.12470200 0.14201600
v 7.96451700 -7.15666500 -0.13376600
v 7.99118900 7.12470200 -0.14201600
v 2.71802000 8.79884300 -0.36960600
v 2.71802000 -8.79884300 0.36960600
v 8.23385600 -5.80045200 0.78531100
v 8.23385600 5.80045200 -0.78531100
v -8.92119200 4.62347000 -0.78956800
v -8.94873500 4.63739300 0.78388700
v -8.92119200 -4.62347000 0.78956800
v -8.94873500 -4.63739300 -0.78388700
v 4.20138300 9.10723000 -0.79237400
v 4.20138300 -9.10723000 0.79237400
v 6.54625100 6.37683400 -0.17859000
v 6.54625100 -6.37683400 0.17859000
v -5.07815500 9.25653100 -0.48112000
v -5.05399500 9.26724100 0.48402500
v -5.07815500 -9.25653100 0.48112000
v -5.05399500 -9.26724100 -0.48402500
v 6.67631000 6.27854200 0.26789100
v 6.67631000 -6.27854200 -0.26789100
v -1.42999900 9.01064000 -0.08755800
v -1.42999900 -9.01064000 0.08755800
v -8.39030000 6.08480000 -0.66442700
v -8.40481200 6.06963200 0.66249700
v -8.39030000 -6.08480000 0.66442700
v -8.40481200 -6.06963200 -0.66249700
v 10.59138600 -0.83561000 0.37721600
v 10.59138600 0.83561000 -0.37721600
v -7.99897700 6.37605600 -0.73736900
v -8.04739400 6.40878300 0.71002300
v -7.99897700 -6.37605600 0.73736900
v -8.04739400 -6.40878300 -0.71002300
v -4.97297600 7.90736300 0.55369900
v -4.97297600 -7.90736300 -0.55369900
v 6.94976000 6.51289700 -0.69627800
v 6.94976000 -6.51289700 0.69627800
v 8.34899600 4.03757800 0.47388800
v 8.34899600 -4.03757800 -0.47388800
v -9.72956600 0.58577300 -0.78150000
v -9.71567200 0.62712600 0.77893600
v -9.72956600 -0.58577300 0.78150000
v -9.71567200 -0.62712600 -0.77893600
v -8.84055600 4.48461900 -0.80008000
v -8.88019200 4.48754000 0.79950100
v -8.84055600 -4.48461900 0.80008000
v -8.88019200 -4.48754000 -0.79950100
v 2.43678000 8.93043300 0.44967200
v 2.43678000 -8.93043300 -0.44967200
v 0.69805700 9.28049900 -0.51539800
v 0.69805700 -9.28049900 0.51539800
v -7.79917100 6.69615500 -0.71419400
v -7.84661000 6.66242400 0.70685700
v -7.79917100 -6.69615500 0.71419400
v -7.84661000 -6.66242400 -0.70685700
v 8.00514300 5.20536800 0.70942200
v 8.00514300 -5.20536800 -0.70942200
v -3.15632500 8.76111100 0.52198900
v -3.15632500 -8.76111100 -0.52198900
v -9.76658300 1.16472200 -0.79579200
v -9.75041500 1.21209900 0.79464900
v -9.76658300 -1.16472200 0.79579200
v -9.75041500 -1.21209900 -0.79464900
v -2.44061600 8.86104000 0.33260300
v -2.44061600 -8.86104000 -0.33260300
v -4.16843800 9.39791100 -0.71342900
v -4.14053700 9.43950000 0.69918300
v -4.16843800 -9.39791100 0.71342900
v -4.14053700 -9.43950000 -0.69918300
v 2.56450500 10.33737600 0.32294500
v 2.56467300 -10.31802000 0.36247200
v 2.56450500 -10.33737600 -0.32294500
v 2.56467300 10.31802000 -0.36247200
v -1.42657800 9.20798200 -0.52832000
v -1.42657800 -9.20798200 0.52832000
v 0.49828700 10.69883400 0.11542000
v 0.48902800 -10.69888200 0.11798800
v 0.49828700 -10.69883400 -0.11542000
v 0.48902800 10.69888200 -0.11798800
v 9.35349700 -1.47598400 0.66192300
v 9.35349700 1.47598400 -0.66192300
v -7.80431400 6.30260400 -0.79211500
v -7.95976500 6.26325400 0.77210800
v -7.80431400 -6.30260400 0.79211500
v -7.95976500 -6.26325400 -0.77210800
v 6.30051100 7.25372400 -0.73729400
v 6.30051100 -7.25372400 0.73729400
v -8.29028000 5.92604700 -0.75251000
v -8.31678800 5.88450000 0.75340000
v -8.29028000 -5.92604700 0.75251000
v -8.31678800 -5.88450000 -0.75340000
v -3.53503100 10.02230500 0.37122900
v -3.50419800 -9.97386900 0.46255700
v -3.53503100 -10.02230500 -0.37122900
v -3.50419800 9.97386900 -0.46255700
v -3.29543700 8.90066900 -0.67628100
v -3.29543700 -8.90066900 0.67628100
v -4.49661600 8.12265800 -0.48746500
v -4.49661600 -8.12265800 0.48746500
v -1.38251100 9.08878200 -0.33763300
v -1.38251100 -9.08878200 0.33763300
v -9.35740300 3.42718200 -0.79874400
v -9.32664400 3.44976200 0.79969400
v -9.35740300 -3.42718200 0.79874400
v -9.32664400 -3.44976200 -0.79969400
v 5.78740000 7.05632000 0.10927100
v 5.78740000 -7.05632000 -0.10927100
v -6.19728800 6.73021300 -0.21805700
v -6.19728800 -6.73021300 0.21805700
v 7.01309500 6.19730600 0.57170700
v 7.01309500 -6.19730600 -0.57170700
v -8.84629400 2.21591700 -0.04011100
v -8.84629400 -2.21591700 0.04011100
v 8.85368400 -3.07318900 0.58408200
v 8.85368400 3.07318900 -0.58408200
v -0.23992900 9.14579200 0.21823600
v -0.23992900 -9.14579200 -0.21823600
v 0.15435200 10.62215900 0.37911200
v 0.09868000 -10.61711200 0.38953800
v 0.15435200 -10.62215900 -0.37911200
v 0.09868000 10.61711200 -0.38953800
v 8.75153300 3.76238500 0.69710400
v 8.75153300 -3.76238500 -0.69710400
v 5.15203100 7.82168300 0.57852800
v 5.15203100 -7.82168300 -0.57852800
v 8.73116700 2.87877300 0.33802000
v 8.73116700 -2.87877300 -0.33802000
v 3.37799500 8.51892800 0.26631600
v 3.37799500 -8.51892800 -0.26631600
v 6.68590900 6.20396800 0.06046400
v 6.68590900 -6.20396800 -0.06046400
v -0.91307100 9.10907000 -0.23767800
v -0.91307100 -9.10907000 0.23767800
v -1.77435300 8.97548300 0.21911100
v -1.77435300 -8.97548300 -0.21911100
v 5.77767100 7.17470700 0.37483600
v 5.77767100 -7.17470700 -0.37483600
v 7.15798300 7.96186800 0.14003900
v 7.15017000 -7.97116000 0.13015200
v 7.15798300 -7.96186800 -0.14003900
v 7.15017000 7.97116000 -0.13015200
v -8.63624300 5.26468700 -0.77579100
v -8.68295100 5.24482600 0.76770800
v -8.63624300 -5.26468700 0.77579100
v -8.68295100 -5.24482600 -0.76770800
v 9.52375100 1.20266800 0.73362100
v 9.52375100 -1.20266800 -0.73362100
v -9.52170300 0.46334000 -0.70097900
v -9.51420500 0.53073100 0.69877800
v -9.52170300 -0.46334000 0.70097900
v -9.51420500 -0.53073100 -0.69877800
v 10.61395700 0.20067700 0.39260200
v 10.61395700 -0.20067700 -0.39260200
v 9.70118700 1.25228100 0.78828000
v 9.70118700 -1.25228100 -0.78828000
v 10.02587700 2.92631100 0.60332400
v 10.02587700 -2.92631100 -0.60332400
v 8.05102800 -5.68670600 0.79770700
v 8.05102800 5.68670600 -0.79770700
v -2.65716800 9.09202800 0.66403000
v -2.65716800 -9.09202800 -0.66403000
v 6.95821000 5.91581300 -0.15163800
v 6.95821000 -5.91581300 0.15163800
v 10.07078700 -2.31883000 0.68369500
v 10.07078700 2.31883000 -0.68369500
v 9.58300400 3.94539100 0.66513200
v 9.58300400 -3.94539100 -0.66513200
v 8.31956600 5.59203400 0.79310400
v 8.31956600 -5.59203400 -0.79310400
v 5.22289000 8.49774700 -0.79815300
v 5.22289000 -8.49774700 0.79815300
v -3.18980900 8.62205000 -0.33732200
v -3.18980900 -8.62205000 0.33732200
v 10.67163300 -0.22840500 0.26375400
v 10.67163300 0.22840500 -0.26375400
v 9.74758800 -1.62150000 0.79923600
v 9.74758800 1.62150000 -0.79923600
v -5.57048800 7.36002200 -0.40792300
v -5.57048800 -7.36002200 0.40792300
v 2.27775000 9.14419600 -0.62852900
v 2.27775000 -9.14419600 0.62852900
v -7.54060100 5.43638900 -0.50235700
v -7.54060100 -5.43638900 0.50235700
v -4.12621300 8.19394800 0.29311800
v -4.12621300 -8.19394800 -0.29311800
v -8.46560600 5.52786600 -0.77675100
v -8.51203300 5.48972200 0.77203300
v -8.46560600 -5.52786600 0.77675100
v -8.51203300 -5.48972200 -0.77203300
v 6.99495200 7.00944700 -0.79993800
v 6.99495200 -7.00944700 0.79993800
v 9.17667400 0.84864200 0.38227500
v 9.17667400 -0.84864200 -0.38227500
v 4.33573000 8.51569900 0.71312900
v 4.33573000 -8.51569900 -0.71312900
v -0.16236400 9.21376800 -0.38111100
v -0.16236400 -9.21376800 0.38111100
v 10.07693300 -0.22769200 0.78377400
v 10.07693300 0.22769200 -0.78377400
v -2.55720200 -10.28978300 0.41496500
v -2.55720200 10.28978300 -0.41496500
v -7.64899700 5.11192100 0.35148800
v -7.64899700 -5.11192100 -0.35148800
v 8.93841900 3.91590000 0.78391100
v 8.93841900 -3.91590000 -0.78391100
v 1.84509800 9.08962800 0.47520200
v 1.84509800 -9.08962800 -0.47520200
v 7.57287500 5.40930200 0.51501700
v 7.57287500 -5.40930200 -0.51501700
v 8.31319500 3.84112900 -0.24706100
v 8.31319500 -3.84112900 0.24706100
v 4.37434400 8.00518400 0.07770500
v 4.37434400 -8.00518400 -0.07770500
v -8.23680100 6.33263300 -0.64673200
v -8.25355800 6.33116700 0.63751700
v -8.23680100 -6.33263300 0.64673200
v -8.25355800 -6.33116700 -0.63751700
v -9.09348200 1.19762900 -0.28742200
v -9.11286500 1.23977800 0.34502000
v -9.09348200 -1.19762900 0.28742200
v -9.11286500 -1.23977800 -0.34502000
v 5.38537000 7.46391500 -0.35952300
v 5.38537000 -7.46391500 0.35952300
v -6.84052100 6.09984400 -0.26906000
v -6.84052100 -6.09984400 0.26906000
v -9.30912300 3.83677800 -0.78589500
v -9.33845600 3.84710700 0.77932300
v -9.30912300 -3.83677800 0.78589500
v -9.33845600 -3.84710700 -0.77932300
v -9.77629900 2.06790700 -0.79667900
v -9.76875400 2.08966800 0.79693800
v -9.77629900 -2.06790700 0.79667900
v -9.76875400 -2.08966800 -0.79693800
v 5.97792400 7.63075400 -0.76775400
v 5.97792400 -7.63075400 0.76775400
v 1.31672300 9.13532500 -0.40679300
v 1.31672300 -9.13532500 0.40679300
v 9.38251900 2.45274800 0.76900600
v 9.38251900 -2.45274800 -0.76900600
v -2.24845400 10.36243700 0.41366200
v -2.24845400 -10.36243700 -0.41366200
v 7.62399000 -5.78314500 0.71973900
v 7.62399000 5.78314500 -0.71973900
v -5.95385300 8.63830100 -0.55876800
v -5.93235800 8.63277400 0.57542500
v -5.95385300 -8.63830100 0.55876800
v -5.93235800 -8.63277400 -0.57542500
v 7.61914100 5.16259800 -0.35860200
v 7.61914100 -5.16259800 0.35860200
v 7.86241700 5.69801600 0.77241400
v 7.86241700 -5.69801600 -0.77241400
v 4.62031000 8.11369000 0.54933100
v 4.62031000 -8.11369000 -0.54933100
v 8.55396800 3.50156200 0.42832400
v 8.55396800 -3.50156200 -0.42832400
v 0.93516800 10.65233000 0.20038600
v 0.92993000 -10.65053700 0.20886400
v 0.93516800 -10.65233000 -0.20038600
v 0.92993000 10.65053700 -0.20886400
v 5.48024000 7.82680500 -0.71249500
v 5.48024000 -7.82680500 0.71249500
v -4.01696700 9.78645000 -0.45216300
v -4.04058400 9.80175500 0.41637700
v -4.01696700 -9.78645000 0.45216300
v -4.04058400 -9.80175500 -0.41637700
v 3.61491100 8.47612000 -0.38033900
v 3.61491100 -8.47612000 0.38033900
v -6.61300600 6.29907200 -0.15067700
v -6.61300600 -6.29907200 0.15067700
v 9.57478900 -0.05591900 0.72249400
v 9.57478900 0.05591900 -0.72249400
v -2.44838500 8.78776700 -0.07858800
v -2.44838500 -8.78776700 0.07858800
v 8.28371200 3.81179900 0.00851900
v 8.28371200 -3.81179900 -0.00851900
v 8.11250600 4.78685600 -0.62525800
v 8.11250600 -4.78685600 0.62525800
v 9.14045900 -1.95688200 0.56034800
v 9.14045900 1.95688200 -0.56034800
v -5.07707700 7.59956800 0.18160200
v -5.07707700 -7.59956800 -0.18160200
v 7.98821500 -6.24525900 0.76895400
v 7.98821500 6.24525900 -0.76895400
v 3.27781600 9.16066200 0.77739100
v 3.27781600 -9.16066200 -0.77739100
v 10.07857300 0.08017400 0.78390000
v 10.07857300 -0.08017400 -0.78390000
v -0.24609400 9.46767400 0.66303100
v -0.24609400 -9.46767400 -0.66303100
v 7.98600200 -5.23769200 0.71027900
v 7.98600200 5.23769200 -0.71027900
v 9.18684500 -4.00531400 0.79340200
v 9.18684500 4.00531400 -0.79340200
v -9.54132600 1.00556700 -0.73132700
v -9.51450700 1.07074900 0.72231100
v -9.54132600 -1.00556700 0.73132700
v -9.51450700 -1.07074900 -0.72231100
v -2.76740200 10.23154600 0.42080800
v -2.82029700 -10.19850400 0.44849000
v -2.76740200 -10.23154600 -0.42080800
v -2.82029700 10.19850400 -0.44849000
v 9.67435300 3.13658100 0.75957200
v 9.67435300 -3.13658100 -0.75957200
v 9.89211600 0.19694400 0.79972100
v 9.89211600 -0.19694400 -0.79972100
v 7.82651400 4.90695700 -0.41977400
v 7.82651400 -4.90695700 0.41977400
v -4.36342600 8.04059100 0.21581500
v -4.36342600 -8.04059100 -0.21581500
v -4.96347400 9.48895000 0.12673400
v -4.96779200 -9.48667000 0.12684500
v -4.96347400 -9.48895000 -0.12673400
v -4.96779200 9.48667000 -0.12684500
v 7.39981700 -6.86889900 0.78009700
v 7.39981700 6.86889900 -0.78009700
v -4.79808300 7.80750100 -0.26565100
v -4.79808300 -7.80750100 0.26565100
v -0.50044700 9.42325900 -0.63849900
v -0.50044700 -9.42325900 0.63849900
v 9.27869900 3.58442500 0.79960000
v 9.27869900 -3.58442500 -0.79960000
v 2.38741200 9.58288200 -0.79894900
v 2.38741200 -9.58288200 0.79894900
v 5.52880400 7.98912400 0.77390500
v 5.52880400 -7.98912400 -0.77390500
v 8.12821800 4.41466900 -0.43888400
v 8.12821800 -4.41466900 0.43888400
v 10.26213700 -0.33674900 0.71999100
v 10.26213700 0.33674900 -0.71999100
v 9.72001200 0.15029000 0.77533400
v 9.72001200 -0.15029000 -0.77533400
v 5.31218700 7.47657200 0.28638900
v 5.31218700 -7.47657200 -0.28638900
v 9.18013100 -1.02041500 0.41832200
v 9.18013100 1.02041500 -0.41832200
v -2.89228100 9.00030600 -0.65104100
v -2.89228100 -9.00030600 0.65104100
v 6.95500300 6.36155800 -0.63007100
v 6.95500300 -6.36155800 0.63007100
v -2.36530500 9.08961600 0.60257000
v -2.36530500 -9.08961600 -0.60257000
v 10.15067400 1.19185500 0.74103600
v 10.15067400 -1.19185500 -0.74103600
v 1.10184300 9.08702400 0.23399600
v 1.10184300 -9.08702400 -0.23399600
v -1.04546100 9.12651900 0.32188300
v -1.04546100 -9.12651900 -0.32188300
v 8.49949800 -4.66674200 0.76859500
v 8.49949800 4.66674200 -0.76859500
v 9.34030300 1.94610200 0.70528000
v 9.34030300 -1.94610200 -0.70528000
v 9.46507400 -0.99979600 0.69237600
v 9.46507400 0.99979600 -0.69237600
v -1.95518500 8.91897500 -0.13898700
v -1.95518500 -8.91897500 0.13898700
v 6.78604200 -6.99811700 0.78168400
v 6.78604200 6.99811700 -0.78168400
v 7.32343900 6.08526500 -0.69467200
v 7.32343900 -6.08526500 0.69467200
v -9.90581000 0.34901300 -0.80007200
v -9.89831600 0.36872900 0.79998600
v -9.90581000 -0.34901300 0.80007200
v -9.89831600 -0.36872900 -0.79998600
v 10.25577300 0.23378900 0.72438800
v 10.25577300 -0.23378900 -0.72438800
v 4.77461000 8.25914900 0.70477000
v 4.77461000 -8.25914900 -0.70477000
v -3.20202800 8.55459300 -0.15734400
v -3.20202800 -8.55459300 0.15734400
v 2.15208400 9.01572100 -0.46698300
v 2.15208400 -9.01572100 0.46698300
v 0.19246000 9.18562000 0.32512300
v 0.19246000 -9.18562000 -0.32512300
v 3.44899200 8.99919500 0.74905000
v 3.44899200 -8.99919500 -0.74905000
v 1.15024300 9.41006100 -0.66917200
v 1.15024300 -9.41006100 0.66917200
v -5.45619200 7.30702700 -0.03479600
v -5.45619200 -7.30702700 0.03479600
v 0.53449800 9.35705300 0.58447800
v 0.53449800 -9.35705300 -0.58447800
v 9.64065800 1.62892500 0.78750700
v 9.64065800 -1.62892500 -0.78750700
v 6.42773700 6.57373600 0.33909200
v 6.42773700 -6.57373600 -0.33909200
v 10.22324800 -1.49349900 0.68522900
v 10.22324800 1.49349900 -0.68522900
v -1.84531500 9.21230300 -0.60515700
v -1.84531500 -9.21230300 0.60515700
v 9.51966600 2.00548900 0.77719300
v 9.51966600 -2.00548900 -0.77719300
v -3.88868300 9.71810300 -0.58245200
v -3.84979000 9.77180200 0.54678700
v -3.88868300 -9.71810300 0.58245200
v -3.84979000 -9.77180200 -0.54678700
v -2.87947200 8.79384300 0.44425700
v -2.87947200 -8.79384300 -0.44425700
v 9.24998500 2.78548400 0.75722000
v 9.24998500 -2.78548400 -0.75722000
v 9.21030200 0.33625400 0.38339100
v 9.21030200 -0.33625400 -0.38339100
v 8.90857500 2.41586700 0.40781900
v 8.90857500 -2.41586700 -0.40781900
v 8.44307200 3.66886000 -0.36314600
v 8.44307200 -3.66886000 0.36314600
v -4.74873100 9.39275100 -0.52215000
v -4.72611600 9.40803400 0.51809400
v -4.74873100 -9.39275100 0.52215000
v -4.72611600 -9.40803400 -0.51809400
v -1.96610000 9.75894500 -0.79927500
v -1.96610000 -9.75894500 0.79927500
v 8.68297700 2.80101900 -0.08916800
v 8.68297700 -2.80101900 0.08916800
v 4.87894500 8.39655400 0.77270900
v 4.87894500 -8.39655400 -0.77270900
v 8.60150800 3.63007600 -0.54843100
v 8.60150800 -3.63007600 0.54843100
v 9.90004900 2.31522200 0.76054300
v 9.90004900 -2.31522200 -0.76054300
v 1.14266700 9.56766800 0.74836400
v 1.14266700 -9.56766800 -0.74836400
v 6.13680100 7.79426800 -0.80009900
v 6.13680100 -7.79426800 0.80009900
v 8.57715700 -3.85547300 0.61244100
v 8.57715700 3.85547300 -0.61244100
v -10.09633100 0.54488300 -0.77664100
v -10.08974800 0.56891500 0.77792200
v -10.09633100 -0.54488300 0.77664100
v -10.08974800 -0.56891500 -0.77792200
v -2.12902400 8.91778000 0.27786500
v -2.12902400 -8.91778000 -0.27786500
v 6.63652700 6.39581700 -0.38411000
v 6.63652700 -6.39581700 0.38411000
v -2.95081800 10.25971700 0.25925700
v -2.92403800 -10.21982500 0.36654000
v -2.95081800 -10.25971700 -0.25925700
v -2.92403800 10.21982500 -0.36654000
v 3.40665600 8.94220700 -0.71969800
v 3.40665600 -8.94220700 0.71969800
v 8.84815200 3.15627600 0.60424300
v 8.84815200 -3.15627600 -0.60424300
v 8.35666700 4.10648900 -0.52059400
v 8.35666700 -4.10648900 0.52059400
v 8.08295400 4.22076700 -0.00373900
v 8.08295400 -4.22076700 0.00373900
v 8.02426800 4.53559700 -0.38515200
v 8.02426800 -4.53559700 0.38515200
v -6.34276100 8.56055400 -0.31477000
v -6.33650500 8.56016200 0.32404500
v -6.34276100 -8.56055400 0.31477000
v -6.33650500 -8.56016200 -0.32404500
v 9.69617300 -0.23099300 0.76932300
v 9.69617300 0.23099300 -0.76932300
v 9.15495500 0.06542300 0.23918800
v 9.15495500 -0.06542300 -0.23918800
v 10.57639700 -1.33953000 0.29886100
v 10.57639700 1.33953000 -0.29886100
v 9.32546800 -1.94087500 0.69670400
v 9.32546800 1.94087500 -0.69670400
v 10.67024900 0.01536400 0.27443900
v 10.67024900 -0.01536400 -0.27443900
v 9.39179300 1.56910500 0.69481200
v 9.39179300 -1.56910500 -0.69481200
v 7.16377700 6.12000800 -0.62726000
v 7.16377700 -6.12000800 0.62726000
v 6.79136100 6.85682600 0.75392900
v 6.79136100 -6.85682600 -0.75392900
v -1.48715900 9.01009200 0.14581400
v -1.48715900 -9.01009200 -0.14581400
v 7.52560900 5.73538100 0.65694900
v 7.52560900 -5.73538100 -0.65694900
v 5.79427100 7.36579500 0.58389800
v 5.79427100 -7.36579500 -0.58389800
v 9.25570400 0.93376300 0.51057500
v 9.25570400 -0.93376300 -0.51057500
v 4.54080000 7.93262700 0.18515900
v 4.54080000 -7.93262700 -0.18515900
v 10.29265900 0.83124900 0.68856900
v 10.29265900 -0.83124900 -0.68856900
v 9.95552400 0.89510300 0.79638800
v 9.95552400 -0.89510300 -0.79638800
v 8.19018600 4.48200000 -0.54866300
v 8.19018600 -4.48200000 0.54866300
v 3.70041300 8.99681800 0.77706400
v 3.70041300 -8.99681800 -0.77706400
v 9.00961400 3.26109200 0.72563900
v 9.00961400 -3.26109200 -0.72563900
v -3.76015200 9.83949000 -0.51205400
v -3.77912500 9.88885600 0.44088000
v -3.76015200 -9.83949000 0.51205400
v -3.77912500 -9.88885600 -0.44088000
v 9.00113000 1.54065900 0.14597900
v 9.00113000 -1.54065900 -0.14597900
v -9.47286800 4.07811700 -0.69596700
v -9.48456500 4.09050400 0.68685900
v -9.47286800 -4.07811700 0.69596700
v -9.48456500 -4.09050400 -0.68685900
v -5.35809400 7.42040900 -0.23104300
v -5.35809400 -7.42040900 0.23104300
v -9.37588700 4.39281100 -0.67136200
v -9.38555400 4.40641700 0.66171600
v -9.37588700 -4.39281100 0.67136200
v -9.38555400 -4.40641700 -0.66171600
v -4.41270400 9.57843400 -0.49663000
v -4.40423300 9.59396500 0.48297600
v -4.41270400 -9.57843400 0.49663000
v -4.40423300 -9.59396500 -0.48297600
v 8.52348700 3.38798200 0.28777900
v 8.52348700 -3.38798200 -0.28777900
v -0.45738100 9.50055300 0.68876300
v -0.45738100 -9.50055300 -0.68876300
v -10.40361100 1.87402500 -0.46324900
v -10.38531300 1.89836200 0.48190700
v -10.40361100 -1.87402500 0.46324900
v -10.38531300 -1.89836200 -0.48190700
v -4.66958900 7.83644400 0.07603700
v -4.66958900 -7.83644400 -0.07603700
v -8.17443000 4.24721000 0.37506100
v -8.17443000 -4.24721000 -0.37506100
v -4.94060700 9.44277100 0.30790300
v -4.95217100 -9.43651200 0.30832800
v -4.94060700 -9.44277100 -0.30790300
v -4.95217100 9.43651200 -0.30832800
v 9.81127800 3.84085600 0.50867000
v 9.81127800 -3.84085600 -0.50867000
v 5.23980400 8.00663500 0.71953000
v 5.23980400 -8.00663500 -0.71953000
v 8.97868300 -4.57144800 0.78459300
v 8.97868300 4.57144800 -0.78459300
v -4.00460900 9.88396900 0.28994900
v -3.91936700 -9.89681800 0.33640100
v -4.00460900 -9.88396900 -0.28994900
v -3.91936700 9.89681800 -0.33640100
v -9.94634600 2.16504200 -0.75648600
v -9.93869100 2.17756600 0.75812500
v -9.94634600 -2.16504200 0.75648600
v -9.93869100 -2.17756600 -0.75812500
v 10.16316300 -2.07063700 0.65933400
v 10.16316300 2.07063700 -0.65933400
v 9.25211000 -0.33806400 0.45167500
v 9.25211000 0.33806400 -0.45167500
v 8.92225000 -4.38404300 0.79978500
v 8.92225000 4.38404300 -0.79978500
v 9.47177000 0.81539400 0.68593100
v 9.47177000 -0.81539400 -0.68593100
v 4.21112300 8.72664600 0.76659200
v 4.21112300 -8.72664600 -0.76659200
v 5.10096100 8.43032200 0.79743300
v 5.10096100 -8.43032200 -0.79743300
v -8.52510300 5.78919800 -0.70068800
v -8.55219600 5.76248800 0.69651400
v -8.52510300 -5.78919800 0.70068800
v -8.55219600 -5.76248800 -0.69651400
v 8.95822500 4.67969300 0.77765200
v 8.95822500 -4.67969300 -0.77765200
v -6.57511900 8.36778500 -0.34206200
v -6.56990400 8.36636700 0.35108700
v -6.57511900 -8.36778500 0.34206200
v -6.56990400 -8.36636700 -0.35108700
v 7.03531500 5.99238900 0.42601900
v 7.03531500 -5.99238900 -0.42601900
v 9.37454400 -3.28402500 0.79997000
v 9.37454400 3.28402500 -0.79997000
v 3.41211000 8.58317300 -0.41808400
v 3.41211000 -8.58317300 0.41808400
v -0.60707900 9.31993000 0.55217400
v -0.60707900 -9.31993000 -0.55217400
v -8.76866100 5.71479900 -0.58312800
v -8.78683200 5.69955100 0.57654600
v -8.76866100 -5.71479900 0.58312800
v -8.78683200 -5.69955100 -0.57654600
v 7.58936400 5.22147900 0.37528400
v 7.58936400 -5.22147900 -0.37528400
v -5.08535500 7.62590400 -0.27125000
v -5.08535500 -7.62590400 0.27125000
v 7.92802300 -6.79627700 0.60492800
v 7.92802300 6.79627700 -0.60492800
v 7.36762000 7.27510400 0.67120800
v 7.36762000 -7.27510400 -0.67120800
v 2.53375800 9.23143300 -0.72148500
v 2.53375800 -9.23143300 0.72148500
v 1.03327400 9.72550900 -0.78802900
v 1.03327400 -9.72550900 0.78802900
v 2.07043700 9.53692900 -0.78401700
v 2.07043700 -9.53692900 0.78401700
v 10.66533200 0.39955000 0.26734500
v 10.66533200 -0.39955000 -0.26734500
v 3.18956500 8.85591000 -0.61984400
v 3.18956500 -8.85591000 0.61984400
v 5.75133300 7.59965300 0.69967700
v 5.75133300 -7.59965300 -0.69967700
v -0.07686300 9.11890600 0.03175100
v -0.07686300 -9.11890600 -0.03175100
v 2.53723900 9.39310500 -0.77746900
v 2.53723900 -9.39310500 0.77746900
v 1.90473500 9.36272300 0.71240700
v 1.90473500 -9.36272300 -0.71240700
v 0.31837300 9.47938200 0.67218100
v 0.31837300 -9.47938200 -0.67218100
v -8.50547900 3.35388800 0.19549700
v -8.50547900 -3.35388800 -0.19549700
v 4.79122300 8.87157100 0.78311400
v 4.79122300 -8.87157100 -0.78311400
v 5.72387000 8.39207600 0.76340400
v 5.72387000 -8.39207600 -0.76340400
v 6.48846300 7.29506300 0.78482400
v 6.48846300 -7.29506300 -0.78482400
v -1.24216500 9.38348700 0.65926600
v -1.24216500 -9.38348700 -0.65926600
v 10.56944200 1.59601100 0.21538900
v 10.55526000 -1.65814300 0.23107200
v 10.56944200 -1.59601100 -0.21538900
v 10.55526000 1.65814300 -0.23107200
v 10.57525800 1.04129900 0.37325500
v 10.57525800 -1.04129900 -0.37325500
v 10.53406800 1.95099100 0.09438000
v 10.53379400 -1.94593500 0.10390400
v 10.53406800 -1.95099100 -0.09438000
v 10.53379400 1.94593500 -0.10390400
v 1.34349300 9.43098600 0.69721100
v 1.34349300 -9.43098600 -0.69721100
v -3.06085800 8.59066200 0.04130500
v -3.06085800 -8.59066200 -0.04130500
v 4.22110300 9.12076900 0.78922300
v 4.22110300 -9.12076900 -0.78922300
v -4.35996400 8.02052800 -0.12841900
v -4.35996400 -8.02052800 0.12841900
v 0.50567700 9.65988700 0.76147700
v 0.50567700 -9.65988700 -0.76147700
v 10.09787300 2.45104200 0.64576500
v 10.09787300 -2.45104200 -0.64576500
v 2.69341800 9.32313500 0.77086600
v 2.69341800 -9.32313500 -0.77086600
v 7.02851900 6.96227600 0.79969000
v 7.02851900 -6.96227600 -0.79969000
v 9.29915700 4.63705000 0.64569800
v 9.29915700 -4.63705000 -0.64569800
v 8.93130100 5.12453500 0.70499600
v 8.93130100 -5.12453500 -0.70499600
v 3.11795600 9.32420200 -0.79535600
v 3.11795600 -9.32420200 0.79535600
v -0.18460000 9.82192600 0.79443500
v -0.18460000 -9.82192600 -0.79443500
v 8.73071900 -4.19976300 0.76621400
v 8.73071900 4.19976300 -0.76621400
v 6.61224700 7.74495100 0.75496900
v 6.61224700 -7.74495100 -0.75496900
v 8.54648400 5.61089300 0.73967600
v 8.54648400 -5.61089300 -0.73967600
v 5.30087300 7.43972900 -0.16132500
v 5.30087300 -7.43972900 0.16132500
v -6.47710600 6.62117300 0.45769600
v -6.47710600 -6.62117300 -0.45769600
v -6.52104400 6.37891200 0.07581900
v -6.52104400 -6.37891200 -0.07581900
v 2.93682200 9.43559700 0.79926100
v 2.93682200 -9.43559700 -0.79926100
v 8.13437100 6.08651500 0.76303200
v 8.13437100 -6.08651500 -0.76303200
v -9.04086100 1.26689200 0.12977100
v -9.04086100 -1.26689200 -0.12977100
v 5.49270000 8.05952700 -0.78280500
v 5.49270000 -8.05952700 0.78280500
v 9.11472900 -0.34903300 0.06699300
v 9.11472900 0.34903300 -0.06699300
v 1.76256900 9.49586900 -0.75645800
v 1.76256900 -9.49586900 0.75645800
v 9.47308100 4.59764500 0.51639400
v 9.47308100 -4.59764500 -0.51639400
v -5.92659900 6.93051100 0.02598400
v -5.92659900 -6.93051100 -0.02598400
v 4.83906000 7.79181100 -0.28785900
v 4.83906000 -7.79181100 0.28785900
v 6.27286500 6.61920300 0.03482100
v 6.27286500 -6.61920300 -0.03482100
v 9.41134700 -4.32294100 0.66956300
v 9.41134700 4.32294100 -0.66956300
v 10.49249800 2.12202400 0.14833800
v 10.49249800 -2.12202400 -0.14833800
v -0.22561600 9.68573700 -0.76622800
v -0.22561600 -9.68573700 0.76622800
v -2.06959700 9.09119200 -0.53501300
v -2.06959700 -9.09119200 0.53501300
v 10.28219700 2.68675900 0.37129900
v 10.28219700 -2.68675900 -0.37129900
v 0.60563500 9.10952200 0.13241000
v 0.60563500 -9.10952200 -0.13241000
v -1.88458800 9.17876600 0.58254000
v -1.88458800 -9.17876600 -0.58254000
v 5.85635600 7.00023300 -0.11489700
v 5.85635600 -7.00023300 0.11489700
v 10.26299100 -2.88934600 0.29619500
v 10.26299100 2.88934600 -0.29619500
v 10.68815500 0.55947200 0.15926800
v 10.68815500 -0.55947200 -0.15926800
v 9.07170300 -0.92416300 0.00936500
v 9.07170300 0.92416300 -0.00936500
v 3.87377400 8.44384500 -0.49490800
v 3.87377400 -8.44384500 0.49490800
v -5.98867900 7.07983000 0.47245400
v -5.98867900 -7.07983000 -0.47245400
v 7.46772800 -7.06693200 0.71313600
v 7.46772800 7.06693200 -0.71313600
v -0.68203800 9.84327600 -0.79842000
v -0.68203800 -9.84327600 0.79842000
v -7.16467800 5.64063100 0.00638000
v -7.16467800 -5.64063100 -0.00638000
v -3.69428800 8.94492500 0.76296700
v -3.69428800 -8.94492500 -0.76296700
v 10.65372800 -0.58476000 0.27579400
v 10.65372800 0.58476000 -0.27579400
v -4.21405200 8.08915800 0.06198100
v -4.21405200 -8.08915800 -0.06198100
v 10.10731600 3.51918500 0.16090600
v 10.14584800 -3.39410700 0.17902600
v 10.10731600 -3.51918500 -0.16090600
v 10.14584800 3.39410700 -0.17902600
v 8.24590000 -6.03836700 0.74103500
v 8.24590000 6.03836700 -0.74103500
v -1.72362200 9.60003900 -0.78286900
v -1.72362200 -9.60003900 0.78286900
v 5.89574500 7.70931100 0.77112200
v 5.89574500 -7.70931100 -0.77112200
v 8.70975100 4.66175900 0.79910700
v 8.70975100 -4.66175900 -0.79910700
v 3.97791700 8.78689200 -0.75196700
v 3.97791700 -8.78689200 0.75196700
v 9.86542100 3.02943900 0.69213800
v 9.86542100 -3.02943900 -0.69213800
v 4.95949700 8.37857600 -0.77905100
v 4.95949700 -8.37857600 0.77905100
v 3.05096700 9.16044200 -0.75545100
v 3.05096700 -9.16044200 0.75545100
v 3.59421300 9.11982200 -0.79162100
v 3.59421300 -9.11982200 0.79162100
v 9.76708500 4.37353300 0.16511800
v 9.81020900 -4.28542900 0.14594000
v 9.76708500 -4.37353300 -0.16511800
v 9.81020900 4.28542900 -0.14594000
v 2.59180700 9.06341700 -0.63096200
v 2.59180700 -9.06341700 0.63096200
v 2.42800500 9.48649700 0.79005000
v 2.42800500 -9.48649700 -0.79005000
v 2.71613600 8.92115100 -0.53687400
v 2.71613600 -8.92115100 0.53687400
v 8.42566700 5.03806600 0.79361300
v 8.42566700 -5.03806600 -0.79361300
v 9.57482900 4.80194000 0.10792200
v 9.57638600 -4.79794000 0.11082500
v 9.57482900 -4.80194000 -0.10792200
v 9.57638600 4.79794000 -0.11082500
v 4.62507400 7.95407000 0.35366300
v 4.62507400 -7.95407000 -0.35366300
v 0.92320100 9.57356700 -0.74143500
v 0.92320100 -9.57356700 0.74143500
v 2.55818700 9.02726500 0.59406000
v 2.55818700 -9.02726500 -0.59406000
v 3.74559100 8.32882400 0.14738600
v 3.74559100 -8.32882400 -0.14738600
v 3.16372900 9.02421200 -0.71654500
v 3.16372900 -9.02421200 0.71654500
v 9.71287000 0.65112500 0.77864800
v 9.71287000 -0.65112500 -0.77864800
v 4.34741300 8.22839300 -0.51485500
v 4.34741300 -8.22839300 0.51485500
v 8.46788000 4.12932400 0.62650700
v 8.46788000 -4.12932400 -0.62650700
v 10.02901500 -3.72829000 0.17425700
v 10.02901500 3.72829000 -0.17425700
v 8.50849000 3.29514300 -0.09511000
v 8.50849000 -3.29514300 0.09511000
v 5.11000800 8.66918900 0.78695200
v 5.11000800 -8.66918900 -0.78695200
v 4.84381400 9.05203600 0.72053200
v 4.84381400 -9.05203600 -0.72053200
v 3.20405700 8.53918300 0.05519000
v 3.20405700 -8.53918300 -0.05519000
v -6.74109700 6.55706200 -0.61267100
v -6.74109700 -6.55706200 0.61267100
v 8.11444000 5.56890900 0.79637600
v 8.11444000 -5.56890900 -0.79637600
v 9.88702700 -2.80135800 0.71577400
v 9.88702700 2.80135800 -0.71577400
v -9.31177300 0.39363500 -0.53087200
v -9.32884400 0.35284100 0.54777300
v -9.31177300 -0.39363500 0.53087200
v -9.32884400 -0.35284100 -0.54777300
v -7.49067200 5.21226300 0.10613000
v -7.49067200 -5.21226300 -0.10613000
v 8.98142300 5.53204300 0.49355400
v 9.13111700 -5.33639900 0.45601600
v 8.98142300 -5.53204300 -0.49355400
v 9.13111700 5.33639900 -0.45601600
v 3.83414800 9.44111600 -0.75271200
v 3.83414800 -9.44111600 0.75271200
v 3.78378700 9.37010900 0.77804900
v 3.78378700 -9.37010900 -0.77804900
v -0.35473400 9.30953000 -0.52655200
v -0.35473400 -9.30953000 0.52655200
v -0.34115300 9.96367500 0.79848500
v -0.34115300 -9.96367500 -0.79848500
v 9.59339300 -4.20406100 0.57590100
v 9.59339300 4.20406100 -0.57590100
v -2.51995100 9.49179500 -0.79406400
v -2.51995100 -9.49179500 0.79406400
v -2.74589100 9.27801400 0.76234400
v -2.74589100 -9.27801400 -0.76234400
v 9.06469000 -1.84472100 0.44006500
v 9.06469000 1.84472100 -0.44006500
v 1.84345200 9.72411000 -0.79981400
v 1.84345200 -9.72411000 0.79981400
v -4.95512400 8.22160200 0.73361500
v -4.95512400 -8.22160200 -0.73361500
v 4.92310000 7.67773900 -0.05594200
v 4.92310000 -7.67773900 0.05594200
v 2.05521800 10.01917500 0.73798400
v 2.05521800 -10.01917500 -0.73798400
v 8.60309900 3.67064200 0.56625700
v 8.60309900 -3.67064200 -0.56625700
v -3.88345200 9.11661000 -0.80004500
v -4.10042800 9.02144700 0.80004800
v -3.88345200 -9.11661000 0.80004500
v -4.10042800 -9.02144700 -0.80004800
v 9.01758000 2.71029600 0.62251700
v 9.01758000 -2.71029600 -0.62251700
v -1.14391200 9.90128100 -0.79863200
v -1.14391200 -9.90128100 0.79863200
v 3.58464400 10.09026400 0.13050000
v 3.55382900 -10.10154300 0.12828500
v 3.58464400 -10.09026400 -0.13050000
v 3.55382900 10.10154300 -0.12828500
v -8.19678100 4.01259400 -0.11025100
v -8.19678100 -4.01259400 0.11025100
v -2.80834800 8.76875000 -0.36651700
v -2.80834800 -8.76875000 0.36651700
v 9.04955100 -1.42688400 0.25803800
v 9.04955100 1.42688400 -0.25803800
v 2.92232300 9.51712600 -0.79924500
v 2.92232300 -9.51712600 0.79924500
v 9.27601200 3.94389800 0.78375000
v 9.27601200 -3.94389800 -0.78375000
v 6.37950400 6.51789800 -0.05311600
v 6.37950400 -6.51789800 0.05311600
v 8.89411000 -2.35598900 0.35337000
v 8.89411000 2.35598900 -0.35337000
v -6.52074700 6.81101800 -0.63290200
v -6.52074700 -6.81101800 0.63290200
v -4.66958100 8.47976300 0.76380800
v -4.66958100 -8.47976300 -0.76380800
v -4.58617800 8.35289900 -0.69884200
v -4.58617800 -8.35289900 0.69884200
v 3.54464200 9.21441200 0.79877600
v 3.54464200 -9.21441200 -0.79877600
v 2.65679700 9.75655700 0.77644300
v 2.65679700 -9.75655700 -0.77644300
v 7.22059700 -7.43804900 0.66313800
v 7.22059700 7.43804900 -0.66313800
v 4.06487200 9.32394300 -0.75911800
v 4.06487200 -9.32394300 0.75911800
v 7.61945500 6.52697100 0.79192000
v 7.61945500 -6.52697100 -0.79192000
v -0.68852700 9.87875100 0.79994000
v -0.68852700 -9.87875100 -0.79994000
v -8.95364500 1.97708300 0.28036700
v -8.95364500 -1.97708300 -0.28036700
v -6.90078000 5.96966000 -0.09747800
v -6.90078000 -5.96966000 0.09747800
v 7.45874100 7.42501900 0.52272900
v 7.45874100 -7.42501900 -0.52272900
v 10.32118100 -1.65387900 0.59568700
v 10.32118100 1.65387900 -0.59568700
v 7.30230800 -7.52797300 0.56238600
v 7.30230800 7.52797300 -0.56238600
v 2.12790400 9.73118200 -0.79897500
v 2.12790400 -9.73118200 0.79897500
v 9.10674100 0.74467100 0.17122500
v 9.10674100 -0.74467100 -0.17122500
v -10.58217700 0.23617300 -0.44323200
v -10.58217700 -0.23617300 0.44323200
v 8.13885500 4.56386700 0.54305900
v 8.13885500 -4.56386700 -0.54305900
v 9.99851500 3.63113800 0.35149700
v 9.99851500 -3.63113800 -0.35149700
v 7.09485700 7.97147100 0.27096500
v 7.09703400 -7.97580800 0.25757100
v 7.09485700 -7.97147100 -0.27096500
v 7.09703400 7.97580800 -0.25757100
v -5.43497800 7.84951600 -0.70875700
v -5.43497800 -7.84951600 0.70875700
v 7.16393300 6.56287600 0.77389800
v 7.16393300 -6.56287600 -0.77389800
v 10.54824900 1.38873100 0.34775600
v 10.54824900 -1.38873100 -0.34775600
v 0.17558500 10.39773900 0.63973300
v 0.17558500 -10.39773900 -0.63973300
v 0.64867500 9.46951600 -0.67663700
v 0.64867500 -9.46951600 0.67663700
v 7.86626900 4.88977000 0.45732500
v 7.86626900 -4.88977000 -0.45732500
v -10.58209600 0.24302300 0.44312100
v -10.58209600 -0.24302300 -0.44312100
v 6.98872200 5.90008900 0.20839700
v 6.98872200 -5.90008900 -0.20839700
v -5.34320700 7.41253600 0.17328300
v -5.34320700 -7.41253600 -0.17328300
v 3.69314300 9.55319700 0.73177900
v 3.69314300 -9.55319700 -0.73177900
v 9.04731400 1.17064800 0.08124900
v 9.04731400 -1.17064800 -0.08124900
v 9.12355900 -2.65946800 0.68379600
v 9.12355900 2.65946800 -0.68379600
v 6.93042600 8.14739500 0.18840800
v 6.92899000 -8.14739700 0.19220100
v 6.93042600 -8.14739500 -0.18840800
v 6.92899000 8.14739700 -0.19220100
v 6.23679700 -8.24878800 0.67946000
v 6.23679700 8.24878800 -0.67946000
v 6.16922200 7.18109700 -0.66052100
v 6.16922200 -7.18109700 0.66052100
v 8.77054400 5.14601100 0.76001700
v 8.77054400 -5.14601100 -0.76001700
v 8.11571000 4.20056300 -0.17668300
v 8.11571000 -4.20056300 0.17668300
v 5.62796200 -8.60861100 0.71130300
v 5.62796200 8.60861100 -0.71130300
v -10.37311300 2.34723700 -0.35574100
v -10.37311300 -2.34723700 0.35574100
v 1.69469700 8.97881900 -0.17220600
v 1.69469700 -8.97881900 0.17220600
v 3.20871400 10.21942900 0.10908100
v 3.21662600 -10.21673600 0.11049600
v 3.20871400 -10.21942900 -0.10908100
v 3.21662600 10.21673600 -0.11049600
v 7.31847600 6.21319400 0.73397500
v 7.31847600 -6.21319400 -0.73397500
v -7.77514600 5.73413200 0.75743300
v -7.77514600 -5.73413200 -0.75743300
v 3.48675700 9.68990700 0.70440200
v 3.48675700 -9.68990700 -0.70440200
v 10.10551100 3.29179700 0.36994600
v 10.10551100 -3.29179700 -0.36994600
v -2.59430200 9.17284000 -0.70080300
v -2.59430200 -9.17284000 0.70080300
v 8.87124400 -3.41322900 0.68497400
v 8.87124400 3.41322900 -0.68497400
v 9.00114500 -2.29924100 0.49507700
v 9.00114500 2.29924100 -0.49507700
v 1.56324800 9.09286100 0.40085700
v 1.56324800 -9.09286100 -0.40085700
v -7.73069600 5.23088300 -0.54628400
v -7.73069600 -5.23088300 0.54628400
v -9.02838900 3.05422800 -0.69989700
v -9.03616700 3.06435000 0.70567100
v -9.02838900 -3.05422800 0.69989700
v -9.03616700 -3.06435000 -0.70567100
v 3.44551100 9.49278700 0.77958000
v 3.44551100 -9.49278700 -0.77958000
v 7.42605600 6.91436800 0.76693700
v 7.42605600 -6.91436800 -0.76693700
v 1.48644500 9.91867500 0.79240000
v 1.48644500 -9.91867500 -0.79240000
v 3.58538300 9.58212600 -0.73665900
v 3.58538300 -9.58212600 0.73665900
v 2.87993600 9.60695000 0.79241400
v 2.87993600 -9.60695000 -0.79241400
v -4.77292100 8.59449500 -0.79526500
v -4.77292100 -8.59449500 0.79526500
v -4.73400400 8.61463600 0.79513300
v -4.73400400 -8.61463600 -0.79513300
v 5.72704700 -8.66706200 0.64778400
v 5.72704700 8.66706200 -0.64778400
v 7.49798000 7.53671800 0.36406500
v 7.49798000 -7.53671800 -0.36406500
v 3.27886100 9.52481000 -0.78500600
v 3.27886100 -9.52481000 0.78500600
v 8.13662500 -5.07675300 0.72969700
v 8.13662500 5.07675300 -0.72969700
v 6.91603500 8.07014600 0.36980800
v 6.93262900 -8.05150600 0.37612300
v 6.91603500 -8.07014600 -0.36980800
v 6.93262900 8.05150600 -0.37612300
v 5.16852200 9.33434700 0.27582100
v 5.15469100 -9.34197200 0.27587000
v 5.16852200 -9.33434700 -0.27582100
v 5.15469100 9.34197200 -0.27587000
v -6.01342000 7.27040500 -0.63736500
v -6.01342000 -7.27040500 0.63736500
v 2.76492700 8.70294400 -0.14362400
v 2.76492700 -8.70294400 0.14362400
v 9.56440700 4.64455100 0.36148500
v 9.59371600 -4.58697600 0.35868600
v 9.56440700 -4.64455100 -0.36148500
v 9.59371600 4.58697600 -0.35868600
v 2.51681600 9.63239300 0.79924100
v 2.51681600 -9.63239300 -0.79924100
v 10.51794000 1.93677200 0.19460800
v 10.51794000 -1.93677200 -0.19460800
v -10.46656300 1.77794400 0.39145600
v -10.46656300 -1.77794400 -0.39145600
v 4.49892400 8.68511100 -0.78819300
v 4.49892400 -8.68511100 0.78819300
v 7.67995900 5.39501800 -0.59655600
v 7.67995900 -5.39501800 0.59655600
v 9.08324800 1.16685100 0.24764300
v 9.08324800 -1.16685100 -0.24764300
v -9.54140500 1.49419100 -0.75633000
v -9.53446200 1.54897200 0.75694000
v -9.54140500 -1.49419100 0.75633000
v -9.53446200 -1.54897200 -0.75694000
v 5.80619800 8.56126900 0.67743100
v 5.80619800 -8.56126900 -0.67743100
v 10.25208000 1.65753300 0.65002300
v 10.25208000 -1.65753300 -0.65002300
v -5.89304000 7.49168200 -0.70027700
v -5.89304000 -7.49168200 0.70027700
v 9.93877300 2.52435700 0.72629400
v 9.93877300 -2.52435700 -0.72629400
v 10.39934100 -2.26246400 0.34076600
v 10.39934100 2.26246400 -0.34076600
v 10.34763600 2.41091900 0.37629900
v 10.34763600 -2.41091900 -0.37629900
v 7.70701000 -6.97058500 0.64532700
v 7.70701000 6.97058500 -0.64532700
v -2.91385600 9.09294500 0.70925900
v -2.91385600 -9.09294500 -0.70925900
v 3.54676000 8.42691400 -0.19563800
v 3.54676000 -8.42691400 0.19563800
v -8.96298600 1.69592300 -0.07391400
v -8.96298600 -1.69592300 0.07391400
v 7.81049400 6.88475700 0.63016000
v 7.81049400 -6.88475700 -0.63016000
v 2.55327600 9.89313800 -0.74228900
v 2.39999900 9.90840900 0.75090500
v 2.55327600 -9.89313800 0.74228900
v 2.39999900 -9.90840900 -0.75090500
v 6.03050000 6.87891100 -0.21498700
v 6.03050000 -6.87891100 0.21498700
v -3.82784300 8.63181400 -0.64294900
v -3.82784300 -8.63181400 0.64294900
v -9.03090000 1.51845500 -0.24695900
v -9.03090000 -1.51845500 0.24695900
v -9.04578900 2.07486100 -0.48281800
v -9.04578900 -2.07486100 0.48281800
v 8.07401700 7.01848300 0.18091800
v 8.11561400 -6.96943300 0.18345000
v 8.07401700 -7.01848300 -0.18091800
v 8.11561400 6.96943300 -0.18345000
v -2.14350600 9.51375400 0.78259200
v -2.14350600 -9.51375400 -0.78259200
v 8.85095900 2.19606400 -0.03415900
v 8.85095900 -2.19606400 0.03415900
v -8.72795800 2.73377100 0.20788500
v -8.72795800 -2.73377100 -0.20788500
v -2.82246900 9.42265700 -0.79584600
v -2.82246900 -9.42265700 0.79584600
v 8.91243900 5.90093400 0.21668200
v 8.88255500 -5.90969400 0.27828400
v 8.91243900 -5.90093400 -0.21668200
v 8.88255500 5.90969400 -0.27828400
v 10.44758600 2.02711500 0.34114400
v 10.44758600 -2.02711500 -0.34114400
v 0.45625900 10.33856500 -0.67477600
v 0.47721400 10.33185500 0.67840900
v 0.45625900 -10.33856500 0.67477600
v 0.47721400 -10.33185500 -0.67840900
v -7.39709600 5.95055200 0.67775000
v -7.39709600 -5.95055200 -0.67775000
v 9.27615000 -0.03226900 0.47682400
v 9.27615000 0.03226900 -0.47682400
v -3.98729000 8.43417200 -0.54095700
v -3.98729000 -8.43417200 0.54095700
v -9.65994100 1.32574500 -0.78221800
v -9.64572100 1.37762700 0.78070500
v -9.65994100 -1.32574500 0.78221800
v -9.64572100 -1.37762700 -0.78070500
v 9.21129000 2.33610300 0.68357600
v 9.21129000 -2.33610300 -0.68357600
v -9.11330600 0.31692600 0.01856100
v -9.11330600 -0.31692600 -0.01856100
v 7.20301300 -7.27467300 0.73388900
v 7.20301300 7.27467300 -0.73388900
v 4.62701200 -9.23896900 0.68457300
v 4.62701200 9.23896900 -0.68457300
v -8.83887600 3.72488700 0.73022200
v -8.83887600 -3.72488700 -0.73022200
v -6.14595300 8.41148700 -0.62552800
v -6.12731000 8.39877400 0.64190800
v -6.14595300 -8.41148700 0.62552800
v -6.12731000 -8.39877400 -0.64190800
v 9.29842300 4.82340100 0.57504500
v 9.29842300 -4.82340100 -0.57504500
v -9.06895900 2.37736000 -0.58734100
v -9.06895900 -2.37736000 0.58734100
v -9.08749200 2.37199300 0.60224800
v -9.08749200 -2.37199300 -0.60224800
v -8.94967200 2.07015300 -0.32136700
v -8.94967200 -2.07015300 0.32136700
v -9.36358900 0.70598500 -0.60067600
v -9.34534800 0.74368500 0.58688400
v -9.36358900 -0.70598500 0.60067600
v -9.34534800 -0.74368500 -0.58688400
v -0.91374900 10.66333400 0.16110400
v -0.91143500 -10.66381500 0.15972700
v -0.91374900 -10.66333400 -0.16110400
v -0.91143500 10.66381500 -0.15972700
v 1.72900300 10.25438900 0.63980100
v 1.73697400 -10.22795600 0.65764600
v 1.72900300 -10.25438900 -0.63980100
v 1.73697400 10.22795600 -0.65764600
v 7.59801900 6.79079000 0.75254700
v 7.59801900 -6.79079000 -0.75254700
v 9.50650600 4.14157400 0.66102200
v 9.50650600 -4.14157400 -0.66102200
v 2.46929100 9.32425700 0.75207800
v 2.46929100 -9.32425700 -0.75207800
v -8.47326900 5.31850000 -0.79552500
v -8.53382500 5.28589600 0.79111500
v -8.47326900 -5.31850000 0.79552500
v -8.53382500 -5.28589600 -0.79111500
v 8.99417900 -3.59332600 0.76533500
v 8.99417900 3.59332600 -0.76533500
v 10.61312600 1.38611600 0.15693100
v 10.61312600 -1.38611600 -0.15693100
v -0.44564300 10.61999000 0.36763600
v -0.44621600 -10.63100400 0.34548600
v -0.44564300 -10.61999000 -0.36763600
v -0.44621600 10.63100400 -0.34548600
v -7.02096600 6.59314500 0.74673200
v -7.02096600 -6.59314500 -0.74673200
v -9.20449300 2.11037600 -0.64356700
v -9.20449300 -2.11037600 0.64356700
v 5.70124600 8.75149400 0.60285100
v 5.72760400 -8.75523400 0.58708300
v 5.70124600 -8.75149400 -0.60285100
v 5.72760400 8.75523400 -0.58708300
v -3.28552800 10.19552600 0.10532800
v -3.30354800 -10.19022200 0.10153200
v -3.28552800 -10.19552600 -0.10532800
v -3.30354800 10.19022200 -0.10153200
v -10.57237800 1.70094400 -0.12900000
v -10.57237800 -1.70094400 0.12900000
v -9.09413600 3.58676200 -0.78725300
v -9.06695900 3.70109700 0.79020500
v -9.09413600 -3.58676200 0.78725300
v -9.06695900 -3.70109700 -0.79020500
v -8.81140800 2.60660000 0.32787700
v -8.81140800 -2.60660000 -0.32787700
v 9.68028200 4.37277300 0.38129900
v 9.68028200 -4.37277300 -0.38129900
v -8.72299400 4.64862700 -0.79936200
v -8.74158800 4.62542800 0.79958100
v -8.72299400 -4.64862700 0.79936200
v -8.74158800 -4.62542800 -0.79958100
v 8.85796000 5.73368300 0.48934600
v 8.85796000 -5.73368300 -0.48934600
v 9.66979300 -0.58405900 0.76594200
v 9.66979300 0.58405900 -0.76594200
v 3.71473500 8.54948800 -0.53261800
v 3.71473500 -8.54948800 0.53261800
v -3.74630600 9.30707200 -0.79192700
v -3.74630600 -9.30707200 0.79192700
v 2.30105100 9.36492600 -0.75127400
v 2.30105100 -9.36492600 0.75127400
v 2.70433600 9.15019700 -0.70558700
v 2.70433600 -9.15019700 0.70558700
v -8.95861600 1.72902300 0.09230100
v -8.95861600 -1.72902300 -0.09230100
v -2.41187400 -10.41069400 0.22529400
v -2.41187400 10.41069400 -0.22529400
v -2.63249300 -10.37198700 0.16854000
v -2.63249300 10.37198700 -0.16854000
v -2.17420800 10.19979200 -0.61628600
v -2.19186200 10.18119700 0.62799600
v -2.17420800 -10.19979200 0.61628600
v -2.19186200 -10.18119700 -0.62799600
v -3.32531100 8.80411200 0.61852400
v -3.32531100 -8.80411200 -0.61852400
v -9.21893600 2.31023100 -0.68423800
v -9.21893600 -2.31023100 0.68423800
v -9.23876300 2.33662100 0.69915100
v -9.23876300 -2.33662100 -0.69915100
v -4.15987100 8.48745500 0.64992800
v -4.15987100 -8.48745500 -0.64992800
v -8.44876600 6.57046000 0.15859400
v -8.44876600 -6.57046000 -0.15859400
v -8.44561300 -6.57383400 0.16064200
v -8.44561300 6.57383400 -0.16064200
v 10.65334900 1.03786200 0.15428200
v 10.65334900 -1.03786200 -0.15428200
v 0.87655700 9.72259900 -0.78461200
v 0.87655700 -9.72259900 0.78461200
v 7.09812300 7.88001200 0.41034300
v 7.09812300 -7.88001200 -0.41034300
v -9.04897700 1.39408900 0.24092100
v -9.04897700 -1.39408900 -0.24092100
v 0.53679200 9.49233700 0.68635000
v 0.53679200 -9.49233700 -0.68635000
v -7.46379800 5.69182100 0.59737000
v -7.46379800 -5.69182100 -0.59737000
v 5.28778700 9.04835600 0.57003500
v 5.30679800 -9.04692900 0.56166400
v 5.28778700 -9.04835600 -0.57003500
v 5.30679800 9.04692900 -0.56166400
v 5.37988400 8.69821000 0.73810200
v 5.37988400 -8.69821000 -0.73810200
v -0.34836200 9.11263400 0.03323600
v -0.34836200 -9.11263400 -0.03323600
v -0.34803900 10.59115300 -0.42455400
v -0.29520200 10.54440600 0.49342200
v -0.34803900 -10.59115300 0.42455400
v -0.29520200 -10.54440600 -0.49342200
v -0.39558800 9.68208000 0.76676500
v -0.39558800 -9.68208000 -0.76676500
v -3.63259000 9.36801600 0.78963900
v -3.63259000 -9.36801600 -0.78963900
v 10.69414100 0.18415500 0.19076000
v 10.69414100 -0.18415500 -0.19076000
v -5.94714100 -8.90225000 0.14251400
v -5.94714100 8.90225000 -0.14251400
v -5.94300700 8.90406900 0.14677600
v -5.94300700 -8.90406900 -0.14677600
v -10.28199400 2.67198000 0.37869300
v -10.28199400 -2.67198000 -0.37869300
v -9.45315600 0.18326300 -0.65198100
v -9.45315600 -0.18326300 0.65198100
v -8.00271800 5.00955500 0.64210500
v -8.00271800 -5.00955500 -0.64210500
v -8.95465200 2.57838500 0.52903900
v -8.95465200 -2.57838500 -0.52903900
v -6.16849800 7.12960500 -0.63173200
v -6.16849800 -7.12960500 0.63173200
v 4.80124400 -9.10502700 0.70695300
v 4.80124400 9.10502700 -0.70695300
v -8.67243400 3.69069900 -0.62969200
v -8.67243400 -3.69069900 0.62969200
v -7.51913600 5.79762400 -0.67853300
v -7.51913600 -5.79762400 0.67853300
v -6.29574300 -8.65749400 0.15003900
v -6.29574300 8.65749400 -0.15003900
v -6.29308600 8.65832200 0.15464400
v -6.29308600 -8.65832200 -0.15464400
v -9.90455300 2.39986600 0.75228400
v -9.90455300 -2.39986600 -0.75228400
v -9.90649400 2.39177500 -0.75229000
v -9.90649400 -2.39177500 0.75229000
v -2.05821300 9.55888800 -0.78762500
v -2.05821300 -9.55888800 0.78762500
v -3.73018700 10.00608800 0.24991200
v -3.73018700 -10.00608800 -0.24991200
v -9.12561200 0.94685300 -0.29407300
v -9.12561200 -0.94685300 0.29407300
v -3.62322200 -10.01414100 0.32583200
v -3.62322200 10.01414100 -0.32583200
v -4.28655700 8.71691400 -0.77343500
v -4.28655700 -8.71691400 0.77343500
v -8.72985400 2.95459900 -0.38312000
v -8.72985400 -2.95459900 0.38312000
v -2.32368000 9.84312300 -0.77597800
v -2.32368000 -9.84312300 0.77597800
v -9.68807800 0.32837300 -0.76779500
v -9.68807800 -0.32837300 0.76779500
v -9.66885600 0.35481300 0.76219900
v -9.66885600 -0.35481300 -0.76219900
v 6.17000100 8.31042100 0.67360500
v 6.17000100 -8.31042100 -0.67360500
v 10.56361000 -1.77075400 0.11147900
v 10.56361000 1.77075400 -0.11147900
v -2.26948500 9.69924600 0.79896900
v -2.26948500 -9.69924600 -0.79896900
v 10.38820500 2.24135300 0.37163800
v 10.38820500 -2.24135300 -0.37163800
v 8.56429800 6.12292900 0.51864300
v 8.56429800 -6.12292900 -0.51864300
v -3.74126200 8.79928400 0.71599500
v -3.74126200 -8.79928400 -0.71599500
v -10.16962700 0.30881700 0.75816900
v -10.16962700 -0.30881700 -0.75816900
v -10.17252900 0.29575100 -0.75731800
v -10.17252900 -0.29575100 0.75731800
v -8.60248900 3.02975200 -0.05406400
v -8.60248900 -3.02975200 0.05406400
v -7.34520500 6.94909300 -0.77652900
v -7.34520500 -6.94909300 0.77652900
v 4.94276400 9.50454400 0.09658400
v 4.93638600 -9.50827600 0.09348100
v 4.94276400 -9.50454400 -0.09658400
v 4.93638600 9.50827600 -0.09348100
v 0.80132700 10.29430700 -0.68899600
v 0.80132700 -10.29430700 0.68899600
v -6.81376000 6.91529700 0.77190600
v -6.81376000 -6.91529700 -0.77190600
v -4.56636400 9.67794800 0.16718300
v -4.56636400 -9.67794800 -0.16718300
v -4.56659000 -9.67739900 0.16904500
v -4.56659000 9.67739900 -0.16904500
v -7.26952200 5.94752700 -0.60272000
v -7.26952200 -5.94752700 0.60272000
v -6.43481600 8.19442700 -0.62439100
v -6.42225600 8.18428700 0.63667600
v -6.43481600 -8.19442700 0.62439100
v -6.42225600 -8.18428700 -0.63667600
v -7.80250500 6.47683200 -0.76876100
v -7.90834600 6.44652500 0.74791600
v -7.80250500 -6.47683200 0.76876100
v -7.90834600 -6.44652500 -0.74791600
v -1.19775800 10.53623000 0.41279200
v -1.19775800 -10.53623000 -0.41279200
v -1.17751600 10.49066600 -0.48302700
v -1.17751600 -10.49066600 0.48302700
v 7.03035000 7.77082400 0.57106300
v 7.03035000 -7.77082400 -0.57106300
v 0.34840300 9.12421300 -0.13954100
v 0.34840300 -9.12421300 0.13954100
v 5.58348800 8.56477300 0.73955200
v 5.58348800 -8.56477300 -0.73955200
v 3.59562700 8.70573600 0.62490200
v 3.59562700 -8.70573600 -0.62490200
v -3.25543100 10.17360400 0.24061700
v -3.25543100 -10.17360400 -0.24061700
v 8.20378300 6.87253400 0.16288000
v 8.26431500 -6.80028100 0.16085400
v 8.20378300 -6.87253400 -0.16288000
v 8.26431500 6.80028100 -0.16085400
v -8.41470400 3.60743800 0.23977400
v -8.41470400 -3.60743800 -0.23977400
v 2.88484000 -10.24286400 0.34339500
v 2.88484000 10.24286400 -0.34339500
v -4.51201100 8.77779100 -0.79858800
v -4.51201100 -8.77779100 0.79858800
v -1.24108700 10.24540900 0.69200600
v -1.24108700 -10.24540900 -0.69200600
v 6.28554200 -8.39939300 0.55929400
v 6.28554200 8.39939300 -0.55929400
v 3.91908800 -9.96443900 0.13433900
v 3.91908800 9.96443900 -0.13433900
v -9.12288300 3.44176400 0.78222600
v -9.12288300 -3.44176400 -0.78222600
v -1.96821800 10.47244500 0.31120700
v -1.96821800 -10.47244500 -0.31120700
v -5.77835400 8.16974700 0.79524500
v -5.77835400 -8.16974700 -0.79524500
v -5.82518300 8.22420000 -0.78404000
v -5.82518300 -8.22420000 0.78404000
v 0.17241300 10.06698900 0.78595800
v 0.17241300 -10.06698900 -0.78595800
v -1.62631400 10.42218800 0.49370900
v -1.62631400 -10.42218800 -0.49370900
v -1.62205000 -10.42550600 0.49034600
v -1.62205000 10.42550600 -0.49034600
v 8.56034300 -6.17703600 0.48336300
v 8.56034300 6.17703600 -0.48336300
v -7.65253600 6.29226400 -0.80001800
v -7.65253600 -6.29226400 0.80001800
v 2.85152100 10.26027000 0.32650900
v 2.85152100 -10.26027000 -0.32650900
v -5.73803200 -9.03255000 0.16770500
v -5.73803200 9.03255000 -0.16770500
v -5.73208900 9.03516800 0.17218900
v -5.73208900 -9.03516800 -0.17218900
v -9.63941000 1.00744700 -0.76728600
v -9.63941000 -1.00744700 0.76728600
v -9.61893900 1.06291000 0.76287400
v -9.61893900 -1.06291000 -0.76287400
v 10.52289100 1.80733600 0.25531700
v 10.52289100 -1.80733600 -0.25531700
v -8.37391500 5.74037400 -0.76516200
v -8.37391500 -5.74037400 0.76516200
v -8.64337800 4.48021700 0.77884800
v -8.64337800 -4.48021700 -0.77884800
v -3.59015700 9.49661200 -0.76515400
v -3.59015700 -9.49661200 0.76515400
v -0.63419500 -10.61111900 0.36624600
v -0.63419500 10.61111900 -0.36624600
v -8.41302400 5.69770900 0.76257700
v -8.41302400 -5.69770900 -0.76257700
v -0.65488900 10.60438900 0.37666500
v -0.65488900 -10.60438900 -0.37666500
v -7.27641300 6.23137100 -0.72486800
v -7.27641300 -6.23137100 0.72486800
v -3.78153700 8.97550500 -0.77979600
v -3.78153700 -8.97550500 0.77979600
v -4.22405500 9.69253000 0.46052800
v -4.22405500 -9.69253000 -0.46052800
v -4.22024800 9.67677100 -0.48241500
v -4.22024800 -9.67677100 0.48241500
v -8.31155800 5.14896700 -0.78749000
v -8.31155800 -5.14896700 0.78749000
v 6.35734100 8.40119400 0.50967800
v 6.35734100 -8.40119400 -0.50967800
v -7.64773200 6.86205600 0.71638700
v -7.64773200 -6.86205600 -0.71638700
v 8.21069500 6.58611300 0.52114700
v 8.21069500 -6.58611300 -0.52114700
v 9.82518400 -3.55672500 0.59899400
v 9.82518400 3.55672500 -0.59899400
v 10.46526500 -2.06424500 0.28345800
v 10.46526500 2.06424500 -0.28345800
v -9.21697700 1.18479300 0.49842400
v -9.21697700 -1.18479300 -0.49842400
v 7.81041100 -5.32175700 0.64925100
v 7.81041100 5.32175700 -0.64925100
v 9.99916700 -3.46072500 0.44874100
v 9.99916700 3.46072500 -0.44874100
v 9.86305900 4.12574600 0.20834200
v 9.86305900 -4.12574600 -0.20834200
v 9.55941100 4.37856700 0.53405200
v 9.55941100 -4.37856700 -0.53405200
v 7.68286800 5.88233200 0.76245600
v 7.68286800 -5.88233200 -0.76245600
v 3.87503500 9.93305900 0.29569300
v 3.87503500 -9.93305900 -0.29569300
v -5.34912400 8.55316500 0.78196100
v -5.34912400 -8.55316500 -0.78196100
v -5.41614800 8.56664600 -0.77025500
v -5.41614800 -8.56664600 0.77025500
v 10.61123400 -1.43189300 0.13453300
v 10.61123400 1.43189300 -0.13453300
v 9.79810400 4.08379200 0.39395100
v 9.79810400 -4.08379200 -0.39395100
v -7.33679900 6.94532600 0.77863600
v -7.33679900 -6.94532600 -0.77863600
v 1.76020600 10.08015600 0.73591600
v 1.76020600 -10.08015600 -0.73591600
v -9.58866900 0.24429700 -0.73026300
v -9.58866900 -0.24429700 0.73026300
v 10.47769900 1.26805700 0.48616800
v 10.47769900 -1.26805700 -0.48616800
v 2.02837600 10.18450100 0.65051300
v 2.02837600 -10.18450100 -0.65051300
v -7.57369000 6.03864300 -0.76562900
v -7.57369000 -6.03864300 0.76562900
v 10.02239900 3.72703300 0.20172200
v 10.02239900 -3.72703300 -0.20172200
v -9.90483000 3.82380700 0.39001400
v -9.90483000 -3.82380700 -0.39001400
v -7.63541600 6.90851900 -0.70504300
v -7.63541600 -6.90851900 0.70504300
v -0.36090500 10.45188100 0.59092800
v -0.36090500 -10.45188100 -0.59092800
v -9.89875700 3.81644400 -0.40455100
v -9.89875700 -3.81644400 0.40455100
v -6.33862500 6.55657200 0.03967200
v -6.33862500 -6.55657200 -0.03967200
v 7.47701400 -7.64291200 0.20517500
v 7.47701400 7.64291200 -0.20517500
v -6.88197500 6.61746100 -0.70871500
v -6.88197500 -6.61746100 0.70871500
v -1.17309900 -10.56620200 0.36416000
v -1.17309900 10.56620200 -0.36416000
v 1.70642100 10.06173000 -0.74696800
v 1.70642100 -10.06173000 0.74696800
v 6.45234700 -8.11262600 0.66359800
v 6.45234700 8.11262600 -0.66359800
v -7.26954300 6.36818300 -0.75860100
v -7.26954300 -6.36818300 0.75860100
v 3.01636500 9.90382400 -0.67198300
v 3.01636500 -9.90382400 0.67198300
v -8.85574700 4.16142800 -0.78881100
v -8.85574700 -4.16142800 0.78881100
v 4.19633600 9.37942800 0.71621100
v 4.19633600 -9.37942800 -0.71621100
v -9.52369900 0.24807200 0.69762100
v -9.52369900 -0.24807200 -0.69762100
vn -1.00000000 0.00000000 0.00000000
vn -0.93247200 0.00000000 -0.36124200
vn -0.73900900 0.00000000 -0.67369600
vn -0.44573800 0.00000000 -0.89516300
vn -0.09226800 0.00000000 -0.99573400
vn 0.27366300 -0.00000000 -0.96182600
vn 0.60263500 -0.00000000 -0.79801700
vn 0.85021700 -0.00000000 -0.52643200
vn 0.98297300 -0.00000000 -0.18375000
vn 0.98297300 -0.00000000 0.18375000
vn 0.85021700 -0.00000000 0.52643200
vn 0.60263500 -0.00000000 0.79801700
vn 0.27366300 -0.00000000 0.96182600
vn -0.09226800 -0.00000000 0.99573400
vn -0.44573800 -0.00000000 0.89516300
vn -0.73900900 -0.00000000 0.67369600
vn -0.93247200 -0.00000000 0.36124200
vn -0.99960000 0.02829900 0.00000000
vn -0.99839800 0.05657500 0.00000000
vn -0.99639700 0.08480600 0.00000000
vn -0.99359900 0.11296900 0.00000000
vn -0.99000400 0.14104100 0.00000000
vn -0.98561600 0.16900100 0.00000000
vn -0.98043900 0.19682500 0.00000000
vn -0.97447600 0.22449100 0.00000000
vn -0.96773300 0.25197800 0.00000000
vn -0.96021500 0.27926300 0.00000000
vn -0.95192700 0.30632400 0.00000000
vn -0.94287700 0.33314000 0.00000000
vn -0.93307200 0.35968900 0.00000000
vn -0.92252000 0.38595000 0.00000000
vn -0.91122800 0.41190100 0.00000000
vn -0.89920700 0.43752300 0.00000000
vn -0.88646600 0.46279400 0.00000000
vn -0.87301400 0.48769500 0.00000000
vn -0.85886300 0.51220500 0.00000000
vn -0.84402400 0.53630500 0.00000000
vn -0.82851000 0.55997500 0.00000000
vn -0.81233100 0.58319600 0.00000000
vn -0.79550200 0.60595100 0.00000000
vn -0.77803600 0.62822000 0.00000000
vn -0.75994600 0.64998600 0.00000000
vn -0.74124800 0.67123100 0.00000000
vn -0.72195600 0.69193900 0.00000000
vn -0.70208600 0.71209200 0.00000000
vn -0.68165300 0.73167500 0.00000000
vn -0.66067500 0.75067200 0.00000000
vn -0.63916700 0.76906800 0.00000000
vn -0.61714700 0.78684800 0.00000000
vn -0.59463300 0.80399700 0.00000000
vn -0.57164300 0.82050300 0.00000000
vn -0.54819500 0.83635100 0.00000000
vn -0.52430700 0.85152900 0.00000000
vn -0.50000000 0.86602500 0.00000000
vn -0.47529200 0.87982800 0.00000000
vn -0.45020400 0.89292600 0.00000000
vn -0.42475500 0.90530800 0.00000000
vn -0.39896500 0.91696600 0.00000000
vn -0.37285600 0.92788900 0.00000000
vn -0.34644900 0.93806900 0.00000000
vn -0.31976400 0.94749700 0.00000000
vn -0.29282300 0.95616700 0.00000000
vn -0.26564700 0.96407000 0.00000000
vn -0.23825900 0.97120200 0.00000000
vn -0.21067900 0.97755500 0.00000000
vn -0.18293100 0.98312600 0.00000000
vn -0.15503700 0.98790900 0.00000000
vn -0.12701800 0.99190000 0.00000000
vn -0.09889700 0.99509800 0.00000000
vn -0.07069800 0.99749800 0.00000000
vn -0.04244100 0.99909900 0.00000000
vn -0.01415100 0.99990000 0.00000000
vn 0.01415100 0.99990000 0.00000000
vn 0.04244100 0.99909900 0.00000000
vn 0.07069800 0.99749800 0.00000000
vn 0.09889700 0.99509800 0.00000000
vn 0.12701800 0.99190000 0.00000000
vn 0.15503700 0.98790900 0.00000000
vn 0.18293100 0.98312600 0.00000000
vn 0.21067900 0.97755500 0.00000000
vn 0.23825900 0.97120200 0.00000000
vn 0.26564700 0.96407000 0.00000000
vn 0.29282300 0.95616700 0.00000000
vn 0.31976400 0.94749700 0.00000000
vn 0.34644900 0.93806900 0.00000000
vn 0.37285600 0.92788900 0.00000000
vn 0.39896500 0.91696600 0.00000000
vn 0.42475500 0.90530800 0.00000000
vn 0.45020400 0.89292600 0.00000000
vn 0.47529200 0.87982800 0.00000000
vn 0.50000000 0.86602500 0.00000000
vn 0.52430700 0.85152900 0.00000000
vn 0.54819500 0.83635100 0.00000000
vn 0.57164300 0.82050300 0.00000000
vn 0.59463300 0.80399700 0.00000000
vn 0.61714700 0.78684800 0.00000000
vn 0.63916700 0.76906800 0.00000000
vn 0.66067500 0.75067200 0.00000000
vn 0.68165300 0.73167500 0.00000000
vn 0.70208600 0.71209200 0.00000000
vn 0.72195600 0.69193900 0.00000000
vn 0.74124800 0.67123100 0.00000000
vn 0.75994600 0.64998600 0.00000000
vn 0.77803600 0.62822000 0.00000000
vn 0.79550200 0.60595100 0.00000000
vn 0.81233100 0.58319600 0.00000000
vn 0.82851000 0.55997500 0.00000000
vn 0.84402400 0.53630500 0.00000000
vn 0.85886300 0.51220500 0.00000000
vn 0.87301400 0.48769500 0.00000000
vn 0.88646600 0.46279400 0.00000000
vn 0.89920700 0.43752300 0.00000000
vn 0.91122800 0.41190100 0.00000000
vn 0.92252000 0.38595000 0.00000000
vn 0.93307200 0.35968900 0.00000000
vn 0.94287700 0.33314000 0.00000000
vn 0.95192700 0.30632400 0.00000000
vn 0.96021500 0.27926300 0.00000000
vn 0.96773300 0.25197800 0.00000000
vn 0.97447600 0.22449100 0.00000000
vn 0.98043900 0.19682500 0.00000000
vn 0.98561600 0.16900100 0.00000000
vn 0.99000400 0.14104100 0.00000000
vn 0.99359900 0.11296900 0.00000000
vn 0.99639700 0.08480600 0.00000000
vn 0.99839800 0.05657500 0.00000000
vn 0.99960000 0.02829900 0.00000000
vn 1.00000000 -0.00000000 0.00000000
vn 0.99960000 -0.02829900 0.00000000
vn 0.99839800 -0.05657500 0.00000000
vn 0.99639700 -0.08480600 0.00000000
vn 0.99359900 -0.11296900 0.00000000
vn 0.99000400 -0.14104100 0.00000000
vn 0.98561600 -0.16900100 0.00000000
vn 0.98043900 -0.19682500 0.00000000
vn 0.97447600 -0.22449100 0.00000000
vn 0.96773300 -0.25197800 0.00000000
vn 0.96021500 -0.27926300 0.00000000
vn 0.95192700 -0.30632400 0.00000000
vn 0.94287700 -0.33314000 0.00000000
vn 0.93307200 -0.35968900 0.00000000
vn 0.92252000 -0.38595000 0.00000000
vn 0.91122800 -0.41190100 0.00000000
vn 0.89920700 -0.43752300 0.00000000
vn 0.88646600 -0.46279400 0.00000000
vn 0.87301400 -0.48769500 0.00000000
vn 0.85886300 -0.51220500 0.00000000
vn 0.84402400 -0.53630500 0.00000000
vn 0.82851000 -0.55997500 0.00000000
vn 0.81233100 -0.58319600 0.00000000
vn 0.79550200 -0.60595100 0.00000000
vn 0.77803600 -0.62822000 0.00000000
vn 0.75994600 -0.64998600 0.00000000
vn 0.74124800 -0.67123100 0.00000000
vn 0.72195600 -0.69193900 0.00000000
vn 0.70208600 -0.71209200 0.00000000
vn 0.68165300 -0.73167500 0.00000000
vn 0.66067500 -0.75067200 0.00000000
vn 0.63916700 -0.76906800 0.00000000
vn 0.61714700 -0.78684800 0.00000000
vn 0.59463300 -0.80399700 0.00000000
vn 0.57164300 -0.82050300 0.00000000
vn 0.54819500 -0.83635100 0.00000000
vn 0.52430700 -0.85152900 0.00000000
vn 0.50000000 -0.86602500 0.00000000
vn 0.47529200 -0.87982800 0.00000000
vn 0.45020400 -0.89292600 0.00000000
vn 0.42475500 -0.90530800 0.00000000
vn 0.39896500 -0.91696600 0.00000000
vn 0.37285600 -0.92788900 0.00000000
vn 0.34644900 -0.93806900 0.00000000
vn 0.31976400 -0.94749700 0.00000000
vn 0.29282300 -0.95616700 0.00000000
vn 0.26564700 -0.96407000 0.00000000
vn 0.23825900 -0.97120200 0.00000000
vn 0.21067900 -0.97755500 0.00000000
vn 0.18293100 -0.98312600 0.00000000
vn 0.15503700 -0.98790900 0.00000000
vn 0.12701800 -0.99190000 0.00000000
vn 0.09889700 -0.99509800 0.00000000
vn 0.07069800 -0.99749800 0.00000000
vn 0.04244100 -0.99909900 0.00000000
vn 0.01415100 -0.99990000 0.00000000
vn -0.01415100 -0.99990000 -0.00000000
vn -0.04244100 -0.99909900 -0.00000000
vn -0.07069800 -0.99749800 -0.00000000
vn -0.09889700 -0.99509800 -0.00000000
vn -0.12701800 -0.99190000 -0.00000000
vn -0.15503700 -0.98790900 -0.00000000
vn -0.18293100 -0.98312600 -0.00000000
vn -0.21067900 -0.97755500 -0.00000000
vn -0.23825900 -0.97120200 -0.00000000
vn -0.26564700 -0.96407000 -0.00000000
vn -0.29282300 -0.95616700 -0.00000000
vn -0.31976400 -0.94749700 -0.00000000
vn -0.34644900 -0.93806900 -0.00000000
vn -0.37285600 -0.92788900 -0.00000000
vn -0.39896500 -0.91696600 -0.00000000
vn -0.42475500 -0.90530800 -0.00000000
vn -0.45020400 -0.89292600 -0.00000000
vn -0.47529200 -0.87982800 -0.00000000
vn -0.50000000 -0.86602500 -0.00000000
vn -0.52430700 -0.85152900 -0.00000000
vn -0.54819500 -0.83635100 -0.00000000
vn -0.57164300 -0.82050300 -0.00000000
vn -0.59463300 -0.80399700 -0.00000000
vn -0.61714700 -0.78684800 -0.00000000
vn -0.63916700 -0.76906800 -0.00000000
vn -0.66067500 -0.75067200 -0.00000000
vn -0.68165300 -0.73167500 -0.00000000
vn -0.70208600 -0.71209200 -0.00000000
vn -0.72195600 -0.69193900 -0.00000000
vn -0.74124800 -0.67123100 -0.00000000
vn -0.75994600 -0.64998600 -0.00000000
vn -0.77803600 -0.62822000 -0.00000000
vn -0.79550200 -0.60595100 -0.00000000
vn -0.81233100 -0.58319600 -0.00000000
vn -0.82851000 -0.55997500 -0.00000000
vn -0.84402400 -0.53630500 -0.00000000
vn -0.85886300 -0.51220500 -0.00000000
vn -0.87301400 -0.48769500 -0.00000000
vn -0.88646600 -0.46279400 -0.00000000
vn -0.89920700 -0.43752300 -0.00000000
vn -0.91122800 -0.41190100 -0.00000000
vn -0.92252000 -0.38595000 -0.00000000
vn -0.93307200 -0.35968900 -0.00000000
vn -0.94287700 -0.33314000 -0.00000000
vn -0.95192700 -0.30632400 -0.00000000
vn -0.96021500 -0.27926300 -0.00000000
vn -0.96773300 -0.25197800 -0.00000000
vn -0.97447600 -0.22449100 -0.00000000
vn -0.98043900 -0.19682500 -0.00000000
vn -0.98561600 -0.16900100 -0.00000000
vn -0.99000400 -0.14104100 -0.00000000
vn -0.99359900 -0.11296900 -0.00000000
vn -0.99639700 -0.08480600 -0.00000000
vn -0.99839800 -0.05657500 -0.00000000
vn -0.99960000 -0.02829900 -0.00000000
vn -0.01528100 -0.22930800 -0.97323400
vn -0.01528100 0.22930800 0.97323400
vn 0.07499500 -0.72951000 0.67984600
vn 0.07499500 0.72951000 -0.67984600
vn -0.00006500 -0.00594300 0.99998200
vn -0.00006500 0.00594300 -0.99998200
vn 0.00443900 -0.09317100 0.99564000
vn 0.00443900 0.09317100 -0.99564000
vn 0.00367900 -0.09983800 -0.99499700
vn 0.00367900 0.09983800 0.99499700
vn -0.02375900 0.22804100 0.97336200
vn -0.02375900 -0.22804100 -0.97336200
vn -0.07895600 0.22940600 -0.97012300
vn -0.07913800 0.22346700 0.97149300
vn -0.07895600 -0.22940600 0.97012300
vn -0.07913800 -0.22346700 -0.97149300
vn -0.21913600 0.42276300 -0.87934700
vn -0.21861100 0.42719300 0.87733400
vn -0.21913600 -0.42276300 0.87934700
vn -0.21861100 -0.42719300 -0.87733400
vn -0.38318000 0.58951000 -0.71109200
vn -0.37057100 0.57281600 0.73113500
vn -0.38318000 -0.58951000 0.71109200
vn -0.37057100 -0.57281600 -0.73113500
vn -0.49636500 0.48428400 -0.72048000
vn -0.48862800 0.47540600 0.73159500
vn -0.49636500 -0.48428400 0.72048000
vn -0.48862800 -0.47540600 -0.73159500
vn -0.58791800 0.46095600 -0.66473400
vn -0.59562200 0.46569700 0.65449300
vn -0.58791800 -0.46095600 0.66473400
vn -0.59562200 -0.46569700 -0.65449300
vn -0.72267300 0.43370900 -0.53818200
vn -0.72767200 0.43579000 0.52969800
vn -0.72267300 -0.43370900 0.53818200
vn -0.72767200 -0.43579000 -0.52969800
vn -0.78095400 0.44574400 -0.43751900
vn -0.78446100 0.44723000 0.42965900
vn -0.78095400 -0.44574400 0.43751900
vn -0.78446100 -0.44723000 -0.42965900
vn -0.83095900 0.40406100 -0.38241600
vn -0.83381200 0.40548300 0.37462100
vn -0.83095900 -0.40406100 0.38241600
vn -0.83381200 -0.40548300 -0.37462100
vn -0.95339800 0.22976600 0.19555100
vn -0.95339800 -0.22976600 -0.19555100
vn -1.00000000 0.00000000 0.00000000
vn -0.94903000 0.03626300 -0.31309400
vn -0.94936500 0.03695700 0.31199400
vn -0.94903000 -0.03626300 0.31309400
vn -0.94936500 -0.03695700 -0.31199400
vn -0.98510600 0.01637700 -0.17116500
vn -0.98515300 0.01655500 0.17088000
vn -0.98510600 -0.01637700 0.17116500
vn -0.98515300 -0.01655500 -0.17088000
vn 0.31329600 -0.32983600 0.89053600
vn 0.31329600 0.32983600 -0.89053600
vn 0.40319000 -0.43111900 0.80720200
vn 0.40319000 0.43111900 -0.80720200
vn -0.23705300 -0.28916700 0.92746400
vn -0.23705300 0.28916700 -0.92746400
vn -0.61788500 -0.32539900 0.71577400
vn -0.61788500 0.32539900 -0.71577400
vn 0.38220800 0.44521300 0.80975500
vn 0.38220800 -0.44521300 -0.80975500
vn 0.43738400 0.53353900 0.72390000
vn 0.43738400 -0.53353900 -0.72390000
vn 0.48967800 -0.61712700 0.61593000
vn 0.48967800 0.61712700 -0.61593000
vn -0.57101500 -0.46737600 -0.67490800
vn -0.57101500 0.46737600 0.67490800
vn 0.67511200 -0.73770900 -0.00300000
vn 0.67511200 0.73770900 0.00300000
vn 0.29926500 0.55403900 0.77684100
vn 0.29559300 -0.56350400 0.77142000
vn 0.29926500 -0.55403900 -0.77684100
vn 0.29559300 0.56350400 -0.77142000
vn 0.29195000 0.71014700 0.64066900
vn 0.29255600 -0.70561900 0.64537800
vn 0.29195000 -0.71014700 -0.64066900
vn 0.29255600 0.70561900 -0.64537800
vn 0.33783400 -0.29402500 0.89410100
vn 0.33783400 0.29402500 -0.89410100
vn 0.21404700 -0.76866900 0.60277000
vn 0.21404700 0.76866900 -0.60277000
vn 0.28304000 -0.21468700 -0.93477200
vn 0.23329600 -0.18089100 0.95543200
vn 0.28304000 0.21468700 0.93477200
vn 0.23329600 0.18089100 -0.95543200
vn 0.17525200 0.75141000 0.63613600
vn 0.17525200 -0.75141000 -0.63613600
vn 0.14119900 0.69833200 0.70170900
vn 0.14119900 -0.69833200 -0.70170900
vn 0.10568800 0.74181100 0.66222800
vn 0.09833400 -0.69761400 0.70969400
vn 0.10568800 -0.74181100 -0.66222800
vn 0.09833400 0.69761400 -0.70969400
vn 0.01171400 -0.00706000 -0.99990600
vn -0.05724700 0.03409000 0.99777800
vn 0.01171400 0.00706000 0.99990600
vn -0.05724700 -0.03409000 -0.99777800
vn -0.18926400 0.91670100 0.35190500
vn -0.17717200 -0.89002900 0.42006900
vn -0.18926400 -0.91670100 -0.35190500
vn -0.17717200 0.89002900 -0.42006900
vn -0.31843900 0.15713300 -0.93482900
vn -0.34703400 0.17182400 0.92197800
vn -0.31843900 -0.15713300 0.93482900
vn -0.34703400 -0.17182400 -0.92197800
vn -0.23851300 0.93077600 0.27706800
vn -0.23851300 -0.93077600 -0.27706800
vn -0.26959300 0.12249200 -0.95515200
vn -0.28483300 0.13007700 0.94971000
vn -0.26959300 -0.12249200 0.95515200
vn -0.28483300 -0.13007700 -0.94971000
vn -0.45882400 0.16712500 -0.87266800
vn -0.46994500 0.17149600 0.86587600
vn -0.45882400 -0.16712500 0.87266800
vn -0.46994500 -0.17149600 -0.86587600
vn -0.55551600 0.18832600 -0.80989800
vn -0.56719700 0.19249300 0.80077100
vn -0.55551600 -0.18832600 0.80989800
vn -0.56719700 -0.19249300 -0.80077100
vn -0.66942100 0.25116600 -0.69913600
vn -0.68249600 0.25638100 0.68444800
vn -0.66942100 -0.25116600 0.69913600
vn -0.68249600 -0.25638100 -0.68444800
vn -0.63034700 0.72740300 0.27119600
vn -0.63146700 -0.72867100 0.26512100
vn -0.63034700 -0.72740300 -0.27119600
vn -0.63146700 0.72867100 -0.26512100
vn -0.60011500 0.16606000 -0.78248700
vn -0.61218200 0.16930000 0.77238000
vn -0.60011500 -0.16606000 0.78248700
vn -0.61218200 -0.16930000 -0.77238000
vn -0.67660800 0.69566100 0.24136800
vn -0.67713500 -0.69656400 0.23724800
vn -0.67660800 -0.69566100 -0.24136800
vn -0.67713500 0.69656400 -0.23724800
vn -0.72013500 0.18240100 -0.66942900
vn -0.74887700 0.18869300 0.63527800
vn -0.72013500 -0.18240100 0.66942900
vn -0.74887700 -0.18869300 -0.63527800
vn -0.90560100 0.18441200 -0.38194100
vn -0.90560100 -0.18441200 0.38194100
vn -0.89623900 0.39158100 0.20837400
vn -0.89506100 -0.39091700 0.21459300
vn -0.89623900 -0.39158100 -0.20837400
vn -0.89506100 0.39091700 -0.21459300
vn 0.06298600 -0.01219100 0.99794000
vn 0.06298600 0.01219100 -0.99794000
vn -0.93104200 0.32222000 0.17127700
vn -0.92511900 -0.31435300 0.21292600
vn -0.93104200 -0.32222000 -0.17127700
vn -0.92511900 0.31435300 -0.21292600
vn -0.03071000 -0.99430700 0.10202900
vn -0.03071000 0.99430700 -0.10202900
vn -0.96379300 0.07017800 -0.25725000
vn -0.96498100 0.07159100 0.25236100
vn -0.96379300 -0.07017800 0.25725000
vn -0.96498100 -0.07159100 -0.25236100
vn -0.00381700 -0.30644500 0.95188100
vn -0.00381700 0.30644500 -0.95188100
vn -0.60010300 -0.77815800 -0.18533000
vn -0.60010300 0.77815800 0.18533000
vn 0.69590900 0.24482900 0.67510700
vn 0.45824800 -0.11891700 0.88083300
vn 0.45824800 0.11891700 -0.88083300
vn 0.69590900 -0.24482900 -0.67510700
vn -0.11343200 -0.17819700 -0.97743500
vn -0.11343200 0.17819700 0.97743500
vn 0.08352000 0.04098500 0.99566300
vn 0.08352000 -0.04098500 -0.99566300
vn 0.69002200 -0.28104800 0.66699400
vn 0.69002200 0.28104800 -0.66699400
vn 0.04641100 0.08834900 -0.99500800
vn 0.04641100 -0.08834900 0.99500800
vn -0.25957100 -0.92717100 -0.27014400
vn -0.25957100 0.92717100 0.27014400
vn 0.70511300 -0.35289000 0.61504900
vn 0.70511300 0.35289000 -0.61504900
vn 0.74581100 0.41978300 0.51725100
vn 0.74303500 -0.41504100 0.52501400
vn 0.74581100 -0.41978300 -0.51725100
vn 0.74303500 0.41504100 -0.52501400
vn -0.37640400 0.16355900 0.91190400
vn -0.37640400 -0.16355900 -0.91190400
vn -0.15723200 -0.50705000 0.84745400
vn -0.15723200 0.50705000 -0.84745400
vn 0.14350100 -0.42310700 -0.89464400
vn 0.14350100 0.42310700 0.89464400
vn 0.17369400 -0.48824800 0.85524500
vn 0.17369400 0.48824800 -0.85524500
vn -0.29028600 -0.78010300 0.55423300
vn -0.29028600 0.78010300 -0.55423300
vn 0.11480300 0.34181200 0.93273000
vn 0.11480300 -0.34181200 -0.93273000
vn 0.20534800 -0.63259000 0.74676800
vn 0.20534800 0.63259000 -0.74676800
vn 0.37359900 -0.92756700 -0.00663600
vn 0.37359900 0.92756700 0.00663600
vn 0.78457400 -0.43060100 -0.44612300
vn 0.78457400 0.43060100 0.44612300
vn 0.72075300 0.50726500 0.47243700
vn 0.72408700 -0.51899400 0.45425100
vn 0.72075300 -0.50726500 -0.47243700
vn 0.72408700 0.51899400 -0.45425100
vn 0.44560400 -0.74112300 0.50216900
vn 0.44560400 0.74112300 -0.50216900
vn 0.13591400 -0.29944800 0.94438200
vn 0.13591400 0.29944800 -0.94438200
vn 0.29195100 -0.14143000 0.94591900
vn 0.29195100 0.14143000 -0.94591900
vn 0.30737700 -0.77826900 -0.54755500
vn 0.30737700 0.77826900 0.54755500
vn 0.39038800 -0.85706300 0.33621400
vn 0.39038800 0.85706300 -0.33621400
vn 0.15533200 -0.29377900 -0.94316800
vn 0.15533200 0.29377900 0.94316800
vn 0.90517900 -0.41599600 0.08716800
vn 0.90517900 0.41599600 -0.08716800
vn 0.61477200 0.54968700 0.56559700
vn 0.62734900 -0.54616500 0.55510100
vn 0.61477200 -0.54968700 -0.56559700
vn 0.62734900 0.54616500 -0.55510100
vn 0.72125900 0.57808000 0.38158800
vn 0.72125900 -0.57808000 -0.38158800
vn 0.20379200 -0.38607000 0.89967700
vn 0.20379200 0.38607000 -0.89967700
vn 0.10277500 -0.19679400 0.97504300
vn 0.10277500 0.19679400 -0.97504300
vn 0.85934700 -0.33835700 -0.38345500
vn 0.82826500 -0.33169600 0.45161400
vn 0.85934700 0.33835700 0.38345500
vn 0.82826500 0.33169600 -0.45161400
vn 0.08036700 -0.13461900 -0.98763300
vn 0.08036700 0.13461900 0.98763300
vn -0.04234400 0.07280500 -0.99644700
vn -0.01210700 0.02107900 0.99970500
vn -0.04234400 -0.07280500 0.99644700
vn -0.01210700 -0.02107900 -0.99970500
vn 0.00437800 -0.00708800 0.99996500
vn 0.00437800 0.00708800 -0.99996500
vn 0.03861900 0.49799800 0.86631800
vn 0.03861900 -0.49799800 -0.86631800
vn -0.91014000 -0.38075400 -0.16331600
vn -0.91014000 0.38075400 0.16331600
vn -0.00127700 0.54662800 -0.83737500
vn -0.00235300 0.47674800 0.87903700
vn -0.00127700 -0.54662800 0.83737500
vn -0.00235300 -0.47674800 -0.87903700
vn 0.62325300 -0.21274000 -0.75252800
vn 0.62325300 0.21274000 0.75252800
vn 0.50765500 0.75744800 0.41055900
vn 0.50866900 -0.75762300 0.40897700
vn 0.50765500 -0.75744800 -0.41055900
vn 0.50866900 0.75762300 -0.40897700
vn -0.00660300 0.00794900 -0.99994700
vn -0.00286400 0.00349400 0.99999000
vn -0.00660300 -0.00794900 0.99994700
vn -0.00286400 -0.00349400 -0.99999000
vn 0.37924300 0.84724000 0.37196600
vn 0.38362800 -0.86263900 0.32967200
vn 0.37924300 -0.84724000 -0.37196600
vn 0.38362800 0.86263900 -0.32967200
vn -0.13816500 0.74988400 -0.64698100
vn -0.13399800 0.72731900 0.67309100
vn -0.13816500 -0.74988400 0.64698100
vn -0.13399800 -0.72731900 -0.67309100
vn -0.24809400 -0.02355800 0.96844900
vn -0.24809400 0.02355800 -0.96844900
vn 0.02534200 0.00631700 0.99965900
vn 0.02534200 -0.00631700 -0.99965900
vn 0.25730600 0.93618500 0.23948100
vn 0.25736200 -0.93140900 0.25737700
vn 0.25730600 -0.93618500 -0.23948100
vn 0.25736200 0.93140900 -0.25737700
vn -0.18011400 0.69319000 -0.69788700
vn -0.17312600 0.64166900 0.74718700
vn -0.18011400 -0.69319000 0.69788700
vn -0.17312600 -0.64166900 -0.74718700
vn -0.24861800 0.26511100 -0.93161400
vn -0.22708900 0.24208900 0.94330500
vn -0.24861800 -0.26511100 0.93161400
vn -0.22708900 -0.24208900 -0.94330500
vn -0.08267800 0.02233900 -0.99632600
vn -0.08850200 0.02400000 0.99578700
vn -0.08267800 -0.02233900 0.99632600
vn -0.08850200 -0.02400000 -0.99578700
vn -0.26279400 0.71684500 0.64581100
vn -0.26279400 -0.71684500 -0.64581100
vn -0.85312900 -0.20976200 0.47767200
vn -0.85312900 0.20976200 -0.47767200
vn -0.13035000 0.03134500 -0.99097200
vn -0.13189600 0.03191100 0.99075000
vn -0.13035000 -0.03134500 0.99097200
vn -0.13189600 -0.03191100 -0.99075000
vn -0.57988900 0.35262700 -0.73442700
vn -0.59011500 0.35744700 0.72387500
vn -0.57988900 -0.35262700 0.73442700
vn -0.59011500 -0.35744700 -0.72387500
vn -0.26473600 -0.90052500 0.34492000
vn -0.26473600 0.90052500 -0.34492000
vn -0.57161700 0.65224400 -0.49782700
vn -0.56748400 0.64759500 0.50851000
vn -0.57161700 -0.65224400 0.49782700
vn -0.56748400 -0.64759500 -0.50851000
vn -0.53032100 0.11108900 -0.84048700
vn -0.51460700 0.10810900 0.85058300
vn -0.53032100 -0.11108900 0.84048700
vn -0.51460700 -0.10810900 -0.85058300
vn -0.47182100 0.07273900 -0.87868900
vn -0.45765200 0.07209100 0.88620400
vn -0.47182100 -0.07273900 0.87868900
vn -0.45765200 -0.07209100 -0.88620400
vn -0.60622200 0.56979700 -0.55482100
vn -0.60433000 0.56654700 0.56018700
vn -0.60622200 -0.56979700 0.55482100
vn -0.60433000 -0.56654700 -0.56018700
vn -0.70641100 0.60684900 -0.36430500
vn -0.70750100 0.60669700 0.36243900
vn -0.70641100 -0.60684900 0.36430500
vn -0.70750100 -0.60669700 -0.36243900
vn -0.45950500 -0.38339600 0.80116300
vn -0.45950500 0.38339600 -0.80116300
vn -0.76478800 0.31488000 -0.56209400
vn -0.77302600 0.31860900 0.54856100
vn -0.76478800 -0.31488000 0.56209400
vn -0.77302600 -0.31860900 -0.54856100
vn -0.67020900 0.08536300 -0.73724700
vn -0.66100800 0.08745100 0.74526500
vn -0.67020900 -0.08536300 0.73724700
vn -0.66100800 -0.08745100 -0.74526500
vn -0.83564800 0.12335000 -0.53523500
vn -0.83564800 -0.12335000 0.53523500
vn -0.82393700 0.26540600 -0.50068700
vn -0.83998000 0.26940100 0.47101700
vn -0.82393700 -0.26540600 0.50068700
vn -0.83998000 -0.26940100 -0.47101700
vn -0.81447800 -0.58015100 -0.00708300
vn -0.81447800 0.58015100 0.00708300
vn -0.84900000 0.48021800 -0.22043100
vn -0.84989800 0.48050200 0.21631000
vn -0.84900000 -0.48021800 0.22043100
vn -0.84989800 -0.48050200 -0.21631000
vn -0.94192100 0.22202700 -0.25196900
vn -0.94192100 -0.22202700 0.25196900
vn -0.89303100 0.07979900 -0.44286200
vn -0.89714000 0.08338200 0.43380500
vn -0.89303100 -0.07979900 0.44286200
vn -0.89714000 -0.08338200 -0.43380500
vn -0.87520400 0.44148900 -0.19775200
vn -0.87594800 0.44182800 0.19365700
vn -0.87520400 -0.44148900 0.19775200
vn -0.87594800 -0.44182800 -0.19365700
vn 0.45862800 -0.03895300 0.88777400
vn 0.45862800 0.03895300 -0.88777400
vn -0.15273900 0.12952100 0.97974200
vn -0.15273900 -0.12952100 -0.97974200
vn -0.49216500 0.06350700 0.86818200
vn -0.49216500 -0.06350700 -0.86818200
vn 0.05510600 -0.76428500 -0.64251900
vn 0.05510600 0.76428500 0.64251900
vn -0.89101700 0.35548600 0.28234700
vn -0.88759300 -0.35372000 0.29506000
vn -0.89101700 -0.35548600 -0.28234700
vn -0.88759300 0.35372000 -0.29506000
vn -0.92407700 0.34027400 0.17405600
vn -0.92145700 -0.33792700 0.19163300
vn -0.92407700 -0.34027400 -0.17405600
vn -0.92145700 0.33792700 -0.19163300
vn -0.91898800 0.28363500 -0.27388500
vn -0.92369600 0.27922100 0.26233900
vn -0.91898800 -0.28363500 0.27388500
vn -0.92369600 -0.27922100 -0.26233900
vn -0.88603200 0.29404100 -0.35845100
vn -0.91560300 0.30183200 0.26564900
vn -0.88603200 -0.29404100 0.35845100
vn -0.91560300 -0.30183200 -0.26564900
vn 0.63125200 -0.61307000 -0.47504200
vn 0.63125200 0.61307000 0.47504200
vn -0.96385100 0.09829300 -0.24764900
vn -0.96748200 0.10040300 0.23216100
vn -0.96385100 -0.09829300 0.24764900
vn -0.96748200 -0.10040300 -0.23216100
vn 0.00715500 -0.84864500 0.52891500
vn 0.00715500 0.84864500 -0.52891500
vn -0.59725600 0.44405100 -0.66791000
vn -0.60289600 0.44695900 0.66086600
vn -0.59725600 -0.44405100 0.66791000
vn -0.60289600 -0.44695900 -0.66086600
vn 0.00837700 -0.40400600 0.91471800
vn 0.00837700 0.40400600 -0.91471800
vn -0.96504900 0.20385300 -0.16469500
vn -0.94753500 0.20006900 0.24929800
vn -0.96504900 -0.20385300 0.16469500
vn -0.94753500 -0.20006900 -0.24929800
vn -0.25826600 -0.63855400 -0.72494700
vn -0.25826600 0.63855400 0.72494700
vn 0.53150400 -0.26666900 0.80398500
vn 0.53150400 0.26666900 -0.80398500
vn 0.28341800 0.19807200 0.93831900
vn 0.28341800 -0.19807200 -0.93831900
vn 0.48104500 0.13216700 0.86667600
vn 0.48104500 -0.13216700 -0.86667600
vn -0.10160800 -0.42112100 0.90129500
vn -0.10160800 0.42112100 -0.90129500
vn 0.65686500 -0.48788800 0.57488600
vn 0.65686500 0.48788800 -0.57488600
vn 0.60601100 -0.54257800 0.58168800
vn 0.60601100 0.54257800 -0.58168800
vn -0.24247300 -0.19607500 0.95013800
vn -0.24247300 0.19607500 -0.95013800
vn -0.00640100 -0.04907500 0.99877500
vn -0.00640100 0.04907500 -0.99877500
vn 0.21620500 -0.31938400 0.92263200
vn 0.21620500 0.31938400 -0.92263200
vn -0.72394400 -0.58047400 0.37276700
vn -0.72394400 0.58047400 -0.37276700
vn 0.60898600 0.41520800 0.67582400
vn 0.57922400 -0.38724200 0.71731700
vn 0.60898600 -0.41520800 -0.67582400
vn 0.57922400 0.38724200 -0.71731700
vn 0.02435100 0.10324500 0.99435800
vn 0.02435100 -0.10324500 -0.99435800
vn 0.53261700 -0.38211100 0.75518900
vn 0.53261700 0.38211100 -0.75518900
vn 0.08732400 -0.05776300 0.99450400
vn 0.08732400 0.05776300 -0.99450400
vn 0.19872200 -0.32199100 0.92565200
vn 0.19872200 0.32199100 -0.92565200
vn 0.86924200 -0.26392800 0.41804400
vn 0.86924200 0.26392800 -0.41804400
vn 0.31194100 -0.19899300 0.92902900
vn 0.31194100 0.19899300 -0.92902900
vn 0.04693600 -0.33372000 -0.94150300
vn 0.04693600 0.33372000 0.94150300
vn 0.04078800 -0.30295800 0.95213100
vn 0.04078800 0.30295800 -0.95213100
vn -0.10826400 -0.84911500 0.51699300
vn -0.10826400 0.84911500 -0.51699300
vn -0.82649600 0.19258600 0.52897500
vn -0.82649600 -0.19258600 -0.52897500
vn 0.20943700 -0.35984000 0.90920400
vn 0.20943700 0.35984000 -0.90920400
vn -0.42964600 -0.80612700 0.40689500
vn -0.42964600 0.80612700 -0.40689500
vn 0.85208100 -0.30428900 0.42587100
vn 0.85208100 0.30428900 -0.42587100
vn 0.06668200 -0.39779400 0.91504800
vn 0.06668200 0.39779400 -0.91504800
vn 0.14781100 -0.78977200 -0.59532600
vn 0.14781100 0.78977200 0.59532600
vn -0.19371300 -0.82913100 0.52442000
vn -0.19371300 0.82913100 -0.52442000
vn 0.22845600 0.39788400 0.88853600
vn 0.22845600 -0.39788400 -0.88853600
vn 0.87091800 0.34055600 0.35429400
vn 0.83654100 -0.33120700 0.43646500
vn 0.87091800 -0.34055600 -0.35429400
vn 0.83654100 0.33120700 -0.43646500
vn 0.06434800 -0.26346400 -0.96252100
vn 0.06434800 0.26346400 0.96252100
vn -0.98105700 -0.18843400 0.04494200
vn -0.98105700 0.18843400 -0.04494200
vn 0.86549500 -0.36776500 0.34009800
vn 0.86549500 0.36776500 -0.34009800
vn 0.02880200 -0.15385000 0.98767400
vn 0.02880200 0.15385000 -0.98767400
vn 0.38530300 -0.61260400 -0.69011400
vn 0.38530300 0.61260400 0.69011400
vn 0.54426700 -0.42411700 -0.72380900
vn 0.54426700 0.42411700 0.72380900
vn 0.02483400 0.22280100 -0.97454800
vn 0.01136600 0.10425300 0.99448600
vn 0.02483400 -0.22280100 0.97454800
vn 0.01136600 -0.10425300 -0.99448600
vn 0.45903400 -0.80532200 -0.37515800
vn 0.45903400 0.80532200 0.37515800
vn 0.77543200 -0.55440500 -0.30222600
vn 0.77543200 0.55440500 0.30222600
vn 0.94916600 -0.30326600 -0.08434900
vn 0.94916600 0.30326600 0.08434900
vn -0.48344000 -0.13384600 0.86508500
vn -0.48344000 0.13384600 -0.86508500
vn 0.57403400 -0.56322700 0.59435700
vn 0.57403400 0.56322700 -0.59435700
vn 0.34397800 -0.51858000 -0.78278600
vn 0.34397800 0.51858000 0.78278600
vn 0.95958000 -0.27148300 0.07418300
vn 0.95958000 0.27148300 -0.07418300
vn 0.78610400 -0.19288600 0.58722700
vn 0.78610400 0.19288600 -0.58722700
vn 0.23002300 -0.89954700 -0.37135600
vn 0.23002300 0.89954700 0.37135600
vn 0.70476800 -0.54345900 -0.45602000
vn 0.70476800 0.54345900 0.45602000
vn 0.19295600 -0.48556200 0.85264200
vn 0.19295600 0.48556200 -0.85264200
vn 0.12765000 -0.98613100 0.10607000
vn 0.12765000 0.98613100 -0.10607000
vn 0.81743900 -0.53966200 0.20139200
vn 0.81743900 0.53966200 -0.20139200
vn 0.82487300 -0.56314500 -0.04952000
vn 0.82487300 0.56314500 0.04952000
vn 0.20649800 0.53251700 0.82084300
vn 0.19705600 -0.52682200 0.82681800
vn 0.20649800 -0.53251700 -0.82084300
vn 0.19705600 0.52682200 -0.82681800
vn 0.56883200 -0.82118900 -0.04559800
vn 0.56883200 0.82118900 0.04559800
vn 0.93134400 -0.23098500 -0.28150500
vn 0.93134400 0.23098500 0.28150500
vn 0.47893600 -0.82792200 0.29183300
vn 0.47893600 0.82792200 -0.29183300
vn 0.27675300 -0.38668500 0.87970600
vn 0.27675300 0.38668500 -0.87970600
vn 0.08774600 0.11540600 0.98943500
vn 0.08774600 -0.11540600 -0.98943500
vn -0.00388500 0.26534800 -0.96414500
vn -0.00243300 0.21636400 0.97631000
vn -0.00388500 -0.26534800 0.96414500
vn -0.00243300 -0.21636400 -0.97631000
vn 0.09701800 -0.45379500 -0.88580900
vn 0.09701800 0.45379500 0.88580900
vn 0.82963900 0.46290200 0.31212200
vn 0.83357000 -0.46269500 0.30178400
vn 0.82963900 -0.46290200 -0.31212200
vn 0.83357000 0.46269500 -0.30178400
vn -0.00450400 0.01160500 -0.99992300
vn 0.03045100 -0.07648500 0.99660600
vn -0.00450400 -0.01160500 0.99992300
vn 0.03045100 0.07648500 -0.99660600
vn 0.01112300 0.21701200 0.97610600
vn 0.01112300 -0.21701200 -0.97610600
vn 0.94010400 -0.18342000 0.28733500
vn 0.94010400 0.18342000 -0.28733500
vn 0.02763700 -0.08257200 -0.99620200
vn 0.02763700 0.08257200 0.99620200
vn 0.00302800 0.15189700 -0.98839200
vn 0.00302800 -0.15189700 0.98839200
vn 0.45173600 0.64571000 0.61562500
vn 0.47491800 -0.67591200 0.56355600
vn 0.45173600 -0.64571000 -0.61562500
vn 0.47491800 0.67591200 -0.56355600
vn -0.42660900 -0.87094600 -0.24384100
vn -0.42660900 0.87094600 0.24384100
vn 0.13094200 0.59251800 0.79484400
vn 0.12570500 -0.59548700 0.79346900
vn 0.13094200 -0.59251800 -0.79484400
vn 0.12570500 0.59548700 -0.79346900
vn 0.24555500 -0.30368500 0.92058600
vn 0.24555500 0.30368500 -0.92058600
vn 0.50741400 -0.30630600 -0.80542400
vn 0.50741400 0.30630600 0.80542400
vn 0.22101900 -0.25859200 0.94036200
vn 0.22101900 0.25859200 -0.94036200
vn 0.24695200 -0.13417200 -0.95969400
vn 0.23969400 -0.13164200 0.96188200
vn 0.24695200 0.13417200 0.95969400
vn 0.23969400 0.13164200 -0.96188200
vn 0.44855900 0.67381500 0.58716900
vn 0.44843100 -0.66896800 0.59278300
vn 0.44855900 -0.67381500 -0.58716900
vn 0.44843100 0.66896800 -0.59278300
vn 0.23793600 -0.28962100 -0.92709600
vn 0.23793600 0.28962100 0.92709600
vn -0.28448900 -0.59001500 0.75561100
vn -0.28448900 0.59001500 -0.75561100
vn 0.72095900 -0.57399700 0.38825900
vn 0.72095900 0.57399700 -0.38825900
vn 0.57150100 -0.32981600 0.75140300
vn 0.57150100 0.32981600 -0.75140300
vn 0.13891500 -0.16089900 -0.97714600
vn 0.13891500 0.16089900 0.97714600
vn 0.82892700 -0.16685200 0.53389200
vn 0.82892700 0.16685200 -0.53389200
vn 0.88990500 -0.17823400 -0.41988300
vn 0.88990500 0.17823400 0.41988300
vn 0.41766300 0.75046300 0.51221400
vn 0.41348400 -0.74691300 0.52072300
vn 0.41766300 -0.75046300 -0.51221400
vn 0.41348400 0.74691300 -0.52072300
vn 0.50860100 -0.81945600 0.26422800
vn 0.50860100 0.81945600 -0.26422800
vn 0.41518600 0.78221300 0.46450300
vn 0.41369800 -0.78507000 0.46099800
vn 0.41518600 -0.78221300 -0.46450300
vn 0.41369800 0.78507000 -0.46099800
vn 0.07048200 -0.53102700 0.84441800
vn 0.07048200 0.53102700 -0.84441800
vn 0.69880800 -0.13825400 -0.70182100
vn 0.69880800 0.13825400 0.70182100
vn 0.65687200 0.69448800 0.29360700
vn 0.66236200 -0.70787600 0.24533400
vn 0.65687200 -0.69448800 -0.29360700
vn 0.66236200 0.70787600 -0.24533400
vn -0.08023100 0.45115100 -0.88883400
vn -0.08023100 -0.45115100 0.88883400
vn -0.21265300 -0.95069400 0.22574200
vn -0.21265300 0.95069400 -0.22574200
vn 0.42775900 -0.23972600 -0.87152400
vn 0.44781500 -0.24634900 0.85952000
vn 0.42775900 0.23972600 0.87152400
vn 0.44781500 0.24634900 -0.85952000
vn 0.01563500 -0.03312400 -0.99932900
vn 0.01563500 0.03312400 0.99932900
vn -0.34431900 0.24419300 0.90654000
vn -0.34431900 -0.24419300 -0.90654000
vn 0.30534200 -0.83890300 0.45056500
vn 0.30534200 0.83890300 -0.45056500
vn -0.10243100 -0.68903300 -0.71745500
vn -0.10243100 0.68903300 0.71745500
vn 0.59930900 -0.09890600 -0.79438500
vn 0.67470100 -0.12684000 0.72711100
vn 0.59930900 0.09890600 0.79438500
vn 0.67470100 0.12684000 -0.72711100
vn -0.08342900 0.15384500 -0.98456700
vn -0.10047700 0.18965900 0.97669500
vn -0.08342900 -0.15384500 0.98456700
vn -0.10047700 -0.18965900 -0.97669500
vn -0.14425600 0.59718400 -0.78902600
vn -0.14126500 0.57764600 0.80397100
vn -0.14425600 -0.59718400 0.78902600
vn -0.14126500 -0.57764600 -0.80397100
vn -0.01059000 0.01024600 -0.99989100
vn 0.00211100 -0.00202100 0.99999600
vn -0.01059000 -0.01024600 0.99989100
vn 0.00211100 0.00202100 -0.99999600
vn 0.31947200 -0.15161000 0.93538900
vn 0.31947200 0.15161000 -0.93538900
vn -0.66592500 -0.38106300 -0.64135400
vn -0.66592500 0.38106300 0.64135400
vn 0.04868900 0.70770700 0.70482700
vn 0.04664700 -0.67767000 0.73388500
vn 0.04868900 -0.70770700 -0.70482700
vn 0.04664700 0.67767000 -0.73388500
vn -0.15035300 0.25112100 -0.95620700
vn -0.12582400 0.21299100 0.96891900
vn -0.15035300 -0.25112100 0.95620700
vn -0.12582400 -0.21299100 -0.96891900
vn -0.07957000 -0.92149300 -0.38015600
vn -0.07957000 0.92149300 0.38015600
vn 0.04474200 0.80238500 0.59512800
vn 0.03392100 -0.74125400 0.67036700
vn 0.04474200 -0.80238500 -0.59512800
vn 0.03392100 0.74125400 -0.67036700
vn 0.12071700 -0.16337800 0.97915000
vn 0.12071700 0.16337800 -0.97915000
vn -0.79733500 -0.51366000 -0.31687600
vn -0.79733500 0.51366000 0.31687600
vn -0.00505700 0.00427400 0.99997800
vn -0.00505700 -0.00427400 -0.99997800
vn 0.39916200 0.05756000 0.91507200
vn 0.39916200 -0.05756000 -0.91507200
vn 0.80458200 -0.08111600 0.58827500
vn 0.80458200 0.08111600 -0.58827500
vn 0.35354500 -0.60625100 0.71236700
vn 0.35354500 0.60625100 -0.71236700
vn -0.15527300 -0.28333300 0.94636800
vn -0.15527300 0.28333300 -0.94636800
vn 0.47420800 0.86549600 0.16137900
vn 0.47372800 -0.86615900 0.15921500
vn 0.47420800 -0.86549600 -0.16137900
vn 0.47372800 0.86615900 -0.15921500
vn 0.15501800 0.85774400 0.49014700
vn 0.15609500 -0.85093500 0.50154200
vn 0.15501800 -0.85774400 -0.49014700
vn 0.15609500 0.85093500 -0.50154200
vn -0.00419600 0.80654700 0.59115500
vn -0.01491400 -0.80431800 0.59401200
vn -0.00419600 -0.80654700 -0.59115500
vn -0.01491400 0.80431800 -0.59401200
vn 0.11475900 -0.85441400 0.50676200
vn 0.11475900 0.85441400 -0.50676200
vn -0.08748700 0.07512600 -0.99332900
vn -0.16846800 0.13974800 0.97575000
vn -0.08748700 -0.07512600 0.99332900
vn -0.16846800 -0.13974800 -0.97575000
vn -0.38487200 0.09109400 0.91846400
vn -0.38487200 -0.09109400 -0.91846400
vn 0.52332300 -0.07203600 -0.84908400
vn 0.52202400 -0.07681400 0.84946500
vn 0.52332300 0.07203600 0.84908400
vn 0.52202400 0.07681400 -0.84946500
vn 0.10401000 -0.04573900 -0.99352400
vn -0.01554500 0.00698900 0.99985500
vn 0.10401000 0.04573900 0.99352400
vn -0.01554500 -0.00698900 -0.99985500
vn -0.08739500 0.00697800 0.99614900
vn -0.08739500 -0.00697800 -0.99614900
vn -0.15068700 -0.98670200 -0.06093200
vn -0.15068700 0.98670200 0.06093200
vn -0.13426600 0.10129600 -0.98575400
vn -0.13426600 -0.10129600 0.98575400
vn -0.16556600 0.84537400 0.50786900
vn -0.16556600 -0.84537400 -0.50786900
vn -0.41322200 -0.45512800 -0.78873700
vn -0.41322200 0.45512800 0.78873700
vn 0.00209400 0.00222700 -0.99999500
vn 0.00209400 -0.00222700 0.99999500
vn 0.06460500 -0.01196000 -0.99783900
vn 0.07056500 -0.01332300 0.99741800
vn 0.06460500 0.01196000 0.99783900
vn 0.07056500 0.01332300 -0.99741800
vn -0.72723300 -0.65510400 -0.20486600
vn -0.72723300 0.65510400 0.20486600
vn 0.34961400 -0.04336300 -0.93589000
vn 0.36459500 -0.04773500 0.92994200
vn 0.34961400 0.04336300 0.93589000
vn 0.36459500 0.04773500 -0.92994200
vn -0.19503500 0.03250800 -0.98025700
vn -0.18449200 0.03136300 0.98233300
vn -0.19503500 -0.03250800 0.98025700
vn -0.18449200 -0.03136300 -0.98233300
vn 0.05054900 -0.00754300 -0.99869300
vn 0.05850600 -0.00899400 0.99824700
vn 0.05054900 0.00754300 0.99869300
vn 0.05850600 0.00899400 -0.99824700
vn -0.33632500 0.31929100 -0.88596700
vn -0.31647600 0.29904500 0.90023100
vn -0.33632500 -0.31929100 0.88596700
vn -0.31647600 -0.29904500 -0.90023100
vn -0.31511800 -0.19140400 0.92955100
vn -0.31511800 0.19140400 -0.92955100
vn -0.08426200 -0.13011300 0.98791200
vn -0.08426200 0.13011300 -0.98791200
vn 0.14310400 -0.04736200 0.98857400
vn 0.14310400 0.04736200 -0.98857400
vn -0.24569700 -0.09769200 0.96441100
vn -0.24569700 0.09769200 -0.96441100
vn -0.16617500 0.04576700 0.98503400
vn -0.16617500 -0.04576700 -0.98503400
vn -0.83662700 -0.10400100 0.53780900
vn -0.83662700 0.10400100 -0.53780900
vn -0.49035000 0.60646800 -0.62590200
vn -0.48300800 0.59782400 0.63977300
vn -0.49035000 -0.60646800 0.62590200
vn -0.48300800 -0.59782400 -0.63977300
vn -0.17200300 0.95747000 0.23165800
vn -0.16886500 -0.96109100 0.21860500
vn -0.17200300 -0.95747000 -0.23165800
vn -0.16886500 0.96109100 -0.21860500
vn -0.54474000 -0.57009000 0.61502500
vn -0.54474000 0.57009000 -0.61502500
vn -0.31292600 0.58026100 -0.75191400
vn -0.30953900 0.57911000 0.75420000
vn -0.31292600 -0.58026100 0.75191400
vn -0.30953900 -0.57911000 -0.75420000
vn 0.07104300 -0.08437200 0.99389900
vn 0.07104300 0.08437200 -0.99389900
vn -0.23889100 -0.89790900 0.36971800
vn -0.23889100 0.89790900 -0.36971800
vn -0.81543700 -0.30041400 0.49478700
vn -0.81543700 0.30041400 -0.49478700
vn -0.11574200 0.01151600 -0.99321300
vn -0.10442900 0.01080000 0.99447400
vn -0.11574200 -0.01151600 0.99321300
vn -0.10442900 -0.01080000 -0.99447400
vn -0.70733500 0.01487000 0.70672200
vn -0.70733500 -0.01487000 -0.70672200
vn -0.40172500 0.23430600 -0.88527800
vn -0.42186000 0.24487400 0.87296700
vn -0.40172500 -0.23430600 0.88527800
vn -0.42186000 -0.24487400 -0.87296700
vn -0.31383400 -0.29795600 0.90151600
vn -0.31383400 0.29795600 -0.90151600
vn -0.44675200 0.78529800 0.42862500
vn -0.44919900 -0.78680700 0.42326800
vn -0.44675200 -0.78529800 -0.42862500
vn -0.44919900 0.78680700 -0.42326800
vn -0.34850600 0.88950500 0.29550600
vn -0.32930600 -0.86735400 0.37316700
vn -0.34850600 -0.88950500 -0.29550600
vn -0.32930600 0.86735400 -0.37316700
vn -0.37427200 0.20076800 -0.90532500
vn -0.39735900 0.21284900 0.89263700
vn -0.37427200 -0.20076800 0.90532500
vn -0.39735900 -0.21284900 -0.89263700
vn -0.53800700 0.27321800 -0.79743400
vn -0.55342800 0.28116100 0.78400700
vn -0.53800700 -0.27321800 0.79743400
vn -0.55342800 -0.28116100 -0.78400700
vn -0.86122400 -0.48594600 0.14882800
vn -0.86122400 0.48594600 -0.14882800
vn -0.14183600 0.95962000 0.24292400
vn -0.14183600 -0.95962000 -0.24292400
vn 0.22195300 0.07945600 0.97181500
vn 0.22195300 -0.07945600 -0.97181500
vn 0.49506100 -0.00276100 0.86885400
vn 0.49506100 0.00276100 -0.86885400
vn 0.47801500 -0.08543900 0.87418600
vn 0.47801500 0.08543900 -0.87418600
vn -0.21657300 0.95441400 0.20540100
vn -0.21657300 -0.95441400 -0.20540100
vn -0.60712000 -0.61052900 -0.50858500
vn -0.60712000 0.61052900 0.50858500
vn -0.19627000 0.96751200 0.15937000
vn -0.19407900 -0.96304100 0.18677500
vn -0.19627000 -0.96751200 -0.15937000
vn -0.19407900 0.96304100 -0.18677500
vn -0.25966400 0.95362300 0.15224200
vn -0.25837800 -0.94840600 0.18375700
vn -0.25966400 -0.95362300 -0.15224200
vn -0.25837800 0.94840600 -0.18375700
vn 0.52994400 0.02683500 0.84760800
vn 0.52994400 -0.02683500 -0.84760800
vn -0.93352900 -0.28710400 0.21469700
vn -0.93352900 0.28710400 -0.21469700
vn -0.03341100 -0.00623400 0.99942200
vn -0.03341100 0.00623400 -0.99942200
vn -0.32982300 0.03539300 -0.94337900
vn -0.32051200 0.03557700 0.94657600
vn -0.32982300 -0.03539300 0.94337900
vn -0.32051200 -0.03557700 -0.94657600
vn -0.51050500 0.53230300 -0.67530600
vn -0.50288100 0.52375500 0.68759800
vn -0.51050500 -0.53230300 0.67530600
vn -0.50288100 -0.52375500 -0.68759800
vn -0.65806400 -0.12242800 0.74294200
vn -0.65806400 0.12242800 -0.74294200
vn -0.79430200 -0.51389800 0.32402600
vn -0.79430200 0.51389800 -0.32402600
vn 0.41077400 -0.15990300 0.89760600
vn 0.41077400 0.15990300 -0.89760600
vn -0.60660100 0.65491300 0.45069400
vn -0.60949300 -0.65833100 0.44172200
vn -0.60660100 -0.65491300 -0.45069400
vn -0.60949300 0.65833100 -0.44172200
vn -0.59278300 0.77591900 0.21577100
vn -0.59372300 -0.77684000 0.20979300
vn -0.59278300 -0.77591900 -0.21577100
vn -0.59372300 0.77684000 -0.20979300
vn -0.74021400 0.06735100 -0.66899000
vn -0.74133500 0.07045000 0.66742700
vn -0.74021400 -0.06735100 0.66899000
vn -0.74133500 -0.07045000 -0.66742700
vn -0.78594900 0.06548700 0.61481400
vn -0.78594900 -0.06548700 -0.61481400
vn -0.72930800 -0.03007600 0.68352400
vn -0.72930800 0.03007600 -0.68352400
vn -0.67687200 0.65228700 0.34112600
vn -0.67749200 -0.65368500 0.33719500
vn -0.67687200 -0.65228700 -0.34112600
vn -0.67749200 0.65368500 -0.33719500
vn -0.61859800 0.11415200 -0.77737100
vn -0.59885200 0.11156500 0.79305000
vn -0.61859800 -0.11415200 0.77737100
vn -0.59885200 -0.11156500 -0.79305000
vn -0.56241900 0.04368200 -0.82569800
vn -0.55954800 0.04517700 0.82756600
vn -0.56241900 -0.04368200 0.82569800
vn -0.55954800 -0.04517700 -0.82756600
vn -0.84236300 0.38304700 -0.37907800
vn -0.84549400 0.38463200 0.37040300
vn -0.84236300 -0.38304700 0.37907800
vn -0.84549400 -0.38463200 -0.37040300
vn -0.36356900 -0.54961400 -0.75215800
vn -0.36356900 0.54961400 0.75215800
vn -0.65825500 0.29245200 -0.69366600
vn -0.66887400 0.29751000 0.68124500
vn -0.65825500 -0.29245200 0.69366600
vn -0.66887400 -0.29751000 -0.68124500
vn 0.09540200 0.09836400 0.99056700
vn 0.09540200 -0.09836400 -0.99056700
vn -0.78222900 0.57812600 0.23213800
vn -0.78138700 -0.57809800 0.23502500
vn -0.78222900 -0.57812600 -0.23213800
vn -0.78138700 0.57809800 -0.23502500
vn 0.79357200 -0.03110500 0.60768100
vn 0.79357200 0.03110500 -0.60768100
vn -0.84801400 0.30303100 -0.43479200
vn -0.86119200 0.30833100 0.40407900
vn -0.84801400 -0.30303100 0.43479200
vn -0.86119200 -0.30833100 -0.40407900
vn -0.50488600 -0.67282100 0.54074200
vn -0.50488600 0.67282100 -0.54074200
vn 0.28414600 -0.06930000 0.95627300
vn 0.28414600 0.06930000 -0.95627300
vn -0.92150600 0.15565600 -0.35580500
vn -0.92150600 -0.15565600 0.35580500
vn -0.81156500 0.52867200 -0.24873200
vn -0.81253600 0.52873000 0.24541700
vn -0.81156500 -0.52867200 0.24873200
vn -0.81253600 -0.52873000 -0.24541700
vn -0.67482600 0.20996500 -0.70747800
vn -0.68794300 0.21392600 0.69352000
vn -0.67482600 -0.20996500 0.70747800
vn -0.68794300 -0.21392600 -0.69352000
vn -0.78142200 -0.58632100 -0.21355900
vn -0.78142200 0.58632100 0.21355900
vn -0.88711700 0.41686600 -0.19810500
vn -0.88793300 0.41730400 0.19347700
vn -0.88711700 -0.41686600 0.19810500
vn -0.88793300 -0.41730400 -0.19347700
vn 0.32289300 -0.04139400 0.94553000
vn 0.32289300 0.04139400 -0.94553000
vn 0.04125400 -0.03679700 0.99847100
vn 0.04125400 0.03679700 -0.99847100
vn -0.85784300 -0.40364300 0.31808400
vn -0.85784300 0.40364300 -0.31808400
vn -0.20825200 -0.10412700 0.97251700
vn -0.20825200 0.10412700 -0.97251700
vn 0.00399000 0.00709900 -0.99996700
vn 0.00399000 -0.00709900 0.99996700
vn -0.79628400 0.55248100 0.24636600
vn -0.79535400 -0.55246600 0.24938600
vn -0.79628400 -0.55248100 -0.24636600
vn -0.79535400 0.55246600 -0.24938600
vn 0.51875200 0.24029500 0.82046000
vn 0.51875200 -0.24029500 -0.82046000
vn -0.93107100 0.25242600 -0.26341700
vn -0.92837500 0.24845800 0.27638600
vn -0.93107100 -0.25242600 0.26341700
vn -0.92837500 -0.24845800 -0.27638600
vn -0.74749900 0.28522500 0.59991000
vn -0.74749900 -0.28522500 -0.59991000
vn -0.85931300 0.05657200 -0.50831200
vn -0.86075700 0.05858500 0.50563300
vn -0.85931300 -0.05657200 0.50831200
vn -0.86075700 -0.05858500 -0.50563300
vn -0.85298000 0.21150300 -0.47717000
vn -0.87577000 0.20675600 0.43621000
vn -0.85298000 -0.21150300 0.47717000
vn -0.87577000 -0.20675600 -0.43621000
vn 0.01282200 -0.54062400 -0.84116600
vn 0.01282200 0.54062400 0.84116600
vn -0.32262900 -0.89084000 0.31986700
vn -0.32262900 0.89084000 -0.31986700
vn -0.86930200 0.46542200 0.16642100
vn -0.86875300 -0.46522400 0.16980800
vn -0.86930200 -0.46542200 -0.16642100
vn -0.86875300 0.46522400 -0.16980800
vn -0.29473200 0.04548800 0.95449700
vn -0.29473200 -0.04548800 -0.95449700
vn -0.22695000 -0.66187700 0.71443100
vn -0.22695000 0.66187700 -0.71443100
vn -0.86363800 0.09970900 -0.49415400
vn -0.87434300 0.10850100 0.47302500
vn -0.86363800 -0.09970900 0.49415400
vn -0.87434300 -0.10850100 -0.47302500
vn -0.96970500 0.12898200 0.20745000
vn -0.96970500 -0.12898200 -0.20745000
vn 0.04582300 -0.90141100 -0.43053300
vn 0.04582300 0.90141100 0.43053300
vn -0.90043100 0.16612000 0.40202900
vn -0.90043100 -0.16612000 -0.40202900
vn 0.25202700 -0.62640200 -0.73763300
vn 0.25202700 0.62640200 0.73763300
vn 0.13813100 -0.06378600 0.98835800
vn 0.13813100 0.06378600 -0.98835800
vn -0.37052400 -0.32720100 -0.86928200
vn -0.37052400 0.32720100 0.86928200
vn -0.96714900 0.17996400 -0.17954500
vn -0.96476000 0.17394200 0.19744000
vn -0.96714900 -0.17996400 0.17954500
vn -0.96476000 -0.17394200 -0.19744000
vn 0.36800600 -0.88464200 0.28632000
vn 0.36800600 0.88464200 -0.28632000
vn 0.53960300 -0.55157000 -0.63608100
vn 0.53960300 0.55157000 0.63608100
vn -0.00158600 -0.96135400 0.27531100
vn -0.00158600 0.96135400 -0.27531100
vn 0.35385300 -0.87598700 -0.32777200
vn 0.35385300 0.87598700 0.32777200
vn 0.73116200 -0.26998500 0.62650600
vn 0.73116200 0.26998500 -0.62650600
vn -0.95621700 0.12983600 -0.26228100
vn -0.92067500 0.14504300 0.36238100
vn -0.95621700 -0.12983600 0.26228100
vn -0.92067500 -0.14504300 -0.36238100
vn -0.10078200 -0.46856900 -0.87766000
vn -0.10078200 0.46856900 0.87766000
vn 0.48482800 -0.31108100 0.81741700
vn 0.48482800 0.31108100 -0.81741700
vn 0.71045000 0.10256700 0.69623300
vn 0.71045000 -0.10256700 -0.69623300
vn 0.42971800 0.22853000 0.87356600
vn 0.42971800 -0.22853000 -0.87356600
vn 0.07201700 0.14523600 0.98677200
vn 0.07201700 -0.14523600 -0.98677200
vn 0.03533900 0.03259600 0.99884400
vn 0.03533900 -0.03259600 -0.99884400
vn -0.04135400 -0.49693700 0.86680100
vn -0.04135400 0.49693700 -0.86680100
vn -0.02685800 -0.05692600 0.99801700
vn -0.02685800 0.05692600 -0.99801700
vn 0.12398600 -0.97089200 -0.20492800
vn 0.12398600 0.97089200 0.20492800
vn -0.44026900 -0.77596500 -0.45171000
vn -0.44026900 0.77596500 0.45171000
vn 0.17259100 -0.74419300 0.64528200
vn 0.17259100 0.74419300 -0.64528200
vn 0.49916300 -0.70770000 -0.49999700
vn 0.49916300 0.70770000 0.49999700
vn 0.50181400 -0.85587600 -0.12513800
vn 0.50181400 0.85587600 0.12513800
vn -0.21512700 -0.78822500 -0.57656100
vn -0.21512700 0.78822500 0.57656100
vn 0.66119700 -0.45867800 0.59366100
vn 0.66119700 0.45867800 -0.59366100
vn 0.98492900 -0.15158800 -0.08328200
vn 0.98492900 0.15158800 0.08328200
vn 0.48793700 -0.86960200 0.07555900
vn 0.48793700 0.86960200 -0.07555900
vn 0.03701500 -0.35480100 0.93420900
vn 0.03701500 0.35480100 -0.93420900
vn -0.04113600 -0.18755200 0.98139300
vn -0.04113600 0.18755200 -0.98139300
vn -0.69526100 -0.69383200 0.18764000
vn -0.69526100 0.69383200 -0.18764000
vn 0.58628700 -0.55862600 0.58668900
vn 0.58628700 0.55862600 -0.58668900
vn 0.24067100 -0.97059200 -0.00537700
vn 0.24067100 0.97059200 0.00537700
vn 0.16723100 -0.82484100 0.54006600
vn 0.16723100 0.82484100 -0.54006600
vn 0.01943800 -0.28149500 0.95936600
vn 0.01943800 0.28149500 -0.95936600
vn 0.43951200 -0.33824800 0.83211600
vn 0.43951200 0.33824800 -0.83211600
vn -0.95902200 0.12254800 0.25545900
vn -0.95902200 -0.12254800 -0.25545900
vn -0.31031600 -0.50508100 0.80535500
vn -0.31031600 0.50508100 -0.80535500
vn 0.07143500 -0.90841000 -0.41193400
vn 0.07143500 0.90841000 0.41193400
vn -0.14686000 -0.14055300 0.97912000
vn -0.14686000 0.14055300 -0.97912000
vn 0.49054600 -0.17751700 0.85314300
vn 0.49054600 0.17751700 -0.85314300
vn 0.12489300 -0.10436000 0.98666600
vn 0.12489300 0.10436000 -0.98666600
vn 0.82213100 -0.13012400 0.55422700
vn 0.82213100 0.13012400 -0.55422700
vn 0.92849100 0.20362800 0.31054700
vn 0.95313800 -0.19196200 0.23383300
vn 0.92849100 -0.20362800 -0.31054700
vn 0.95313800 0.19196200 -0.23383300
vn -0.00420800 -0.02563200 0.99966300
vn -0.00420800 0.02563200 -0.99966300
vn -0.34221800 0.20265500 0.91750600
vn -0.34221800 -0.20265500 -0.91750600
vn 0.48086100 0.34742400 0.80502700
vn 0.48086100 -0.34742400 -0.80502700
vn 0.93895400 -0.32183600 0.12159800
vn 0.93895400 0.32183600 -0.12159800
vn -0.09637200 -0.06177200 0.99342700
vn -0.09637200 0.06177200 -0.99342700
vn -0.58626100 -0.23024400 0.77671400
vn -0.58626100 0.23024400 -0.77671400
vn -0.38857100 -0.92101800 0.02717900
vn -0.38857100 0.92101800 -0.02717900
vn -0.95499300 -0.10479300 0.27750000
vn -0.95499300 0.10479300 -0.27750000
vn 0.26300100 -0.94903100 0.17369500
vn 0.26300100 0.94903100 -0.17369500
vn 0.20178600 0.11304200 0.97288400
vn 0.20178600 -0.11304200 -0.97288400
vn 0.30596800 0.37770100 0.87391400
vn 0.30596800 -0.37770100 -0.87391400
vn -0.14230800 -0.64660000 0.74943700
vn -0.14230800 0.64660000 -0.74943700
vn 0.47174500 -0.24220600 -0.84781600
vn 0.47174500 0.24220600 0.84781600
vn -0.01123900 -0.03259900 0.99940500
vn -0.01123900 0.03259900 -0.99940500
vn 0.26851300 0.10765400 0.95724200
vn 0.26851300 -0.10765400 -0.95724200
vn 0.69477900 0.18605100 0.69474300
vn 0.69477900 -0.18605100 -0.69474300
vn 0.75981600 -0.64109000 0.10808900
vn 0.75981600 0.64109000 -0.10808900
vn 0.24681500 -0.34811700 0.90437700
vn 0.24681500 0.34811700 -0.90437700
vn 0.50915700 0.47824700 0.71556900
vn 0.50237900 -0.47225000 0.72429000
vn 0.50915700 -0.47824700 -0.71556900
vn 0.50237900 0.47225000 -0.72429000
vn 0.60928400 -0.34925700 0.71189400
vn 0.60928400 0.34925700 -0.71189400
vn -0.05482000 -0.10640100 0.99281100
vn -0.05482000 0.10640100 -0.99281100
vn 0.66827900 -0.46215300 0.58293900
vn 0.66827900 0.46215300 -0.58293900
vn 0.13323800 0.26475200 -0.95506800
vn 0.13323800 -0.26475200 0.95506800
vn 0.01886900 -0.35798800 -0.93353600
vn 0.01886900 0.35798800 0.93353600
vn 0.43594400 0.34217400 0.83238800
vn 0.43594400 -0.34217400 -0.83238800
vn -0.17922400 -0.36924700 -0.91188600
vn -0.17922400 0.36924700 0.91188600
vn -0.44758000 -0.63609900 0.62853100
vn -0.44758000 0.63609900 -0.62853100
vn 0.17484500 0.36693500 0.91366700
vn 0.17484500 -0.36693500 -0.91366700
vn -0.00108000 0.00765500 -0.99997000
vn -0.00108000 -0.00765500 0.99997000
vn -0.32781700 -0.57467600 -0.74985500
vn -0.32781700 0.57467600 0.74985500
vn -0.06555300 0.22411200 -0.97235600
vn -0.05943200 0.20374000 0.97721900
vn -0.06555300 -0.22411200 0.97235600
vn -0.05943200 -0.20374000 -0.97721900
vn -0.00004100 -0.00071700 1.00000000
vn -0.00004100 0.00071700 -1.00000000
vn -0.13958200 -0.95750000 0.25241000
vn -0.13958200 0.95750000 -0.25241000
vn 0.01640100 -0.10742500 0.99407800
vn 0.01640100 0.10742500 -0.99407800
vn 0.12047900 -0.39415000 -0.91111500
vn 0.12047900 0.39415000 0.91111500
vn 0.89818200 -0.40623500 -0.16805600
vn 0.89818200 0.40623500 0.16805600
vn -0.23268800 -0.43842600 -0.86812400
vn -0.23268800 0.43842600 0.86812400
vn 0.08117600 -0.24691600 -0.96563100
vn 0.08117600 0.24691600 0.96563100
vn 0.18990900 0.45252800 0.87129400
vn 0.18990900 -0.45252800 -0.87129400
vn 0.40461300 -0.56682000 -0.71763700
vn 0.40461300 0.56682000 0.71763700
vn -0.06899300 -0.77339900 0.63015400
vn -0.06899300 0.77339900 -0.63015400
vn -0.01903700 0.11013800 0.99373400
vn -0.01903700 -0.11013800 -0.99373400
vn -0.16452400 0.08472900 0.98272700
vn -0.16452400 -0.08472900 -0.98272700
vn 0.29324600 -0.54683500 -0.78420500
vn 0.29324600 0.54683500 0.78420500
vn 0.27316700 -0.48759100 0.82923700
vn 0.27316700 0.48759100 -0.82923700
vn 0.00025500 0.00278900 -0.99999600
vn 0.00025500 -0.00278900 0.99999600
vn 0.40795500 -0.52794400 -0.74488100
vn 0.40795500 0.52794400 0.74488100
vn 0.84668300 0.49489800 0.19545700
vn 0.84685800 -0.49263600 0.20035500
vn 0.84668300 -0.49489800 -0.19545700
vn 0.84685800 0.49263600 -0.20035500
vn 0.07329200 -0.21909600 0.97294700
vn 0.07329200 0.21909600 -0.97294700
vn 0.03725500 0.21472200 0.97596400
vn 0.03725500 -0.21472200 -0.97596400
vn 0.05831100 -0.55260900 0.83139900
vn 0.05831100 0.55260900 -0.83139900
vn 0.82883000 0.51156000 0.22660000
vn 0.82078700 -0.50389800 0.26906400
vn 0.82883000 -0.51156000 -0.22660000
vn 0.82078700 0.50389800 -0.26906400
vn -0.50394300 -0.86096600 -0.06913000
vn -0.50394300 0.86096600 0.06913000
vn 0.24923600 -0.57018900 0.78279400
vn 0.24923600 0.57018900 -0.78279400
vn 0.89116100 0.42413800 0.16105300
vn 0.88572200 -0.41786300 0.20220300
vn 0.89116100 -0.42413800 -0.16105300
vn 0.88572200 0.41786300 -0.20220300
vn 0.39044300 0.54093500 0.74494500
vn 0.45948100 -0.63478800 0.62122600
vn 0.39044300 -0.54093500 -0.74494500
vn 0.45948100 0.63478800 -0.62122600
vn 0.82859100 -0.48674500 -0.27661700
vn 0.82859100 0.48674500 0.27661700
vn 0.92827600 0.29451000 0.22708500
vn 0.91267100 -0.27922200 0.29844000
vn 0.92827600 -0.29451000 -0.22708500
vn 0.91267100 0.27922200 -0.29844000
vn -0.11613200 -0.99116600 0.06405500
vn -0.11613200 0.99116600 -0.06405500
vn 0.02628400 -0.31531800 -0.94862200
vn 0.02628400 0.31531800 0.94862200
vn 0.60095200 -0.77487100 0.19603800
vn 0.60095200 0.77487100 -0.19603800
vn 0.23872100 0.52564200 0.81652500
vn 0.25540000 -0.56635900 0.78358700
vn 0.23872100 -0.52564200 -0.81652500
vn 0.25540000 0.56635900 -0.78358700
vn 0.23330100 -0.71659500 -0.65731400
vn 0.23330100 0.71659500 0.65731400
vn 0.39379200 0.57654900 0.71590400
vn 0.42932200 -0.61531500 0.66111300
vn 0.39379200 -0.57654900 -0.71590400
vn 0.42932200 0.61531500 -0.66111300
vn 0.02526500 0.19444900 0.98058700
vn 0.02526500 -0.19444900 -0.98058700
vn 0.86508100 0.45551600 0.21009400
vn 0.86756600 -0.45638400 0.19759300
vn 0.86508100 -0.45551600 -0.21009400
vn 0.86756600 0.45638400 -0.19759300
vn 0.11668000 -0.51806700 0.84734400
vn 0.11668000 0.51806700 -0.84734400
vn 0.86323600 -0.50471300 -0.00946700
vn 0.86323600 0.50471300 0.00946700
vn -0.62110600 -0.41104300 0.66728600
vn -0.62110600 0.41104300 -0.66728600
vn 0.13242100 0.50823100 -0.85097900
vn 0.12083300 0.46072000 0.87928200
vn 0.13242100 -0.50823100 0.85097900
vn 0.12083300 -0.46072000 -0.87928200
vn 0.40078000 0.64104300 0.65455200
vn 0.38875000 -0.62094300 0.68066400
vn 0.40078000 -0.64104300 -0.65455200
vn 0.38875000 0.62094300 -0.68066400
vn 0.53277500 -0.45487700 0.71360900
vn 0.53277500 0.45487700 -0.71360900
vn 0.30991300 -0.35761700 -0.88094500
vn 0.30991300 0.35761700 0.88094500
vn 0.04591300 0.36220900 -0.93096500
vn 0.04453800 0.34860400 0.93621100
vn 0.04591300 -0.36220900 0.93096500
vn 0.04453800 -0.34860400 -0.93621100
vn 0.73175500 -0.41281800 0.54232400
vn 0.73175500 0.41281800 -0.54232400
vn 0.23560000 -0.80375200 -0.54632900
vn 0.23560000 0.80375200 0.54632900
vn 0.23128400 -0.37053600 0.89956100
vn 0.23128400 0.37053600 -0.89956100
vn 0.69773400 0.59800100 0.39441300
vn 0.70393200 -0.59263200 0.39149300
vn 0.69773400 -0.59800100 -0.39441300
vn 0.70393200 0.59263200 -0.39149300
vn 0.17856800 -0.60967600 -0.77227500
vn 0.17856800 0.60967600 0.77227500
vn -0.14662000 -0.93243600 -0.33025100
vn -0.14662000 0.93243600 0.33025100
vn 0.56168400 0.59111100 0.57887700
vn 0.61236700 -0.63457000 0.47151700
vn 0.56168400 -0.59111100 -0.57887700
vn 0.61236700 0.63457000 -0.47151700
vn 0.22807600 0.62698900 0.74489400
vn 0.23152900 -0.63048900 0.74086300
vn 0.22807600 -0.62698900 -0.74489400
vn 0.23152900 0.63048900 -0.74086300
vn 0.91564000 -0.25971300 0.30684300
vn 0.91564000 0.25971300 -0.30684300
vn 0.34281000 -0.72888900 0.59262300
vn 0.34281000 0.72888900 -0.59262300
vn 0.20553600 -0.33640700 -0.91901300
vn 0.20553600 0.33640700 0.91901300
vn 0.05079700 -0.11868600 0.99163200
vn 0.05079700 0.11868600 -0.99163200
vn 0.37300700 0.66899000 0.64289800
vn 0.35638100 -0.64333700 0.67757600
vn 0.37300700 -0.66899000 -0.64289800
vn 0.35638100 0.64333700 -0.67757600
vn 0.85658800 0.40389400 0.32113200
vn 0.85677700 -0.38526700 0.34278700
vn 0.85658800 -0.40389400 -0.32113200
vn 0.85677700 0.38526700 -0.34278700
vn 0.68391400 -0.41461300 0.60029800
vn 0.68391400 0.41461300 -0.60029800
vn 0.93350800 -0.34764200 0.08779800
vn 0.93350800 0.34764200 -0.08779800
vn 0.02327200 0.27821500 -0.96023700
vn 0.02327200 -0.27821500 0.96023700
vn -0.00147000 0.05794400 -0.99831900
vn -0.00147000 -0.05794400 0.99831900
vn 0.83088500 -0.22884200 0.50721000
vn 0.83088500 0.22884200 -0.50721000
vn 0.22704400 0.74229800 0.63043200
vn 0.22704400 -0.74229800 -0.63043200
vn 0.05434700 -0.11109600 0.99232300
vn 0.05434700 0.11109600 -0.99232300
vn 0.72403300 0.67603800 0.13692200
vn 0.72365900 -0.67224800 0.15620300
vn 0.72403300 -0.67603800 -0.13692200
vn 0.72365900 0.67224800 -0.15620300
vn -0.00520300 0.12132300 -0.99259900
vn -0.00454100 0.08650600 0.99624100
vn -0.00520300 -0.12132300 0.99259900
vn -0.00454100 -0.08650600 -0.99624100
vn 0.93278400 -0.07556700 -0.35242600
vn 0.88085800 -0.06149500 0.46936900
vn 0.93278400 0.07556700 0.35242600
vn 0.88085800 0.06149500 -0.46936900
vn 0.53907000 0.70081400 0.46718700
vn 0.51901800 -0.68356300 0.51318800
vn 0.53907000 -0.70081400 -0.46718700
vn 0.51901800 0.68356300 -0.51318800
vn 0.84710300 -0.47342300 0.24142700
vn 0.84710300 0.47342300 -0.24142700
vn 0.15788500 -0.23448200 -0.95921300
vn 0.17635800 -0.25440700 0.95088100
vn 0.15788500 0.23448200 0.95921300
vn 0.17635800 0.25440700 -0.95088100
vn -0.34578200 -0.06326700 0.93617900
vn -0.34578200 0.06326700 -0.93617900
vn -0.01574200 0.05823100 -0.99817900
vn 0.01814100 -0.06822000 0.99750500
vn -0.01574200 -0.05823100 0.99817900
vn 0.01814100 0.06822000 -0.99750500
vn 0.34824000 0.73779900 0.57825800
vn 0.35403800 -0.75982000 0.54528000
vn 0.34824000 -0.73779900 -0.57825800
vn 0.35403800 0.75982000 -0.54528000
vn -0.09296000 0.28886400 -0.95284600
vn -0.09518000 0.29356100 0.95119000
vn -0.09296000 -0.28886400 0.95284600
vn -0.09518000 -0.29356100 -0.95119000
vn 0.79696600 -0.23195600 -0.55771200
vn 0.79696600 0.23195600 0.55771200
vn -0.12607100 -0.15206500 -0.98029700
vn -0.12607100 0.15206500 0.98029700
vn 0.13053200 -0.18265800 -0.97447300
vn 0.17003600 -0.23412400 0.95722200
vn 0.13053200 0.18265800 0.97447300
vn 0.17003600 0.23412400 -0.95722200
vn 0.11130000 0.06687100 0.99153400
vn 0.11130000 -0.06687100 -0.99153400
vn 0.72660400 0.05418500 0.68491600
vn 0.72660400 -0.05418500 -0.68491600
vn 0.31138400 -0.33526000 0.88918000
vn 0.31138400 0.33526000 -0.88918000
vn -0.66006300 -0.70118400 -0.26955100
vn -0.66006300 0.70118400 0.26955100
vn -0.08286500 -0.25345700 0.96379100
vn -0.08286500 0.25345700 -0.96379100
vn 0.00806200 0.24726100 0.96891500
vn 0.00806200 -0.24726100 -0.96891500
vn 0.71484900 -0.36486700 -0.59654300
vn 0.61536300 -0.32822400 0.71665700
vn 0.71484900 0.36486700 0.59654300
vn 0.61536300 0.32822400 -0.71665700
vn 0.30815000 -0.30996900 -0.89942400
vn 0.30815000 0.30996900 0.89942400
vn 0.20975500 0.77538400 0.59563600
vn 0.20975500 -0.77538400 -0.59563600
vn 0.69468300 0.67890500 0.23770700
vn 0.68537200 -0.66618300 0.29405000
vn 0.69468300 -0.67890500 -0.23770700
vn 0.68537200 0.66618300 -0.29405000
vn -0.30030800 -0.39847100 -0.86662300
vn -0.30030800 0.39847100 0.86662300
vn 0.55760100 -0.50384400 -0.65971400
vn 0.55760100 0.50384400 0.65971400
vn 0.46324400 0.78393000 0.41335000
vn 0.46153600 -0.78198400 0.41891000
vn 0.46324400 -0.78393000 -0.41335000
vn 0.46153600 0.78198400 -0.41891000
vn 0.49989100 0.18756500 0.84553400
vn 0.49989100 -0.18756500 -0.84553400
vn -0.62898700 -0.41451900 -0.65768500
vn -0.62898700 0.41451900 0.65768500
vn -0.09981200 0.00072000 0.99500600
vn -0.09981200 -0.00072000 -0.99500600
vn -0.55316800 0.17351800 0.81479800
vn -0.55316800 -0.17351800 -0.81479800
vn 0.69793400 -0.12854100 0.70453200
vn 0.69793400 0.12854100 -0.70453200
vn -0.96130600 -0.26537500 -0.07393600
vn -0.96130600 0.26537500 0.07393600
vn 0.02015100 -0.02700700 -0.99943200
vn 0.09185000 -0.12215800 0.98825100
vn 0.02015100 0.02700700 0.99943200
vn 0.09185000 0.12215800 -0.98825100
vn 0.33924900 0.81833500 0.46393800
vn 0.33924900 -0.81833500 -0.46393800
vn 0.24512800 -0.11012000 0.96321600
vn 0.24512800 0.11012000 -0.96321600
vn -0.01690300 0.51870000 -0.85478900
vn -0.01823800 0.48115700 0.87644500
vn -0.01690300 -0.51870000 0.85478900
vn -0.01823800 -0.48115700 -0.87644500
vn 0.08306800 0.12992000 0.98803900
vn 0.08306800 -0.12992000 -0.98803900
vn 0.04247400 -0.53851500 -0.84154400
vn 0.04247400 0.53851500 0.84154400
vn 0.49033700 -0.34165100 -0.80177600
vn 0.49033700 0.34165100 0.80177600
vn 0.81831400 -0.08208800 -0.56887900
vn 0.81831400 0.08208800 0.56887900
vn -0.30671800 0.09283500 0.94726200
vn -0.30671800 -0.09283500 -0.94726200
vn 0.20756700 -0.19935200 -0.95769200
vn 0.20756700 0.19935200 0.95769200
vn -0.06635000 0.06901100 -0.99540700
vn -0.03315900 0.03439300 0.99885800
vn -0.06635000 -0.06901100 0.99540700
vn -0.03315900 -0.03439300 -0.99885800
vn -0.02898700 -0.69823000 -0.71528600
vn -0.02898700 0.69823000 0.71528600
vn 0.25389600 -0.29464100 0.92126200
vn 0.25389600 0.29464100 -0.92126200
vn 0.77971500 0.60112500 0.17519400
vn 0.77537000 -0.60495700 0.18118700
vn 0.77971500 -0.60112500 -0.17519400
vn 0.77537000 0.60495700 -0.18118700
vn 0.63514900 -0.73529900 -0.23647600
vn 0.63514900 0.73529900 0.23647600
vn -0.02938000 0.47740800 -0.87819000
vn -0.03494000 0.50337400 0.86336200
vn -0.02938000 -0.47740800 0.87819000
vn -0.03494000 -0.50337400 -0.86336200
vn 0.43455000 0.84761500 0.30449100
vn 0.43437700 -0.85126400 0.29439200
vn 0.43455000 -0.84761500 -0.30449100
vn 0.43437700 0.85126400 -0.29439200
vn -0.34682700 -0.89314500 -0.28636100
vn -0.34682700 0.89314500 0.28636100
vn 0.40031400 -0.53359400 0.74500100
vn 0.40031400 0.53359400 -0.74500100
vn -0.05051000 0.26963700 -0.96163600
vn -0.05664400 0.29361800 0.95424300
vn -0.05051000 -0.26963700 0.96163600
vn -0.05664400 -0.29361800 -0.95424300
vn -0.04873200 0.59100000 -0.80519800
vn -0.05168200 0.58498100 0.80939900
vn -0.04873200 -0.59100000 0.80519800
vn -0.05168200 -0.58498100 -0.80939900
vn -0.01750200 0.25217500 0.96752300
vn -0.01750200 -0.25217500 -0.96752300
vn 0.14296000 0.21929100 -0.96512900
vn 0.14296000 -0.21929100 0.96512900
vn -0.17652600 -0.42756000 0.88658400
vn -0.17652600 0.42756000 -0.88658400
vn -0.85200000 -0.29382800 -0.43331400
vn -0.85200000 0.29382800 0.43331400
vn 0.10378400 0.11415900 0.98802700
vn 0.10378400 -0.11415900 -0.98802700
vn 0.11449500 -0.10331100 -0.98803700
vn 0.10700100 -0.09499400 0.98971100
vn 0.11449500 0.10331100 0.98803700
vn 0.10700100 0.09499400 -0.98971100
vn 0.12080100 0.20664400 -0.97093000
vn 0.12080100 -0.20664400 0.97093000
vn 0.54828600 0.82242500 0.15165700
vn 0.54832400 -0.82240700 0.15161700
vn 0.54828600 -0.82242500 -0.15165700
vn 0.54832400 0.82240700 -0.15161700
vn 0.69187000 -0.20206400 0.69317100
vn 0.69187000 0.20206400 -0.69317100
vn -0.84259100 -0.46433300 -0.27282800
vn -0.84259100 0.46433300 0.27282800
vn 0.50883400 0.72782500 0.45973800
vn 0.51432900 -0.73580700 0.44051600
vn 0.50883400 -0.72782500 -0.45973800
vn 0.51432900 0.73580700 -0.44051600
vn 0.07993800 0.62096000 0.77975500
vn 0.07993800 -0.62096000 -0.77975500
vn 0.48216500 -0.21935300 0.84817500
vn 0.48216500 0.21935300 -0.84817500
vn 0.36557500 -0.24804700 -0.89712200
vn 0.37251300 -0.24647000 0.89469900
vn 0.36557500 0.24804700 0.89712200
vn 0.37251300 0.24647000 -0.89469900
vn 0.08534800 -0.84683900 -0.52495600
vn 0.08534800 0.84683900 0.52495600
vn 0.51962300 0.82590800 0.21878800
vn 0.51935300 -0.82545700 0.22111600
vn 0.51962300 -0.82590800 -0.21878800
vn 0.51935300 0.82545700 -0.22111600
vn -0.18716600 -0.87493900 -0.44659900
vn -0.18716600 0.87493900 0.44659900
vn 0.09656500 -0.11575500 0.98857300
vn 0.09656500 0.11575500 -0.98857300
vn -0.54929600 -0.81825800 0.16949500
vn -0.54929600 0.81825800 -0.16949500
vn 0.09004900 0.76901700 0.63285400
vn 0.09004900 -0.76901700 -0.63285400
vn 0.83712100 -0.50995200 0.19793500
vn 0.83712100 0.50995200 -0.19793500
vn 0.08139600 -0.60415100 -0.79270100
vn 0.08139600 0.60415100 0.79270100
vn -0.09706000 0.61142800 -0.78532500
vn -0.09671600 0.61742700 0.78066000
vn -0.09706000 -0.61142800 0.78532500
vn -0.09671600 -0.61742700 -0.78066000
vn 0.12566400 -0.14020900 0.98211500
vn 0.12566400 0.14020900 -0.98211500
vn 0.00293400 0.71979100 -0.69418500
vn 0.01015600 0.75970700 0.65018700
vn 0.00293400 -0.71979100 0.69418500
vn 0.01015600 -0.75970700 -0.65018700
vn 0.14959900 -0.87873100 0.45326800
vn 0.14959900 0.87873100 -0.45326800
vn -0.25257100 0.39944800 -0.88127700
vn -0.23028500 0.36721300 0.90117900
vn -0.25257100 -0.39944800 0.88127700
vn -0.23028500 -0.36721300 -0.90117900
vn 0.59103700 -0.65929600 -0.46476300
vn 0.59103700 0.65929600 0.46476300
vn 0.17683700 0.85065200 0.49509700
vn 0.17683700 -0.85065200 -0.49509700
vn 0.16310500 -0.13660500 -0.97710600
vn 0.16310500 0.13660500 0.97710600
vn 0.29181500 -0.18668000 -0.93808000
vn 0.27094400 -0.17040500 0.94739200
vn 0.29181500 0.18668000 0.93808000
vn 0.27094400 0.17040500 -0.94739200
vn -0.14207000 0.37529500 0.91595300
vn -0.14207000 -0.37529500 -0.91595300
vn -0.13312500 0.19801900 -0.97111600
vn -0.09029900 0.13530700 0.98668000
vn -0.13312500 -0.19801900 0.97111600
vn -0.09029900 -0.13530700 -0.98668000
vn 0.05717600 -0.06236800 -0.99641400
vn 0.05717600 0.06236800 0.99641400
vn 0.49094800 -0.56573500 -0.66250600
vn 0.49094800 0.56573500 0.66250600
vn -0.20581400 0.28546700 -0.93602800
vn -0.17204300 0.23878100 0.95571200
vn -0.20581400 -0.28546700 0.93602800
vn -0.17204300 -0.23878100 -0.95571200
vn 0.56034300 0.76099800 0.32695200
vn 0.55948900 -0.76306300 0.32358300
vn 0.56034300 -0.76099800 -0.32695200
vn 0.55948900 0.76306300 -0.32358300
vn -0.10884200 0.58126000 -0.80640600
vn -0.09639100 0.51639000 0.85091100
vn -0.10884200 -0.58126000 0.80640600
vn -0.09639100 -0.51639000 -0.85091100
vn 0.41897100 -0.62135000 0.66210900
vn 0.41897100 0.62135000 -0.66210900
vn 0.10040600 -0.38523800 0.91733900
vn 0.10040600 0.38523800 -0.91733900
vn -0.01598200 -0.43876400 -0.89846000
vn -0.01598200 0.43876400 0.89846000
vn -0.15229000 0.20148300 -0.96758100
vn -0.11992300 0.15787000 0.98015100
vn -0.15229000 -0.20148300 0.96758100
vn -0.11992300 -0.15787000 -0.98015100
vn 0.27448900 0.85255300 0.44475700
vn 0.27928400 -0.84629000 0.45364400
vn 0.27448900 -0.85255300 -0.44475700
vn 0.27928400 0.84629000 -0.45364400
vn -0.37342900 -0.85726400 0.35447100
vn -0.37342900 0.85726400 -0.35447100
vn -0.02500400 0.01979800 0.99949100
vn -0.02500400 -0.01979800 -0.99949100
vn 0.25117800 -0.14826200 -0.95651900
vn 0.14927100 -0.08847800 0.98483000
vn 0.25117800 0.14826200 0.95651900
vn 0.14927100 0.08847800 -0.98483000
vn 0.71301000 -0.42305800 -0.55914000
vn 0.71301000 0.42305800 0.55914000
vn 0.05808000 -0.03124400 0.99782300
vn 0.05808000 0.03124400 -0.99782300
vn -0.06295800 -0.13264700 -0.98916200
vn -0.06295800 0.13264700 0.98916200
vn 0.66126800 -0.69329600 0.28647100
vn 0.66126800 0.69329600 -0.28647100
vn -0.48855300 -0.73753500 0.46621600
vn -0.48855300 0.73753500 -0.46621600
vn 0.82649400 -0.08709200 0.55616800
vn 0.82649400 0.08709200 -0.55616800
vn 0.56876000 -0.06184400 -0.82017600
vn 0.60792200 -0.07200200 0.79072500
vn 0.56876000 0.06184400 0.82017600
vn 0.60792200 0.07200200 -0.79072500
vn 0.50792800 -0.73026800 0.45685600
vn 0.50792800 0.73026800 -0.45685600
vn 0.34812400 -0.14602500 -0.92600600
vn 0.34812400 0.14602500 0.92600600
vn -0.47918400 -0.61578200 -0.62545600
vn -0.47918400 0.61578200 0.62545600
vn -0.73771400 0.23432000 0.63314500
vn -0.73771400 -0.23432000 -0.63314500
vn 0.27794800 -0.89740700 0.34264500
vn 0.27794800 0.89740700 -0.34264500
vn -0.10338200 0.07638600 0.99170400
vn -0.10338200 -0.07638600 -0.99170400
vn 0.75186500 -0.61736400 -0.23143000
vn 0.75186500 0.61736400 0.23143000
vn -0.17150100 0.73605300 -0.65483800
vn -0.17150100 -0.73605300 0.65483800
vn 0.12757900 -0.02822900 -0.99142700
vn 0.12622400 -0.02828800 0.99159800
vn 0.12757900 0.02822900 0.99142700
vn 0.12622400 0.02828800 -0.99159800
vn 0.25297000 -0.10407400 0.96186000
vn 0.25297000 0.10407400 -0.96186000
vn -0.18498800 0.32927600 -0.92593600
vn -0.17611600 0.31836200 0.93146600
vn -0.18498800 -0.32927600 0.92593600
vn -0.17611600 -0.31836200 -0.93146600
vn 0.58104100 -0.22351800 0.78257900
vn 0.58104100 0.22351800 -0.78257900
vn -0.33529900 0.02703100 -0.94172400
vn -0.32812200 0.02749700 0.94423500
vn -0.33529900 -0.02703100 0.94172400
vn -0.32812200 -0.02749700 -0.94423500
vn -0.33727400 -0.73797800 0.58449600
vn -0.33727400 0.73797800 -0.58449600
vn 0.09150600 -0.88293800 0.46048700
vn 0.09150600 0.88293800 -0.46048700
vn -0.25722000 0.54423000 -0.79853100
vn -0.26239600 0.56015200 0.78573400
vn -0.25722000 -0.54423000 0.79853100
vn -0.26239600 -0.56015200 -0.78573400
vn 0.18054600 -0.86284100 0.47213300
vn 0.18054600 0.86284100 -0.47213300
vn 0.33727000 -0.90723800 0.25133300
vn 0.33727000 0.90723800 -0.25133300
vn 0.67234600 -0.31533400 0.66971200
vn 0.67234600 0.31533400 -0.66971200
vn -0.16231000 0.12177700 0.97919600
vn -0.16231000 -0.12177700 -0.97919600
vn 0.17359800 0.92752500 0.33100100
vn 0.17419900 -0.92602500 0.33486100
vn 0.17359800 -0.92752500 -0.33100100
vn 0.17419900 0.92602500 -0.33486100
vn -0.14011500 0.45632600 -0.87871200
vn -0.15113600 0.49749000 0.85420200
vn -0.14011500 -0.45632600 0.87871200
vn -0.15113600 -0.49749000 -0.85420200
vn 0.07086700 -0.88757000 0.45518900
vn 0.07086700 0.88757000 -0.45518900
vn 0.08160100 -0.04620100 -0.99559400
vn 0.03762000 -0.02125900 0.99906600
vn 0.08160100 0.04620100 0.99559400
vn 0.03762000 0.02125900 -0.99906600
vn -0.19134500 0.47031300 -0.86150600
vn -0.20717800 0.51308500 0.83295900
vn -0.19134500 -0.47031300 0.86150600
vn -0.20717800 -0.51308500 -0.83295900
vn 0.25661800 0.05120400 0.96515600
vn 0.25661800 -0.05120400 -0.96515600
vn 0.38621800 -0.80182700 -0.45597000
vn 0.38621800 0.80182700 0.45597000
vn -0.16400600 0.77820100 -0.60622200
vn -0.15926300 0.75887100 0.63146600
vn -0.16400600 -0.77820100 0.60622200
vn -0.15926300 -0.75887100 -0.63146600
vn -0.52474100 -0.50053600 -0.68855700
vn -0.52474100 0.50053600 0.68855700
vn 0.03109700 0.95463500 0.29615100
vn 0.02897500 -0.95327500 0.30071200
vn 0.03109700 -0.95463500 -0.29615100
vn 0.02897500 0.95327500 -0.30071200
vn -0.12129600 0.87457100 0.46948100
vn -0.11668400 -0.87079500 0.47760000
vn -0.12129600 -0.87457100 -0.46948100
vn -0.11668400 0.87079500 -0.47760000
vn -0.37405200 0.38046800 -0.84577100
vn -0.35954200 0.36496000 0.85879800
vn -0.37405200 -0.38046800 0.84577100
vn -0.35954200 -0.36496000 -0.85879800
vn 0.29716600 -0.16790200 0.93994700
vn 0.29716600 0.16790200 -0.93994700
vn -0.01081800 -0.82115200 -0.57060700
vn -0.01081800 0.82115200 0.57060700
vn 0.24035000 -0.08473600 -0.96698100
vn 0.23167600 -0.08130900 0.96938900
vn 0.24035000 0.08473600 0.96698100
vn 0.23167600 0.08130900 -0.96938900
vn -0.78092400 0.11273500 0.61436800
vn -0.78092400 -0.11273500 -0.61436800
vn 0.18338400 0.97433800 0.13052200
vn 0.18357500 -0.97385900 0.13378500
vn 0.18338400 -0.97433800 -0.13052200
vn 0.18357500 0.97385900 -0.13378500
vn -0.17661300 0.74400700 0.64440800
vn -0.17661300 -0.74400700 -0.64440800
vn -0.49879300 0.58317700 -0.64117900
vn -0.49146100 0.57486900 0.65421100
vn -0.49879300 -0.58317700 0.64117900
vn -0.49146100 -0.57486900 -0.65421100
vn -0.89784200 -0.05352000 0.43705300
vn -0.89784200 0.05352000 -0.43705300
vn -0.22086500 -0.57555800 0.78737000
vn -0.22086500 0.57555800 -0.78737000
vn 0.01509900 0.00486400 0.99987400
vn 0.01509900 -0.00486400 -0.99987400
vn 0.05045400 -0.01317900 0.99863900
vn 0.05045400 0.01317900 -0.99863900
vn 0.01473400 -0.02225700 0.99964400
vn 0.01473400 0.02225700 -0.99964400
vn 0.74843300 -0.58255900 0.31697400
vn 0.74843300 0.58255900 -0.31697400
vn 0.69908500 -0.63838100 0.32210300
vn 0.69908500 0.63838100 -0.32210300
vn 0.41934400 -0.08542900 0.90379900
vn 0.41934400 0.08542900 -0.90379900
vn 0.00996000 0.01182600 0.99988000
vn 0.00996000 -0.01182600 -0.99988000
vn 0.05700200 -0.97311200 0.22316500
vn 0.05700200 0.97311200 -0.22316500
vn 0.61952600 -0.34351300 -0.70582300
vn 0.61952600 0.34351300 0.70582300
vn 0.40075000 -0.03386200 -0.91556200
vn 0.42099200 -0.03814300 0.90626200
vn 0.40075000 0.03386200 0.91556200
vn 0.42099200 0.03814300 -0.90626200
vn -0.62215600 -0.56755400 0.53926300
vn -0.62215600 0.56755400 -0.53926300
vn -0.38121600 -0.40290700 0.83207000
vn -0.38121600 0.40290700 -0.83207000
vn -0.28934200 0.10847300 -0.95106000
vn -0.29812800 0.11210500 0.94792000
vn -0.28934200 -0.10847300 0.95106000
vn -0.29812800 -0.11210500 -0.94792000
vn -0.60455600 -0.69837900 0.38311800
vn -0.60455600 0.69837900 -0.38311800
vn 0.17815800 0.00720400 0.98397500
vn 0.17815800 -0.00720400 -0.98397500
vn 0.39874800 -0.13300800 0.90736400
vn 0.39874800 0.13300800 -0.90736400
vn 0.31023100 -0.91369700 -0.26251500
vn 0.31023100 0.91369700 0.26251500
vn -0.04414400 0.01810600 0.99886100
vn -0.04414400 -0.01810600 -0.99886100
vn -0.12994400 -0.47511900 0.87027400
vn -0.12994400 0.47511900 -0.87027400
vn 0.41335100 -0.75061900 0.51547300
vn 0.41335100 0.75061900 -0.51547300
vn -0.48811000 -0.45574500 0.74434200
vn -0.48811000 0.45574500 -0.74434200
vn 0.02600600 0.01081700 0.99960300
vn 0.02600600 -0.01081700 -0.99960300
vn 0.00976400 -0.00132800 0.99995100
vn 0.00976400 0.00132800 -0.99995100
vn -0.43540000 -0.30401900 0.84734800
vn -0.43540000 0.30401900 -0.84734800
vn -0.09795700 0.04367300 -0.99423200
vn -0.09795700 -0.04367300 0.99423200
vn -0.72385500 -0.33528600 -0.60300700
vn -0.72385500 0.33528600 0.60300700
vn 0.57669900 -0.71242500 0.39983600
vn 0.57669900 0.71242500 -0.39983600
vn -0.56873700 -0.63910700 -0.51776400
vn -0.56873700 0.63910700 0.51776400
vn -0.33415100 0.58642600 -0.73786700
vn -0.32731700 0.57912600 0.74664300
vn -0.33415100 -0.58642600 0.73786700
vn -0.32731700 -0.57912600 -0.74664300
vn -0.09441600 -0.98643100 -0.13431000
vn -0.09441600 0.98643100 0.13431000
vn -0.33074500 0.24856100 -0.91039800
vn -0.31810200 0.23938500 0.91733600
vn -0.33074500 -0.24856100 0.91039800
vn -0.31810200 -0.23938500 -0.91733600
vn -0.13974300 -0.96093200 0.23891600
vn -0.13974300 0.96093200 -0.23891600
vn -0.26668400 -0.89071900 0.36810300
vn -0.26668400 0.89071900 -0.36810300
vn 0.09621400 -0.07063300 -0.99285100
vn 0.10943400 -0.08145400 0.99065100
vn 0.09621400 0.07063300 0.99285100
vn 0.10943400 0.08145400 -0.99065100
vn -0.04912200 -0.89537700 0.44259100
vn -0.04912200 0.89537700 -0.44259100
vn -0.20841400 -0.97785300 -0.01915900
vn -0.20841400 0.97785300 0.01915900
vn -0.46695700 -0.01286000 0.88418700
vn -0.46695700 0.01286000 -0.88418700
vn 0.11616800 0.96436400 0.23771300
vn 0.11538000 -0.96182200 0.24816400
vn 0.11616800 -0.96436400 -0.23771300
vn 0.11538000 0.96182200 -0.24816400
vn 0.72048200 -0.48556400 -0.49511000
vn 0.72048200 0.48556400 0.49511000
vn -0.76918900 -0.34261700 0.53940900
vn -0.76918900 0.34261700 -0.53940900
vn 0.72103800 -0.15627600 0.67504200
vn 0.72103800 0.15627600 -0.67504200
vn -0.20377000 0.19920600 0.95853800
vn -0.20377000 -0.19920600 -0.95853800
vn -0.69075300 -0.49325200 -0.52873700
vn -0.69075300 0.49325200 0.52873700
vn 0.31948600 -0.82129100 0.47266300
vn 0.31948600 0.82129100 -0.47266300
vn -0.79921900 -0.40345800 -0.44550100
vn -0.79921900 0.40345800 0.44550100
vn -0.38146100 -0.37539900 -0.84472700
vn -0.38146100 0.37539900 0.84472700
vn 0.58095000 -0.16015300 0.79802800
vn 0.58095000 0.16015300 -0.79802800
vn -0.48631000 0.39606500 -0.77886800
vn -0.50214600 0.40726300 0.76288000
vn -0.48631000 -0.39606500 0.77886800
vn -0.50214600 -0.40726300 -0.76288000
vn 0.77644800 -0.49002900 -0.39623200
vn 0.77644800 0.49002900 0.39623200
vn -0.37252900 -0.17473700 0.91142200
vn -0.37252900 0.17473700 -0.91142200
vn -0.11203300 0.03718400 0.99300900
vn -0.11203300 -0.03718400 -0.99300900
vn -0.01013700 -0.96782700 -0.25141300
vn -0.01013700 0.96782700 0.25141300
vn -0.04283000 -0.05836800 0.99737600
vn -0.04283000 0.05836800 -0.99737600
vn -0.26325000 -0.08821600 0.96068600
vn -0.26325000 0.08821600 -0.96068600
vn -0.24609900 -0.16728500 0.95469900
vn -0.24609900 0.16728500 -0.95469900
vn -0.22748100 -0.74061700 0.63225000
vn -0.22748100 0.74061700 -0.63225000
vn 0.14052800 -0.01258000 -0.98999700
vn 0.15549100 -0.01465700 0.98772900
vn 0.14052800 0.01258000 0.98999700
vn 0.15549100 0.01465700 -0.98772900
vn -0.25515900 0.82228700 0.50866200
vn -0.24672000 -0.80062100 0.54601800
vn -0.25515900 -0.82228700 -0.50866200
vn -0.24672000 0.80062100 -0.54601800
vn -0.20742800 0.88030900 0.42664900
vn -0.20742800 -0.88030900 -0.42664900
vn -0.07878500 0.07209100 -0.99428200
vn -0.07878500 -0.07209100 0.99428200
vn -0.52160800 0.44710100 -0.72665400
vn -0.52787000 0.45007100 0.72027100
vn -0.52160800 -0.44710100 0.72665400
vn -0.52787000 -0.45007100 -0.72027100
vn -0.40257200 0.25369700 -0.87953000
vn -0.41864300 0.26195700 0.86955000
vn -0.40257200 -0.25369700 0.87953000
vn -0.41864300 -0.26195700 -0.86955000
vn -0.46782700 -0.54846700 0.69305300
vn -0.46782700 0.54846700 -0.69305300
vn -0.90402100 -0.16638100 0.39378000
vn -0.90402100 0.16638100 -0.39378000
vn 0.04419700 -0.53571400 0.84324200
vn 0.04419700 0.53571400 -0.84324200
vn -0.54172500 -0.33384500 0.77141600
vn -0.54172500 0.33384500 -0.77141600
vn -0.00702500 0.00665700 0.99995300
vn -0.00702500 -0.00665700 -0.99995300
vn -0.47218100 0.70368000 -0.53092300
vn -0.46563100 0.69579100 0.54686600
vn -0.47218100 -0.70368000 0.53092300
vn -0.46563100 -0.69579100 -0.54686600
vn -0.81482600 -0.24221900 0.52667600
vn -0.81482600 0.24221900 -0.52667600
vn -0.89189500 -0.43912000 0.10815200
vn -0.89189500 0.43912000 -0.10815200
vn -0.84470400 -0.53519000 0.00687000
vn -0.84470400 0.53519000 -0.00687000
vn -0.45819700 0.08156800 0.88510000
vn -0.45819700 -0.08156800 -0.88510000
vn 0.02781900 0.99045800 0.13497700
vn 0.02682000 -0.99030300 0.13631000
vn 0.02781900 -0.99045800 -0.13497700
vn 0.02682000 0.99030300 -0.13631000
vn -0.22408100 -0.12761300 0.96617900
vn -0.22408100 0.12761300 -0.96617900
vn -0.35247200 0.92023400 0.17009800
vn -0.35887900 -0.92265200 0.14113700
vn -0.35247200 -0.92023400 -0.17009800
vn -0.35887900 0.92265200 -0.14113700
vn -0.40214300 0.68964000 -0.60222700
vn -0.39682600 0.68432300 0.61174500
vn -0.40214300 -0.68964000 0.60222700
vn -0.39682600 -0.68432300 -0.61174500
vn -0.27754000 -0.95926600 0.05272600
vn -0.27754000 0.95926600 -0.05272600
vn -0.71785900 -0.23721300 0.65452900
vn -0.71785900 0.23721300 -0.65452900
vn -0.29757000 -0.89793400 0.32429300
vn -0.29757000 0.89793400 -0.32429300
vn -0.48959800 0.30438700 0.81709400
vn -0.48959800 -0.30438700 -0.81709400
vn -0.39498700 0.82821200 0.39755500
vn -0.39413900 -0.82526500 0.40446600
vn -0.39498700 -0.82821200 -0.39755500
vn -0.39413900 0.82526500 -0.40446600
vn 0.14939200 0.14573600 -0.97797900
vn 0.14939200 -0.14573600 0.97797900
vn -0.33508700 0.08962700 -0.93791400
vn -0.34015000 0.09117700 0.93594100
vn -0.33508700 -0.08962700 0.93791400
vn -0.34015000 -0.09117700 -0.93594100
vn -0.10890900 0.95541200 0.27445600
vn -0.10788300 -0.95782000 0.26634800
vn -0.10890900 -0.95541200 -0.27445600
vn -0.10788300 0.95782000 -0.26634800
vn -0.91096300 0.05078800 0.40935000
vn -0.91096300 -0.05078800 -0.40935000
vn -0.47796100 0.43432600 -0.76348800
vn -0.47462400 0.42897500 0.76857800
vn -0.47796100 -0.43432600 0.76348800
vn -0.47462400 -0.42897500 -0.76857800
vn 0.34719600 -0.90696200 0.23848400
vn 0.34719600 0.90696200 -0.23848400
vn -0.28154800 0.94730300 0.15279800
vn -0.28383800 -0.94457200 0.16498400
vn -0.28154800 -0.94730300 -0.15279800
vn -0.28383800 0.94457200 -0.16498400
vn -0.42273200 0.33409800 0.84242300
vn -0.42273200 -0.33409800 -0.84242300
vn -0.65011000 -0.60012500 -0.46605400
vn -0.65011000 0.60012500 0.46605400
vn -0.49206100 0.03915800 0.86967900
vn -0.49206100 -0.03915800 -0.86967900
vn -0.32443200 0.92454800 0.19988800
vn -0.32359300 -0.93582000 0.13974300
vn -0.32443200 -0.92454800 -0.19988800
vn -0.32359300 0.93582000 -0.13974300
vn -0.05584000 0.00389600 -0.99843200
vn -0.04517900 0.00330700 0.99897300
vn -0.05584000 -0.00389600 0.99843200
vn -0.04517900 -0.00330700 -0.99897300
vn -0.63159800 0.35078000 -0.69140200
vn -0.64191700 0.35588600 0.67918100
vn -0.63159800 -0.35078000 0.69140200
vn -0.64191700 -0.35588600 -0.67918100
vn -0.94233200 -0.14184300 0.30313600
vn -0.94233200 0.14184300 -0.30313600
vn 0.00838100 0.00128300 0.99996400
vn 0.00838100 -0.00128300 -0.99996400
vn -0.60418700 -0.08829300 0.79193600
vn -0.60418700 0.08829300 -0.79193600
vn -0.77694400 -0.62928600 0.01891200
vn -0.77694400 0.62928600 -0.01891200
vn -0.28714000 0.09735800 -0.95292800
vn -0.29100500 0.09897700 0.95158800
vn -0.28714000 -0.09735800 0.95292800
vn -0.29100500 -0.09897700 -0.95158800
vn -0.46152700 0.74344300 -0.48403100
vn -0.45683300 0.73847000 0.49594800
vn -0.46152700 -0.74344300 0.48403100
vn -0.45683300 -0.73847000 -0.49594800
vn -0.35274700 -0.31376800 0.88154300
vn -0.35274700 0.31376800 -0.88154300
vn 0.67016000 0.01379200 0.74208800
vn 0.67016000 -0.01379200 -0.74208800
vn -0.43483400 0.87928700 0.19435500
vn -0.43501700 -0.87881200 0.19608500
vn -0.43483400 -0.87928700 -0.19435500
vn -0.43501700 0.87881200 -0.19608500
vn -0.35082500 -0.89140000 0.28692800
vn -0.35082500 0.89140000 -0.28692800
vn -0.78728900 -0.47035000 0.39868200
vn -0.78728900 0.47035000 -0.39868200
vn -0.17858000 0.04424600 0.98293000
vn -0.17858000 -0.04424600 -0.98293000
vn -0.79620000 -0.55554200 0.23966300
vn -0.79620000 0.55554200 -0.23966300
vn -0.93002700 -0.32167800 0.17769000
vn -0.93002700 0.32167800 -0.17769000
vn -0.44869900 0.13696100 -0.88312600
vn -0.45805000 0.13999200 0.87783400
vn -0.44869900 -0.13696100 0.88312600
vn -0.45805000 -0.13999200 -0.87783400
vn -0.36423700 0.85957100 0.35842600
vn -0.35844100 -0.86020700 0.36271900
vn -0.36423700 -0.85957100 -0.35842600
vn -0.35844100 0.86020700 -0.36271900
vn -0.11985800 -0.05622300 0.99119800
vn -0.11985800 0.05622300 -0.99119800
vn 0.26380900 -0.07248000 0.96184800
vn 0.26380900 0.07248000 -0.96184800
vn -0.53858300 0.77455300 0.33165700
vn -0.54100800 -0.77706600 0.32168000
vn -0.53858300 -0.77455300 -0.33165700
vn -0.54100800 0.77706600 -0.32168000
vn 0.25993500 0.07687800 0.96256100
vn 0.25993500 -0.07687800 -0.96256100
vn 0.33993800 0.03325300 0.93986000
vn 0.33993800 -0.03325300 -0.93986000
vn -0.33442200 -0.91104700 0.24115300
vn -0.33442200 0.91104700 -0.24115300
vn -0.16814200 -0.03945100 0.98497300
vn -0.16814200 0.03945100 -0.98497300
vn -0.63758600 0.52615900 -0.56270800
vn -0.64207300 0.52830400 0.55555100
vn -0.63758600 -0.52615900 0.56270800
vn -0.64207300 -0.52830400 -0.55555100
vn -0.46472300 -0.67966600 -0.56752700
vn -0.46472300 0.67966600 0.56752700
vn -0.39387500 0.07387500 -0.91619000
vn -0.38080000 0.07224300 0.92183100
vn -0.39387500 -0.07387500 0.91619000
vn -0.38080000 -0.07224300 -0.92183100
vn -0.56994600 0.68398400 -0.45533100
vn -0.56627800 0.67983400 0.46599800
vn -0.56994600 -0.68398400 0.45533100
vn -0.56627800 -0.67983400 -0.46599800
vn -0.38002600 -0.82169600 -0.42473100
vn -0.38002600 0.82169600 0.42473100
vn -0.69277000 0.04190600 -0.71994000
vn -0.69240900 0.04349600 0.72019200
vn -0.69277000 -0.04190600 0.71994000
vn -0.69240900 -0.04349600 -0.72019200
vn -0.45197900 0.17825900 -0.87403600
vn -0.46859400 0.18507400 0.86380900
vn -0.45197900 -0.17825900 0.87403600
vn -0.46859400 -0.18507400 -0.86380900
vn -0.52418600 0.12602100 -0.84222800
vn -0.52347600 0.12583700 0.84269700
vn -0.52418600 -0.12602100 0.84222800
vn -0.52347600 -0.12583700 -0.84269700
vn -0.37312900 0.90482400 0.20510400
vn -0.37643400 -0.91020000 0.17272400
vn -0.37312900 -0.90482400 -0.20510400
vn -0.37643400 0.91020000 -0.17272400
vn 0.56707700 -0.06435600 0.82114700
vn 0.56707700 0.06435600 -0.82114700
vn -0.47402400 0.02620000 -0.88012200
vn -0.47069200 0.02705900 0.88188300
vn -0.47402400 -0.02620000 0.88012200
vn -0.47069200 -0.02705900 -0.88188300
vn -0.34575700 -0.18464800 0.91997700
vn -0.34575700 0.18464800 -0.91997700
vn -0.68765500 0.35307300 -0.63440600
vn -0.69611100 0.35732800 0.62269300
vn -0.68765500 -0.35307300 0.63440600
vn -0.69611100 -0.35732800 -0.62269300
vn -0.64296300 -0.14756300 0.75154800
vn -0.64296300 0.14756300 -0.75154800
vn 0.24717800 -0.01394700 0.96887000
vn 0.24717800 0.01394700 -0.96887000
vn -0.24281400 0.03083200 0.96958300
vn -0.24281400 -0.03083200 -0.96958300
vn -0.44782800 0.05563400 -0.89238700
vn -0.43762000 0.05608000 0.89741000
vn -0.44782800 -0.05563400 0.89238700
vn -0.43762000 -0.05608000 -0.89741000
vn -0.61164000 0.75502100 0.23630200
vn -0.61263100 -0.75606100 0.23033700
vn -0.61164000 -0.75502100 -0.23630200
vn -0.61263100 0.75606100 -0.23033700
vn -0.67447900 -0.51117300 0.53271000
vn -0.67447900 0.51117300 -0.53271000
vn -0.95826200 -0.23768100 0.15887500
vn -0.95826200 0.23768100 -0.15887500
vn -0.71955600 0.48021100 -0.50163400
vn -0.72295400 0.48123900 0.49572900
vn -0.71955600 -0.48021100 0.50163400
vn -0.72295400 -0.48123900 -0.49572900
vn -0.49748800 0.83682100 0.22855300
vn -0.49861500 -0.83733000 0.22418800
vn -0.49748800 -0.83682100 -0.22855300
vn -0.49861500 0.83733000 -0.22418800
vn -0.39673200 0.88725500 0.23533600
vn -0.39603000 -0.88751300 0.23554300
vn -0.39673200 -0.88725500 -0.23533600
vn -0.39603000 0.88751300 -0.23554300
vn -0.17560700 0.05258400 -0.98305500
vn -0.18141700 0.05445700 0.98189700
vn -0.17560700 -0.05258400 0.98305500
vn -0.18141700 -0.05445700 -0.98189700
vn 0.30345600 -0.09218200 0.94837600
vn 0.30345600 0.09218200 -0.94837600
vn 0.56841300 -0.02961400 0.82221000
vn 0.56841300 0.02961400 -0.82221000
vn -0.18901500 0.03659300 -0.98129200
vn -0.18094200 0.03549500 0.98285300
vn -0.18901500 -0.03659300 0.98129200
vn -0.18094200 -0.03549500 -0.98285300
vn -0.79340800 -0.55096700 -0.25872400
vn -0.79340800 0.55096700 0.25872400
vn -0.51226900 0.78009300 0.35921500
vn -0.51507000 -0.78284600 0.34907700
vn -0.51226900 -0.78009300 -0.35921500
vn -0.51507000 0.78284600 -0.34907700
vn -0.74045500 0.60242400 -0.29801400
vn -0.74165900 0.60256400 0.29471700
vn -0.74045500 -0.60242400 0.29801400
vn -0.74165900 -0.60256400 -0.29471700
vn -0.44354300 0.01805600 0.89607100
vn -0.44354300 -0.01805600 -0.89607100
vn 0.62724800 -0.71907200 0.29915700
vn 0.62724800 0.71907200 -0.29915700
vn -0.49104300 -0.28054000 0.82472700
vn -0.49104300 0.28054000 -0.82472700
vn -0.70569400 0.54420600 -0.45369000
vn -0.70859600 0.54534400 0.44776200
vn -0.70569400 -0.54420600 0.45369000
vn -0.70859600 -0.54534400 -0.44776200
vn -0.60956200 0.25051900 -0.75211300
vn -0.62274400 0.25627400 0.73926500
vn -0.60956200 -0.25051900 0.75211300
vn -0.62274400 -0.25627400 -0.73926500
vn -0.78185800 0.34487400 -0.51938400
vn -0.78802000 0.34785700 0.50795700
vn -0.78185800 -0.34487400 0.51938400
vn -0.78802000 -0.34785700 -0.50795700
vn -0.75622700 0.37449000 -0.53654200
vn -0.76200100 0.37738500 0.52624600
vn -0.75622700 -0.37449000 0.53654200
vn -0.76200100 -0.37738500 -0.52624600
vn 0.42355100 -0.70903400 -0.56380400
vn 0.42355100 0.70903400 0.56380400
vn 0.27938400 0.01988900 0.95997300
vn 0.27938400 -0.01988900 -0.95997300
vn 0.78917800 -0.00593800 0.61413600
vn 0.78917800 0.00593800 -0.61413600
vn -0.24021300 0.04471700 0.96969000
vn -0.24021300 -0.04471700 -0.96969000
vn -0.70956000 -0.05585200 0.70242800
vn -0.70956000 0.05585200 -0.70242800
vn -0.75368200 -0.65567900 0.04525600
vn -0.75368200 0.65567900 -0.04525600
vn -0.74793600 0.16309500 -0.64342200
vn -0.71765400 0.15506900 0.67891500
vn -0.74793600 -0.16309500 0.64342200
vn -0.71765400 -0.15506900 -0.67891500
vn 0.12384800 -0.12652400 0.98420200
vn 0.12384800 0.12652400 -0.98420200
vn -0.86325500 -0.01282700 0.50460600
vn -0.86325500 0.01282700 -0.50460600
vn 0.11819500 0.01394900 0.99289200
vn 0.11819500 -0.01394900 -0.99289200
vn -0.47878300 0.67023500 -0.56705500
vn -0.47128400 0.66090000 0.58404000
vn -0.47878300 -0.67023500 0.56705500
vn -0.47128400 -0.66090000 -0.58404000
vn -0.88944500 -0.37939500 0.25484900
vn -0.88944500 0.37939500 -0.25484900
vn -0.59950000 -0.06484000 0.79774400
vn -0.59950000 0.06484000 -0.79774400
vn 0.32569000 -0.06812500 0.94301900
vn 0.32569000 0.06812500 -0.94301900
vn -0.91280700 0.01518100 0.40811000
vn -0.91280700 -0.01518100 -0.40811000
vn -0.71521000 0.03776100 0.69788900
vn -0.71521000 -0.03776100 -0.69788900
vn -0.72880800 -0.58992000 -0.34761200
vn -0.72880800 0.58992000 0.34761200
vn -0.71359500 0.51256700 -0.47755400
vn -0.71649500 0.51348800 0.47219100
vn -0.71359500 -0.51256700 0.47755400
vn -0.71649500 -0.51348800 -0.47219100
vn -0.76066900 0.48006400 -0.43694600
vn -0.76362200 0.48099000 0.43073100
vn -0.76066900 -0.48006400 0.43694600
vn -0.76362200 -0.48099000 -0.43073100
vn -0.80316700 0.42402100 -0.41848400
vn -0.80659400 0.42562600 0.41018200
vn -0.80316700 -0.42402100 0.41848400
vn -0.80659400 -0.42562600 -0.41018200
vn -0.47464200 0.85640100 0.20320300
vn -0.47536500 -0.85637500 0.20161900
vn -0.47464200 -0.85640100 -0.20320300
vn -0.47536500 0.85637500 -0.20161900
vn -0.61747100 0.54494300 -0.56724500
vn -0.61863800 0.54418200 0.56670400
vn -0.61747100 -0.54494300 0.56724500
vn -0.61863800 -0.54418200 -0.56670400
vn -0.83087700 -0.42910900 0.35427100
vn -0.83087700 0.42910900 -0.35427100
vn -0.10271300 -0.67280900 0.73265100
vn -0.10271300 0.67280900 -0.73265100
vn -0.72659600 0.24762300 -0.64089100
vn -0.74131300 0.25262200 0.62180200
vn -0.72659600 -0.24762300 0.64089100
vn -0.74131300 -0.25262200 -0.62180200
vn -0.52404800 0.05309900 -0.85003200
vn -0.51795100 0.05445100 0.85367500
vn -0.52404800 -0.05309900 0.85003200
vn -0.51795100 -0.05445100 -0.85367500
vn 0.02643500 0.00578900 0.99963400
vn 0.02643500 -0.00578900 -0.99963400
vn -0.85129400 -0.50985000 -0.12390300
vn -0.85129400 0.50985000 0.12390300
vn -0.58905500 0.41053200 -0.69604400
vn -0.59438000 0.41257800 0.69028400
vn -0.58905500 -0.41053200 0.69604400
vn -0.59438000 -0.41257800 -0.69028400
vn -0.68244300 -0.00605800 0.73091400
vn -0.68244300 0.00605800 -0.73091400
vn 0.23778300 -0.03853300 0.97055400
vn 0.23778300 0.03853300 -0.97055400
vn -0.45379800 -0.02841600 0.89065100
vn -0.45379800 0.02841600 -0.89065100
vn -0.85858200 0.17688300 0.48119600
vn -0.85858200 -0.17688300 -0.48119600
vn -0.84318900 0.36123100 -0.39817600
vn -0.84732300 0.36327100 0.38740000
vn -0.84318900 -0.36123100 0.39817600
vn -0.84732300 -0.36327100 -0.38740000
vn -0.82156900 -0.17466600 0.54269300
vn -0.82156900 0.17466600 -0.54269300
vn -0.73704400 0.65084400 0.18212200
vn -0.73677100 -0.65114200 0.18216000
vn -0.73704400 -0.65084400 -0.18212200
vn -0.73677100 0.65114200 -0.18216000
vn -0.70622800 0.69119200 0.15328500
vn -0.70627100 -0.69157000 0.15136700
vn -0.70622800 -0.69119200 -0.15328500
vn -0.70627100 0.69157000 -0.15136700
vn -0.69160800 0.10974600 -0.71388700
vn -0.67238300 0.10935500 0.73208100
vn -0.69160800 -0.10974600 0.71388700
vn -0.67238300 -0.10935500 -0.73208100
vn -0.06390800 -0.99133200 -0.11479000
vn -0.06390800 0.99133200 0.11479000
vn 0.22221800 0.03825700 0.97424600
vn 0.22221800 -0.03825700 -0.97424600
vn -0.03441900 -0.02646100 0.99905700
vn -0.03441900 0.02646100 -0.99905700
vn -0.92476000 -0.35724500 0.13112800
vn -0.92476000 0.35724500 -0.13112800
vn -0.71994300 0.67120500 0.17654000
vn -0.71987000 -0.67161100 0.17528700
vn -0.71994300 -0.67120500 -0.17654000
vn -0.71987000 0.67161100 -0.17528700
vn -0.31243700 -0.93918300 0.14254600
vn -0.31243700 0.93918300 -0.14254600
vn -0.45119100 -0.88926000 0.07512000
vn -0.45119100 0.88926000 -0.07512000
vn 0.17583500 -0.01828800 0.98425000
vn 0.17583500 0.01828800 -0.98425000
vn -0.91694700 -0.25143800 0.30981700
vn -0.91694700 0.25143800 -0.30981700
vn -0.65820600 0.31756300 -0.68258300
vn -0.66826200 0.32262200 0.67032900
vn -0.65820600 -0.31756300 0.68258300
vn -0.66826200 -0.32262200 -0.67032900
vn -0.60913300 0.61165200 -0.50481500
vn -0.60611000 0.60773400 0.51311800
vn -0.60913300 -0.61165200 0.50481500
vn -0.60611000 -0.60773400 -0.51311800
vn 0.18997000 -0.88238200 -0.43047900
vn 0.18997000 0.88238200 0.43047900
vn -0.08512000 -0.23710000 -0.96774900
vn -0.08512000 0.23710000 0.96774900
vn -0.66185900 0.72357400 0.19591500
vn -0.66233000 -0.72422500 0.19187800
vn -0.66185900 -0.72357400 -0.19591500
vn -0.66233000 0.72422500 -0.19187800
vn -0.32357600 0.03404600 0.94558900
vn -0.32357600 -0.03404600 -0.94558900
vn -0.50870300 0.56327600 -0.65110800
vn -0.50125200 0.55496300 0.66390000
vn -0.50870300 -0.56327600 0.65110800
vn -0.50125200 -0.55496300 -0.66390000
vn 0.68768900 -0.70256500 -0.18299300
vn 0.68768900 0.70256500 0.18299300
vn -0.03440200 -0.04375000 0.99845000
vn -0.03440200 0.04375000 -0.99845000
vn -0.83034300 -0.55724800 -0.00205800
vn -0.83034300 0.55724800 0.00205800
vn -0.20356800 -0.22079700 -0.95383900
vn -0.20356800 0.22079700 0.95383900
vn 0.75069400 -0.05398500 0.65844100
vn 0.75069400 0.05398500 -0.65844100
vn -0.75494600 -0.42163500 0.50227600
vn -0.75494600 0.42163500 -0.50227600
vn -0.23999000 -0.96972900 -0.04506700
vn -0.23999000 0.96972900 0.04506700
vn -0.67930900 -0.58689700 -0.44055800
vn -0.67930900 0.58689700 0.44055800
vn -0.84435100 -0.51324000 0.15380500
vn -0.84435100 0.51324000 -0.15380500
vn -0.63437300 0.01906300 -0.77279200
vn -0.63362000 0.01974900 0.77339300
vn -0.63437300 -0.01906300 0.77279200
vn -0.63362000 -0.01974900 -0.77339300
vn -0.58873800 -0.77303400 0.23623300
vn -0.58873800 0.77303400 -0.23623300
vn -0.78376600 -0.58737000 0.20176100
vn -0.78376600 0.58737000 -0.20176100
vn -0.81162300 -0.12833800 0.56991100
vn -0.81162300 0.12833800 -0.56991100
vn 0.52736000 0.33817500 0.77944100
vn 0.52736000 -0.33817500 -0.77944100
vn -0.06748200 0.03051900 0.99725400
vn -0.06748200 -0.03051900 -0.99725400
vn -0.44040500 -0.43801800 0.78369900
vn -0.44040500 0.43801800 -0.78369900
vn -0.69234200 -0.18535900 0.69735600
vn -0.69234200 0.18535900 -0.69735600
vn -0.08902800 -0.78493200 -0.61315200
vn -0.08902800 0.78493200 0.61315200
vn -0.75356500 0.63506200 0.16981100
vn -0.75317100 -0.63524000 0.17089300
vn -0.75356500 -0.63506200 -0.16981100
vn -0.75317100 0.63524000 -0.17089300
vn -0.32558800 -0.62420800 0.71018100
vn -0.32558800 0.62420800 -0.71018100
vn -0.93724000 0.19486900 0.28914800
vn -0.93724000 -0.19486900 -0.28914800
vn -0.22706800 -0.34492400 -0.91075100
vn -0.22706800 0.34492400 0.91075100
vn -0.19790200 0.04289500 0.97928300
vn -0.19790200 -0.04289500 -0.97928300
vn -0.68747800 0.62547900 -0.36898600
vn -0.68759700 0.62450300 0.37041300
vn -0.68747800 -0.62547900 0.36898600
vn -0.68759700 -0.62450300 -0.37041300
vn -0.55929300 -0.59401400 -0.57822000
vn -0.55929300 0.59401400 0.57822000
vn -0.17615300 0.11830500 0.97722800
vn -0.17615300 -0.11830500 -0.97722800
vn 0.62902100 -0.01725700 0.77719600
vn 0.62902100 0.01725700 -0.77719600
vn -0.62211100 0.15082000 0.76826500
vn -0.62211100 -0.15082000 -0.76826500
vn 0.38603400 -0.04154900 0.92154900
vn 0.38603400 0.04154900 -0.92154900
vn 0.25035300 0.06631400 0.96588100
vn 0.25035300 -0.06631400 -0.96588100
vn 0.20251100 -0.01646000 0.97914200
vn 0.20251100 0.01646000 -0.97914200
vn -0.81028300 0.23030400 -0.53889000
vn -0.81887100 0.23265000 0.52471400
vn -0.81028300 -0.23030400 0.53889000
vn -0.81887100 -0.23265000 -0.52471400
vn -0.60688800 -0.48610100 0.62880200
vn -0.60688800 0.48610100 -0.62880200
vn 0.27966000 -0.05196700 0.95869200
vn 0.27966000 0.05196700 -0.95869200
vn 0.48834800 -0.26581900 0.83117800
vn 0.48834800 0.26581900 -0.83117800
vn 0.67039200 -0.22300000 0.70770500
vn 0.67039200 0.22300000 -0.70770500
vn 0.28437100 0.13266300 0.94949100
vn 0.28437100 -0.13266300 -0.94949100
vn 0.63533700 -0.15820000 0.75585700
vn 0.63533700 0.15820000 -0.75585700
vn -0.81011100 0.03513100 -0.58522400
vn -0.81042500 0.03628300 0.58471700
vn -0.81011100 -0.03513100 0.58522400
vn -0.81042500 -0.03628300 -0.58471700
vn -0.42906700 -0.21593300 0.87708300
vn -0.42906700 0.21593300 -0.87708300
vn -0.82204400 0.49885800 -0.27456300
vn -0.82336500 0.49917700 0.26998500
vn -0.82204400 -0.49885800 0.27456300
vn -0.82336500 -0.49917700 -0.26998500
vn -0.67874500 -0.52122300 -0.51733200
vn -0.67874500 0.52122300 0.51733200
vn -0.76346000 0.35666200 -0.53844300
vn -0.76958600 0.35970900 0.52758600
vn -0.76346000 -0.35666200 0.53844300
vn -0.76958600 -0.35970900 -0.52758600
vn -0.93969000 -0.20486600 0.27388500
vn -0.93969000 0.20486600 -0.27388500
vn -0.97596100 0.15313700 0.15507900
vn -0.97596100 -0.15313700 -0.15507900
vn 0.65649300 -0.06089900 0.75187000
vn 0.65649300 0.06089900 -0.75187000
vn -0.80772300 0.12501900 0.57615400
vn -0.80772300 -0.12501900 -0.57615400
vn 0.02540900 -0.00754800 0.99964900
vn 0.02540900 0.00754800 -0.99964900
vn -0.66502200 0.07236300 0.74331000
vn -0.66502200 -0.07236300 -0.74331000
vn -0.82419100 -0.33619700 -0.45572100
vn -0.82419100 0.33619700 0.45572100
vn -0.67947400 0.42900200 -0.59520800
vn -0.68512800 0.43125600 0.58704200
vn -0.67947400 -0.42900200 0.59520800
vn -0.68512800 -0.43125600 -0.58704200
vn -0.03624400 -0.28570000 -0.95763300
vn -0.03624400 0.28570000 0.95763300
vn 0.99082700 -0.12446300 -0.05264400
vn 0.99082700 0.12446300 0.05264400
vn 0.00143200 -0.60601000 0.79545600
vn 0.00143200 0.60601000 -0.79545600
vn -0.16683100 -0.52063200 -0.83732300
vn -0.16683100 0.52063200 0.83732300
vn 0.90235800 0.05753600 0.42713000
vn 0.90235800 -0.05753600 -0.42713000
vn 0.06829000 -0.98966300 -0.12610800
vn 0.06829000 0.98966300 0.12610800
vn 0.35635200 -0.29274200 0.88730800
vn 0.35635200 0.29274200 -0.88730800
vn 0.83081100 -0.39198200 0.39509800
vn 0.83081100 0.39198200 -0.39509800
vn 0.98002100 -0.10010000 -0.17186600
vn 0.98002100 0.10010000 0.17186600
vn -0.30653700 -0.43526200 0.84651200
vn -0.30653700 0.43526200 -0.84651200
vn 0.43927000 -0.87970100 -0.18212200
vn 0.43927000 0.87970100 0.18212200
vn 0.00231300 0.00536700 0.99998300
vn 0.00231300 -0.00536700 -0.99998300
vn -0.07986400 -0.46999100 0.87905100
vn -0.07986400 0.46999100 -0.87905100
vn -0.07047400 -0.07425700 0.99474600
vn -0.07047400 0.07425700 -0.99474600
vn -0.07875600 -0.26108500 -0.96209800
vn -0.07875600 0.26108500 0.96209800
vn 0.52246100 0.10889800 0.84568000
vn 0.52246100 -0.10889800 -0.84568000
vn 0.34402400 0.21086000 0.91497800
vn 0.34402400 -0.21086000 -0.91497800
vn 0.11871600 -0.68607400 0.71778100
vn 0.11871600 0.68607400 -0.71778100
vn -0.52670400 -0.78313700 -0.33057400
vn -0.52670400 0.78313700 0.33057400
vn 0.42936000 -0.89906100 0.08567000
vn 0.42936000 0.89906100 -0.08567000
vn 0.18210600 0.14615400 0.97235600
vn 0.18210600 -0.14615400 -0.97235600
vn -0.03367200 0.10373400 -0.99403500
vn -0.02327800 0.07091200 0.99721100
vn -0.03367200 -0.10373400 0.99403500
vn -0.02327800 -0.07091200 -0.99721100
vn 0.99455500 -0.07008200 -0.07713200
vn 0.99455500 0.07008200 0.07713200
vn -0.99431600 0.07054500 0.07974900
vn -0.99431600 -0.07054500 -0.07974900
vn -0.37514000 -0.76308100 -0.52628700
vn -0.37514000 0.76308100 0.52628700
vn 0.46477700 -0.26537300 0.84472400
vn 0.46477700 0.26537300 -0.84472400
vn -0.29257300 -0.59686700 -0.74709500
vn -0.29257300 0.59686700 0.74709500
vn 0.55960200 -0.61433000 0.55627800
vn 0.55960200 0.61433000 -0.55627800
vn -0.66341300 -0.74757600 0.03183700
vn -0.66341300 0.74757600 -0.03183700
vn -0.24639600 -0.73601900 -0.63052800
vn -0.24639600 0.73601900 0.63052800
vn 0.97547800 -0.09880500 0.19667100
vn 0.97547800 0.09880500 -0.19667100
vn -0.39702300 0.20493000 0.89463800
vn -0.39702300 -0.20493000 -0.89463800
vn 0.29883100 -0.95416700 0.01630800
vn 0.29883100 0.95416700 -0.01630800
vn -0.06768100 -0.44071700 -0.89509100
vn -0.06768100 0.44071700 0.89509100
vn 0.76883900 -0.48486500 0.41688400
vn 0.76883900 0.48486500 -0.41688400
vn -0.56206900 -0.82347400 -0.07726500
vn -0.56206900 0.82347400 0.07726500
vn -0.15055100 -0.70823100 -0.68974200
vn -0.15055100 0.70823100 0.68974200
vn 0.22124500 -0.75611800 0.61590300
vn 0.22124500 0.75611800 -0.61590300
vn 0.74090000 -0.67130800 -0.02032600
vn 0.74090000 0.67130800 0.02032600
vn 0.19354500 -0.72976300 -0.65573400
vn 0.19354500 0.72976300 0.65573400
vn 0.62544300 -0.77676900 -0.07383000
vn 0.62544300 0.77676900 0.07383000
vn -0.23174900 -0.24858400 0.94047800
vn -0.23174900 0.24858400 -0.94047800
vn 0.07331200 -0.36690200 0.92736600
vn 0.07331200 0.36690200 -0.92736600
vn 0.89178500 -0.22255700 0.39393900
vn 0.89178500 0.22255700 -0.39393900
vn 0.30926600 -0.93030500 0.19719900
vn 0.30926600 0.93030500 -0.19719900
vn 0.97312400 0.07357000 0.21821300
vn 0.97312400 -0.07357000 -0.21821300
vn 0.12470100 0.17255400 0.97707400
vn 0.12470100 -0.17255400 -0.97707400
vn -0.10590800 -0.14423200 -0.98386000
vn -0.10590800 0.14423200 0.98386000
vn -0.04142600 -0.27327500 0.96104300
vn -0.04142600 0.27327500 -0.96104300
vn -0.01230600 -0.00704600 0.99989900
vn -0.01230600 0.00704600 -0.99989900
vn 0.95744500 -0.21303600 -0.19471900
vn 0.95744500 0.21303600 0.19471900
vn 0.49204100 -0.20623700 0.84579100
vn 0.49204100 0.20623700 -0.84579100
vn 0.45939600 -0.33971700 -0.82070000
vn 0.45939600 0.33971700 0.82070000
vn 0.70750800 -0.28108400 -0.64840100
vn 0.69649500 -0.27085100 0.66448100
vn 0.70750800 0.28108400 0.64840100
vn 0.69649500 0.27085100 -0.66448100
vn 0.48930500 0.16579600 0.85620800
vn 0.48930500 -0.16579600 -0.85620800
vn 0.18770000 -0.98221200 -0.00530200
vn 0.18770000 0.98221200 0.00530200
vn -0.98661900 -0.05544400 0.15332700
vn -0.98661900 0.05544400 -0.15332700
vn 0.17571800 -0.93870900 -0.29656200
vn 0.17571800 0.93870900 0.29656200
vn -0.21096600 -0.95199700 -0.22180200
vn -0.21096600 0.95199700 0.22180200
vn -0.19214300 -0.26326600 0.94539500
vn -0.19214300 0.26326600 -0.94539500
vn -0.07224400 0.04193000 0.99650500
vn -0.07224400 -0.04193000 -0.99650500
vn 0.80622000 -0.59049100 0.03647500
vn 0.80622000 0.59049100 -0.03647500
vn -0.32878800 -0.93539500 -0.13013500
vn -0.32878800 0.93539500 0.13013500
vn -0.08938600 -0.94355900 0.31891600
vn -0.08938600 0.94355900 -0.31891600
vn 0.10998300 -0.90307000 -0.41517300
vn 0.10998300 0.90307000 0.41517300
vn 0.66354400 0.28693600 0.69092500
vn 0.66354400 -0.28693600 -0.69092500
vn 0.77920400 -0.34077000 0.52603800
vn 0.77920400 0.34077000 -0.52603800
vn -0.13041800 -0.23517200 -0.96316400
vn -0.13041800 0.23517200 0.96316400
vn 0.02283200 -0.69998200 0.71379500
vn 0.02283200 0.69998200 -0.71379500
vn 0.28472600 -0.31214600 0.90636400
vn 0.28472600 0.31214600 -0.90636400
vn -0.00478800 0.05326600 0.99856900
vn -0.00478800 -0.05326600 -0.99856900
vn 0.34270300 0.32014000 0.88321300
vn 0.34270300 -0.32014000 -0.88321300
vn -0.12543200 -0.28130700 0.95138500
vn -0.12543200 0.28130700 -0.95138500
vn 0.75600100 0.16395200 0.63370500
vn 0.75600100 -0.16395200 -0.63370500
vn -0.60060000 -0.27440700 0.75098600
vn -0.60060000 0.27440700 -0.75098600
vn 0.31838000 0.35127500 0.88047700
vn 0.31838000 -0.35127500 -0.88047700
vn 0.75931700 -0.27367100 -0.59037400
vn 0.65622000 -0.22743800 0.71947700
vn 0.75931700 0.27367100 0.59037400
vn 0.65622000 0.22743800 -0.71947700
vn 0.85460900 0.42494200 0.29844300
vn 0.85666700 -0.42789100 0.28815200
vn 0.85460900 -0.42494200 -0.29844300
vn 0.85666700 0.42789100 -0.28815200
vn 0.39661100 -0.44592300 0.80240400
vn 0.39661100 0.44592300 -0.80240400
vn 0.46913900 -0.43002800 0.77135300
vn 0.46913900 0.43002800 -0.77135300
vn 0.43653700 -0.43183700 0.78927300
vn 0.43653700 0.43183700 -0.78927300
vn -0.93403100 -0.33774200 -0.11626000
vn -0.93403100 0.33774200 0.11626000
vn 0.33074800 0.27812500 0.90180500
vn 0.33074800 -0.27812500 -0.90180500
vn 0.65766900 -0.35050800 0.66679600
vn 0.65766900 0.35050800 -0.66679600
vn 0.01214900 -0.13524000 0.99073800
vn 0.01214900 0.13524000 -0.99073800
vn 0.00833300 -0.73365900 -0.67946600
vn 0.00833300 0.73365900 0.67946600
vn 0.43178100 0.45175300 0.78069400
vn 0.43178100 -0.45175300 -0.78069400
vn 0.00747800 -0.06437700 0.99789800
vn 0.00747800 0.06437700 -0.99789800
vn -0.01153600 0.12162400 -0.99250900
vn -0.01153600 -0.12162400 0.99250900
vn 0.20243600 -0.58842000 -0.78280300
vn 0.20243600 0.58842000 0.78280300
vn 0.95887300 0.10964000 0.26180500
vn 0.95887300 -0.10964000 -0.26180500
vn 0.38885900 -0.46594700 0.79478400
vn 0.38885900 0.46594700 -0.79478400
vn 0.80576700 -0.21974000 0.54995700
vn 0.80576700 0.21974000 -0.54995700
vn -0.08714500 -0.99432600 0.06101200
vn -0.08714500 0.99432600 -0.06101200
vn 0.62584000 -0.76044300 0.17335000
vn 0.62584000 0.76044300 -0.17335000
vn -0.15424500 -0.36792600 -0.91697300
vn -0.15424500 0.36792600 0.91697300
vn 0.50840300 -0.55091100 0.66183300
vn 0.50840300 0.55091100 -0.66183300
vn 0.61526700 0.34192900 0.71030400
vn 0.61526700 -0.34192900 -0.71030400
vn 0.75545700 0.47843200 0.44764700
vn 0.75545700 -0.47843200 -0.44764700
vn -0.02464500 0.17862900 0.98360800
vn -0.02464500 -0.17862900 -0.98360800
vn 0.23723700 0.31206400 0.91996400
vn 0.23723700 -0.31206400 -0.91996400
vn 0.38492900 0.49900600 0.77641600
vn 0.38492900 -0.49900600 -0.77641600
vn 0.87340300 -0.47189600 -0.12034100
vn 0.87340300 0.47189600 0.12034100
vn 0.50127800 -0.57335000 0.64806600
vn 0.50127800 0.57335000 -0.64806600
vn 0.68123200 0.39840900 0.61416000
vn 0.68123200 -0.39840900 -0.61416000
vn 0.26140300 0.36436700 0.89381500
vn 0.26140300 -0.36436700 -0.89381500
vn 0.97365800 0.16321400 0.15922000
vn 0.94658000 -0.17283400 0.27224000
vn 0.97365800 -0.16321400 -0.15922000
vn 0.94658000 0.17283400 -0.27224000
vn 0.37095400 -0.52000100 0.76941100
vn 0.37095400 0.52000100 -0.76941100
vn 0.28654800 -0.25296700 0.92406600
vn 0.28654800 0.25296700 -0.92406600
vn -0.87231900 0.15643000 0.46323800
vn -0.87231900 -0.15643000 -0.46323800
vn 0.05140200 0.15727900 0.98621600
vn 0.05140200 -0.15727900 -0.98621600
vn 0.49418400 0.41024100 0.76647600
vn 0.52042300 -0.41937200 0.74383200
vn 0.49418400 -0.41024100 -0.76647600
vn 0.52042300 0.41937200 -0.74383200
vn 0.30053800 -0.44068900 0.84585400
vn 0.30053800 0.44068900 -0.84585400
vn 0.83551200 -0.05696100 -0.54651200
vn 0.83551200 0.05696100 0.54651200
vn 0.72012300 0.47916600 0.50182000
vn 0.68545000 -0.45336600 0.56975300
vn 0.72012300 -0.47916600 -0.50182000
vn 0.68545000 0.45336600 -0.56975300
vn -0.71124000 -0.63337900 0.30490800
vn -0.71124000 0.63337900 -0.30490800
vn 0.67646200 -0.42024600 0.60480700
vn 0.67646200 0.42024600 -0.60480700
vn 0.02836600 -0.97827900 -0.20534100
vn 0.02836600 0.97827900 0.20534100
vn 0.52157300 -0.15823800 0.83840400
vn 0.52157300 0.15823800 -0.83840400
vn 0.92920700 0.22380200 0.29408600
vn 0.95359600 -0.21522200 0.21055800
vn 0.92920700 -0.22380200 -0.29408600
vn 0.95359600 0.21522200 -0.21055800
vn 0.11943300 0.27149000 0.95500200
vn 0.11943300 -0.27149000 -0.95500200
vn 0.14630500 -0.26654600 0.95265300
vn 0.14630500 0.26654600 -0.95265300
vn 0.79570100 0.03525000 0.60466300
vn 0.79570100 -0.03525000 -0.60466300
vn 0.37751300 -0.55556000 0.74083500
vn 0.37751300 0.55556000 -0.74083500
vn 0.28194400 -0.81999700 -0.49810900
vn 0.28194400 0.81999700 0.49810900
vn -0.16507900 -0.65007200 0.74172400
vn -0.16507900 0.65007200 -0.74172400
vn 0.94708600 0.24684100 0.20517600
vn 0.95082200 -0.24250500 0.19268800
vn 0.94708600 -0.24684100 -0.20517600
vn 0.95082200 0.24250500 -0.19268800
vn 0.49229600 0.62093600 0.60998600
vn 0.44596300 -0.56385400 0.69511600
vn 0.49229600 -0.62093600 -0.60998600
vn 0.44596300 0.56385400 -0.69511600
vn 0.58779600 -0.76575900 -0.26097800
vn 0.58779600 0.76575900 0.26097800
vn 0.27868700 0.43356300 0.85694600
vn 0.30830400 -0.48534700 0.81816100
vn 0.27868700 -0.43356300 -0.85694600
vn 0.30830400 0.48534700 -0.81816100
vn 0.05052200 0.18407200 -0.98161400
vn 0.05052200 -0.18407200 0.98161400
vn 0.01528300 -0.14211700 -0.98973200
vn 0.01528300 0.14211700 0.98973200
vn 0.09679800 0.31456100 0.94428900
vn 0.09679800 -0.31456100 -0.94428900
vn 0.54652200 -0.49114900 0.67829600
vn 0.54652200 0.49114900 -0.67829600
vn 0.15822800 0.30940900 0.93767300
vn 0.15822800 -0.30940900 -0.93767300
vn 0.10658600 0.45201400 -0.88562000
vn 0.11407000 0.48302000 0.86814700
vn 0.10658600 -0.45201400 0.88562000
vn 0.11407000 -0.48302000 -0.86814700
vn 0.95419600 0.26768900 0.13361100
vn 0.94840900 -0.26877400 0.16816700
vn 0.95419600 -0.26768900 -0.13361100
vn 0.94840900 0.26877400 -0.16816700
vn 0.30843500 0.50097100 0.80863800
vn 0.29364000 -0.48867100 0.82157000
vn 0.30843500 -0.50097100 -0.80863800
vn 0.29364000 0.48867100 -0.82157000
vn 0.63542600 0.47842800 0.60608600
vn 0.63571300 -0.48430400 0.60109700
vn 0.63542600 -0.47842800 -0.60608600
vn 0.63571300 0.48430400 -0.60109700
vn -0.03224900 -0.05731700 0.99783500
vn -0.03224900 0.05731700 -0.99783500
vn 0.55144900 0.32925500 0.76648300
vn 0.55144900 -0.32925500 -0.76648300
vn -0.42766100 -0.69340700 0.57990700
vn -0.42766100 0.69340700 -0.57990700
vn 0.94869200 0.28481100 0.13735800
vn 0.94663900 -0.29081200 0.13893700
vn 0.94869200 -0.28481100 -0.13735800
vn 0.94663900 0.29081200 -0.13893700
vn -0.00409500 -0.14049000 -0.99007400
vn -0.00409500 0.14049000 0.99007400
vn 0.60960600 0.51438500 0.60314900
vn 0.60960600 -0.51438500 -0.60314900
vn -0.00003200 -0.00025400 -1.00000000
vn -0.00003200 0.00025400 1.00000000
vn -0.02445200 -0.15570100 -0.98750100
vn -0.02445200 0.15570100 0.98750100
vn 0.08685400 -0.31496100 -0.94512200
vn 0.08685400 0.31496100 0.94512200
vn -0.19920900 -0.42200900 0.88443400
vn -0.19920900 0.42200900 -0.88443400
vn 0.05296900 0.22162300 -0.97369300
vn 0.05296900 -0.22162300 0.97369300
vn 0.29839200 0.60571700 0.73761100
vn 0.30333700 -0.62659200 0.71789200
vn 0.29839200 -0.60571700 -0.73761100
vn 0.30333700 0.62659200 -0.71789200
vn -0.01166200 -0.12877900 0.99160500
vn -0.01166200 0.12877900 -0.99160500
vn 0.62819000 -0.51611400 0.58224000
vn 0.62819000 0.51611400 -0.58224000
vn -0.05269500 -0.12072400 -0.99128600
vn -0.05269500 0.12072400 0.99128600
vn 0.69527300 0.62517000 0.35462300
vn 0.69749500 -0.61644400 0.36537400
vn 0.69527300 -0.62517000 -0.35462300
vn 0.69749500 0.61644400 -0.36537400
vn 0.09998100 -0.26538700 0.95894400
vn 0.09998100 0.26538700 -0.95894400
vn 0.77032200 0.40317000 0.49402300
vn 0.77032200 -0.40317000 -0.49402300
vn -0.38609400 0.13182100 0.91299200
vn -0.38609400 -0.13182100 -0.91299200
vn 0.00040500 -0.05931500 -0.99823900
vn 0.00040500 0.05931500 0.99823900
vn 0.46606500 -0.49593900 0.73268600
vn 0.46606500 0.49593900 -0.73268600
vn -0.40751200 -0.85447500 0.32218900
vn -0.40751200 0.85447500 -0.32218900
vn 0.19139100 -0.41069900 0.89145700
vn 0.19139100 0.41069900 -0.89145700
vn 0.06077700 0.30530500 -0.95031300
vn 0.06077700 -0.30530500 0.95031300
vn 0.38130000 0.75893600 0.52785100
vn 0.38253000 -0.76933900 0.51165200
vn 0.38130000 -0.75893600 -0.52785100
vn 0.38253000 0.76933900 -0.51165200
vn -0.18513700 -0.00795100 0.98268000
vn -0.18513700 0.00795100 -0.98268000
vn 0.02519300 0.15676000 -0.98731500
vn 0.02519300 -0.15676000 0.98731500
vn 0.23060200 -0.43748800 -0.86915300
vn 0.23060200 0.43748800 0.86915300
vn 0.09819900 0.31829200 -0.94289300
vn 0.09819900 -0.31829200 0.94289300
vn 0.90826400 -0.36818800 0.19873200
vn 0.90826400 0.36818800 -0.19873200
vn -0.18186000 -0.89445900 0.40849800
vn -0.18186000 0.89445900 -0.40849800
vn 0.60999400 -0.48617200 0.62573500
vn 0.60999400 0.48617200 -0.62573500
vn 0.15109300 -0.37068500 -0.91638600
vn 0.15109300 0.37068500 0.91638600
vn -0.01574000 0.09123800 -0.99570500
vn -0.01574000 -0.09123800 0.99570500
vn -0.66473200 -0.39046700 0.63691900
vn -0.66473200 0.39046700 -0.63691900
vn -0.30118200 -0.87269400 -0.38431100
vn -0.30118200 0.87269400 0.38431100
vn -0.08807700 0.17752200 -0.98016700
vn -0.07832200 0.16021600 0.98397000
vn -0.08807700 -0.17752200 0.98016700
vn -0.07832200 -0.16021600 -0.98397000
vn -0.49514500 -0.16382600 0.85322500
vn -0.49514500 0.16382600 -0.85322500
vn 0.22985100 0.44990100 0.86299400
vn 0.22985100 -0.44990100 -0.86299400
vn 0.29867500 -0.47617500 -0.82707400
vn 0.29867500 0.47617500 0.82707400
vn -0.02555100 -0.02094700 0.99945400
vn -0.02555100 0.02094700 -0.99945400
vn 0.26056700 0.27084800 0.92668600
vn 0.26056700 -0.27084800 -0.92668600
vn 0.11876000 0.42263800 -0.89848400
vn 0.12729500 0.43951700 0.88916900
vn 0.11876000 -0.42263800 0.89848400
vn 0.12729500 -0.43951700 -0.88916900
vn 0.52445300 -0.35423000 0.77425500
vn 0.52445300 0.35423000 -0.77425500
vn 0.06472600 -0.16118600 -0.98479900
vn 0.06472600 0.16118600 0.98479900
vn -0.26071900 -0.47849200 0.83849300
vn -0.26071900 0.47849200 -0.83849300
vn -0.38615300 -0.08996800 0.91803700
vn -0.38615300 0.08996800 -0.91803700
vn 0.05520900 0.37051900 -0.92718300
vn 0.05174100 0.34152700 0.93844700
vn 0.05520900 -0.37051900 0.92718300
vn 0.05174100 -0.34152700 -0.93844700
vn 0.00595700 0.10697900 -0.99424300
vn 0.00595700 -0.10697900 0.99424300
vn 0.86249800 -0.30903000 0.40074600
vn 0.86249800 0.30903000 -0.40074600
vn 0.88754700 -0.15061700 0.43540200
vn 0.88754700 0.15061700 -0.43540200
vn -0.01208200 0.05878500 0.99819800
vn -0.01208200 -0.05878500 -0.99819800
vn -0.00824900 0.03464000 -0.99936600
vn -0.00824900 -0.03464000 0.99936600
vn 0.03029800 0.22458300 -0.97398400
vn 0.03029800 -0.22458300 0.97398400
vn 0.42097200 -0.41939800 0.80429300
vn 0.42097200 0.41939800 -0.80429300
vn -0.40166400 -0.54294700 0.73747900
vn -0.40166400 0.54294700 -0.73747900
vn -0.31647200 -0.04852900 0.94736000
vn -0.31647200 0.04852900 -0.94736000
vn 0.97251200 -0.16583200 0.16346300
vn 0.97251200 0.16583200 -0.16346300
vn -0.06846500 0.08968400 -0.99361400
vn -0.01217100 0.01565500 0.99980300
vn -0.06846500 -0.08968400 0.99361400
vn -0.01217100 -0.01565500 -0.99980300
vn 0.52021900 0.62789100 0.57890000
vn 0.50056800 -0.60000000 0.62404500
vn 0.52021900 -0.62789100 -0.57890000
vn 0.50056800 0.60000000 -0.62404500
vn -0.31910000 -0.39109100 -0.86326300
vn -0.31910000 0.39109100 0.86326300
vn 0.90945700 0.26466000 0.32069000
vn 0.90945700 -0.26466000 -0.32069000
vn 0.10999500 -0.06293000 0.99193800
vn 0.10999500 0.06293000 -0.99193800
vn 0.00705100 0.40220600 -0.91552200
vn 0.00746200 0.37873000 0.92547700
vn 0.00705100 -0.40220600 0.91552200
vn 0.00746200 -0.37873000 -0.92547700
vn 0.23544100 -0.41245900 0.88002600
vn 0.23544100 0.41245900 -0.88002600
vn 0.46514900 -0.39712300 -0.79115700
vn 0.46514900 0.39712300 0.79115700
vn 0.01889000 0.22698400 0.97371500
vn 0.01889000 -0.22698400 -0.97371500
vn 0.80115900 -0.53374800 -0.27066100
vn 0.80115900 0.53374800 0.27066100
vn 0.36858300 -0.52487800 0.76723500
vn 0.36858300 0.52487800 -0.76723500
vn -0.15190400 -0.43337900 0.88831700
vn -0.15190400 0.43337900 -0.88831700
vn 0.50042600 0.58122200 0.64168100
vn 0.59066800 -0.65091900 0.47688200
vn 0.50042600 -0.58122200 -0.64168100
vn 0.59066800 0.65091900 -0.47688200
vn 0.53011600 -0.38220300 0.75690000
vn 0.53011600 0.38220300 -0.75690000
vn 0.12332700 -0.27366100 -0.95388700
vn 0.12332700 0.27366100 0.95388700
vn 0.66154200 -0.32164900 0.67742400
vn 0.66154200 0.32164900 -0.67742400
vn -0.01554500 0.23150600 -0.97270900
vn -0.01554500 -0.23150600 0.97270900
vn 0.23384700 -0.35943300 -0.90339600
vn 0.27276300 -0.41399000 0.86845400
vn 0.23384700 0.35943300 0.90339600
vn 0.27276300 0.41399000 -0.86845400
vn -0.88711700 -0.43738600 -0.14736800
vn -0.88711700 0.43738600 0.14736800
vn 0.17573100 -0.30801300 -0.93501200
vn 0.11461500 -0.19625200 0.97383200
vn 0.17573100 0.30801300 0.93501200
vn 0.11461500 0.19625200 -0.97383200
vn 0.20175500 -0.47116900 0.85865900
vn 0.20175500 0.47116900 -0.85865900
vn 0.02984100 0.26697200 0.96324200
vn 0.02984100 -0.26697200 -0.96324200
vn -0.05807700 -0.61135100 -0.78922500
vn -0.05807700 0.61135100 0.78922500
vn -0.01984200 -0.76756200 0.64066800
vn -0.01984200 0.76756200 -0.64066800
vn 0.23282300 -0.47057600 -0.85108800
vn 0.23282300 0.47057600 0.85108800
vn 0.33069100 -0.77384400 0.54019400
vn 0.33069100 0.77384400 -0.54019400
vn 0.00305200 0.09064300 0.99587900
vn 0.00305200 -0.09064300 -0.99587900
vn 0.28390100 -0.38279900 -0.87912700
vn 0.28390100 0.38279900 0.87912700
vn 0.93446500 -0.23586400 0.26672700
vn 0.93446500 0.23586400 -0.26672700
vn 0.82264100 -0.38664900 -0.41685000
vn 0.82264100 0.38664900 0.41685000
vn -0.10761200 -0.59098900 -0.79946900
vn -0.10761200 0.59098900 0.79946900
vn 0.15310800 -0.30844100 0.93884100
vn 0.15310800 0.30844100 -0.93884100
vn 0.17674400 0.54676900 0.81841600
vn 0.17400100 -0.50959600 0.84263600
vn 0.17674400 -0.54676900 -0.81841600
vn 0.17400100 0.50959600 -0.84263600
vn 0.93818400 -0.03971200 -0.34385200
vn 0.93270800 -0.03171100 0.35923500
vn 0.93818400 0.03971200 0.34385200
vn 0.93270800 0.03171100 -0.35923500
vn -0.73411200 -0.52942100 0.42519800
vn -0.73411200 0.52942100 -0.42519800
vn 0.08050700 -0.22028400 -0.97210800
vn 0.00723200 -0.01992100 0.99977500
vn 0.08050700 0.22028400 0.97210800
vn 0.00723200 0.01992100 -0.99977500
vn 0.24472400 0.59975600 0.76184200
vn 0.23999300 -0.58219300 0.77682400
vn 0.24472400 -0.59975600 -0.76184200
vn 0.23999300 0.58219300 -0.77682400
vn 0.07391900 -0.05500100 0.99574600
vn 0.07391900 0.05500100 -0.99574600
vn -0.68268400 0.12532000 0.71988700
vn -0.68268400 -0.12532000 -0.71988700
vn 0.33997400 -0.24274100 -0.90856700
vn 0.35604800 -0.25088900 0.90015800
vn 0.33997400 0.24274100 0.90856700
vn 0.35604800 0.25088900 -0.90015800
vn 0.22842100 -0.16531600 -0.95942400
vn 0.19304500 -0.13791300 0.97144900
vn 0.22842100 0.16531600 0.95942400
vn 0.19304500 0.13791300 -0.97144900
vn 0.56884900 0.69892400 0.43349300
vn 0.55661800 -0.68461900 0.47060900
vn 0.56884900 -0.69892400 -0.43349300
vn 0.55661800 0.68461900 -0.47060900
vn 0.84805800 -0.21778700 -0.48307900
vn 0.84805800 0.21778700 0.48307900
vn 0.17228800 0.60756000 0.77536300
vn 0.17020600 -0.60658300 0.77658600
vn 0.17228800 -0.60756000 -0.77536300
vn 0.17020600 0.60658300 -0.77658600
vn 0.04004200 -0.02587900 -0.99886300
vn 0.01505700 -0.00954500 0.99984100
vn 0.04004200 0.02587900 0.99886300
vn 0.01505700 0.00954500 -0.99984100
vn 0.01874600 -0.06184600 0.99791000
vn 0.01874600 0.06184600 -0.99791000
vn 0.11179300 -0.80191300 0.58688900
vn 0.11179300 0.80191300 -0.58688900
vn 0.11481900 -0.17994300 -0.97695300
vn 0.15630400 -0.25032600 0.95546100
vn 0.11481900 0.17994300 0.97695300
vn 0.15630400 0.25032600 -0.95546100
vn 0.37321300 -0.45881000 0.80635300
vn 0.37321300 0.45881000 -0.80635300
vn -0.01097700 -0.03026500 -0.99948200
vn -0.01097700 0.03026500 0.99948200
vn 0.49273300 0.67487600 0.54932400
vn 0.50900100 -0.70365900 0.49576400
vn 0.49273300 -0.67487600 -0.54932400
vn 0.50900100 0.70365900 -0.49576400
vn -0.87178800 0.26253800 0.41359200
vn -0.87178800 -0.26253800 -0.41359200
vn 0.02128900 0.35442400 -0.93484200
vn 0.02210700 0.36876200 0.92926100
vn 0.02128900 -0.35442400 0.93484200
vn 0.02210700 -0.36876200 -0.92926100
vn 0.42514000 0.70584900 0.56659800
vn 0.42265900 -0.70115600 0.57423000
vn 0.42514000 -0.70584900 -0.56659800
vn 0.42265900 0.70115600 -0.57423000
vn 0.03502300 -0.05214200 -0.99802500
vn 0.09729800 -0.14725200 0.98430200
vn 0.03502300 0.05214200 0.99802500
vn 0.09729800 0.14725200 -0.98430200
vn 0.89644300 -0.31444500 -0.31227300
vn 0.89644300 0.31444500 0.31227300
vn 0.82099800 -0.19572200 0.53633500
vn 0.82099800 0.19572200 -0.53633500
vn 0.06515900 0.47540300 0.87735200
vn 0.06515900 -0.47540300 -0.87735200
vn -0.02998300 0.05486100 0.99804400
vn -0.02998300 -0.05486100 -0.99804400
vn -0.21698000 -0.37934100 -0.89945600
vn -0.21698000 0.37934100 0.89945600
vn 0.15576000 0.62054600 0.76854500
vn 0.15576000 -0.62054600 -0.76854500
vn 0.16067400 0.10225400 0.98169600
vn 0.16067400 -0.10225400 -0.98169600
vn 0.01243300 0.31528000 -0.94891700
vn 0.01471600 0.35117200 0.93619500
vn 0.01243300 -0.31528000 0.94891700
vn 0.01471600 -0.35117200 -0.93619500
vn 0.18677700 -0.12883400 -0.97391800
vn 0.17182000 -0.11621000 0.97825000
vn 0.18677700 0.12883400 0.97391800
vn 0.17182000 0.11621000 -0.97825000
vn 0.87769100 -0.27855900 -0.38995300
vn 0.79747500 -0.24825700 0.54991100
vn 0.87769100 0.27855900 0.38995300
vn 0.79747500 0.24825700 -0.54991100
vn 0.24590800 -0.32098200 0.91460400
vn 0.24590800 0.32098200 -0.91460400
vn 0.20737600 -0.79855700 0.56506800
vn 0.20737600 0.79855700 -0.56506800
vn 0.10144100 -0.79246200 -0.60142600
vn 0.10144100 0.79246200 0.60142600
vn 0.15942400 -0.20634800 -0.96540400
vn 0.15942400 0.20634800 0.96540400
vn 0.25666100 0.75051500 0.60897700
vn 0.25289100 -0.72432900 0.64140000
vn 0.25666100 -0.75051500 -0.60897700
vn 0.25289100 0.72432900 -0.64140000
vn 0.04688100 0.44189900 -0.89583900
vn 0.04889800 0.44770300 0.89284400
vn 0.04688100 -0.44189900 0.89583900
vn 0.04889800 -0.44770300 -0.89284400
vn 0.75468400 0.56266500 0.33743200
vn 0.75258100 -0.56542700 0.33751200
vn 0.75468400 -0.56266500 -0.33743200
vn 0.75258100 0.56542700 -0.33751200
vn 0.79866500 0.56479200 0.20771100
vn 0.79521600 -0.56574400 0.21809600
vn 0.79866500 -0.56479200 -0.20771100
vn 0.79521600 0.56574400 -0.21809600
vn 0.63874400 0.60549600 0.47474300
vn 0.63131600 -0.58264100 0.51183000
vn 0.63874400 -0.60549600 -0.47474300
vn 0.63131600 0.58264100 -0.51183000
vn 0.40995700 0.70904400 0.57375300
vn 0.40617000 -0.70363300 0.58303300
vn 0.40995700 -0.70904400 -0.57375300
vn 0.40617000 0.70363300 -0.58303300
vn -0.02633000 0.03721800 -0.99896000
vn 0.04952200 -0.07016700 0.99630500
vn -0.02633000 -0.03721800 0.99896000
vn 0.04952200 0.07016700 -0.99630500
vn -0.50787000 -0.82178700 0.25833100
vn -0.50787000 0.82178700 -0.25833100
vn 0.14007600 0.17477200 0.97459400
vn 0.14007600 -0.17477200 -0.97459400
vn 0.81846700 -0.13593200 -0.55824200
vn 0.81846700 0.13593200 0.55824200
vn 0.36816700 0.69497400 0.61762800
vn 0.36474600 -0.69725300 0.61708900
vn 0.36816700 -0.69497400 -0.61762800
vn 0.36474600 0.69725300 -0.61708900
vn 0.80605800 -0.24284900 0.53971700
vn 0.80605800 0.24284900 -0.53971700
vn 0.97819100 -0.06066100 0.19865100
vn 0.97819100 0.06066100 -0.19865100
vn -0.52845100 -0.39677300 -0.75054000
vn -0.52845100 0.39677300 0.75054000
vn 0.47666900 0.75158100 0.45597500
vn 0.47510000 -0.74797400 0.46348100
vn 0.47666900 -0.75158100 -0.45597500
vn 0.47510000 0.74797400 -0.46348100
vn -0.09226500 0.12579100 -0.98775700
vn -0.03836700 0.05207600 0.99790600
vn -0.09226500 -0.12579100 0.98775700
vn -0.03836700 -0.05207600 -0.99790600
vn 0.53535800 -0.84377800 -0.03781300
vn 0.53535800 0.84377800 0.03781300
vn 0.27968800 0.95038600 0.13616800
vn 0.28038000 -0.94928200 0.14230200
vn 0.27968800 -0.95038600 -0.13616800
vn 0.28038000 0.94928200 -0.14230200
vn -0.64538600 -0.39406100 -0.65436400
vn -0.64538600 0.39406100 0.65436400
vn 0.25891200 -0.71086400 -0.65394000
vn 0.25891200 0.71086400 0.65394000
vn 0.26672200 -0.67030400 0.69249700
vn 0.26672200 0.67030400 -0.69249700
vn -0.24140800 -0.53774100 -0.80781000
vn -0.24140800 0.53774100 0.80781000
vn 0.01825400 0.02662400 0.99947900
vn 0.01825400 -0.02662400 -0.99947900
vn -0.01757800 -0.06271000 -0.99787700
vn -0.01757800 0.06271000 0.99787700
vn 0.96145900 -0.08465800 0.26158900
vn 0.96145900 0.08465800 -0.26158900
vn 0.92355200 -0.38154200 -0.03843200
vn 0.92355200 0.38154200 0.03843200
vn 0.00866700 0.04403100 0.99899300
vn 0.00866700 -0.04403100 -0.99899300
vn 0.25932100 -0.28059400 -0.92413200
vn 0.10992700 -0.12012900 0.98665400
vn 0.25932100 0.28059400 0.92413200
vn 0.10992700 0.12012900 -0.98665400
vn 0.11004700 -0.13510400 -0.98470100
vn 0.12816200 -0.15995500 0.97876900
vn 0.11004700 0.13510400 0.98470100
vn 0.12816200 0.15995500 -0.97876900
vn 0.26915500 0.62295400 0.73449600
vn 0.26099200 -0.60620900 0.75126100
vn 0.26915500 -0.62295400 -0.73449600
vn 0.26099200 0.60620900 -0.75126100
vn 0.87022600 -0.37562900 -0.31876400
vn 0.87022600 0.37562900 0.31876400
vn 0.45110400 -0.63164200 0.63050300
vn 0.45110400 0.63164200 -0.63050300
vn 0.39295500 -0.29482400 0.87101400
vn 0.39295500 0.29482400 -0.87101400
vn 0.16506500 -0.66562300 0.72780500
vn 0.16506500 0.66562300 -0.72780500
vn 0.57010700 -0.67104700 -0.47399800
vn 0.57010700 0.67104700 0.47399800
vn 0.35594900 -0.69750600 0.62192100
vn 0.35594900 0.69750600 -0.62192100
vn -0.00162500 -0.00577700 0.99998200
vn -0.00162500 0.00577700 -0.99998200
vn 0.07305400 -0.69897100 0.71140800
vn 0.07305400 0.69897100 -0.71140800
vn 0.66401000 -0.14683600 0.73316400
vn 0.66401000 0.14683600 -0.73316400
vn 0.25497500 0.65338200 0.71279700
vn 0.24134100 -0.61721400 0.74886600
vn 0.25497500 -0.65338200 -0.71279700
vn 0.24134100 0.61721400 -0.74886600
vn -0.03401300 0.08074300 0.99615400
vn -0.03401300 -0.08074300 -0.99615400
vn -0.64393200 -0.69023900 0.33003400
vn -0.64393200 0.69023900 -0.33003400
vn -0.03442800 0.38089800 -0.92397600
vn -0.03788100 0.41872200 0.90732400
vn -0.03442800 -0.38089800 0.92397600
vn -0.03788100 -0.41872200 -0.90732400
vn 0.01064600 0.55918600 -0.82897400
vn 0.01064600 -0.55918600 0.82897400
vn 0.36454500 0.79279800 0.48844400
vn 0.37108600 -0.81423200 0.44645400
vn 0.36454500 -0.79279800 -0.48844400
vn 0.37108600 0.81423200 -0.44645400
vn -0.62575800 -0.32497400 -0.70909700
vn -0.62575800 0.32497400 0.70909700
vn -0.97526100 -0.22048200 -0.01595700
vn -0.97526100 0.22048200 0.01595700
vn 0.49353500 -0.32330500 -0.80740100
vn 0.49353500 0.32330500 0.80740100
vn 0.29309200 0.76911500 0.56794200
vn 0.28159400 -0.73838200 0.61277800
vn 0.29309200 -0.76911500 -0.56794200
vn 0.28159400 0.73838200 -0.61277800
vn 0.16852000 -0.75946700 0.62833900
vn 0.16852000 0.75946700 -0.62833900
vn -0.03490600 0.05568300 -0.99783800
vn -0.03490600 -0.05568300 0.99783800
vn 0.78821700 -0.14049700 0.59914500
vn 0.78821700 0.14049700 -0.59914500
vn 0.70335400 0.65474900 0.27676300
vn 0.70130900 -0.64476200 0.30405200
vn 0.70335400 -0.65474900 -0.27676300
vn 0.70130900 0.64476200 -0.30405200
vn 0.55361200 -0.23013900 0.80034300
vn 0.55361200 0.23013900 -0.80034300
vn 0.29996400 0.65438900 0.69411600
vn 0.30494300 -0.68186300 0.66488500
vn 0.29996400 -0.65438900 -0.69411600
vn 0.30494300 0.68186300 -0.66488500
vn 0.12861800 -0.13159800 -0.98292400
vn 0.12861800 0.13159800 0.98292400
vn 0.83384100 -0.42642900 -0.35052400
vn 0.83384100 0.42642900 0.35052400
vn 0.54251700 -0.09276000 0.83490800
vn 0.54251700 0.09276000 -0.83490800
vn 0.84239100 -0.53158800 -0.08827600
vn 0.84239100 0.53158800 0.08827600
vn 0.58607800 -0.17945300 -0.79013200
vn 0.57698000 -0.17566900 0.79764300
vn 0.58607800 0.17945300 0.79013200
vn 0.57698000 0.17566900 -0.79764300
vn 0.28443200 -0.46544500 0.83812900
vn 0.28443200 0.46544500 -0.83812900
vn 0.01416400 -0.01800300 -0.99973800
vn 0.01416400 0.01800300 0.99973800
vn -0.01896400 0.05331700 -0.99839800
vn -0.01896400 -0.05331700 0.99839800
vn -0.14620000 0.08240300 -0.98581700
vn -0.17920000 0.10047000 0.97866900
vn -0.14620000 -0.08240300 0.98581700
vn -0.17920000 -0.10047000 -0.97866900
vn 0.41708800 0.87781800 0.23552900
vn 0.41775400 -0.88232900 0.21674300
vn 0.41708800 -0.87781800 -0.23552900
vn 0.41775400 0.88232900 -0.21674300
vn 0.30998800 -0.57576300 0.75657400
vn 0.30998800 0.57576300 -0.75657400
vn 0.13011600 0.80132600 0.58390700
vn 0.12807500 -0.78078800 0.61152800
vn 0.13011600 -0.80132600 -0.58390700
vn 0.12807500 0.78078800 -0.61152800
vn 0.76244800 -0.32835400 -0.55754600
vn 0.72687900 -0.31603500 0.60972800
vn 0.76244800 0.32835400 0.55754600
vn 0.72687900 0.31603500 -0.60972800
vn 0.66833400 0.21240400 0.71289200
vn 0.66833400 -0.21240400 -0.71289200
vn -0.05068000 0.33049200 -0.94244700
vn -0.06080700 0.37705800 0.92419100
vn -0.05068000 -0.33049200 0.94244700
vn -0.06080700 -0.37705800 -0.92419100
vn 0.45584500 0.08100000 0.88636600
vn 0.45584500 -0.08100000 -0.88636600
vn 0.33112700 0.74907400 0.57379700
vn 0.34521400 -0.78742400 0.51067600
vn 0.33112700 -0.74907400 -0.57379700
vn 0.34521400 0.78742400 -0.51067600
vn 0.52522900 0.79730700 0.29738200
vn 0.52528100 -0.79688800 0.29841100
vn 0.52522900 -0.79730700 -0.29738200
vn 0.52528100 0.79688800 -0.29841100
vn -0.94181900 0.08643600 0.32481600
vn -0.94181900 -0.08643600 -0.32481600
vn 0.00012500 -0.00024100 1.00000000
vn 0.00012500 0.00024100 -1.00000000
vn 0.13311200 -0.92621500 0.35271500
vn 0.13311200 0.92621500 -0.35271500
vn 0.13116700 -0.03348000 -0.99079500
vn 0.12201900 -0.03134500 0.99203300
vn 0.13116700 0.03348000 0.99079500
vn 0.12201900 0.03134500 -0.99203300
vn -0.45863700 -0.70553400 -0.54025300
vn -0.45863700 0.70553400 0.54025300
vn -0.98743600 -0.15622100 -0.02376200
vn -0.98743600 0.15622100 0.02376200
vn 0.37184100 -0.21821800 0.90228300
vn 0.37184100 0.21821800 -0.90228300
vn 0.40042100 -0.91058800 0.10243100
vn 0.40042100 0.91058800 -0.10243100
vn -0.14081800 -0.12184000 0.98251000
vn -0.14081800 0.12184000 -0.98251000
vn -0.11599500 0.20317400 -0.97224800
vn -0.08977200 0.16067300 0.98291700
vn -0.11599500 -0.20317400 0.97224800
vn -0.08977200 -0.16067300 -0.98291700
vn -0.00605900 -0.61163200 -0.79111900
vn -0.00605900 0.61163200 0.79111900
vn 0.78277300 0.22891000 0.57867700
vn 0.78277300 -0.22891000 -0.57867700
vn -0.14146900 0.41461300 -0.89893400
vn -0.15419300 0.44816300 0.88055300
vn -0.14146900 -0.41461300 0.89893400
vn -0.15419300 -0.44816300 -0.88055300
vn -0.17677100 -0.28839300 0.94105300
vn -0.17677100 0.28839300 -0.94105300
vn 0.70604900 -0.18843400 0.68263300
vn 0.70604900 0.18843400 -0.68263300
vn -0.01256500 0.89765600 0.44051800
vn -0.01669500 -0.90680700 0.42121500
vn -0.01256500 -0.89765600 -0.44051800
vn -0.01669500 0.90680700 -0.42121500
vn 0.44044300 0.88785000 0.13316100
vn 0.44012900 -0.88898400 0.12646900
vn 0.44044300 -0.88785000 -0.13316100
vn 0.44012900 0.88898400 -0.12646900
vn -0.54343400 -0.48176100 -0.68744900
vn -0.54343400 0.48176100 0.68744900
vn -0.01431800 0.32729900 -0.94481200
vn -0.00917100 0.22331300 0.97470400
vn -0.01431800 -0.32729900 0.94481200
vn -0.00917100 -0.22331300 -0.97470400
vn 0.00819800 0.01169900 -0.99989800
vn 0.00819800 -0.01169900 0.99989800
vn 0.21865600 -0.70085700 0.67896200
vn 0.21865600 0.70085700 -0.67896200
vn 0.84404900 -0.27497700 0.46040100
vn 0.84404900 0.27497700 -0.46040100
vn 0.41948300 -0.47603100 0.77293500
vn 0.41948300 0.47603100 -0.77293500
vn 0.14189800 0.77001100 0.62205100
vn 0.14189800 -0.77001100 -0.62205100
vn 0.39922100 -0.20220900 0.89427900
vn 0.39922100 0.20220900 -0.89427900
vn 0.46034800 -0.72495200 -0.51237100
vn 0.46034800 0.72495200 0.51237100
vn -0.00357400 -0.10741100 0.99420800
vn -0.00357400 0.10741100 -0.99420800
vn -0.01575300 0.01804000 -0.99971300
vn 0.03594300 -0.04170200 0.99848300
vn -0.01575300 -0.01804000 0.99971300
vn 0.03594300 0.04170200 -0.99848300
vn 0.05341300 0.03824700 0.99784000
vn 0.05341300 -0.03824700 -0.99784000
vn -0.06685100 0.56823400 -0.82014700
vn -0.06685100 -0.56823400 0.82014700
vn 0.40716100 -0.45209900 -0.79361600
vn 0.40716100 0.45209900 0.79361600
vn 0.09593400 -0.55478500 -0.82644400
vn 0.09593400 0.55478500 0.82644400
vn 0.12639100 -0.18330600 0.97489700
vn 0.12639100 0.18330600 -0.97489700
vn 0.49579400 0.84693400 0.19207000
vn 0.49530400 -0.84698100 0.19312300
vn 0.49579400 -0.84693400 -0.19207000
vn 0.49530400 0.84698100 -0.19312300
vn 0.40343700 0.89933400 0.16863500
vn 0.40488200 -0.90269100 0.14567000
vn 0.40343700 -0.89933400 -0.16863500
vn 0.40488200 0.90269100 -0.14567000
vn 0.06401400 0.64723700 0.75959600
vn 0.06401400 -0.64723700 -0.75959600
vn -0.06573500 0.73006500 -0.68020900
vn -0.07306300 0.73093900 0.67852000
vn -0.06573500 -0.73006500 0.68020900
vn -0.07306300 -0.73093900 -0.67852000
vn 0.47776200 -0.73765700 0.47708100
vn 0.47776200 0.73765700 -0.47708100
vn 0.11878800 0.87174100 0.47535000
vn 0.11878800 -0.87174100 -0.47535000
vn 0.14435000 -0.74731800 0.64859800
vn 0.14435000 0.74731800 -0.64859800
vn 0.05261700 0.13734500 -0.98912500
vn 0.05261700 -0.13734500 0.98912500
vn -0.32592500 -0.36598200 0.87168200
vn -0.32592500 0.36598200 -0.87168200
vn 0.21295900 -0.97294800 0.08955900
vn 0.21295900 0.97294800 -0.08955900
vn 0.30706300 -0.52599700 -0.79312000
vn 0.30706300 0.52599700 0.79312000
vn 0.75832200 -0.24691300 -0.60330800
vn 0.75832200 0.24691300 0.60330800
vn -0.08842900 0.43663600 -0.89528200
vn -0.08885600 0.42277100 0.90187000
vn -0.08842900 -0.43663600 0.89528200
vn -0.08885600 -0.42277100 -0.90187000
vn 0.18700800 -0.15489400 0.97007000
vn 0.18700800 0.15489400 -0.97007000
vn 0.09233500 0.88437300 0.45755700
vn 0.09233500 -0.88437300 -0.45755700
vn -0.03945000 0.75074100 -0.65941700
vn -0.04447400 0.73199800 0.67985400
vn -0.03945000 -0.75074100 0.65941700
vn -0.04447400 -0.73199800 -0.67985400
vn 0.39111400 0.81809700 0.42160000
vn 0.39391800 -0.83041700 0.39400100
vn 0.39111400 -0.81809700 -0.42160000
vn 0.39391800 0.83041700 -0.39400100
vn 0.31190800 0.87279100 0.37543200
vn 0.31190800 -0.87279100 -0.37543200
vn 0.61510300 -0.64476600 -0.45379000
vn 0.61510300 0.64476600 0.45379000
vn 0.09132500 0.04096200 0.99497800
vn 0.09132500 -0.04096200 -0.99497800
vn 0.07042100 -0.67889300 -0.73085300
vn 0.07042100 0.67889300 0.73085300
vn 0.92965300 -0.26089600 -0.26015100
vn 0.92965300 0.26089600 0.26015100
vn 0.88075000 -0.44565900 0.16021000
vn 0.88075000 0.44565900 -0.16021000
vn 0.52733200 -0.70254900 0.47785500
vn 0.52733200 0.70254900 -0.47785500
vn 0.07244200 0.78414100 0.61634000
vn 0.07244200 -0.78414100 -0.61634000
vn 0.37470000 0.89893900 0.22695300
vn 0.38191600 -0.90727200 0.17606400
vn 0.37470000 -0.89893900 -0.22695300
vn 0.38191600 0.90727200 -0.17606400
vn 0.19084700 -0.20216100 0.96057700
vn 0.19084700 0.20216100 -0.96057700
vn -0.48063900 0.63205900 -0.60785500
vn -0.47276600 0.62237400 0.62381200
vn -0.48063900 -0.63205900 0.60785500
vn -0.47276600 -0.62237400 -0.62381200
vn 0.97236200 -0.21136600 0.09918400
vn 0.97236200 0.21136600 -0.09918400
vn -0.11754100 -0.95009400 -0.28897400
vn -0.11754100 0.95009400 0.28897400
vn 0.24846400 0.84115300 0.48034100
vn 0.24960700 -0.82882900 0.50073800
vn 0.24846400 -0.84115300 -0.48034100
vn 0.24960700 0.82882900 -0.50073800
vn -0.96136100 0.17207900 0.21488200
vn -0.96136100 -0.17207900 -0.21488200
vn 0.72974500 -0.09837100 -0.67660500
vn 0.72818200 -0.11249800 0.67608800
vn 0.72974500 0.09837100 0.67660500
vn 0.72818200 0.11249800 -0.67608800
vn -0.32677100 0.84654000 0.42022800
vn -0.30756000 -0.80910100 0.50076200
vn -0.32677100 -0.84654000 -0.42022800
vn -0.30756000 0.80910100 -0.50076200
vn 0.50073900 -0.18939700 -0.84462400
vn 0.50073900 0.18939700 0.84462400
vn 0.34657200 -0.31525300 -0.88346100
vn 0.34657200 0.31525300 0.88346100
vn 0.18921500 -0.47613700 0.85877300
vn 0.18921500 0.47613700 -0.85877300
vn 0.10295400 -0.99211900 -0.07141100
vn 0.10295400 0.99211900 0.07141100
vn -0.13141500 0.16521800 -0.97746300
vn -0.13105500 0.16433400 0.97766000
vn -0.13141500 -0.16521800 0.97746300
vn -0.13105500 -0.16433400 -0.97766000
vn 0.27508300 0.91320500 0.30064300
vn 0.27665100 -0.90930400 0.31085400
vn 0.27508300 -0.91320500 -0.30064300
vn 0.27665100 0.90930400 -0.31085400
vn 0.75990600 0.18560900 0.62297100
vn 0.75990600 -0.18560900 -0.62297100
vn 0.34269700 -0.84962400 0.40087200
vn 0.34269700 0.84962400 -0.40087200
vn -0.04252400 -0.23099500 0.97202500
vn -0.04252400 0.23099500 -0.97202500
vn 0.64953700 -0.41469300 -0.63728400
vn 0.64953700 0.41469300 0.63728400
vn 0.34925800 0.17298800 0.92092000
vn 0.34925800 -0.17298800 -0.92092000
vn 0.86401100 -0.16207500 0.47667300
vn 0.86401100 0.16207500 -0.47667300
vn 0.06328400 0.86756100 0.49328700
vn 0.06135800 -0.84638400 0.52902700
vn 0.06328400 -0.86756100 -0.49328700
vn 0.06135800 0.84638400 -0.52902700
vn 0.42615100 -0.16219200 0.88999400
vn 0.42615100 0.16219200 -0.88999400
vn 0.02850900 0.73705500 0.67523200
vn 0.01652700 -0.66627900 0.74551900
vn 0.02850900 -0.73705500 -0.67523200
vn 0.01652700 0.66627900 -0.74551900
vn 0.86375300 0.14007000 0.48405800
vn 0.86375300 -0.14007000 -0.48405800
vn 0.22055100 -0.27522500 0.93573900
vn 0.22055100 0.27522500 -0.93573900
vn -0.26114800 0.44480100 -0.85671100
vn -0.24810700 0.42704400 0.86952700
vn -0.26114800 -0.44480100 0.85671100
vn -0.24810700 -0.42704400 -0.86952700
vn 0.38886800 -0.10630700 -0.91514000
vn 0.37277300 -0.10216400 0.92228100
vn 0.38886800 0.10630700 0.91514000
vn 0.37277300 0.10216400 -0.92228100
vn 0.67899100 -0.57425800 0.45738300
vn 0.67899100 0.57425800 -0.45738300
vn 0.40085500 -0.89453900 -0.19777600
vn 0.40085500 0.89453900 0.19777600
vn 0.66007000 -0.64796900 0.38005700
vn 0.66007000 0.64796900 -0.38005700
vn -0.20590400 0.02705300 -0.97819800
vn -0.19464400 0.02634300 0.98052000
vn -0.20590400 -0.02705300 0.97819800
vn -0.19464400 -0.02634300 -0.98052000
vn 0.02234100 0.81729800 0.57578200
vn 0.01936300 -0.78189400 0.62311000
vn 0.02234100 -0.81729800 -0.57578200
vn 0.01936300 0.78189400 -0.62311000
vn 0.36283200 -0.16757100 -0.91666400
vn 0.36283200 0.16757100 0.91666400
vn 0.62511200 -0.52064600 -0.58151700
vn 0.62511200 0.52064600 0.58151700
vn -0.46717500 -0.55211600 -0.69059100
vn -0.46717500 0.55211600 0.69059100
vn -0.01377700 0.67606600 -0.73671200
vn -0.00765400 0.66500200 0.74680200
vn -0.01377700 -0.67606600 0.73671200
vn -0.00765400 -0.66500200 -0.74680200
vn 0.34691300 -0.67946100 -0.64651700
vn 0.34691300 0.67946100 0.64651700
vn -0.10471800 0.25021700 -0.96251000
vn -0.12539700 0.30383600 0.94443600
vn -0.10471800 -0.25021700 0.96251000
vn -0.12539700 -0.30383600 -0.94443600
vn 0.03737600 0.87060000 0.49056900
vn 0.03487000 -0.87074600 0.49049500
vn 0.03737600 -0.87060000 -0.49056900
vn 0.03487000 0.87074600 -0.49049500
vn -0.60476600 -0.59103200 0.53379600
vn -0.60476600 0.59103200 -0.53379600
vn 0.13970400 0.97828800 0.15308400
vn 0.13943200 -0.97721300 0.16003900
vn 0.13970400 -0.97828800 -0.15308400
vn 0.13943200 0.97721300 -0.16003900
vn 0.03926900 -0.86952000 0.49233400
vn 0.03926900 0.86952000 -0.49233400
vn -0.08918300 0.19589700 -0.97656100
vn -0.10233700 0.22866300 0.96811200
vn -0.08918300 -0.19589700 0.97656100
vn -0.10233700 -0.22866300 -0.96811200
vn -0.15846200 0.05854800 0.98562800
vn -0.15846200 -0.05854800 -0.98562800
vn -0.16989200 0.35623600 -0.91882100
vn -0.17426300 0.37016500 0.91247500
vn -0.16989200 -0.35623600 0.91882100
vn -0.17426300 -0.37016500 -0.91247500
vn -0.17993900 -0.97041200 0.16100400
vn -0.17993900 0.97041200 -0.16100400
vn 0.34994200 0.91703200 0.19129400
vn 0.34994200 -0.91703200 -0.19129400
vn -0.58116400 -0.69847500 -0.41759000
vn -0.58116400 0.69847500 0.41759000
vn -0.10872000 0.00451800 0.99406200
vn -0.10872000 -0.00451800 -0.99406200
vn 0.31359600 -0.89684900 0.31195900
vn 0.31359600 0.89684900 -0.31195900
vn 0.05639600 0.95722300 0.28380400
vn 0.05513800 -0.95437600 0.29347300
vn 0.05639600 -0.95722300 -0.28380400
vn 0.05513800 0.95437600 -0.29347300
vn -0.11149700 0.12323000 -0.98609500
vn -0.07769000 0.08613000 0.99325000
vn -0.11149700 -0.12323000 0.98609500
vn -0.07769000 -0.08613000 -0.99325000
vn -0.14690100 -0.82519400 -0.54541300
vn -0.14690100 0.82519400 0.54541300
vn 0.79535600 -0.41456000 0.44220900
vn 0.79535600 0.41456000 -0.44220900
vn -0.15894100 0.09964400 0.98224700
vn -0.15894100 -0.09964400 -0.98224700
vn -0.05260200 0.24303400 -0.96859000
vn -0.05503600 0.24845000 0.96708000
vn -0.05260200 -0.24303400 0.96859000
vn -0.05503600 -0.24845000 -0.96708000
vn -0.68580100 0.19323400 0.70166800
vn -0.68580100 -0.19323400 -0.70166800
vn 0.61228000 0.06720600 0.78777900
vn 0.61228000 -0.06720600 -0.78777900
vn -0.47600200 -0.48653100 -0.73260500
vn -0.47600200 0.48653100 0.73260500
vn -0.46529300 -0.86820600 -0.17239600
vn -0.46529300 0.86820600 0.17239600
vn 0.42382800 -0.80559400 -0.41399100
vn 0.42382800 0.80559400 0.41399100
vn 0.30515500 0.92169700 0.23948800
vn 0.30588700 -0.92343800 0.23172100
vn 0.30515500 -0.92169700 -0.23948800
vn 0.30588700 0.92343800 -0.23172100
vn -0.20481600 0.62473800 -0.75349400
vn -0.22517400 0.67258800 0.70492700
vn -0.20481600 -0.62473800 0.75349400
vn -0.22517400 -0.67258800 -0.70492700
vn 0.04813300 -0.44531700 -0.89407900
vn 0.04813300 0.44531700 0.89407900
vn -0.15621900 0.18325900 -0.97057300
vn -0.13606800 0.16033300 0.97763900
vn -0.15621900 -0.18325900 0.97057300
vn -0.13606800 -0.16033300 -0.97763900
vn -0.42165600 -0.90645100 0.02349600
vn -0.42165600 0.90645100 -0.02349600
vn -0.39774900 -0.88885300 -0.22745700
vn -0.39774900 0.88885300 0.22745700
vn -0.17976800 0.16418300 0.96991100
vn -0.17976800 -0.16418300 -0.96991100
vn 0.51348000 -0.12104100 0.84952200
vn 0.51348000 0.12104100 -0.84952200
vn 0.10117800 -0.02930200 -0.99443700
vn 0.09287800 -0.02697000 0.99531200
vn 0.10117800 0.02930200 0.99443700
vn 0.09287800 0.02697000 -0.99531200
vn -0.96463500 -0.02929200 0.26195700
vn -0.96463500 0.02929200 -0.26195700
vn 0.37361500 -0.30196200 -0.87705800
vn 0.37361500 0.30196200 0.87705800
vn 0.77829800 0.46191700 0.42530500
vn 0.78390200 -0.45902900 0.41807900
vn 0.77829800 -0.46191700 -0.42530500
vn 0.78390200 0.45902900 -0.41807900
vn -0.06302300 0.24576700 -0.96727800
vn -0.05544500 0.21986100 0.97395400
vn -0.06302300 -0.24576700 0.96727800
vn -0.05544500 -0.21986100 -0.97395400
vn 0.10390600 -0.53524100 0.83828400
vn 0.10390600 0.53524100 -0.83828400
vn -0.28157800 -0.83839800 0.46669400
vn -0.28157800 0.83839800 -0.46669400
vn 0.00684700 -0.00542200 0.99996200
vn 0.00684700 0.00542200 -0.99996200
vn 0.00461800 0.97319900 0.22991700
vn 0.00268900 -0.97354100 0.22849800
vn 0.00461800 -0.97319900 -0.22991700
vn 0.00268900 0.97354100 -0.22849800
vn 0.27467600 -0.91593400 -0.29260400
vn 0.27467600 0.91593400 0.29260400
vn 0.73339200 -0.09843000 0.67264300
vn 0.73339200 0.09843000 -0.67264300
vn 0.19164200 0.18697800 0.96349000
vn 0.19164200 -0.18697800 -0.96349000
vn 0.18010000 -0.09014600 -0.97950900
vn 0.13156300 -0.06438100 0.98921500
vn 0.18010000 0.09014600 0.97950900
vn 0.13156300 0.06438100 -0.98921500
vn 0.60491200 0.76719500 0.21329500
vn 0.60207300 -0.76559700 0.22664800
vn 0.60491200 -0.76719500 -0.21329500
vn 0.60207300 0.76559700 -0.22664800
vn -0.35644500 0.58740100 -0.72657200
vn -0.34603400 0.57410400 0.74206800
vn -0.35644500 -0.58740100 0.72657200
vn -0.34603400 -0.57410400 -0.74206800
vn -0.09709500 0.41590000 -0.90421200
vn -0.09963100 0.42422800 0.90005800
vn -0.09709500 -0.41590000 0.90421200
vn -0.09963100 -0.42422800 -0.90005800
vn 0.76825600 -0.54501200 0.33577500
vn 0.76825600 0.54501200 -0.33577500
vn -0.36059100 0.81523100 0.45318000
vn -0.35601700 -0.80709600 0.47100700
vn -0.36059100 -0.81523100 -0.45318000
vn -0.35601700 0.80709600 -0.47100700
vn -0.58222900 -0.81138900 0.05155700
vn -0.58222900 0.81138900 -0.05155700
vn 0.20993600 0.95186100 0.22335300
vn 0.21004400 -0.95011500 0.23057000
vn 0.20993600 -0.95186100 -0.22335300
vn 0.21004400 0.95011500 -0.23057000
vn 0.01985500 0.04001400 -0.99900200
vn 0.01985500 -0.04001400 0.99900200
vn -0.25813200 0.33665400 -0.90555600
vn -0.23988000 0.31265500 0.91907800
vn -0.25813200 -0.33665400 0.90555600
vn -0.23988000 -0.31265500 -0.91907800
vn 0.40683700 -0.08086500 -0.90991500
vn 0.40683700 0.08086500 0.90991500
vn -0.02706700 0.97123400 0.23658400
vn -0.02815700 -0.97354300 0.22676100
vn -0.02706700 -0.97123400 -0.23658400
vn -0.02815700 0.97354300 -0.22676100
vn -0.23165400 0.20956000 -0.94995900
vn -0.15824500 0.14140100 0.97722300
vn -0.23165400 -0.20956000 0.94995900
vn -0.15824500 -0.14140100 -0.97722300
vn -0.07395200 -0.62172300 0.77973800
vn -0.07395200 0.62172300 -0.77973800
vn -0.26483300 0.47715600 -0.83796500
vn -0.25832200 0.47063500 0.84366600
vn -0.26483300 -0.47715600 0.83796500
vn -0.25832200 -0.47063500 -0.84366600
vn 0.92601500 -0.34836900 -0.14537700
vn 0.92601500 0.34836900 0.14537700
vn -0.10824800 -0.03896700 0.99336000
vn -0.10824800 0.03896700 -0.99336000
vn -0.23006600 0.25831900 -0.93826500
vn -0.20852500 0.23458800 0.94946600
vn -0.23006600 -0.25831900 0.93826500
vn -0.20852500 -0.23458800 -0.94946600
vn 0.31359500 -0.16416000 0.93525900
vn 0.31359500 0.16416000 -0.93525900
vn -0.22203300 -0.90403900 -0.36526000
vn -0.22203300 0.90403900 0.36526000
vn 0.30798800 -0.87762200 0.36732000
vn 0.30798800 0.87762200 -0.36732000
vn 0.04392600 0.10479300 -0.99352400
vn 0.04392600 -0.10479300 0.99352400
vn -0.21116000 0.57160200 -0.79289500
vn -0.21319400 0.57605800 0.78911700
vn -0.21116000 -0.57160200 0.79289500
vn -0.21319400 -0.57605800 -0.78911700
vn 0.45139900 0.30687100 0.83789500
vn 0.45139900 -0.30687100 -0.83789500
vn 0.30419200 -0.13541300 0.94293700
vn 0.30419200 0.13541300 -0.94293700
vn -0.24159000 -0.92618400 0.28951200
vn -0.24159000 0.92618400 -0.28951200
vn -0.36454700 -0.73822900 0.56755900
vn -0.36454700 0.73822900 -0.56755900
vn 0.00713100 0.62580300 -0.77994800
vn 0.00713100 -0.62580300 0.77994800
vn 0.34693200 0.15118100 0.92562500
vn 0.34693200 -0.15118100 -0.92562500
vn -0.41670900 0.11176100 0.90214400
vn -0.41670900 -0.11176100 -0.90214400
vn -0.02981100 0.25100500 -0.96752700
vn -0.02981100 -0.25100500 0.96752700
vn -0.42107700 -0.80628300 -0.41545300
vn -0.42107700 0.80628300 0.41545300
vn 0.44415800 -0.66446000 -0.60101300
vn 0.44415800 0.66446000 0.60101300
vn -0.05715000 0.96260900 0.26479900
vn -0.05715800 -0.96447900 0.25790200
vn -0.05715000 -0.96260900 -0.26479900
vn -0.05715800 0.96447900 -0.25790200
vn -0.04256500 -0.90619600 -0.42071000
vn -0.04256500 0.90619600 0.42071000
vn 0.24125300 0.95447500 0.17542800
vn 0.24097400 -0.95149900 0.19125900
vn 0.24125300 -0.95447500 -0.17542800
vn 0.24097400 0.95149900 -0.19125900
vn -0.20594300 0.20525300 -0.95679600
vn -0.18731000 0.18607000 0.96451700
vn -0.20594300 -0.20525300 0.95679600
vn -0.18731000 -0.18607000 -0.96451700
vn 0.02241700 -0.00732100 -0.99972200
vn 0.02043500 -0.00668900 0.99976900
vn 0.02241700 0.00732100 0.99972200
vn 0.02043500 0.00668900 -0.99976900
vn 0.36255900 -0.08624900 -0.92796100
vn 0.34236800 -0.08253700 0.93593400
vn 0.36255900 0.08624900 0.92796100
vn 0.34236800 0.08253700 -0.93593400
vn -0.40226200 -0.65567300 -0.63896600
vn -0.40226200 0.65567300 0.63896600
vn -0.32177200 0.35801500 -0.87652000
vn -0.30516600 0.33978900 0.88961600
vn -0.32177200 -0.35801500 0.87652000
vn -0.30516600 -0.33978900 -0.88961600
vn -0.25305000 0.20103400 0.94633600
vn -0.25305000 -0.20103400 -0.94633600
vn -0.77161200 -0.45926700 -0.44010000
vn -0.77161200 0.45926700 0.44010000
vn 0.15754200 0.96226100 0.22188800
vn 0.15744900 -0.96039400 0.22990000
vn 0.15754200 -0.96226100 -0.22188800
vn 0.15744900 0.96039400 -0.22990000
vn 0.44085600 -0.26535500 0.85745700
vn 0.44085600 0.26535500 -0.85745700
vn 0.51964300 -0.56174700 -0.64374800
vn 0.51964300 0.56174700 0.64374800
vn 0.77950300 -0.59602500 -0.19269000
vn 0.77950300 0.59602500 0.19269000
vn 0.07827100 -0.06157300 -0.99502900
vn 0.07827100 0.06157300 0.99502900
vn -0.07688600 0.05352100 -0.99560200
vn -0.08764400 0.05991700 0.99434800
vn -0.07688600 -0.05352100 0.99560200
vn -0.08764400 -0.05991700 -0.99434800
vn 0.19449100 -0.07183800 0.97827000
vn 0.19449100 0.07183800 -0.97827000
vn 0.09076900 -0.98138000 0.16927900
vn 0.09076900 0.98138000 -0.16927900
vn 0.70100600 0.12662900 0.70182300
vn 0.70100600 -0.12662900 -0.70182300
vn -0.12898300 0.48003900 -0.86771300
vn -0.11580900 0.43538200 0.89276600
vn -0.12898300 -0.48003900 0.86771300
vn -0.11580900 -0.43538200 -0.89276600
vn -0.88408000 -0.33896400 -0.32172300
vn -0.88408000 0.33896400 0.32172300
vn -0.27732300 0.34015400 -0.89854700
vn -0.26406100 0.32413800 0.90840900
vn -0.27732300 -0.34015400 0.89854700
vn -0.26406100 -0.32413800 -0.90840900
vn -0.30126900 -0.72780900 0.61606000
vn -0.30126900 0.72780900 -0.61606000
vn 0.78590500 -0.46641700 0.40596600
vn 0.78590500 0.46641700 -0.40596600
vn 0.55414100 0.79743000 0.23881800
vn 0.55453100 -0.79822200 0.23523900
vn 0.55414100 -0.79743000 -0.23881800
vn 0.55453100 0.79822200 -0.23523900
vn -0.07559600 0.88940600 0.45082400
vn -0.07564500 -0.88631500 0.45686300
vn -0.07559600 -0.88940600 -0.45082400
vn -0.07564500 0.88631500 -0.45686300
vn -0.29789100 0.43677100 -0.84881800
vn -0.27496400 0.40485400 0.87206000
vn -0.29789100 -0.43677100 0.84881800
vn -0.27496400 -0.40485400 -0.87206000
vn 0.63768400 -0.29853700 -0.71009500
vn 0.63768400 0.29853700 0.71009500
vn -0.94385900 -0.22898500 -0.23810700
vn -0.94385900 0.22898500 0.23810700
vn -0.06586400 -0.07465700 -0.99503200
vn -0.06586400 0.07465700 0.99503200
vn 0.50295900 -0.61848600 -0.60374400
vn 0.50295900 0.61848600 0.60374400
vn -0.26857100 0.62068700 -0.73662600
vn -0.27874100 0.64817500 0.70864200
vn -0.26857100 -0.62068700 0.73662600
vn -0.27874100 -0.64817500 -0.70864200
vn 0.79515700 0.58871700 0.14538800
vn 0.79330900 -0.59037700 0.14871200
vn 0.79515700 -0.58871700 -0.14538800
vn 0.79330900 0.59037700 -0.14871200
vn -0.41080100 0.46717900 -0.78293500
vn -0.39905900 0.45407900 0.79659500
vn -0.41080100 -0.46717900 0.78293500
vn -0.39905900 -0.45407900 -0.79659500
vn -0.09675100 0.73867900 0.66707800
vn -0.09976600 -0.73565400 0.66997000
vn -0.09675100 -0.73867900 -0.66707800
vn -0.09976600 0.73565400 -0.66997000
vn -0.19066200 0.65475900 -0.73139500
vn -0.20922500 0.70289400 0.67982700
vn -0.19066200 -0.65475900 0.73139500
vn -0.20922500 -0.70289400 -0.67982700
vn -0.04965700 0.02375000 -0.99848400
vn -0.12319600 0.05980200 0.99057900
vn -0.04965700 -0.02375000 0.99848400
vn -0.12319600 -0.05980200 -0.99057900
vn -0.28688400 -0.77233600 -0.56674000
vn -0.28688400 0.77233600 0.56674000
vn -0.00437300 -0.00123500 0.99999000
vn -0.00437300 0.00123500 -0.99999000
vn -0.55503400 -0.61507500 0.56001800
vn -0.55503400 0.61507500 -0.56001800
vn 0.36145800 -0.24580200 0.89940500
vn 0.36145800 0.24580200 -0.89940500
vn 0.33263700 -0.76475600 -0.55181700
vn 0.33263700 0.76475600 0.55181700
vn -0.12326100 -0.66038100 0.74074600
vn -0.12326100 0.66038100 -0.74074600
vn 0.30730500 -0.09655000 -0.94670100
vn 0.29744300 -0.09343700 0.95015600
vn 0.30730500 0.09655000 0.94670100
vn 0.29744300 0.09343700 -0.95015600
vn 0.14670400 0.90277300 0.40432600
vn 0.14593200 -0.89508000 0.42135000
vn 0.14670400 -0.90277300 -0.40432600
vn 0.14593200 0.89508000 -0.42135000
vn -0.01803300 -0.00122100 0.99983700
vn -0.01803300 0.00122100 -0.99983700
vn -0.40212300 0.43416100 -0.80610200
vn -0.38908200 0.41992100 0.81992800
vn -0.40212300 -0.43416100 0.80610200
vn -0.38908200 -0.41992100 -0.81992800
vn -0.14924300 0.87810700 0.45459200
vn -0.14643000 -0.88426800 0.44342700
vn -0.14924300 -0.87810700 -0.45459200
vn -0.14643000 0.88426800 -0.44342700
vn -0.40034900 0.48021700 -0.78045600
vn -0.38911600 0.46713000 0.79396400
vn -0.40034900 -0.48021700 0.78045600
vn -0.38911600 -0.46713000 -0.79396400
vn -0.18947800 -0.84385200 0.50200800
vn -0.18947800 0.84385200 -0.50200800
vn -0.31122100 -0.32133500 -0.89436300
vn -0.31122100 0.32133500 0.89436300
vn -0.40927500 -0.57188300 -0.71094600
vn -0.40927500 0.57188300 0.71094600
vn 0.13694600 0.94371900 0.30106600
vn 0.13589300 -0.93883000 0.31643500
vn 0.13694600 -0.94371900 -0.30106600
vn 0.13589300 0.93883000 -0.31643500
vn -0.26002300 -0.42327600 -0.86788600
vn -0.26002300 0.42327600 0.86788600
vn 0.05901500 -0.01349100 0.99816600
vn 0.05901500 0.01349100 -0.99816600
vn 0.58497800 -0.72337000 -0.36679100
vn 0.58497800 0.72337000 0.36679100
vn -0.00127100 -0.35475600 -0.93495800
vn -0.00127100 0.35475600 0.93495800
vn -0.24333400 -0.55037300 0.79867200
vn -0.24333400 0.55037300 -0.79867200
vn -0.30325500 0.35211700 -0.88546600
vn -0.28744600 0.33427900 0.89757100
vn -0.30325500 -0.35211700 0.88546600
vn -0.28744600 -0.33427900 -0.89757100
vn -0.09505300 0.01049100 0.99541700
vn -0.09505300 -0.01049100 -0.99541700
vn 0.05700900 -0.04054200 0.99755000
vn 0.05700900 0.04054200 -0.99755000
vn 0.66080300 -0.42921400 0.61572300
vn 0.66080300 0.42921400 -0.61572300
vn -0.50334300 0.27930300 0.81770100
vn -0.50334300 -0.27930300 -0.81770100
vn -0.53438000 0.25598300 0.80555000
vn -0.53438000 -0.25598300 -0.80555000
vn 0.13406200 -0.52099100 -0.84296900
vn 0.13406200 0.52099100 0.84296900
vn 0.14919300 -0.09041500 0.98466600
vn 0.14919300 0.09041500 -0.98466600
vn -0.46236500 -0.50875500 0.72621400
vn -0.46236500 0.50875500 -0.72621400
vn 0.73335400 0.65896900 0.16718700
vn 0.73456300 -0.65491400 0.17749800
vn 0.73335400 -0.65896900 -0.16718700
vn 0.73456300 0.65491400 -0.17749800
vn -0.26176600 -0.84739700 -0.46195000
vn -0.26176600 0.84739700 0.46195000
vn 0.15645600 -0.11021800 0.98151600
vn 0.15645600 0.11021800 -0.98151600
vn -0.14358200 0.07441200 -0.98683700
vn -0.17783000 0.09215500 0.97973700
vn -0.14358200 -0.07441200 0.98683700
vn -0.17783000 -0.09215500 -0.97973700
vn 0.05807200 0.12588200 -0.99034400
vn 0.05807200 -0.12588200 0.99034400
vn -0.69824300 -0.68017200 -0.22321000
vn -0.69824300 0.68017200 0.22321000
vn -0.38430400 0.70051400 -0.60132400
vn -0.38124000 0.69905900 0.60495600
vn -0.38430400 -0.70051400 0.60132400
vn -0.38124000 -0.69905900 -0.60495600
vn -0.68642800 -0.64553100 0.33482200
vn -0.68642800 0.64553100 -0.33482200
vn 0.15579800 -0.98170800 -0.10943300
vn 0.15579800 0.98170800 0.10943300
vn -0.45100700 0.32707800 -0.83042900
vn -0.45456300 0.32826800 0.82801700
vn -0.45100700 -0.32707800 0.83042900
vn -0.45456300 -0.32826800 -0.82801700
vn 0.87915500 -0.06936100 0.47146200
vn 0.87915500 0.06936100 -0.47146200
vn -0.30352100 0.24193900 -0.92159700
vn -0.36059000 0.28716700 0.88741800
vn -0.30352100 -0.24193900 0.92159700
vn -0.36059000 -0.28716700 -0.88741800
vn 0.38430000 -0.61106200 0.69203800
vn 0.38430000 0.61106200 -0.69203800
vn -0.35945700 -0.33686100 -0.87023800
vn -0.35945700 0.33686100 0.87023800
vn -0.72536000 -0.35078500 0.59228600
vn -0.72536000 0.35078500 -0.59228600
vn 0.21398200 -0.01288300 -0.97675300
vn 0.22800800 -0.01471700 0.97354800
vn 0.21398200 0.01288300 0.97675300
vn 0.22800800 0.01471700 -0.97354800
vn 0.00637200 -0.00323200 -0.99997400
vn -0.03454100 0.01745500 0.99925100
vn 0.00637200 0.00323200 0.99997400
vn -0.03454100 -0.01745500 -0.99925100
vn -0.21773100 -0.79795200 0.56202000
vn -0.21773100 0.79795200 -0.56202000
vn -0.05737100 -0.76273100 -0.64416700
vn -0.05737100 0.76273100 0.64416700
vn -0.34202200 0.29365100 -0.89263100
vn -0.35713400 0.30323700 0.88346100
vn -0.34202200 -0.29365100 0.89263100
vn -0.35713400 -0.30323700 -0.88346100
vn -0.38766000 -0.25207700 0.88666600
vn -0.38766000 0.25207700 -0.88666600
vn 0.25687300 -0.71301000 0.65240500
vn 0.25687300 0.71301000 -0.65240500
vn 0.10289800 -0.01227100 -0.99461600
vn 0.11563800 -0.01437500 0.99318700
vn 0.10289800 0.01227100 0.99461600
vn 0.11563800 0.01437500 -0.99318700
vn 0.24151200 -0.87684900 0.41570200
vn 0.24151200 0.87684900 -0.41570200
vn -0.18354000 0.41379700 -0.89167500
vn -0.19528800 0.44521300 0.87387000
vn -0.18354000 -0.41379700 0.89167500
vn -0.19528800 -0.44521300 -0.87387000
vn 0.22029700 0.88800400 0.40363100
vn 0.21504800 -0.86516800 0.45303300
vn 0.22029700 -0.88800400 -0.40363100
vn 0.21504800 0.86516800 -0.45303300
vn 0.11497700 -0.74213300 -0.66031800
vn 0.11497700 0.74213300 0.66031800
vn 0.04603700 0.98846900 0.14425700
vn 0.04516100 -0.98803500 0.14746700
vn 0.04603700 -0.98846900 -0.14425700
vn 0.04516100 0.98803500 -0.14746700
vn -0.55489300 0.08756200 0.82730100
vn -0.55489300 -0.08756200 -0.82730100
vn -0.10964100 0.08854400 -0.99002000
vn -0.20605600 0.16213800 0.96501400
vn -0.10964100 -0.08854400 0.99002000
vn -0.20605600 -0.16213800 -0.96501400
vn -0.25467900 -0.29321000 -0.92150200
vn -0.25467900 0.29321000 0.92150200
vn -0.27638600 0.19756600 -0.94052000
vn -0.27481000 0.19444000 0.94163300
vn -0.27638600 -0.19756600 0.94052000
vn -0.27481000 -0.19444000 -0.94163300
vn -0.29466100 0.83540400 0.46397800
vn -0.27046600 -0.76981900 0.57812400
vn -0.29466100 -0.83540400 -0.46397800
vn -0.27046600 0.76981900 -0.57812400
vn 0.18554300 -0.50113300 -0.84524500
vn 0.18554300 0.50113300 0.84524500
vn 0.38406000 -0.69376300 -0.60925500
vn 0.38406000 0.69376300 0.60925500
vn 0.13633700 -0.89629100 -0.42198900
vn 0.13633700 0.89629100 0.42198900
vn -0.05465200 0.02001600 -0.99830500
vn -0.02989300 0.01105700 0.99949200
vn -0.05465200 -0.02001600 0.99830500
vn -0.02989300 -0.01105700 -0.99949200
vn -0.62821700 -0.76595800 0.13657200
vn -0.62821700 0.76595800 -0.13657200
vn 0.65173900 -0.70778500 -0.27253800
vn 0.65173900 0.70778500 0.27253800
vn -0.52423500 -0.46325400 0.71454500
vn -0.52423500 0.46325400 -0.71454500
vn 0.96881100 -0.24267800 -0.05013200
vn 0.96881100 0.24267800 0.05013200
vn -0.64564500 0.22410900 0.73001200
vn -0.64564500 -0.22410900 -0.73001200
vn 0.02523000 -0.96175100 0.27276000
vn 0.02523000 0.96175100 -0.27276000
vn 0.01279500 0.88052300 0.47383100
vn 0.00811800 -0.87344100 0.48686200
vn 0.01279500 -0.88052300 -0.47383100
vn 0.00811800 0.87344100 -0.48686200
vn -0.45089800 -0.19384600 0.87127200
vn -0.45089800 0.19384600 -0.87127200
vn -0.37998000 -0.57687600 0.72306900
vn -0.37998000 0.57687600 -0.72306900
vn -0.86079400 -0.28381400 0.42247200
vn -0.86079400 0.28381400 -0.42247200
vn -0.34758800 -0.87657900 0.33285300
vn -0.34758800 0.87657900 -0.33285300
vn -0.73093700 -0.67824800 0.07557100
vn -0.73093700 0.67824800 -0.07557100
vn 0.09523500 -0.95009700 -0.29706100
vn 0.09523500 0.95009700 0.29706100
vn 0.18652200 -0.94351100 0.27385400
vn 0.18652200 0.94351100 -0.27385400
vn -0.55411400 -0.68809800 0.46848700
vn -0.55411400 0.68809800 -0.46848700
vn 0.65824700 0.73217200 0.17502700
vn 0.65883800 -0.73448700 0.16266900
vn 0.65824700 -0.73217200 -0.17502700
vn 0.65883800 0.73448700 -0.16266900
vn -0.20887600 0.12733100 -0.96961700
vn -0.24108900 0.14562700 0.95951500
vn -0.20887600 -0.12733100 0.96961700
vn -0.24108900 -0.14562700 -0.95951500
vn -0.39594500 -0.05000000 0.91691200
vn -0.39594500 0.05000000 -0.91691200
vn 0.48153300 -0.02343200 -0.87611400
vn 0.48631200 -0.02712800 0.87336400
vn 0.48153300 0.02343200 0.87611400
vn 0.48631200 0.02712800 -0.87336400
vn 0.87117800 0.01647100 0.49069200
vn 0.87117800 -0.01647100 -0.49069200
vn -0.16984700 -0.02192500 0.98522700
vn -0.16984700 0.02192500 -0.98522700
vn 0.63049700 0.18402700 0.75406100
vn 0.63049700 -0.18402700 -0.75406100
vn -0.06313100 0.04459100 0.99700900
vn -0.06313100 -0.04459100 -0.99700900
vn 0.15649000 -0.53546200 0.82993400
vn 0.15649000 0.53546200 -0.82993400
vn -0.74805900 -0.63599400 -0.18952400
vn -0.74805900 0.63599400 0.18952400
vn 0.50618800 -0.11655100 0.85451100
vn 0.50618800 0.11655100 -0.85451100
vn 0.51395300 0.21159800 0.83131100
vn 0.51395300 -0.21159800 -0.83131100
vn 0.10950900 0.07360700 0.99125700
vn 0.10950900 -0.07360700 -0.99125700
vn 0.03650600 0.05939600 -0.99756700
vn 0.03650600 -0.05939600 0.99756700
vn 0.31463100 -0.85044800 -0.42159900
vn 0.31463100 0.85044800 0.42159900
vn 0.94388700 -0.02020200 0.32965100
vn 0.94388700 0.02020200 -0.32965100
vn -0.04582100 0.00762200 0.99892100
vn -0.04582100 -0.00762200 -0.99892100
vn 0.51916700 -0.68595100 -0.50984000
vn 0.51916700 0.68595100 0.50984000
vn -0.14956400 -0.60043500 -0.78556200
vn -0.14956400 0.60043500 0.78556200
vn 0.63134900 -0.45517000 -0.62786800
vn 0.63134900 0.45517000 0.62786800
vn 0.41849200 -0.83105400 0.36635200
vn 0.41849200 0.83105400 -0.36635200
vn -0.20080000 0.13111800 -0.97081800
vn -0.22063400 0.14229500 0.96492100
vn -0.20080000 -0.13111800 0.97081800
vn -0.22063400 -0.14229500 -0.96492100
vn -0.01420400 -0.01423400 -0.99979800
vn -0.01420400 0.01423400 0.99979800
vn -0.87474500 -0.08089500 0.47778500
vn -0.87474500 0.08089500 -0.47778500
vn -0.20572400 -0.40405600 0.89130000
vn -0.20572400 0.40405600 -0.89130000
vn 0.01549200 -0.87913100 -0.47632900
vn 0.01549200 0.87913100 0.47632900
vn 0.20093100 -0.00454000 0.97959500
vn 0.20093100 0.00454000 -0.97959500
vn -0.20620900 -0.82975200 0.51864200
vn -0.20620900 0.82975200 -0.51864200
vn 0.74689400 -0.49915900 0.43930500
vn 0.74689400 0.49915900 -0.43930500
vn -0.18332200 -0.08031300 0.97976700
vn -0.18332200 0.08031300 -0.97976700
vn -0.16004500 -0.78843800 0.59392900
vn -0.16004500 0.78843800 -0.59392900
vn -0.62273400 -0.44481900 0.64369100
vn -0.62273400 0.44481900 -0.64369100
vn -0.86341900 -0.39894500 -0.30878800
vn -0.86341900 0.39894500 0.30878800
vn -0.47725100 -0.87338400 0.09711900
vn -0.47725100 0.87338400 -0.09711900
vn -0.46675100 0.35884900 -0.80831300
vn -0.47943800 0.36776900 0.79679700
vn -0.46675100 -0.35884900 0.80831300
vn -0.47943800 -0.36776900 -0.79679700
vn 0.92525800 -0.12185800 -0.35923300
vn 0.89401100 -0.12162800 0.43122000
vn 0.92525800 0.12185800 0.35923300
vn 0.89401100 0.12162800 -0.43122000
vn -0.52271800 -0.72446700 -0.44934800
vn -0.52271800 0.72446700 0.44934800
vn 0.70289100 -0.62678400 -0.33628200
vn 0.70289100 0.62678400 0.33628200
vn -0.17344200 0.07148400 -0.98224600
vn -0.20934200 0.08624100 0.97403200
vn -0.17344200 -0.07148400 0.98224600
vn -0.20934200 -0.08624100 -0.97403200
vn -0.09037700 0.01911700 -0.99572400
vn -0.08684700 0.01857800 0.99604800
vn -0.09037700 -0.01911700 0.99572400
vn -0.08684700 -0.01857800 -0.99604800
vn -0.17357600 -0.22156800 -0.95957200
vn -0.17357600 0.22156800 0.95957200
vn -0.12284600 -0.85229700 -0.50842800
vn -0.12284600 0.85229700 0.50842800
vn -0.26709400 -0.06982300 0.96113800
vn -0.26709400 0.06982300 -0.96113800
vn -0.18150700 0.83651200 0.51701300
vn -0.18150700 -0.83651200 -0.51701300
vn -0.34800300 0.26397600 0.89956100
vn -0.34800300 -0.26397600 -0.89956100
vn -0.40618000 0.58931600 -0.69837300
vn -0.39351100 0.57263700 0.71919100
vn -0.40618000 -0.58931600 0.69837300
vn -0.39351100 -0.57263700 -0.71919100
vn -0.74004900 -0.50144500 -0.44819700
vn -0.74004900 0.50144500 0.44819700
vn -0.21116300 -0.15303300 0.96539700
vn -0.21116300 0.15303300 -0.96539700
vn -0.35977700 -0.63180100 0.68657700
vn -0.35977700 0.63180100 -0.68657700
vn -0.78168100 -0.31998100 0.53533900
vn -0.78168100 0.31998100 -0.53533900
vn 0.08466600 0.96442000 0.25045100
vn 0.08396600 -0.96166700 0.26104700
vn 0.08466600 -0.96442000 -0.25045100
vn 0.08396600 0.96166700 -0.26104700
vn -0.26095500 -0.37269200 -0.89050700
vn -0.26095500 0.37269200 0.89050700
vn -0.31326800 0.76320800 -0.56513400
vn -0.32544400 0.78947000 0.52040700
vn -0.31326800 -0.76320800 0.56513400
vn -0.32544400 -0.78947000 -0.52040700
vn -0.34513700 -0.80926500 -0.47536500
vn -0.34513700 0.80926500 0.47536500
vn 0.71112900 -0.67737000 -0.18832200
vn 0.71112900 0.67737000 0.18832200
vn -0.42962300 0.00250900 0.90300500
vn -0.42962300 -0.00250900 -0.90300500
vn 0.26709300 -0.95865200 -0.09822300
vn 0.26709300 0.95865200 0.09822300
vn -0.90838500 -0.41799900 0.01064800
vn -0.90838500 0.41799900 -0.01064800
vn -0.53736400 -0.31707700 -0.78147400
vn -0.53736400 0.31707700 0.78147400
vn -0.69798600 0.14943200 0.70034700
vn -0.69798600 -0.14943200 -0.70034700
vn 0.54101200 -0.80980800 0.22697500
vn 0.54101200 0.80980800 -0.22697500
vn 0.21767000 -0.17017600 0.96107200
vn 0.21767000 0.17017600 -0.96107200
vn -0.07969600 -0.22272900 0.97161700
vn -0.07969600 0.22272900 -0.97161700
vn 0.20020900 0.00159300 0.97975200
vn 0.20020900 -0.00159300 -0.97975200
vn 0.01454400 -0.55952700 0.82868500
vn 0.01454400 0.55952700 -0.82868500
vn -0.38494300 0.25246900 0.88773800
vn -0.38494300 -0.25246900 -0.88773800
vn 0.11836000 -0.05160300 0.99162900
vn 0.11836000 0.05160300 -0.99162900
vn 0.40338000 -0.04251300 -0.91404400
vn 0.42741300 -0.04810000 0.90277600
vn 0.40338000 0.04251300 0.91404400
vn 0.42741300 0.04810000 -0.90277600
vn -0.22206700 0.82101700 0.52594400
vn -0.22072600 -0.79816800 0.56054300
vn -0.22206700 -0.82101700 -0.52594400
vn -0.22072600 0.79816800 -0.56054300
vn 0.29891200 0.09691200 0.94934700
vn 0.29891200 -0.09691200 -0.94934700
vn -0.03077000 -0.00061300 0.99952600
vn -0.03077000 0.00061300 -0.99952600
vn -0.72127700 -0.45221600 -0.52465200
vn -0.72127700 0.45221600 0.52465200
vn 0.45928900 -0.84634300 0.26973500
vn 0.45928900 0.84634300 -0.26973500
vn -0.45764800 0.87491100 0.15839700
vn -0.45803600 -0.87468200 0.15853600
vn -0.45764800 -0.87491100 -0.15839700
vn -0.45803600 0.87468200 -0.15853600
vn 0.16285800 -0.15117300 0.97500000
vn 0.16285800 0.15117300 -0.97500000
vn 0.49387800 -0.80364500 -0.33202200
vn 0.49387800 0.80364500 0.33202200
vn 0.03195900 -0.60177800 -0.79802400
vn 0.03195900 0.60177800 0.79802400
vn 0.03296800 0.01273600 0.99937500
vn 0.03296800 -0.01273600 -0.99937500
vn -0.01296300 -0.05203200 -0.99856100
vn -0.01296300 0.05203200 0.99856100
vn -0.14442000 -0.20868600 0.96726100
vn -0.14442000 0.20868600 -0.96726100
vn -0.73474900 -0.39906300 -0.54853600
vn -0.73474900 0.39906300 0.54853600
vn 0.43591200 -0.01430400 0.89987600
vn 0.43591200 0.01430400 -0.89987600
vn -0.24684700 -0.00381700 0.96904700
vn -0.24684700 0.00381700 -0.96904700
vn -0.54082300 -0.76117500 0.35794100
vn -0.54082300 0.76117500 -0.35794100
vn -0.84721500 0.09417200 0.52283700
vn -0.84721500 -0.09417200 -0.52283700
vn 0.17784100 -0.55341300 -0.81369900
vn 0.17784100 0.55341300 0.81369900
vn -0.45478000 -0.41597500 -0.78749000
vn -0.45478000 0.41597500 0.78749000
vn 0.16567800 -0.63668200 0.75311800
vn 0.16567800 0.63668200 -0.75311800
vn 0.37451200 0.04397400 0.92617900
vn 0.37451200 -0.04397400 -0.92617900
vn -0.11511000 -0.94932500 0.29245900
vn -0.11511000 0.94932500 -0.29245900
vn 0.10419200 -0.90955800 0.40230300
vn 0.10419200 0.90955800 -0.40230300
vn -0.24355700 0.13372800 0.96062300
vn -0.24355700 -0.13372800 -0.96062300
vn -0.46227600 -0.09631800 0.88148900
vn -0.46227600 0.09631800 -0.88148900
vn -0.49837500 0.05264300 0.86536200
vn -0.49837500 -0.05264300 -0.86536200
vn 0.21087600 -0.96195400 -0.17371200
vn 0.21087600 0.96195400 0.17371200
vn -0.14849900 0.15314000 0.97698300
vn -0.14849900 -0.15314000 -0.97698300
vn -0.38161100 -0.31709200 -0.86823100
vn -0.38161100 0.31709200 0.86823100
vn 0.00842300 -0.00029700 -0.99996400
vn 0.01688400 -0.00062900 0.99985700
vn 0.00842300 0.00029700 0.99996400
vn 0.01688400 0.00062900 -0.99985700
vn 0.42450900 0.00967700 0.90537200
vn 0.42450900 -0.00967700 -0.90537200
vn -0.23692600 -0.40983600 0.88085200
vn -0.23692600 0.40983600 -0.88085200
vn 0.34370700 -0.91825500 -0.19665600
vn 0.34370700 0.91825500 0.19665600
vn -0.18853100 -0.78981100 -0.58365600
vn -0.18853100 0.78981100 0.58365600
vn -0.01914000 -0.91351600 0.40635300
vn -0.01914000 0.91351600 -0.40635300
vn -0.12578500 -0.32820100 0.93619600
vn -0.12578500 0.32820100 -0.93619600
vn -0.06651200 -0.54413100 -0.83636000
vn -0.06651200 0.54413100 0.83636000
vn 0.59774300 -0.80050700 -0.04349000
vn 0.59774300 0.80050700 0.04349000
vn -0.03894600 -0.68179500 0.73050600
vn -0.03894600 0.68179500 -0.73050600
vn -0.17425300 -0.02944200 0.98426100
vn -0.17425300 0.02944200 -0.98426100
vn -0.63323000 -0.64761300 0.42381200
vn -0.63323000 0.64761300 -0.42381200
vn 0.51084300 -0.07462800 0.85642900
vn 0.51084300 0.07462800 -0.85642900
vn 0.12848300 -0.64142400 -0.75635200
vn 0.12848300 0.64142400 0.75635200
vn -0.23246900 -0.04897400 0.97137000
vn -0.23246900 0.04897400 -0.97137000
vn -0.25470900 0.63653600 -0.72797400
vn -0.26759700 0.67923300 0.68339900
vn -0.25470900 -0.63653600 0.72797400
vn -0.26759700 -0.67923300 -0.68339900
vn 0.25880600 -0.79038900 0.55525200
vn 0.25880600 0.79038900 -0.55525200
vn -0.30925800 -0.09312800 0.94640700
vn -0.30925800 0.09312800 -0.94640700
vn -0.87713300 -0.03202300 0.47917800
vn -0.87713300 0.03202300 -0.47917800
vn -0.83035500 -0.22517900 0.50971000
vn -0.83035500 0.22517900 -0.50971000
vn -0.81724100 -0.35512500 -0.45387500
vn -0.81724100 0.35512500 0.45387500
vn -0.34186400 0.67619100 -0.65260600
vn -0.34207100 0.68094300 0.64753700
vn -0.34186400 -0.67619100 0.65260600
vn -0.34207100 -0.68094300 -0.64753700
vn -0.00896700 0.04450900 -0.99896900
vn -0.00896700 -0.04450900 0.99896900
vn -0.94577800 -0.30509600 -0.11144600
vn -0.94577800 0.30509600 0.11144600
vn -0.13033400 -0.22430100 0.96576500
vn -0.13033400 0.22430100 -0.96576500
vn -0.67082400 -0.28310600 -0.68545300
vn -0.67082400 0.28310600 0.68545300
vn 0.30238300 0.07071500 0.95056000
vn 0.30238300 -0.07071500 -0.95056000
vn -0.04195100 -0.35125800 0.93533800
vn -0.04195100 0.35125800 -0.93533800
vn 0.00118200 0.00150200 -0.99999800
vn 0.00118200 -0.00150200 0.99999800
vn -0.58692100 0.26382400 0.76545500
vn -0.58692100 -0.26382400 -0.76545500
vn -0.24002500 0.01295400 -0.97068000
vn -0.23344300 0.01316300 0.97228100
vn -0.24002500 -0.01295400 0.97068000
vn -0.23344300 -0.01316300 -0.97228100
vn 0.21776000 -0.91212500 0.34728800
vn 0.21776000 0.91212500 -0.34728800
vn -0.63164200 -0.60873200 -0.48007700
vn -0.63164200 0.60873200 0.48007700
vn -0.26149400 0.90918900 0.32403100
vn -0.24451300 -0.85460000 0.45811700
vn -0.26149400 -0.90918900 -0.32403100
vn -0.24451300 0.85460000 -0.45811700
vn -0.15553800 -0.40827600 -0.89951000
vn -0.15553800 0.40827600 0.89951000
vn -0.61738100 -0.22022900 0.75520900
vn -0.61738100 0.22022900 -0.75520900
vn -0.68152700 -0.33490400 -0.65066100
vn -0.68152700 0.33490400 0.65066100
vn -0.88641400 -0.46286900 -0.00467300
vn -0.88641400 0.46286900 0.00467300
vn -0.76305300 -0.43130400 -0.48138000
vn -0.76305300 0.43130400 0.48138000
vn -0.54731900 0.73869300 -0.39341300
vn -0.54398400 0.73488300 0.40500500
vn -0.54731900 -0.73869300 0.39341300
vn -0.54398400 -0.73488300 -0.40500500
vn -0.27460800 0.00654200 0.96153400
vn -0.27460800 -0.00654200 -0.96153400
vn -0.95424500 -0.00681900 0.29894700
vn -0.95424500 0.00681900 -0.29894700
vn 0.92026700 -0.11655400 0.37353000
vn 0.92026700 0.11655400 -0.37353000
vn -0.48137300 0.10018600 0.87077100
vn -0.48137300 -0.10018600 -0.87077100
vn 0.93933200 0.00135300 0.34300600
vn 0.93933200 -0.00135300 -0.34300600
vn -0.48907500 -0.08171100 0.86840600
vn -0.48907500 0.08171100 -0.86840600
vn -0.47200100 -0.40323000 -0.78397700
vn -0.47200100 0.40323000 0.78397700
vn -0.23559200 -0.23786300 0.94229400
vn -0.23559200 0.23786300 -0.94229400
vn 0.16012400 -0.97012700 0.18224400
vn 0.16012400 0.97012700 -0.18224400
vn -0.45399200 -0.34599400 0.82108400
vn -0.45399200 0.34599400 -0.82108400
vn -0.42270200 -0.53734800 0.72978100
vn -0.42270200 0.53734800 -0.72978100
vn -0.76603300 -0.07728100 0.63813900
vn -0.76603300 0.07728100 -0.63813900
vn -0.48330200 -0.84431300 0.23142000
vn -0.48330200 0.84431300 -0.23142000
vn 0.50762200 0.04099600 0.86060400
vn 0.50762200 -0.04099600 -0.86060400
vn 0.09582900 0.00861600 0.99536000
vn 0.09582900 -0.00861600 -0.99536000
vn -0.63849100 -0.34940800 -0.68574300
vn -0.63849100 0.34940800 0.68574300
vn -0.09061800 -0.22032100 0.97120900
vn -0.09061800 0.22032100 -0.97120900
vn -0.39612000 -0.14337800 0.90693500
vn -0.39612000 0.14337800 -0.90693500
vn -0.27429200 0.71776100 -0.63998700
vn -0.29789400 0.77950200 0.55103100
vn -0.27429200 -0.71776100 0.63998700
vn -0.29789400 -0.77950200 -0.55103100
vn -0.96912100 -0.16587800 0.18245100
vn -0.96912100 0.16587800 -0.18245100
vn -0.45311100 0.19506700 -0.86985000
vn -0.47093800 0.20310600 0.85846700
vn -0.45311100 -0.19506700 0.86985000
vn -0.47093800 -0.20310600 -0.85846700
vn 0.56047300 -0.77619800 -0.28876800
vn 0.56047300 0.77619800 0.28876800
vn -0.49259500 0.23079200 -0.83909800
vn -0.50885000 0.23890000 0.82704200
vn -0.49259500 -0.23079200 0.83909800
vn -0.50885000 -0.23890000 -0.82704200
vn -0.32806200 0.71210600 -0.62070900
vn -0.33261600 0.72455500 0.60364500
vn -0.32806200 -0.71210600 0.62070900
vn -0.33261600 -0.72455500 -0.60364500
vn -0.86708800 -0.34465700 0.35967900
vn -0.86708800 0.34465700 -0.35967900
vn 0.02447000 -0.50827700 0.86084600
vn 0.02447000 0.50827700 -0.86084600
vn -0.80242100 0.14454200 -0.57898900
vn -0.78525200 0.14353900 0.60230800
vn -0.80242100 -0.14454200 0.57898900
vn -0.78525200 -0.14353900 -0.60230800
vn 0.50957500 -0.85516200 0.09503400
vn 0.50957500 0.85516200 -0.09503400
vn 0.78383500 -0.40725900 0.46876700
vn 0.78383500 0.40725900 -0.46876700
vn -0.42789100 0.81781000 0.38483100
vn -0.42879700 -0.81708600 0.38536200
vn -0.42789100 -0.81781000 -0.38483100
vn -0.42879700 0.81708600 -0.38536200
vn 0.71877400 0.28138100 0.63575800
vn 0.71877400 -0.28138100 -0.63575800
vn -0.23948000 -0.36593500 0.89930000
vn -0.23948000 0.36593500 -0.89930000
vn 0.17459700 -0.08889500 0.98061900
vn 0.17459700 0.08889500 -0.98061900
vn -0.34998600 0.86381800 0.36239100
vn -0.33407500 -0.84357400 0.42044800
vn -0.34998600 -0.86381800 -0.36239100
vn -0.33407500 0.84357400 -0.42044800
vn -0.31820000 0.06926300 -0.94549000
vn -0.31223800 0.06841100 0.94753800
vn -0.31820000 -0.06926300 0.94549000
vn -0.31223800 -0.06841100 -0.94753800
vn 0.55509200 -0.11309400 0.82406400
vn 0.55509200 0.11309400 -0.82406400
vn -0.82486600 0.03014000 0.56452400
vn -0.82486600 -0.03014000 -0.56452400
vn 0.02517800 -0.01237100 0.99960600
vn 0.02517800 0.01237100 -0.99960600
vn -0.51291000 -0.04415500 0.85730600
vn -0.51291000 0.04415500 -0.85730600
vn -0.12445600 -0.25790900 0.95812000
vn -0.12445600 0.25790900 -0.95812000
vn -0.04223000 -0.06979300 0.99666700
vn -0.04223000 0.06979300 -0.99666700
vn -0.39938200 0.27121100 -0.87575000
vn -0.40811000 0.27498500 0.87053400
vn -0.39938200 -0.27121100 0.87575000
vn -0.40811000 -0.27498500 -0.87053400
vn 0.20848200 0.10890900 0.97194300
vn 0.20848200 -0.10890900 -0.97194300
vn -0.55853600 0.71081700 -0.42752500
vn -0.55497200 0.70672300 0.43880400
vn -0.55853600 -0.71081700 0.42752500
vn -0.55497200 -0.70672300 -0.43880400
vn -0.64439000 -0.54886400 0.53245700
vn -0.64439000 0.54886400 -0.53245700
vn 0.01701000 -0.00595900 0.99983800
vn 0.01701000 0.00595900 -0.99983800
vn -0.31496900 -0.79230500 -0.52253900
vn -0.31496900 0.79230500 0.52253900
vn 0.04703900 -0.72215400 0.69013200
vn 0.04703900 0.72215400 -0.69013200
vn -0.57363400 0.37385500 -0.72881800
vn -0.58170200 0.37731900 0.72059200
vn -0.57363400 -0.37385500 0.72881800
vn -0.58170200 -0.37731900 -0.72059200
vn -0.72760200 -0.50059000 0.46904600
vn -0.72760200 0.50059000 -0.46904600
vn 0.52195100 -0.78270800 -0.33902100
vn 0.52195100 0.78270800 0.33902100
vn 0.49690500 -0.42597000 0.75606600
vn 0.49690500 0.42597000 -0.75606600
vn 0.38728600 0.38242300 0.83890500
vn 0.38728600 -0.38242300 -0.83890500
vn -0.11441400 -0.41685400 -0.90174400
vn -0.11441400 0.41685400 0.90174400
vn -0.01828200 -0.17208000 -0.98491300
vn -0.01828200 0.17208000 0.98491300
vn -0.04232400 -0.19495300 -0.97989900
vn -0.04232400 0.19495300 0.97989900
vn 0.94186300 0.03528500 0.33414000
vn 0.94186300 -0.03528500 -0.33414000
vn -0.21426400 -0.59491000 -0.77470800
vn -0.21426400 0.59491000 0.77470800
vn -0.29270700 -0.38677600 0.87448700
vn -0.29270700 0.38677600 -0.87448700
vn 0.00842200 -0.99917700 0.03968300
vn 0.00842200 0.99917700 -0.03968300
vn -0.06158400 -0.22798900 -0.97171400
vn -0.06158400 0.22798900 0.97171400
vn -0.09074300 -0.44604800 0.89039700
vn -0.09074300 0.44604800 -0.89039700
vn -0.01820700 -0.54209200 0.84012200
vn -0.01820700 0.54209200 -0.84012200
vn 0.90209000 -0.35571300 0.24434000
vn 0.90209000 0.35571300 -0.24434000
vn 0.09739500 0.18034000 0.97877000
vn 0.09739500 -0.18034000 -0.97877000
vn 0.16868900 0.24732400 0.95413500
vn 0.16868900 -0.24732400 -0.95413500
vn -0.12924800 -0.14531500 0.98090700
vn -0.12924800 0.14531500 -0.98090700
vn 0.07435900 -0.56172000 0.82397900
vn 0.07435900 0.56172000 -0.82397900
vn 0.95228800 0.14379800 0.26920200
vn 0.94578900 -0.14857600 0.28880400
vn 0.95228800 -0.14379800 -0.26920200
vn 0.94578900 0.14857600 -0.28880400
vn 0.88025900 0.08667500 0.46651100
vn 0.88025900 -0.08667500 -0.46651100
vn 0.97641300 0.18083900 0.11796100
vn 0.97503400 -0.18012100 0.12986400
vn 0.97641300 -0.18083900 -0.11796100
vn 0.97503400 0.18012100 -0.12986400
vn -0.06918500 -0.48566200 0.87140500
vn -0.06918500 0.48566200 -0.87140500
vn 0.33518500 -0.94073700 0.05162400
vn 0.33518500 0.94073700 -0.05162400
vn 0.06901900 0.14913400 0.98640500
vn 0.06901900 -0.14913400 -0.98640500
vn 0.47140400 -0.86718900 -0.16050400
vn 0.47140400 0.86718900 0.16050400
vn -0.01604600 -0.30652500 0.95172700
vn -0.01604600 0.30652500 -0.95172700
vn 0.57374700 0.13926500 0.80710600
vn 0.57374700 -0.13926500 -0.80710600
vn -0.07433900 -0.25732100 0.96346200
vn -0.07433900 0.25732100 -0.96346200
vn -0.02273400 -0.02252000 0.99948800
vn -0.02273400 0.02252000 -0.99948800
vn 0.52846400 0.26352000 0.80702100
vn 0.52846400 -0.26352000 -0.80702100
vn 0.41014600 0.23533100 0.88113500
vn 0.41014600 -0.23533100 -0.88113500
vn -0.03448300 -0.10312000 -0.99407100
vn -0.03448300 0.10312000 0.99407100
vn 0.00223200 -0.11876400 0.99292000
vn 0.00223200 0.11876400 -0.99292000
vn -0.25948300 0.12482000 0.95764700
vn -0.25948300 -0.12482000 -0.95764700
vn 0.21498800 0.25181600 0.94359400
vn 0.21498800 -0.25181600 -0.94359400
vn 0.31868800 0.20922400 0.92448000
vn 0.31868800 -0.20922400 -0.92448000
vn -0.56836100 -0.79769000 -0.20163200
vn -0.56836100 0.79769000 0.20163200
vn 0.57356900 -0.58632700 0.57204900
vn 0.57356900 0.58632700 -0.57204900
vn 0.71163700 -0.69612700 0.09476200
vn 0.71163700 0.69612700 -0.09476200
vn -0.01360400 -0.04370600 0.99895200
vn -0.01360400 0.04370600 -0.99895200
vn 0.24088500 0.18024100 0.95367100
vn 0.24088500 -0.18024100 -0.95367100
vn 0.97721100 -0.13693600 0.16219300
vn 0.97721100 0.13693600 -0.16219300
vn -0.11646100 -0.17088500 -0.97838400
vn -0.11646100 0.17088500 0.97838400
vn -0.99575900 0.03813100 0.08373100
vn -0.99575900 -0.03813100 -0.08373100
vn -0.05945000 -0.32028500 -0.94545400
vn -0.05945000 0.32028500 0.94545400
vn 0.68717700 0.33351300 0.64541200
vn 0.68717700 -0.33351300 -0.64541200
vn 0.64957300 -0.75960500 0.03247600
vn 0.64957300 0.75960500 -0.03247600
vn -0.49225200 -0.79262000 -0.35977800
vn -0.49225200 0.79262000 0.35977800
vn -0.68721100 -0.72515300 0.04352000
vn -0.68721100 0.72515300 -0.04352000
vn 0.49746500 -0.22850200 0.83684900
vn 0.49746500 0.22850200 -0.83684900
vn 0.96316300 0.19479200 0.18540000
vn 0.96316300 -0.19479200 -0.18540000
vn 0.00670400 -0.28780600 -0.95766500
vn 0.00670400 0.28780600 0.95766500
vn 0.16504500 -0.72499900 -0.66868200
vn 0.16504500 0.72499900 0.66868200
vn 0.85702600 0.22394300 0.46406500
vn 0.85702600 -0.22394300 -0.46406500
vn -0.06542300 -0.98403900 0.16549200
vn -0.06542300 0.98403900 -0.16549200
vn 0.13786900 -0.67148100 0.72808300
vn 0.13786900 0.67148100 -0.72808300
vn -0.63500900 -0.75904000 -0.14360300
vn -0.63500900 0.75904000 0.14360300
vn 0.89419200 -0.25174200 0.37019700
vn 0.89419200 0.25174200 -0.37019700
vn 0.97864800 0.05122700 0.19906000
vn 0.97864800 -0.05122700 -0.19906000
vn -0.99478300 0.10134200 0.01170500
vn -0.99478300 -0.10134200 -0.01170500
vn -0.32763900 -0.71417100 -0.61855700
vn -0.32763900 0.71417100 0.61855700
vn 0.52120400 -0.61616800 0.59049400
vn 0.52120400 0.61616800 -0.59049400
vn 0.32931600 -0.31164100 0.89130900
vn 0.32931600 0.31164100 -0.89130900
vn 0.00447700 -0.06461600 -0.99790000
vn 0.00447700 0.06461600 0.99790000
vn 0.78569400 -0.61856400 0.00797400
vn 0.78569400 0.61856400 -0.00797400
vn 0.11494300 -0.27830900 0.95358900
vn 0.11494300 0.27830900 -0.95358900
vn 0.93730200 -0.05144600 0.34470000
vn 0.93730200 0.05144600 -0.34470000
vn 0.46062800 -0.88420600 0.07746600
vn 0.46062800 0.88420600 -0.07746600
vn 0.92509800 0.32210200 0.20110700
vn 0.92429700 -0.30920700 0.22375500
vn 0.92509800 -0.32210200 -0.20110700
vn 0.92429700 0.30920700 -0.22375500
vn 0.30423700 -0.22278900 0.92617700
vn 0.30423700 0.22278900 -0.92617700
vn 0.03647800 -0.20317100 -0.97846400
vn 0.03647800 0.20317100 0.97846400
vn -0.16200700 -0.21184100 0.96378300
vn -0.16200700 0.21184100 -0.96378300
vn -0.04390700 -0.02350100 0.99875900
vn -0.04390700 0.02350100 -0.99875900
vn -0.14088600 -0.31120600 -0.93984100
vn -0.14088600 0.31120600 0.93984100
vn 0.47956000 0.14726200 0.86506400
vn 0.47956000 -0.14726200 -0.86506400
vn -0.11607100 -0.19609000 -0.97369200
vn -0.11607100 0.19609000 0.97369200
vn -0.10408400 -0.31250800 -0.94419600
vn -0.10408400 0.31250800 0.94419600
vn -0.05323900 -0.13508700 -0.98940200
vn -0.05323900 0.13508700 0.98940200
vn 0.89303100 0.39988400 0.20637200
vn 0.90100800 -0.39359100 0.18240200
vn 0.89303100 -0.39988400 -0.20637200
vn 0.90100800 0.39359100 -0.18240200
vn -0.16906300 -0.59120400 -0.78860400
vn -0.16906300 0.59120400 0.78860400
vn -0.03917600 -0.15306500 0.98743900
vn -0.03917600 0.15306500 -0.98743900
vn -0.21595500 -0.70930300 -0.67100900
vn -0.21595500 0.70930300 0.67100900
vn -0.10906700 -0.06521600 0.99189300
vn -0.10906700 0.06521600 -0.99189300
vn 0.88571500 0.44420100 0.13488500
vn 0.88544500 -0.44362300 0.13851400
vn 0.88571500 -0.44420100 -0.13488500
vn 0.88544500 0.44362300 -0.13851400
vn -0.45089700 -0.77544000 0.44202400
vn -0.45089700 0.77544000 -0.44202400
vn -0.03607700 -0.37412100 -0.92667800
vn -0.03607700 0.37412100 0.92667800
vn -0.18263800 -0.64448700 0.74248300
vn -0.18263800 0.64448700 -0.74248300
vn -0.40312900 -0.89641200 0.18420900
vn -0.40312900 0.89641200 -0.18420900
vn -0.14719800 -0.41986700 -0.89557000
vn -0.14719800 0.41986700 0.89557000
vn -0.22949300 -0.01538500 0.97318900
vn -0.22949300 0.01538500 -0.97318900
vn -0.35758200 -0.67679900 -0.64348900
vn -0.35758200 0.67679900 0.64348900
vn -0.55904800 -0.27261700 0.78303600
vn -0.55904800 0.27261700 -0.78303600
vn 0.91482600 -0.34008700 0.21779400
vn 0.91482600 0.34008700 -0.21779400
vn -0.92590000 -0.35858000 -0.11887300
vn -0.92590000 0.35858000 0.11887300
vn 0.09167800 0.15553300 0.98356700
vn 0.09167800 -0.15553300 -0.98356700
vn 0.20511700 0.38331900 0.90055200
vn 0.20511700 -0.38331900 -0.90055200
vn -0.35046600 -0.93403200 0.06897900
vn -0.35046600 0.93403200 -0.06897900
vn 0.46102200 -0.44843600 -0.76574400
vn 0.46102200 0.44843600 0.76574400
vn -0.07946200 -0.05453500 0.99534500
vn -0.07946200 0.05453500 -0.99534500
vn 0.42993300 -0.12181600 0.89460500
vn 0.42993300 0.12181600 -0.89460500
vn 0.74750300 -0.03159900 -0.66350700
vn 0.72837000 -0.02754900 0.68463000
vn 0.74750300 0.03159900 0.66350700
vn 0.72837000 0.02754900 -0.68463000
vn 0.81358200 -0.56611800 0.13264500
vn 0.81358200 0.56611800 -0.13264500
vn 0.67014700 0.41277200 0.61686500
vn 0.70941400 -0.41459500 0.56994900
vn 0.67014700 -0.41277200 -0.61686500
vn 0.70941400 0.41459500 -0.56994900
vn 0.12756900 0.31412200 -0.94077300
vn 0.12756900 -0.31412200 0.94077300
vn 0.08730100 0.21619100 0.97244000
vn 0.08730100 -0.21619100 -0.97244000
vn 0.02866900 -0.75237700 -0.65810800
vn 0.02866900 0.75237700 0.65810800
vn -0.00217300 0.06347300 0.99798100
vn -0.00217300 -0.06347300 -0.99798100
vn 0.63582300 -0.27863300 0.71978600
vn 0.63582300 0.27863300 -0.71978600
vn 0.03145900 -0.11849600 -0.99245600
vn 0.03145900 0.11849600 0.99245600
vn 0.08614800 -0.29108300 0.95281100
vn 0.08614800 0.29108300 -0.95281100
vn -0.81838200 0.16654600 0.55001300
vn -0.81838200 -0.16654600 -0.55001300
vn -0.00498100 -0.02627300 -0.99964200
vn -0.00498100 0.02627300 0.99964200
vn 0.20601600 -0.34182500 0.91690400
vn 0.20601600 0.34182500 -0.91690400
vn -0.53846000 -0.83974600 -0.06991900
vn -0.53846000 0.83974600 0.06991900
vn 0.07762900 0.37844100 0.92236500
vn 0.07762900 -0.37844100 -0.92236500
vn -0.64980600 -0.27724900 0.70773300
vn -0.64980600 0.27724900 -0.70773300
vn 0.00461500 -0.01083500 -0.99993100
vn 0.00471000 -0.01036300 0.99993500
vn 0.00461500 0.01083500 0.99993100
vn 0.00471000 0.01036300 -0.99993500
vn -0.60161700 -0.18082000 0.77804900
vn -0.60161700 0.18082000 -0.77804900
vn -0.00694800 0.06014300 -0.99816600
vn -0.00694800 -0.06014300 0.99816600
vn 0.33027800 0.92968500 0.16310500
vn 0.32757800 -0.93112000 0.16033700
vn 0.33027800 -0.92968500 -0.16310500
vn 0.32757800 0.93112000 -0.16033700
vn 0.88958800 -0.43548300 -0.13779600
vn 0.88958800 0.43548300 0.13779600
vn 0.27112300 -0.84655000 -0.45808900
vn 0.27112300 0.84655000 0.45808900
vn -0.93501500 0.14742800 0.32250800
vn -0.93501500 -0.14742800 -0.32250800
vn 0.01356800 0.04418800 -0.99893100
vn 0.01356800 -0.04418800 0.99893100
vn 0.18509000 0.07869500 0.97956600
vn 0.18509000 -0.07869500 -0.97956600
vn -0.69793600 -0.71307700 -0.06638600
vn -0.69793600 0.71307700 0.06638600
vn -0.86727200 0.22973400 0.44165700
vn -0.86727200 -0.22973400 -0.44165700
vn 0.42307400 -0.44190800 -0.79102800
vn 0.42307400 0.44190800 0.79102800
vn 0.14363000 -0.26082700 0.95464100
vn 0.14363000 0.26082700 -0.95464100
vn 0.23434800 -0.42682300 -0.87344300
vn 0.23434800 0.42682300 0.87344300
vn -0.02064900 -0.05367800 0.99834500
vn -0.02064900 0.05367800 -0.99834500
vn 0.06341900 0.23289400 0.97043200
vn 0.06341900 -0.23289400 -0.97043200
vn 0.38972600 -0.40146300 0.82881900
vn 0.38972600 0.40146300 -0.82881900
vn 0.12626100 0.28961500 -0.94877900
vn 0.12626100 -0.28961500 0.94877900
vn 0.10832100 0.09279000 0.98977600
vn 0.10832100 -0.09279000 -0.98977600
vn 0.00138900 -0.01992900 0.99980000
vn 0.00138900 0.01992900 -0.99980000
vn 0.91456400 -0.20194800 0.35041500
vn 0.91456400 0.20194800 -0.35041500
vn 0.75065300 -0.64936700 -0.12183200
vn 0.75065300 0.64936700 0.12183200
vn 0.53654400 0.53411800 0.65332900
vn 0.53654400 -0.53411800 -0.65332900
vn 0.65919600 -0.10563000 0.74451500
vn 0.65919600 0.10563000 -0.74451500
vn 0.49525000 -0.51055500 0.70289400
vn 0.49525000 0.51055500 -0.70289400
vn 0.01132500 0.05179300 -0.99859400
vn 0.01132500 -0.05179300 0.99859400
vn -0.97358300 -0.07961100 0.21400500
vn -0.97358300 0.07961100 -0.21400500
vn -0.83232900 0.01857600 -0.55397100
vn -0.83232900 -0.01857600 0.55397100
vn -0.64054600 -0.35918600 0.67873900
vn -0.64054600 0.35918600 -0.67873900
vn 0.84437400 0.30664900 0.43931700
vn 0.84437400 -0.30664900 -0.43931700
vn 0.62555300 0.70284400 0.33866400
vn 0.62936500 -0.70729400 0.32192400
vn 0.62555300 -0.70284400 -0.33866400
vn 0.62936500 0.70729400 -0.32192400
vn 0.26413600 -0.38148000 -0.88583600
vn 0.26413600 0.38148000 0.88583600
vn -0.18715600 -0.17145400 0.96725200
vn -0.18715600 0.17145400 -0.96725200
vn 0.89289900 0.11755500 0.43464100
vn 0.89289900 -0.11755500 -0.43464100
vn 0.01014000 0.60049200 0.79956700
vn 0.01014000 -0.60049200 -0.79956700
vn -0.03647200 -0.53242600 -0.84569000
vn -0.03647200 0.53242600 0.84569000
vn -0.69687800 -0.43318800 0.57158500
vn -0.69687800 0.43318800 -0.57158500
vn -0.83240900 0.01911700 0.55383200
vn -0.83240900 -0.01911700 -0.55383200
vn -0.73773600 -0.62281900 0.26046400
vn -0.73773600 0.62281900 -0.26046400
vn 0.57087100 -0.79196000 0.21657600
vn 0.57087100 0.79196000 -0.21657600
vn 0.14579600 0.37713700 0.91461000
vn 0.14579600 -0.37713700 -0.91461000
vn -0.98660600 -0.12765900 0.10154900
vn -0.98660600 0.12765900 -0.10154900
vn -0.49847900 0.14530400 0.85463800
vn -0.49847900 -0.14530400 -0.85463800
vn 0.62970700 0.74028200 0.23548000
vn 0.62887900 -0.73946200 0.24022200
vn 0.62970700 -0.74028200 -0.23548000
vn 0.62887900 0.73946200 -0.24022200
vn 0.31846300 -0.42120000 0.84921900
vn 0.31846300 0.42120000 -0.84921900
vn -0.36774400 -0.42806100 -0.82554800
vn -0.36774400 0.42806100 0.82554800
vn 0.26957200 0.15816800 0.94990200
vn 0.26957200 -0.15816800 -0.94990200
vn -0.86616900 -0.44831600 -0.22082600
vn -0.86616900 0.44831600 0.22082600
vn 0.25054700 -0.38324100 0.88901800
vn 0.25054700 0.38324100 -0.88901800
vn -0.87363200 0.19768600 -0.44462000
vn -0.87363200 -0.19768600 0.44462000
vn -0.18112200 -0.95962000 -0.21523100
vn -0.18112200 0.95962000 0.21523100
vn 0.29676600 0.94516800 0.13633400
vn 0.29742900 -0.94470300 0.13810200
vn 0.29676600 -0.94516800 -0.13633400
vn 0.29742900 0.94470300 -0.13810200
vn -0.30346100 -0.25763000 0.91735400
vn -0.30346100 0.25763000 -0.91735400
vn 0.25930600 -0.19123700 0.94667200
vn 0.25930600 0.19123700 -0.94667200
vn 0.16057100 0.44623500 0.88039300
vn 0.16057100 -0.44623500 -0.88039300
vn 0.84308300 0.27462800 0.46237400
vn 0.84308300 -0.27462800 -0.46237400
vn 0.13131300 -0.46429100 -0.87589400
vn 0.13131300 0.46429100 0.87589400
vn -0.48232400 0.18557500 0.85611100
vn -0.48232400 -0.18557500 -0.85611100
vn -0.76113400 0.19442300 0.61876900
vn -0.76113400 -0.19442300 -0.61876900
vn -0.14663600 -0.85293000 0.50100800
vn -0.14663600 0.85293000 -0.50100800
vn 0.60512400 -0.40945000 -0.68277000
vn 0.60512400 0.40945000 0.68277000
vn 0.45900100 -0.15527600 -0.87476100
vn 0.44632300 -0.15135700 0.88197900
vn 0.45900100 0.15527600 0.87476100
vn 0.44632300 0.15135700 -0.88197900
vn 0.07677400 0.21152000 0.97435400
vn 0.07677400 -0.21152000 -0.97435400
vn 0.20852500 0.19415600 0.95855100
vn 0.20852500 -0.19415600 -0.95855100
vn 0.02051300 0.13687700 0.99037600
vn 0.02051300 -0.13687700 -0.99037600
vn 0.13676100 0.36550100 -0.92070900
vn 0.13676100 -0.36550100 0.92070900
vn 0.03970500 0.13245000 0.99039400
vn 0.03970500 -0.13245000 -0.99039400
vn 0.05329200 -0.09596200 -0.99395700
vn 0.05329200 0.09596200 0.99395700
vn 0.05357900 -0.09750000 0.99379200
vn 0.05357900 0.09750000 -0.99379200
vn 0.32357900 -0.48969100 0.80962900
vn 0.32357900 0.48969100 -0.80962900
vn 0.62803900 0.63128400 0.45502500
vn 0.62803900 -0.63128400 -0.45502500
vn 0.06292600 0.18279500 -0.98113500
vn 0.06292600 -0.18279500 0.98113500
vn -0.34799200 0.21712600 0.91200800
vn -0.34799200 -0.21712600 -0.91200800
vn 0.57704600 0.67334000 0.46220300
vn 0.57589800 -0.66884400 0.47009500
vn 0.57704600 -0.67334000 -0.46220300
vn 0.57589800 0.66884400 -0.47009500
vn 0.45471500 0.82121500 0.34473300
vn 0.45348800 -0.82186700 0.34479500
vn 0.45471500 -0.82121500 -0.34473300
vn 0.45348800 0.82186700 -0.34479500
vn 0.38527600 -0.46581100 -0.79660700
vn 0.38527600 0.46581100 0.79660700
vn -0.29786900 -0.93757700 -0.17950800
vn -0.29786900 0.93757700 0.17950800
vn 0.80250200 0.38970100 0.45179900
vn 0.80644500 -0.38558000 0.44830100
vn 0.80250200 -0.38970100 -0.45179900
vn 0.80644500 0.38558000 -0.44830100
vn 0.01171300 0.04482700 0.99892600
vn 0.01171300 -0.04482700 -0.99892600
vn 0.95393100 0.17565700 0.24323000
vn 0.95393100 -0.17565700 -0.24323000
vn -0.85982200 0.14605700 0.48925900
vn -0.85982200 -0.14605700 -0.48925900
vn -0.07905700 -0.15261900 -0.98511800
vn -0.07905700 0.15261900 0.98511800
vn -0.54529300 -0.38305700 -0.74560200
vn -0.54529300 0.38305700 0.74560200
vn -0.94314400 -0.12115800 0.30951500
vn -0.94314400 0.12115800 -0.30951500
vn 0.32229200 -0.05047100 -0.94529400
vn 0.31980900 -0.05195600 0.94605600
vn 0.32229200 0.05047100 0.94529400
vn 0.31980900 0.05195600 -0.94605600
vn 0.29866000 0.44037500 0.84668300
vn 0.29866000 -0.44037500 -0.84668300
vn 0.57558800 0.09306000 0.81242700
vn 0.57558800 -0.09306000 -0.81242700
vn 0.29904800 -0.38017300 -0.87523600
vn 0.29904800 0.38017300 0.87523600
vn 0.40659400 0.10327100 0.90775400
vn 0.40659400 -0.10327100 -0.90775400
vn 0.88408700 -0.19234100 0.42590500
vn 0.88408700 0.19234100 -0.42590500
vn 0.85947800 0.20025200 0.47031500
vn 0.85947800 -0.20025200 -0.47031500
vn 0.43843100 -0.39653800 0.80655800
vn 0.43843100 0.39653800 -0.80655800
vn 0.14123100 -0.44072400 0.88646300
vn 0.14123100 0.44072400 -0.88646300
vn -0.37615000 -0.89371300 -0.24451700
vn -0.37615000 0.89371300 0.24451700
vn 0.97836400 -0.18512000 -0.09238100
vn 0.97836400 0.18512000 0.09238100
vn 0.46224000 0.40745300 0.78760200
vn 0.46224000 -0.40745300 -0.78760200
vn 0.09326500 0.36137300 -0.92774500
vn 0.08127400 0.33553900 0.93851400
vn 0.09326500 -0.36137300 0.92774500
vn 0.08127400 -0.33553900 -0.93851400
vn -0.63497000 -0.72430200 -0.26870000
vn -0.63497000 0.72430200 0.26870000
vn 0.24128100 -0.54409000 -0.80358600
vn 0.24128100 0.54409000 0.80358600
vn 0.93800600 -0.15771600 -0.30866000
vn 0.93800600 0.15771600 0.30866000
vn 0.77722000 -0.17827300 -0.60344700
vn 0.77722000 0.17827300 0.60344700
vn 0.73516900 0.63905900 0.22612000
vn 0.73843600 -0.63414600 0.22928400
vn 0.73516900 -0.63905900 -0.22612000
vn 0.73843600 0.63414600 -0.22928400
vn 0.04572900 -0.20296500 0.97811800
vn 0.04572900 0.20296500 -0.97811800
vn -0.96968600 -0.24059500 -0.04269400
vn -0.96968600 0.24059500 0.04269400
vn 0.92151000 -0.28863500 0.25982400
vn 0.92151000 0.28863500 -0.25982400
vn 0.02955100 -0.09865600 -0.99468300
vn 0.02955100 0.09865600 0.99468300
vn 0.80264400 0.53143100 0.27081900
vn 0.78058800 -0.51933600 0.34781100
vn 0.80264400 -0.53143100 -0.27081900
vn 0.78058800 0.51933600 -0.34781100
vn 0.88798500 0.17229300 0.42637700
vn 0.88798500 -0.17229300 -0.42637700
vn 0.02369100 0.53682000 -0.84336400
vn 0.02446100 0.52958200 0.84790600
vn 0.02369100 -0.53682000 0.84336400
vn 0.02446100 -0.52958200 -0.84790600
vn 0.41410400 -0.33312300 0.84708200
vn 0.41410400 0.33312300 -0.84708200
vn -0.80301200 0.00279300 0.59595600
vn -0.80301200 -0.00279300 -0.59595600
vn 0.31490800 -0.66611300 -0.67611200
vn 0.31490800 0.66611300 0.67611200
vn 0.20828400 -0.02858500 -0.97765100
vn 0.21664600 -0.03094200 0.97576000
vn 0.20828400 0.02858500 0.97765100
vn 0.21664600 0.03094200 -0.97576000
vn -0.50372900 -0.12775200 0.85436300
vn -0.50372900 0.12775200 -0.85436300
vn 0.99912700 -0.03474600 0.02319900
vn 0.99912700 0.03474600 -0.02319900
vn 0.28025600 -0.28304500 0.91724700
vn 0.28025600 0.28304500 -0.91724700
vn 0.23178900 -0.46282500 0.85560900
vn 0.23178900 0.46282500 -0.85560900
vn 0.37663400 -0.15872100 0.91266300
vn 0.37663400 0.15872100 -0.91266300
vn -0.36784900 0.50344600 -0.78181200
vn -0.35182200 0.48224600 0.80228400
vn -0.36784900 -0.50344600 0.78181200
vn -0.35182200 -0.48224600 -0.80228400
vn 0.61720400 0.32016400 0.71871700
vn 0.61720400 -0.32016400 -0.71871700
vn 0.65686400 -0.17219200 -0.73408500
vn 0.65686400 0.17219200 0.73408500
vn 0.63700400 -0.16626900 0.75271600
vn 0.63700400 0.16626900 -0.75271600
vn 0.89223100 -0.20638200 -0.40165800
vn 0.89223100 0.20638200 0.40165800
vn 0.65871500 -0.04966500 -0.75075200
vn 0.67753400 -0.05391700 0.73351300
vn 0.65871500 0.04966500 0.75075200
vn 0.67753400 0.05391700 -0.73351300
vn -0.08362900 0.97594200 0.20135500
vn -0.08344500 -0.97631100 0.19963300
vn -0.08362900 -0.97594200 -0.20135500
vn -0.08344500 0.97631100 -0.19963300
vn 0.09983600 0.59210700 0.79965100
vn 0.09536000 -0.56151300 0.82195500
vn 0.09983600 -0.59210700 -0.79965100
vn 0.09536000 0.56151300 -0.82195500
vn 0.25321500 0.22631300 0.94056600
vn 0.25321500 -0.22631300 -0.94056600
vn 0.51652600 0.22502800 0.82617400
vn 0.51652600 -0.22502800 -0.82617400
vn -0.08735500 -0.32986000 0.93998000
vn -0.08735500 0.32986000 -0.93998000
vn -0.09044100 0.05676800 -0.99428300
vn -0.12704700 0.07869400 0.98877000
vn -0.09044100 -0.05676800 0.99428300
vn -0.12704700 -0.07869400 -0.98877000
vn -0.27076200 0.10817400 0.95654900
vn -0.27076200 -0.10817400 -0.95654900
vn 0.97231800 0.12698900 0.19613900
vn 0.97231800 -0.12698900 -0.19613900
vn -0.03723800 0.88740400 0.45948700
vn -0.03782500 -0.90117500 0.43180300
vn -0.03723800 -0.88740400 -0.45948700
vn -0.03782500 0.90117500 -0.43180300
vn 0.26177400 -0.24582300 0.93329800
vn 0.26177400 0.24582300 -0.93329800
vn 0.57911800 -0.13277800 -0.80435800
vn 0.57911800 0.13277800 0.80435800
vn 0.35888600 0.55089500 0.75346900
vn 0.37194200 -0.56855200 0.73376200
vn 0.35888600 -0.55089500 -0.75346900
vn 0.37194200 0.56855200 -0.73376200
vn -0.30405000 0.94351700 0.13164400
vn -0.30589400 -0.94357100 0.12689900
vn -0.30405000 -0.94351700 -0.13164400
vn -0.30589400 0.94357100 -0.12689900
vn -0.97438700 0.15676500 -0.16123000
vn -0.97438700 -0.15676500 0.16123000
vn 0.16603300 -0.06548400 -0.98394300
vn 0.14515700 -0.05925300 0.98763300
vn 0.16603300 0.06548400 0.98394300
vn 0.14515700 0.05925300 -0.98763300
vn 0.87470700 -0.25875700 0.40979500
vn 0.87470700 0.25875700 -0.40979500
vn 0.80119000 0.36191300 0.47656400
vn 0.80119000 -0.36191300 -0.47656400
vn 0.03788800 -0.02019100 -0.99907800
vn 0.03182600 -0.01684000 0.99935200
vn 0.03788800 0.02019100 0.99907800
vn 0.03182600 0.01684000 -0.99935200
vn 0.66416600 0.42990900 0.61160600
vn 0.66416600 -0.42990900 -0.61160600
vn -0.28854300 0.01742800 0.95730800
vn -0.28854300 -0.01742800 -0.95730800
vn -0.29737700 -0.68441600 -0.66568900
vn -0.29737700 0.68441600 0.66568900
vn -0.05323500 0.13225300 -0.98978500
vn -0.05323500 -0.13225300 0.98978500
vn -0.08207900 -0.33404800 -0.93897500
vn -0.08207900 0.33404800 0.93897500
vn -0.13363300 -0.45215200 -0.88187300
vn -0.13363300 0.45215200 0.88187300
vn 0.97532400 -0.18823900 0.11536200
vn 0.97532400 0.18823900 -0.11536200
vn -0.21656300 -0.93477900 0.28158200
vn -0.21656300 0.93477900 -0.28158200
vn -0.24048800 -0.94751900 0.21064900
vn -0.24048800 0.94751900 -0.21064900
vn -0.13295300 0.62371600 -0.77026100
vn -0.13040800 0.60574700 0.78489700
vn -0.13295300 -0.62371600 0.77026100
vn -0.13040800 -0.60574700 -0.78489700
vn 0.22413400 -0.59341800 0.77305800
vn 0.22413400 0.59341800 -0.77305800
vn 0.50276800 -0.12599200 -0.85519000
vn 0.50276800 0.12599200 0.85519000
vn 0.47138900 -0.11922100 0.87383000
vn 0.47138900 0.11922100 -0.87383000
vn 0.25668000 -0.52370800 0.81230800
vn 0.25668000 0.52370800 -0.81230800
vn -0.77372500 0.60171300 0.19821800
vn -0.77372500 -0.60171300 -0.19821800
vn -0.77305600 -0.60172500 0.20077700
vn -0.77305600 0.60172500 -0.20077700
vn 0.97660900 0.09514200 0.19282800
vn 0.97660900 -0.09514200 -0.19282800
vn -0.01758200 -0.19501900 -0.98064200
vn -0.01758200 0.19501900 0.98064200
vn 0.57455900 0.63784900 0.51286400
vn 0.57455900 -0.63784900 -0.51286400
vn 0.94246900 -0.14519700 0.30111400
vn 0.94246900 0.14519700 -0.30111400
vn -0.02901700 -0.51311200 0.85783100
vn -0.02901700 0.51311200 -0.85783100
vn 0.52898800 -0.40340100 0.74661900
vn 0.52898800 0.40340100 -0.74661900
vn 0.35405400 0.60585000 0.71245500
vn 0.36033900 -0.61429800 0.70199300
vn 0.35405400 -0.60585000 -0.71245500
vn 0.36033900 0.61429800 -0.70199300
vn 0.20302700 0.32825400 0.92251300
vn 0.20302700 -0.32825400 -0.92251300
vn 0.03816800 -0.99840800 0.04154000
vn 0.03816800 0.99840800 -0.04154000
vn -0.02783800 0.84714900 -0.53062600
vn -0.02203000 0.78689000 0.61670100
vn -0.02783800 -0.84714900 0.53062600
vn -0.02203000 -0.78689000 -0.61670100
vn 0.01166100 -0.28540400 0.95833600
vn 0.01166100 0.28540400 -0.95833600
vn -0.05827100 0.15027500 0.98692500
vn -0.05827100 -0.15027500 -0.98692500
vn 0.97101800 0.01672100 0.23842000
vn 0.97101800 -0.01672100 -0.23842000
vn -0.54661300 -0.81822200 0.17812000
vn -0.54661300 0.81822200 -0.17812000
vn -0.54572900 0.81763500 0.18344700
vn -0.54572900 -0.81763500 -0.18344700
vn -0.85258000 0.22156000 0.47330700
vn -0.85258000 -0.22156000 -0.47330700
vn 0.57952900 -0.01123500 -0.81487400
vn 0.57952900 0.01123500 0.81487400
vn 0.50570100 -0.31656000 0.80253100
vn 0.50570100 0.31656000 -0.80253100
vn 0.72090600 -0.20757600 0.66121600
vn 0.72090600 0.20757600 -0.66121600
vn 0.40151800 -0.46407800 -0.78956600
vn 0.40151800 0.46407800 0.78956600
vn 0.21842400 -0.41421700 0.88358100
vn 0.21842400 0.41421700 -0.88358100
vn 0.56766600 -0.24158000 -0.78701700
vn 0.56766600 0.24158000 0.78701700
vn 0.41964200 -0.32356400 -0.84806100
vn 0.41964200 0.32356400 0.84806100
vn -0.57770000 -0.79441600 0.18752500
vn -0.57770000 0.79441600 -0.18752500
vn -0.57684800 0.79365500 0.19328100
vn -0.57684800 -0.79365500 -0.19328100
vn -0.33094300 0.08018700 0.94023800
vn -0.33094300 -0.08018700 -0.94023800
vn -0.33099000 0.07991200 -0.94024500
vn -0.33099000 -0.07991200 0.94024500
vn 0.03702600 -0.17195700 -0.98440800
vn 0.03702600 0.17195700 0.98440800
vn -0.33183200 0.89012600 0.31235100
vn -0.33183200 -0.89012600 -0.31235100
vn 0.92504000 -0.09598000 -0.36754600
vn 0.92504000 0.09598000 0.36754600
vn -0.31073600 -0.85883600 0.40723900
vn -0.31073600 0.85883600 -0.40723900
vn 0.11297400 -0.22973800 -0.96667300
vn 0.11297400 0.22973800 0.96667300
vn 0.83156700 -0.28144200 -0.47884000
vn 0.83156700 0.28144200 0.47884000
vn -0.05599100 0.23717700 -0.96985100
vn -0.05599100 -0.23717700 0.96985100
vn 0.28112700 -0.00952900 -0.95962300
vn 0.28112700 0.00952900 0.95962300
vn 0.30392800 -0.01115300 0.95263000
vn 0.30392800 0.01115300 -0.95263000
vn 0.32168000 0.43327300 0.84190100
vn 0.32168000 -0.43327300 -0.84190100
vn 0.97662000 -0.16370900 0.13933100
vn 0.97662000 0.16370900 -0.13933100
vn -0.01210800 0.05174800 0.99858700
vn -0.01210800 -0.05174800 -0.99858700
vn 0.86565900 0.18677400 0.46449000
vn 0.86565900 -0.18677400 -0.46449000
vn 0.61942800 0.44285100 0.64822200
vn 0.61942800 -0.44285100 -0.64822200
vn 0.17462900 -0.41072100 0.89488200
vn 0.17462900 0.41072100 -0.89488200
vn -0.31933200 0.00969700 0.94759300
vn -0.31933200 -0.00969700 -0.94759300
vn -0.32248200 0.00937600 -0.94652900
vn -0.32248200 -0.00937600 0.94652900
vn 0.94105500 -0.33143500 -0.06757200
vn 0.94105500 0.33143500 0.06757200
vn -0.17502300 0.16558500 -0.97054000
vn -0.17502300 -0.16558500 0.97054000
vn 0.45800800 0.88071400 0.12071500
vn 0.45761500 -0.88144100 0.11683700
vn 0.45800800 -0.88071400 -0.12071500
vn 0.45761500 0.88144100 -0.11683700
vn 0.03945300 0.50683900 -0.86113700
vn 0.03945300 -0.50683900 0.86113700
vn 0.18467600 -0.18742800 0.96476200
vn 0.18467600 0.18742800 -0.96476200
vn -0.41729800 0.88442100 0.20895200
vn -0.41729800 -0.88442100 -0.20895200
vn -0.41712100 -0.88395200 0.21127900
vn -0.41712100 0.88395200 -0.21127900
vn 0.50901700 -0.41645000 -0.75330600
vn 0.50901700 0.41645000 0.75330600
vn -0.38618300 0.49178600 -0.78039100
vn -0.37387500 0.47645200 0.79574500
vn -0.38618300 -0.49178600 0.78039100
vn -0.37387500 -0.47645200 -0.79574500
vn -0.21324000 0.17701000 -0.96083100
vn -0.27534300 0.22444700 0.93477800
vn -0.21324000 -0.17701000 0.96083100
vn -0.27534300 -0.22444700 -0.93477800
vn -0.09675900 0.85115100 0.51592600
vn -0.09675900 -0.85115100 -0.51592600
vn -0.08892300 0.79223100 -0.60370800
vn -0.08892300 -0.79223100 0.60370800
vn 0.46990100 0.51939300 0.71373900
vn 0.46990100 -0.51939300 -0.71373900
vn -0.03757200 -0.98395700 -0.17440400
vn -0.03757200 0.98395700 0.17440400
vn 0.20840200 0.31967700 0.92432400
vn 0.20840200 -0.31967700 -0.92432400
vn -0.23839400 -0.57720000 0.78103000
vn -0.23839400 0.57720000 -0.78103000
vn -0.29065700 0.90833800 0.30073300
vn -0.29065700 -0.90833800 -0.30073300
vn 0.75051000 0.62872300 0.20357400
vn 0.75642200 -0.62242100 0.20104200
vn 0.75051000 -0.62872300 -0.20357400
vn 0.75642200 0.62242100 -0.20104200
vn 0.87685800 -0.37591500 0.29968000
vn 0.87685800 0.37591500 -0.29968000
vn 0.24485900 -0.86939000 0.42919100
vn 0.24485900 0.86939000 -0.42919100
vn 0.02808800 -0.05464300 -0.99811100
vn 0.02808800 0.05464300 0.99811100
vn -0.06036200 0.49830200 0.86490000
vn -0.06036200 -0.49830200 -0.86490000
vn 0.42844400 -0.57253100 0.69903100
vn 0.42844400 0.57253100 -0.69903100
vn 0.36081900 -0.91739700 0.16790300
vn 0.36081900 0.91739700 -0.16790300
vn 0.19666200 -0.07419400 0.97766000
vn 0.19666200 0.07419400 -0.97766000
vn -0.17016400 0.90540300 0.38896000
vn -0.17016400 -0.90540300 -0.38896000
vn -0.06351500 0.08980100 0.99393200
vn -0.06351500 -0.08980100 -0.99393200
vn -0.11522800 0.16268200 -0.97992700
vn -0.11522800 -0.16268200 0.97992700
vn 0.00320500 0.18715600 0.98232500
vn 0.00320500 -0.18715600 -0.98232500
vn -0.12132500 0.77750800 0.61705900
vn -0.12132500 -0.77750800 -0.61705900
vn -0.12148100 -0.78080100 0.61285600
vn -0.12148100 0.78080100 -0.61285600
vn 0.64621400 -0.46630000 0.60412900
vn 0.64621400 0.46630000 -0.60412900
vn 0.01104000 -0.00907700 -0.99989800
vn 0.01104000 0.00907700 0.99989800
vn 0.24445900 0.87960600 0.40808600
vn 0.24445900 -0.87960600 -0.40808600
vn -0.52430200 -0.82533200 0.20960500
vn -0.52430200 0.82533200 -0.20960500
vn -0.52315400 0.82461800 0.21520900
vn -0.52315400 -0.82461800 -0.21520900
vn 0.28191300 -0.02946400 -0.95898700
vn 0.28191300 0.02946400 0.95898700
vn 0.29965400 -0.03311200 0.95347300
vn 0.29965400 0.03311200 -0.95347300
vn 0.93404300 0.16042400 0.31910600
vn 0.93404300 -0.16042400 -0.31910600
vn -0.24107500 0.16525900 -0.95633300
vn -0.24107500 -0.16525900 0.95633300
vn 0.20326400 -0.10536000 0.97343900
vn 0.20326400 0.10536000 -0.97343900
vn -0.10336800 0.27342600 -0.95632300
vn -0.10336800 -0.27342600 0.95632300
vn -0.05304300 -0.88749700 0.45775000
vn -0.05304300 0.88749700 -0.45775000
vn -0.25058800 0.16971000 0.95310200
vn -0.25058800 -0.16971000 -0.95310200
vn -0.05438100 0.88057700 0.47077200
vn -0.05438100 -0.88057700 -0.47077200
vn 0.32154300 -0.27536300 -0.90597200
vn 0.32154300 0.27536300 0.90597200
vn 0.08691400 -0.20629200 -0.97462300
vn 0.08691400 0.20629200 0.97462300
vn -0.32669900 0.74964400 0.57558800
vn -0.32669900 -0.74964400 -0.57558800
vn -0.31892100 0.73126500 -0.60294300
vn -0.31892100 -0.73126500 0.60294300
vn 0.15033000 -0.09312900 -0.98424000
vn 0.15033000 0.09312900 0.98424000
vn 0.46514800 0.61469100 0.63701800
vn 0.46514800 -0.61469100 -0.63701800
vn -0.33145300 0.29740100 0.89537200
vn -0.33145300 -0.29740100 -0.89537200
vn 0.59188600 0.47477500 0.65135200
vn 0.59188600 -0.47477500 -0.65135200
vn 0.62337900 -0.22566400 0.74864800
vn 0.62337900 0.22566400 -0.74864800
vn 0.91746300 -0.18096700 0.35427800
vn 0.91746300 0.18096700 -0.35427800
vn 0.77587600 -0.09973500 0.62295200
vn 0.77587600 0.09973500 -0.62295200
vn -0.48295300 0.32906800 0.81146200
vn -0.48295300 -0.32906800 -0.81146200
vn 0.78237900 -0.27078300 0.56085600
vn 0.78237900 0.27078300 -0.56085600
vn 0.89071500 0.37258800 0.26039500
vn 0.89071500 -0.37258800 -0.26039500
vn 0.67698900 0.31008600 0.66748200
vn 0.67698900 -0.31008600 -0.66748200
vn -0.24067900 -0.18427400 0.95295100
vn -0.24067900 0.18427400 -0.95295100
vn 0.33770800 0.86566200 0.36957000
vn 0.33770800 -0.86566200 -0.36957000
vn -0.11226500 0.17951000 0.97732900
vn -0.11226500 -0.17951000 -0.97732900
vn -0.14459500 0.22870300 -0.96269800
vn -0.14459500 -0.22870300 0.96269800
vn 0.97690800 -0.13182500 0.16814500
vn 0.97690800 0.13182500 -0.16814500
vn 0.80339300 0.33485000 0.49237700
vn 0.80339300 -0.33485000 -0.49237700
vn -0.16708200 0.15816700 0.97317400
vn -0.16708200 -0.15816700 -0.97317400
vn 0.06750600 0.38658400 0.91978000
vn 0.06750600 -0.38658400 -0.91978000
vn 0.40846600 -0.01040700 -0.91271400
vn 0.40846600 0.01040700 0.91271400
vn 0.78846400 0.09542300 0.60763400
vn 0.78846400 -0.09542300 -0.60763400
vn 0.11372100 0.57099400 0.81303900
vn 0.11372100 -0.57099400 -0.81303900
vn 0.22703100 -0.18101600 -0.95691700
vn 0.22703100 0.18101600 0.95691700
vn 0.90701200 0.33729100 0.25212100
vn 0.90701200 -0.33729100 -0.25212100
vn -0.81455400 0.31446300 0.48745700
vn -0.81455400 -0.31446300 -0.48745700
vn -0.35055800 0.31718500 -0.88119400
vn -0.35055800 -0.31718500 0.88119400
vn -0.02326600 0.67377700 0.73856800
vn -0.02326600 -0.67377700 -0.73856800
vn -0.80499500 0.31036400 -0.50562600
vn -0.80499500 -0.31036400 0.50562600
vn 0.69420100 -0.71807100 0.04958400
vn 0.69420100 0.71807100 -0.04958400
vn 0.67592200 -0.69091900 0.25643700
vn 0.67592200 0.69091900 -0.25643700
vn 0.33453300 -0.32167500 -0.88578300
vn 0.33453300 0.32167500 0.88578300
vn -0.09825400 -0.88498100 0.45514300
vn -0.09825400 0.88498100 -0.45514300
vn 0.05991600 0.35329100 -0.93359300
vn 0.05991600 -0.35329100 0.93359300
vn 0.34775300 -0.43723400 0.82939400
vn 0.34775300 0.43723400 -0.82939400
vn 0.23910600 -0.20945900 -0.94813300
vn 0.23910600 0.20945900 0.94813300
vn 0.15814100 0.51923400 -0.83987400
vn 0.15814100 -0.51923400 0.83987400
vn 0.15149700 -0.07119100 -0.98589100
vn 0.15149700 0.07119100 0.98589100
vn 0.18204400 0.40689500 0.89515100
vn 0.18204400 -0.40689500 -0.89515100
vn 0.48948600 -0.01275000 0.87191800
vn 0.48948600 0.01275000 -0.87191800
f 293//293 2//2 289//289
f 293//293 238//238 1//1
f 238//238 293//293 289//289
f 2//2 293//293 1//1
f 292//292 238//238 288//288
f 292//292 17//17 1//1
f 17//17 292//292 288//288
f 238//238 292//292 1//1
f 291//291 17//17 287//287
f 291//291 18//18 1//1
f 18//18 291//291 287//287
f 17//17 291//291 1//1
f 2//2 290//290 286//286
f 18//18 290//290 1//1
f 290//290 18//18 286//286
f 290//290 2//2 1//1
f 4527//4527 2023//2023 3817//3817
f 289//289 237//237 238//238
f 969//969 4527//4527 3817//3817
f 4527//4527 969//969 1289//1289
f 4526//4526 2022//2022 3816//3816
f 237//237 288//288 238//238
f 968//968 4526//4526 3816//3816
f 287//287 19//19 18//18
f 4526//4526 968//968 1288//1288
f 4619//4619 1316//1316 4909//4909
f 19//19 286//286 18//18
f 2581//2581 4639//4639 401//401
f 631//631 2581//2581 401//401
f 2580//2580 4638//4638 400//400
f 2757//2757 4619//4619 4909//4909
f 4618//4618 1314//1314 4908//4908
f 630//630 2580//2580 400//400
f 5001//5001 1279//1279 1383//1383
f 1279//1279 3273//3273 1383//1383
f 2756//2756 4618//4618 4908//4908
f 1541//1541 3125//3125 5133//5133
f 5000//5000 1278//1278 1382//1382
f 4439//4439 4279//4279 3969//3969
f 4439//4439 723//723 4279//4279
f 511//511 3969//3969 4279//4279
f 511//511 4279//4279 2193//2193
f 4438//4438 4278//4278 3968//3968
f 4438//4438 722//722 4278//4278
f 510//510 3968//3968 4278//4278
f 510//510 4278//4278 2192//2192
f 4035//4035 4723//4723 2657//2657
f 763//763 4429//4429 4723//4723
f 4035//4035 763//763 4723//4723
f 4034//4034 4722//4722 2656//2656
f 762//762 4428//4428 4722//4722
f 4034//4034 762//762 4722//4722
f 5083//5083 5133//5133 3125//3125
f 1540//1540 3124//3124 5132//5132
f 1278//1278 3272//3272 1382//1382
f 5082//5082 5132//5132 3124//3124
f 4819//4819 1575//1575 3573//3573
f 1575//1575 3035//3035 3573//3573
f 4818//4818 1574//1574 3572//3572
f 5355//5355 4645//4645 5051//5051
f 2169//2169 4453//4453 1047//1047
f 4453//4453 2169//2169 2747//2747
f 4453//4453 1591//1591 1047//1047
f 2168//2168 4452//4452 1046//1046
f 4452//4452 2168//2168 2746//2746
f 4452//4452 1590//1590 1046//1046
f 4097//4097 1953//1953 1435//1435
f 4249//4249 1435//1435 1953//1953
f 4096//4096 1952//1952 1434//1434
f 4248//4248 1434//1434 1952//1952
f 4485//4485 2065//2065 2371//2371
f 1023//1023 4485//4485 2371//2371
f 4485//4485 1023//1023 1673//1673
f 4484//4484 2064//2064 2370//2370
f 4482//4482 3322//3322 4033//4033
f 3322//3322 4522//4522 4031//4031
f 4033//4033 3322//3322 2641//2641
f 3322//3322 4031//4031 2641//2641
f 4483//4483 3323//3323 4032//4032
f 3323//3323 4523//4523 4030//4030
f 1022//1022 4484//4484 2370//2370
f 4032//4032 3323//3323 2640//2640
f 3323//3323 4030//4030 2640//2640
f 1574//1574 3034//3034 3572//3572
f 1321//1321 4587//4587 4235//4235
f 4484//4484 1022//1022 1672//1672
f 3117//3117 4976//4976 1977//1977
f 4997//4997 4837//4837 4947//4947
f 1977//1977 4976//4976 325//325
f 4996//4996 4836//4836 4946//4946
f 4235//4235 4587//4587 2905//2905
f 5354//5354 4644//4644 5050//5050
f 237//237 289//289 399//399
f 4235//4235 899//899 1321//1321
f 1320//1320 4586//4586 4234//4234
f 288//288 237//237 398//398
f 1854//1854 4434//4434 3832//3832
f 4234//4234 4586//4586 2904//2904
f 19//19 287//287 397//397
f 4035//4035 2903//2903 701//701
f 4035//4035 4983//4983 2903//2903
f 286//286 19//19 396//396
f 4579//4579 4205//4205 1995//1995
f 2541//2541 1995//1995 4205//4205
f 4234//4234 898//898 1320//1320
f 4034//4034 2902//2902 700//700
f 4578//4578 4204//4204 1994//1994
f 2540//2540 1994//1994 4204//4204
f 4034//4034 4982//4982 2902//2902
f 1852//1852 4432//4432 3830//3830
f 3807//3807 891//891 1663//1663
f 3129//3129 5496//5496 2978//2978
f 4435//4435 1855//1855 3833//3833
f 867//867 3807//3807 1663//1663
f 3805//3805 890//890 1661//1661
f 4433//4433 1853//1853 3831//3831
f 5496//5496 3129//3129 3453//3453
f 2813//2813 2801//2801 1313//1313
f 3575//3575 1393//1393 3261//3261
f 865//865 3805//3805 1661//1661
f 855//855 3303//3303 1913//1913
f 2812//2812 2800//2800 1312//1312
f 3731//3731 1913//1913 3303//3303
f 3574//3574 1392//1392 3260//3260
f 2819//2819 2823//2823 661//661
f 855//855 1913//1913 3353//3353
f 853//853 3302//3302 1912//1912
f 2817//2817 2822//2822 659//659
f 3730//3730 1912//1912 3302//3302
f 853//853 1912//1912 3352//3352
f 4583//4583 2489//2489 4685//4685
f 1367//1367 4583//4583 4685//4685
f 1367//1367 4685//4685 2641//2641
f 4582//4582 2488//2488 4684//4684
f 4291//4291 4821//4821 3471//3471
f 1366//1366 4582//4582 4684//4684
f 3471//3471 2421//2421 4291//4291
f 4821//4821 4291//4291 2025//2025
f 4290//4290 4820//4820 3470//3470
f 1366//1366 4684//4684 2640//2640
f 3470//3470 2420//2420 4290//4290
f 4820//4820 4290//4290 2024//2024
f 2603//2603 1659//1659 4647//4647
f 695//695 4813//4813 5245//5245
f 4643//4643 4813//4813 695//695
f 1659//1659 1915//1915 4647//4647
f 4649//4649 2611//2611 3137//3137
f 1715//1715 3137//3137 2611//2611
f 1103//1103 1659//1659 2603//2603
f 4648//4648 2610//2610 3136//3136
f 694//694 4812//4812 5244//5244
f 1714//1714 3136//3136 2610//2610
f 2602//2602 1658//1658 4646//4646
f 4642//4642 4812//4812 694//694
f 1658//1658 1914//1914 4646//4646
f 1102//1102 1658//1658 2602//2602
f 3119//3119 4977//4977 1979//1979
f 4398//4398 3883//3883 2119//2119
f 3883//3883 4283//4283 2119//2119
f 4283//4283 3883//3883 1837//1837
f 3025//3025 2874//2874 2892//2892
f 4399//4399 3882//3882 2118//2118
f 3882//3882 4282//4282 2118//2118
f 4282//4282 3882//3882 1836//1836
f 1979//1979 4977//4977 327//327
f 5259//5259 2185//2185 51//51
f 5259//5259 2285//2285 2185//2185
f 3025//3025 2892//2892 1406//1406
f 3090//3090 4978//4978 1470//1470
f 1470//1470 4978//4978 744//744
f 3105//3105 736//736 3305//3305
f 1219//1219 4643//4643 2867//2867
f 3305//3305 736//736 745//745
f 1218//1218 4642//4642 2866//2866
f 4695//4695 1781//1781 3625//3625
f 3093//3093 5496//5496 3453//3453
f 4694//4694 1780//1780 3624//3624
f 3127//3127 5497//5497 2980//2980
f 823//823 4321//4321 3251//3251
f 3251//3251 4557//4557 823//823
f 822//822 4320//4320 3250//3250
f 3250//3250 4556//4556 822//822
f 2311//2311 2361//2361 282//282
f 5258//5258 2183//2183 205//205
f 2535//2535 1319//1319 2751//2751
f 2309//2309 2359//2359 280//280
f 2535//2535 2629//2629 1319//1319
f 5258//5258 2283//2283 2183//2183
f 2534//2534 1318//1318 2750//2750
f 2360//2360 2310//2310 281//281
f 2534//2534 2628//2628 1318//1318
f 3092//3092 4979//4979 1472//1472
f 1472//1472 4979//4979 746//746
f 2358//2358 2308//2308 279//279
f 747//747 3093//3093 1473//1473
f 2184//2184 5261//5261 205//205
f 2284//2284 5261//5261 2184//2184
f 745//745 3091//3091 1471//1471
f 2717//2717 4607//4607 3661//3661
f 2083//2083 2151//2151 3775//3775
f 3661//3661 625//625 2717//2717
f 2716//2716 4606//4606 3660//3660
f 2151//2151 262//262 3775//3775
f 3660//3660 624//624 2716//2716
f 2395//2395 1985//1985 2943//2943
f 3107//3107 737//737 3307//3307
f 2394//2394 1984//1984 2942//2942
f 3307//3307 737//737 747//747
f 455//455 4225//4225 2615//2615
f 2182//2182 5260//5260 51//51
f 2591//2591 4559//4559 3053//3053
f 2081//2081 2149//2149 3773//3773
f 454//454 4224//4224 2614//2614
f 2149//2149 260//260 3773//3773
f 2590//2590 4558//4558 3052//3052
f 2282//2282 5260//5260 2182//2182
f 1261//1261 4375//4375 3401//3401
f 4375//4375 1077//1077 3401//3401
f 1260//1260 4374//4374 3400//3400
f 4374//4374 1076//1076 3400//3400
f 5497//5497 3127//3127 3452//3452
f 4653//4653 4497//4497 1273//1273
f 2150//2150 2082//2082 3774//3774
f 261//261 2150//2150 3774//3774
f 3269//3269 4497//4497 124//124
f 3091//3091 5497//5497 3452//3452
f 4651//4651 4496//4496 1272//1272
f 2148//2148 2080//2080 3772//3772
f 4839//4839 2755//2755 4237//4237
f 4839//4839 4237//4237 1183//1183
f 4977//4977 3115//3115 3291//3291
f 1881//1881 4237//4237 2755//2755
f 3268//3268 4496//4496 132//132
f 4838//4838 2754//2754 4236//4236
f 4977//4977 3291//3291 327//327
f 3200//3200 1764//1764 1501//1501
f 4838//4838 4236//4236 1182//1182
f 3162//3162 1546//1546 3224//3224
f 1880//1880 4236//4236 2754//2754
f 1764//1764 3558//3558 1501//1501
f 3160//3160 1544//1544 3222//3222
f 1764//1764 3200//3200 3527//3527
f 4805//4805 1229//1229 3851//3851
f 259//259 2148//2148 3772//3772
f 1229//1229 4805//4805 1339//1339
f 3198//3198 1762//1762 1500//1500
f 1762//1762 3556//3556 1500//1500
f 4804//4804 1228//1228 3850//3850
f 1762//1762 3198//3198 3526//3526
f 1228//1228 4804//4804 1338//1338
f 1465//1465 4277//4277 3691//3691
f 4277//4277 851//851 3691//3691
f 963//963 2075//2075 4787//4787
f 1464//1464 4276//4276 3690//3690
f 4787//4787 2075//2075 2677//2677
f 4276//4276 850//850 3690//3690
f 1985//1985 2391//2391 4311//4311
f 2391//2391 999//999 4311//4311
f 1984//1984 2390//2390 4310//4310
f 2390//2390 998//998 4310//4310
f 4787//4787 1287//1287 963//963
f 962//962 2074//2074 4786//4786
f 4786//4786 2074//2074 2676//2676
f 4786//4786 1286//1286 962//962
f 3645//3645 1369//1369 3075//3075
f 3645//3645 4139//4139 1369//1369
f 5111//5111 3645//3645 3075//3075
f 3644//3644 1368//1368 3074//3074
f 3644//3644 4138//4138 1368//1368
f 5110//5110 3644//3644 3074//3074
f 3271//3271 3815//3815 472//472
f 472//472 3287//3287 3271//3271
f 3271//3271 3287//3287 1353//1353
f 3270//3270 3814//3814 470//470
f 2001//2001 3077//3077 1197//1197
f 3077//3077 1477//1477 455//455
f 3077//3077 455//455 1197//1197
f 2000//2000 3076//3076 1196//1196
f 3076//3076 1476//1476 454//454
f 3076//3076 454//454 1196//1196
f 2075//2075 4765//4765 2677//2677
f 4765//4765 2075//2075 2233//2233
f 411//411 4765//4765 1141//1141
f 1141//1141 4765//4765 2233//2233
f 2074//2074 4764//4764 2676//2676
f 4764//4764 2074//2074 2232//2232
f 2571//2571 4445//4445 4457//4457
f 410//410 4764//4764 1140//1140
f 4445//4445 1957//1957 4457//4457
f 2570//2570 4444//4444 4456//4456
f 1140//1140 4764//4764 2232//2232
f 4444//4444 1956//1956 4456//4456
f 4405//4405 1045//1045 1935//1935
f 1045//1045 4405//4405 2155//2155
f 4405//4405 1029//1029 2155//2155
f 4404//4404 1044//1044 1934//1934
f 1044//1044 4404//4404 2154//2154
f 4404//4404 1028//1028 2154//2154
f 3351//3351 441//441 2789//2789
f 2789//2789 4873//4873 3351//3351
f 3350//3350 440//440 2788//2788
f 2788//2788 4872//4872 3350//3350
f 2941//2941 3525//3525 1637//1637
f 3524//3524 2940//2940 1636//1636
f 2939//2939 3523//3523 1635//1635
f 3522//3522 2938//2938 1634//1634
f 470//470 3286//3286 3270//3270
f 3270//3270 3286//3286 1352//1352
f 2487//2487 2887//2887 4832//4832
f 4832//4832 5195//5195 2487//2487
f 2793//2793 4832//4832 2887//2887
f 4747//4747 3895//3895 1803//1803
f 2486//2486 2886//2886 4830//4830
f 1311//1311 4747//4747 1803//1803
f 4830//4830 5194//5194 2486//2486
f 1803//1803 4907//4907 1311//1311
f 4746//4746 3894//3894 1802//1802
f 2792//2792 4830//4830 2886//2886
f 1310//1310 4746//4746 1802//1802
f 1802//1802 4906//4906 1310//1310
f 3891//3891 2823//2823 1319//1319
f 3891//3891 1319//1319 2629//2629
f 1213//1213 3891//3891 673//673
f 3891//3891 1213//1213 2823//2823
f 1381//1381 2621//2621 3103//3103
f 3890//3890 2822//2822 1318//1318
f 4633//4633 2825//2825 2019//2019
f 3135//3135 2621//2621 1381//1381
f 395//395 4633//4633 2019//2019
f 4632//4632 2824//2824 2018//2018
f 1380//1380 2619//2619 3101//3101
f 394//394 4632//4632 2018//2018
f 3087//3087 2645//2645 4707//4707
f 3890//3890 1318//1318 2628//2628
f 2023//2023 4439//4439 1903//1903
f 4439//4439 2023//2023 2969//2969
f 1211//1211 3087//3087 4707//4707
f 2022//2022 4438//4438 1902//1902
f 4438//4438 2022//2022 2968//2968
f 3086//3086 2644//2644 4706//4706
f 3134//3134 2619//2619 1380//1380
f 1212//1212 3890//3890 672//672
f 1210//1210 3086//3086 4706//4706
f 3890//3890 1212//1212 2822//2822
f 939//939 3546//3546 2328//2328
f 1708//1708 939//939 3939//3939
f 1708//1708 3546//3546 939//939
f 938//938 3547//3547 2329//2329
f 1709//1709 938//938 3938//3938
f 1709//1709 3547//3547 938//938
f 1707//1707 1751//1751 3389//3389
f 1751//1751 1645//1645 3389//3389
f 4323//4323 4759//4759 3109//3109
f 4759//4759 4047//4047 3109//3109
f 4323//4323 3109//3109 1769//1769
f 4322//4322 4758//4758 3108//3108
f 4758//4758 4046//4046 3108//3108
f 4322//4322 3108//3108 1768//1768
f 2069//2069 1173//1173 4121//4121
f 1173//1173 599//599 4121//4121
f 599//599 1173//1173 2243//2243
f 2068//2068 1172//1172 4120//4120
f 1172//1172 598//598 4120//4120
f 598//598 1172//1172 2242//2242
f 1751//1751 3513//3513 1645//1645
f 1705//1705 1749//1749 3387//3387
f 1749//1749 1643//1643 3387//3387
f 1749//1749 3511//3511 1643//1643
f 1684//1684 3114//3114 1609//1609
f 1682//1682 3112//3112 1608//1608
f 3960//3960 3910//3910 1844//1844
f 862//862 3910//3910 518//518
f 3960//3960 518//518 3910//3910
f 3958//3958 3908//3908 1842//1842
f 2581//2581 2717//2717 625//625
f 2581//2581 625//625 3073//3073
f 623//623 235//235 236//236
f 2580//2580 2716//2716 624//624
f 399//399 623//623 236//236
f 2580//2580 624//624 3072//3072
f 235//235 622//622 236//236
f 860//860 3908//3908 516//516
f 622//622 398//398 236//236
f 3958//3958 516//516 3908//3908
f 621//621 21//21 20//20
f 1335//1335 5501//5501 2833//2833
f 397//397 621//621 20//20
f 3635//3635 1793//1793 926//926
f 21//21 620//620 20//20
f 3495//3495 1791//1791 4321//4321
f 4321//4321 823//823 3495//3495
f 3494//3494 1790//1790 4320//4320
f 620//620 396//396 20//20
f 4320//4320 822//822 3494//3494
f 2356//2356 273//273 2550//2550
f 273//273 277//277 2550//2550
f 1927//1927 3503//3503 4039//4039
f 4039//4039 983//983 1927//1927
f 2550//2550 277//277 582//582
f 1122//1122 2356//2356 2550//2550
f 1926//1926 3502//3502 4038//4038
f 4038//4038 982//982 1926//1926
f 2587//2587 3905//3905 3577//3577
f 2354//2354 271//271 2548//2548
f 4156//4156 1916//1916 5246//5246
f 1917//1917 3905//3905 2587//2587
f 271//271 275//275 2548//2548
f 2586//2586 3904//3904 3576//3576
f 2548//2548 275//275 580//580
f 1359//1359 5501//5501 1416//1416
f 3634//3634 1792//1792 924//924
f 5246//5246 1916//1916 2586//2586
f 1120//1120 2354//2354 2548//2548
f 1916//1916 3904//3904 2586//2586
f 2997//2997 3189//3189 5093//5093
f 274//274 2357//2357 2551//2551
f 5187//5187 5093//5093 3189//3189
f 278//278 274//274 2551//2551
f 278//278 2551//2551 583//583
f 5093//5093 5187//5187 1475//1475
f 2996//2996 3187//3187 5092//5092
f 2357//2357 1123//1123 2551//2551
f 1143//1143 2715//2715 5041//5041
f 4771//4771 2715//2715 1143//1143
f 1142//1142 2714//2714 5040//5040
f 4770//4770 2714//2714 1142//1142
f 5186//5186 5092//5092 3187//3187
f 272//272 2355//2355 2549//2549
f 5092//5092 5186//5186 1474//1474
f 276//276 272//272 2549//2549
f 276//276 2549//2549 581//581
f 2355//2355 1121//1121 2549//2549
f 1971//1971 4131//4131 1801//1801
f 3793//3793 4053//4053 1325//1325
f 1971//1971 1801//1801 4125//4125
f 5195//5195 660//660 2487//2487
f 4073//4073 1971//1971 4125//4125
f 3792//3792 4052//4052 1324//1324
f 1969//1969 4129//4129 1800//1800
f 2487//2487 660//660 3835//3835
f 5194//5194 658//658 2486//2486
f 1969//1969 1800//1800 4123//4123
f 2486//2486 658//658 3834//3834
f 4071//4071 1969//1969 4123//4123
f 4976//4976 3113//3113 3290//3290
f 4976//4976 3290//3290 325//325
f 2878//2878 2856//2856 5174//5174
f 2876//2876 2854//2854 5172//5172
f 1499//1499 5135//5135 3167//3167
f 5269//5269 5135//5135 1499//1499
f 3303//3303 3167//3167 5135//5135
f 3605//3605 883//883 5104//5104
f 1498//1498 5134//5134 3166//3166
f 5268//5268 5134//5134 1498//1498
f 3302//3302 3166//3166 5134//5134
f 5104//5104 883//883 873//873
f 4223//4223 4991//4991 1609//1609
f 711//711 4223//4223 2683//2683
f 887//887 3611//3611 4462//4462
f 887//887 4462//4462 2672//2672
f 3450//3450 887//887 2672//2672
f 886//886 3610//3610 4463//4463
f 886//886 4463//4463 2673//2673
f 3451//3451 886//886 2673//2673
f 303//303 2731//2731 5351//5351
f 4223//4223 1609//1609 2683//2683
f 4222//4222 4990//4990 1608//1608
f 710//710 4222//4222 2682//2682
f 2757//2757 5351//5351 2731//2731
f 4222//4222 1608//1608 2682//2682
f 302//302 2730//2730 5350//5350
f 2756//2756 5350//5350 2730//2730
f 5331//5331 1553//1553 3277//3277
f 3007//3007 1553//1553 5331//5331
f 5169//5169 3007//3007 5331//5331
f 5330//5330 1552//1552 3275//3275
f 3006//3006 1552//1552 5330//5330
f 5168//5168 3006//3006 5330//5330
f 5151//5151 2749//2749 5071//5071
f 2723//2723 5151//5151 5071//5071
f 373//373 2221//2221 2101//2101
f 2101//2101 2173//2173 373//373
f 2810//2810 5071//5071 2749//2749
f 371//371 2219//2219 2099//2099
f 2099//2099 2171//2171 371//371
f 5150//5150 2748//2748 5070//5070
f 2220//2220 372//372 2100//2100
f 2172//2172 2100//2100 372//372
f 2049//2049 4513//4513 4177//4177
f 4513//4513 3009//3009 1115//1115
f 4513//4513 1115//1115 4177//4177
f 2048//2048 4512//4512 4176//4176
f 4512//4512 3008//3008 1114//1114
f 4512//4512 1114//1114 4176//4176
f 2722//2722 5150//5150 5070//5070
f 2218//2218 370//370 2098//2098
f 2170//2170 2098//2098 370//370
f 2808//2808 5070//5070 2748//2748
f 1939//1939 4409//4409 4213//4213
f 2725//2725 2905//2905 4587//4587
f 2905//2905 2725//2725 4019//4019
f 1939//1939 4213//4213 2841//2841
f 1938//1938 4408//4408 4212//4212
f 2725//2725 1655//1655 4019//4019
f 2724//2724 2904//2904 4586//4586
f 1938//1938 4212//4212 2840//2840
f 2904//2904 2724//2724 4018//4018
f 4293//4293 2501//2501 685//685
f 2501//2501 4293//4293 2987//2987
f 4373//4373 1783//1783 1697//1697
f 2724//2724 1654//1654 4018//4018
f 4292//4292 2500//2500 684//684
f 2500//2500 4292//4292 2986//2986
f 1783//1783 4373//4373 1333//1333
f 4697//4697 2807//2807 5005//5005
f 4373//4373 1115//1115 1333//1333
f 399//399 236//236 237//237
f 236//236 398//398 237//237
f 397//397 20//20 19//19
f 20//20 396//396 19//19
f 4372//4372 1782//1782 1696//1696
f 1782//1782 4372//4372 1332//1332
f 4372//4372 1114//1114 1332//1332
f 4697//4697 1305//1305 2807//2807
f 3299//3299 4697//4697 5005//5005
f 4419//4419 4945//4945 1413//1413
f 4419//4419 749//749 4945//4945
f 4321//4321 4945//4945 749//749
f 4696//4696 2806//2806 5004//5004
f 4418//4418 4944//4944 1412//1412
f 4418//4418 748//748 4944//4944
f 4320//4320 4944//4944 748//748
f 4696//4696 1304//1304 2806//2806
f 1155//1155 4456//4456 4985//4985
f 4985//4985 4155//4155 1155//1155
f 4985//4985 4456//4456 425//425
f 3298//3298 4696//4696 5004//5004
f 1154//1154 4457//4457 4984//4984
f 4984//4984 4154//4154 1154//1154
f 4984//4984 4457//4457 424//424
f 3375//3375 1945//1945 3297//3297
f 3375//3375 897//897 1945//1945
f 447//447 1945//1945 897//897
f 3374//3374 1944//1944 3296//3296
f 3374//3374 896//896 1944//1944
f 446//446 1944//1944 896//896
f 3797//3797 3917//3917 3581//3581
f 1761//1761 3797//3797 3581//3581
f 3916//3916 3796//3796 3580//3580
f 3796//3796 1760//1760 3580//3580
f 3795//3795 3915//3915 3579//3579
f 1759//1759 3795//3795 3579//3579
f 3914//3914 3794//3794 3578//3578
f 3794//3794 1758//1758 3578//3578
f 4185//4185 4229//4229 2047//2047
f 1223//1223 4461//4461 2913//2913
f 4593//4593 2047//2047 4229//4229
f 3595//3595 1149//1149 4677//4677
f 1103//1103 3763//3763 2977//2977
f 4183//4183 4227//4227 2045//2045
f 1102//1102 3762//3762 2976//2976
f 3594//3594 1148//1148 4676//4676
f 4501//4501 2317//2317 4215//4215
f 4461//4461 653//653 2913//2913
f 1109//1109 4215//4215 2317//2317
f 128//128 4501//4501 4215//4215
f 4500//4500 2316//2316 4214//4214
f 4591//4591 2045//2045 4227//4227
f 1108//1108 4214//4214 2316//2316
f 128//128 4500//4500 4214//4214
f 3905//3905 1917//1917 1847//1847
f 3661//3661 1847//1847 1917//1917
f 3904//3904 1916//1916 1846//1846
f 3660//3660 1846//1846 1916//1916
f 4228//4228 4184//4184 2046//2046
f 4121//4121 1887//1887 3111//3111
f 2913//2913 4669//4669 1223//1223
f 4120//4120 1886//1886 3110//3110
f 1903//1903 4439//4439 3969//3969
f 1902//1902 4438//4438 3968//3968
f 1961//1961 2513//2513 1555//1555
f 2513//2513 1035//1035 1555//1555
f 1960//1960 2512//2512 1554//1554
f 2512//2512 1034//1034 1554//1554
f 1222//1222 4460//4460 2912//2912
f 2046//2046 4592//4592 4228//4228
f 4226//4226 4182//4182 2044//2044
f 4460//4460 652//652 2912//2912
f 2912//2912 4668//4668 1222//1222
f 2044//2044 4590//4590 4226//4226
f 5319//5319 4468//4468 4402//4402
f 5319//5319 2230//2230 4468//4468
f 14//14 5319//5319 4402//4402
f 5319//5319 14//14 15//15
f 5318//5318 4466//4466 4400//4400
f 3069//3069 1425//1425 1451//1451
f 5318//5318 2228//2228 4466//4466
f 5//5 5318//5318 4400//4400
f 3068//3068 1424//1424 1449//1449
f 5318//5318 5//5 4//4
f 3625//3625 1911//1911 4695//4695
f 4695//4695 1911//1911 2655//2655
f 3624//3624 1910//1910 4694//4694
f 4694//4694 1910//1910 2654//2654
f 4469//4469 5317//5317 4403//4403
f 2231//2231 5317//5317 4469//4469
f 5317//5317 5//5 4403//4403
f 5//5 5317//5317 4//4
f 4467//4467 5316//5316 4401//4401
f 2229//2229 5316//5316 4467//4467
f 5316//5316 14//14 4401//4401
f 14//14 5316//5316 15//15
f 4519//4519 2189//2189 2315//2315
f 1045//1045 4519//4519 2315//2315
f 4518//4518 2188//2188 2314//2314
f 1044//1044 4518//4518 2314//2314
f 2426//2426 2410//2410 212//212
f 2410//2410 211//211 212//212
f 2424//2424 2408//2408 44//44
f 2408//2408 45//45 44//44
f 2837//2837 4193//4193 4627//4627
f 2411//2411 2427//2427 44//44
f 2836//2836 4192//4192 4626//4626
f 45//45 2411//2411 44//44
f 2409//2409 2425//2425 212//212
f 211//211 2409//2409 212//212
f 1245//1245 4649//4649 1385//1385
f 3784//3784 2094//2094 4547//4547
f 4649//4649 1245//1245 677//677
f 689//689 4649//4649 677//677
f 1244//1244 4648//4648 1384//1384
f 4449//4449 4547//4547 2094//2094
f 4648//4648 1244//1244 676//676
f 688//688 4648//4648 676//676
f 1285//1285 1493//1493 2997//2997
f 3782//3782 2092//2092 4545//4545
f 1493//1493 4641//4641 2997//2997
f 1284//1284 1492//1492 2996//2996
f 1492//1492 4640//4640 2996//2996
f 4447//4447 4545//4545 2092//2092
f 2093//2093 3783//3783 4546//4546
f 5081//5081 1241//1241 4260//4260
f 757//757 3229//3229 2785//2785
f 3229//3229 1299//1299 2785//2785
f 4546//4546 4448//4448 2093//2093
f 756//756 3228//3228 2784//2784
f 3228//3228 1298//1298 2784//2784
f 2095//2095 3785//3785 4544//4544
f 1149//1149 5153//5153 2711//2711
f 4709//4709 4677//4677 1149//1149
f 4544//4544 4446//4446 2095//2095
f 1148//1148 5152//5152 2710//2710
f 4708//4708 4676//4676 1148//1148
f 5445//5445 4778//4778 5189//5189
f 2675//2675 3591//3591 1279//1279
f 653//653 2675//2675 1279//1279
f 2674//2674 3590//3590 1278//1278
f 652//652 2674//2674 1278//1278
f 4639//4639 3073//3073 4421//4421
f 2581//2581 3073//3073 4639//4639
f 4063//4063 2691//2691 2695//2695
f 4638//4638 3072//3072 4420//4420
f 2580//2580 3072//3072 4638//4638
f 5069//5069 1241//1241 5081//5081
f 4062//4062 2690//2690 2694//2694
f 5501//5501 1359//1359 2833//2833
f 5080//5080 1240//1240 4258//4258
f 4245//4245 3531//3531 2179//2179
f 5068//5068 1240//1240 5080//5080
f 1949//1949 3531//3531 4245//4245
f 4245//4245 969//969 1949//1949
f 5189//5189 4778//4778 1488//1488
f 4244//4244 3530//3530 2178//2178
f 1948//1948 3530//3530 4244//4244
f 5444//5444 4776//4776 5188//5188
f 4244//4244 968//968 1948//1948
f 3607//3607 885//885 5102//5102
f 5501//5501 1335//1335 1416//1416
f 5188//5188 4776//4776 1486//1486
f 5102//5102 885//885 875//875
f 4779//4779 2951//2951 705//705
f 4779//4779 705//705 1489//1489
f 1351//1351 5095//5095 2903//2903
f 4777//4777 2950//2950 704//704
f 4777//4777 704//704 1487//1487
f 1350//1350 5094//5094 2902//2902
f 4039//4039 3503//3503 2049//2049
f 3503//3503 299//299 2049//2049
f 4038//4038 3502//3502 2048//2048
f 3502//3502 298//298 2048//2048
f 4139//4139 2313//2313 3507//3507
f 1369//1369 4139//4139 3507//3507
f 4138//4138 2312//2312 3506//3506
f 1368//1368 4138//4138 3506//3506
f 3156//3156 3218//3218 5240//5240
f 2879//2879 5243//5243 1443//1443
f 5240//5240 3218//3218 1482//1482
f 2877//2877 5241//5241 1441//1441
f 3926//3926 2102//2102 5346//5346
f 5428//5428 1516//1516 3146//3146
f 5346//5346 2102//2102 1870//1870
f 3009//3009 1333//1333 1115//1115
f 5428//5428 3146//3146 1398//1398
f 3008//3008 1332//1332 1114//1114
f 969//969 3817//3817 4361//4361
f 969//969 4361//4361 1949//1949
f 4595//4595 1297//1297 4765//4765
f 2677//2677 4765//4765 1297//1297
f 968//968 3816//3816 4360//4360
f 968//968 4360//4360 1948//1948
f 2485//2485 2051//2051 2137//2137
f 973//973 2485//2485 2137//2137
f 2484//2484 2050//2050 2136//2136
f 972//972 2484//2484 2136//2136
f 4961//4961 1549//1549 1297//1297
f 1297//1297 1549//1549 2677//2677
f 4594//4594 1296//1296 4764//4764
f 2676//2676 4764//4764 1296//1296
f 4960//4960 1548//1548 1296//1296
f 3156//3156 1440//1440 3242//3242
f 1296//1296 1548//1548 2676//2676
f 2671//2671 3265//3265 2021//2021
f 757//757 2671//2671 2021//2021
f 2670//2670 3264//3264 2020//2020
f 3242//3242 1440//1440 800//800
f 756//756 2670//2670 2020//2020
f 2415//2415 571//571 553//553
f 571//571 2381//2381 2247//2247
f 2247//2247 553//553 571//571
f 3219//3219 3157//3157 5241//5241
f 570//570 2414//2414 552//552
f 2380//2380 570//570 2246//2246
f 552//552 2246//2246 570//570
f 2413//2413 569//569 551//551
f 3219//3219 5241//5241 1483//1483
f 569//569 2379//2379 2245//2245
f 2245//2245 551//551 569//569
f 568//568 2412//2412 550//550
f 2378//2378 568//568 2244//2244
f 550//550 2244//2244 568//568
f 2878//2878 5174//5174 1442//1442
f 5242//5242 2878//2878 1442//1442
f 2876//2876 5172//5172 1440//1440
f 5240//5240 2876//2876 1440//1440
f 1334//1334 5500//5500 2832//2832
f 5429//5429 1518//1518 3148//3148
f 1358//1358 5500//5500 1414//1414
f 5429//5429 3148//3148 1400//1400
f 240//240 4795//4795 4937//4937
f 4778//4778 5445//5445 142//142
f 1757//1757 240//240 4937//4937
f 239//239 4794//4794 4936//4936
f 1756//1756 239//239 4936//4936
f 4776//4776 5444//5444 114//114
f 5095//5095 1530//1530 4845//4845
f 5094//5094 1528//1528 4844//4844
f 1109//1109 2275//2275 2467//2467
f 2275//2275 595//595 2467//2467
f 1108//1108 2274//2274 2466//2466
f 2274//2274 594//594 2466//2466
f 5369//5369 5007//5007 858//858
f 858//858 2966//2966 5369//5369
f 2966//2966 845//845 5369//5369
f 5368//5368 5006//5006 856//856
f 856//856 2964//2964 5368//5368
f 2964//2964 844//844 5368//5368
f 2439//2439 1101//1101 4543//4543
f 1101//1101 4537//4537 4543//4543
f 4537//4537 1101//1101 2303//2303
f 2437//2437 1099//1099 4541//4541
f 1099//1099 4535//4535 4541//4541
f 4535//4535 1099//1099 2301//2301
f 3689//3689 1619//1619 3277//3277
f 5331//5331 3277//3277 1619//1619
f 3689//3689 3277//3277 3469//3469
f 3687//3687 1617//1617 3275//3275
f 2895//2895 4017//4017 2929//2929
f 2895//2895 2929//2929 779//779
f 4265//4265 4309//4309 2655//2655
f 2655//2655 4907//4907 4265//4265
f 5330//5330 3275//3275 1617//1617
f 2894//2894 4016//4016 2928//2928
f 4907//4907 1803//1803 4265//4265
f 4309//4309 4265//4265 619//619
f 3687//3687 3275//3275 3467//3467
f 4264//4264 4308//4308 2654//2654
f 2654//2654 4906//4906 4264//4264
f 1699//1699 3517//3517 3541//3541
f 4906//4906 1802//1802 4264//4264
f 4308//4308 4264//4264 618//618
f 1100//1100 2438//2438 4542//4542
f 4893//4893 4525//4525 2599//2599
f 4525//4525 4893//4893 4415//4415
f 1698//1698 3516//3516 3540//3540
f 4325//4325 4415//4415 4893//4893
f 4325//4325 4893//4893 1305//1305
f 741//741 3781//3781 4243//4243
f 5115//5115 5049//5049 957//957
f 4892//4892 4524//4524 2598//2598
f 740//740 3780//3780 4242//4242
f 4524//4524 4892//4892 4414//4414
f 4324//4324 4414//4414 4892//4892
f 5048//5048 5114//5114 956//956
f 4324//4324 4892//4892 1304//1304
f 2894//2894 2928//2928 778//778
f 4536//4536 1100//1100 4542//4542
f 5113//5113 5047//5047 955//955
f 3087//3087 2651//2651 3691//3691
f 851//851 3087//3087 3691//3691
f 3086//3086 2650//2650 3690//3690
f 5046//5046 5112//5112 954//954
f 850//850 3086//3086 3690//3690
f 2599//2599 4665//4665 2833//2833
f 2833//2833 4837//4837 2599//2599
f 2599//2599 4837//4837 4893//4893
f 2598//2598 4664//4664 2832//2832
f 2832//2832 4836//4836 2598//2598
f 2598//2598 4836//4836 4892//4892
f 2177//2177 2267//2267 2225//2225
f 2161//2161 2177//2177 2225//2225
f 2175//2175 2265//2265 2223//2223
f 2160//2160 2175//2175 2223//2223
f 2266//2266 2176//2176 2224//2224
f 1100//1100 4536//4536 2302//2302
f 2629//2629 2535//2535 1879//1879
f 1879//1879 3891//3891 2629//2629
f 3823//3823 1879//1879 2535//2535
f 2628//2628 2534//2534 1878//1878
f 1878//1878 3890//3890 2628//2628
f 3822//3822 1878//1878 2534//2534
f 4649//4649 689//689 2611//2611
f 2264//2264 2174//2174 2222//2222
f 1098//1098 2436//2436 4540//4540
f 4648//4648 688//688 2610//2610
f 709//709 2313//2313 3463//3463
f 709//709 3507//3507 2313//2313
f 708//708 2312//2312 3462//3462
f 708//708 3506//3506 2312//2312
f 4835//4835 4899//4899 3829//3829
f 4053//4053 3829//3829 4899//4899
f 4835//4835 3829//3829 3501//3501
f 4834//4834 4898//4898 3828//3828
f 4052//4052 3828//3828 4898//4898
f 4834//4834 3828//3828 3500//3500
f 1791//1791 4945//4945 4321//4321
f 5119//5119 3239//3239 3097//3097
f 9//9 5119//5119 3097//3097
f 5118//5118 3238//3238 3095//3095
f 1790//1790 4944//4944 4320//4320
f 10//10 5118//5118 3095//3095
f 278//278 583//583 2361//2361
f 276//276 581//581 2359//2359
f 582//582 277//277 2360//2360
f 4201//4201 5065//5065 437//437
f 580//580 275//275 2358//2358
f 5239//5239 3049//3049 647//647
f 1239//1239 647//647 3049//3049
f 4200//4200 5064//5064 436//436
f 5239//5239 647//647 2955//2955
f 5238//5238 3048//3048 646//646
f 2661//2661 4507//4507 2603//2603
f 2603//2603 4507//4507 4675//4675
f 1238//1238 646//646 3048//3048
f 4507//4507 1267//1267 4675//4675
f 2660//2660 4506//4506 2602//2602
f 5238//5238 646//646 2954//2954
f 2602//2602 4506//4506 4674//4674
f 4506//4506 1266//1266 4674//4674
f 2118//2118 4282//4282 3241//3241
f 4534//4534 1098//1098 4540//4540
f 4282//4282 846//846 3241//3241
f 1098//1098 4534//4534 2300//2300
f 2119//2119 4283//4283 3240//3240
f 4759//4759 4323//4323 1259//1259
f 4283//4283 847//847 3240//3240
f 2811//2811 1259//1259 2589//2589
f 4323//4323 2589//2589 1259//1259
f 4758//4758 4322//4322 1258//1258
f 1194//1194 383//383 1119//1119
f 3628//3628 4102//4102 996//996
f 3628//3628 956//956 4102//4102
f 1192//1192 382//382 1118//1118
f 2030//2030 996//996 4102//4102
f 3626//3626 4100//4100 994//994
f 2577//2577 4795//4795 4623//4623
f 3626//3626 954//954 4100//4100
f 3793//3793 415//415 5041//5041
f 1779//1779 3793//3793 5041//5041
f 1779//1779 5041//5041 1331//1331
f 1143//1143 5041//5041 415//415
f 2163//2163 2469//2469 2961//2961
f 3792//3792 414//414 5040//5040
f 2162//2162 2468//2468 2960//2960
f 1778//1778 3792//3792 5040//5040
f 1778//1778 5040//5040 1330//1330
f 1142//1142 5040//5040 414//414
f 2028//2028 994//994 4100//4100
f 2576//2576 4794//4794 4622//4622
f 4103//4103 3629//3629 997//997
f 957//957 3629//3629 4103//4103
f 3099//3099 2253//2253 2483//2483
f 657//657 2253//2253 2531//2531
f 2253//2253 657//657 2483//2483
f 3098//3098 2252//2252 2482//2482
f 656//656 2252//2252 2530//2530
f 2252//2252 656//656 2482//2482
f 997//997 2031//2031 4103//4103
f 4101//4101 3627//3627 995//995
f 2809//2809 1258//1258 2588//2588
f 955//955 3627//3627 4101//4101
f 4322//4322 2588//2588 1258//1258
f 1825//1825 3301//3301 3601//3601
f 995//995 2029//2029 4101//4101
f 3301//3301 875//875 3601//3601
f 885//885 3601//3601 875//875
f 4893//4893 4997//4997 1305//1305
f 4997//4997 2807//2807 1305//1305
f 4892//4892 4996//4996 1304//1304
f 1824//1824 3300//3300 3599//3599
f 4996//4996 2806//2806 1304//1304
f 1441//1441 3157//3157 3243//3243
f 3300//3300 873//873 3599//3599
f 883//883 3599//3599 873//873
f 1441//1441 3243//3243 801//801
f 5255//5255 3649//3649 3309//3309
f 3053//3053 1563//1563 3461//3461
f 1681//1681 3053//3053 3461//3461
f 4863//4863 3309//3309 3665//3665
f 1521//1521 4559//4559 3537//3537
f 3665//3665 3309//3309 3649//3649
f 1520//1520 4558//4558 3536//3536
f 5254//5254 3647//3647 3308//3308
f 3053//3053 1681//1681 3383//3383
f 3052//3052 1561//1561 3460//3460
f 1680//1680 3052//3052 3460//3460
f 4171//4171 1249//1249 4055//4055
f 3052//3052 1680//1680 3381//3381
f 5365//5365 4641//4641 3271//3271
f 5365//5365 3271//3271 459//459
f 945//945 4171//4171 4055//4055
f 4170//4170 1248//1248 4054//4054
f 944//944 4170//4170 4054//4054
f 4861//4861 3308//3308 3663//3663
f 3663//3663 3308//3308 3647//3647
f 5364//5364 4640//4640 3270//3270
f 5364//5364 3270//3270 458//458
f 3475//3475 4887//4887 3276//3276
f 4887//4887 1565//1565 3276//3276
f 4887//4887 4819//4819 1565//1565
f 3474//3474 4886//4886 3274//3274
f 4886//4886 1564//1564 3274//3274
f 4886//4886 4818//4818 1564//1564
f 1299//1299 4687//4687 303//303
f 3229//3229 4687//4687 1299//1299
f 4687//4687 2731//2731 303//303
f 1298//1298 4686//4686 302//302
f 3228//3228 4686//4686 1298//1298
f 4686//4686 2730//2730 302//302
f 4559//4559 2591//2591 3537//3537
f 2591//2591 5365//5365 459//459
f 952//952 3628//3628 552//552
f 552//552 3628//3628 2246//2246
f 1052//1052 2246//2246 3628//3628
f 950//950 3626//3626 550//550
f 550//550 3626//3626 2244//2244
f 1050//1050 2244//2244 3626//3626
f 3629//3629 953//953 553//553
f 3629//3629 553//553 2247//2247
f 2247//2247 1053//1053 3629//3629
f 3627//3627 951//951 551//551
f 3627//3627 551//551 2245//2245
f 459//459 3537//3537 2591//2591
f 2245//2245 1051//1051 3627//3627
f 991//991 4477//4477 541//541
f 3097//3097 1515//1515 4827//4827
f 5141//5141 4827//4827 1515//1515
f 2113//2113 1197//1197 439//439
f 1197//1197 2113//2113 2001//2001
f 2112//2112 1196//1196 438//438
f 1196//1196 2112//2112 2000//2000
f 4827//4827 8//8 3097//3097
f 3095//3095 1513//1513 4825//4825
f 990//990 4475//4475 540//540
f 5139//5139 4825//4825 1513//1513
f 4558//4558 2590//2590 3536//3536
f 4825//4825 11//11 3095//3095
f 2590//2590 5364//5364 458//458
f 458//458 3536//3536 2590//2590
f 953//953 2203//2203 553//553
f 953//953 2279//2279 2203//2203
f 951//951 2201//2201 551//551
f 951//951 2277//2277 2201//2201
f 2701//2701 4037//4037 3027//3027
f 4037//4037 2701//2701 3695//3695
f 667//667 4037//4037 3695//3695
f 2700//2700 4036//4036 3026//3026
f 4036//4036 2700//2700 3694//3694
f 666//666 4036//4036 3694//3694
f 3195//3195 4115//4115 1703//1703
f 1703//1703 3533//3533 3195//3195
f 3195//3195 3533//3533 1687//1687
f 3194//3194 4114//4114 1702//1702
f 1702//1702 3532//3532 3194//3194
f 3194//3194 3532//3532 1686//1686
f 2202//2202 952//952 552//552
f 2278//2278 952//952 2202//2202
f 2200//2200 950//950 550//550
f 2276//2276 950//950 2200//2200
f 3885//3885 4347//4347 3257//3257
f 4347//4347 3885//3885 889//889
f 4487//4487 3885//3885 871//871
f 3257//3257 871//871 3885//3885
f 3884//3884 4346//4346 3256//3256
f 4346//4346 3884//3884 888//888
f 4486//4486 3884//3884 870//870
f 3256//3256 870//870 3884//3884
f 3375//3375 467//467 3033//3033
f 467//467 3375//3375 5223//5223
f 1167//1167 4817//4817 4169//4169
f 3374//3374 466//466 3032//3032
f 466//466 3374//3374 5222//5222
f 2429//2429 4817//4817 1167//1167
f 2689//2689 1581//1581 1027//1027
f 1581//1581 1307//1307 1027//1027
f 2255//2255 2435//2435 1591//1591
f 4817//4817 2429//2429 2705//2705
f 2435//2435 1047//1047 1591//1591
f 2688//2688 1580//1580 1026//1026
f 2254//2254 2434//2434 1590//1590
f 3158//3158 3220//3220 5242//5242
f 2434//2434 1046//1046 1590//1590
f 4817//4817 1291//1291 4169//4169
f 4225//4225 1945//1945 4349//4349
f 1580//1580 1306//1306 1026//1026
f 4224//4224 1944//1944 4348//4348
f 4169//4169 1767//1767 3919//3919
f 5242//5242 3220//3220 1484//1484
f 433//433 4169//4169 3919//3919
f 4168//4168 1766//1766 3918//3918
f 5005//5005 4895//4895 3299//3299
f 432//432 4168//4168 3918//3918
f 1166//1166 4816//4816 4168//4168
f 3158//3158 1442//1442 3244//3244
f 3024//3024 2872//2872 2890//2890
f 2428//2428 4816//4816 1166//1166
f 5004//5004 4894//4894 3298//3298
f 4816//4816 2428//2428 2704//2704
f 4816//4816 1290//1290 4168//4168
f 3244//3244 1442//1442 802//802
f 3221//3221 3159//3159 5243//5243
f 1329//1329 2749//2749 2617//2617
f 2617//2617 4699//4699 1329//1329
f 1283//1283 1329//1329 4699//4699
f 1328//1328 2748//2748 2616//2616
f 2616//2616 4698//4698 1328//1328
f 1282//1282 1328//1328 4698//4698
f 3221//3221 5243//5243 1485//1485
f 1049//1049 2419//2419 1857//1857
f 2383//2383 1049//1049 1857//1857
f 1048//1048 2418//2418 1856//1856
f 2382//2382 1048//1048 1856//1856
f 3024//3024 2890//2890 1404//1404
f 4617//4617 2811//2811 2589//2589
f 897//897 3375//3375 3033//3033
f 3033//3033 3361//3361 897//897
f 4616//4616 2809//2809 2588//2588
f 896//896 3374//3374 3032//3032
f 3071//3071 4417//4417 2495//2495
f 4417//4417 851//851 2495//2495
f 4419//4419 2659//2659 2853//2853
f 3070//3070 4416//4416 2494//2494
f 4416//4416 850//850 2494//2494
f 4418//4418 2658//2658 2852//2852
f 3032//3032 3360//3360 896//896
f 3385//3385 407//407 2689//2689
f 534//534 4272//4272 4576//4576
f 407//407 1581//1581 2689//2689
f 3384//3384 404//404 2688//2688
f 532//532 4270//4270 4574//4574
f 404//404 1580//1580 2688//2688
f 729//729 5093//5093 1475//1475
f 5093//5093 729//729 721//721
f 4273//4273 535//535 4577//4577
f 1285//1285 5093//5093 721//721
f 728//728 5092//5092 1474//1474
f 1659//1659 1103//1103 2977//2977
f 1658//1658 1102//1102 2976//2976
f 4271//4271 533//533 4575//4575
f 5092//5092 728//728 720//720
f 1284//1284 5092//5092 720//720
f 441//441 1919//1919 1775//1775
f 3344//3344 3392//3392 3282//3282
f 2169//2169 2423//2423 2747//2747
f 793//793 3593//3593 1775//1775
f 1919//1919 793//793 1775//1775
f 2168//2168 2422//2422 2746//2746
f 691//691 4141//4141 2695//2695
f 2695//2695 2445//2445 691//691
f 2227//2227 4427//4427 3761//3761
f 690//690 4140//4140 2694//2694
f 2694//2694 2444//2444 690//690
f 3282//3282 3392//3392 316//316
f 440//440 1918//1918 1774//1774
f 2226//2226 4426//4426 3760//3760
f 792//792 3592//3592 1774//1774
f 1443//1443 3159//3159 3245//3245
f 1918//1918 792//792 1774//1774
f 1595//1595 3281//3281 3191//3191
f 1443//1443 3245//3245 803//803
f 1547//1547 1595//1595 3191//3191
f 1491//1491 4029//4029 5267//5267
f 3191//3191 3281//3281 791//791
f 1593//1593 3279//3279 3190//3190
f 2983//2983 5267//5267 4029//4029
f 1490//1490 4028//4028 5266//5266
f 1545//1545 1593//1593 3190//3190
f 3190//3190 3279//3279 790//790
f 2982//2982 5266//5266 4028//4028
f 1523//1523 3161//3161 3223//3223
f 1523//1523 3223//3223 1545//1545
f 1143//1143 4211//4211 4771//4771
f 4771//4771 4211//4211 409//409
f 1142//1142 4210//4210 4770//4770
f 4770//4770 4210//4210 408//408
f 1975//1975 2429//2429 3751//3751
f 2085//2085 2429//2429 1975//1975
f 2429//2429 1167//1167 3751//3751
f 1974//1974 2428//2428 3750//3750
f 2084//2084 2428//2428 1974//1974
f 2428//2428 1166//1166 3750//3750
f 2288//2288 2497//2497 560//560
f 2497//2497 2288//2288 215//215
f 1525//1525 3163//3163 3225//3225
f 1893//1893 1863//1863 4281//4281
f 1525//1525 3225//3225 1547//1547
f 1893//1893 5215//5215 1863//1863
f 1773//1773 1729//1729 3133//3133
f 3659//3659 78//78 3889//3889
f 2286//2286 2499//2499 558//558
f 2499//2499 2286//2286 41//41
f 5215//5215 1893//1893 863//863
f 3889//3889 78//78 1891//1891
f 178//178 3658//3658 3888//3888
f 178//178 3888//3888 1890//1890
f 1771//1771 1727//1727 3131//3131
f 2498//2498 2289//2289 561//561
f 2289//2289 2498//2498 215//215
f 3657//3657 178//178 3887//3887
f 863//863 1893//1893 519//519
f 3887//3887 178//178 1889//1889
f 3065//3065 4889//4889 5009//5009
f 641//641 1283//1283 4699//4699
f 2496//2496 2287//2287 559//559
f 640//640 1282//1282 4698//4698
f 4509//4509 4175//4175 2691//2691
f 1715//1715 4509//4509 3405//3405
f 4175//4175 4509//4509 1715//1715
f 4508//4508 4174//4174 2690//2690
f 1714//1714 4508//4508 3404//3404
f 4174//4174 4508//4508 1714//1714
f 4357//4357 4615//4615 3463//3463
f 4357//4357 3463//3463 2313//2313
f 4356//4356 4614//4614 3462//3462
f 4356//4356 3462//3462 2312//2312
f 2155//2155 2837//2837 1045//1045
f 2837//2837 1551//1551 1045//1045
f 2154//2154 2836//2836 1044//1044
f 2836//2836 1550//1550 1044//1044
f 1181//1181 623//623 1179//1179
f 1179//1179 1209//1209 1181//1181
f 623//623 589//589 1179//1179
f 1180//1180 621//621 1177//1177
f 1177//1177 1207//1207 1180//1180
f 621//621 587//587 1177//1177
f 4491//4491 4599//4599 3551//3551
f 2287//2287 2496//2496 41//41
f 5009//5009 4889//4889 469//469
f 3618//3618 3874//3874 3408//3408
f 3408//3408 3734//3734 3618//3618
f 4598//4598 4490//4490 3550//3550
f 3980//3980 3618//3618 3734//3734
f 2053//2053 4551//4551 1257//1257
f 3616//3616 3872//3872 3406//3406
f 2053//2053 1245//1245 1385//1385
f 1195//1195 232//232 233//233
f 1245//1245 2053//2053 1257//1257
f 2052//2052 4550//4550 1256//1256
f 2052//2052 1244//1244 1384//1384
f 3406//3406 3732//3732 3616//3616
f 1244//1244 2052//2052 1256//1256
f 1193//1193 24//24 23//23
f 3071//3071 4091//4091 4937//4937
f 4937//4937 4795//4795 3071//3071
f 4795//4795 4417//4417 3071//3071
f 3978//3978 3616//3616 3732//3732
f 4489//4489 4597//4597 3549//3549
f 3070//3070 4090//4090 4936//4936
f 4936//4936 4794//4794 3070//3070
f 232//232 1194//1194 233//233
f 4794//4794 4416//4416 3070//3070
f 3875//3875 3619//3619 3409//3409
f 3735//3735 3409//3409 3619//3619
f 3619//3619 3981//3981 3735//3735
f 24//24 1192//1192 23//23
f 605//605 609//609 30//30
f 31//31 605//605 30//30
f 608//608 604//604 226//226
f 604//604 225//225 226//226
f 603//603 607//607 226//226
f 225//225 603//603 226//226
f 606//606 602//602 30//30
f 602//602 31//31 30//30
f 3873//3873 3617//3617 3407//3407
f 4596//4596 4488//4488 3548//3548
f 3733//3733 3407//3407 3617//3617
f 3617//3617 3979//3979 3733//3733
f 1892//1892 1861//1861 4280//4280
f 727//727 1361//1361 4929//4929
f 1892//1892 5213//5213 1861//1861
f 1361//1361 3081//3081 4929//4929
f 5213//5213 1892//1892 861//861
f 727//727 4929//4929 3058//3058
f 861//861 1892//1892 517//517
f 1844//1844 3430//3430 3716//3716
f 583//583 2551//2551 220//220
f 583//583 220//220 221//221
f 2537//2537 1671//1671 2827//2827
f 4557//4557 3251//3251 1235//1235
f 1170//1170 583//583 221//221
f 2536//2536 1670//1670 2826//2826
f 581//581 2549//2549 36//36
f 4556//4556 3250//3250 1234//1234
f 2153//2153 4975//4975 3419//3419
f 4931//4931 2153//2153 3419//3419
f 4931//4931 3419//3419 1221//1221
f 2152//2152 4974//4974 3418//3418
f 4930//4930 2152//2152 3418//3418
f 4930//4930 3418//3418 1220//1220
f 2087//2087 4865//4865 2969//2969
f 4865//4865 2087//2087 2063//2063
f 4865//4865 2063//2063 2493//2493
f 723//723 4865//4865 2493//2493
f 581//581 36//36 35//35
f 1168//1168 581//581 35//35
f 2086//2086 4864//4864 2968//2968
f 2548//2548 580//580 36//36
f 36//36 580//580 35//35
f 4864//4864 2086//2086 2062//2062
f 4864//4864 2062//2062 2492//2492
f 580//580 1171//1171 35//35
f 2550//2550 582//582 220//220
f 722//722 4864//4864 2492//2492
f 220//220 582//582 221//221
f 582//582 1169//1169 221//221
f 1237//1237 417//417 3825//3825
f 417//417 1237//1237 4045//4045
f 1236//1236 416//416 3824//3824
f 416//416 1236//1236 4044//4044
f 5111//5111 5079//5079 3975//3975
f 4191//4191 5141//5141 1923//1923
f 4827//4827 5141//5141 4191//4191
f 5110//5110 5078//5078 3974//3974
f 4189//4189 5139//5139 1921//1921
f 4825//4825 5139//5139 4189//4189
f 5265//5265 4190//4190 4826//4826
f 5140//5140 4190//4190 1922//1922
f 5140//5140 4826//4826 4190//4190
f 5264//5264 4188//4188 4824//4824
f 5138//5138 4188//4188 1920//1920
f 5138//5138 4824//4824 4188//4188
f 4639//4639 5237//5237 4669//4669
f 3716//3716 3960//3960 1844//1844
f 5237//5237 1223//1223 4669//4669
f 3832//3832 3716//3716 3430//3430
f 4638//4638 5236//5236 4668//4668
f 1842//1842 3428//3428 3714//3714
f 5017//5017 4331//4331 3695//3695
f 1799//1799 4437//4437 3827//3827
f 2515//2515 3695//3695 4331//4331
f 4331//4331 5017//5017 2091//2091
f 4437//4437 1799//1799 2653//2653
f 4331//4331 847//847 2515//2515
f 1798//1798 4436//4436 3826//3826
f 5016//5016 4330//4330 3694//3694
f 2514//2514 3694//3694 4330//4330
f 4436//4436 1798//1798 2652//2652
f 4247//4247 4989//4989 2953//2953
f 4989//4989 4247//4247 3977//3977
f 3977//3977 2373//2373 4989//4989
f 679//679 1347//1347 4989//4989
f 4265//4265 1803//1803 3637//3637
f 679//679 4989//4989 2373//2373
f 4246//4246 4988//4988 2952//2952
f 4265//4265 3637//3637 1575//1575
f 4988//4988 4246//4246 3976//3976
f 3976//3976 2372//2372 4988//4988
f 678//678 1346//1346 4988//4988
f 4264//4264 1802//1802 3636//3636
f 678//678 4988//4988 2372//2372
f 4264//4264 3636//3636 1574//1574
f 4330//4330 5016//5016 2090//2090
f 3714//3714 3958//3958 1842//1842
f 726//726 1360//1360 4928//4928
f 2097//2097 4231//4231 2328//2328
f 3830//3830 3714//3714 3428//3428
f 4231//4231 939//939 2328//2328
f 2096//2096 4230//4230 2329//2329
f 4230//4230 938//938 2329//2329
f 4330//4330 846//846 2514//2514
f 4413//4413 1981//1981 3073//3073
f 2377//2377 365//365 1113//1113
f 4412//4412 1980//1980 3072//3072
f 1360//1360 3080//3080 4928//4928
f 726//726 4928//4928 3056//3056
f 5236//5236 1222//1222 4668//4668
f 5500//5500 1358//1358 2832//2832
f 361//361 1127//1127 2173//2173
f 2377//2377 1127//1127 361//361
f 1127//1127 373//373 2173//2173
f 359//359 1125//1125 2171//2171
f 2375//2375 1125//1125 359//359
f 1125//1125 371//371 2171//2171
f 2375//2375 363//363 1111//1111
f 5500//5500 1334//1334 1414//1414
f 4826//4826 2815//2815 3096//3096
f 11//11 4826//4826 3096//3096
f 4499//4499 3111//3111 4319//4319
f 4499//4499 2069//2069 3111//3111
f 4121//4121 3111//3111 2069//2069
f 4498//4498 3110//3110 4318//4318
f 4498//4498 2068//2068 3110//3110
f 4120//4120 3110//3110 2068//2068
f 4824//4824 2814//2814 3094//3094
f 8//8 4824//4824 3094//3094
f 3431//3431 1845//1845 3717//3717
f 989//989 1709//1709 3938//3938
f 3717//3717 1845//1845 3961//3961
f 2997//2997 5093//5093 1285//1285
f 988//988 1708//1708 3939//3939
f 2996//2996 5092//5092 1284//1284
f 78//78 3656//3656 3886//3886
f 3075//3075 2947//2947 457//457
f 78//78 3886//3886 1888//1888
f 3074//3074 2946//2946 456//456
f 4546//4546 3944//3944 1828//1828
f 3717//3717 3833//3833 3431//3431
f 3429//3429 1843//1843 3715//3715
f 2627//2627 4805//4805 3851//3851
f 3851//3851 785//785 2627//2627
f 4544//4544 3942//3942 1826//1826
f 2691//2691 4395//4395 2695//2695
f 2690//2690 4394//4394 2694//2694
f 4603//4603 3667//3667 3903//3903
f 3667//3667 4603//4603 2017//2017
f 1941//1941 3903//3903 3667//3667
f 2209//2209 2627//2627 785//785
f 4602//4602 3666//3666 3902//3902
f 3666//3666 4602//4602 2016//2016
f 1940//1940 3902//3902 3666//3666
f 2626//2626 4804//4804 3850//3850
f 3850//3850 784//784 2626//2626
f 3715//3715 1843//1843 3959//3959
f 2208//2208 2626//2626 784//784
f 3715//3715 3831//3831 3429//3429
f 3945//3945 4547//4547 1829//1829
f 4863//4863 2967//2967 1503//1503
f 1503//1503 2967//2967 3403//3403
f 3943//3943 4545//4545 1827//1827
f 4861//4861 2965//2965 1502//1502
f 1502//1502 2965//2965 3402//3402
f 2360//2360 592//592 1169//1169
f 582//582 2360//2360 1169//1169
f 592//592 2360//2360 281//281
f 2358//2358 590//590 1171//1171
f 580//580 2358//2358 1171//1171
f 590//590 2358//2358 279//279
f 593//593 2361//2361 1170//1170
f 2361//2361 583//583 1170//1170
f 2361//2361 593//593 282//282
f 591//591 2359//2359 1168//1168
f 2359//2359 581//581 1168//1168
f 463//463 4617//4617 2865//2865
f 2359//2359 591//591 280//280
f 463//463 2915//2915 4617//4617
f 899//899 2885//2885 1321//1321
f 2057//2057 1137//1137 3729//3729
f 1137//1137 597//597 3729//3729
f 2056//2056 1136//1136 3728//3728
f 1136//1136 596//596 3728//3728
f 2865//2865 4617//4617 5063//5063
f 4617//4617 2915//2915 2811//2811
f 898//898 2884//2884 1320//1320
f 1126//1126 360//360 2172//2172
f 1126//1126 2376//2376 360//360
f 988//988 3939//3939 1543//1543
f 461//461 4616//4616 2864//2864
f 372//372 1126//1126 2172//2172
f 1124//1124 358//358 2170//2170
f 989//989 3938//3938 1542//1542
f 461//461 2914//2914 4616//4616
f 1124//1124 2374//2374 358//358
f 370//370 1124//1124 2170//2170
f 763//763 4761//4761 3477//3477
f 4761//4761 675//675 3477//3477
f 4317//4317 1280//1280 4030//4030
f 871//871 4317//4317 4030//4030
f 4316//4316 1281//1281 4031//4031
f 870//870 4316//4316 4031//4031
f 762//762 4760//4760 3476//3476
f 4760//4760 674//674 3476//3476
f 1677//1677 495//495 3925//3925
f 2864//2864 4616//4616 5062//5062
f 1677//1677 3925//3925 1747//1747
f 4616//4616 2914//2914 2809//2809
f 494//494 1676//1676 3924//3924
f 1447//1447 3475//3475 3276//3276
f 3924//3924 1676//1676 1746//1746
f 1446//1446 3474//3474 3274//3274
f 1675//1675 493//493 3923//3923
f 5371//5371 3493//3493 3956//3956
f 5121//5121 3547//3547 295//295
f 1675//1675 3923//3923 1745//1745
f 5371//5371 1707//1707 3389//3389
f 5120//5120 3546//3546 294//294
f 492//492 1674//1674 3922//3922
f 1707//1707 5371//5371 3956//3956
f 3922//3922 1674//1674 1744//1744
f 1649//1649 3493//3493 5371//5371
f 1562//1562 3935//3935 1303//1303
f 3935//3935 1562//1562 3085//3085
f 3382//3382 3935//3935 3085//3085
f 1560//1560 3934//3934 1302//1302
f 3934//3934 1560//1560 3084//3084
f 3380//3380 3934//3934 3084//3084
f 3315//3315 1649//1649 5371//5371
f 5370//5370 3491//3491 3954//3954
f 5370//5370 1705//1705 3387//3387
f 1705//1705 5370//5370 3954//3954
f 1647//1647 3491//3491 5370//5370
f 3313//3313 1647//1647 5370//5370
f 5131//5131 4677//4677 4709//4709
f 1563//1563 843//843 3461//3461
f 4261//4261 1785//1785 2639//2639
f 5130//5130 4676//4676 4708//4708
f 1785//1785 1515//1515 2639//2639
f 1561//1561 841//841 3460//3460
f 4091//4091 1621//1621 4937//4937
f 4090//4090 1620//1620 4936//4936
f 3531//3531 4881//4881 3845//3845
f 3845//3845 2539//2539 3531//3531
f 4881//4881 3531//3531 1949//1949
f 3530//3530 4880//4880 3844//3844
f 3844//3844 2538//2538 3530//3530
f 4880//4880 3530//3530 1948//1948
f 4259//4259 1784//1784 2638//2638
f 1784//1784 1513//1513 2638//2638
f 5211//5211 5209//5209 991//991
f 5209//5209 5211//5211 64//64
f 65//65 5209//5209 64//64
f 1039//1039 5209//5209 65//65
f 5210//5210 5208//5208 990//990
f 5208//5208 5210//5210 192//192
f 373//373 1127//1127 2529//2529
f 381//381 373//373 2529//2529
f 371//371 1125//1125 2527//2527
f 379//379 371//371 2527//2527
f 191//191 5208//5208 192//192
f 1037//1037 5208//5208 191//191
f 3118//3118 326//326 3114//3114
f 3116//3116 324//324 3112//3112
f 1349//1349 707//707 689//689
f 689//689 707//707 2663//2663
f 689//689 2663//2663 3749//3749
f 1349//1349 689//689 677//677
f 1348//1348 706//706 688//688
f 688//688 706//706 2662//2662
f 688//688 2662//2662 3748//3748
f 899//899 4455//4455 2885//2885
f 1348//1348 688//688 676//676
f 898//898 4454//4454 2884//2884
f 1231//1231 3193//3193 4471//4471
f 1255//1255 1231//1231 4471//4471
f 1230//1230 3192//3192 4470//4470
f 1254//1254 1230//1230 4470//4470
f 3673//3673 931//931 4969//4969
f 1983//1983 3673//3673 4969//4969
f 1983//1983 4969//4969 2697//2697
f 1465//1465 4969//4969 931//931
f 3672//3672 930//930 4968//4968
f 1982//1982 3672//3672 4968//4968
f 1982//1982 4968//4968 2696//2696
f 1464//1464 4968//4968 930//930
f 2262//2262 1008//1008 2364//2364
f 1008//1008 4562//4562 2364//2364
f 2260//2260 1006//1006 2362//2362
f 1006//1006 4560//4560 2362//2362
f 1009//1009 2263//2263 2365//2365
f 4563//4563 1009//1009 2365//2365
f 1007//1007 2261//2261 2363//2363
f 4561//4561 1007//1007 2363//2363
f 1271//1271 1769//1769 597//597
f 1137//1137 1271//1271 597//597
f 1270//1270 1768//1768 596//596
f 1136//1136 1270//1270 596//596
f 4053//4053 4899//4899 2934//2934
f 2795//2795 5051//5051 4645//4645
f 2934//2934 5122//5122 1325//1325
f 1325//1325 4053//4053 2934//2934
f 4052//4052 4898//4898 2935//2935
f 2794//2794 5050//5050 4644//4644
f 2935//2935 5123//5123 1324//1324
f 1324//1324 4052//4052 2935//2935
f 3571//3571 1884//1884 5184//5184
f 1793//1793 3571//3571 5184//5184
f 5131//5131 2925//2925 2779//2779
f 1463//1463 2657//2657 1455//1455
f 5131//5131 4709//4709 2925//2925
f 5130//5130 2924//2924 2778//2778
f 1419//1419 1463//1463 1455//1455
f 5130//5130 4708//4708 2924//2924
f 5203//5203 4363//4363 4635//4635
f 4363//4363 5203//5203 4625//4625
f 4363//4363 3267//3267 4635//4635
f 5202//5202 4362//4362 4634//4634
f 4362//4362 5202//5202 4624//4624
f 4362//4362 3266//3266 4634//4634
f 3570//3570 1882//1882 5182//5182
f 2861//2861 4745//4745 1411//1411
f 1792//1792 3570//3570 5182//5182
f 2860//2860 4744//4744 1410//1410
f 4999//4999 5151//5151 2723//2723
f 2723//2723 4619//4619 3763//3763
f 3763//3763 4999//4999 2723//2723
f 4998//4998 5150//5150 2722//2722
f 2722//2722 4618//4618 3762//3762
f 3762//3762 4998//4998 2722//2722
f 2671//2671 757//757 2785//2785
f 2670//2670 756//756 2784//2784
f 1462//1462 2656//2656 1454//1454
f 1418//1418 1462//1462 1454//1454
f 2767//2767 2851//2851 3021//3021
f 926//926 5499//5499 3635//3635
f 2767//2767 2791//2791 2741//2741
f 2791//2791 2767//2767 3021//3021
f 4451//4451 2959//2959 4761//4761
f 3063//3063 4888//4888 5008//5008
f 5008//5008 4888//4888 468//468
f 1337//1337 4761//4761 2959//2959
f 4450//4450 2958//2958 4760//4760
f 120//120 2828//2828 1274//1274
f 3346//3346 3394//3394 3284//3284
f 1336//1336 4760//4760 2958//2958
f 2766//2766 2849//2849 3019//3019
f 3766//3766 5499//5499 3964//3964
f 3564//3564 922//922 854//854
f 2766//2766 2790//2790 2740//2740
f 2790//2790 2766//2766 3019//3019
f 3562//3562 920//920 852//852
f 2779//2779 2793//2793 2887//2887
f 2887//2887 4679//4679 2779//2779
f 5131//5131 2779//2779 1217//1217
f 4679//4679 1217//1217 2779//2779
f 2778//2778 2792//2792 2886//2886
f 2886//2886 4678//4678 2778//2778
f 927//927 3767//3767 3965//3965
f 5130//5130 2778//2778 1216//1216
f 4087//4087 3965//3965 3767//3767
f 5499//5499 3766//3766 3635//3635
f 3964//3964 926//926 1955//1955
f 3964//3964 4086//4086 3766//3766
f 2933//2933 4799//4799 3725//3725
f 925//925 3765//3765 3963//3963
f 3725//3725 2431//2431 2933//2933
f 4799//4799 2933//2933 1767//1767
f 2932//2932 4798//4798 3724//3724
f 4678//4678 1216//1216 2778//2778
f 3724//3724 2430//2430 2932//2932
f 4798//4798 2932//2932 1766//1766
f 4085//4085 3963//3963 3765//3765
f 5499//5499 926//926 3964//3964
f 3962//3962 924//924 1954//1954
f 3962//3962 4084//4084 3764//3764
f 924//924 5498//5498 3634//3634
f 3764//3764 5498//5498 3962//3962
f 3775//3775 262//262 1719//1719
f 4017//4017 1757//1757 3425//3425
f 1165//1165 4017//4017 3425//3425
f 3775//3775 1719//1719 3615//3615
f 3773//3773 260//260 1717//1717
f 4016//4016 1756//1756 3424//3424
f 1164//1164 4016//4016 3424//3424
f 3773//3773 1717//1717 3613//3613
f 261//261 3774//3774 1718//1718
f 1718//1718 3774//3774 3614//3614
f 259//259 3772//3772 1716//1716
f 1716//1716 3772//3772 3612//3612
f 3881//3881 4023//4023 3953//3953
f 1575//1575 4819//4819 619//619
f 971//971 2165//2165 3847//3847
f 2165//2165 971//971 1905//1905
f 970//970 2164//2164 3846//3846
f 2164//2164 970//970 1904//1904
f 4819//4819 1199//1199 619//619
f 1574//1574 4818//4818 618//618
f 4022//4022 3880//3880 3952//3952
f 4818//4818 1198//1198 618//618
f 2135//2135 2361//2361 2237//2237
f 278//278 2361//2361 2135//2135
f 3879//3879 4021//4021 3951//3951
f 274//274 278//278 2135//2135
f 2133//2133 2359//2359 2235//2235
f 276//276 2359//2359 2133//2133
f 272//272 276//276 2133//2133
f 2360//2360 2134//2134 2236//2236
f 2360//2360 277//277 2134//2134
f 4381//4381 4201//4201 2653//2653
f 277//277 273//273 2134//2134
f 4020//4020 3878//3878 3950//3950
f 2358//2358 2132//2132 2234//2234
f 4380//4380 4200//4200 2652//2652
f 2358//2358 275//275 2132//2132
f 275//275 271//271 2132//2132
f 4857//4857 3273//3273 663//663
f 5075//5075 4857//4857 663//663
f 136//136 2830//2830 1276//1276
f 3273//3273 4857//4857 1383//1383
f 4856//4856 3272//3272 662//662
f 3284//3284 3394//3394 318//318
f 265//265 2110//2110 556//556
f 1056//1056 265//265 2442//2442
f 556//556 2442//2442 265//265
f 263//263 2108//2108 554//554
f 4451//4451 3003//3003 3698//3698
f 1054//1054 263//263 2440//2440
f 1573//1573 4301//4301 2673//2673
f 554//554 2440//2440 263//263
f 4450//4450 3002//3002 3696//3696
f 1572//1572 4300//4300 2672//2672
f 1126//1126 372//372 2528//2528
f 372//372 380//380 2528//2528
f 1124//1124 370//370 2526//2526
f 370//370 378//378 2526//2526
f 2111//2111 266//266 557//557
f 266//266 1057//1057 2443//2443
f 1293//1293 4949//4949 4736//4736
f 4949//4949 1260//1260 4736//4736
f 2443//2443 557//557 266//266
f 2109//2109 264//264 555//555
f 4459//4459 1857//1857 2607//2607
f 264//264 1055//1055 2441//2441
f 5075//5075 2871//2871 4857//4857
f 4458//4458 1856//1856 2606//2606
f 2441//2441 555//555 264//264
f 5073//5073 4856//4856 662//662
f 5073//5073 2869//2869 4856//4856
f 3272//3272 4856//4856 1382//1382
f 1292//1292 4948//4948 4737//4737
f 4948//4948 1261//1261 4737//4737
f 5029//5029 2429//2429 2085//2085
f 2429//2429 5029//5029 2705//2705
f 417//417 5029//5029 2085//2085
f 5028//5028 2428//2428 2084//2084
f 2428//2428 5028//5028 2704//2704
f 416//416 5028//5028 2084//2084
f 1323//1323 445//445 5099//5099
f 5143//5143 3855//3855 3927//3927
f 186//186 5144//5144 3856//3856
f 3856//3856 185//185 186//186
f 3856//3856 3802//3802 185//185
f 1322//1322 443//443 5097//5097
f 5143//5143 3927//3927 2103//2103
f 70//70 5142//5142 3854//3854
f 3854//3854 71//71 70//70
f 3854//3854 3800//3800 71//71
f 5145//5145 3857//3857 3929//3929
f 5145//5145 70//70 3857//3857
f 71//71 3857//3857 70//70
f 3803//3803 3857//3857 71//71
f 5145//5145 3929//3929 2105//2105
f 886//886 3451//3451 3478//3478
f 5143//5143 186//186 3855//3855
f 5503//5503 4191//4191 5303//5303
f 6//6 5503//5503 5303//5303
f 887//887 3450//3450 3479//3479
f 4589//4589 4455//4455 3433//3433
f 4455//4455 4589//4589 2885//2885
f 185//185 3855//3855 186//186
f 3801//3801 3855//3855 185//185
f 4588//4588 4454//4454 3432//3432
f 4454//4454 4588//4588 2884//2884
f 4967//4967 2326//2326 383//383
f 1897//1897 977//977 2207//2207
f 2326//2326 4554//4554 383//383
f 1119//1119 383//383 4554//4554
f 4966//4966 2324//2324 382//382
f 976//976 1896//1896 2206//2206
f 2324//2324 4552//4552 382//382
f 1118//1118 382//382 4552//4552
f 1895//1895 975//975 2205//2205
f 2259//2259 2389//2389 2353//2353
f 974//974 1894//1894 2204//2204
f 4775//4775 2447//2447 3145//3145
f 4681//4681 3145//3145 2447//2447
f 4955//4955 3771//3771 97//97
f 2389//2389 629//629 2353//2353
f 2257//2257 2387//2387 2351//2351
f 4774//4774 2446//2446 3144//3144
f 4680//4680 3144//3144 2446//2446
f 3671//3671 4109//4109 1829//1829
f 3770//3770 4954//4954 159//159
f 1829//1829 258//258 3671//3671
f 4108//4108 3670//3670 1828//1828
f 2387//2387 627//627 2351//2351
f 257//257 1828//1828 3670//3670
f 3669//3669 4107//4107 1827//1827
f 4369//4369 2275//2275 2517//2517
f 1029//1029 4369//4369 2517//2517
f 2388//2388 2258//2258 2352//2352
f 4368//4368 2274//2274 2516//2516
f 1028//1028 4368//4368 2516//2516
f 1827//1827 256//256 3669//3669
f 4106//4106 3668//3668 1826//1826
f 4953//4953 3769//3769 159//159
f 255//255 1826//1826 3668//3668
f 2963//2963 5029//5029 4045//4045
f 2203//2203 4577//4577 549//549
f 2963//2963 4045//4045 2637//2637
f 3967//3967 2963//2963 2637//2637
f 2962//2962 5028//5028 4044//4044
f 2221//2221 549//549 4577//4577
f 2962//2962 4044//4044 2636//2636
f 3966//3966 2962//2962 2636//2636
f 4576//4576 2202//2202 548//548
f 548//548 2220//2220 4576//4576
f 2201//2201 4575//4575 547//547
f 2219//2219 547//547 4575//4575
f 4574//4574 2200//2200 546//546
f 546//546 2218//2218 4574//4574
f 628//628 2388//2388 2352//2352
f 2386//2386 2256//2256 2350//2350
f 3768//3768 4952//4952 97//97
f 626//626 2386//2386 2350//2350
f 3091//3091 5003//5003 5015//5015
f 2949//2949 3091//3091 5015//5015
f 3093//3093 5002//5002 5014//5014
f 2948//2948 3093//3093 5014//5014
f 5059//5059 731//731 2665//2665
f 731//731 2769//2769 2665//2665
f 2769//2769 731//731 3435//3435
f 5058//5058 730//730 2664//2664
f 2199//2199 4005//4005 4263//4263
f 4005//4005 1795//1795 4263//4263
f 2198//2198 4004//4004 4262//4262
f 730//730 2768//2768 2664//2664
f 4004//4004 1794//1794 4262//4262
f 2768//2768 730//730 3434//3434
f 1621//1621 4091//4091 3859//3859
f 5214//5214 1805//1805 1862//1862
f 4091//4091 881//881 3859//3859
f 5214//5214 1862//1862 506//506
f 1620//1620 4090//4090 3858//3858
f 4090//4090 880//880 3858//3858
f 1750//1750 5214//5214 506//506
f 5212//5212 1804//1804 1860//1860
f 1313//1313 655//655 2813//2813
f 655//655 1313//1313 3479//3479
f 5212//5212 1860//1860 504//504
f 887//887 3479//3479 1313//1313
f 1312//1312 654//654 2812//2812
f 654//654 1312//1312 3478//3478
f 4167//4167 1047//1047 2063//2063
f 1047//1047 4167//4167 2169//2169
f 4167//4167 993//993 2169//2169
f 4166//4166 1046//1046 2062//2062
f 1046//1046 4166//4166 2168//2168
f 4166//4166 992//992 2168//2168
f 1748//1748 5212//5212 504//504
f 364//364 2376//2376 1112//1112
f 886//886 3478//3478 1312//1312
f 5498//5498 3764//3764 3634//3634
f 362//362 2374//2374 1110//1110
f 5498//5498 924//924 3962//3962
f 3001//3001 1645//1645 3699//3699
f 3000//3000 1643//1643 3697//3697
f 3799//3799 854//854 5048//5048
f 922//922 5048//5048 854//854
f 2897//2897 465//465 1460//1460
f 462//462 2897//2897 1460//1460
f 2483//2483 2143//2143 1129//1129
f 579//579 2483//2483 1129//1129
f 2482//2482 2142//2142 1128//1128
f 578//578 2482//2482 1128//1128
f 2483//2483 2167//2167 3099//3099
f 3798//3798 852//852 5046//5046
f 2482//2482 2166//2166 3098//3098
f 2896//2896 464//464 1458//1458
f 4607//4607 1847//1847 3661//3661
f 1847//1847 4607//4607 242//242
f 4606//4606 1846//1846 3660//3660
f 1846//1846 4606//4606 241//241
f 460//460 2896//2896 1458//1458
f 920//920 5046//5046 852//852
f 4946//4946 4978//4978 4996//4996
f 3083//3083 729//729 1475//1475
f 729//729 3083//3083 4153//4153
f 2078//2078 2126//2126 196//196
f 3083//3083 3553//3553 4153//4153
f 3082//3082 728//728 1474//1474
f 4996//4996 4978//4978 434//434
f 728//728 3082//3082 4152//4152
f 3082//3082 3552//3552 4152//4152
f 2076//2076 2124//2124 60//60
f 1863//1863 5215//5215 507//507
f 5215//5215 1751//1751 507//507
f 4155//4155 4985//4985 2927//2927
f 1587//1587 4155//4155 2927//2927
f 4154//4154 4984//4984 2926//2926
f 1586//1586 4154//4154 2926//2926
f 4995//4995 3359//3359 2735//2735
f 1861//1861 5213//5213 505//505
f 5213//5213 1749//1749 505//505
f 3347//3347 1535//1535 2911//2911
f 2911//2911 1417//1417 3347//3347
f 1417//1417 3285//3285 3347//3347
f 3345//3345 1533//1533 2909//2909
f 4993//4993 3357//3357 2733//2733
f 2909//2909 1415//1415 3345//3345
f 1415//1415 3283//3283 3345//3345
f 1534//1534 3346//3346 2910//2910
f 1416//1416 2910//2910 3346//3346
f 4947//4947 4979//4979 4997//4997
f 3284//3284 1416//1416 3346//3346
f 1532//1532 3344//3344 2908//2908
f 4997//4997 4979//4979 435//435
f 2258//2258 2574//2574 2356//2356
f 701//701 763//763 4035//4035
f 1063//1063 2681//2681 1817//1817
f 1269//1269 1063//1063 1817//1817
f 1062//1062 2680//2680 1816//1816
f 1268//1268 1062//1062 1816//1816
f 273//273 2356//2356 2574//2574
f 2256//2256 2572//2572 2354//2354
f 2664//2664 2829//2829 5058//5058
f 271//271 2354//2354 2572//2572
f 2575//2575 2259//2259 2357//2357
f 700//700 762//762 4034//4034
f 2357//2357 274//274 2575//2575
f 2573//2573 2257//2257 2355//2355
f 5058//5058 2829//2829 1275//1275
f 2355//2355 272//272 2573//2573
f 1414//1414 2908//2908 3344//3344
f 3282//3282 1414//1414 3344//3344
f 4721//4721 1327//1327 248//248
f 4017//4017 4721//4721 2929//2929
f 3673//3673 1347//1347 931//931
f 1347//1347 1409//1409 931//931
f 3672//3672 1346//1346 930//930
f 1346//1346 1408//1408 930//930
f 4721//4721 248//248 2929//2929
f 4720//4720 1326//1326 247//247
f 4016//4016 4720//4720 2928//2928
f 4720//4720 247//247 2928//2928
f 3648//3648 5201//5201 4862//4862
f 4862//4862 3664//3664 3648//3648
f 3646//3646 5200//5200 4860//4860
f 4860//4860 3662//3662 3646//3646
f 2665//2665 2831//2831 5059//5059
f 1764//1764 3527//3527 3712//3712
f 3527//3527 5451//5451 3675//3675
f 2736//2736 1426//1426 2924//2924
f 5059//5059 2831//2831 1277//1277
f 1762//1762 3526//3526 3710//3710
f 3526//3526 5450//5450 3674//3674
f 2924//2924 1426//1426 764//764
f 4579//4579 2343//2343 4205//4205
f 4205//4205 2343//2343 1117//1117
f 469//469 3089//3089 1503//1503
f 468//468 3088//3088 1502//1502
f 4035//4035 1463//1463 4983//4983
f 2060//2060 2150//2150 261//261
f 2181//2181 2567//2567 2273//2273
f 1905//1905 2567//2567 2181//2181
f 2567//2567 967//967 2273//2273
f 2180//2180 2566//2566 2272//2272
f 5209//5209 4241//4241 991//991
f 1904//1904 2566//2566 2180//2180
f 2566//2566 966//966 2272//2272
f 4241//4241 4341//4341 991//991
f 4034//4034 1462//1462 4982//4982
f 4477//4477 991//991 4341//4341
f 2343//2343 4579//4579 1031//1031
f 4578//4578 2342//2342 4204//4204
f 4204//4204 2342//2342 1116//1116
f 2342//2342 4578//4578 1030//1030
f 4997//4997 4893//4893 4837//4837
f 261//261 4286//4286 2060//2060
f 5208//5208 4240//4240 990//990
f 4996//4996 4892//4892 4836//4836
f 3939//3939 2465//2465 4127//4127
f 1543//1543 3939//3939 4127//4127
f 3938//3938 2464//2464 4126//4126
f 1542//1542 3938//3938 4126//4126
f 4240//4240 4339//4339 990//990
f 4475//4475 990//990 4339//4339
f 2060//2060 4286//4286 2336//2336
f 933//933 3900//3900 4130//4130
f 2058//2058 2148//2148 259//259
f 259//259 4284//4284 2058//2058
f 2058//2058 4284//4284 2334//2334
f 932//932 3898//3898 4128//4128
f 1997//1997 4397//4397 4230//4230
f 4397//4397 938//938 4230//4230
f 1996//1996 4396//4396 4231//4231
f 4396//4396 939//939 4231//4231
f 2151//2151 2061//2061 262//262
f 4287//4287 262//262 2061//2061
f 4287//4287 2061//2061 2337//2337
f 2149//2149 2059//2059 260//260
f 4285//4285 260//260 2059//2059
f 4285//4285 2059//2059 2335//2335
f 3435//3435 1671//1671 2769//2769
f 3237//3237 2769//2769 1671//1671
f 3434//3434 1670//1670 2768//2768
f 3236//3236 2768//2768 1670//1670
f 4448//4448 1828//1828 257//257
f 5497//5497 3091//3091 2949//2949
f 1615//1615 3573//3573 1662//1662
f 4448//4448 4546//4546 1828//1828
f 2980//2980 5497//5497 2949//2949
f 1614//1614 3572//3572 1660//1660
f 5059//5059 3597//3597 1995//1995
f 986//986 4448//4448 257//257
f 1995//1995 3597//3597 1589//1589
f 1995//1995 731//731 5059//5059
f 5058//5058 3596//3596 1994//1994
f 4446//4446 1826//1826 255//255
f 1994//1994 3596//3596 1588//1588
f 1994//1994 730//730 5058//5058
f 4446//4446 4544//4544 1826//1826
f 984//984 4446//4446 255//255
f 2285//2285 2148//2148 2058//2058
f 2185//2185 2285//2285 2058//2058
f 4199//4199 2515//2515 847//847
f 1837//1837 4199//4199 847//847
f 4198//4198 2514//2514 846//846
f 1836//1836 4198//4198 846//846
f 1829//1829 4449//4449 258//258
f 4547//4547 4449//4449 1829//1829
f 2283//2283 2150//2150 2060//2060
f 2183//2183 2283//2283 2060//2060
f 4449//4449 987//987 258//258
f 2151//2151 2284//2284 2061//2061
f 4219//4219 4015//4015 3941//3941
f 4219//4219 4539//4539 2853//2853
f 4015//4015 4219//4219 2853//2853
f 4539//4539 4219//4219 1233//1233
f 4218//4218 4014//4014 3940//3940
f 4218//4218 4538//4538 2852//2852
f 4014//4014 4218//4218 2852//2852
f 4538//4538 4218//4218 1232//1232
f 2657//2657 4723//4723 733//733
f 733//733 4723//4723 2445//2445
f 733//733 1455//1455 2657//2657
f 2656//2656 4722//4722 732//732
f 732//732 4722//4722 2444//2444
f 732//732 1454//1454 2656//2656
f 2284//2284 2184//2184 2061//2061
f 1827//1827 4447//4447 256//256
f 2149//2149 2282//2282 2059//2059
f 2282//2282 2182//2182 2059//2059
f 4545//4545 4447//4447 1827//1827
f 4447//4447 985//985 256//256
f 3525//3525 3321//3321 503//503
f 3373//3373 3525//3525 503//503
f 2507//2507 2319//2319 4499//4499
f 3523//3523 3319//3319 501//501
f 2069//2069 4499//4499 2319//2319
f 919//919 2507//2507 4499//4499
f 2506//2506 2318//2318 4498//4498
f 3371//3371 3523//3523 501//501
f 2068//2068 4498//4498 2318//2318
f 918//918 2506//2506 4498//4498
f 3320//3320 3524//3524 502//502
f 3524//3524 3372//3372 502//502
f 3318//3318 3522//3522 500//500
f 3522//3522 3370//3370 500//500
f 2899//2899 714//714 3005//3005
f 2899//2899 1373//1373 714//714
f 2945//2945 2899//2899 3005//3005
f 1809//1809 535//535 4273//4273
f 535//535 1809//1809 3409//3409
f 2898//2898 712//712 3004//3004
f 4437//4437 4099//4099 3827//3827
f 527//527 535//535 3409//3409
f 2001//2001 3827//3827 4099//4099
f 4099//4099 4437//4437 437//437
f 4436//4436 4098//4098 3826//3826
f 534//534 1808//1808 4272//4272
f 2243//2243 4025//4025 2453//2453
f 4025//4025 929//929 2453//2453
f 2242//2242 4024//4024 2452//2452
f 4024//4024 928//928 2452//2452
f 2000//2000 3826//3826 4098//4098
f 4098//4098 4436//4436 436//436
f 1808//1808 534//534 3408//3408
f 534//534 526//526 3408//3408
f 1807//1807 533//533 4271//4271
f 533//533 1807//1807 3407//3407
f 525//525 533//533 3407//3407
f 532//532 1806//1806 4270//4270
f 1806//1806 532//532 3406//3406
f 532//532 524//524 3406//3406
f 2898//2898 1372//1372 712//712
f 2944//2944 2898//2898 3004//3004
f 1337//1337 2861//2861 675//675
f 675//675 2861//2861 3719//3719
f 4761//4761 1337//1337 675//675
f 1336//1336 2860//2860 674//674
f 5107//5107 5239//5239 2955//2955
f 2955//2955 1445//1445 5107//5107
f 5106//5106 5238//5238 2954//2954
f 2954//2954 1444//1444 5106//5106
f 674//674 2860//2860 3718//3718
f 4760//4760 1336//1336 674//674
f 2146//2146 2270//2270 2172//2172
f 2172//2172 2270//2270 2100//2100
f 2144//2144 2268//2268 2170//2170
f 2170//2170 2268//2268 2098//2098
f 1641//1641 3191//3191 3143//3143
f 1641//1641 755//755 3191//3191
f 4313//4313 2643//2643 3759//3759
f 1640//1640 3190//3190 3142//3142
f 1939//1939 3759//3759 2643//2643
f 4312//4312 2642//2642 3758//3758
f 1640//1640 754//754 3190//3190
f 1938//1938 3758//3758 2642//2642
f 4607//4607 4551//4551 2053//2053
f 2271//2271 2147//2147 2173//2173
f 242//242 4607//4607 2053//2053
f 4606//4606 4550//4550 2052//2052
f 2271//2271 2173//2173 2101//2101
f 241//241 4606//4606 2052//2052
f 1163//1163 635//635 2397//2397
f 635//635 1185//1185 2397//2397
f 3847//3847 2519//2519 3701//3701
f 635//635 1163//1163 284//284
f 613//613 228//228 229//229
f 1161//1161 633//633 2396//2396
f 633//633 1184//1184 2396//2396
f 3847//3847 919//919 2519//2519
f 611//611 28//28 27//27
f 633//633 1161//1161 283//283
f 3846//3846 2518//2518 3700//3700
f 2697//2697 3825//3825 2471//2471
f 3825//3825 417//417 2471//2471
f 3846//3846 918//918 2518//2518
f 2696//2696 3824//3824 2470//2470
f 3824//3824 416//416 2470//2470
f 2269//2269 2145//2145 2171//2171
f 2269//2269 2171//2171 2099//2099
f 4745//4745 248//248 1327//1327
f 1801//1801 3753//3753 4125//4125
f 3753//3753 917//917 4125//4125
f 1411//1411 4745//4745 1327//1327
f 1800//1800 3752//3752 4123//4123
f 3752//3752 915//915 4123//4123
f 4365//4365 4567//4567 2595//2595
f 2699//2699 4365//4365 2595//2595
f 4567//4567 4365//4365 965//965
f 4364//4364 4566//4566 2594//2594
f 2698//2698 4364//4364 2594//2594
f 4566//4566 4364//4364 964//964
f 2631//2631 4739//4739 3263//3263
f 3263//3263 1331//1331 2631//2631
f 1355//1355 2631//2631 1331//1331
f 2630//2630 4738//4738 3262//3262
f 3262//3262 1330//1330 2630//2630
f 1354//1354 2630//2630 1330//1330
f 4744//4744 247//247 1326//1326
f 1410//1410 4744//4744 1326//1326
f 1365//1365 3389//3389 1645//1645
f 5371//5371 3389//3389 2783//2783
f 1433//1433 3355//3355 1701//1701
f 3355//3355 741//741 1701//1701
f 1432//1432 3354//3354 1700//1700
f 3354//3354 740//740 1700//1700
f 1365//1365 2783//2783 3389//3389
f 1364//1364 3387//3387 1643//1643
f 5370//5370 3387//3387 2782//2782
f 4145//4145 2147//2147 3871//3871
f 1364//1364 2782//2782 3387//3387
f 1931//1931 2147//2147 4145//4145
f 831//831 3799//3799 5171//5171
f 831//831 5171//5171 5083//5083
f 4143//4143 2145//2145 3869//3869
f 831//831 854//854 3799//3799
f 1929//1929 2145//2145 4143//4143
f 830//830 3798//3798 5170//5170
f 830//830 5170//5170 5082//5082
f 2146//2146 4144//4144 3870//3870
f 830//830 852//852 3798//3798
f 2146//2146 1930//1930 4144//4144
f 605//605 2398//2398 564//564
f 2144//2144 4142//4142 3868//3868
f 5496//5496 3093//3093 2948//2948
f 2144//2144 1928//1928 4142//4142
f 542//542 369//369 2204//2204
f 369//369 2251//2251 2204//2204
f 603//603 2400//2400 566//566
f 544//544 367//367 2206//2206
f 367//367 2249//2249 2206//2206
f 2978//2978 5496//5496 2948//2948
f 368//368 545//545 2207//2207
f 2250//2250 368//368 2207//2207
f 2990//2990 829//829 5149//5149
f 366//366 543//543 2205//2205
f 2248//2248 366//366 2205//2205
f 829//829 2990//2990 1448//1448
f 3501//3501 3829//3829 4775//4775
f 3145//3145 3501//3501 4775//4775
f 3500//3500 3828//3828 4774//4774
f 3144//3144 3500//3500 4774//4774
f 1158//1158 1074//1074 2212//2212
f 2544//2544 1158//1158 2212//2212
f 1156//1156 1072//1072 2210//2210
f 2542//2542 1156//1156 2210//2210
f 414//414 2835//2835 1142//1142
f 2835//2835 1664//1664 1142//1142
f 3202//3202 829//829 1448//1448
f 415//415 2834//2834 1143//1143
f 1035//1035 2513//2513 3705//3705
f 1865//1865 1035//1035 3705//3705
f 1034//1034 2512//2512 3704//3704
f 1864//1864 1034//1034 3704//3704
f 2834//2834 1665//1665 1143//1143
f 1799//1799 2667//2667 2643//2643
f 1295//1295 1799//1799 2643//2643
f 2992//2992 828//828 5147//5147
f 1798//1798 2666//2666 2642//2642
f 1294//1294 1798//1798 2642//2642
f 2267//2267 2177//2177 3785//3785
f 2095//2095 2267//2267 3785//3785
f 2265//2265 2175//2175 3783//3783
f 2093//2093 2265//2265 3783//3783
f 2176//2176 2266//2266 3784//3784
f 2266//2266 2094//2094 3784//3784
f 2174//2174 2264//2264 3782//3782
f 2510//2510 560//560 2405//2405
f 2264//2264 2092//2092 3782//3782
f 356//356 1930//1930 2146//2146
f 354//354 1928//1928 2144//2144
f 2508//2508 558//558 2407//2407
f 828//828 2992//2992 1450//1450
f 1931//1931 357//357 2147//2147
f 4687//4687 1659//1659 2731//2731
f 459//459 3271//3271 1353//1353
f 1659//1659 2977//2977 2731//2731
f 4315//4315 1139//1139 2065//2065
f 1139//1139 4315//4315 2339//2339
f 1929//1929 355//355 2145//2145
f 4315//4315 485//485 2339//2339
f 4314//4314 1138//1138 2064//2064
f 1138//1138 4314//4314 2338//2338
f 3204//3204 828//828 1450//1450
f 4314//4314 484//484 2338//2338
f 458//458 3270//3270 1352//1352
f 702//702 3561//3561 3412//3412
f 4315//4315 3061//3061 4251//4251
f 485//485 4315//4315 4251//4251
f 703//703 3560//3560 3413//3413
f 4314//4314 3060//3060 4250//4250
f 484//484 4314//4314 4250//4250
f 4686//4686 1658//1658 2730//2730
f 1658//1658 2976//2976 2730//2730
f 4809//4809 2951//2951 115//115
f 3363//3363 3016//3016 1594//1594
f 561//561 2511//2511 2406//2406
f 2738//2738 1428//1428 2925//2925
f 3362//3362 3014//3014 1592//1592
f 559//559 2509//2509 2404//2404
f 4808//4808 2950//2950 141//141
f 2925//2925 1428//1428 766//766
f 2401//2401 604//604 567//567
f 1725//1725 5495//5495 5419//5419
f 3719//3719 3533//3533 1703//1703
f 3719//3719 1607//1607 3533//3533
f 675//675 3719//3719 1703//1703
f 3718//3718 3532//3532 1702//1702
f 3718//3718 1606//1606 3532//3532
f 674//674 3718//3718 1702//1702
f 3709//3709 4667//4667 717//717
f 3529//3529 4149//4149 2459//2459
f 3529//3529 1721//1721 4149//4149
f 4667//4667 1235//1235 717//717
f 3528//3528 4148//4148 2458//2458
f 3528//3528 1720//1720 4148//4148
f 3708//3708 4666//4666 716//716
f 4666//4666 1234//1234 716//716
f 4697//4697 4673//4673 1557//1557
f 1557//1557 4325//4325 1305//1305
f 1305//1305 4697//4697 1557//1557
f 4696//4696 4672//4672 1556//1556
f 1556//1556 4324//4324 1304//1304
f 1304//1304 4696//4696 1556//1556
f 2399//2399 602//602 565//565
f 2755//2755 3425//3425 1881//1881
f 3425//3425 1621//1621 1881//1881
f 2754//2754 3424//3424 1880//1880
f 3424//3424 1620//1620 1880//1880
f 1857//1857 2419//2419 3391//3391
f 2419//2419 893//893 3391//3391
f 2623//2623 5119//5119 3096//3096
f 4079//4079 1139//1139 1993//1993
f 1139//1139 4079//4079 2371//2371
f 1856//1856 2418//2418 3390//3390
f 2418//2418 892//892 3390//3390
f 3677//3677 3639//3639 1961//1961
f 1795//1795 3639//3639 3677//3677
f 3676//3676 3638//3638 1960//1960
f 1794//1794 3638//3638 3676//3676
f 2593//2593 2623//2623 1514//1514
f 3096//3096 1514//1514 2623//2623
f 2622//2622 5118//5118 3094//3094
f 2592//2592 2622//2622 1512//1512
f 3094//3094 1512//1512 2622//2622
f 3919//3919 1823//1823 4019//4019
f 807//807 4019//4019 1823//1823
f 3573//3573 5495//5495 1662//1662
f 3918//3918 1822//1822 4018//4018
f 806//806 4018//4018 1822//1822
f 1061//1061 2463//2463 2067//2067
f 2463//2463 1061//1061 2167//2167
f 579//579 2463//2463 2167//2167
f 1060//1060 2462//2462 2066//2066
f 4079//4079 301//301 2371//2371
f 4078//4078 1138//1138 1992//1992
f 1138//1138 4078//4078 2370//2370
f 4078//4078 300//300 2370//2370
f 2462//2462 1060//1060 2166//2166
f 3603//3603 5125//5125 5185//5185
f 578//578 2462//2462 2166//2166
f 1007//1007 4561//4561 4058//4058
f 4561//4561 2093//2093 4448//4448
f 5185//5185 1599//1599 927//927
f 1363//1363 1981//1981 2707//2707
f 679//679 1363//1363 2707//2707
f 1362//1362 1980//1980 2706//2706
f 678//678 1362//1362 2706//2706
f 4448//4448 4058//4058 4561//4561
f 3602//3602 5124//5124 5183//5183
f 2353//2353 2299//2299 1106//1106
f 1009//1009 4563//4563 4056//4056
f 5183//5183 1598//1598 925//925
f 2351//2351 2297//2297 1104//1104
f 5495//5495 3573//3573 5419//5419
f 4563//4563 2095//2095 4446//4446
f 4446//4446 4056//4056 4563//4563
f 5495//5495 1725//1725 1662//1662
f 2298//2298 2352//2352 1105//1105
f 4562//4562 1008//1008 4059//4059
f 2094//2094 4562//4562 4449//4449
f 2296//2296 2350//2350 1107//1107
f 2263//2263 1009//1009 2148//2148
f 4059//4059 4449//4449 4562//4562
f 1008//1008 2262//2262 2151//2151
f 4560//4560 1006//1006 4057//4057
f 3827//3827 2113//2113 4663//4663
f 4663//4663 2667//2667 3827//3827
f 1799//1799 3827//3827 2667//2667
f 3826//3826 2112//2112 4662//4662
f 4662//4662 2666//2666 3826//3826
f 1798//1798 3826//3826 2666//2666
f 3895//3895 2703//2703 719//719
f 2703//2703 743//743 719//719
f 3894//3894 2702//2702 718//718
f 2702//2702 742//742 718//718
f 2261//2261 1007//1007 2150//2150
f 2092//2092 4560//4560 4447//4447
f 1006//1006 2260//2260 2149//2149
f 4057//4057 4447//4447 4560//4560
f 3945//3945 4109//4109 1855//1855
f 4435//4435 3945//3945 1855//1855
f 1208//1208 1178//1178 622//622
f 622//622 1178//1178 588//588
f 1206//1206 1176//1176 620//620
f 620//620 1176//1176 586//586
f 3943//3943 4107//4107 1853//1853
f 2213//2213 2479//2479 2231//2231
f 1091//1091 2231//2231 1821//1821
f 1091//1091 2213//2213 2231//2231
f 4433//4433 3943//3943 1853//1853
f 2211//2211 2477//2477 2229//2229
f 1089//1089 2229//2229 1819//1819
f 1089//1089 2211//2211 2229//2229
f 4017//4017 2895//2895 1757//1757
f 2478//2478 2212//2212 2230//2230
f 2230//2230 1090//1090 1820//1820
f 2212//2212 1090//1090 2230//2230
f 2895//2895 240//240 1757//1757
f 2476//2476 2210//2210 2228//2228
f 2228//2228 1088//1088 1818//1818
f 2210//2210 1088//1088 2228//2228
f 1269//1269 1937//1937 3903//3903
f 1063//1063 1269//1269 3903//3903
f 1268//1268 1936//1936 3902//3902
f 1062//1062 1268//1268 3902//3902
f 3535//3535 3188//3188 721//721
f 3534//3534 3186//3186 720//720
f 631//631 4329//4329 2581//2581
f 4016//4016 2894//2894 1756//1756
f 2894//2894 239//239 1756//1756
f 3041//3041 3059//3059 755//755
f 4842//4842 1834//1834 2712//2712
f 3322//3322 4366//4366 4522//4522
f 630//630 4328//4328 2580//2580
f 4522//4522 4366//4366 870//870
f 5359//5359 2126//2126 4134//4134
f 2126//2126 5289//5289 4134//4134
f 609//609 393//393 29//29
f 30//30 609//609 29//29
f 392//392 608//608 227//227
f 608//608 226//226 227//227
f 607//607 391//391 227//227
f 226//226 607//607 227//227
f 390//390 606//606 29//29
f 606//606 30//30 29//29
f 4842//4842 2712//2712 412//412
f 2002//2002 3322//3322 4482//4482
f 2002//2002 4482//4482 1956//1956
f 5358//5358 2124//2124 4132//4132
f 4301//4301 2505//2505 4703//4703
f 2505//2505 409//409 4703//4703
f 4300//4300 2504//2504 4702//4702
f 2504//2504 408//408 4702//4702
f 3040//3040 3057//3057 754//754
f 2124//2124 5288//5288 4132//4132
f 4681//4681 2605//2605 4879//4879
f 4681//4681 4879//4879 5015//5015
f 3267//3267 4879//4879 2605//2605
f 4680//4680 2604//2604 4878//4878
f 4680//4680 4878//4878 5014//5014
f 3266//3266 4878//4878 2604//2604
f 1519//1519 3123//3123 2851//2851
f 4707//4707 2645//2645 2901//2901
f 2901//2901 4851//4851 4707//4707
f 3123//3123 3021//3021 2851//2851
f 733//733 4313//4313 3759//3759
f 732//732 4312//4312 3758//3758
f 1247//1247 663//663 3273//3273
f 1247//1247 4783//4783 663//663
f 1246//1246 662//662 3272//3272
f 1246//1246 4782//4782 662//662
f 2645//2645 2577//2577 2901//2901
f 4706//4706 2644//2644 2900//2900
f 2900//2900 4850//4850 4706//4706
f 2644//2644 2576//2576 2900//2900
f 3055//3055 2761//2761 3314//3314
f 3123//3123 5021//5021 3021//3021
f 2761//2761 3849//3849 3314//3314
f 3054//3054 2760//2760 3312//3312
f 1517//1517 3121//3121 2849//2849
f 2760//2760 3848//3848 3312//3312
f 3121//3121 3019//3019 2849//2849
f 3121//3121 5019//5019 3019//3019
f 1493//1493 3815//3815 3271//3271
f 3122//3122 1518//1518 2850//2850
f 3020//3020 3122//3122 2850//2850
f 1492//1492 3814//3814 3270//3270
f 5020//5020 3122//3122 3020//3020
f 3120//3120 1516//1516 2848//2848
f 755//755 3059//3059 1525//1525
f 754//754 3057//3057 1523//1523
f 1165//1165 4839//4839 4359//4359
f 4839//4839 601//601 4359//4359
f 1164//1164 4838//4838 4358//4358
f 4838//4838 600//600 4358//4358
f 3018//3018 3120//3120 2848//2848
f 2802//2802 4742//4742 5062//5062
f 2913//2913 653//653 715//715
f 5018//5018 3120//3120 3018//3018
f 2912//2912 652//652 713//713
f 733//733 4395//4395 1253//1253
f 2802//2802 5062//5062 4616//4616
f 732//732 4394//4394 1252//1252
f 2251//2251 1071//1071 4596//4596
f 2204//2204 2251//2251 4596//4596
f 2249//2249 1069//1069 4598//4598
f 2206//2206 2249//2249 4598//4598
f 1070//1070 2250//2250 4599//4599
f 2250//2250 2207//2207 4599//4599
f 1068//1068 2248//2248 4597//4597
f 2248//2248 2205//2205 4597//4597
f 3659//3659 3889//3889 4009//4009
f 5101//5101 5037//5037 4719//4719
f 3657//3657 3887//3887 4007//4007
f 5101//5101 4719//4719 1276//1276
f 3888//3888 3658//3658 4008//4008
f 3323//3323 4367//4367 4523//4523
f 3886//3886 3656//3656 4006//4006
f 4523//4523 4367//4367 871//871
f 5297//5297 2734//2734 3165//3165
f 2003//2003 3323//3323 4483//4483
f 2003//2003 4483//4483 1957//1957
f 2734//2734 472//472 3165//3165
f 4635//4635 2605//2605 4621//4621
f 2605//2605 4773//4773 2583//2583
f 4843//4843 1835//1835 2713//2713
f 4634//4634 2604//2604 4620//4620
f 2604//2604 4772//4772 2582//2582
f 5100//5100 5036//5036 4718//4718
f 2734//2734 2686//2686 472//472
f 5296//5296 2732//2732 3164//3164
f 2732//2732 470//470 3164//3164
f 2732//2732 2684//2684 470//470
f 5100//5100 4718//4718 1274//1274
f 3767//3767 869//869 3461//3461
f 1427//1427 2737//2737 3692//3692
f 3767//3767 1599//1599 869//869
f 4843//4843 2713//2713 413//413
f 1427//1427 3692//3692 765//765
f 4108//4108 3944//3944 1854//1854
f 3944//3944 4434//4434 1854//1854
f 4106//4106 3942//3942 1852//1852
f 3765//3765 868//868 3460//3460
f 3765//3765 1598//1598 868//868
f 3942//3942 4432//4432 1852//1852
f 5313//5313 660//660 444//444
f 444//444 2818//2818 5098//5098
f 2818//2818 444//444 660//660
f 5312//5312 658//658 442//442
f 798//798 3766//3766 5192//5192
f 442//442 2816//2816 5096//5096
f 2816//2816 442//442 658//658
f 1429//1429 2739//2739 3693//3693
f 1429//1429 3693//3693 767//767
f 845//845 3051//3051 5295//5295
f 411//411 3531//3531 2539//2539
f 410//410 3530//3530 2538//2538
f 796//796 3764//3764 5190//5190
f 3051//3051 845//845 4862//4862
f 4830//4830 2792//2792 3740//3740
f 3740//3740 2792//2792 420//420
f 1273//1273 4497//4497 3761//3761
f 844//844 3050//3050 5294//5294
f 3050//3050 844//844 4860//4860
f 1531//1531 4847//4847 1755//1755
f 1272//1272 4496//4496 3760//3760
f 1755//1755 5089//5089 1531//1531
f 3399//3399 1691//1691 1669//1669
f 1529//1529 4846//4846 1754//1754
f 2417//2417 1967//1967 2771//2771
f 1754//1754 5088//5088 1529//1529
f 2416//2416 1966//1966 2770//2770
f 1690//1690 3398//3398 1668//1668
f 3173//3173 4771//4771 4011//4011
f 4011//4011 1339//1339 3173//3173
f 4771//4771 409//409 4011//4011
f 4011//4011 409//409 2505//2505
f 3172//3172 4770//4770 4010//4010
f 4010//4010 1338//1338 3172//3172
f 4770//4770 408//408 4010//4010
f 4010//4010 408//408 2504//2504
f 1695//1695 3469//3469 795//795
f 3277//3277 795//795 3469//3469
f 3397//3397 1689//1689 1667//1667
f 1694//1694 3467//3467 794//794
f 28//28 610//610 27//27
f 3275//3275 794//794 3467//3467
f 393//393 610//610 28//28
f 228//228 612//612 229//229
f 1688//1688 3396//3396 1666//1666
f 391//391 612//612 228//228
f 4256//4256 4072//4072 1970//1970
f 4256//4256 2010//2010 4072//4072
f 3829//3829 4053//4053 2917//2917
f 4053//4053 3793//3793 1779//1779
f 1779//1779 2917//2917 4053//4053
f 3828//3828 4052//4052 2916//2916
f 4052//4052 3792//3792 1778//1778
f 1778//1778 2916//2916 4052//4052
f 4254//4254 4070//4070 1968//1968
f 3859//3859 881//881 2417//2417
f 4254//4254 2008//2008 4070//4070
f 3858//3858 880//880 2416//2416
f 4073//4073 4257//4257 1971//1971
f 2011//2011 4257//4257 4073//4073
f 4071//4071 4255//4255 1969//1969
f 2009//2009 4255//4255 4071//4071
f 1841//1841 3889//3889 1891//1891
f 4009//4009 3889//3889 3985//3985
f 1841//1841 3985//3985 3889//3889
f 1839//1839 3887//3887 1889//1889
f 4007//4007 3887//3887 3983//3983
f 1839//1839 3983//3983 3887//3887
f 2270//2270 2146//2146 3870//3870
f 2270//2270 3870//3870 3734//3734
f 526//526 2270//2270 3734//3734
f 2268//2268 2144//2144 3868//3868
f 2268//2268 3868//3868 3732//3732
f 524//524 2268//2268 3732//3732
f 1602//1602 3520//3520 3642//3642
f 3520//3520 909//909 3642//3642
f 909//909 1712//1712 3642//3642
f 1600//1600 3518//3518 3640//3640
f 3518//3518 911//911 3640//3640
f 911//911 1710//1710 3640//3640
f 2377//2377 1113//1113 577//577
f 1127//1127 2377//2377 577//577
f 2375//2375 1111//1111 575//575
f 1562//1562 1919//1919 441//441
f 1125//1125 2375//2375 575//575
f 1562//1562 441//441 3351//3351
f 1724//1724 5494//5494 5418//5418
f 1560//1560 1918//1918 440//440
f 4832//4832 2793//2793 3742//3742
f 1560//1560 440//440 3350//3350
f 1713//1713 910//910 3643//3643
f 3572//3572 5494//5494 1660//1660
f 3742//3742 2793//2793 422//422
f 1711//1711 908//908 3641//3641
f 3719//3719 1411//1411 1607//1607
f 4601//4601 1925//1925 2821//2821
f 1327//1327 1607//1607 1411//1411
f 3718//3718 1410//1410 1606//1606
f 4601//4601 657//657 2531//2531
f 1326//1326 1606//1606 1410//1410
f 5077//5077 4731//4731 3677//3677
f 2635//2635 4731//4731 5077//5077
f 4600//4600 1924//1924 2820//2820
f 3677//3677 1961//1961 5077//5077
f 5076//5076 4730//4730 3676//3676
f 2634//2634 4730//4730 5076//5076
f 3676//3676 1960//1960 5076//5076
f 4355//4355 4743//4743 2803//2803
f 2803//2803 4743//4743 5063//5063
f 2589//2589 2803//2803 4617//4617
f 4600//4600 656//656 2530//2530
f 4354//4354 4742//4742 2802//2802
f 2803//2803 5063//5063 4617//4617
f 2588//2588 2802//2802 4616//4616
f 3888//3888 1840//1840 1890//1890
f 3888//3888 4008//4008 3984//3984
f 3984//3984 1840//1840 3888//3888
f 3886//3886 1838//1838 1888//1888
f 3458//3458 3376//3376 5146//5146
f 3886//3886 4006//4006 3982//3982
f 1265//1265 1687//1687 601//601
f 1183//1183 1265//1265 601//601
f 1264//1264 1686//1686 600//600
f 1182//1182 1264//1264 600//600
f 3982//3982 1838//1838 3886//3886
f 5146//5146 3376//3376 332//332
f 2147//2147 2271//2271 3871//3871
f 3459//3459 3378//3378 5148//5148
f 3871//3871 2271//2271 3735//3735
f 5148//5148 3378//3378 334//334
f 4543//4543 353//353 347//347
f 4541//4541 351//351 345//345
f 2271//2271 527//527 3735//3735
f 352//352 4542//4542 346//346
f 2145//2145 2269//2269 3869//3869
f 350//350 4540//4540 344//344
f 2365//2365 2263//2263 54//54
f 3869//3869 2269//2269 3733//3733
f 55//55 2365//2365 54//54
f 4353//4353 2365//2365 55//55
f 5494//5494 3572//3572 5418//5418
f 2269//2269 525//525 3733//3733
f 5494//5494 1724//1724 1660//1660
f 2262//2262 2364//2364 202//202
f 3507//3507 709//709 2973//2973
f 3506//3506 708//708 2972//2972
f 4923//4923 4981//4981 4756//4756
f 2364//2364 201//201 202//202
f 4756//4756 4981//4981 1406//1406
f 4922//4922 4980//4980 4754//4754
f 4754//4754 4980//4980 1404//1404
f 2364//2364 4352//4352 201//201
f 2363//2363 2261//2261 202//202
f 201//201 2363//2363 202//202
f 4351//4351 2363//2363 201//201
f 2260//2260 2362//2362 54//54
f 2362//2362 55//55 54//54
f 2362//2362 4350//4350 55//55
f 2744//2744 4896//4896 4912//4912
f 4995//4995 3981//3981 3359//3359
f 1991//1991 4223//4223 719//719
f 735//735 4223//4223 711//711
f 4223//4223 735//735 719//719
f 1990//1990 4222//4222 718//718
f 3981//3981 3619//3619 3359//3359
f 4237//4237 2019//2019 2825//2825
f 734//734 4222//4222 710//710
f 1183//1183 4237//4237 2825//2825
f 4993//4993 3979//3979 3357//3357
f 4236//4236 2018//2018 2824//2824
f 4222//4222 734//734 718//718
f 1182//1182 4236//4236 2824//2824
f 3677//3677 403//403 1795//1795
f 3676//3676 402//402 1794//1794
f 3979//3979 3617//3617 3357//3357
f 2767//2767 5493//5493 2851//2851
f 2475//2475 2067//2067 2385//2385
f 1023//1023 2475//2475 2385//2385
f 2474//2474 2066//2066 2384//2384
f 1022//1022 2474//2474 2384//2384
f 5166//5166 3438//3438 3802//3802
f 4957//4957 5493//5493 3611//3611
f 4912//4912 4896//4896 296//296
f 3438//3438 3756//3756 3802//3802
f 1042//1042 349//349 192//192
f 349//349 1033//1033 192//192
f 1040//1040 348//348 64//64
f 348//348 1032//1032 64//64
f 3802//3802 3856//3856 5166//5166
f 5164//5164 3436//3436 3800//3800
f 3436//3436 3754//3754 3800//3800
f 3800//3800 3854//3854 5164//5164
f 3439//3439 5167//5167 3803//3803
f 3757//3757 3439//3439 3803//3803
f 619//619 3529//3529 2459//2459
f 618//618 3528//3528 2458//2458
f 3857//3857 3803//3803 5167//5167
f 3437//3437 5165//5165 3801//3801
f 3755//3755 3437//3437 3801//3801
f 3893//3893 4887//4887 3475//3475
f 3517//3517 3600//3600 3541//3541
f 1739//1739 3893//3893 3475//3475
f 3855//3855 3801//3801 5165//5165
f 3892//3892 4886//4886 3474//3474
f 3516//3516 3598//3598 3540//3540
f 1738//1738 3892//3892 3474//3474
f 5493//5493 4957//4957 2851//2851
f 5018//5018 4924//4924 4952//4952
f 5493//5493 2767//2767 3611//3611
f 2766//2766 5492//5492 2849//2849
f 4857//4857 2871//2871 788//788
f 4956//4956 5492//5492 3610//3610
f 5492//5492 4956//4956 2849//2849
f 5018//5018 4952//4952 3120//3120
f 1978//1978 3897//3897 326//326
f 5492//5492 2766//2766 3610//3610
f 2937//2937 5491//5491 5147//5147
f 4856//4856 2869//2869 786//786
f 1976//1976 3896//3896 324//324
f 2992//2992 5491//5491 2945//2945
f 3900//3900 1978//1978 3184//3184
f 3898//3898 1976//1976 3182//3182
f 1123//1123 2259//2259 1146//1146
f 2357//2357 2259//2259 1123//1123
f 1121//1121 2257//2257 1144//1144
f 2355//2355 2257//2257 1121//1121
f 2258//2258 1122//1122 1145//1145
f 2258//2258 2356//2356 1122//1122
f 2256//2256 1120//1120 1147//1147
f 2347//2347 2123//2123 2291//2291
f 999//999 2347//2347 2291//2291
f 2346//2346 2122//2122 2290//2290
f 2256//2256 2354//2354 1120//1120
f 998//998 2346//2346 2290//2290
f 4615//4615 4357//4357 3251//3251
f 3303//3303 815//815 3167//3167
f 749//749 4539//4539 4615//4615
f 1753//1753 4075//4075 3059//3059
f 3251//3251 749//749 4615//4615
f 4357//4357 717//717 1235//1235
f 4614//4614 4356//4356 3250//3250
f 4356//4356 716//716 1234//1234
f 748//748 4538//4538 4614//4614
f 3250//3250 748//748 4614//4614
f 1613//1613 2017//2017 2567//2567
f 971//971 1613//1613 2567//2567
f 1612//1612 2016//2016 2566//2566
f 970//970 1612//1612 2566//2566
f 1194//1194 634//634 383//383
f 634//634 585//585 383//383
f 2273//2273 1937//1937 2827//2827
f 1192//1192 632//632 382//382
f 2272//2272 1936//1936 2826//2826
f 632//632 584//584 382//382
f 3302//3302 814//814 3166//3166
f 3059//3059 3361//3361 1457//1457
f 3059//3059 4075//4075 3361//3361
f 2326//2326 4967//4967 1162//1162
f 1947//1947 4151//4151 2153//2153
f 2153//2153 1005//1005 1947//1947
f 1946//1946 4150//4150 2152//2152
f 2152//2152 1004//1004 1946//1946
f 380//380 2326//2326 1162//1162
f 3059//3059 3041//3041 1753//1753
f 3961//3961 519//519 4340//4340
f 1752//1752 4074//4074 3057//3057
f 3057//3057 3360//3360 1456//1456
f 3621//3621 2955//2955 1909//1909
f 2955//2955 647//647 1909//1909
f 1893//1893 4340//4340 519//519
f 3620//3620 2954//2954 1908//1908
f 2954//2954 646//646 1908//1908
f 3057//3057 4074//4074 3360//3360
f 2324//2324 4966//4966 1160//1160
f 378//378 2324//2324 1160//1160
f 3959//3959 517//517 4338//4338
f 3057//3057 3040//3040 1752//1752
f 1892//1892 4338//4338 517//517
f 1896//1896 976//976 3998//3998
f 3565//3565 4261//4261 2999//2999
f 2745//2745 4897//4897 4913//4913
f 3998//3998 3952//3952 1896//1896
f 3563//3563 4259//4259 2998//2998
f 4913//4913 4897//4897 297//297
f 4756//4756 140//140 141//141
f 3526//3526 3328//3328 5450//5450
f 1894//1894 974//974 3996//3996
f 3996//3996 3950//3950 1894//1894
f 5450//5450 3328//3328 1596//1596
f 4754//4754 116//116 115//115
f 4421//4421 1363//1363 1223//1223
f 1363//1363 3809//3809 1223//1223
f 2893//2893 1407//1407 4757//4757
f 1706//1706 3473//3473 3388//3388
f 4420//4420 1362//1362 1222//1222
f 4019//4019 807//807 2905//2905
f 1362//1362 3808//3808 1222//1222
f 4018//4018 806//806 2904//2904
f 977//977 1897//1897 3999//3999
f 3953//3953 3999//3999 1897//1897
f 2461//2461 1915//1915 3229//3229
f 757//757 2461//2461 3229//3229
f 2460//2460 1914//1914 3228//3228
f 756//756 2460//2460 3228//3228
f 3463//3463 4615//4615 3853//3853
f 3853//3853 709//709 3463//3463
f 4615//4615 1233//1233 3853//3853
f 1361//1361 3853//3853 1233//1233
f 3462//3462 4614//4614 3852//3852
f 3852//3852 708//708 3462//3462
f 4614//4614 1232//1232 3852//3852
f 1360//1360 3852//3852 1232//1232
f 3527//3527 3330//3330 5451//5451
f 837//837 1706//1706 3388//3388
f 1704//1704 3472//3472 3386//3386
f 836//836 1704//1704 3386//3386
f 2891//2891 1405//1405 4755//4755
f 4851//4851 2945//2945 2937//2937
f 975//975 1895//1895 3997//3997
f 3951//3951 3997//3997 1895//1895
f 5451//5451 3330//3330 1597//1597
f 4851//4851 2901//2901 2945//2945
f 4569//4569 451//451 4583//4583
f 1777//1777 4569//4569 4583//4583
f 2945//2945 2901//2901 2899//2899
f 1777//1777 4583//4583 1367//1367
f 1189//1189 4583//4583 451//451
f 4568//4568 450//450 4582//4582
f 4850//4850 2944//2944 2936//2936
f 1776//1776 4568//4568 4582//4582
f 1776//1776 4582//4582 1366//1366
f 1188//1188 4582//4582 450//450
f 1259//1259 665//665 4759//4759
f 665//665 661//661 3973//3973
f 3967//3967 2637//2637 4629//4629
f 637//637 3967//3967 4629//4629
f 3966//3966 2636//2636 4628//4628
f 636//636 3966//3966 4628//4628
f 3973//3973 4759//4759 665//665
f 1258//1258 664//664 4758//4758
f 1053//1053 2381//2381 1821//1821
f 1821//1821 2381//2381 1091//1091
f 1857//1857 4459//4459 2383//2383
f 2247//2247 2381//2381 1053//1053
f 4459//4459 511//511 2383//2383
f 1856//1856 4458//4458 2382//2382
f 664//664 659//659 3972//3972
f 1051//1051 2379//2379 1819//1819
f 1819//1819 2379//2379 1089//1089
f 2245//2245 2379//2379 1051//1051
f 3972//3972 4758//4758 664//664
f 4850//4850 2900//2900 2944//2944
f 2944//2944 2900//2900 2898//2898
f 1436//1436 2868//2868 3293//3293
f 3293//3293 323//323 3129//3129
f 4458//4458 510//510 2382//2382
f 3725//3725 1291//1291 3727//3727
f 785//785 3725//3725 3727//3727
f 3724//3724 1290//1290 3726//3726
f 784//784 3724//3724 3726//3726
f 2473//2473 2121//2121 3445//3445
f 309//309 2473//2473 3445//3445
f 2472//2472 2120//2120 3444//3444
f 308//308 2472//2472 3444//3444
f 2473//2473 2349//2349 4203//4203
f 945//945 2473//2473 4203//4203
f 2472//2472 2348//2348 4202//4202
f 944//944 2472//2472 4202//4202
f 4094//4094 3806//3806 916//916
f 5344//5344 4094//4094 916//916
f 4094//4094 5344//5344 4072//4072
f 4092//4092 3804//3804 914//914
f 5342//5342 4092//4092 914//914
f 4092//4092 5342//5342 4070//4070
f 1943//1943 645//645 2843//2843
f 645//645 4637//4637 1301//1301
f 1301//1301 2843//2843 645//645
f 1942//1942 644//644 2842//2842
f 2615//2615 3623//3623 3417//3417
f 2597//2597 3623//3623 2615//2615
f 3623//3623 439//439 3417//3417
f 2614//2614 3622//3622 3416//3416
f 2596//2596 3622//3622 2614//2614
f 3622//3622 438//438 3416//3416
f 644//644 4636//4636 1300//1300
f 1300//1300 2842//2842 644//644
f 1436//1436 3293//3293 3129//3129
f 3293//3293 2868//2868 789//789
f 1438//1438 2870//2870 3292//3292
f 3292//3292 322//322 3127//3127
f 3639//3639 937//937 1961//1961
f 3638//3638 936//936 1960//1960
f 2523//2523 2187//2187 3969//3969
f 511//511 2523//2523 3969//3969
f 2522//2522 2186//2186 3968//3968
f 510//510 2522//2522 3968//3968
f 3011//3011 4187//4187 4195//4195
f 4187//4187 509//509 4195//4195
f 3010//3010 4186//4186 4194//4194
f 4186//4186 508//508 4194//4194
f 3807//3807 4095//4095 917//917
f 4095//4095 5345//5345 917//917
f 5345//5345 4095//4095 4073//4073
f 3805//3805 4093//4093 915//915
f 2383//2383 2193//2193 4431//4431
f 1049//1049 2383//2383 4431//4431
f 2382//2382 2192//2192 4430//4430
f 1048//1048 2382//2382 4430//4430
f 2577//2577 2899//2899 2901//2901
f 2577//2577 4623//4623 2899//2899
f 3539//3539 1791//1791 3289//3289
f 4093//4093 5343//5343 915//915
f 2576//2576 2898//2898 2900//2900
f 3538//3538 1790//1790 3288//3288
f 2576//2576 4622//4622 2898//2898
f 5343//5343 4093//4093 4071//4071
f 1603//1603 761//761 489//489
f 761//761 3031//3031 489//489
f 4902//4902 2752//2752 1256//1256
f 1438//1438 3292//3292 3127//3127
f 3449//3449 761//761 1603//1603
f 3292//3292 2870//2870 787//787
f 1601//1601 759//759 487//487
f 759//759 3029//3029 487//487
f 4902//4902 1256//1256 245//245
f 3900//3900 3132//3132 4228//4228
f 3447//3447 759//759 1601//1601
f 3132//3132 5158//5158 4228//4228
f 685//685 2431//2431 4253//4253
f 2431//2431 685//685 2933//2933
f 684//684 2430//2430 4252//4252
f 2430//2430 684//684 2932//2932
f 338//338 5158//5158 3132//3132
f 823//823 447//447 3495//3495
f 1989//1989 3659//3659 4009//4009
f 3898//3898 3130//3130 4226//4226
f 822//822 446//446 3494//3494
f 3130//3130 5156//5156 4226//4226
f 1987//1987 3657//3657 4007//4007
f 336//336 5156//5156 3130//3130
f 671//671 4733//4733 3237//3237
f 3658//3658 1988//1988 4008//4008
f 671//671 3237//3237 3455//3455
f 2769//2769 3237//3237 4733//4733
f 3656//3656 1986//1986 4006//4006
f 670//670 4732//4732 3236//3236
f 670//670 3236//3236 3454//3454
f 1725//1725 916//916 1662//1662
f 916//916 2039//2039 1662//1662
f 2039//2039 916//916 3806//3806
f 2559//2559 2255//2255 3325//3325
f 703//703 2559//2559 3325//3325
f 2558//2558 2254//2254 3324//3324
f 702//702 2558//2558 3324//3324
f 4729//4729 2611//2611 3749//3749
f 1724//1724 914//914 1660//1660
f 914//914 2038//2038 1660//1660
f 4029//4029 2647//2647 4243//4243
f 4243//4243 2647//2647 741//741
f 4728//4728 2610//2610 3748//3748
f 2647//2647 1701//1701 741//741
f 2647//2647 3921//3921 1701//1701
f 4028//4028 2646//2646 4242//4242
f 4242//4242 2646//2646 740//740
f 2646//2646 1700//1700 740//740
f 2038//2038 914//914 3804//3804
f 2646//2646 3920//3920 1700//1700
f 2768//2768 3236//3236 4732//4732
f 923//923 3565//3565 3353//3353
f 923//923 1789//1789 3565//3565
f 3911//3911 863//863 519//519
f 921//921 3563//3563 3352//3352
f 921//921 1787//1787 3563//3563
f 1845//1845 3911//3911 519//519
f 1845//1845 519//519 3961//3961
f 3909//3909 861//861 517//517
f 760//760 1602//1602 488//488
f 3030//3030 760//760 488//488
f 1843//1843 3909//3909 517//517
f 1843//1843 517//517 3959//3959
f 3649//3649 5255//5255 1731//1731
f 1731//1731 5255//5255 254//254
f 760//760 3448//3448 1602//1602
f 3647//3647 5254//5254 1730//1730
f 758//758 1600//1600 486//486
f 817//817 5081//5081 3231//3231
f 3028//3028 758//758 486//486
f 816//816 5080//5080 3230//3230
f 4336//4336 948//948 1788//1788
f 1922//1922 4336//4336 1788//1788
f 922//922 1788//1788 948//948
f 4334//4334 946//946 1786//1786
f 1920//1920 4334//4334 1786//1786
f 920//920 1786//1786 946//946
f 1730//1730 5254//5254 252//252
f 3427//3427 4981//4981 3385//3385
f 758//758 3446//3446 1600//1600
f 3025//3025 4981//4981 3427//3427
f 4069//4069 4751//4751 2467//2467
f 4215//4215 1109//1109 4751//4751
f 1109//1109 2467//2467 4751//4751
f 4215//4215 4751//4751 127//127
f 4068//4068 4750//4750 2466//2466
f 4214//4214 1108//1108 4750//4750
f 1108//1108 2466//2466 4750//4750
f 3611//3611 989//989 4462//4462
f 4214//4214 4750//4750 129//129
f 2827//2827 1937//1937 2537//2537
f 3610//3610 988//988 4463//4463
f 4705//4705 2107//2107 2345//2345
f 1937//1937 1269//1269 2537//2537
f 2107//2107 4705//4705 2625//2625
f 285//285 4705//4705 2345//2345
f 4704//4704 2106//2106 2344//2344
f 2106//2106 4704//4704 2624//2624
f 285//285 4704//4704 2344//2344
f 2826//2826 1936//1936 2536//2536
f 1936//1936 1268//1268 2536//2536
f 3426//3426 4980//4980 3384//3384
f 3024//3024 4980//4980 3426//3426
f 795//795 791//791 3281//3281
f 3281//3281 1695//1695 795//795
f 794//794 790//790 3279//3279
f 3449//3449 1651//1651 1511//1511
f 3279//3279 1694//1694 794//794
f 3447//3447 1650//1650 1509//1509
f 1112//1112 2376//2376 576//576
f 2376//2376 1126//1126 576//576
f 1110//1110 2374//2374 574//574
f 1919//1919 1562//1562 1303//1303
f 2374//2374 1124//1124 574//574
f 2980//2980 2859//2859 5074//5074
f 2859//2859 2907//2907 5074//5074
f 1918//1918 1560//1560 1302//1302
f 2949//2949 2859//2859 2980//2980
f 2978//2978 2858//2858 5072//5072
f 3261//3261 3077//3077 2001//2001
f 4099//4099 3261//3261 2001//2001
f 3077//3077 3261//3261 1393//1393
f 3260//3260 3076//3076 2000//2000
f 4098//4098 3260//3260 2000//2000
f 3076//3076 3260//3260 1392//1392
f 805//805 1447//1447 813//813
f 805//805 813//813 3280//3280
f 804//804 1446//1446 812//812
f 804//804 812//812 3278//3278
f 2858//2858 2906//2906 5072//5072
f 2948//2948 2858//2858 2978//2978
f 1862//1862 1805//1805 4000//4000
f 4757//4757 4809//4809 116//116
f 116//116 4809//4809 115//115
f 4755//4755 4808//4808 140//140
f 1860//1860 1804//1804 4001//4001
f 140//140 4808//4808 141//141
f 2456//2456 1896//1896 3952//3952
f 3952//3952 3990//3990 2456//2456
f 2454//2454 1894//1894 3950//3950
f 3950//3950 3988//3988 2454//2454
f 2689//2689 4769//4769 3385//3385
f 1897//1897 2457//2457 3953//3953
f 3385//3385 4197//4197 3427//3427
f 4197//4197 3385//3385 4769//4769
f 2688//2688 4768//4768 3384//3384
f 3991//3991 3953//3953 2457//2457
f 1895//1895 2455//2455 3951//3951
f 3384//3384 4196//4196 3426//3426
f 4196//4196 3384//3384 4768//4768
f 2380//2380 1052//1052 1820//1820
f 1253//1253 3505//3505 4471//4471
f 1295//1295 1253//1253 4471//4471
f 1252//1252 3504//3504 4470//4470
f 1294//1294 1252//1252 4470//4470
f 3989//3989 3951//3951 2455//2455
f 2380//2380 1820//1820 1090//1090
f 2380//2380 2246//2246 1052//1052
f 2378//2378 1050//1050 1818//1818
f 2378//2378 1818//1818 1088//1088
f 2378//2378 2244//2244 1050//1050
f 4499//4499 2519//2519 919//919
f 2519//2519 4499//4499 4319//4319
f 5119//5119 2623//2623 3239//3239
f 4498//4498 2518//2518 918//918
f 2518//2518 4498//4498 4318//4318
f 2639//2639 3239//3239 2623//2623
f 5118//5118 2622//2622 3238//3238
f 2638//2638 3238//3238 2622//2622
f 1599//1599 5185//5185 5125//5125
f 1681//1681 1599//1599 5125//5125
f 2055//2055 4097//4097 1435//1435
f 4661//4661 4461//4461 3809//3809
f 4461//4461 1223//1223 3809//3809
f 4660//4660 4460//4460 3808//3808
f 963//963 4097//4097 2055//2055
f 869//869 1599//1599 1681//1681
f 2054//2054 4096//4096 1434//1434
f 1598//1598 5183//5183 5124//5124
f 4460//4460 1222//1222 3808//3808
f 1680//1680 1598//1598 5124//5124
f 868//868 1598//1598 1680//1680
f 962//962 4096//4096 2054//2054
f 907//907 1831//1831 3499//3499
f 789//789 5149//5149 3499//3499
f 3499//3499 1831//1831 3333//3333
f 789//789 3499//3499 3333//3333
f 905//905 1830//1830 3498//3498
f 787//787 5147//5147 3498//3498
f 885//885 3633//3633 3653//3653
f 3498//3498 1830//1830 3332//3332
f 4275//4275 2673//2673 4463//4463
f 1543//1543 4275//4275 4463//4463
f 4274//4274 2672//2672 4462//4462
f 1542//1542 4274//4274 4462//4462
f 787//787 3498//3498 3332//3332
f 1463//1463 4035//4035 2657//2657
f 3932//3932 1718//1718 1734//1734
f 1742//1742 3932//3932 1734//1734
f 4377//4377 1463//1463 1419//1419
f 3930//3930 1716//1716 1732//1732
f 1740//1740 3930//3930 1732//1732
f 1462//1462 4034//4034 2656//2656
f 1719//1719 3933//3933 1735//1735
f 3933//3933 1743//1743 1735//1735
f 4376//4376 1462//1462 1418//1418
f 1717//1717 3931//3931 1733//1733
f 2609//2609 4689//4689 3177//3177
f 1549//1549 4961//4961 2609//2609
f 3177//3177 1549//1549 2609//2609
f 2608//2608 4688//4688 3176//3176
f 1548//1548 4960//4960 2608//2608
f 3176//3176 1548//1548 2608//2608
f 3931//3931 1741//1741 1733//1733
f 4903//4903 2753//2753 1257//1257
f 3980//3980 4994//4994 3358//3358
f 1772//1772 1850//1850 338//338
f 883//883 3631//3631 3651//3651
f 3618//3618 3980//3980 3358//3358
f 1770//1770 1848//1848 336//336
f 4903//4903 1257//1257 246//246
f 3978//3978 4992//4992 3356//3356
f 3616//3616 3978//3978 3356//3356
f 3766//3766 798//798 1303//1303
f 1241//1241 2579//2579 4260//4260
f 842//842 1303//1303 798//798
f 2593//2593 4260//4260 2579//2579
f 2043//2043 2197//2197 2011//2011
f 2197//2197 270//270 2011//2011
f 2041//2041 2195//2195 2009//2009
f 2195//2195 268//268 2009//2009
f 2196//2196 2042//2042 2010//2010
f 269//269 2196//2196 2010//2010
f 2194//2194 2040//2040 2008//2008
f 267//267 2194//2194 2008//2008
f 1239//1239 2983//2983 4029//4029
f 3049//3049 2983//2983 1239//1239
f 1238//1238 2982//2982 4028//4028
f 1431//1431 1755//1755 4381//4381
f 4201//4201 4381//4381 1755//1755
f 3048//3048 2982//2982 1238//1238
f 1430//1430 1754//1754 4380//4380
f 4200//4200 4380//4380 1754//1754
f 5125//5125 3603//3603 3343//3343
f 3635//3635 3766//3766 1303//1303
f 1901//1901 433//433 3919//3919
f 1240//1240 2578//2578 4258//4258
f 3764//3764 796//796 1302//1302
f 5124//5124 3602//3602 3342//3342
f 1900//1900 432//432 3918//3918
f 2592//2592 4258//4258 2578//2578
f 1195//1195 635//635 232//232
f 1193//1193 633//633 24//24
f 840//840 1302//1302 796//796
f 3634//3634 3764//3764 1302//1302
f 3935//3935 3635//3635 1303//1303
f 3133//3133 3901//3901 4229//4229
f 5159//5159 3133//3133 4229//4229
f 3934//3934 3634//3634 1302//1302
f 5159//5159 339//339 3133//3133
f 3131//3131 3899//3899 4227//4227
f 1773//1773 3133//3133 339//339
f 1851//1851 1773//1773 339//339
f 793//793 3327//3327 3593//3593
f 5157//5157 3131//3131 4227//4227
f 1771//1771 3131//3131 337//337
f 5157//5157 337//337 3131//3131
f 3593//3593 3327//3327 4991//4991
f 1849//1849 1771//1771 337//337
f 792//792 3326//3326 3592//3592
f 3901//3901 1801//1801 4131//4131
f 3899//3899 1800//1800 4129//4129
f 3592//3592 3326//3326 4990//4990
f 526//526 2100//2100 2270//2270
f 534//534 2100//2100 526//526
f 524//524 2098//2098 2268//2268
f 532//532 2098//2098 524//524
f 2101//2101 527//527 2271//2271
f 2101//2101 535//535 527//527
f 2099//2099 525//525 2269//2269
f 2099//2099 533//533 525//525
f 98//98 4955//4955 97//97
f 4955//4955 98//98 4181//4181
f 4954//4954 158//158 159//159
f 158//158 4954//4954 4180//4180
f 158//158 4953//4953 159//159
f 4953//4953 158//158 4179//4179
f 4952//4952 98//98 97//97
f 98//98 4952//4952 4178//4178
f 5037//5037 4658//4658 4719//4719
f 5036//5036 4656//4656 4718//4718
f 4249//4249 4511//4511 2253//2253
f 1953//1953 4511//4511 4249//4249
f 3540//3540 3598//3598 872//872
f 4248//4248 4510//4510 2252//2252
f 1952//1952 4510//4510 4248//4248
f 872//872 3598//3598 882//882
f 3541//3541 3600//3600 874//874
f 874//874 3600//3600 884//884
f 3630//3630 3604//3604 3650//3650
f 3650//3650 3604//3604 882//882
f 3632//3632 3606//3606 3652//3652
f 499//499 3469//3469 1695//1695
f 3652//3652 3606//3606 884//884
f 497//497 3467//3467 1694//1694
f 5241//5241 1370//1370 1483//1483
f 1483//1483 1370//1370 313//313
f 5020//5020 4926//4926 4954//4954
f 4027//4027 3901//3901 3185//3185
f 5020//5020 4954//4954 3122//3122
f 3133//3133 3185//3185 3901//3901
f 3284//3284 3106//3106 1359//1359
f 4026//4026 3899//3899 3183//3183
f 3284//3284 1359//1359 1416//1416
f 751//751 4153//4153 2679//2679
f 3131//3131 3183//3183 3899//3899
f 5243//5243 1371//1371 1485//1485
f 750//750 4152//4152 2678//2678
f 715//715 1425//1425 3069//3069
f 3571//3571 4994//4994 1884//1884
f 3570//3570 4992//4992 1882//1882
f 1485//1485 1371//1371 315//315
f 3210//3210 3946//3946 3206//3206
f 3206//3206 3946//3946 1624//1624
f 3947//3947 3211//3211 3207//3207
f 635//635 1195//1195 1185//1185
f 3947//3947 3207//3207 1625//1625
f 713//713 1424//1424 3068//3068
f 633//633 1193//1193 1184//1184
f 5491//5491 2992//2992 5147//5147
f 1313//1313 4957//4957 887//887
f 3212//3212 3948//3948 3208//3208
f 887//887 4957//4957 3611//3611
f 5491//5491 2937//2937 2945//2945
f 1312//1312 4956//4956 886//886
f 3208//3208 3948//3948 1626//1626
f 4655//4655 1551//1551 2585//2585
f 1551//1551 4655//4655 3703//3703
f 886//886 4956//4956 3610//3610
f 3949//3949 3213//3213 3209//3209
f 4756//4756 139//139 140//140
f 4654//4654 1550//1550 2584//2584
f 689//689 3749//3749 2611//2611
f 1550//1550 4654//4654 3702//3702
f 688//688 3748//3748 2610//2610
f 3949//3949 3209//3209 1627//1627
f 4754//4754 117//117 116//116
f 3115//3115 1685//1685 2983//2983
f 3115//3115 3049//3049 3291//3291
f 2983//2983 3049//3049 3115//3115
f 3113//3113 1683//1683 2982//2982
f 3113//3113 3048//3048 3290//3290
f 2982//2982 3048//3048 3113//3113
f 1876//1876 1056//1056 3990//3990
f 1056//1056 2456//2456 3990//3990
f 265//265 1056//1056 1876//1876
f 1874//1874 1054//1054 3988//3988
f 1054//1054 2454//2454 3988//3988
f 263//263 1054//1054 1874//1874
f 1057//1057 1877//1877 3991//3991
f 2457//2457 1057//1057 3991//3991
f 2073//2073 4119//4119 1869//1869
f 1057//1057 266//266 1877//1877
f 1869//1869 3757//3757 2073//2073
f 2369//2369 2197//2197 2043//2043
f 2071//2071 4117//4117 1867//1867
f 1055//1055 1875//1875 3989//3989
f 1867//1867 3755//3755 2071//2071
f 2367//2367 2195//2195 2041//2041
f 1703//1703 4115//4115 3477//3477
f 4115//4115 691//691 3477//3477
f 1702//1702 4114//4114 3476//3476
f 4114//4114 690//690 3476//3476
f 4118//4118 2072//2072 1868//1868
f 2455//2455 1055//1055 3989//3989
f 3756//3756 1868//1868 2072//2072
f 2196//2196 2368//2368 2042//2042
f 4116//4116 2070//2070 1866//1866
f 2194//2194 2366//2366 2040//2040
f 1055//1055 264//264 1875//1875
f 3754//3754 1866//1866 2070//2070
f 2609//2609 4679//4679 2887//2887
f 3756//3756 183//183 184//184
f 2887//2887 2487//2487 2609//2609
f 2608//2608 4678//4678 2886//2886
f 4717//4717 2681//2681 3837//3837
f 1811//1811 3837//3837 2681//2681
f 2681//2681 1063//1063 1811//1811
f 4716//4716 2680//2680 3836//3836
f 1810//1810 3836//3836 2680//2680
f 2680//2680 1062//1062 1810//1810
f 4177//4177 2481//2481 4147//4147
f 1933//1933 4177//4177 4147//4147
f 4176//4176 2480//2480 4146//4146
f 3802//3802 3756//3756 184//184
f 1932//1932 4176//4176 4146//4146
f 2886//2886 2486//2486 2608//2608
f 3756//3756 2072//2072 183//183
f 3754//3754 73//73 72//72
f 2821//2821 4061//4061 4171//4171
f 4061//4061 1249//1249 4171//4171
f 2820//2820 4060//4060 4170//4170
f 4060//4060 1248//1248 4170//4170
f 3800//3800 3754//3754 72//72
f 3754//3754 2070//2070 73//73
f 475//475 5007//5007 3064//3064
f 73//73 3757//3757 72//72
f 474//474 5006//5006 3062//3062
f 3757//3757 3803//3803 72//72
f 3307//3307 319//319 3107//3107
f 4868//4868 3674//3674 85//85
f 3107//3107 319//319 3285//3285
f 1832//1832 4869//4869 171//171
f 2073//2073 3757//3757 73//73
f 183//183 3755//3755 184//184
f 3755//3755 3801//3801 184//184
f 2071//2071 3755//3755 183//183
f 4133//4133 3832//3832 4530//4530
f 3832//3832 4434//4434 4530//4530
f 3009//3009 4513//4513 4631//4631
f 4513//4513 299//299 4631//4631
f 3008//3008 4512//4512 4630//4630
f 4512//4512 298//298 4630//4630
f 2957//2957 5079//5079 3051//3051
f 3832//3832 4133//4133 3716//3716
f 4135//4135 3830//3830 4528//4528
f 1187//1187 5079//5079 2957//2957
f 4137//4137 2957//2957 3102//3102
f 4137//4137 1187//1187 2957//2957
f 2956//2956 5078//5078 3050//3050
f 1186//1186 5078//5078 2956//2956
f 4136//4136 2956//2956 3100//3100
f 4136//4136 1186//1186 2956//2956
f 305//305 2850//2850 2787//2787
f 3830//3830 4432//4432 4528//4528
f 304//304 2848//2848 2786//2786
f 3830//3830 4135//4135 3714//3714
f 3200//3200 1501//1501 3092//3092
f 3200//3200 3092//3092 1472//1472
f 3092//3092 3128//3128 2981//2981
f 3092//3092 1501//1501 3128//3128
f 3282//3282 3104//3104 1358//1358
f 4870//4870 3675//3675 171//171
f 5140//5140 1611//1611 2815//2815
f 5140//5140 1788//1788 1611//1611
f 4211//4211 1143//1143 1665//1665
f 1788//1788 3564//3564 1611//1611
f 5138//5138 1610//1610 2814//2814
f 4210//4210 1142//1142 1664//1664
f 4155//4155 1797//1797 1656//1656
f 1155//1155 4155//4155 1656//1656
f 4154//4154 1796//1796 1657//1657
f 1154//1154 4154//4154 1657//1657
f 2725//2725 4587//4587 1225//1225
f 5138//5138 1786//1786 1610//1610
f 1786//1786 3562//3562 1610//1610
f 2724//2724 4586//4586 1224//1224
f 3198//3198 1500//1500 3090//3090
f 3198//3198 3090//3090 1470//1470
f 4693//4693 3625//3625 1781//1781
f 4693//4693 1251//1251 3625//3625
f 4692//4692 3624//3624 1780//1780
f 4692//4692 1250//1250 3624//3624
f 3090//3090 3126//3126 2979//2979
f 3090//3090 1500//1500 3126//3126
f 4269//4269 927//927 353//353
f 927//927 3965//3965 353//353
f 4267//4267 925//925 351//351
f 925//925 3963//3963 351//351
f 3921//3921 1521//1521 1701//1701
f 2368//2368 2110//2110 2042//2042
f 2368//2368 556//556 2110//2110
f 3920//3920 1520//1520 1700//1700
f 2366//2366 2108//2108 2040//2040
f 2366//2366 554//554 2108//2108
f 2111//2111 2369//2369 2043//2043
f 557//557 2369//2369 2111//2111
f 2109//2109 2367//2367 2041//2041
f 555//555 2367//2367 2109//2109
f 5111//5111 3975//3975 1859//1859
f 1859//1859 3645//3645 5111//5111
f 5110//5110 3974//3974 1858//1858
f 1858//1858 3644//3644 5110//5110
f 523//523 1877//1877 3867//3867
f 2767//2767 1623//1623 3611//3611
f 2741//2741 1623//1623 2767//2767
f 961//961 3867//3867 1877//1877
f 2766//2766 1622//1622 3610//3610
f 521//521 1875//1875 3865//3865
f 2740//2740 1622//1622 2766//2766
f 959//959 3865//3865 1875//1875
f 862//862 5214//5214 3778//3778
f 3091//3091 745//745 5003//5003
f 860//860 5212//5212 3776//3776
f 745//745 736//736 5003//5003
f 3093//3093 747//747 5002//5002
f 747//747 737//737 5002//5002
f 3544//3544 5451//5451 1597//1597
f 1597//1597 502//502 3544//3544
f 3542//3542 5450//5450 1596//1596
f 1596//1596 500//500 3542//3542
f 867//867 5169//5169 5331//5331
f 1663//1663 5169//5169 867//867
f 865//865 5168//5168 5330//5330
f 1661//1661 5168//5168 865//865
f 4835//4835 3066//3066 4899//4899
f 4899//4899 3066//3066 2934//2934
f 4834//4834 3067//3067 4898//4898
f 4898//4898 3067//3067 2935//2935
f 2259//2259 2575//2575 4611//4611
f 4611//4611 2389//2389 2259//2259
f 2257//2257 2573//2573 4609//4609
f 4609//4609 2387//2387 2257//2257
f 2574//2574 2258//2258 4610//4610
f 2388//2388 4610//4610 2258//2258
f 2572//2572 2256//2256 4608//4608
f 2386//2386 4608//4608 2256//2256
f 1453//1453 1563//1563 4559//4559
f 1563//1563 3053//3053 4559//4559
f 1876//1876 522//522 3866//3866
f 4119//4119 2073//2073 74//74
f 3866//3866 960//960 1876//1876
f 1452//1452 1561//1561 4558//4558
f 75//75 4119//4119 74//74
f 2072//2072 4118//4118 182//182
f 1561//1561 3052//3052 4558//4558
f 4118//4118 181//181 182//182
f 1874//1874 520//520 3864//3864
f 4117//4117 2071//2071 182//182
f 3864//3864 958//958 1874//1874
f 181//181 4117//4117 182//182
f 2070//2070 4116//4116 74//74
f 254//254 5255//5255 3103//3103
f 2621//2621 254//254 3103//3103
f 4116//4116 75//75 74//74
f 5255//5255 771//771 3103//3103
f 252//252 5254//5254 3101//3101
f 2619//2619 252//252 3101//3101
f 253//253 2620//2620 3365//3365
f 5254//5254 769//769 3101//3101
f 251//251 2618//2618 3364//3364
f 5215//5215 863//863 3779//3779
f 5213//5213 861//861 3777//3777
f 2259//2259 2353//2353 1146//1146
f 735//735 1803//1803 3895//3895
f 522//522 3688//3688 1618//1618
f 734//734 1802//1802 3894//3894
f 4673//4673 1943//1943 427//427
f 1557//1557 4673//4673 427//427
f 1106//1106 1146//1146 2353//2353
f 4672//4672 1942//1942 426//426
f 1556//1556 4672//4672 426//426
f 2257//2257 2351//2351 1144//1144
f 2599//2599 1225//1225 4665//4665
f 1225//1225 2599//2599 2725//2725
f 4525//4525 2725//2725 2599//2599
f 3866//3866 522//522 1618//1618
f 2598//2598 1224//1224 4664//4664
f 1224//1224 2598//2598 2724//2724
f 4524//4524 2724//2724 2598//2598
f 1104//1104 1144//1144 2351//2351
f 2350//2350 2256//2256 1147//1147
f 3820//3820 522//522 3880//3880
f 1147//1147 1107//1107 2350//2350
f 2352//2352 2258//2258 1145//1145
f 3688//3688 522//522 3820//3820
f 1145//1145 1105//1105 2352//2352
f 1038//1038 1033//1033 342//342
f 520//520 3686//3686 1616//1616
f 342//342 980//980 1038//1038
f 1036//1036 1032//1032 340//340
f 3864//3864 520//520 1616//1616
f 3818//3818 520//520 3878//3878
f 340//340 978//978 1036//1036
f 3686//3686 520//520 3818//3818
f 3689//3689 523//523 1619//1619
f 523//523 3867//3867 1619//1619
f 489//489 3643//3643 1603//1603
f 523//523 3821//3821 3881//3881
f 2773//2773 1413//1413 1959//1959
f 1413//1413 2773//2773 2659//2659
f 2772//2772 1412//1412 1958//1958
f 1412//1412 2772//2772 2658//2658
f 3267//3267 2605//2605 4635//4635
f 523//523 3689//3689 3821//3821
f 487//487 3641//3641 1601//1601
f 3266//3266 2604//2604 4634//4634
f 3687//3687 521//521 1617//1617
f 3642//3642 488//488 1602//1602
f 521//521 3865//3865 1617//1617
f 3640//3640 486//486 1600//1600
f 521//521 3819//3819 3879//3879
f 4862//4862 5201//5201 770//770
f 521//521 3687//3687 3819//3819
f 3453//3453 3201//3201 3093//3093
f 4860//4860 5200//5200 768//768
f 3093//3093 3201//3201 1473//1473
f 3977//3977 1301//1301 4637//4637
f 3977//3977 4637//4637 2601//2601
f 5223//5223 3297//3297 1477//1477
f 1393//1393 5223//5223 1477//1477
f 3976//3976 1300//1300 4636//4636
f 3976//3976 4636//4636 2600//2600
f 5223//5223 3375//3375 3297//3297
f 2936//2936 5490//5490 5149//5149
f 5222//5222 3296//3296 1476//1476
f 1392//1392 5222//5222 1476//1476
f 1999//1999 2553//2553 3241//3241
f 2553//2553 309//309 3241//3241
f 1998//1998 2552//2552 3240//3240
f 2552//2552 308//308 3240//3240
f 5222//5222 3374//3374 3296//3296
f 3452//3452 3199//3199 3091//3091
f 3091//3091 3199//3199 1471//1471
f 2990//2990 5490//5490 2944//2944
f 2823//2823 5099//5099 1389//1389
f 1389//1389 3743//3743 2823//2823
f 4833//4833 2823//2823 3743//3743
f 4826//4826 5140//5140 2815//2815
f 2819//2819 5099//5099 2823//2823
f 2822//2822 5097//5097 1387//1387
f 1387//1387 3741//3741 2822//2822
f 4824//4824 5138//5138 2814//2814
f 4831//4831 2822//2822 3741//3741
f 2817//2817 5097//5097 2822//2822
f 3154//3154 1495//1495 2995//2995
f 3282//3282 1358//1358 1414//1414
f 3152//3152 1494//1494 2994//2994
f 1833//1833 4871//4871 85//85
f 88//88 3484//3484 3370//3370
f 88//88 3370//3370 3440//3440
f 3485//3485 168//168 3371//3371
f 3371//3371 168//168 3441//3441
f 1503//1503 449//449 4863//4863
f 449//449 1503//1503 3089//3089
f 2633//2633 2931//2931 4693//4693
f 2931//2931 2633//2633 3457//3457
f 3457//3457 2633//2633 4741//4741
f 2632//2632 2930//2930 4692//4692
f 639//639 3823//3823 2535//2535
f 2930//2930 2632//2632 3456//3456
f 3456//3456 2632//2632 4740//4740
f 638//638 3822//3822 2534//2534
f 449//449 1481//1481 4863//4863
f 1502//1502 448//448 4861//4861
f 448//448 1502//1502 3088//3088
f 448//448 1480//1480 4861//4861
f 498//498 3280//3280 813//813
f 498//498 813//813 3468//3468
f 451//451 4717//4717 3837//3837
f 639//639 4717//4717 451//451
f 450//450 4716//4716 3836//3836
f 638//638 4716//4716 450//450
f 3280//3280 498//498 3363//3363
f 496//496 3278//3278 812//812
f 496//496 812//812 3466//3466
f 3278//3278 496//496 3362//3362
f 481//481 479//479 879//879
f 479//479 3423//3423 879//879
f 168//168 3486//3486 3372//3372
f 480//480 477//477 877//877
f 477//477 3421//3421 877//877
f 168//168 3372//3372 3442//3442
f 478//478 3335//3335 878//878
f 2095//2095 4563//4563 2159//2159
f 3487//3487 88//88 3373//3373
f 3422//3422 478//478 878//878
f 858//858 478//478 3422//3422
f 476//476 3334//3334 876//876
f 2093//2093 4561//4561 2157//2157
f 3373//3373 88//88 3443//3443
f 3420//3420 476//476 876//876
f 856//856 476//476 3420//3420
f 2373//2373 4661//4661 3809//3809
f 2373//2373 3977//3977 2601//2601
f 4661//4661 2373//2373 2601//2601
f 2372//2372 4660//4660 3808//3808
f 2372//2372 3976//3976 2600//2600
f 4660//4660 2372//2372 2600//2600
f 1307//1307 1581//1581 4207//4207
f 1306//1306 1580//1580 4206//4206
f 5411//5411 3430//3430 253//253
f 5411//5411 3832//3832 3430//3430
f 4562//4562 2094//2094 2158//2158
f 4657//4657 1275//1275 135//135
f 1854//1854 3832//3832 5411//5411
f 4560//4560 2092//2092 2156//2156
f 3547//3547 5121//5121 2329//2329
f 5201//5201 3648//3648 5411//5411
f 5411//5411 3648//3648 1854//1854
f 3546//3546 5120//5120 2328//2328
f 5410//5410 3428//3428 251//251
f 5410//5410 3830//3830 3428//3428
f 1852//1852 3830//3830 5410//5410
f 4657//4657 135//135 134//134
f 5200//5200 3646//3646 5410//5410
f 2751//2751 419//419 639//639
f 2535//2535 2751//2751 639//639
f 2750//2750 418//418 638//638
f 2534//2534 2750//2750 638//638
f 1541//1541 3535//3535 3125//3125
f 4219//4219 3941//3941 1375//1375
f 4219//4219 1375//1375 1361//1361
f 5039//5039 1185//1185 1209//1209
f 2565//2565 5039//5039 1209//1209
f 1209//1209 1179//1179 2565//2565
f 1541//1541 3188//3188 3535//3535
f 4218//4218 3940//3940 1374//1374
f 5038//5038 1184//1184 1207//1207
f 2564//2564 5038//5038 1207//1207
f 4218//4218 1374//1374 1360//1360
f 4649//4649 242//242 1385//1385
f 1207//1207 1177//1177 2564//2564
f 5410//5410 3646//3646 1852//1852
f 1385//1385 242//242 2053//2053
f 4648//4648 241//241 1384//1384
f 1384//1384 241//241 2052//2052
f 3665//3665 2967//2967 4863//4863
f 3663//3663 2965//2965 4861//4861
f 5147//5147 787//787 2937//2937
f 5490//5490 2990//2990 5149//5149
f 2870//2870 2907//2907 2937//2937
f 2870//2870 2937//2937 787//787
f 5149//5149 789//789 2936//2936
f 5490//5490 2936//2936 2944//2944
f 2868//2868 2906//2906 2936//2936
f 1540//1540 3534//3534 3124//3124
f 2868//2868 2936//2936 789//789
f 1540//1540 3186//3186 3534//3534
f 3005//3005 714//714 1450//1450
f 1450//1450 2992//2992 3005//3005
f 3004//3004 712//712 1448//1448
f 1448//1448 2990//2990 3004//3004
f 3217//3217 1317//1317 725//725
f 518//518 3960//3960 4339//4339
f 4659//4659 1277//1277 121//121
f 1317//1317 3217//3217 2865//2865
f 3215//3215 1315//1315 724//724
f 516//516 3958//3958 4341//4341
f 4659//4659 121//121 122//122
f 1315//1315 3215//3215 2864//2864
f 5079//5079 3075//3075 3051//3051
f 5078//5078 3074//3074 3050//3050
f 2921//2921 463//463 3217//3217
f 2995//2995 1495//1495 1373//1373
f 1495//1495 714//714 1373//1373
f 2919//2919 461//461 3215//3215
f 2994//2994 1494//1494 1372//1372
f 1127//1127 577//577 2529//2529
f 1494//1494 712//712 1372//1372
f 462//462 2920//2920 3216//3216
f 3305//3305 317//317 3105//3105
f 1125//1125 575//575 2527//2527
f 3105//3105 317//317 3283//3283
f 460//460 2918//2918 3214//3214
f 3744//3744 3776//3776 5298//5298
f 576//576 1126//1126 2528//2528
f 1117//1117 4013//4013 1905//1905
f 4013//4013 1117//1117 2343//2343
f 389//389 4013//4013 2343//2343
f 1116//1116 4012//4012 1904//1904
f 4012//4012 1116//1116 2342//2342
f 388//388 4012//4012 2342//2342
f 5298//5298 3776//3776 3696//3696
f 3184//3184 1978//1978 3118//3118
f 574//574 1124//1124 2526//2526
f 3184//3184 3132//3132 3900//3900
f 3182//3182 1976//1976 3116//3116
f 3182//3182 3130//3130 3898//3898
f 4173//4173 2709//2709 1687//1687
f 1265//1265 4173//4173 1687//1687
f 1629//1629 4149//4149 1721//1721
f 1628//1628 4148//4148 1720//1720
f 1175//1175 1901//1901 3043//3043
f 427//427 1175//1175 3043//3043
f 1174//1174 1900//1900 3042//3042
f 426//426 1174//1174 3042//3042
f 2943//2943 4371//4371 4345//4345
f 4371//4371 1585//1585 4345//4345
f 2942//2942 4370//4370 4344//4344
f 4370//4370 1584//1584 4344//4344
f 4172//4172 2708//2708 1686//1686
f 4675//4675 1221//1221 3763//3763
f 4333//4333 1811//1811 1941//1941
f 1811//1811 4333//4333 3837//3837
f 4333//4333 1189//1189 3837//3837
f 4332//4332 1810//1810 1940//1940
f 1810//1810 4332//4332 3836//3836
f 4332//4332 1188//1188 3836//3836
f 967//967 4603//4603 3903//3903
f 966//966 4602//4602 3902//3902
f 1264//1264 4172//4172 1686//1686
f 377//377 2411//2411 45//45
f 1103//1103 4675//4675 3763//3763
f 46//46 377//377 45//45
f 375//375 2409//2409 211//211
f 4674//4674 1220//1220 3762//3762
f 210//210 375//375 211//211
f 2011//2011 4095//4095 2043//2043
f 1102//1102 4674//4674 3762//3762
f 2111//2111 2043//2043 4095//4095
f 1027//1027 4361//4361 3817//3817
f 1903//1903 1027//1027 3817//3817
f 1026//1026 4360//4360 3816//3816
f 1902//1902 1026//1026 3816//3816
f 2410//2410 376//376 211//211
f 2009//2009 4093//4093 2041//2041
f 3746//3746 3778//3778 5299//5299
f 5299//5299 3778//3778 3698//3698
f 4551//4551 4607//4607 2717//2717
f 4329//4329 4551//4551 2717//2717
f 2109//2109 2041//2041 4093//4093
f 4550//4550 4606//4606 2716//2716
f 4328//4328 4550//4550 2716//2716
f 376//376 210//210 211//211
f 4094//4094 2010//2010 2042//2042
f 2042//2042 2110//2110 4094//4094
f 5503//5503 6//6 7//7
f 4092//4092 2008//2008 2040//2040
f 2040//2040 2108//2108 4092//4092
f 5502//5502 4189//4189 5302//5302
f 1913//1913 3731//3731 3875//3875
f 2408//2408 374//374 45//45
f 374//374 46//46 45//45
f 1912//1912 3730//3730 3873//3873
f 4435//4435 3833//3833 529//529
f 3717//3717 529//529 3833//3833
f 1299//1299 2787//2787 2785//2785
f 2787//2787 5305//5305 2785//2785
f 5305//5305 2795//2795 2785//2785
f 1298//1298 2786//2786 2784//2784
f 4433//4433 3831//3831 528//528
f 4153//4153 3553//3553 2679//2679
f 26//26 584//584 25//25
f 584//584 632//632 25//25
f 3715//3715 528//528 3831//3831
f 770//770 3365//3365 3102//3102
f 230//230 585//585 231//231
f 585//585 634//634 231//231
f 4152//4152 3552//3552 2678//2678
f 2985//2985 770//770 3102//3102
f 2786//2786 5304//5304 2784//2784
f 5304//5304 2794//2794 2784//2784
f 4243//4243 3781//3781 1239//1239
f 3874//3874 3799//3799 1808//1808
f 3799//3799 5048//5048 942//942
f 1808//1808 3799//3799 942//942
f 4242//4242 3780//3780 1238//1238
f 777//777 3102//3102 3365//3365
f 3872//3872 3798//3798 1806//1806
f 3798//3798 5046//5046 940//940
f 1806//1806 3798//3798 940//940
f 768//768 3364//3364 3100//3100
f 2984//2984 768//768 3100//3100
f 776//776 3100//3100 3364//3364
f 491//491 4994//4994 3571//3571
f 490//490 4992//4992 3570//3570
f 5133//5133 3358//3358 1541//1541
f 1541//1541 3358//3358 3509//3509
f 234//234 1208//1208 235//235
f 5132//5132 3356//3356 1540//1540
f 1208//1208 622//622 235//235
f 1540//1540 3356//3356 3508//3508
f 746//746 4947//4947 1359//1359
f 22//22 1206//1206 21//21
f 746//746 4979//4979 4947//4947
f 1206//1206 620//620 21//21
f 1359//1359 3106//3106 746//746
f 744//744 4946//4946 1358//1358
f 744//744 4978//4978 4946//4946
f 1358//1358 3104//3104 744//744
f 3069//3069 3205//3205 3037//3037
f 3169//3169 3205//3205 1451//1451
f 3205//3205 3069//3069 1451//1451
f 3068//3068 3203//3203 3036//3036
f 3168//3168 3203//3203 1449//1449
f 3203//3203 3068//3068 1449//1449
f 1743//1743 3797//3797 1761//1761
f 3797//3797 1743//1743 5129//5129
f 3933//3933 5129//5129 1743//1743
f 1741//1741 3795//3795 1759//1759
f 3795//3795 1741//1741 5127//5127
f 3931//3931 5127//5127 1741//1741
f 3796//3796 1742//1742 1760//1760
f 1742//1742 3796//3796 5128//5128
f 5128//5128 3932//3932 1742//1742
f 3794//3794 1740//1740 1758//1758
f 1740//1740 3794//3794 5126//5126
f 5126//5126 3930//3930 1740//1740
f 2882//2882 5313//5313 444//444
f 2880//2880 5312//5312 442//442
f 5025//5025 1637//1637 903//903
f 2839//2839 5175//5175 803//803
f 3443//3443 1637//1637 3373//3373
f 1636//1636 5024//5024 902//902
f 2839//2839 803//803 1423//1423
f 1636//1636 3442//3442 3372//3372
f 1847//1847 4387//4387 3905//3905
f 4387//4387 739//739 3905//3905
f 739//739 4387//4387 3405//3405
f 1846//1846 4386//4386 3904//3904
f 4386//4386 738//738 3904//3904
f 738//738 4386//4386 3404//3404
f 5129//5129 2337//2337 3551//3551
f 5341//5341 5129//5129 3551//3551
f 5129//5129 4287//4287 2337//2337
f 2336//2336 5128//5128 3550//3550
f 5128//5128 5340//5340 3550//3550
f 4286//4286 5128//5128 2336//2336
f 5127//5127 2335//2335 3549//3549
f 5339//5339 5127//5127 3549//3549
f 5127//5127 4285//4285 2335//2335
f 2334//2334 5126//5126 3548//3548
f 1789//1789 5141//5141 1785//1785
f 5126//5126 5338//5338 3548//3548
f 4284//4284 5126//5126 2334//2334
f 5023//5023 1635//1635 901//901
f 1787//1787 5139//5139 1784//1784
f 2838//2838 5173//5173 801//801
f 4260//4260 3231//3231 5081//5081
f 4258//4258 3230//3230 5080//5080
f 95//95 3925//3925 94//94
f 3925//3925 95//95 1747//1747
f 3925//3925 1669//1669 94//94
f 3924//3924 161//161 162//162
f 161//161 3924//3924 1746//1746
f 1668//1668 3924//3924 162//162
f 161//161 3923//3923 162//162
f 3441//3441 1635//1635 3371//3371
f 3923//3923 161//161 1745//1745
f 3923//3923 1667//1667 162//162
f 1634//1634 5022//5022 900//900
f 3922//3922 95//95 94//94
f 95//95 3922//3922 1744//1744
f 2838//2838 801//801 1421//1421
f 1666//1666 3922//3922 94//94
f 669//669 1652//1652 4210//4210
f 1634//1634 3440//3440 3370//3370
f 1664//1664 669//669 4210//4210
f 4843//4843 413//413 2681//2681
f 413//413 1817//1817 2681//2681
f 413//413 1205//1205 1817//1817
f 3891//3891 1879//1879 4037//4037
f 673//673 3891//3891 4037//4037
f 3768//3768 1744//1744 1516//1516
f 3890//3890 1878//1878 4036//4036
f 672//672 3890//3890 4036//4036
f 4842//4842 412//412 2680//2680
f 412//412 1816//1816 2680//2680
f 412//412 1204//1204 1816//1816
f 668//668 1653//1653 4211//4211
f 1665//1665 668//668 4211//4211
f 3712//3712 3527//3527 4870//4870
f 3611//3611 1623//1623 989//989
f 2010//2010 4094//4094 4072//4072
f 1623//1623 1709//1709 989//989
f 3610//3610 1622//1622 988//988
f 1622//1622 1708//1708 988//988
f 2008//2008 4092//4092 4070//4070
f 4095//4095 2011//2011 4073//4073
f 4093//4093 2009//2009 4071//4071
f 1273//1273 3597//3597 4653//4653
f 2799//2799 4653//4653 3597//3597
f 1272//1272 3596//3596 4651//4651
f 2797//2797 4651//4651 3596//3596
f 843//843 1563//1563 811//811
f 2479//2479 2213//2213 2545//2545
f 841//841 1561//1561 810//810
f 4693//4693 3007//3007 1251//1251
f 3609//3609 5101//5101 3907//3907
f 2212//2212 2478//2478 2544//2544
f 2931//2931 3007//3007 4693//4693
f 5101//5101 2727//2727 3907//3907
f 5169//5169 2743//2743 3007//3007
f 2477//2477 2211//2211 2543//2543
f 3608//3608 5100//5100 3906//3906
f 3007//3007 2743//2743 1251//1251
f 5100//5100 2726//2726 3906//3906
f 2210//2210 2476//2476 2542//2542
f 4692//4692 3006//3006 1250//1250
f 2930//2930 3006//3006 4692//4692
f 5168//5168 2742//2742 3006//3006
f 3006//3006 2742//2742 1250//1250
f 3731//3731 5135//5135 5221//5221
f 760//760 3030//3030 779//779
f 5135//5135 3731//3731 3303//3303
f 1788//1788 922//922 3564//3564
f 3730//3730 5134//5134 5220//5220
f 3030//3030 3180//3180 779//779
f 1786//1786 920//920 3562//3562
f 5134//5134 3730//3730 3302//3302
f 1745//1745 3769//3769 1517//1517
f 758//758 3028//3028 778//778
f 3028//3028 3178//3178 778//778
f 4870//4870 3527//3527 3675//3675
f 4299//4299 3685//3685 75//75
f 3301//3301 5328//5328 875//875
f 3685//3685 1869//1869 4119//4119
f 3300//3300 5329//5329 873//873
f 321//321 5169//5169 1663//1663
f 320//320 5168//5168 1661//1661
f 1785//1785 5141//5141 1515//1515
f 75//75 3685//3685 4119//4119
f 125//125 3269//3269 124//124
f 4297//4297 3683//3683 181//181
f 131//131 3268//3268 132//132
f 3231//3231 4260//4260 3564//3564
f 1784//1784 5139//5139 1513//1513
f 3231//3231 3564//3564 854//854
f 831//831 3231//3231 854//854
f 3230//3230 4258//4258 3562//3562
f 4671//4671 2727//2727 3587//3587
f 2727//2727 4671//4671 2607//2607
f 451//451 3823//3823 639//639
f 1309//1309 4671//4671 3587//3587
f 643//643 4671//4671 1309//1309
f 450//450 3822//3822 638//638
f 4670//4670 2726//2726 3586//3586
f 2726//2726 4670//4670 2606//2606
f 1308//1308 4670//4670 3586//3586
f 642//642 4670//4670 1308//1308
f 1185//1185 5039//5039 4555//4555
f 3230//3230 3562//3562 852//852
f 5039//5039 2565//2565 4555//4555
f 1185//1185 4555//4555 2397//2397
f 830//830 3230//3230 852//852
f 1184//1184 5038//5038 4553//4553
f 2591//2591 3383//3383 5365//5365
f 5038//5038 2564//2564 4553//4553
f 1184//1184 4553//4553 2396//2396
f 3383//3383 2591//2591 3053//3053
f 3383//3383 473//473 5365//5365
f 2590//2590 3381//3381 5364//5364
f 3381//3381 2590//2590 3052//3052
f 3381//3381 471//471 5364//5364
f 1567//1567 3175//3175 3128//3128
f 3683//3683 1867//1867 4117//4117
f 1566//1566 3174//3174 3126//3126
f 181//181 3683//3683 4117//4117
f 3684//3684 4298//4298 181//181
f 1868//1868 3684//3684 4118//4118
f 2406//2406 2498//2498 561//561
f 2404//2404 2496//2496 559//559
f 2497//2497 2405//2405 560//560
f 3684//3684 181//181 4118//4118
f 3682//3682 4296//4296 75//75
f 2499//2499 2407//2407 558//558
f 4645//4645 2671//2671 2795//2795
f 1866//1866 3682//3682 4116//4116
f 4644//4644 2670//2670 2794//2794
f 3682//3682 75//75 4116//4116
f 284//284 1153//1153 230//230
f 1153//1153 613//613 229//229
f 1153//1153 229//229 230//230
f 283//283 1151//1151 26//26
f 1151//1151 611//611 27//27
f 1151//1151 27//27 26//26
f 319//319 3331//3331 3589//3589
f 319//319 3589//3589 3395//3395
f 3770//3770 1746//1746 1518//1518
f 3331//3331 849//849 3589//3589
f 3710//3710 3526//3526 4868//4868
f 4868//4868 3526//3526 3674//3674
f 1747//1747 3771//3771 1519//1519
f 317//317 3329//3329 3588//3588
f 317//317 3588//3588 3393//3393
f 3329//3329 848//848 3588//3588
f 121//121 4718//4718 4656//4656
f 121//121 4656//4656 122//122
f 4925//4925 5019//5019 4953//4953
f 3058//3058 2973//2973 727//727
f 4953//4953 5019//5019 3121//3121
f 3056//3056 2972//2972 726//726
f 4901//4901 2749//2749 5151//5151
f 3075//3075 5079//5079 5111//5111
f 4900//4900 2748//2748 5150//5150
f 3457//3457 3143//3143 795//795
f 2273//2273 4823//4823 2181//2181
f 4823//4823 406//406 2181//2181
f 2272//2272 4822//4822 2180//2180
f 4822//4822 405//405 2180//2180
f 407//407 3385//3385 4981//4981
f 795//795 1553//1553 3457//3457
f 3456//3456 3142//3142 794//794
f 407//407 4981//4981 4923//4923
f 794//794 1552//1552 3456//3456
f 3074//3074 5078//5078 5110//5110
f 404//404 3384//3384 4980//4980
f 404//404 4980//4980 4922//4922
f 331//331 788//788 329//329
f 13//13 5502//5502 5302//5302
f 330//330 786//786 328//328
f 5502//5502 13//13 12//12
f 3849//3849 3388//3388 3473//3473
f 3314//3314 3849//3849 3473//3473
f 3848//3848 3386//3386 3472//3472
f 3312//3312 3848//3848 3472//3472
f 4927//4927 5021//5021 4955//4955
f 1632//1632 3055//3055 3314//3314
f 4955//4955 5021//5021 3123//3123
f 3055//3055 3448//3448 1510//1510
f 135//135 4719//4719 4658//4658
f 1630//1630 3054//3054 3312//3312
f 5176//5176 2114//2114 62//62
f 3054//3054 3446//3446 1508//1508
f 1753//1753 1791//1791 3495//3495
f 1752//1752 1790//1790 3494//3494
f 1793//1793 3635//3635 5275//5275
f 5275//5275 3571//3571 1793//1793
f 321//321 5107//5107 1445//1445
f 1445//1445 2743//2743 321//321
f 1792//1792 3634//3634 5274//5274
f 320//320 5106//5106 1444//1444
f 1444//1444 2742//2742 320//320
f 5274//5274 3570//3570 1792//1792
f 2471//2471 1983//1983 2697//2697
f 3495//3495 447//447 4075//4075
f 2470//2470 1982//1982 2696//2696
f 897//897 4075//4075 447//447
f 4191//4191 5503//5503 4827//4827
f 3494//3494 446//446 4074//4074
f 896//896 4074//4074 446//446
f 1436//1436 3129//3129 2978//2978
f 1619//1619 3867//3867 867//867
f 603//603 385//385 2400//2400
f 385//385 1094//1094 2400//2400
f 5503//5503 7//7 4827//4827
f 605//605 387//387 2398//2398
f 387//387 1092//1092 2398//2398
f 1438//1438 3127//3127 2980//2980
f 1729//1729 3185//3185 3133//3133
f 1727//1727 3183//3183 3131//3131
f 135//135 4658//4658 134//134
f 1617//1617 3865//3865 865//865
f 653//653 1279//1279 5001//5001
f 2115//2115 5177//5177 194//194
f 652//652 1278//1278 5000//5000
f 1468//1468 5351//5351 2757//2757
f 1488//1488 1396//1396 2738//2738
f 4909//4909 5013//5013 1468//1468
f 4909//4909 1468//1468 2757//2757
f 1466//1466 5350//5350 2756//2756
f 1486//1486 1394//1394 2736//2736
f 5033//5033 3693//3693 2739//2739
f 1674//1674 3146//3146 1744//1744
f 5178//5178 2116//2116 194//194
f 5031//5031 3692//3692 2737//2737
f 1744//1744 3146//3146 1516//1516
f 2117//2117 5179//5179 62//62
f 4908//4908 5012//5012 1466//1466
f 4908//4908 1466//1466 2756//2756
f 4134//4134 529//529 3717//3717
f 529//529 4134//4134 4531//4531
f 507//507 5387//5387 3994//3994
f 3994//3994 935//935 507//507
f 4132//4132 528//528 3715//3715
f 528//528 4132//4132 4529//4529
f 3469//3469 3723//3723 3689//3689
f 935//935 1863//1863 507//507
f 505//505 5386//5386 3992//3992
f 3467//3467 3721//3721 3687//3687
f 386//386 604//604 2401//2401
f 3992//3992 934//934 505//505
f 1095//1095 386//386 2401//2401
f 934//934 1861//1861 505//505
f 384//384 602//602 2399//2399
f 1093//1093 384//384 2399//2399
f 3722//3722 3468//3468 3688//3688
f 1737//1737 3688//3688 3468//3468
f 1618//1618 3688//3688 1737//1737
f 3720//3720 3466//3466 3686//3686
f 1736//1736 3686//3686 3466//3466
f 1616//1616 3686//3686 1736//1736
f 3723//3723 3469//3469 499//499
f 3581//3581 3723//3723 499//499
f 3721//3721 3467//3467 497//497
f 3579//3579 3721//3721 497//497
f 3468//3468 3722//3722 498//498
f 3722//3722 3580//3580 498//498
f 3466//3466 3720//3720 496//496
f 3720//3720 3578//3578 496//496
f 3849//3849 1337//1337 3388//3388
f 1337//1337 2959//2959 3388//3388
f 4887//4887 1199//1199 4819//4819
f 3893//3893 1199//1199 4887//4887
f 3147//3147 1675//1675 1745//1745
f 2841//2841 4213//4213 3259//3259
f 4886//4886 1198//1198 4818//4818
f 3892//3892 1198//1198 4886//4886
f 2855//2855 4964//4964 668//668
f 4213//4213 453//453 3259//3259
f 2840//2840 4212//4212 3258//3258
f 4212//4212 452//452 3258//3258
f 2541//2541 2007//2007 3435//3435
f 731//731 2541//2541 3435//3435
f 2540//2540 2006//2006 3434//3434
f 730//730 2540//2540 3434//3434
f 3848//3848 1336//1336 3386//3386
f 1336//1336 2958//2958 3386//3386
f 3147//3147 1745//1745 1517//1517
f 2857//2857 4965//4965 669//669
f 3067//3067 3107//3107 3285//3285
f 3403//3403 3171//3171 5009//5009
f 3067//3067 3285//3285 1417//1417
f 707//707 3001//3001 5089//5089
f 707//707 1365//1365 3001//3001
f 3402//3402 3170//3170 5008//5008
f 706//706 3000//3000 5088//5088
f 706//706 1364//1364 3000//3000
f 5287//5287 701//701 3003//3003
f 4845//4845 3003//3003 701//701
f 4845//4845 701//701 2903//2903
f 5286//5286 700//700 3002//3002
f 4844//4844 3002//3002 700//700
f 4844//4844 700//700 2902//2902
f 3515//3515 891//891 3753//3753
f 3515//3515 3753//3753 327//327
f 891//891 3515//3515 1663//1663
f 3514//3514 890//890 3752//3752
f 3514//3514 3752//3752 325//325
f 890//890 3514//3514 1661//1661
f 3066//3066 3105//3105 3283//3283
f 3066//3066 3283//3283 1415//1415
f 3866//3866 1618//1618 866//866
f 318//318 3306//3306 3106//3106
f 318//318 3106//3106 3284//3284
f 316//316 3304//3304 3104//3104
f 3864//3864 1616//1616 864//864
f 3200//3200 3330//3330 3527//3527
f 316//316 3104//3104 3282//3282
f 3198//3198 3328//3328 3526//3526
f 5294//5294 3050//3050 3074//3074
f 5294//5294 3074//3074 456//456
f 4363//4363 4915//4915 2907//2907
f 4363//4363 2907//2907 2859//2859
f 4362//4362 4914//4914 2906//2906
f 3307//3307 747//747 1473//1473
f 5295//5295 3051//3051 3075//3075
f 4362//4362 2906//2906 2858//2858
f 1676//1676 3148//3148 1746//1746
f 3305//3305 745//745 1471//1471
f 3129//3129 323//323 3453//3453
f 5295//5295 3075//3075 457//457
f 1746//1746 3148//3148 1518//1518
f 3127//3127 322//322 3452//3452
f 3351//3351 4873//4873 3085//3085
f 4873//4873 1353//1353 3085//3085
f 3350//3350 4872//4872 3084//3084
f 4872//4872 1352//1352 3084//3084
f 746//746 3306//3306 1472//1472
f 3106//3106 3306//3306 746//746
f 4610//4610 538//538 2574//2574
f 3032//3032 4852//4852 3360//3360
f 744//744 3304//3304 1470//1470
f 4608//4608 536//536 2572//2572
f 2507//2507 2165//2165 4013//4013
f 389//389 2507//2507 4013//4013
f 2506//2506 2164//2164 4012//4012
f 388//388 2506//2506 4012//4012
f 3104//3104 3304//3304 744//744
f 3360//3360 4852//4852 1456//1456
f 3924//3924 3398//3398 494//494
f 3922//3922 3396//3396 492//492
f 539//539 4611//4611 2575//2575
f 3399//3399 3925//3925 495//495
f 3397//3397 3923//3923 493//493
f 5399//5399 5261//5261 2284//2284
f 537//537 4609//4609 2573//2573
f 1233//1233 4219//4219 1361//1361
f 5399//5399 2262//2262 203//203
f 1232//1232 4218//4218 1360//1360
f 5261//5261 5399//5399 204//204
f 5399//5399 203//203 204//204
f 3551//3551 4599//4599 977//977
f 4599//4599 2207//2207 977//977
f 3549//3549 4597//4597 975//975
f 4597//4597 2205//2205 975//975
f 2961//2961 4921//4921 2295//2295
f 2295//2295 2055//2055 2961//2961
f 4921//4921 301//301 2295//2295
f 2960//2960 4920//4920 2294//2294
f 2294//2294 2054//2054 2960//2960
f 4920//4920 300//300 2294//2294
f 4598//4598 3550//3550 976//976
f 2206//2206 4598//4598 976//976
f 4596//4596 3548//3548 974//974
f 2204//2204 4596//4596 974//974
f 5359//5359 4476//4476 2116//2116
f 1042//1042 4476//4476 349//349
f 1042//1042 2116//2116 4476//4476
f 5358//5358 4474//4474 2114//2114
f 1040//1040 4474//4474 348//348
f 1040//1040 2114//2114 4474//4474
f 3515//3515 321//321 1663//1663
f 3514//3514 320//320 1661//1661
f 3369//3369 4185//4185 1003//1003
f 5398//5398 5260//5260 2282//2282
f 4184//4184 3368//3368 1002//1002
f 5398//5398 2260//2260 53//53
f 3367//3367 4183//4183 1001//1001
f 5260//5260 5398//5398 52//52
f 5398//5398 53//53 52//52
f 4182//4182 3366//3366 1000//1000
f 5259//5259 5397//5397 2285//2285
f 1955//1955 4268//4268 352//352
f 3571//3571 5275//5275 2686//2686
f 2734//2734 3571//3571 2686//2686
f 2263//2263 5397//5397 53//53
f 491//491 3571//3571 2734//2734
f 5397//5397 5259//5259 52//52
f 3570//3570 5274//5274 2684//2684
f 1954//1954 4266//4266 350//350
f 2732//2732 3570//3570 2684//2684
f 490//490 3570//3570 2732//2732
f 53//53 5397//5397 52//52
f 2537//2537 3455//3455 3237//3237
f 5258//5258 5396//5396 2283//2283
f 2261//2261 5396//5396 203//203
f 5396//5396 5258//5258 204//204
f 2536//2536 3454//3454 3236//3236
f 203//203 5396//5396 204//204
f 714//714 3204//3204 1450//1450
f 3204//3204 714//714 1495//1495
f 712//712 3202//3202 1448//1448
f 3202//3202 712//712 1494//1494
f 1491//1491 5267//5267 811//811
f 811//811 1563//1563 1453//1453
f 811//811 1453//1453 1491//1491
f 1490//1490 5266//5266 810//810
f 810//810 1561//1561 1452//1452
f 810//810 1452//1452 1490//1490
f 4895//4895 5075//5075 663//663
f 5035//5035 4895//4895 663//663
f 4894//4894 5073//5073 662//662
f 5034//5034 4894//4894 662//662
f 3591//3591 2601//2601 4637//4637
f 2601//2601 3591//3591 2675//2675
f 1247//1247 3591//3591 4637//4637
f 3590//3590 2600//2600 4636//4636
f 2600//2600 3590//3590 2674//2674
f 1246//1246 3590//3590 4636//4636
f 435//435 2807//2807 4997//4997
f 434//434 2806//2806 4996//4996
f 2859//2859 2949//2949 4879//4879
f 3267//3267 2859//2859 4879//4879
f 3267//3267 4363//4363 2859//2859
f 2035//2035 4341//4341 3958//3958
f 2858//2858 2948//2948 4878//4878
f 3266//3266 2858//2858 4878//4878
f 3266//3266 4362//4362 2858//2858
f 4135//4135 2035//2035 3714//3714
f 3614//3614 3812//3812 1814//1814
f 257//257 1814//1814 3812//3812
f 3714//3714 2035//2035 3958//3958
f 2033//2033 4339//4339 3960//3960
f 3612//3612 3810//3810 1812//1812
f 255//255 1812//1812 3810//3810
f 4133//4133 2033//2033 3716//3716
f 3716//3716 2033//2033 3960//3960
f 1945//1945 447//447 753//753
f 447//447 823//823 753//753
f 1944//1944 446//446 752//752
f 446//446 822//822 752//752
f 3813//3813 3615//3615 1815//1815
f 1815//1815 258//258 3813//3813
f 3033//3033 4853//4853 3361//3361
f 3361//3361 4853//4853 1457//1457
f 3811//3811 3613//3613 1813//1813
f 1813//1813 256//256 3811//3811
f 3016//3016 3363//3363 3580//3580
f 1407//1407 671//671 3455//3455
f 3580//3580 3363//3363 498//498
f 503//503 3545//3545 3487//3487
f 1405//1405 670//670 3454//3454
f 3544//3544 502//502 3486//3486
f 341//341 3993//3993 506//506
f 501//501 3543//3543 3485//3485
f 5388//5388 506//506 3993//3993
f 1493//1493 3271//3271 4641//4641
f 3542//3542 500//500 3484//3484
f 1862//1862 341//341 506//506
f 343//343 3995//3995 504//504
f 1492//1492 3270//3270 4640//4640
f 5389//5389 504//504 3995//3995
f 1860//1860 343//343 504//504
f 4477//4477 2035//2035 541//541
f 2089//2089 541//541 2035//2035
f 3014//3014 3362//3362 3578//3578
f 2089//2089 2035//2035 4135//4135
f 4475//4475 2033//2033 540//540
f 2088//2088 540//540 2033//2033
f 2088//2088 2033//2033 4133//4133
f 2078//2078 2224//2224 1012//1012
f 3578//3578 3362//3362 496//496
f 2076//2076 2222//2222 1010//1010
f 401//401 4639//4639 4669//4669
f 400//400 4638//4638 4668//4668
f 3864//3864 5322//5322 958//958
f 783//783 1423//1423 803//803
f 958//958 5322//5322 3804//3804
f 781//781 1421//1421 801//801
f 369//369 48//48 2251//2251
f 48//48 369//369 47//47
f 1947//1947 2491//2491 3655//3655
f 2491//2491 983//983 3655//3655
f 1946//1946 2490//2490 3654//3654
f 2490//2490 982//982 3654//3654
f 369//369 2451//2451 47//47
f 2031//2031 4083//4083 1923//1923
f 367//367 208//208 2249//2249
f 208//208 367//367 209//209
f 1923//1923 4083//4083 4191//4191
f 2224//2224 197//197 198//198
f 4082//4082 2030//2030 1922//1922
f 367//367 2449//2449 209//209
f 4082//4082 1922//1922 4190//4190
f 208//208 368//368 2250//2250
f 2029//2029 4081//4081 1921//1921
f 368//368 208//208 209//209
f 1921//1921 4081//4081 4189//4189
f 2266//2266 2224//2224 198//198
f 4080//4080 2028//2028 1920//1920
f 2450//2450 368//368 209//209
f 4080//4080 1920//1920 4188//4188
f 2222//2222 59//59 58//58
f 48//48 366//366 2248//2248
f 2264//2264 2222//2222 58//58
f 59//59 2225//2225 58//58
f 366//366 48//48 47//47
f 2225//2225 2267//2267 58//58
f 197//197 2223//2223 198//198
f 2448//2448 366//366 47//47
f 2223//2223 2265//2265 198//198
f 250//250 2721//2721 1651//1651
f 3315//3315 5371//5371 250//250
f 4709//4709 5032//5032 2925//2925
f 5189//5189 5032//5032 4709//4709
f 5184//5184 926//926 1793//1793
f 1651//1651 3315//3315 250//250
f 5182//5182 924//924 1792//1792
f 249//249 2720//2720 1650//1650
f 3313//3313 5370//5370 249//249
f 4708//4708 5030//5030 2924//2924
f 5188//5188 5030//5030 4708//4708
f 1650//1650 3313//3313 249//249
f 1400//1400 1422//1422 5051//5051
f 1422//1422 5174//5174 5051//5051
f 5051//5051 5174//5174 2856//2856
f 1398//1398 1420//1420 5050//5050
f 1420//1420 5172//5172 5050//5050
f 5050//5050 5172//5172 2854//2854
f 1791//1791 1753//1753 3289//3289
f 1790//1790 1752//1752 3288//3288
f 1945//1945 753//753 4349//4349
f 1944//1944 752//752 4348//4348
f 793//793 1919//1919 842//842
f 4915//4915 4851//4851 2937//2937
f 1303//1303 842//842 1919//1919
f 792//792 1918//1918 840//840
f 4914//4914 4850//4850 2936//2936
f 1302//1302 840//840 1918//1918
f 1071//1071 2251//2251 49//49
f 50//50 1071//1071 49//49
f 1069//1069 2249//2249 207//207
f 206//206 1069//1069 207//207
f 2250//2250 1070//1070 207//207
f 1070//1070 206//206 207//207
f 4491//4491 5281//5281 1070//1070
f 3533//3533 601//601 1687//1687
f 4599//4599 4491//4491 1070//1070
f 3532//3532 600//600 1686//1686
f 4489//4489 5280//5280 1068//1068
f 4597//4597 4489//4489 1068//1068
f 5279//5279 4488//4488 1071//1071
f 4488//4488 4596//4596 1071//1071
f 5278//5278 4490//4490 1069//1069
f 4490//4490 4598//4598 1069//1069
f 2248//2248 1068//1068 49//49
f 3589//3589 849//849 1833//1833
f 1833//1833 849//849 3681//3681
f 3866//3866 5323//5323 960//960
f 1068//1068 50//50 49//49
f 960//960 5323//5323 3806//3806
f 1133//1133 593//593 223//223
f 1133//1133 223//223 224//224
f 1131//1131 591//591 33//33
f 1131//1131 33//33 32//32
f 2315//2315 4521//4521 3987//3987
f 4521//4521 509//509 3987//3987
f 2314//2314 4520//4520 3986//3986
f 4520//4520 508//508 3986//3986
f 331//331 3459//3459 5148//5148
f 3588//3588 848//848 1832//1832
f 3278//3278 3362//3362 3196//3196
f 1832//1832 848//848 3680//3680
f 1967//1967 3555//3555 1409//1409
f 3555//3555 931//931 1409//1409
f 931//931 3555//3555 1465//1465
f 881//881 3555//3555 1967//1967
f 1966//1966 3554//3554 1408//1408
f 3554//3554 930//930 1408//1408
f 930//930 3554//3554 1464//1464
f 880//880 3554//3554 1966//1966
f 3196//3196 3362//3362 1592//1592
f 330//330 3458//3458 5146//5146
f 5174//5174 1422//1422 802//802
f 1422//1422 782//782 802//802
f 339//339 5159//5159 4185//4185
f 3369//3369 339//339 4185//4185
f 5158//5158 338//338 4184//4184
f 338//338 3368//3368 4184//4184
f 337//337 5157//5157 4183//4183
f 3367//3367 337//337 4183//4183
f 5156//5156 336//336 4182//4182
f 336//336 3366//3366 4182//4182
f 5172//5172 1420//1420 800//800
f 1420//1420 780//780 800//800
f 913//913 1825//1825 1989//1989
f 1989//1989 4009//4009 913//913
f 4299//4299 1989//1989 1825//1825
f 912//912 1824//1824 1987//1987
f 4269//4269 4537//4537 2217//2217
f 1931//1931 4269//4269 2217//2217
f 1987//1987 4007//4007 912//912
f 4297//4297 1987//1987 1824//1824
f 4537//4537 4269//4269 353//353
f 4267//4267 4535//4535 2215//2215
f 1929//1929 4267//4267 2215//2215
f 3517//3517 3497//3497 1988//1988
f 4535//4535 4267//4267 351//351
f 4008//4008 1988//1988 3497//3497
f 4536//4536 4268//4268 2216//2216
f 1988//1988 4298//4298 3517//3517
f 4885//4885 1590//1590 3151//3151
f 1590//1590 4885//4885 3936//3936
f 4885//4885 681//681 3936//3936
f 4884//4884 1591//1591 3150//3150
f 1591//1591 4884//4884 3937//3937
f 4884//4884 680//680 3937//3937
f 4268//4268 1930//1930 2216//2216
f 3516//3516 3496//3496 1986//1986
f 592//592 1132//1132 223//223
f 223//223 1132//1132 224//224
f 590//590 1130//1130 33//33
f 33//33 1130//1130 32//32
f 1075//1075 1159//1159 2213//2213
f 1159//1159 2545//2545 2213//2213
f 4797//4797 2027//2027 427//427
f 2027//2027 1175//1175 427//427
f 4796//4796 2026//2026 426//426
f 2026//2026 1174//1174 426//426
f 1073//1073 1157//1157 2211//2211
f 1157//1157 2543//2543 2211//2211
f 4565//4565 4207//4207 1581//1581
f 407//407 4565//4565 1581//1581
f 4564//4564 4206//4206 1580//1580
f 404//404 4564//4564 1580//1580
f 4006//4006 1986//1986 3496//3496
f 4268//4268 4536//4536 352//352
f 1925//1925 4601//4601 4151//4151
f 4601//4601 563//563 4151//4151
f 563//563 4601//4601 2531//2531
f 1924//1924 4600//4600 4150//4150
f 4600//4600 562//562 4150//4150
f 562//562 4600//4600 2530//2530
f 4029//4029 1491//1491 2647//2647
f 4534//4534 4266//4266 2214//2214
f 4266//4266 1928//1928 2214//2214
f 4028//4028 1490//1490 2646//2646
f 1986//1986 4296//4296 3516//3516
f 4266//4266 4534//4534 350//350
f 3427//3427 1309//1309 4725//4725
f 2707//2707 4385//4385 679//679
f 3587//3587 4725//4725 1309//1309
f 2706//2706 4384//4384 678//678
f 4725//4725 3587//3587 5061//5061
f 3426//3426 1308//1308 4724//4724
f 3586//3586 4724//4724 1308//1308
f 4724//4724 3586//3586 5060//5060
f 2079//2079 2225//2225 59//59
f 60//60 2079//2079 59//59
f 2077//2077 2223//2223 197//197
f 196//196 2077//2077 197//197
f 2224//2224 2078//2078 197//197
f 2078//2078 196//196 197//197
f 2222//2222 2076//2076 59//59
f 2076//2076 60//60 59//59
f 4743//4743 4355//4355 2096//2096
f 5121//5121 4743//4743 2096//2096
f 4742//4742 4354//4354 2097//2097
f 5120//5120 4742//4742 2097//2097
f 2710//2710 4564//4564 5458//5458
f 927//927 4269//4269 5185//5185
f 4269//4269 4145//4145 5185//5185
f 4189//4189 5502//5502 4825//4825
f 925//925 4267//4267 5183//5183
f 4267//4267 4143//4143 5183//5183
f 4268//4268 1955//1955 926//926
f 4268//4268 926//926 5184//5184
f 449//449 4749//4749 1481//1481
f 698//698 4565//4565 4923//4923
f 5458//5458 4564//4564 696//696
f 448//448 4748//4748 1480//1480
f 5502//5502 12//12 4825//4825
f 696//696 4564//4564 4922//4922
f 4144//4144 4268//4268 5184//5184
f 4266//4266 1954//1954 924//924
f 4266//4266 924//924 5182//5182
f 4142//4142 4266//4266 5182//5182
f 367//367 544//544 1065//1065
f 369//369 542//542 1067//1067
f 1163//1163 2397//2397 2327//2327
f 545//545 368//368 1066//1066
f 4555//4555 2327//2327 2397//2397
f 543//543 366//366 1064//1064
f 4437//4437 2653//2653 437//437
f 4201//4201 437//437 2653//2653
f 4436//4436 2652//2652 436//436
f 4200//4200 436//436 2652//2652
f 1161//1161 2396//2396 2325//2325
f 4553//4553 2325//2325 2396//2396
f 3331//3331 3201//3201 849//849
f 3329//3329 3199//3199 848//848
f 494//494 802//802 1676//1676
f 782//782 1676//1676 802//802
f 5033//5033 2713//2713 1835//1835
f 419//419 5033//5033 1835//1835
f 5031//5031 2712//2712 1834//1834
f 418//418 5031//5031 1834//1834
f 1850//1850 5192//5192 3368//3368
f 338//338 1850//1850 3368//3368
f 1848//1848 5190//5190 3366//3366
f 336//336 1848//1848 3366//3366
f 3149//3149 1677//1677 1747//1747
f 3148//3148 1676//1676 782//782
f 492//492 800//800 1674//1674
f 780//780 1674//1674 800//800
f 3149//3149 1747//1747 1519//1519
f 3146//3146 1674//1674 780//780
f 803//803 495//495 1677//1677
f 1677//1677 783//783 803//803
f 1276//1276 4719//4719 136//136
f 1677//1677 3149//3149 783//783
f 2279//2279 4273//4273 4577//4577
f 2277//2277 4271//4271 4575//4575
f 2233//2233 2075//2075 2295//2295
f 2075//2075 963//963 2295//2295
f 2232//2232 2074//2074 2294//2294
f 2074//2074 962//962 2294//2294
f 801//801 493//493 1675//1675
f 4272//4272 2278//2278 4576//4576
f 4270//4270 2276//2276 4574//4574
f 1675//1675 781//781 801//801
f 136//136 4719//4719 135//135
f 1675//1675 3147//3147 781//781
f 3330//3330 318//318 1597//1597
f 1597//1597 318//318 3394//3394
f 1906//1906 3478//3478 3451//3451
f 3328//3328 316//316 1596//1596
f 1596//1596 316//316 3392//3392
f 5193//5193 1851//1851 3369//3369
f 1907//1907 3479//3479 3450//3450
f 1851//1851 339//339 3369//3369
f 2975//2975 4901//4901 3419//3419
f 2617//2617 4901//4901 2975//2975
f 4901//4901 1221//1221 3419//3419
f 5191//5191 1849//1849 3367//3367
f 4481//4481 2969//2969 4527//4527
f 1289//1289 4481//4481 4527//4527
f 4480//4480 2968//2968 4526//4526
f 1288//1288 4480//4480 4526//4526
f 2974//2974 4900//4900 3418//3418
f 2616//2616 4900//4900 2974//2974
f 4900//4900 1220//1220 3418//3418
f 1849//1849 337//337 3367//3367
f 4619//4619 2757//2757 2977//2977
f 4741//4741 307//307 3143//3143
f 1641//1641 3143//3143 307//307
f 2757//2757 2731//2731 2977//2977
f 4740//4740 306//306 3142//3142
f 1640//1640 3142//3142 306//306
f 4058//4058 4448//4448 986//986
f 4058//4058 986//986 1964//1964
f 4783//4783 4673//4673 3299//3299
f 4673//4673 4697//4697 3299//3299
f 4782//4782 4672//4672 3298//3298
f 4672//4672 4696//4696 3298//3298
f 2082//2082 4058//4058 1964//1964
f 4056//4056 4446//4446 984//984
f 4056//4056 984//984 1962//1962
f 2080//2080 4056//4056 1962//1962
f 4449//4449 4059//4059 987//987
f 987//987 4059//4059 1965//1965
f 4059//4059 2083//2083 1965//1965
f 4447//4447 4057//4057 985//985
f 985//985 4057//4057 1963//1963
f 4057//4057 2081//2081 1963//1963
f 2311//2311 2557//2557 2439//2439
f 4618//4618 2756//2756 2976//2976
f 1101//1101 2439//2439 2557//2557
f 2439//2439 2237//2237 2311//2311
f 2309//2309 2555//2555 2437//2437
f 2756//2756 2730//2730 2976//2976
f 1099//1099 2437//2437 2555//2555
f 2437//2437 2235//2235 2309//2309
f 2556//2556 2310//2310 2438//2438
f 3280//3280 3363//3363 3197//3197
f 2951//2951 4779//4779 114//114
f 835//835 4181//4181 99//99
f 3287//3287 3085//3085 1353//1353
f 1873//1873 5489//5489 5348//5348
f 100//100 835//835 99//99
f 2438//2438 1100//1100 2556//2556
f 3197//3197 3363//3363 1594//1594
f 2950//2950 4777//4777 142//142
f 2236//2236 2438//2438 2310//2310
f 4180//4180 834//834 157//157
f 834//834 1570//1570 156//156
f 54//54 2263//2263 53//53
f 834//834 156//156 157//157
f 833//833 4179//4179 157//157
f 2262//2262 202//202 203//203
f 3286//3286 3084//3084 1352//1352
f 3929//3929 5489//5489 2105//2105
f 156//156 833//833 157//157
f 202//202 2261//2261 203//203
f 4178//4178 832//832 99//99
f 832//832 1568//1568 100//100
f 2260//2260 54//54 53//53
f 832//832 100//100 99//99
f 5329//5329 3204//3204 1495//1495
f 2554//2554 2308//2308 2436//2436
f 5104//5104 5329//5329 3154//3154
f 2436//2436 1098//1098 2554//2554
f 2234//2234 2436//2436 2308//2308
f 5489//5489 3929//3929 5348//5348
f 5489//5489 1873//1873 2105//2105
f 3632//3632 3652//3652 4160//4160
f 5329//5329 1495//1495 3154//3154
f 1923//1923 4337//4337 5403//5403
f 5328//5328 3202//3202 1494//1494
f 3630//3630 3650//3650 4158//4158
f 5102//5102 5328//5328 3152//3152
f 5403//5403 4337//4337 949//949
f 5328//5328 1494//1494 3152//3152
f 3653//3653 3633//3633 4161//4161
f 3933//3933 1719//1719 262//262
f 4336//4336 1922//1922 5401//5401
f 3931//3931 1717//1717 260//260
f 3651//3651 3631//3631 4159//4159
f 1718//1718 3932//3932 261//261
f 4336//4336 5401//5401 948//948
f 1716//1716 3930//3930 259//259
f 5099//5099 3213//3213 107//107
f 1389//1389 5099//5099 108//108
f 108//108 5099//5099 107//107
f 5097//5097 3211//3211 149//149
f 4089//4089 2027//2027 4797//4797
f 4089//4089 4797//4797 2843//2843
f 4088//4088 2026//2026 4796//4796
f 4088//4088 4796//4796 2842//2842
f 1387//1387 5097//5097 148//148
f 148//148 5097//5097 149//149
f 1546//1546 1594//1594 3224//3224
f 1594//1594 1546//1546 3197//3197
f 1544//1544 1592//1592 3222//3222
f 1592//1592 1544//1544 3196//3196
f 4225//4225 3297//3297 1945//1945
f 4225//4225 1477//1477 3297//3297
f 1477//1477 4225//4225 455//455
f 4224//4224 3296//3296 1944//1944
f 4224//4224 1476//1476 3296//3296
f 1476//1476 4224//4224 454//454
f 1431//1431 2663//2663 5089//5089
f 1755//1755 1431//1431 5089//5089
f 1595//1595 1547//1547 3225//3225
f 1885//1885 3981//3981 4995//4995
f 707//707 5089//5089 2663//2663
f 1430//1430 2662//2662 5088//5088
f 1754//1754 1430//1430 5088//5088
f 3980//3980 1884//1884 4994//4994
f 1593//1593 1545//1545 3223//3223
f 1883//1883 3979//3979 4993//4993
f 706//706 5088//5088 2662//2662
f 3978//3978 1882//1882 4992//4992
f 3303//3303 855//855 815//815
f 3337//3337 815//815 855//855
f 815//815 3337//3337 2999//2999
f 3302//3302 853//853 814//814
f 3336//3336 814//814 853//853
f 814//814 3336//3336 2998//2998
f 5071//5071 462//462 1316//1316
f 1378//1378 3742//3742 766//766
f 4473//4473 2121//2121 4055//4055
f 1035//1035 4473//4473 4055//4055
f 1035//1035 4055//4055 1555//1555
f 945//945 4055//4055 2121//2121
f 4472//4472 2120//2120 4054//4054
f 1034//1034 4472//4472 4054//4054
f 1034//1034 4054//4054 1554//1554
f 944//944 4054//4054 2120//2120
f 1921//1921 4335//4335 5402//5402
f 462//462 3216//3216 1316//1316
f 3216//3216 4909//4909 1316//1316
f 1376//1376 3740//3740 764//764
f 5402//5402 4335//4335 947//947
f 5070//5070 460//460 1314//1314
f 460//460 3214//3214 1314//1314
f 3743//3743 1379//1379 767//767
f 4334//4334 1920//1920 5400//5400
f 3214//3214 4908//4908 1314//1314
f 5421//5421 3051//3051 4862//4862
f 661//661 1213//1213 3973//3973
f 3741//3741 1377//1377 765//765
f 659//659 1212//1212 3972//3972
f 4619//4619 2977//2977 3763//3763
f 4618//4618 2976//2976 3762//3762
f 4334//4334 5400//5400 946//946
f 2985//2985 5421//5421 4862//4862
f 4862//4862 770//770 2985//2985
f 5420//5420 3050//3050 4860//4860
f 2984//2984 5420//5420 4860//4860
f 4860//4860 768//768 2984//2984
f 3081//3081 1546//1546 4929//4929
f 1546//1546 3081//3081 3197//3197
f 3081//3081 5055//5055 3197//3197
f 3080//3080 1544//1544 4928//4928
f 1544//1544 3080//3080 3196//3196
f 3080//3080 5054//5054 3196//3196
f 1871//1871 5488//5488 5349//5349
f 3163//3163 481//481 1735//1735
f 3337//3337 3565//3565 2999//2999
f 3336//3336 3563//3563 2998//2998
f 3753//3753 1979//1979 327//327
f 3752//3752 1977//1977 325//325
f 2159//2159 5335//5335 2095//2095
f 5335//5335 2267//2267 2095//2095
f 4109//4109 3671//3671 3665//3665
f 2157//2157 5334//5334 2093//2093
f 3109//3109 4047//4047 4199//4199
f 3665//3665 3649//3649 4109//4109
f 4047//4047 667//667 4199//4199
f 3108//3108 4046//4046 4198//4198
f 3670//3670 4108//4108 3664//3664
f 4046//4046 666//666 4198//4198
f 5334//5334 2265//2265 2093//2093
f 3648//3648 3664//3664 4108//4108
f 4107//4107 3669//3669 3663//3663
f 5333//5333 2158//2158 2094//2094
f 3663//3663 3647//3647 4107//4107
f 3668//3668 4106//4106 3662//3662
f 2266//2266 5333//5333 2094//2094
f 3646//3646 3662//3662 4106//4106
f 4751//4751 3269//3269 126//126
f 3927//3927 5488//5488 2103//2103
f 3161//3161 480//480 1733//1733
f 258//258 1815//1815 859//859
f 3423//3423 859//859 1815//1815
f 4750//4750 3268//3268 130//130
f 5332//5332 2156//2156 2092//2092
f 2264//2264 5332//5332 2092//2092
f 5219//5219 5171//5171 3874//3874
f 5171//5171 3799//3799 3874//3874
f 5218//5218 5170//5170 3872//3872
f 631//631 4551//4551 4329//4329
f 5170//5170 3798//3798 3872//3872
f 859//859 2967//2967 258//258
f 630//630 4550//4550 4328//4328
f 256//256 1813//1813 857//857
f 1137//1137 4355//4355 2803//2803
f 1271//1271 1137//1137 2803//2803
f 1136//1136 4354//4354 2802//2802
f 1270//1270 1136//1136 2802//2802
f 2743//2743 1445//1445 649//649
f 649//649 1445//1445 3621//3621
f 1445//1445 2955//2955 3621//3621
f 2742//2742 1444//1444 648//648
f 4105//4105 3193//3193 2653//2653
f 1799//1799 4105//4105 2653//2653
f 4104//4104 3192//3192 2652//2652
f 1798//1798 4104//4104 2652//2652
f 648//648 1444//1444 3620//3620
f 1444//1444 2954//2954 3620//3620
f 5148//5148 1679//1679 3169//3169
f 3205//3205 3169//3169 1679//1679
f 1119//1119 573//573 1208//1208
f 1118//1118 572//572 1206//1206
f 956//956 952//952 942//942
f 3628//3628 952//952 956//956
f 5146//5146 1678//1678 3168//3168
f 954//954 950//950 940//940
f 3626//3626 950//950 954//954
f 3203//3203 3168//3168 1678//1678
f 953//953 957//957 943//943
f 953//953 3629//3629 957//957
f 3421//3421 857//857 1813//1813
f 951//951 955//955 941//941
f 951//951 3627//3627 955//955
f 857//857 2965//2965 256//256
f 1814//1814 257//257 858//858
f 4027//4027 1979//1979 1801//1801
f 858//858 3422//3422 1814//1814
f 2966//2966 858//858 257//257
f 3753//3753 1801//1801 1979//1979
f 4026//4026 1977//1977 1800//1800
f 1812//1812 255//255 856//856
f 856//856 3420//3420 1812//1812
f 3752//3752 1800//1800 1977//1977
f 2964//2964 856//856 255//255
f 2981//2981 2863//2863 3092//3092
f 3468//3468 813//813 1737//1737
f 2863//2863 435//435 3092//3092
f 4979//4979 3092//3092 435//435
f 813//813 3276//3276 1737//1737
f 3466//3466 812//812 1736//1736
f 2979//2979 2862//2862 3090//3090
f 812//812 3274//3274 1736//1736
f 2862//2862 434//434 3090//3090
f 4978//4978 3090//3090 434//434
f 1570//1570 155//155 156//156
f 1570//1570 1506//1506 155//155
f 1568//1568 101//101 100//100
f 1568//1568 1504//1504 101//101
f 518//518 4240//4240 1805//1805
f 4339//4339 4240//4240 518//518
f 4240//4240 4000//4000 1805//1805
f 516//516 4241//4241 1804//1804
f 4341//4341 4241//4241 516//516
f 4241//4241 4001//4001 1804//1804
f 258//258 987//987 3813//3813
f 256//256 985//985 3811//3811
f 986//986 257//257 3812//3812
f 984//984 255//255 3810//3810
f 2051//2051 2403//2403 2559//2559
f 2403//2403 531//531 2559//2559
f 2050//2050 2402//2402 2558//2558
f 2402//2402 530//530 2558//2558
f 3162//3162 3335//3335 3140//3140
f 475//475 3335//3335 478//478
f 813//813 1447//1447 3276//3276
f 475//475 3140//3140 3335//3335
f 3160//3160 3334//3334 3138//3138
f 812//812 1446//1446 3274//3274
f 474//474 3334//3334 476//476
f 474//474 3138//3138 3334//3334
f 2995//2995 2895//2895 779//779
f 2994//2994 2894//2894 778//778
f 101//101 1571//1571 100//100
f 1507//1507 1571//1571 101//101
f 155//155 1569//1569 156//156
f 1505//1505 1569//1569 155//155
f 3465//3465 244//244 401//401
f 401//401 244//244 4683//4683
f 3464//3464 243//243 400//400
f 400//400 243//243 4682//4682
f 2879//2879 1371//1371 5243//5243
f 2174//2174 4570//4570 2222//2222
f 2877//2877 1370//1370 5241//5241
f 2222//2222 4570//4570 1010//1010
f 3603//3603 2735//2735 2687//2687
f 3603//3603 4995//4995 2735//2735
f 2749//2749 4901//4901 2617//2617
f 3343//3343 3603//3603 2687//2687
f 3602//3602 2733//2733 2685//2685
f 3602//3602 4993//4993 2733//2733
f 2748//2748 4900//4900 2616//2616
f 3342//3342 3602//3602 2685//2685
f 3184//3184 1728//1728 3132//3132
f 3182//3182 1726//1726 3130//3130
f 4571//4571 2175//2175 2160//2160
f 4571//4571 2160//2160 1011//1011
f 2966//2966 3664//3664 845//845
f 845//845 3664//3664 4862//4862
f 2964//2964 3662//3662 844//844
f 844//844 3662//3662 4860//4860
f 1510//1510 3448//3448 760//760
f 25//25 632//632 24//24
f 1508//1508 3446//3446 758//758
f 231//231 634//634 232//232
f 3001//3001 1365//1365 1645//1645
f 3000//3000 1364//1364 1643//1643
f 2176//2176 4572//4572 2224//2224
f 2224//2224 4572//4572 1012//1012
f 4903//4903 246//246 1511//1511
f 4841//4841 1511//1511 246//246
f 4573//4573 2177//2177 2161//2161
f 4573//4573 2161//2161 1013//1013
f 4902//4902 245//245 1509//1509
f 4840//4840 1509//1509 245//245
f 5355//5355 5245//5245 1605//1605
f 4813//4813 1605//1605 5245//5245
f 5354//5354 5244//5244 1604//1604
f 4812//4812 1604//1604 5244//5244
f 1429//1429 4791//4791 2739//2739
f 2739//2739 4791//4791 1397//1397
f 3327//3327 793//793 1728//1728
f 3327//3327 1728//1728 1684//1684
f 3326//3326 792//792 1726//1726
f 3326//3326 1726//1726 1682//1682
f 4144//4144 1930//1930 4268//4268
f 4142//4142 1928//1928 4266//4266
f 4790//4790 1428//1428 2738//2738
f 4790//4790 2738//2738 1396//1396
f 4891//4891 3507//3507 3064//3064
f 3507//3507 1479//1479 3064//3064
f 4890//4890 3506//3506 3062//3062
f 419//419 1835//1835 639//639
f 3506//3506 1478//1478 3062//3062
f 1427//1427 4789//4789 2737//2737
f 2737//2737 4789//4789 1395//1395
f 418//418 1834//1834 638//638
f 5049//5049 923//923 3353//3353
f 3353//3353 1913//1913 5049//5049
f 4435//4435 529//529 4531//4531
f 5047//5047 921//921 3352//3352
f 4435//4435 4531//4531 4305//4305
f 3352//3352 1912//1912 5047//5047
f 2529//2529 577//577 613//613
f 617//617 613//613 577//577
f 613//613 1153//1153 2529//2529
f 2527//2527 575//575 611//611
f 615//615 611//611 575//575
f 611//611 1151//1151 2527//2527
f 1416//1416 1335//1335 2910//2910
f 4530//4530 4434//4434 4304//4304
f 4433//4433 528//528 4529//4529
f 5488//5488 3927//3927 5349//5349
f 4433//4433 4529//4529 4303//4303
f 5488//5488 1871//1871 2103//2103
f 1414//1414 1334//1334 2908//2908
f 4528//4528 4432//4432 4302//4302
f 5061//5061 3587//3587 2727//2727
f 5060//5060 3586//3586 2726//2726
f 5487//5487 1565//1565 4819//4819
f 5487//5487 3573//3573 1615//1615
f 997//997 2131//2131 2031//2031
f 4083//4083 2031//2031 2131//2131
f 2131//2131 4403//4403 4083//4083
f 2130//2130 996//996 2030//2030
f 2030//2030 4082//4082 2130//2130
f 4402//4402 2130//2130 4082//4082
f 4783//4783 1247//1247 645//645
f 995//995 2129//2129 2029//2029
f 4081//4081 2029//2029 2129//2129
f 2129//2129 4401//4401 4081//4081
f 2128//2128 994//994 2028//2028
f 4782//4782 1246//1246 644//644
f 4139//4139 3645//3645 3709//3709
f 717//717 4139//4139 3709//3709
f 4138//4138 3644//3644 3708//3708
f 716//716 4138//4138 3708//3708
f 2028//2028 4080//4080 2128//2128
f 4400//4400 2128//2128 4080//4080
f 1274//1274 4718//4718 120//120
f 5228//5228 2668//2668 125//125
f 1469//1469 2777//2777 3047//3047
f 2777//2777 2791//2791 3047//3047
f 1054//1054 1067//1067 2454//2454
f 1067//1067 542//542 2454//2454
f 2511//2511 2426//2426 2406//2406
f 2509//2509 2424//2424 2404//2404
f 1056//1056 1065//1065 2456//2456
f 1599//1599 3767//3767 927//927
f 1065//1065 544//544 2456//2456
f 1066//1066 1057//1057 2457//2457
f 1467//1467 2776//2776 3045//3045
f 545//545 1066//1066 2457//2457
f 1064//1064 1055//1055 2455//2455
f 1598//1598 3765//3765 925//925
f 543//543 1064//1064 2455//2455
f 5269//5269 3189//3189 3359//3359
f 3359//3359 3189//3189 2735//2735
f 2776//2776 2790//2790 3045//3045
f 5268//5268 3187//3187 3357//3357
f 3357//3357 3187//3187 2733//2733
f 2427//2427 2508//2508 2407//2407
f 2425//2425 2510//2510 2405//2405
f 5417//5417 3928//3928 3521//3521
f 5166//5166 5417//5417 3521//3521
f 3493//3493 3521//3521 3928//3928
f 1808//1808 3408//3408 3874//3874
f 3521//3521 5251//5251 5166//5166
f 5416//5416 3926//3926 3519//3519
f 29//29 393//393 28//28
f 227//227 391//391 228//228
f 5164//5164 5416//5416 3519//3519
f 1806//1806 3406//3406 3872//3872
f 3491//3491 3519//3519 3926//3926
f 3519//3519 5249//5249 5164//5164
f 3927//3927 5412//5412 3520//3520
f 5412//5412 5165//5165 3520//3520
f 3409//3409 1809//1809 3875//3875
f 3520//3520 3492//3492 3927//3927
f 1913//1913 3875//3875 1809//1809
f 5250//5250 3520//3520 5165//5165
f 3407//3407 1807//1807 3873//3873
f 3929//3929 5413//5413 3518//3518
f 1912//1912 3873//3873 1807//1807
f 5413//5413 5167//5167 3518//3518
f 3518//3518 3490//3490 3929//3929
f 5248//5248 3518//3518 5167//5167
f 3059//3059 3141//3141 3163//3163
f 1525//1525 3059//3059 3163//3163
f 1259//1259 2811//2811 2883//2883
f 1258//1258 2809//2809 2881//2881
f 3057//3057 3139//3139 3161//3161
f 1523//1523 3057//3057 3161//3161
f 3017//3017 3281//3281 1595//1595
f 499//499 3281//3281 3017//3017
f 3281//3281 499//499 1695//1695
f 3015//3015 3279//3279 1593//1593
f 2085//2085 3839//3839 2471//2471
f 3839//3839 839//839 2471//2471
f 2084//2084 3838//3838 2470//2470
f 3838//3838 838//838 2470//2470
f 2498//2498 2406//2406 214//214
f 2406//2406 2426//2426 213//213
f 2406//2406 213//213 214//214
f 2496//2496 2404//2404 42//42
f 2404//2404 2424//2424 43//43
f 2404//2404 43//43 42//42
f 2407//2407 2499//2499 42//42
f 2427//2427 2407//2407 43//43
f 497//497 3279//3279 3015//3015
f 43//43 2407//2407 42//42
f 3279//3279 497//497 1694//1694
f 3845//3845 1307//1307 4207//4207
f 2405//2405 2497//2497 214//214
f 1931//1931 4145//4145 4269//4269
f 2425//2425 2405//2405 213//213
f 1929//1929 4143//4143 4267//4267
f 213//213 2405//2405 214//214
f 4113//4113 1831//1831 3791//3791
f 3844//3844 1306//1306 4206//4206
f 1841//1841 3791//3791 1831//1831
f 1233//1233 4615//4615 4539//4539
f 1232//1232 4614//4614 4538//4538
f 120//120 4718//4718 121//121
f 4111//4111 1830//1830 3789//3789
f 1839//1839 3789//3789 1830//1830
f 5229//5229 2669//2669 131//131
f 2925//2925 5032//5032 2738//2738
f 5032//5032 1488//1488 2738//2738
f 2997//2997 2687//2687 2735//2735
f 2687//2687 2997//2997 473//473
f 3189//3189 2997//2997 2735//2735
f 2924//2924 5030//5030 2736//2736
f 2996//2996 2685//2685 2733//2733
f 2685//2685 2996//2996 471//471
f 3187//3187 2996//2996 2733//2733
f 5030//5030 1486//1486 2736//2736
f 3600//3600 3517//3517 4298//4298
f 3600//3600 4298//4298 3684//3684
f 3598//3598 3516//3516 4296//4296
f 3598//3598 4296//4296 3682//3682
f 1135//1135 4427//4427 2227//2227
f 4427//4427 1135//1135 2393//2393
f 1031//1031 4427//4427 2393//2393
f 1134//1134 4426//4426 2226//2226
f 4426//4426 1134//1134 2392//2392
f 1030//1030 4426//4426 2392//2392
f 4299//4299 3601//3601 3685//3685
f 1825//1825 3601//3601 4299//4299
f 4297//4297 3599//3599 3683//3683
f 1824//1824 3599//3599 4297//4297
f 5348//5348 3929//3929 3490//3490
f 777//777 1357//1357 3102//3102
f 776//776 1356//1356 3100//3100
f 5349//5349 3927//3927 3492//3492
f 3212//3212 5098//5098 149//149
f 5098//5098 1388//1388 148//148
f 3928//3928 5347//5347 3493//3493
f 5098//5098 148//148 149//149
f 3210//3210 5096//5096 107//107
f 3926//3926 5346//5346 3491//3491
f 10//10 5119//5119 9//9
f 5096//5096 1386//1386 108//108
f 5096//5096 108//108 107//107
f 9//9 5118//5118 10//10
f 4161//4161 3439//3439 3757//3757
f 1869//1869 4161//4161 3757//3757
f 4159//4159 3437//3437 3755//3755
f 1867//1867 4159//4159 3755//3755
f 3438//3438 4160//4160 3756//3756
f 4160//4160 1868//1868 3756//3756
f 3436//3436 4158//4158 3754//3754
f 1132//1132 385//385 224//224
f 385//385 1132//1132 1094//1094
f 4158//4158 1866//1866 3754//3754
f 1130//1130 387//387 32//32
f 387//387 1130//1130 1092//1092
f 4915//4915 2937//2937 2907//2907
f 5341//5341 977//977 3999//3999
f 3551//3551 977//977 5341//5341
f 661//661 2823//2823 1213//1213
f 4914//4914 2936//2936 2906//2906
f 976//976 5340//5340 3998//3998
f 976//976 3550//3550 5340//5340
f 659//659 2822//2822 1212//1212
f 5339//5339 975//975 3997//3997
f 3549//3549 975//975 5339//5339
f 974//974 5338//5338 3996//3996
f 974//974 3548//3548 5338//5338
f 821//821 1485//1485 3235//3235
f 4788//4788 1426//1426 2736//2736
f 2835//2835 5273//5273 1371//1371
f 3907//3907 2727//2727 2607//2607
f 1485//1485 821//821 3221//3221
f 4788//4788 2736//2736 1394//1394
f 3906//3906 2726//2726 2606//2606
f 819//819 1483//1483 3233//3233
f 1483//1483 819//819 3219//3219
f 1484//1484 820//820 3234//3234
f 2125//2125 2190//2190 196//196
f 2834//2834 5272//5272 1370//1370
f 196//196 2190//2190 2077//2077
f 820//820 1484//1484 3220//3220
f 1482//1482 818//818 3232//3232
f 818//818 1482//1482 3218//3218
f 483//483 3489//3489 874//874
f 483//483 3205//3205 3489//3489
f 874//874 5105//5105 483//483
f 482//482 3488//3488 872//872
f 482//482 3203//3203 3488//3488
f 872//872 5103//5103 482//482
f 1723//1723 4112//4112 3790//3790
f 386//386 1133//1133 224//224
f 1133//1133 386//386 1095//1095
f 3790//3790 1840//1840 1723//1723
f 384//384 1131//1131 32//32
f 1131//1131 384//384 1093//1093
f 2127//2127 2191//2191 60//60
f 1722//1722 4110//4110 3788//3788
f 3615//3615 1719//1719 879//879
f 1815//1815 3615//3615 879//879
f 3788//3788 1838//1838 1722//1722
f 1718//1718 3614//3614 878//878
f 3614//3614 1814//1814 878//878
f 60//60 2191//2191 2079//2079
f 3613//3613 1717//1717 877//877
f 1813//1813 3613//3613 877//877
f 3128//3128 1439//1439 2981//2981
f 1716//1716 3612//3612 876//876
f 3612//3612 1812//1812 876//876
f 3126//3126 1437//1437 2979//2979
f 4809//4809 4757//4757 687//687
f 699//699 4809//4809 687//687
f 4808//4808 4755//4755 686//686
f 697//697 4808//4808 686//686
f 1728//1728 793//793 1772//1772
f 793//793 842//842 1772//1772
f 349//349 2037//2037 1033//1033
f 1726//1726 792//792 1770//1770
f 792//792 840//840 1770//1770
f 2037//2037 342//342 1033//1033
f 4488//4488 5279//5279 2185//2185
f 348//348 2036//2036 1032//1032
f 2719//2719 2741//2741 297//297
f 295//295 2719//2719 297//297
f 2718//2718 2740//2740 296//296
f 294//294 2718//2718 296//296
f 3593//3593 1991//1991 2013//2013
f 1775//1775 3593//3593 2013//2013
f 4490//4490 5278//5278 2183//2183
f 2036//2036 340//340 1032//1032
f 3592//3592 1990//1990 2012//2012
f 1774//1774 3592//3592 2012//2012
f 5281//5281 4491//4491 2184//2184
f 4749//4749 2923//2923 771//771
f 895//895 2227//2227 3761//3761
f 894//894 2226//2226 3760//3760
f 5280//5280 4489//4489 2182//2182
f 1481//1481 4749//4749 771//771
f 771//771 2923//2923 3103//3103
f 4748//4748 2922//2922 769//769
f 1480//1480 4748//4748 769//769
f 4260//4260 1611//1611 3564//3564
f 769//769 2922//2922 3101//3101
f 4258//4258 1610//1610 3562//3562
f 274//274 539//539 2575//2575
f 2135//2135 539//539 274//274
f 272//272 537//537 2573//2573
f 2133//2133 537//537 272//272
f 538//538 273//273 2574//2574
f 538//538 2134//2134 273//273
f 536//536 271//271 2572//2572
f 4165//4165 2889//2889 1783//1783
f 1333//1333 4165//4165 1783//1783
f 4164//4164 2888//2888 1782//1782
f 1332//1332 4164//4164 1782//1782
f 536//536 2132//2132 271//271
f 3482//3482 5024//5024 1578//1578
f 1690//1690 3482//3482 1578//1578
f 3480//3480 5022//5022 1576//1576
f 1688//1688 3480//3480 1576//1576
f 5025//5025 3483//3483 1579//1579
f 3483//3483 1691//1691 1579//1579
f 5023//5023 3481//3481 1577//1577
f 3481//3481 1689//1689 1577//1577
f 2105//2105 1873//1873 1973//1973
f 1873//1873 3995//3995 1973//1973
f 2103//2103 1871//1871 1972//1972
f 1871//1871 3993//3993 1972//1972
f 4399//4399 596//596 3882//3882
f 4398//4398 597//597 3883//3883
f 2451//2451 377//377 46//46
f 1872//1872 2104//2104 1025//1025
f 2449//2449 375//375 210//210
f 3994//3994 1872//1872 1025//1025
f 376//376 2450//2450 210//210
f 1870//1870 2102//2102 1024//1024
f 374//374 2448//2448 46//46
f 3992//3992 1870//1870 1024//1024
f 3457//3457 4741//4741 3143//3143
f 3456//3456 4740//4740 3142//3142
f 3860//3860 3788//3788 4110//4110
f 5099//5099 445//445 3213//3213
f 3860//3860 4110//4110 512//512
f 3789//3789 3861//3861 4111//4111
f 445//445 3209//3209 3213//3213
f 4111//4111 3861//3861 513//513
f 5097//5097 443//443 3211//3211
f 5233//5233 4926//4926 5020//5020
f 3854//3854 5142//5142 3926//3926
f 3862//3862 3790//3790 4112//4112
f 443//443 3207//3207 3211//3211
f 3862//3862 4112//4112 514//514
f 3065//3065 5009//5009 479//479
f 5232//5232 4924//4924 5018//5018
f 1398//1398 3146//3146 780//780
f 5009//5009 3171//3171 479//479
f 3618//3618 5133//5133 5219//5219
f 3358//3358 5133//5133 3618//3618
f 481//481 3065//3065 479//479
f 3616//3616 5132//5132 5218//5218
f 3063//3063 5008//5008 477//477
f 3356//3356 5132//5132 3616//3616
f 5008//5008 3170//3170 477//477
f 5135//5135 3619//3619 5221//5221
f 5135//5135 3359//3359 3619//3619
f 480//480 3063//3063 477//477
f 323//323 3293//3293 4113//4113
f 5134//5134 3617//3617 5220//5220
f 3333//3333 4113//4113 3293//3293
f 5009//5009 469//469 3403//3403
f 5134//5134 3357//3357 3617//3617
f 3791//3791 3863//3863 4113//4113
f 322//322 3292//3292 4111//4111
f 3332//3332 4111//4111 3292//3292
f 469//469 1503//1503 3403//3403
f 4113//4113 3863//3863 515//515
f 5008//5008 468//468 3402//3402
f 468//468 1502//1502 3402//3402
f 444//444 5098//5098 3212//3212
f 3208//3208 444//444 3212//3212
f 442//442 5096//5096 3210//3210
f 3206//3206 442//442 3210//3210
f 3340//3340 1570//1570 3216//3216
f 5013//5013 3216//3216 1570//1570
f 2920//2920 3340//3340 3216//3216
f 3338//3338 1568//1568 3214//3214
f 5012//5012 3214//3214 1568//1568
f 2918//2918 3338//3338 3214//3214
f 1989//1989 4299//4299 76//76
f 76//76 4299//4299 75//75
f 1987//1987 4297//4297 180//180
f 180//180 4297//4297 181//181
f 4298//4298 1988//1988 180//180
f 4298//4298 180//180 181//181
f 4296//4296 1986//1986 76//76
f 4296//4296 76//76 75//75
f 1571//1571 3341//3341 3217//3217
f 3341//3341 2921//2921 3217//3217
f 1569//1569 3339//3339 3215//3215
f 5267//5267 1685//1685 1729//1729
f 3339//3339 2919//2919 3215//3215
f 5266//5266 1683//1683 1727//1727
f 3383//3383 3343//3343 2687//2687
f 3343//3343 3383//3383 1681//1681
f 3381//3381 3342//3342 2685//2685
f 3342//3342 3381//3381 1680//1680
f 3368//3368 5192//5192 4050//4050
f 4086//4086 4050//4050 5192//5192
f 4086//4086 5192//5192 3766//3766
f 3366//3366 5190//5190 4048//4048
f 3327//3327 1609//1609 4991//4991
f 4084//4084 4048//4048 5190//5190
f 3326//3326 1608//1608 4990//4990
f 4084//4084 5190//5190 3764//3764
f 5193//5193 3369//3369 4051//4051
f 4051//4051 4087//4087 5193//5193
f 5193//5193 4087//4087 3767//3767
f 5191//5191 3367//3367 4049//4049
f 4049//4049 4085//4085 5191//5191
f 5191//5191 4085//4085 3765//3765
f 933//933 4130//4130 1970//1970
f 1970//1970 4072//4072 933//933
f 933//933 4072//4072 4124//4124
f 932//932 4128//4128 1968//1968
f 1968//1968 4070//4070 932//932
f 932//932 4070//4070 4122//4122
f 511//511 4459//4459 2523//2523
f 510//510 4458//4458 2522//2522
f 1805//1805 862//862 518//518
f 1804//1804 860//860 516//516
f 4733//4733 671//671 1407//1407
f 4732//4732 670//670 1405//1405
f 3615//3615 1965//1965 3775//3775
f 1965//1965 3615//3615 3813//3813
f 3613//3613 1963//1963 3773//3773
f 1963//1963 3613//3613 3811//3811
f 1964//1964 3614//3614 3774//3774
f 3614//3614 1964//1964 3812//3812
f 2058//2058 2334//2334 2185//2185
f 4488//4488 2185//2185 2334//2334
f 2060//2060 2336//2336 2183//2183
f 4490//4490 2183//2183 2336//2336
f 2337//2337 2061//2061 2184//2184
f 2184//2184 4491//4491 2337//2337
f 2335//2335 2059//2059 2182//2182
f 3675//3675 170//170 171//171
f 2182//2182 4489//4489 2335//2335
f 3674//3674 86//86 85//85
f 1962//1962 3612//3612 3772//3772
f 3612//3612 1962//1962 3810//3810
f 3213//3213 3949//3949 106//106
f 107//107 3213//3213 106//106
f 3122//3122 4954//4954 3770//3770
f 3122//3122 3770//3770 1518//1518
f 3232//3232 2938//2938 2908//2908
f 3948//3948 3212//3212 150//150
f 3212//3212 149//149 150//150
f 3120//3120 4952//4952 3768//3768
f 3120//3120 3768//3768 1516//1516
f 2908//2908 2938//2938 1532//1532
f 3211//3211 3947//3947 150//150
f 149//149 3211//3211 150//150
f 2939//2939 3233//3233 2909//2909
f 4955//4955 3123//3123 3771//3771
f 3771//3771 3123//3123 1519//1519
f 2939//2939 2909//2909 1533//1533
f 3946//3946 3210//3210 106//106
f 3210//3210 107//107 106//106
f 329//329 1567//1567 4112//4112
f 4953//4953 3121//3121 3769//3769
f 3769//3769 3121//3121 1517//1517
f 3234//3234 2940//2940 2910//2910
f 3568//3568 4531//4531 4134//4134
f 2910//2910 2940//2940 1534//1534
f 328//328 1566//1566 4110//4110
f 3566//3566 4529//4529 4132//4132
f 2941//2941 3235//3235 2911//2911
f 4528//4528 3569//3569 4135//4135
f 2941//2941 2911//2911 1535//1535
f 4530//4530 3567//3567 4133//4133
f 3141//3141 3065//3065 481//481
f 3139//3139 3063//3063 480//480
f 980//980 189//189 190//190
f 1038//1038 980//980 190//190
f 980//980 1025//1025 189//189
f 978//978 67//67 66//66
f 1036//1036 978//978 66//66
f 4577//4577 2203//2203 2279//2279
f 978//978 1024//1024 67//67
f 2202//2202 4576//4576 2278//2278
f 346//346 1016//1016 4050//4050
f 4575//4575 2201//2201 2277//2277
f 4050//4050 1016//1016 3368//3368
f 2200//2200 4574//4574 2276//2276
f 3368//3368 1016//1016 1002//1002
f 344//344 1014//1014 4048//4048
f 3591//3591 1247//1247 3273//3273
f 3590//3590 1246//1246 3272//3272
f 4048//4048 1014//1014 3366//3366
f 1609//1609 3327//3327 1684//1684
f 3366//3366 1014//1014 1000//1000
f 1608//1608 3326//3326 1682//1682
f 1017//1017 347//347 4051//4051
f 1017//1017 4051//4051 3369//3369
f 1017//1017 3369//3369 1003//1003
f 1015//1015 345//345 4049//4049
f 1015//1015 4049//4049 3367//3367
f 1015//1015 3367//3367 1001//1001
f 1329//1329 2810//2810 2749//2749
f 343//343 5209//5209 1039//1039
f 1039//1039 981//981 343//343
f 1328//1328 2808//2808 2748//2748
f 341//341 5208//5208 1037//1037
f 1037//1037 979//979 341//341
f 4896//4896 2744//2744 5120//5120
f 3037//3037 3155//3155 773//773
f 4896//4896 5120//5120 294//294
f 3036//3036 3153//3153 772//772
f 4197//4197 1309//1309 3427//3427
f 5207//5207 3553//3553 775//775
f 4897//4897 2745//2745 5121//5121
f 4897//4897 5121//5121 295//295
f 4196//4196 1308//1308 3426//3426
f 3013//3013 5207//5207 775//775
f 5206//5206 3552//3552 774//774
f 1441//1441 5173//5173 2855//2855
f 1441//1441 2855//2855 2877//2877
f 3012//3012 5206//5206 774//774
f 3201//3201 1765//1765 849//849
f 3453//3453 1765//1765 3201//3201
f 3199//3199 1763//1763 848//848
f 3452//3452 1763//1763 3199//3199
f 1323//1323 661//661 665//665
f 1323//1323 2819//2819 661//661
f 1322//1322 659//659 664//664
f 1322//1322 2817//2817 659//659
f 4304//4304 4434//4434 3944//3944
f 4302//4302 4432//4432 3942//3942
f 2791//2791 2777//2777 2741//2741
f 4435//4435 4305//4305 3945//3945
f 4433//4433 4303//4303 3943//3943
f 2790//2790 2776//2776 2740//2740
f 415//415 3793//3793 1325//1325
f 415//415 1325//1325 2834//2834
f 343//343 1860//1860 4001//4001
f 414//414 3792//3792 1324//1324
f 414//414 1324//1324 2835//2835
f 341//341 1862//1862 4000//4000
f 5267//5267 1729//1729 3415//3415
f 1627//1627 5363//5363 104//104
f 105//105 1627//1627 104//104
f 3949//3949 1627//1627 105//105
f 5267//5267 3415//3415 811//811
f 1443//1443 5175//5175 2857//2857
f 1626//1626 151//151 152//152
f 1626//1626 3948//3948 151//151
f 3415//3415 843//843 811//811
f 1625//1625 5361//5361 152//152
f 151//151 1625//1625 152//152
f 3947//3947 1625//1625 151//151
f 5266//5266 1727//1727 3414//3414
f 1443//1443 2857//2857 2879//2879
f 1624//1624 105//105 104//104
f 1624//1624 3946//3946 105//105
f 1761//1761 3581//3581 3017//3017
f 5266//5266 3414//3414 810//810
f 2388//2388 4066//4066 4592//4592
f 4610//4610 2388//2388 4592//4592
f 3414//3414 841//841 810//810
f 1759//1759 3579//3579 3015//3015
f 392//392 227//227 228//228
f 390//390 29//29 28//28
f 2386//2386 4064//4064 4590//4590
f 4608//4608 2386//2386 4590//4590
f 514//514 3584//3584 3254//3254
f 512//512 3582//3582 3252//3252
f 4067//4067 2389//2389 4593//4593
f 2389//2389 4611//4611 4593//4593
f 3580//3580 1760//1760 3016//3016
f 3301//3301 1825//1825 913//913
f 4065//4065 2387//2387 4591//4591
f 2387//2387 4609//4609 4591//4591
f 335//335 829//829 3301//3301
f 3578//3578 1758//1758 3014//3014
f 335//335 3301//3301 913//913
f 3300//3300 1824//1824 912//912
f 2623//2623 2593//2593 2639//2639
f 2593//2593 2579//2579 2639//2639
f 2622//2622 2592//2592 2638//2638
f 2592//2592 2578//2578 2638//2638
f 333//333 828//828 3300//3300
f 333//333 3300//3300 912//912
f 3573//3573 5487//5487 4819//4819
f 6//6 5264//5264 7//7
f 933//933 3897//3897 1978//1978
f 1978//1978 3900//3900 933//933
f 932//932 3896//3896 1976//1976
f 1976//1976 3898//3898 932//932
f 1008//1008 2151//2151 2083//2083
f 1008//1008 2083//2083 4059//4059
f 1021//1021 4543//4543 347//347
f 1017//1017 1021//1021 347//347
f 1006//1006 2149//2149 2081//2081
f 1019//1019 4541//4541 345//345
f 1015//1015 1019//1019 345//345
f 1006//1006 2081//2081 4057//4057
f 4542//4542 1020//1020 346//346
f 1020//1020 1016//1016 346//346
f 2150//2150 1007//1007 2082//2082
f 4540//4540 1018//1018 344//344
f 1018//1018 1014//1014 344//344
f 2082//2082 1007//1007 4058//4058
f 67//67 981//981 66//66
f 981//981 1039//1039 66//66
f 2148//2148 1009//1009 2080//2080
f 2080//2080 1009//1009 4056//4056
f 189//189 979//979 190//190
f 3565//3565 855//855 3353//3353
f 979//979 1037//1037 190//190
f 1025//1025 2104//2104 188//188
f 3563//3563 853//853 3352//3352
f 2104//2104 187//187 188//188
f 1024//1024 2102//2102 68//68
f 257//257 3670//3670 2966//2966
f 2102//2102 69//69 68//68
f 255//255 3668//3668 2964//2964
f 3671//3671 258//258 2967//2967
f 69//69 2105//2105 68//68
f 3669//3669 256//256 2965//2965
f 2759//2759 1349//1349 677//677
f 1565//1565 5487//5487 1615//1615
f 187//187 2103//2103 188//188
f 5363//5363 5087//5087 103//103
f 5087//5087 4043//4043 103//103
f 2758//2758 1348//1348 676//676
f 13//13 5265//5265 12//12
f 5086//5086 5362//5362 153//153
f 4042//4042 5086//5086 153//153
f 3035//3035 1575//1575 3637//3637
f 3255//3255 3585//3585 515//515
f 4192//4192 4500//4500 5256//5256
f 3253//3253 3583//3583 513//513
f 3034//3034 1574//1574 3636//3636
f 5361//5361 5085//5085 153//153
f 5085//5085 4041//4041 153//153
f 1567//1567 1501//1501 3558//3558
f 1566//1566 1500//1500 3556//3556
f 5256//5256 4500//4500 128//128
f 5084//5084 5360//5360 103//103
f 4040//4040 5084//5084 103//103
f 817//817 2679//2679 5069//5069
f 5081//5081 817//817 5069//5069
f 4193//4193 4501//4501 5257//5257
f 5257//5257 4501//4501 128//128
f 4725//4725 3025//3025 3427//3427
f 5324//5324 3440//3440 1634//1634
f 1797//1797 3701//3701 3151//3151
f 4724//4724 3024//3024 3426//3426
f 1796//1796 3700//3700 3150//3150
f 5027//5027 3941//3941 1739//1739
f 816//816 2678//2678 5068//5068
f 5324//5324 1634//1634 900//900
f 3941//3941 5027//5027 1375//1375
f 5080//5080 816//816 5068//5068
f 3441//3441 5325//5325 1635//1635
f 1635//1635 5325//5325 901//901
f 5026//5026 3940//3940 1738//1738
f 5326//5326 3442//3442 1636//1636
f 4917//4917 2624//2624 2693//2693
f 2624//2624 4917//4917 4736//4736
f 4917//4917 1293//1293 4736//4736
f 4916//4916 2625//2625 2692//2692
f 5326//5326 1636//1636 902//902
f 3940//3940 5026//5026 1374//1374
f 1063//1063 3903//3903 1811//1811
f 967//967 3903//3903 1937//1937
f 5233//5233 1468//1468 834//834
f 4926//4926 5233//5233 834//834
f 1062//1062 3902//3902 1810//1810
f 966//966 3902//3902 1936//1936
f 2025//2025 4291//4291 1953//1953
f 3746//3746 5299//5299 3003//3003
f 2625//2625 4916//4916 4737//4737
f 2024//2024 4290//4290 1952//1952
f 3746//3746 3003//3003 1530//1530
f 4916//4916 1292//1292 4737//4737
f 1342//1342 3746//3746 1530//1530
f 3744//3744 5298//5298 3002//3002
f 3744//3744 3002//3002 1528//1528
f 1340//1340 3744//3744 1528//1528
f 628//628 269//269 4256//4256
f 628//628 4066//4066 2388//2388
f 2692//2692 4705//4705 3736//3736
f 4705//4705 285//285 3736//3736
f 2693//2693 4704//4704 3737//3737
f 4704//4704 285//285 3737//3737
f 4066//4066 628//628 4256//4256
f 626//626 267//267 4254//4254
f 626//626 4064//4064 2386//2386
f 4064//4064 626//626 4254//4254
f 270//270 629//629 4257//4257
f 4067//4067 629//629 2389//2389
f 629//629 4067//4067 4257//4257
f 268//268 627//627 4255//4255
f 4065//4065 627//627 2387//2387
f 627//627 4065//4065 4255//4255
f 3515//3515 327//327 5107//5107
f 3443//3443 5327//5327 1637//1637
f 3291//3291 5107//5107 327//327
f 3514//3514 325//325 5106//5106
f 1637//1637 5327//5327 903//903
f 1753//1753 3495//3495 4075//4075
f 3290//3290 5106//5106 325//325
f 1752//1752 3494//3494 4074//4074
f 3392//3392 3318//3318 500//500
f 5232//5232 1466//1466 832//832
f 4924//4924 5232//5232 832//832
f 3392//3392 500//500 1596//1596
f 3205//3205 483//483 3037//3037
f 3037//3037 483//483 3155//3155
f 3784//3784 4305//4305 2176//2176
f 3203//3203 482//482 3036//3036
f 3036//3036 482//482 3153//3153
f 3782//3782 4303//4303 2174//2174
f 3373//3373 503//503 3487//3487
f 3394//3394 3320//3320 502//502
f 4302//4302 3785//3785 2177//2177
f 3371//3371 501//501 3485//3485
f 3394//3394 502//502 1597//1597
f 4304//4304 3783//3783 2175//2175
f 502//502 3372//3372 3486//3486
f 3522//3522 3318//3318 1532//1532
f 500//500 3370//3370 3484//3484
f 3522//3522 1532//1532 2938//2938
f 5486//5486 1564//1564 4818//4818
f 5486//5486 3572//3572 1614//1614
f 1316//1316 4619//4619 2723//2723
f 5071//5071 1316//1316 2723//2723
f 1314//1314 4618//4618 2722//2722
f 5070//5070 1314//1314 2722//2722
f 2025//2025 4097//4097 1287//1287
f 4097//4097 963//963 1287//1287
f 2024//2024 4096//4096 1286//1286
f 4096//4096 962//962 1286//1286
f 4301//4301 1573//1573 4005//4005
f 1097//1097 4301//4301 4005//4005
f 4300//4300 1572//1572 4004//4004
f 1096//1096 4300//4300 4004//4004
f 667//667 4047//4047 3973//3973
f 4180//4180 4954//4954 4926//4926
f 3973//3973 673//673 667//667
f 673//673 3973//3973 1213//1213
f 666//666 4046//4046 3972//3972
f 4926//4926 834//834 4180//4180
f 3972//3972 672//672 666//666
f 672//672 3972//3972 1212//1212
f 4178//4178 4952//4952 4924//4924
f 4924//4924 832//832 4178//4178
f 478//478 858//858 5007//5007
f 476//476 856//856 5006//5006
f 4955//4955 4181//4181 4927//4927
f 835//835 4927//4927 4181//4181
f 4953//4953 4179//4179 4925//4925
f 833//833 4925//4925 4179//4179
f 1067//1067 2440//2440 377//377
f 2451//2451 1067//1067 377//377
f 3601//3601 3653//3653 3685//3685
f 1869//1869 3685//3685 3653//3653
f 369//369 1067//1067 2451//2451
f 3653//3653 4161//4161 1869//1869
f 3599//3599 3651//3651 3683//3683
f 1867//1867 3683//3683 3651//3651
f 1065//1065 2442//2442 375//375
f 4735//4735 2669//2669 2585//2585
f 2669//2669 4655//4655 2585//2585
f 2449//2449 1065//1065 375//375
f 4734//4734 2668//2668 2584//2584
f 2668//2668 4654//4654 2584//2584
f 367//367 1065//1065 2449//2449
f 3651//3651 4159//4159 1867//1867
f 2443//2443 1066//1066 376//376
f 1066//1066 2450//2450 376//376
f 1066//1066 368//368 2450//2450
f 2545//2545 1159//1159 289//289
f 5242//5242 314//314 695//695
f 399//399 289//289 1159//1159
f 399//399 1159//1159 589//589
f 2543//2543 1157//1157 287//287
f 2441//2441 1064//1064 374//374
f 397//397 287//287 1157//1157
f 397//397 1157//1157 587//587
f 1064//1064 2448//2448 374//374
f 1064//1064 366//366 2448//2448
f 695//695 2878//2878 5242//5242
f 3319//3319 3523//3523 1533//1533
f 5240//5240 312//312 694//694
f 694//694 2876//2876 5240//5240
f 1533//1533 3523//3523 2939//2939
f 3175//3175 1439//1439 3128//3128
f 2871//2871 1439//1439 3175//3175
f 3174//3174 1437//1437 3126//3126
f 2869//2869 1437//1437 3174//3174
f 3652//3652 3600//3600 3684//3684
f 3684//3684 1868//1868 3652//3652
f 4160//4160 3652//3652 1868//1868
f 3650//3650 3598//3598 3682//3682
f 3682//3682 1866//1866 3650//3650
f 4158//4158 3650//3650 1866//1866
f 3245//3245 1579//1579 1691//1691
f 3245//3245 1691//1691 3399//3399
f 3243//3243 1577//1577 1689//1689
f 3243//3243 1689//1689 3397//3397
f 660//660 5313//5313 1283//1283
f 5195//5195 2818//2818 660//660
f 658//658 5312//5312 1282//1282
f 5194//5194 2816//2816 658//658
f 4173//4173 2587//2587 3577//3577
f 1227//1227 4173//4173 3577//3577
f 4172//4172 2586//2586 3576//3576
f 1226//1226 4172//4172 3576//3576
f 1578//1578 3244//3244 1690//1690
f 1690//1690 3244//3244 3398//3398
f 1576//1576 3242//3242 1688//1688
f 1688//1688 3242//3242 3396//3396
f 1469//1469 3047//3047 835//835
f 3047//3047 4927//4927 835//835
f 3572//3572 5486//5486 4818//4818
f 1467//1467 3045//3045 833//833
f 3045//3045 4925//4925 833//833
f 1564//1564 5486//5486 1614//1614
f 248//248 4745//4745 1510//1510
f 4745//4745 3055//3055 1510//1510
f 248//248 1510//1510 1497//1497
f 247//247 4744//4744 1508//1508
f 4744//4744 3054//3054 1508//1508
f 247//247 1508//1508 1496//1496
f 3438//3438 5251//5251 910//910
f 5166//5166 5251//5251 3438//3438
f 3436//3436 5249//5249 908//908
f 5164//5164 5249//5249 3436//3436
f 5248//5248 3439//3439 911//911
f 2997//2997 4641//4641 473//473
f 5248//5248 5167//5167 3439//3439
f 431//431 1381//1381 2923//2923
f 2996//2996 4640//4640 471//471
f 430//430 1380//1380 2922//2922
f 2360//2360 2236//2236 2310//2310
f 5309//5309 3747//3747 1531//1531
f 3747//3747 1343//1343 1531//1531
f 2358//2358 2234//2234 2308//2308
f 5308//5308 3745//3745 1529//1529
f 3745//3745 1341//1341 1529//1529
f 2237//2237 2361//2361 2311//2311
f 5250//5250 3437//3437 909//909
f 5250//5250 5165//5165 3437//3437
f 2235//2235 2359//2359 2309//2309
f 5007//5007 475//475 478//478
f 5006//5006 474//474 476//476
f 3524//3524 3320//3320 1534//1534
f 244//244 3465//3465 3079//3079
f 1345//1345 773//773 3079//3079
f 1345//1345 3079//3079 3465//3465
f 2303//2303 567//567 365//365
f 3524//3524 1534//1534 2940//2940
f 2301//2301 565//565 363//363
f 243//243 3464//3464 3078//3078
f 566//566 2302//2302 364//364
f 1344//1344 772//772 3078//3078
f 564//564 2300//2300 362//362
f 1344//1344 3078//3078 3464//3464
f 5429//5429 1400//1400 2787//2787
f 3147//3147 1517//1517 1399//1399
f 449//449 5223//5223 1393//1393
f 2795//2795 5305//5305 1400//1400
f 3147//3147 1399//1399 781//781
f 448//448 5222//5222 1392//1392
f 5305//5305 2787//2787 1400//1400
f 1400//1400 5051//5051 2795//2795
f 802//802 1442//1442 5174//5174
f 5428//5428 1398//1398 2786//2786
f 2794//2794 5304//5304 1398//1398
f 5304//5304 2786//2786 1398//1398
f 1398//1398 5050//5050 2794//2794
f 1507//1507 4043//4043 3341//3341
f 800//800 1440//1440 5172//5172
f 3341//3341 1571//1571 1507//1507
f 1505//1505 4041//4041 3339//3339
f 3339//3339 1569//1569 1505//1505
f 4994//4994 491//491 3358//3358
f 4992//4992 490//490 3356//3356
f 4042//4042 1506//1506 3340//3340
f 1570//1570 3340//3340 1506//1506
f 1443//1443 803//803 5175//5175
f 4040//4040 1504//1504 3338//3338
f 1568//1568 3338//3338 1504//1504
f 1746//1746 3770//3770 161//161
f 3770//3770 160//160 161//161
f 1441//1441 801//801 5173//5173
f 3770//3770 159//159 160//160
f 1744//1744 3768//3768 95//95
f 3768//3768 96//96 95//95
f 3768//3768 97//97 96//96
f 3771//3771 1747//1747 95//95
f 96//96 3771//3771 95//95
f 97//97 3771//3771 96//96
f 1431//1431 3749//3749 2663//2663
f 3671//3671 2967//2967 3665//3665
f 3769//3769 1745//1745 161//161
f 160//160 3769//3769 161//161
f 159//159 3769//3769 160//160
f 1430//1430 3748//3748 2662//2662
f 3991//3991 1877//1877 523//523
f 3895//3895 719//719 735//735
f 3894//3894 718//718 734//734
f 3991//3991 523//523 3881//3881
f 2966//2966 3670//3670 3664//3664
f 3989//3989 1875//1875 521//521
f 3989//3989 521//521 3879//3879
f 1876//1876 3990//3990 522//522
f 3669//3669 2965//2965 3663//3663
f 522//522 3990//3990 3880//3880
f 1874//1874 3988//3988 520//520
f 520//520 3988//3988 3878//3878
f 2964//2964 3668//3668 3662//3662
f 1863//1863 935//935 4281//4281
f 1861//1861 934//934 4280//4280
f 1973//1973 981//981 67//67
f 68//68 1973//1973 67//67
f 2105//2105 1973//1973 68//68
f 1972//1972 979//979 189//189
f 188//188 1972//1972 189//189
f 2103//2103 1972//1972 188//188
f 1547//1547 3191//3191 755//755
f 1525//1525 1547//1547 755//755
f 1545//1545 3190//3190 754//754
f 1523//1523 1545//1545 754//754
f 4731//4731 403//403 3677//3677
f 4340//4340 2034//2034 3961//3961
f 4730//4730 402//402 3676//3676
f 2034//2034 4134//4134 3717//3717
f 2034//2034 3717//3717 3961//3961
f 4338//4338 2032//2032 3959//3959
f 2032//2032 4132//4132 3715//3715
f 2032//2032 3715//3715 3959//3959
f 3994//3994 1025//1025 980//980
f 3992//3992 1024//1024 978//978
f 4927//4927 3047//3047 5021//5021
f 4925//4925 3045//3045 5019//5019
f 725//725 1571//1571 3217//3217
f 1571//1571 725//725 1469//1469
f 724//724 1569//1569 3215//3215
f 1569//1569 724//724 1467//1467
f 809//809 2915//2915 1461//1461
f 2915//2915 463//463 1461//1461
f 2883//2883 2915//2915 809//809
f 4099//4099 437//437 431//431
f 808//808 2914//2914 1459//1459
f 2914//2914 461//461 1459//1459
f 4098//4098 436//436 430//430
f 4943//4943 2323//2323 2143//2143
f 2323//2323 4943//4943 2821//2821
f 657//657 4943//4943 2143//2143
f 2881//2881 2914//2914 808//808
f 4942//4942 2322//2322 2142//2142
f 2322//2322 4942//4942 2820//2820
f 656//656 4942//4942 2142//2142
f 3455//3455 5443//5443 687//687
f 1205//1205 699//699 687//687
f 5443//5443 1205//1205 687//687
f 3454//3454 5442//5442 686//686
f 1204//1204 697//697 686//686
f 5442//5442 1204//1204 686//686
f 4834//4834 5002//5002 737//737
f 699//699 1205//1205 413//413
f 4835//4835 5003//5003 736//736
f 1361//1361 1375//1375 3081//3081
f 2713//2713 699//699 413//413
f 4125//4125 917//917 5345//5345
f 4123//4123 915//915 5343//5343
f 1360//1360 1374//1374 3080//3080
f 5129//5129 5341//5341 3797//3797
f 5341//5341 3917//3917 3797//3797
f 5340//5340 5128//5128 3796//3796
f 3916//3916 5340//5340 3796//3796
f 5127//5127 5339//5339 3795//3795
f 5339//5339 3915//3915 3795//3795
f 5338//5338 5126//5126 3794//3794
f 3914//3914 5338//5338 3794//3794
f 916//916 4124//4124 5344//5344
f 914//914 4122//4122 5342//5342
f 697//697 1204//1204 412//412
f 2712//2712 697//697 412//412
f 3255//3255 515//515 82//82
f 83//83 3255//3255 82//82
f 3253//3253 513//513 174//174
f 173//173 3253//3253 174//174
f 514//514 3254//3254 174//174
f 3254//3254 173//173 174//174
f 512//512 3252//3252 82//82
f 3252//3252 83//83 82//82
f 1345//1345 2913//2913 3037//3037
f 2913//2913 715//715 3037//3037
f 3037//3037 773//773 1345//1345
f 3037//3037 715//715 3069//3069
f 1344//1344 2912//2912 3036//3036
f 2912//2912 713//713 3036//3036
f 3036//3036 772//772 1344//1344
f 3036//3036 713//713 3068//3068
f 2835//2835 683//683 1664//1664
f 683//683 669//669 1664//1664
f 2834//2834 682//682 1665//1665
f 682//682 668//668 1665//1665
f 3321//3321 3525//3525 1535//1535
f 1535//1535 3525//3525 2941//2941
f 5485//5485 835//835 100//100
f 3335//3335 3162//3162 1734//1734
f 5485//5485 1571//1571 1469//1469
f 3162//3162 3224//3224 1734//1734
f 1571//1571 5485//5485 100//100
f 3334//3334 3160//3160 1732//1732
f 835//835 5485//5485 1469//1469
f 3160//3160 3222//3222 1732//1732
f 2897//2897 462//462 5071//5071
f 2896//2896 460//460 5070//5070
f 1633//1633 1603//1603 3521//3521
f 3225//3225 3163//3163 1735//1735
f 1649//1649 1633//1633 3521//3521
f 1631//1631 1601//1601 3519//3519
f 1647//1647 1631//1631 3519//3519
f 3223//3223 3161//3161 1733//1733
f 1602//1602 1632//1632 3520//3520
f 1632//1632 1648//1648 3520//3520
f 5341//5341 3999//3999 3917//3917
f 3999//3999 4023//4023 3917//3917
f 3998//3998 5340//5340 3916//3916
f 4022//4022 3998//3998 3916//3916
f 1993//1993 4859//4859 2729//2729
f 4859//4859 1993//1993 4295//4295
f 1289//1289 4859//4859 4295//4295
f 1992//1992 4858//4858 2728//2728
f 4858//4858 1992//1992 4294//4294
f 1288//1288 4858//4858 4294//4294
f 5339//5339 3997//3997 3915//3915
f 3997//3997 4021//4021 3915//3915
f 3996//3996 5338//5338 3914//3914
f 4020//4020 3996//3996 3914//3914
f 1600//1600 1630//1630 3518//3518
f 1630//1630 1646//1646 3518//3518
f 4261//4261 5235//5235 2999//2999
f 5235//5235 4261//4261 4701//4701
f 795//795 3143//3143 791//791
f 2639//2639 4701//4701 4261//4261
f 4259//4259 5234//5234 2998//2998
f 5234//5234 4259//4259 4700//4700
f 794//794 3142//3142 790//790
f 2638//2638 4700//4700 4259//4259
f 329//329 788//788 3175//3175
f 3175//3175 1567//1567 329//329
f 328//328 786//786 3174//3174
f 3174//3174 1566//1566 328//328
f 576//576 2528//2528 612//612
f 612//612 616//616 576//576
f 1152//1152 612//612 2528//2528
f 634//634 1194//1194 232//232
f 632//632 1192//1192 24//24
f 574//574 2526//2526 610//610
f 123//123 4650//4650 5162//5162
f 1443//1443 5243//5243 3159//3159
f 610//610 614//614 574//574
f 123//123 5162//5162 124//124
f 1441//1441 5241//5241 3157//3157
f 1150//1150 610//610 2526//2526
f 4367//4367 1673//1673 4487//4487
f 5242//5242 1442//1442 3158//3158
f 4367//4367 4487//4487 871//871
f 5240//5240 1440//1440 3156//3156
f 2671//2671 4645//4645 3265//3265
f 4645//4645 1605//1605 3265//3265
f 2670//2670 4644//4644 3264//3264
f 4644//4644 1604//1604 3264//3264
f 4366//4366 1672//1672 4486//4486
f 4366//4366 4486//4486 870//870
f 133//133 4652//4652 5163//5163
f 133//133 5163//5163 132//132
f 1609//1609 3114//3114 2683//2683
f 1953//1953 4291//4291 4511//4511
f 122//122 4656//4656 2796//2796
f 563//563 4511//4511 651//651
f 3114//3114 326//326 2683//2683
f 1952//1952 4290//4290 4510//4510
f 122//122 2796//2796 123//123
f 562//562 4510//4510 650//650
f 3382//3382 2686//2686 5275//5275
f 3635//3635 3935//3935 5275//5275
f 4995//4995 3603//3603 1885//1885
f 5275//5275 3935//3935 3382//3382
f 3380//3380 2684//2684 5274//5274
f 3634//3634 3934//3934 5274//5274
f 4389//4389 2701//2701 1777//1777
f 1367//1367 4389//4389 1777//1777
f 4388//4388 2700//2700 1776//1776
f 1366//1366 4388//4388 1776//1776
f 3099//3099 4613//4613 4249//4249
f 4613//4613 1435//1435 4249//4249
f 3098//3098 4612//4612 4248//4248
f 4612//4612 1434//1434 4248//4248
f 4993//4993 3602//3602 1883//1883
f 5274//5274 3934//3934 3380//3380
f 1772//1772 842//842 798//798
f 1770//1770 840//840 796//796
f 1764//1764 3712//3712 3584//3584
f 1608//1608 3112//3112 2682//2682
f 1762//1762 3710//3710 3582//3582
f 3112//3112 324//324 2682//2682
f 971//971 3847//3847 1613//1613
f 919//919 3847//3847 2165//2165
f 1648//1648 3314//3314 3473//3473
f 1632//1632 3314//3314 1648//1648
f 970//970 3846//3846 1612//1612
f 918//918 3846//3846 2164//2164
f 1559//1559 5385//5385 3079//3079
f 1646//1646 3312//3312 3472//3472
f 1630//1630 3312//3312 1646//1646
f 773//773 1559//1559 3079//3079
f 1558//1558 5384//5384 3078//3078
f 1106//1106 5225//5225 216//216
f 772//772 1558//1558 3078//3078
f 244//244 761//761 4683//4683
f 4657//4657 134//134 5306//5306
f 1106//1106 216//216 217//217
f 5306//5306 134//134 133//133
f 3315//3315 1633//1633 1649//1649
f 243//243 759//759 4682//4682
f 1146//1146 1106//1106 217//217
f 134//134 4658//4658 2798//2798
f 3313//3313 1631//1631 1647//1647
f 134//134 2798//2798 133//133
f 1104//1104 5224//5224 40//40
f 4389//4389 2641//2641 4031//4031
f 1281//1281 4389//4389 4031//4031
f 4388//4388 2640//2640 4030//4030
f 1280//1280 4388//4388 4030//4030
f 1335//1335 2971//2971 2910//2910
f 1334//1334 2970//2970 2908//2908
f 1104//1104 40//40 39//39
f 1144//1144 1104//1104 39//39
f 5227//5227 1107//1107 40//40
f 40//40 1107//1107 39//39
f 1107//1107 1147//1147 39//39
f 5226//5226 1105//1105 216//216
f 216//216 1105//1105 217//217
f 1105//1105 1145//1145 217//217
f 1637//1637 3525//3525 3373//3373
f 1635//1635 3523//3523 3371//3371
f 3524//3524 1636//1636 3372//3372
f 3522//3522 1634//1634 3370//3370
f 5051//5051 2856//2856 5355//5355
f 2878//2878 5245//5245 2856//2856
f 4659//4659 122//122 5307//5307
f 3473//3473 1706//1706 3955//3955
f 5307//5307 122//122 123//123
f 3472//3472 1704//1704 3957//3957
f 3078//3078 5384//5384 243//243
f 243//243 5384//5384 759//759
f 3293//3293 789//789 3333//3333
f 3292//3292 787//787 3332//3332
f 3079//3079 5385//5385 244//244
f 244//244 5385//5385 761//761
f 5245//5245 5355//5355 2856//2856
f 5050//5050 2854//2854 5354//5354
f 2876//2876 5244//5244 2854//2854
f 5244//5244 5354//5354 2854//2854
f 1859//1859 3975//3975 3623//3623
f 3975//3975 1203//1203 3623//3623
f 1203//1203 3975//3975 453//453
f 1858//1858 3974//3974 3622//3622
f 3974//3974 1202//1202 3622//3622
f 1202//1202 3974//3974 452//452
f 2620//2620 1342//1342 5095//5095
f 777//777 5095//5095 1357//1357
f 5095//5095 777//777 2620//2620
f 1530//1530 5095//5095 1342//1342
f 2618//2618 1340//1340 5094//5094
f 776//776 5094//5094 1356//1356
f 5094//5094 776//776 2618//2618
f 1528//1528 5094//5094 1340//1340
f 343//343 4001//4001 5209//5209
f 4001//4001 4241//4241 5209//5209
f 341//341 4000//4000 5208//5208
f 4000//4000 4240//4240 5208//5208
f 5105//5105 4935//4935 3031//3031
f 1876//1876 960//960 265//265
f 4935//4935 489//489 3031//3031
f 1874//1874 958//958 263//263
f 5103//5103 4934//4934 3029//3029
f 961//961 1877//1877 266//266
f 4934//4934 487//487 3029//3029
f 959//959 1875//1875 264//264
f 1890//1890 176//176 177//177
f 1888//1888 80//80 79//79
f 80//80 1891//1891 79//79
f 176//176 1889//1889 177//177
f 5433//5433 2897//2897 2810//2810
f 2897//2897 5071//5071 2810//2810
f 3055//3055 4745//4745 2761//2761
f 5432//5432 2896//2896 2808//2808
f 4833//4833 1319//1319 2823//2823
f 3054//3054 4744//4744 2760//2760
f 4973//4973 84//84 3713//3713
f 4831//4831 1318//1318 2822//2822
f 2896//2896 5070//5070 2808//2808
f 172//172 4972//4972 3712//3712
f 1723//1723 906//906 3459//3459
f 1722//1722 904//904 3458//3458
f 4971//4971 172//172 3711//3711
f 334//334 1679//1679 5148//5148
f 332//332 1678//1678 5146//5146
f 84//84 4970//4970 3710//3710
f 4781//4781 2583//2583 4785//4785
f 1237//1237 4781//4781 4785//4785
f 4780//4780 2582//2582 4784//4784
f 1236//1236 4780//4780 4784//4784
f 335//335 913//913 3379//3379
f 333//333 912//912 3377//3377
f 250//250 5371//5371 2783//2783
f 2039//2039 866//866 1662//1662
f 249//249 5370//5370 2782//2782
f 1389//1389 1379//1379 3743//3743
f 2038//2038 864//864 1660//1660
f 1387//1387 1377//1377 3741//3741
f 2870//2870 5074//5074 2907//2907
f 2868//2868 5072//5072 2906//2906
f 2753//2753 2759//2759 1245//1245
f 2759//2759 677//677 1245//1245
f 2752//2752 2758//2758 1244//1244
f 2758//2758 676//676 1244//1244
f 2874//2874 3025//3025 2846//2846
f 2872//2872 3024//3024 2844//2844
f 1541//1541 3509//3509 3188//3188
f 1540//1540 3508//3508 3186//3186
f 2871//2871 3175//3175 788//788
f 2869//2869 3174//3174 786//786
f 1020//1020 2236//2236 2134//2134
f 2929//2929 248//248 1497//1497
f 3585//3585 3713//3713 1765//1765
f 1018//1018 2234//2234 2132//2132
f 2928//2928 247//247 1496//1496
f 2190//2190 2088//2088 5292//5292
f 2237//2237 1021//1021 2135//2135
f 3583//3583 3711//3711 1763//1763
f 2190//2190 5292//5292 1011//1011
f 2235//2235 1019//1019 2133//2133
f 1378//1378 1388//1388 3742//3742
f 3742//3742 1388//1388 2781//2781
f 5098//5098 2781//2781 1388//1388
f 1376//1376 1386//1386 3740//3740
f 3003//3003 4845//4845 1530//1530
f 3740//3740 1386//1386 2780//2780
f 5096//5096 2780//2780 1386//1386
f 3002//3002 4844//4844 1528//1528
f 5253//5253 4683//4683 246//246
f 2191//2191 2089//2089 5293//5293
f 1257//1257 5253//5253 246//246
f 5252//5252 4682//4682 245//245
f 2191//2191 5293//5293 1013//1013
f 1256//1256 5252//5252 245//245
f 5001//5001 1383//1383 2993//2993
f 5000//5000 1382//1382 2991//2991
f 503//503 3589//3589 3545//3545
f 3459//3459 906//906 3378//3378
f 501//501 3588//3588 3543//3543
f 4905//4905 3167//3167 815//815
f 3458//3458 904//904 3376//3376
f 4905//4905 815//815 775//775
f 3483//3483 5025//5025 903//903
f 5024//5024 3482//3482 902//902
f 357//357 1931//1931 2217//2217
f 355//355 1929//1929 2215//2215
f 1930//1930 356//356 2216//2216
f 1928//1928 354//354 2214//2214
f 2237//2237 2439//2439 1021//1021
f 4543//4543 1021//1021 2439//2439
f 3481//3481 5023//5023 901//901
f 2235//2235 2437//2437 1019//1019
f 4541//4541 1019//1019 2437//2437
f 5022//5022 3480//3480 900//900
f 2438//2438 2236//2236 1020//1020
f 1020//1020 4542//4542 2438//2438
f 4365//4365 2021//2021 3265//3265
f 965//965 4365//4365 3265//3265
f 965//965 3265//3265 1605//1605
f 4364//4364 2020//2020 3264//3264
f 964//964 4364//4364 3264//3264
f 964//964 3264//3264 1604//1604
f 4915//4915 4363//4363 4625//4625
f 3169//3169 2993//2993 5148//5148
f 2436//2436 2234//2234 1018//1018
f 1018//1018 4540//4540 2436//2436
f 3168//3168 2991//2991 5146//5146
f 3067//3067 4834//4834 737//737
f 4914//4914 4362//4362 4624//4624
f 3066//3066 4835//4835 736//736
f 3276//3276 3349//3349 1737//1737
f 3274//3274 3348//3348 1736//1736
f 2621//2621 1343//1343 1539//1539
f 2621//2621 1539//1539 254//254
f 2619//2619 1341//1341 1537//1537
f 2619//2619 1537//1537 252//252
f 1840//1840 3790//3790 1890//1890
f 1838//1838 3788//3788 1888//1888
f 3791//3791 1841//1841 1891//1891
f 3789//3789 1839//1839 1889//1889
f 4665//4665 1219//1219 1335//1335
f 2440//2440 554//554 1083//1083
f 1335//1335 2833//2833 4665//4665
f 1083//1083 377//377 2440//2440
f 2442//2442 556//556 1081//1081
f 1081//1081 375//375 2442//2442
f 557//557 2443//2443 1082//1082
f 376//376 1082//1082 2443//2443
f 2633//2633 4693//4693 1781//1781
f 2632//2632 4692//4692 1780//1780
f 555//555 2441//2441 1080//1080
f 374//374 1080//1080 2441//2441
f 1158//1158 2544//2544 288//288
f 288//288 398//398 1158//1158
f 5484//5484 833//833 156//156
f 1219//1219 2867//2867 1335//1335
f 1156//1156 2542//2542 286//286
f 286//286 396//396 1156//1156
f 4664//4664 1218//1218 1334//1334
f 5484//5484 1569//1569 1467//1467
f 1158//1158 398//398 588//588
f 398//398 622//622 588//588
f 1156//1156 396//396 586//586
f 396//396 620//620 586//586
f 1334//1334 2832//2832 4664//4664
f 1218//1218 2866//2866 1334//1334
f 4087//4087 4051//4051 3965//3965
f 1488//1488 5032//5032 5189//5189
f 3791//3791 1891//1891 80//80
f 4050//4050 4086//4086 3964//3964
f 1486//1486 5030//5030 5188//5188
f 81//81 3791//3791 80//80
f 1255//1255 1715//1715 2611//2611
f 1254//1254 1714//1714 2610//2610
f 3863//3863 3791//3791 81//81
f 3789//3789 1889//1889 176//176
f 175//175 3789//3789 176//176
f 3423//3423 1815//1815 879//879
f 625//625 4413//4413 3073//3073
f 4413//4413 625//625 1201//1201
f 624//624 4412//4412 3072//3072
f 4412//4412 624//624 1200//1200
f 4085//4085 4049//4049 3963//3963
f 3861//3861 3789//3789 175//175
f 1890//1890 3790//3790 176//176
f 1814//1814 3422//3422 878//878
f 2771//2771 4727//4727 2417//2417
f 4727//4727 395//395 2417//2417
f 2770//2770 4726//4726 2416//2416
f 4726//4726 394//394 2416//2416
f 3790//3790 175//175 176//176
f 4048//4048 4084//4084 3962//3962
f 3790//3790 3862//3862 175//175
f 3421//3421 1813//1813 877//877
f 1888//1888 3788//3788 80//80
f 3788//3788 81//81 80//80
f 3788//3788 3860//3860 81//81
f 1812//1812 3420//3420 876//876
f 4904//4904 3166//3166 814//814
f 4904//4904 814//814 774//774
f 3180//3180 5104//5104 3154//3154
f 3317//3317 5104//5104 3030//3030
f 3030//3030 5104//5104 3180//3180
f 3178//3178 5102//5102 3152//3152
f 3316//3316 5102//5102 3028//3028
f 3028//3028 5102//5102 3178//3178
f 1651//1651 1633//1633 3315//3315
f 3449//3449 1603//1603 1651//1651
f 1633//1633 1651//1651 1603//1603
f 1650//1650 1631//1631 3313//3313
f 3447//3447 1601//1601 1650//1650
f 1631//1631 1650//1650 1601//1601
f 1439//1439 5075//5075 4895//4895
f 2981//2981 1439//1439 4895//4895
f 1437//1437 5073//5073 4894//4894
f 2979//2979 1437//1437 4894//4894
f 1509//1509 4840//4840 3447//3447
f 174//174 3862//3862 514//514
f 3447//3447 4840//4840 759//759
f 3953//3953 3991//3991 3881//3881
f 82//82 3860//3860 512//512
f 1511//1511 4841//4841 3449//3449
f 3990//3990 3952//3952 3880//3880
f 3863//3863 82//82 515//515
f 3449//3449 4841//4841 761//761
f 3951//3951 3989//3989 3879//3879
f 5079//5079 1187//1187 3975//3975
f 453//453 3975//3975 1187//1187
f 5078//5078 1186//1186 3974//3974
f 452//452 3974//3974 1186//1186
f 3861//3861 174//174 513//513
f 5214//5214 1750//1750 3512//3512
f 3988//3988 3950//3950 3878//3878
f 837//837 3512//3512 1750//1750
f 5212//5212 1748//1748 3510//3510
f 836//836 3510//3510 1748//1748
f 483//483 5105//5105 3155//3155
f 5105//5105 3181//3181 3155//3155
f 5105//5105 3031//3031 3181//3181
f 482//482 5103//5103 3153//3153
f 5103//5103 3179//3179 3153//3153
f 5103//5103 3029//3029 3179//3179
f 1751//1751 5215//5215 3513//3513
f 1749//1749 5213//5213 3511//3511
f 1497//1497 760//760 2929//2929
f 779//779 2929//2929 760//760
f 1496//1496 758//758 2928//2928
f 778//778 2928//2928 758//758
f 1328//1328 2880//2880 5432//5432
f 1328//1328 5432//5432 2808//2808
f 3487//3487 3545//3545 87//87
f 87//87 3545//3545 86//86
f 3675//3675 3544//3544 170//170
f 3544//3544 3486//3486 169//169
f 3544//3544 169//169 170//170
f 3485//3485 3543//3543 169//169
f 169//169 3543//3543 170//170
f 3674//3674 3542//3542 86//86
f 3542//3542 3484//3484 87//87
f 3542//3542 87//87 86//86
f 5344//5344 4124//4124 4072//4072
f 5342//5342 4122//4122 4070//4070
f 4125//4125 5345//5345 4073//4073
f 4123//4123 5343//5343 4071//4071
f 1329//1329 2882//2882 5433//5433
f 1329//1329 5433//5433 2810//2810
f 2893//2893 2875//2875 1407//1407
f 805//805 3197//3197 5055//5055
f 2891//2891 2873//2873 1405//1405
f 5383//5383 3248//3248 1742//1742
f 804//804 3196//3196 5054//5054
f 3248//3248 1760//1760 1742//1742
f 3248//3248 5383//5383 3224//3224
f 1411//1411 3719//3719 2861//2861
f 3016//3016 3248//3248 1594//1594
f 1410//1410 3718//3718 2860//2860
f 3280//3280 3197//3197 805//805
f 5233//5233 3046//3046 5351//5351
f 3278//3278 3196//3196 804//804
f 5233//5233 5351//5351 1468//1468
f 3016//3016 1760//1760 3248//3248
f 5382//5382 3246//3246 1740//1740
f 1779//1779 4767//4767 2917//2917
f 1778//1778 4766//4766 2916//2916
f 3246//3246 1758//1758 1740//1740
f 3246//3246 5382//5382 3222//3222
f 3014//3014 3246//3246 1592//1592
f 3014//3014 1758//1758 3246//3246
f 3249//3249 5381//5381 1743//1743
f 1761//1761 3249//3249 1743//1743
f 5381//5381 3249//3249 3225//3225
f 3249//3249 3017//3017 1595//1595
f 1761//1761 3017//3017 3249//3249
f 3247//3247 5380//5380 1741//1741
f 1759//1759 3247//3247 1741//1741
f 5380//5380 3247//3247 3223//3223
f 3247//3247 3015//3015 1593//1593
f 1759//1759 3015//3015 3247//3247
f 695//695 5245//5245 2878//2878
f 694//694 5244//5244 2876//2876
f 2551//2551 1123//1123 219//219
f 2551//2551 219//219 220//220
f 2549//2549 1121//1121 37//37
f 2549//2549 37//37 36//36
f 1120//1120 2548//2548 37//37
f 3621//3621 1911//1911 649//649
f 37//37 2548//2548 36//36
f 3620//3620 1910//1910 648//648
f 2993//2993 3169//3169 1451//1451
f 2991//2991 3168//3168 1449//1449
f 1122//1122 2550//2550 219//219
f 5321//5321 3815//3815 1493//1493
f 1493//1493 1285//1285 5321//5321
f 5232//5232 3044//3044 5350//5350
f 219//219 2550//2550 220//220
f 5321//5321 1285//1285 721//721
f 5320//5320 3814//3814 1492//1492
f 1492//1492 1284//1284 5320//5320
f 5320//5320 1284//1284 720//720
f 3171//3171 3403//3403 859//859
f 5232//5232 5350//5350 1466//1466
f 3170//3170 3402//3402 857//857
f 3910//3910 1342//1342 1844//1844
f 1538//1538 1844//1844 1342//1342
f 1342//1342 3910//3910 3746//3746
f 5061//5061 5311//5311 1276//1276
f 3908//3908 1340//1340 1842//1842
f 1536//1536 1842//1842 1340//1340
f 1340//1340 3908//3908 3744//3744
f 5311//5311 5101//5101 1276//1276
f 1343//1343 3911//3911 1845//1845
f 1845//1845 1539//1539 1343//1343
f 3911//3911 1343//1343 3747//3747
f 3926//3926 5142//5142 2102//2102
f 1341//1341 3909//3909 1843//1843
f 1843//1843 1537//1537 1341//1341
f 3909//3909 1341//1341 3745//3745
f 1400//1400 3148//3148 782//782
f 3431//3431 1731//1731 254//254
f 4814//4814 2866//2866 4642//4642
f 3429//3429 1730//1730 252//252
f 5060//5060 5310//5310 1274//1274
f 5310//5310 5100//5100 1274//1274
f 4814//4814 4642//4642 694//694
f 4815//4815 2867//2867 4643//4643
f 4815//4815 4643//4643 695//695
f 2769//2769 4733//4733 2665//2665
f 2768//2768 4732//4732 2664//2664
f 2918//2918 5084//5084 4040//4040
f 1027//1027 4343//4343 2689//2689
f 2918//2918 4040//4040 3338//3338
f 5027//5027 1447//1447 805//805
f 1026//1026 4342//4342 2688//2688
f 5055//5055 5027//5027 805//805
f 1301//1301 693//693 2843//2843
f 1300//1300 692//692 2842//2842
f 5026//5026 1446//1446 804//804
f 5054//5054 5026//5026 804//804
f 423//423 4833//4833 3743//3743
f 421//421 4831//4831 3741//3741
f 321//321 3515//3515 5107//5107
f 320//320 3514//3514 5106//5106
f 5085//5085 2919//2919 4041//4041
f 4041//4041 2919//2919 3339//3339
f 1065//1065 1056//1056 2442//2442
f 1067//1067 1054//1054 2440//2440
f 1057//1057 1066//1066 2443//2443
f 1055//1055 1064//1064 2441//2441
f 2411//2411 377//377 1083//1083
f 2411//2411 1083//1083 2427//2427
f 2409//2409 375//375 1081//1081
f 2409//2409 1081//1081 2425//2425
f 1173//1173 4217//4217 1951//1951
f 4217//4217 1173//1173 2319//2319
f 389//389 4217//4217 2319//2319
f 1172//1172 4216//4216 1950//1950
f 4216//4216 1172//1172 2318//2318
f 388//388 4216//4216 2318//2318
f 3411//3411 4713//4713 3877//3877
f 4713//4713 1229//1229 3877//3877
f 3410//3410 4712//4712 3876//3876
f 4712//4712 1228//1228 3876//3876
f 376//376 2410//2410 1082//1082
f 1082//1082 2410//2410 2426//2426
f 374//374 2408//2408 1080//1080
f 1080//1080 2408//2408 2424//2424
f 4287//4287 3933//3933 262//262
f 4287//4287 5129//5129 3933//3933
f 3932//3932 4286//4286 261//261
f 5128//5128 4286//4286 3932//3932
f 1499//1499 3189//3189 5269//5269
f 1498//1498 3187//3187 5268//5268
f 3405//3405 4387//4387 3137//3137
f 4285//4285 3931//3931 260//260
f 4285//4285 5127//5127 3931//3931
f 3137//3137 1715//1715 3405//3405
f 3404//3404 4386//4386 3136//3136
f 3930//3930 4284//4284 259//259
f 5126//5126 4284//4284 3930//3930
f 3136//3136 1714//1714 3404//3404
f 5351//5351 3046//3046 303//303
f 2920//2920 5086//5086 4042//4042
f 303//303 3046//3046 305//305
f 305//305 3046//3046 3020//3020
f 5350//5350 3044//3044 302//302
f 2920//2920 4042//4042 3340//3340
f 302//302 3044//3044 304//304
f 304//304 3044//3044 3018//3018
f 2875//2875 4733//4733 1407//1407
f 2819//2819 1323//1323 5099//5099
f 2817//2817 1322//1322 5097//5097
f 2781//2781 4832//4832 3742//3742
f 5087//5087 2921//2921 4043//4043
f 2780//2780 4830//4830 3740//3740
f 2873//2873 4732//4732 1405//1405
f 4043//4043 2921//2921 3341//3341
f 1546//1546 1524//1524 4929//4929
f 1544//1544 1522//1522 4928//4928
f 3149//3149 1519//1519 1401//1401
f 3149//3149 1401//1401 783//783
f 3227//3227 1783//1783 2889//2889
f 4476//4476 5359//5359 2034//2034
f 3226//3226 1782//1782 2888//2888
f 5359//5359 4134//4134 2034//2034
f 3001//3001 5309//5309 5089//5089
f 3077//3077 1393//1393 1477//1477
f 4474//4474 5358//5358 2032//2032
f 5358//5358 4132//4132 2032//2032
f 3076//3076 1392//1392 1476//1476
f 5309//5309 1531//1531 5089//5089
f 429//429 4137//4137 3102//3102
f 2761//2761 4745//4745 2861//2861
f 1357//1357 429//429 3102//3102
f 428//428 4136//4136 3100//3100
f 1356//1356 428//428 3100//3100
f 3000//3000 5308//5308 5088//5088
f 2760//2760 4744//4744 2860//2860
f 5308//5308 1529//1529 5088//5088
f 49//49 2251//2251 48//48
f 2893//2893 4757//4757 117//117
f 117//117 4757//4757 116//116
f 2891//2891 4755//4755 139//139
f 4595//4595 411//411 3595//3595
f 2539//2539 3595//3595 411//411
f 139//139 4755//4755 140//140
f 4594//4594 410//410 3594//3594
f 2538//2538 3594//3594 410//410
f 3984//3984 3497//3497 3378//3378
f 4008//4008 3497//3497 3984//3984
f 3982//3982 3496//3496 3376//3376
f 4006//4006 3496//3496 3982//3982
f 5123//5123 2935//2935 2911//2911
f 2935//2935 1417//1417 2911//2911
f 1417//1417 2935//2935 3067//3067
f 207//207 2249//2249 208//208
f 5122//5122 2934//2934 2909//2909
f 2934//2934 1415//1415 2909//2909
f 1415//1415 2934//2934 3066//3066
f 2250//2250 207//207 208//208
f 3680//3680 3711//3711 4869//4869
f 3680//3680 4869//4869 1832//1832
f 1679//1679 3489//3489 3205//3205
f 2248//2248 49//49 48//48
f 1678//1678 3488//3488 3203//3203
f 3723//3723 3917//3917 4023//4023
f 3821//3821 3723//3723 4023//4023
f 3721//3721 3915//3915 4021//4021
f 1342//1342 2620//2620 1538//1538
f 3819//3819 3721//3721 4021//4021
f 3916//3916 3722//3722 4022//4022
f 1538//1538 2620//2620 253//253
f 3722//3722 3820//3820 4022//4022
f 1340//1340 2618//2618 1536//1536
f 1536//1536 2618//2618 251//251
f 2883//2883 809//809 3209//3209
f 2881//2881 808//808 3207//3207
f 1460//1460 465//465 5362//5362
f 5100//5100 5404//5404 5036//5036
f 465//465 3208//3208 1626//1626
f 2669//2669 4735//4735 130//130
f 1458//1458 464//464 5360//5360
f 3914//3914 3720//3720 4020//4020
f 3720//3720 3818//3818 4020//4020
f 2668//2668 4734//4734 126//126
f 5036//5036 5404//5404 2796//2796
f 464//464 3206//3206 1624//1624
f 3681//3681 3713//3713 4871//4871
f 3681//3681 4871//4871 1833//1833
f 770//770 5411//5411 3365//3365
f 5411//5411 253//253 3365//3365
f 5411//5411 770//770 5201//5201
f 768//768 5410//5410 3364//3364
f 5410//5410 251//251 3364//3364
f 5410//5410 768//768 5200//5200
f 5286//5286 4760//4760 762//762
f 5286//5286 762//762 700//700
f 4733//4733 2875//2875 2847//2847
f 4732//4732 2873//2873 2845//2845
f 766//766 422//422 2925//2925
f 3742//3742 422//422 766//766
f 764//764 420//420 2924//2924
f 3740//3740 420//420 764//764
f 1893//1893 4281//4281 2037//2037
f 2037//2037 4340//4340 1893//1893
f 1644//1644 3388//3388 2959//2959
f 3185//3185 1729//1729 1685//1685
f 1642//1642 3386//3386 2958//2958
f 1892//1892 4280//4280 2036//2036
f 2036//2036 4338//4338 1892//1892
f 1728//1728 3184//3184 1684//1684
f 3143//3143 3191//3191 791//791
f 5287//5287 4761//4761 763//763
f 3142//3142 3190//3190 790//790
f 5287//5287 763//763 701//701
f 3183//3183 1727//1727 1683//1683
f 3155//3155 3181//3181 773//773
f 773//773 3181//3181 1559//1559
f 1726//1726 3182//3182 1682//1682
f 2124//2124 5358//5358 5176//5176
f 5248//5248 911//911 3518//3518
f 3761//3761 4911//4911 1273//1273
f 4911//4911 1589//1589 1273//1273
f 3760//3760 4910//4910 1272//1272
f 4910//4910 1588//1588 1272//1272
f 5176//5176 5358//5358 2114//2114
f 5007//5007 5369//5369 457//457
f 5007//5007 457//457 3064//3064
f 4891//4891 3064//3064 457//457
f 5250//5250 909//909 3520//3520
f 5006//5006 5368//5368 456//456
f 5006//5006 456//456 3062//3062
f 4890//4890 3062//3062 456//456
f 1649//1649 3521//3521 3493//3493
f 1647//1647 3519//3519 3491//3491
f 4112//4112 1723//1723 329//329
f 329//329 1723//1723 331//331
f 4701//4701 2639//2639 2579//2579
f 3202//3202 5328//5328 3301//3301
f 3301//3301 829//829 3202//3202
f 4700//4700 2638//2638 2578//2578
f 4110//4110 1722//1722 328//328
f 328//328 1722//1722 330//330
f 3153//3153 3179//3179 772//772
f 616//616 391//391 1112//1112
f 772//772 3179//3179 1558//1558
f 614//614 393//393 1110//1110
f 1641//1641 3041//3041 755//755
f 1640//1640 3040//3040 754//754
f 3204//3204 5329//5329 3300//3300
f 3300//3300 828//828 3204//3204
f 3378//3378 906//906 3984//3984
f 3376//3376 904//904 3982//3982
f 423//423 3693//3693 2751//2751
f 2751//2751 1319//1319 423//423
f 421//421 3692//3692 2750//2750
f 2750//2750 1318//1318 421//421
f 2863//2863 2981//2981 4895//4895
f 315//315 2911//2911 3235//3235
f 2862//2862 2979//2979 4894//4894
f 315//315 3235//3235 1485//1485
f 5309//5309 3001//3001 3699//3699
f 313//313 2909//2909 3233//3233
f 5308//5308 3000//3000 3697//3697
f 313//313 3233//3233 1483//1483
f 3520//3520 1648//1648 3492//3492
f 3492//3492 1648//1648 3473//3473
f 2801//2801 4957//4957 1313//1313
f 3518//3518 1646//1646 3490//3490
f 3490//3490 1646//1646 3472//3472
f 1831//1831 4113//4113 3333//3333
f 2800//2800 4956//4956 1312//1312
f 1830//1830 4111//4111 3332//3332
f 5313//5313 2882//2882 1283//1283
f 1329//1329 1283//1283 2882//2882
f 5312//5312 2880//2880 1282//1282
f 1328//1328 1282//1282 2880//2880
f 1428//1428 145//145 146//146
f 1428//1428 4790//4790 145//145
f 652//652 5000//5000 1424//1424
f 1426//1426 111//111 110//110
f 4015//4015 3295//3295 3941//3941
f 4014//4014 3294//3294 3940//3940
f 3145//3145 4681//4681 5015//5015
f 1426//1426 4788//4788 111//111
f 652//652 1424//1424 713//713
f 5015//5015 3501//3501 3145//3145
f 4517//4517 3227//3227 4793//4793
f 685//685 4517//4517 4793//4793
f 4516//4516 3226//3226 4792//4792
f 684//684 4516//4516 4792//4792
f 3144//3144 4680//4680 5014//5014
f 906//906 1723//1723 1840//1840
f 4015//4015 2853//2853 2659//2659
f 1629//1629 4015//4015 2659//2659
f 4014//4014 2852//2852 2658//2658
f 1628//1628 4014//4014 2658//2658
f 904//904 1722//1722 1838//1838
f 5014//5014 3500//3500 3144//3144
f 817//817 3231//3231 831//831
f 653//653 5001//5001 1425//1425
f 816//816 3230//3230 830//830
f 653//653 1425//1425 715//715
f 3377//3377 3498//3498 5147//5147
f 3377//3377 5147//5147 333//333
f 3379//3379 3499//3499 5149//5149
f 3379//3379 5149//5149 335//335
f 1207//1207 1193//1193 2560//2560
f 1207//1207 2560//2560 1180//1180
f 1209//1209 1195//1195 2561//2561
f 5102//5102 875//875 5328//5328
f 1209//1209 2561//2561 1181//1181
f 818//818 1576//1576 5022//5022
f 5104//5104 873//873 5329//5329
f 818//818 5022//5022 824//824
f 1577//1577 819//819 5023//5023
f 5023//5023 819//819 825//825
f 2945//2945 3005//3005 2992//2992
f 1569//1569 5484//5484 156//156
f 4151//4151 563//563 2153//2153
f 4150//4150 562//562 2152//2152
f 2944//2944 3004//3004 2990//2990
f 833//833 5484//5484 1467//1467
f 2910//2910 314//314 3234//3234
f 3234//3234 314//314 1484//1484
f 2908//2908 312//312 3232//3232
f 3232//3232 312//312 1482//1482
f 111//111 1429//1429 110//110
f 2302//2302 566//566 1100//1100
f 4791//4791 1429//1429 111//111
f 2300//2300 564//564 1098//1098
f 2163//2163 4939//4939 1061//1061
f 4939//4939 2163//2163 2961//2961
f 4939//4939 1435//1435 1061//1061
f 2162//2162 4938//4938 1060//1060
f 4938//4938 2162//2162 2960//2960
f 4938//4938 1434//1434 1060//1060
f 567//567 2303//2303 1101//1101
f 565//565 2301//2301 1099//1099
f 820//820 1578//1578 5024//5024
f 145//145 1427//1427 146//146
f 4789//4789 1427//1427 145//145
f 820//820 5024//5024 826//826
f 4909//4909 3216//3216 5013//5013
f 4908//4908 3214//3214 5012//5012
f 2847//2847 2665//2665 4733//4733
f 2665//2665 2847//2847 2831//2831
f 2845//2845 2664//2664 4732//4732
f 2664//2664 2845//2845 2829//2829
f 314//314 5242//5242 1484//1484
f 312//312 5240//5240 1482//1482
f 913//913 3985//3985 3379//3379
f 907//907 3379//3379 3985//3985
f 912//912 3983//3983 3377//3377
f 905//905 3377//3377 3983//3983
f 2830//2830 2846//2846 4725//4725
f 2846//2846 3025//3025 4725//4725
f 1025//1025 188//188 189//189
f 1024//1024 68//68 67//67
f 2828//2828 2844//2844 4724//4724
f 2844//2844 3024//3024 4724//4724
f 1637//1637 5025//5025 827//827
f 2941//2941 1637//1637 827//827
f 3967//3967 1639//1639 2963//2963
f 3966//3966 1638//1638 2962//2962
f 5024//5024 1636//1636 826//826
f 1636//1636 2940//2940 826//826
f 1635//1635 5023//5023 825//825
f 2939//2939 1635//1635 825//825
f 5022//5022 1634//1634 824//824
f 1634//1634 2938//2938 824//824
f 495//495 3245//3245 3399//3399
f 493//493 3243//3243 3397//3397
f 5169//5169 321//321 2743//2743
f 4491//4491 3551//3551 2337//2337
f 3550//3550 4490//4490 2336//2336
f 5168//5168 320//320 2742//2742
f 4489//4489 3549//3549 2335//2335
f 3548//3548 4488//4488 2334//2334
f 3244//3244 494//494 3398//3398
f 3242//3242 492//492 3396//3396
f 4257//4257 2011//2011 270//270
f 907//907 3499//3499 3379//3379
f 905//905 3498//3498 3377//3377
f 1335//1335 2867//2867 2971//2971
f 2867//2867 4815//4815 2971//2971
f 1579//1579 821//821 5025//5025
f 2010//2010 4256//4256 269//269
f 1334//1334 2866//2866 2970//2970
f 1277//1277 2831//2831 121//121
f 5025//5025 821//821 827//827
f 4255//4255 2009//2009 268//268
f 1275//1275 2829//2829 135//135
f 4824//4824 8//8 5264//5264
f 392//392 617//617 1113//1113
f 5264//5264 8//8 7//7
f 390//390 615//615 1111//1111
f 4826//4826 11//11 5265//5265
f 2008//2008 4254//4254 267//267
f 1755//1755 4847//4847 4201//4201
f 5065//5065 4847//4847 1381//1381
f 4847//4847 5065//5065 4201//4201
f 2866//2866 4814//4814 2970//2970
f 1754//1754 4846//4846 4200//4200
f 5064//5064 4846//4846 1380//1380
f 4846//4846 5064//5064 4200//4200
f 5265//5265 11//11 12//12
f 1397//1397 4791//4791 112//112
f 4350//4350 2362//2362 4560//4560
f 423//423 767//767 3693//3693
f 4350//4350 4560//4560 2156//2156
f 4790//4790 1396//1396 144//144
f 2363//2363 4351//4351 4561//4561
f 423//423 3743//3743 767//767
f 4561//4561 4351//4351 2157//2157
f 1395//1395 4789//4789 144//144
f 4352//4352 2364//2364 4562//4562
f 4352//4352 4562//4562 2158//2158
f 2365//2365 4353//4353 4563//4563
f 421//421 765//765 3692//3692
f 5347//5347 3956//3956 3493//3493
f 4788//4788 1394//1394 112//112
f 4563//4563 4353//4353 2159//2159
f 3178//3178 3152//3152 2994//2994
f 421//421 3741//3741 765//765
f 373//373 381//381 2221//2221
f 5346//5346 3954//3954 3491//3491
f 381//381 2327//2327 2221//2221
f 371//371 379//379 2219//2219
f 1965//1965 2083//2083 3775//3775
f 379//379 2325//2325 2219//2219
f 380//380 372//372 2220//2220
f 910//910 4160//4160 3438//3438
f 3178//3178 2994//2994 778//778
f 2326//2326 380//380 2220//2220
f 378//378 370//370 2218//2218
f 475//475 1479//1479 3140//3140
f 2082//2082 1964//1964 3774//3774
f 2324//2324 378//378 2218//2218
f 908//908 4158//4158 3436//3436
f 475//475 3064//3064 1479//1479
f 474//474 1478//1478 3138//3138
f 1963//1963 2081//2081 3773//3773
f 4161//4161 911//911 3439//3439
f 474//474 3062//3062 1478//1478
f 4159//4159 909//909 3437//3437
f 2080//2080 1962//1962 3772//3772
f 4935//4935 5105//5105 3606//3606
f 4281//4281 935//935 342//342
f 3606//3606 1713//1713 4935//4935
f 489//489 4935//4935 3643//3643
f 4935//4935 1713//1713 3643//3643
f 4934//4934 5103//5103 3604//3604
f 3604//3604 1711//1711 4934//4934
f 487//487 4934//4934 3641//3641
f 4934//4934 1711//1711 3641//3641
f 3180//3180 3154//3154 2995//2995
f 3180//3180 2995//2995 779//779
f 5105//5105 874//874 3606//3606
f 5103//5103 872//872 3604//3604
f 488//488 3843//3843 3317//3317
f 3085//3085 1562//1562 3351//3351
f 342//342 2037//2037 4281//4281
f 3084//3084 1560//1560 3350//3350
f 486//486 3842//3842 3316//3316
f 5362//5362 5086//5086 1460//1460
f 5360//5360 5084//5084 1458//1458
f 5087//5087 5363//5363 1461//1461
f 809//809 1461//1461 5363//5363
f 3273//3273 1279//1279 3591//3591
f 5363//5363 1627//1627 809//809
f 4280//4280 934//934 340//340
f 3272//3272 1278//1278 3590//3590
f 340//340 2036//2036 4280//4280
f 5085//5085 5361//5361 1459//1459
f 2426//2426 212//212 213//213
f 2424//2424 44//44 43//43
f 44//44 2427//2427 43//43
f 212//212 2425//2425 213//213
f 808//808 1459//1459 5361//5361
f 5361//5361 1625//1625 808//808
f 4003//4003 2005//2005 3705//3705
f 937//937 4003//4003 3705//3705
f 4002//4002 2004//2004 3704//3704
f 936//936 4002//4002 3704//3704
f 4379//4379 1865//1865 4077//4077
f 2005//2005 4077//4077 1865//1865
f 1191//1191 4379//4379 4077//4077
f 4378//4378 1864//1864 4076//4076
f 2004//2004 4076//4076 1864//1864
f 1190//1190 4378//4378 4076//4076
f 303//303 305//305 1299//1299
f 2744//2744 4912//4912 724//724
f 302//302 304//304 1298//1298
f 2088//2088 2125//2125 5177//5177
f 2744//2744 724//724 1315//1315
f 2745//2745 4913//4913 725//725
f 2088//2088 5177//5177 2115//2115
f 2745//2745 725//725 1317//1317
f 5063//5063 1317//1317 2865//2865
f 665//665 1259//1259 2883//2883
f 1123//1123 1146//1146 218//218
f 1123//1123 218//218 219//219
f 1121//1121 1144//1144 38//38
f 1121//1121 38//38 37//37
f 5062//5062 1315//1315 2864//2864
f 664//664 1258//1258 2881//2881
f 1145//1145 1122//1122 218//218
f 218//218 1122//1122 219//219
f 1147//1147 1120//1120 38//38
f 38//38 1120//1120 37//37
f 3507//3507 4891//4891 1369//1369
f 4891//4891 2947//2947 1369//1369
f 2947//2947 4891//4891 457//457
f 3506//3506 4890//4890 1368//1368
f 4890//4890 2946//2946 1368//1368
f 2946//2946 4890//4890 456//456
f 3058//3058 1524//1524 3140//3140
f 1479//1479 3058//3058 3140//3140
f 3056//3056 1522//1522 3138//3138
f 1478//1478 3056//3056 3138//3138
f 3217//3217 463//463 2865//2865
f 3215//3215 461//461 2864//2864
f 5195//5195 4832//4832 2781//2781
f 2818//2818 5195//5195 2781//2781
f 5194//5194 4830//4830 2780//2780
f 2816//2816 5194//5194 2780//2780
f 464//464 2896//2896 5432//5432
f 464//464 5432//5432 2880//2880
f 3089//3089 469//469 467//467
f 465//465 2897//2897 5433//5433
f 465//465 5433//5433 2882//2882
f 1765//1765 3453//3453 3559//3559
f 3453//3453 323//323 3559//3559
f 1763//1763 3452//3452 3557//3557
f 3452//3452 322//322 3557//3557
f 3088//3088 468//468 466//466
f 2850//2850 305//305 3020//3020
f 2848//2848 304//304 3018//3018
f 2993//2993 1425//1425 5001//5001
f 2991//2991 1424//1424 5000//5000
f 3507//3507 2973//2973 1479//1479
f 2973//2973 3058//3058 1479//1479
f 3506//3506 2972//2972 1478//1478
f 2972//2972 3056//3056 1478//1478
f 5149//5149 829//829 335//335
f 5098//5098 2818//2818 2781//2781
f 5147//5147 828//828 333//333
f 5096//5096 2816//2816 2780//2780
f 3954//3954 5346//5346 1870//1870
f 3928//3928 2104//2104 5347//5347
f 3244//3244 1578//1578 3158//3158
f 5349//5349 3955//3955 1871//1871
f 5483//5483 311//311 1781//1781
f 3242//3242 1576//1576 3156//3156
f 3956//3956 5347//5347 1872//1872
f 5347//5347 2104//2104 1872//1872
f 5348//5348 3957//3957 1873//1873
f 5483//5483 4695//4695 2459//2459
f 1579//1579 3245//3245 3159//3159
f 1577//1577 3157//3157 3219//3219
f 1577//1577 3219//3219 819//819
f 1579//1579 3159//3159 3221//3221
f 717//717 4357//4357 2313//2313
f 716//716 4356//4356 2312//2312
f 1579//1579 3221//3221 821//821
f 1577//1577 3243//3243 3157//3157
f 3156//3156 1576//1576 3218//3218
f 3218//3218 1576//1576 818//818
f 3158//3158 1578//1578 3220//3220
f 3220//3220 1578//1578 820//820
f 4888//4888 3032//3032 466//466
f 4888//4888 466//466 468//468
f 4889//4889 3033//3033 467//467
f 4889//4889 467//467 469//469
f 5137//5137 3125//3125 751//751
f 425//425 4685//4685 2489//2489
f 751//751 3125//3125 3535//3535
f 424//424 4684//4684 2488//2488
f 5136//5136 3124//3124 750//750
f 750//750 3124//3124 3534//3534
f 2877//2877 2855//2855 668//668
f 2877//2877 668//668 682//682
f 5011//5011 2839//2839 2813//2813
f 2839//2839 2801//2801 2813//2813
f 5010//5010 2838//2838 2812//2812
f 2838//2838 2800//2800 2812//2812
f 5451//5451 3544//3544 3675//3675
f 5450//5450 3542//3542 3674//3674
f 651//651 5449//5449 2421//2421
f 4291//4291 5449//5449 4511//4511
f 5449//5449 4291//4291 2421//2421
f 5449//5449 651//651 4511//4511
f 650//650 5448//5448 2420//2420
f 4290//4290 5448//5448 4510//4510
f 2989//2989 4391//4391 4431//4431
f 4391//4391 1527//1527 4431//4431
f 2988//2988 4390//4390 4430//4430
f 4390//4390 1526//1526 4430//4430
f 5448//5448 4290//4290 2420//2420
f 5448//5448 650//650 4510//4510
f 5447//5447 2711//2711 5189//5189
f 5447//5447 4709//4709 1149//1149
f 4357//4357 1235//1235 3251//3251
f 4356//4356 1234//1234 3250//3250
f 3259//3259 1419//1419 2841//2841
f 3258//3258 1418//1418 2840//2840
f 4709//4709 5447//5447 5189//5189
f 2711//2711 5447//5447 1149//1149
f 5446//5446 2710//2710 5188//5188
f 5446//5446 4708//4708 1148//1148
f 4708//4708 5446//5446 5188//5188
f 2710//2710 5446//5446 1148//1148
f 5445//5445 141//141 142//142
f 5444//5444 115//115 114//114
f 1975//1975 4089//4089 3839//3839
f 4089//4089 693//693 3839//3839
f 1974//1974 4088//4088 3838//3838
f 4088//4088 692//692 3838//3838
f 965//965 4589//4589 3433//3433
f 2917//2917 4775//4775 3829//3829
f 964//964 4588//4588 3432//3432
f 2916//2916 4774//4774 3828//3828
f 2027//2027 3751//3751 1175//1175
f 3751//3751 433//433 1175//1175
f 2026//2026 3750//3750 1174//1174
f 3750//3750 432//432 1174//1174
f 1205//1205 5443//5443 2537//2537
f 5443//5443 3455//3455 2537//2537
f 1204//1204 5442//5442 2536//2536
f 5442//5442 3454//3454 2536//2536
f 847//847 5441//5441 5042//5042
f 1582//1582 5441//5441 4331//4331
f 5441//5441 1582//1582 5042//5042
f 5441//5441 847//847 4331//4331
f 1251//1251 1911//1911 3625//3625
f 1250//1250 1910//1910 3624//3624
f 846//846 5440//5440 5043//5043
f 1583//1583 5440//5440 4330//4330
f 5440//5440 1583//1583 5043//5043
f 5440//5440 846//846 4330//4330
f 668//668 4964//4964 1653//1653
f 1653//1653 4964//4964 654//654
f 2126//2126 5359//5359 5178//5178
f 5178//5178 5359//5359 2116//2116
f 5439//5439 1785//1785 4261//4261
f 5439//5439 3565//3565 1789//1789
f 3565//3565 5439//5439 4261//4261
f 1785//1785 5439//5439 1789//1789
f 5438//5438 1784//1784 4259//4259
f 3461//3461 869//869 1681//1681
f 5438//5438 3563//3563 1787//1787
f 3563//3563 5438//5438 4259//4259
f 3460//3460 868//868 1680//1680
f 1784//1784 5438//5438 1787//1787
f 1970//1970 4130//4130 4066//4066
f 4066//4066 4256//4256 1970//1970
f 1968//1968 4128//4128 4064//4064
f 4064//4064 4254//4254 1968//1968
f 4131//4131 1971//1971 4067//4067
f 4257//4257 4067//4067 1971//1971
f 4129//4129 1969//1969 4065//4065
f 4255//4255 4065//4065 1969//1969
f 2799//2799 5437//5437 1277//1277
f 5059//5059 5437//5437 3597//3597
f 5437//5437 5059//5059 1277//1277
f 5437//5437 2799//2799 3597//3597
f 2797//2797 5436//5436 1275//1275
f 5058//5058 5436//5436 3596//3596
f 5436//5436 5058//5058 1275//1275
f 5436//5436 2797//2797 3596//3596
f 1817//1817 5435//5435 1269//1269
f 2537//2537 5435//5435 1205//1205
f 843//843 3415//3415 799//799
f 5435//5435 2537//2537 1269//1269
f 5435//5435 1817//1817 1205//1205
f 1816//1816 5434//5434 1268//1268
f 2536//2536 5434//5434 1204//1204
f 5434//5434 2536//2536 1268//1268
f 5434//5434 1816//1816 1204//1204
f 2879//2879 2857//2857 669//669
f 2879//2879 669//669 683//683
f 669//669 4965//4965 1652//1652
f 1652//1652 4965//4965 655//655
f 961//961 5431//5431 3807//3807
f 4095//4095 5431//5431 2111//2111
f 5431//5431 4095//4095 3807//3807
f 2544//2544 2478//2478 4919//4919
f 2478//2478 16//16 4919//4919
f 2542//2542 2476//2476 4918//4918
f 2476//2476 3//3 4918//4918
f 841//841 3414//3414 797//797
f 5431//5431 961//961 2111//2111
f 959//959 5430//5430 3805//3805
f 4093//4093 5430//5430 2109//2109
f 5430//5430 4093//4093 3805//3805
f 5430//5430 959//959 2109//2109
f 2850//2850 5429//5429 2787//2787
f 5102//5102 3316//3316 3607//3607
f 2848//2848 5428//5428 2786//2786
f 3607//3607 3316//3316 3842//3842
f 5104//5104 3317//3317 3605//3605
f 5427//5427 1772//1772 338//338
f 5427//5427 3132//3132 1728//1728
f 3605//3605 3317//3317 3843//3843
f 3132//3132 5427//5427 338//338
f 1772//1772 5427//5427 1728//1728
f 5426//5426 1770//1770 336//336
f 5426//5426 3130//3130 1726//1726
f 4023//4023 3881//3881 3821//3821
f 3130//3130 5426//5426 336//336
f 1770//1770 5426//5426 1726//1726
f 3880//3880 4022//4022 3820//3820
f 5425//5425 4304//4304 3944//3944
f 5425//5425 4546//4546 3783//3783
f 4021//4021 3879//3879 3819//3819
f 4546//4546 5425//5425 3944//3944
f 4304//4304 5425//5425 3783//3783
f 3878//3878 4020//4020 3818//3818
f 5424//5424 4302//4302 3942//3942
f 5424//5424 4544//4544 3785//3785
f 4544//4544 5424//5424 3942//3942
f 4302//4302 5424//5424 3785//3785
f 4305//4305 5423//5423 3945//3945
f 4547//4547 5423//5423 3784//3784
f 5423//5423 4547//4547 3945//3945
f 5423//5423 4305//4305 3784//3784
f 2785//2785 2795//2795 2671//2671
f 4303//4303 5422//5422 3943//3943
f 2131//2131 997//997 1821//1821
f 1821//1821 4469//4469 2131//2131
f 1821//1821 997//997 1053//1053
f 996//996 2130//2130 1820//1820
f 4468//4468 1820//1820 2130//2130
f 996//996 1820//1820 1052//1052
f 2129//2129 995//995 1819//1819
f 1819//1819 4467//4467 2129//2129
f 1819//1819 995//995 1051//1051
f 994//994 2128//2128 1818//1818
f 4466//4466 1818//1818 2128//2128
f 994//994 1818//1818 1050//1050
f 4545//4545 5422//5422 3782//3782
f 2784//2784 2794//2794 2670//2670
f 2639//2639 1515//1515 3239//3239
f 2638//2638 1513//1513 3238//3238
f 5422//5422 4545//4545 3943//3943
f 5422//5422 4303//4303 3782//3782
f 5421//5421 2985//2985 2957//2957
f 3051//3051 5421//5421 2957//2957
f 5420//5420 2984//2984 2956//2956
f 3050//3050 5420//5420 2956//2956
f 1351//1351 4983//4983 1463//1463
f 1463//1463 4377//4377 1351//1351
f 1350//1350 4982//4982 1462//1462
f 1462//1462 4376//4376 1350//1350
f 4695//4695 5483//5483 1781//1781
f 3739//3739 5419//5419 3035//3035
f 5419//5419 3739//3739 1725//1725
f 5419//5419 3573//3573 3035//3035
f 311//311 5483//5483 2459//2459
f 3738//3738 5418//5418 3034//3034
f 5418//5418 3738//3738 1724//1724
f 5418//5418 3572//3572 3034//3034
f 5417//5417 5166//5166 3856//3856
f 3928//3928 5417//5417 3856//3856
f 5416//5416 5164//5164 3854//3854
f 3926//3926 5416//5416 3854//3854
f 4343//4343 4769//4769 2689//2689
f 4769//4769 4343//4343 2187//2187
f 643//643 4769//4769 2187//2187
f 4342//4342 4768//4768 2688//2688
f 4768//4768 4342//4342 2186//2186
f 642//642 4768//4768 2186//2186
f 705//705 699//699 2713//2713
f 2089//2089 2127//2127 5179//5179
f 704//704 697//697 2712//2712
f 2089//2089 5179//5179 2117//2117
f 2191//2191 2127//2127 2089//2089
f 4808//4808 697//697 2950//2950
f 1152//1152 585//585 230//230
f 612//612 1152//1152 229//229
f 229//229 1152//1152 230//230
f 1150//1150 584//584 26//26
f 610//610 1150//1150 27//27
f 27//27 1150//1150 26//26
f 4975//4975 2153//2153 563//563
f 651//651 4975//4975 563//563
f 4974//4974 2152//2152 562//562
f 650//650 4974//4974 562//562
f 2190//2190 2125//2125 2088//2088
f 2950//2950 697//697 704//704
f 5415//5415 4131//4131 4593//4593
f 5415//5415 4229//4229 3901//3901
f 4229//4229 5415//5415 4593//4593
f 4131//4131 5415//5415 3901//3901
f 5414//5414 4129//4129 4591//4591
f 5414//5414 4227//4227 3899//3899
f 4227//4227 5414//5414 4591//4591
f 4129//4129 5414//5414 3899//3899
f 5167//5167 5413//5413 3857//3857
f 5413//5413 3929//3929 3857//3857
f 499//499 3017//3017 3581//3581
f 2800//2800 2838//2838 1421//1421
f 4543//4543 4537//4537 353//353
f 4536//4536 4542//4542 352//352
f 4541//4541 4535//4535 351//351
f 4534//4534 4540//4540 350//350
f 4813//4813 2885//2885 4589//4589
f 1605//1605 4813//4813 4589//4589
f 4812//4812 2884//2884 4588//4588
f 1604//1604 4812//4812 4588//4588
f 497//497 3015//3015 3579//3579
f 2800//2800 1421//1421 1399//1399
f 5165//5165 5412//5412 3855//3855
f 5412//5412 3927//3927 3855//3855
f 5409//5409 799//799 5193//5193
f 5409//5409 3767//3767 3461//3461
f 3767//3767 5409//5409 5193//5193
f 799//799 5409//5409 3461//3461
f 5408//5408 797//797 5191//5191
f 5408//5408 3765//3765 3460//3460
f 3765//3765 5408//5408 5191//5191
f 797//797 5408//5408 3460//3460
f 4130//4130 5407//5407 4592//4592
f 949//949 5115//5115 4103//4103
f 4228//4228 5407//5407 3900//3900
f 5407//5407 4228//4228 4592//4592
f 5407//5407 4130//4130 3900//3900
f 5114//5114 948//948 4102//4102
f 1644//1644 4451//4451 3698//3698
f 4128//4128 5406//5406 4590//4590
f 2959//2959 4451//4451 1644//1644
f 947//947 5113//5113 4101//4101
f 1642//1642 4450//4450 3696//3696
f 2958//2958 4450//4450 1642//1642
f 3059//3059 1457//1457 3141//3141
f 4853//4853 3141//3141 1457//1457
f 4226//4226 5406//5406 3898//3898
f 5112//5112 946//946 4100//4100
f 3141//3141 4853//4853 3065//3065
f 3057//3057 1456//1456 3139//3139
f 4852//4852 3139//3139 1456//1456
f 3139//3139 4852//4852 3063//3063
f 4337//4337 1923//1923 1789//1789
f 949//949 4337//4337 1789//1789
f 1789//1789 923//923 949//949
f 4335//4335 1921//1921 1787//1787
f 947//947 4335//4335 1787//1787
f 1787//1787 921//921 947//947
f 2787//2787 1299//1299 305//305
f 2786//2786 1298//1298 304//304
f 1481//1481 3309//3309 4863//4863
f 5406//5406 4226//4226 4590//4590
f 1481//1481 771//771 3309//3309
f 1480//1480 3308//3308 4861//4861
f 5406//5406 4128//4128 3898//3898
f 1480//1480 769//769 3308//3308
f 5033//5033 1489//1489 2713//2713
f 1489//1489 705//705 2713//2713
f 4652//4652 5405//5405 3609//3609
f 5101//5101 5405//5405 5037//5037
f 5405//5405 5101//5101 3609//3609
f 5405//5405 4652//4652 2798//2798
f 4650//4650 5404//5404 3608//3608
f 5037//5037 5405//5405 2798//2798
f 5404//5404 5100//5100 3608//3608
f 5031//5031 1487//1487 2712//2712
f 5404//5404 4650//4650 2796//2796
f 1923//1923 5403//5403 2031//2031
f 1487//1487 704//704 2712//2712
f 4103//4103 5403//5403 949//949
f 5403//5403 4103//4103 2031//2031
f 1650//1650 2720//2720 4902//4902
f 1921//1921 5402//5402 2029//2029
f 4101//4101 5402//5402 947//947
f 5402//5402 4101//4101 2029//2029
f 1650//1650 4902//4902 1509//1509
f 5401//5401 1922//1922 2030//2030
f 5401//5401 4102//4102 948//948
f 4102//4102 5401//5401 2030//2030
f 1651//1651 2721//2721 4903//4903
f 5400//5400 1920//1920 2028//2028
f 5400//5400 4100//4100 946//946
f 4100//4100 5400//5400 2028//2028
f 1651//1651 4903//4903 1511//1511
f 2262//2262 5399//5399 2151//2151
f 5399//5399 2284//2284 2151//2151
f 3661//3661 1917//1917 4157//4157
f 625//625 3661//3661 4157//4157
f 3660//3660 1916//1916 4156//4156
f 624//624 3660//3660 4156//4156
f 2260//2260 5398//5398 2149//2149
f 5398//5398 2282//2282 2149//2149
f 5397//5397 2263//2263 2148//2148
f 2285//2285 5397//5397 2148//2148
f 5396//5396 2261//2261 2150//2150
f 2283//2283 5396//5396 2150//2150
f 5395//5395 3584//3584 514//514
f 2801//2801 2839//2839 1423//1423
f 4112//4112 5395//5395 514//514
f 3584//3584 5395//5395 3558//3558
f 5394//5394 3582//3582 512//512
f 2801//2801 1423//1423 1401//1401
f 4110//4110 5394//5394 512//512
f 3582//3582 5394//5394 3556//3556
f 5393//5393 916//916 1725//1725
f 5393//5393 3897//3897 4124//4124
f 3897//3897 5393//5393 1725//1725
f 916//916 5393//5393 4124//4124
f 5392//5392 914//914 1724//1724
f 5392//5392 3896//3896 4122//4122
f 3896//3896 5392//5392 1724//1724
f 914//914 5392//5392 4122//4122
f 5391//5391 1323//1323 665//665
f 5391//5391 2883//2883 445//445
f 1343//1343 2621//2621 3135//3135
f 3135//3135 1531//1531 1343//1343
f 1341//1341 2619//2619 3134//3134
f 3134//3134 1529//1529 1341//1341
f 2046//2046 1002//1002 538//538
f 1002//1002 2134//2134 538//538
f 2613//2613 4855//4855 4713//4713
f 4855//4855 1391//1391 4713//4713
f 2612//2612 4854//4854 4712//4712
f 4854//4854 1390//1390 4712//4712
f 2134//2134 1002//1002 1016//1016
f 2883//2883 5391//5391 665//665
f 2044//2044 1000//1000 536//536
f 1000//1000 2132//2132 536//536
f 2132//2132 1000//1000 1014//1014
f 1323//1323 5391//5391 445//445
f 1003//1003 2047//2047 539//539
f 2135//2135 1003//1003 539//539
f 1003//1003 2135//2135 1017//1017
f 5390//5390 1322//1322 664//664
f 1001//1001 2045//2045 537//537
f 2133//2133 1001//1001 537//537
f 1001//1001 2133//2133 1015//1015
f 5390//5390 2881//2881 443//443
f 2881//2881 5390//5390 664//664
f 1322//1322 5390//5390 443//443
f 4724//4724 5060//5060 2828//2828
f 2828//2828 5060//5060 1274//1274
f 4725//4725 5061//5061 2830//2830
f 2830//2830 5061//5061 1276//1276
f 3170//3170 857//857 3421//3421
f 3170//3170 3421//3421 477//477
f 3171//3171 859//859 3423//3423
f 3171//3171 3423//3423 479//479
f 1705//1705 3954//3954 5386//5386
f 3673//3673 839//839 2953//2953
f 1705//1705 5386//5386 505//505
f 3672//3672 838//838 2952//2952
f 1707//1707 3956//3956 5387//5387
f 1707//1707 5387//5387 507//507
f 3957//3957 1704//1704 5389//5389
f 5389//5389 1704//1704 504//504
f 5115//5115 957//957 4103//4103
f 956//956 5114//5114 4102//4102
f 5113//5113 955//955 4101//4101
f 954//954 5112//5112 4100//4100
f 2649//2649 4691//4691 3787//3787
f 4691//4691 403//403 3787//3787
f 1734//1734 5383//5383 1742//1742
f 2648//2648 4690//4690 3786//3786
f 4690//4690 402//402 3786//3786
f 5383//5383 1734//1734 3224//3224
f 1531//1531 3135//3135 4847//4847
f 1529//1529 3134//3134 4846//4846
f 635//635 284//284 231//231
f 635//635 231//231 232//232
f 633//633 283//283 25//25
f 633//633 25//25 24//24
f 1732//1732 5382//5382 1740//1740
f 5382//5382 1732//1732 3222//3222
f 5049//5049 1913//1913 943//943
f 2047//2047 1003//1003 4185//4185
f 5381//5381 1735//1735 1743//1743
f 1735//1735 5381//5381 3225//3225
f 5047//5047 1912//1912 941//941
f 5380//5380 1733//1733 1741//1741
f 1733//1733 5380//5380 3223//3223
f 5379//5379 342//342 935//935
f 1002//1002 2046//2046 4184//4184
f 5379//5379 3994//3994 980//980
f 3994//3994 5379//5379 935//935
f 342//342 5379//5379 980//980
f 3309//3309 771//771 5255//5255
f 5378//5378 340//340 934//934
f 3308//3308 769//769 5254//5254
f 5378//5378 3992//3992 978//978
f 2045//2045 1001//1001 4183//4183
f 3992//3992 5378//5378 934//934
f 340//340 5378//5378 978//978
f 5377//5377 1885//1885 3603//3603
f 5377//5377 5185//5185 4145//4145
f 5185//5185 5377//5377 3603//3603
f 1000//1000 2044//2044 4182//4182
f 1885//1885 5377//5377 4145//4145
f 5376//5376 1883//1883 3602//3602
f 5376//5376 5183//5183 4143//4143
f 3833//3833 1731//1731 3431//3431
f 3831//3831 1730//1730 3429//3429
f 5183//5183 5376//5376 3602//3602
f 1883//1883 5376//5376 4143//4143
f 3558//3558 1764//1764 3584//3584
f 1833//1833 5375//5375 3589//3589
f 3556//3556 1762//1762 3582//3582
f 3545//3545 5375//5375 86//86
f 1805//1805 5214//5214 862//862
f 1804//1804 5212//5212 860//860
f 307//307 1959//1959 3539//3539
f 306//306 1958//1958 3538//3538
f 5375//5375 3545//3545 3589//3589
f 3957//3957 5348//5348 3472//3472
f 1832//1832 5374//5374 3588//3588
f 3543//3543 5374//5374 170//170
f 5374//5374 3543//3543 3588//3588
f 3472//3472 5348//5348 3490//3490
f 5373//5373 2801//2801 1401//1401
f 5373//5373 2851//2851 4957//4957
f 308//308 2119//2119 3240//3240
f 309//309 2118//2118 3241//3241
f 3893//3893 1739//1739 1721//1721
f 3955//3955 1706//1706 5388//5388
f 3871//3871 1885//1885 4145//4145
f 5184//5184 1884//1884 4144//4144
f 3892//3892 1738//1738 1720//1720
f 1884//1884 3870//3870 4144//4144
f 2801//2801 5373//5373 4957//4957
f 3869//3869 1883//1883 4143//4143
f 5182//5182 1882//1882 4142//4142
f 1882//1882 3868//3868 4142//4142
f 5372//5372 2800//2800 1399//1399
f 5372//5372 2849//2849 4956//4956
f 5388//5388 1706//1706 506//506
f 2800//2800 5372//5372 4956//4956
f 3585//3585 5367//5367 515//515
f 3955//3955 5349//5349 3473//3473
f 5367//5367 4113//4113 515//515
f 5367//5367 3585//3585 3559//3559
f 3583//3583 5366//5366 513//513
f 3473//3473 5349//5349 3492//3492
f 1241//1241 5069//5069 3013//3013
f 4701//4701 1241//1241 3013//3013
f 5366//5366 4111//4111 513//513
f 5366//5366 3583//3583 3557//3557
f 1240//1240 5068//5068 3012//3012
f 4700//4700 1240//1240 3012//3012
f 1453//1453 4559//4559 1521//1521
f 3921//3921 1453//1453 1521//1521
f 1452//1452 4558//4558 1520//1520
f 3920//3920 1452//1452 1520//1520
f 3276//3276 1565//1565 3349//3349
f 3274//3274 1564//1564 3348//3348
f 1899//1899 4917//4917 2693//2693
f 4917//4917 1899//1899 4233//4233
f 1293//1293 4917//4917 4233//4233
f 1898//1898 4916//4916 2692//2692
f 4916//4916 1898//1898 4232//4232
f 1292//1292 4916//4916 4232//4232
f 1379//1379 1389//1389 109//109
f 110//110 1379//1379 109//109
f 1388//1388 1378//1378 147//147
f 1378//1378 146//146 147//147
f 1377//1377 1387//1387 147//147
f 146//146 1377//1377 147//147
f 1386//1386 1376//1376 109//109
f 1376//1376 110//110 109//109
f 3392//3392 3344//3344 1532//1532
f 3345//3345 3393//3393 1533//1533
f 3394//3394 3346//3346 1534//1534
f 3347//3347 3395//3395 1535//1535
f 2995//2995 1373//1373 240//240
f 2895//2895 2995//2995 240//240
f 2994//2994 1372//1372 239//239
f 2894//2894 2994//2994 239//239
f 735//735 711//711 3637//3637
f 734//734 710//710 3636//3636
f 1981//1981 4413//4413 395//395
f 4413//4413 1201//1201 395//395
f 1980//1980 4412//4412 394//394
f 4412//4412 1200//1200 394//394
f 3547//3547 1709//1709 2719//2719
f 1623//1623 2719//2719 1709//1709
f 3917//3917 3723//3723 3581//3581
f 3915//3915 3721//3721 3579//3579
f 3722//3722 3916//3916 3580//3580
f 3720//3720 3914//3914 3578//3578
f 1765//1765 3559//3559 3585//3585
f 3546//3546 1708//1708 2718//2718
f 1622//1622 2718//2718 1708//1708
f 1763//1763 3557//3557 3583//3583
f 1701//1701 1521//1521 1433//1433
f 1700//1700 1520//1520 1432//1432
f 2705//2705 5029//5029 2963//2963
f 2704//2704 5028//5028 2962//2962
f 5082//5082 3124//3124 5136//5136
f 5082//5082 5136//5136 816//816
f 5083//5083 3125//3125 5137//5137
f 5083//5083 5137//5137 817//817
f 1567//1567 3128//3128 1501//1501
f 1566//1566 3126//3126 1500//1500
f 4571//4571 3567//3567 4304//4304
f 4571//4571 4304//4304 2175//2175
f 4573//4573 3569//3569 4302//4302
f 4573//4573 4302//4302 2177//2177
f 471//471 3381//3381 2685//2685
f 473//473 3383//3383 2687//2687
f 4874//4874 1454//1454 3758//3758
f 4874//4874 1938//1938 2840//2840
f 2565//2565 571//571 2415//2415
f 2565//2565 2415//2415 4555//4555
f 2564//2564 569//569 2413//2413
f 2564//2564 2413//2413 4553//4553
f 1938//1938 4874//4874 3758//3758
f 4875//4875 1455//1455 3759//3759
f 4875//4875 1939//1939 2841//2841
f 1939//1939 4875//4875 3759//3759
f 3566//3566 4570//4570 4303//4303
f 4303//4303 4570//4570 2174//2174
f 3606//3606 874//874 884//884
f 3568//3568 4572//4572 4305//4305
f 4305//4305 4572//4572 2176//2176
f 3604//3604 872//872 882//882
f 4809//4809 699//699 2951//2951
f 576//576 616//616 1112//1112
f 574//574 614//614 1110//1110
f 2951//2951 699//699 705//705
f 4555//4555 2415//2415 1087//1087
f 2414//2414 4554//4554 1086//1086
f 361//361 2173//2173 2147//2147
f 357//357 361//361 2147//2147
f 359//359 2171//2171 2145//2145
f 355//355 359//359 2145//2145
f 5482//5482 310//310 1780//1780
f 3209//3209 809//809 1627//1627
f 5249//5249 3641//3641 908//908
f 3207//3207 808//808 1625//1625
f 5482//5482 4694//4694 2458//2458
f 4553//4553 2413//2413 1085//1085
f 5251//5251 3643//3643 910//910
f 2412//2412 4552//4552 1084//1084
f 2172//2172 360//360 2146//2146
f 360//360 356//356 2146//2146
f 2170//2170 358//358 2144//2144
f 358//358 354//354 2144//2144
f 3693//3693 419//419 2751//2751
f 3693//3693 5033//5033 419//419
f 3692//3692 418//418 2750//2750
f 3692//3692 5031//5031 418//418
f 102//102 1507//1507 101//101
f 4407//4407 3433//3433 4455//4455
f 4043//4043 1507//1507 102//102
f 1506//1506 154//154 155//155
f 1506//1506 4042//4042 154//154
f 899//899 4407//4407 4455//4455
f 4406//4406 3432//3432 4454//4454
f 898//898 4406//4406 4454//4454
f 2479//2479 2545//2545 4941//4941
f 3//3 2479//2479 4941//4941
f 2477//2477 2543//2543 4940//4940
f 16//16 2477//2477 4940//4940
f 4407//4407 2987//2987 4293//4293
f 1263//1263 4407//4407 4293//4293
f 4406//4406 2986//2986 4292//4292
f 1262//1262 4406//4406 4292//4292
f 154//154 1505//1505 155//155
f 4041//4041 1505//1505 154//154
f 2303//2303 365//365 2217//2217
f 357//357 2217//2217 365//365
f 2301//2301 363//363 2215//2215
f 355//355 2215//2215 363//363
f 364//364 2302//2302 2216//2216
f 2216//2216 356//356 364//364
f 362//362 2300//2300 2214//2214
f 2214//2214 354//354 362//362
f 1504//1504 102//102 101//101
f 1504//1504 4040//4040 102//102
f 1018//1018 2132//2132 1014//1014
f 3981//3981 1885//1885 3871//3871
f 2133//2133 1019//1019 1015//1015
f 3981//3981 3871//3871 3735//3735
f 1020//1020 2134//2134 1016//1016
f 1884//1884 3980//3980 3870//3870
f 2135//2135 1021//1021 1017//1017
f 3870//3870 3980//3980 3734//3734
f 3979//3979 1883//1883 3869//3869
f 3979//3979 3869//3869 3733//3733
f 1882//1882 3978//3978 3868//3868
f 3868//3868 3978//3978 3732//3732
f 109//109 1389//1389 108//108
f 1388//1388 147//147 148//148
f 147//147 1387//1387 148//148
f 1386//1386 109//109 108//108
f 2855//2855 5173//5173 5010//5010
f 3046//3046 5020//5020 3020//3020
f 5010//5010 5173//5173 2838//2838
f 3044//3044 5018//5018 3018//3018
f 1911//1911 1311//1311 2655//2655
f 1910//1910 1310//1310 2654//2654
f 4321//4321 749//749 3251//3251
f 4320//4320 748//748 3250//3250
f 3761//3761 4497//4497 895//895
f 3760//3760 4496//4496 894//894
f 3517//3517 1699//1699 3497//3497
f 3516//3516 1698//1698 3496//3496
f 78//78 3659//3659 77//77
f 3658//3658 178//178 179//179
f 178//178 3657//3657 179//179
f 3656//3656 78//78 77//77
f 4421//4421 3073//3073 1981//1981
f 1363//1363 4421//4421 1981//1981
f 4420//4420 3072//3072 1980//1980
f 1362//1362 4420//4420 1980//1980
f 2721//2721 250//250 2759//2759
f 2799//2799 1277//1277 4659//4659
f 2720//2720 249//249 2758//2758
f 2797//2797 1275//1275 4657//4657
f 4843//4843 4717//4717 1835//1835
f 2681//2681 4717//4717 4843//4843
f 4842//4842 4716//4716 1834//1834
f 2680//2680 4716//4716 4842//4842
f 2327//2327 4555//4555 1087//1087
f 2325//2325 4553//4553 1085//1085
f 3307//3307 1473//1473 3331//3331
f 1472//1472 3306//3306 3330//3330
f 615//615 390//390 28//28
f 611//611 615//615 28//28
f 617//617 392//392 228//228
f 613//613 617//617 228//228
f 3305//3305 1471//1471 3329//3329
f 1470//1470 3304//3304 3328//3328
f 558//558 2508//2508 2366//2366
f 560//560 2510//2510 2368//2368
f 2509//2509 559//559 2367//2367
f 2511//2511 561//561 2369//2369
f 913//913 4009//4009 3985//3985
f 445//445 2883//2883 3209//3209
f 420//420 2778//2778 2924//2924
f 422//422 2779//2779 2925//2925
f 912//912 4007//4007 3983//3983
f 443//443 2881//2881 3207//3207
f 5269//5269 3359//3359 5135//5135
f 5268//5268 3357//3357 5134//5134
f 2857//2857 5175//5175 5011//5011
f 5011//5011 5175//5175 2839//2839
f 759//759 4840//4840 4682//4682
f 4682//4682 4840//4840 245//245
f 564//564 2398//2398 2304//2304
f 5263//5263 1163//1163 381//381
f 3415//3415 1729//1729 1773//1773
f 799//799 3415//3415 1773//1773
f 3414//3414 1727//1727 1771//1771
f 797//797 3414//3414 1771//1771
f 5263//5263 2529//2529 1153//1153
f 2399//2399 565//565 2305//2305
f 5119//5119 10//10 3096//3096
f 566//566 2400//2400 2306//2306
f 2529//2529 5263//5263 381//381
f 5118//5118 9//9 3094//3094
f 1163//1163 5263//5263 1153//1153
f 2401//2401 567//567 2307//2307
f 5262//5262 1161//1161 379//379
f 5262//5262 2527//2527 1151//1151
f 2527//2527 5262//5262 379//379
f 4155//4155 1587//1587 1797//1797
f 1161//1161 5262//5262 1151//1151
f 5257//5257 128//128 129//129
f 4154//4154 1586//1586 1796//1796
f 5257//5257 4627//4627 4193//4193
f 4627//4627 5257//5257 129//129
f 761//761 4841//4841 4683//4683
f 751//751 3535//3535 4153//4153
f 4153//4153 3535//3535 729//729
f 3535//3535 721//721 729//729
f 3568//3568 4305//4305 4531//4531
f 750//750 3534//3534 4152//4152
f 4152//4152 3534//3534 728//728
f 2489//2489 4583//4583 1189//1189
f 3534//3534 720//720 728//728
f 3566//3566 4303//4303 4529//4529
f 2488//2488 4582//4582 1188//1188
f 4302//4302 3569//3569 4528//4528
f 4304//4304 3567//3567 4530//4530
f 4456//4456 1155//1155 2570//2570
f 5256//5256 128//128 127//127
f 4457//4457 1154//1154 2571//2571
f 5256//5256 4626//4626 4192//4192
f 4626//4626 5256//5256 127//127
f 4683//4683 4841//4841 246//246
f 4554//4554 2326//2326 1086//1086
f 4552//4552 2324//2324 1084//1084
f 5253//5253 1257//1257 4551//4551
f 2855//2855 5010//5010 4964//4964
f 5252//5252 1256//1256 4550//4550
f 4964//4964 5010//5010 2812//2812
f 4157//4157 1917//1917 5247//5247
f 4633//4633 5247//5247 2825//2825
f 1475//1475 1499//1499 3083//3083
f 1474//1474 1498//1498 3082//3082
f 5365//5365 473//473 4641//4641
f 5364//5364 471//471 4640//4640
f 5247//5247 4633//4633 4157//4157
f 5247//5247 2587//2587 2825//2825
f 5247//5247 1917//1917 2587//2587
f 4632//4632 5246//5246 2824//2824
f 5246//5246 4632//4632 4156//4156
f 5246//5246 2586//2586 2824//2824
f 465//465 2882//2882 3208//3208
f 5237//5237 4639//4639 4421//4421
f 1251//1251 649//649 1911//1911
f 1250//1250 648//648 1910//1910
f 2297//2297 2287//2287 5224//5224
f 2882//2882 444//444 3208//3208
f 464//464 2880//2880 3206//3206
f 1223//1223 5237//5237 4421//4421
f 2297//2297 5224//5224 1104//1104
f 2880//2880 442//442 3206//3206
f 5236//5236 4638//4638 4420//4420
f 1222//1222 5236//5236 4420//4420
f 4805//4805 2631//2631 1355//1355
f 1339//1339 4805//4805 1355//1355
f 4804//4804 2630//2630 1354//1354
f 1338//1338 4804//4804 1354//1354
f 3013//3013 5235//5235 4701//4701
f 1083//1083 2508//2508 2427//2427
f 3012//3012 5234//5234 4700//4700
f 240//240 5231//5231 4795//4795
f 1081//1081 2510//2510 2425//2425
f 4623//4623 5231//5231 1373//1373
f 5231//5231 4623//4623 4795//4795
f 2511//2511 1082//1082 2426//2426
f 2299//2299 2289//2289 5225//5225
f 5231//5231 240//240 1373//1373
f 2509//2509 1080//1080 2424//2424
f 239//239 5230//5230 4794//4794
f 4622//4622 5230//5230 1372//1372
f 2299//2299 5225//5225 1106//1106
f 1697//1697 4855//4855 2649//2649
f 4855//4855 1697//1697 3227//3227
f 1391//1391 4855//4855 3227//3227
f 1696//1696 4854//4854 2648//2648
f 4854//4854 1696//1696 3226//3226
f 1390//1390 4854//4854 3226//3226
f 5230//5230 4622//4622 4794//4794
f 5230//5230 239//239 1372//1372
f 2286//2286 2296//2296 5227//5227
f 5229//5229 131//131 132//132
f 5227//5227 2296//2296 1107//1107
f 5228//5228 125//125 124//124
f 3553//3553 5069//5069 2679//2679
f 3552//3552 5068//5068 2678//2678
f 3731//3731 5221//5221 3875//3875
f 5221//5221 3619//3619 3875//3875
f 2225//2225 2079//2079 2161//2161
f 2191//2191 2161//2161 2079//2079
f 2223//2223 2077//2077 2160//2160
f 2190//2190 2160//2160 2077//2077
f 2871//2871 5075//5075 1439//1439
f 3730//3730 5220//5220 3873//3873
f 5220//5220 3617//3617 3873//3873
f 2869//2869 5073//5073 1437//1437
f 3618//3618 5219//5219 3874//3874
f 3616//3616 5218//5218 3872//3872
f 5074//5074 2870//2870 1438//1438
f 1851//1851 5193//5193 799//799
f 1849//1849 5191//5191 797//797
f 5072//5072 2868//2868 1436//1436
f 5192//5192 1850//1850 798//798
f 5190//5190 1848//1848 796//796
f 1781//1781 2293//2293 2633//2633
f 1780//1780 2292//2292 2632//2632
f 3382//3382 3085//3085 3287//3287
f 472//472 3382//3382 3287//3287
f 3380//3380 3084//3084 3286//3286
f 470//470 3380//3380 3286//3286
f 5217//5217 431//431 3575//3575
f 5217//5217 3261//3261 4099//4099
f 3261//3261 5217//5217 3575//3575
f 431//431 5217//5217 4099//4099
f 1959//1959 2293//2293 2773//2773
f 5216//5216 430//430 3574//3574
f 1958//1958 2292//2292 2772//2772
f 5216//5216 3260//3260 4098//4098
f 5203//5203 4621//4621 4221//4221
f 4621//4621 5203//5203 4635//4635
f 1211//1211 5203//5203 4221//4221
f 5202//5202 4620//4620 4220//4220
f 4620//4620 5202//5202 4634//4634
f 1210//1210 5202//5202 4220//4220
f 849//849 1765//1765 3681//3681
f 848//848 1763//1763 3680//3680
f 903//903 5327//5327 90//90
f 3483//3483 903//903 91//91
f 91//91 903//903 90//90
f 5326//5326 902//902 166//166
f 4175//4175 4471//4471 3505//3505
f 902//902 3482//3482 165//165
f 902//902 165//165 166//166
f 4174//4174 4470//4470 3504//3504
f 593//593 1170//1170 222//222
f 593//593 222//222 223//223
f 591//591 1168//1168 34//34
f 591//591 34//34 33//33
f 1169//1169 592//592 222//222
f 222//222 592//592 223//223
f 4205//4205 406//406 2541//2541
f 4204//4204 405//405 2540//2540
f 1171//1171 590//590 34//34
f 34//34 590//590 33//33
f 901//901 5325//5325 166//166
f 3481//3481 901//901 165//165
f 165//165 901//901 166//166
f 5324//5324 900//900 90//90
f 900//900 3480//3480 91//91
f 900//900 91//91 90//90
f 5095//5095 4845//4845 2903//2903
f 5094//5094 4844//4844 2902//2902
f 1557//1557 427//427 3043//3043
f 1556//1556 426//426 3042//3042
f 3260//3260 5216//5216 3574//3574
f 430//430 5216//5216 4098//4098
f 361//361 357//357 365//365
f 356//356 360//360 364//364
f 359//359 355//355 363//363
f 5211//5211 1043//1043 64//64
f 354//354 358//358 362//362
f 5210//5210 1041//1041 192//192
f 3553//3553 5207//5207 5069//5069
f 5207//5207 3013//3013 5069//5069
f 3552//3552 5206//5206 5068//5068
f 5206//5206 3012//3012 5068//5068
f 2913//2913 1345//1345 4669//4669
f 1345//1345 3465//3465 4669//4669
f 2912//2912 1344//1344 4668//4668
f 1344//1344 3464//3464 4668//4668
f 92//92 3483//3483 91//91
f 3482//3482 164//164 165//165
f 164//164 3481//3481 165//165
f 3480//3480 92//92 91//91
f 2299//2299 629//629 270//270
f 2197//2197 2299//2299 270//270
f 628//628 2298//2298 269//269
f 2298//2298 2196//2196 269//269
f 4419//4419 2853//2853 4539//4539
f 749//749 4419//4419 4539//4539
f 4418//4418 2852//2852 4538//4538
f 748//748 4418//4418 4538//4538
f 2659//2659 4419//4419 1413//1413
f 2297//2297 627//627 268//268
f 2658//2658 4418//4418 1412//1412
f 2195//2195 2297//2297 268//268
f 626//626 2296//2296 267//267
f 2296//2296 2194//2194 267//267
f 874//874 3489//3489 3541//3541
f 830//830 5082//5082 816//816
f 3489//3489 1699//1699 3541//3541
f 872//872 3488//3488 3540//3540
f 831//831 5083//5083 817//817
f 3488//3488 1698//1698 3540//3540
f 2288//2288 2298//2298 5226//5226
f 5226//5226 2298//2298 1105//1105
f 39//39 1147//1147 38//38
f 1146//1146 217//217 218//218
f 217//217 1145//1145 218//218
f 1144//1144 39//39 38//38
f 4727//4727 2707//2707 1981//1981
f 3779//3779 3911//3911 3747//3747
f 395//395 4727//4727 1981//1981
f 3777//3777 3909//3909 3745//3745
f 4726//4726 2706//2706 1980//1980
f 394//394 4726//4726 1980//1980
f 4694//4694 5482//5482 1780//1780
f 555//555 1080//1080 2509//2509
f 555//555 2509//2509 2367//2367
f 709//709 727//727 2973//2973
f 3531//3531 411//411 2179//2179
f 3530//3530 410//410 2178//2178
f 5012//5012 1568//1568 832//832
f 708//708 726//726 2972//2972
f 557//557 1082//1082 2511//2511
f 557//557 2511//2511 2369//2369
f 310//310 5482//5482 2458//2458
f 1083//1083 554//554 2508//2508
f 2508//2508 554//554 2366//2366
f 5012//5012 832//832 1466//1466
f 5235//5235 3013//3013 2999//2999
f 775//775 2999//2999 3013//3013
f 2999//2999 775//775 815//815
f 5234//5234 3012//3012 2998//2998
f 693//693 4089//4089 2843//2843
f 774//774 2998//2998 3012//3012
f 692//692 4088//4088 2842//2842
f 2998//2998 774//774 814//814
f 3910//3910 3778//3778 3746//3746
f 3908//3908 3776//3776 3744//3744
f 5277//5277 2683//2683 326//326
f 1081//1081 556//556 2510//2510
f 3739//3739 5277//5277 326//326
f 5276//5276 2682//2682 324//324
f 2510//2510 556//556 2368//2368
f 3738//3738 5276//5276 324//324
f 2763//2763 4377//4377 1419//1419
f 2762//2762 4376//4376 1418//1418
f 3913//3913 2571//2571 1154//1154
f 1657//1657 3913//3913 1154//1154
f 3912//3912 2570//2570 1155//1155
f 1656//1656 3912//3912 1155//1155
f 3102//3102 2957//2957 2985//2985
f 82//82 3863//3863 81//81
f 3100//3100 2956//2956 2984//2984
f 3862//3862 174//174 175//175
f 174//174 3861//3861 175//175
f 3860//3860 82//82 81//81
f 4589//4589 965//965 1605//1605
f 4588//4588 964//964 1604//1604
f 361//361 365//365 2377//2377
f 5013//5013 1570//1570 834//834
f 5013//5013 834//834 1468//1468
f 364//364 360//360 2376//2376
f 3631//3631 1712//1712 4159//4159
f 4159//4159 1712//1712 909//909
f 359//359 363//363 2375//2375
f 3633//3633 1710//1710 4161//4161
f 4161//4161 1710//1710 911//911
f 362//362 358//358 2374//2374
f 3489//3489 1679//1679 1699//1699
f 3488//3488 1678//1678 1698//1698
f 1711//1711 3630//3630 4158//4158
f 1711//1711 4158//4158 908//908
f 585//585 1152//1152 1162//1162
f 584//584 1150//1150 1160//1160
f 283//283 26//26 25//25
f 284//284 230//230 231//231
f 3649//3649 1731//1731 1855//1855
f 3833//3833 1855//1855 1731//1731
f 3647//3647 1730//1730 1853//1853
f 3831//3831 1853//1853 1730//1730
f 3380//3380 470//470 2684//2684
f 3382//3382 472//472 2686//2686
f 4889//4889 3065//3065 3033//3033
f 4853//4853 3033//3033 3065//3065
f 4888//4888 3063//3063 3032//3032
f 4852//4852 3032//3032 3063//3063
f 1077//1077 2569//2569 2123//2123
f 599//599 2569//2569 1887//1887
f 4247//4247 1301//1301 3977//3977
f 4246//4246 1300//1300 3976//3976
f 1076//1076 2568//2568 2122//2122
f 598//598 2568//2568 1886//1886
f 1737//1737 3349//3349 1618//1618
f 866//866 1618//1618 3349//3349
f 1736//1736 3348//3348 1616//1616
f 864//864 1616//1616 3348//3348
f 967//967 2567//2567 2017//2017
f 971//971 2567//2567 1905//1905
f 966//966 2566//2566 2016//2016
f 970//970 2566//2566 1904//1904
f 4415//4415 3043//3043 1901//1901
f 1655//1655 4415//4415 1901//1901
f 3465//3465 401//401 4669//4669
f 3464//3464 400//400 4668//4668
f 4414//4414 3042//3042 1900//1900
f 1654//1654 4414//4414 1900//1900
f 2561//2561 1195//1195 233//233
f 2561//2561 233//233 234//234
f 1619//1619 867//867 5331//5331
f 2560//2560 1193//1193 23//23
f 2560//2560 23//23 22//22
f 1617//1617 865//865 5330//5330
f 595//595 2563//2563 2467//2467
f 895//895 2563//2563 2227//2227
f 5481//5481 566//566 364//364
f 5481//5481 1112//1112 603//603
f 3321//3321 1535//1535 3395//3395
f 2563//2563 895//895 2467//2467
f 1713//1713 3632//3632 4160//4160
f 1534//1534 3320//3320 3394//3394
f 2563//2563 595//595 2227//2227
f 1713//1713 4160//4160 910//910
f 3319//3319 1533//1533 3393//3393
f 594//594 2562//2562 2466//2466
f 816//816 5136//5136 2678//2678
f 1532//1532 3318//3318 3392//3392
f 894//894 2562//2562 2226//2226
f 2678//2678 5136//5136 750//750
f 2562//2562 894//894 2466//2466
f 1685//1685 5267//5267 2983//2983
f 2562//2562 594//594 2226//2226
f 1683//1683 5266//5266 2982//2982
f 5428//5428 2848//2848 1516//1516
f 5015//5015 4879//4879 2949//2949
f 63//63 2117//2117 62//62
f 5014//5014 4878//4878 2948//2948
f 77//77 1989//1989 76//76
f 3856//3856 5144//5144 3928//3928
f 3659//3659 1989//1989 77//77
f 1988//1988 179//179 180//180
f 573//573 570//570 1178//1178
f 1913//1913 1809//1809 943//943
f 570//570 1074//1074 1178//1178
f 572//572 568//568 1176//1176
f 2116//2116 193//193 194//194
f 568//568 1072//1072 1176//1176
f 1988//1988 3658//3658 179//179
f 1912//1912 1807//1807 941//941
f 179//179 1987//1987 180//180
f 5429//5429 2850//2850 1518//1518
f 3657//3657 1987//1987 179//179
f 1986//1986 77//77 76//76
f 193//193 2115//2115 194//194
f 2203//2203 549//549 1087//1087
f 1986//1986 3656//3656 77//77
f 553//553 2203//2203 1087//1087
f 943//943 2279//2279 953//953
f 2279//2279 943//943 4273//4273
f 3188//3188 5297//5297 3165//3165
f 3186//3186 5296//5296 3164//3164
f 2559//2559 531//531 2255//2255
f 957//957 5049//5049 943//943
f 2559//2559 703//703 2051//2051
f 2278//2278 942//942 952//952
f 942//942 2278//2278 4272//4272
f 548//548 2202//2202 1086//1086
f 2202//2202 552//552 1086//1086
f 2558//2558 530//530 2254//2254
f 5048//5048 956//956 942//942
f 2558//2558 702//702 2050//2050
f 941//941 2277//2277 951//951
f 2277//2277 941//941 4271//4271
f 2201//2201 547//547 1085//1085
f 551//551 2201//2201 1085//1085
f 546//546 2200//2200 1084//1084
f 955//955 5047//5047 941//941
f 2200//2200 550//550 1084//1084
f 2276//2276 940//940 950//950
f 940//940 2276//2276 4270//4270
f 3928//3928 5144//5144 2104//2104
f 2114//2114 63//63 62//62
f 309//309 2553//2553 2349//2349
f 5046//5046 954//954 940//940
f 1129//1129 2553//2553 1999//1999
f 2553//2553 1129//1129 2349//2349
f 707//707 1349//1349 1365//1365
f 308//308 2552//2552 2348//2348
f 1128//1128 2552//2552 1998//1998
f 706//706 1348//1348 1364//1364
f 2552//2552 1128//1128 2348//2348
f 4565//4565 407//407 4923//4923
f 3115//3115 4977//4977 3119//3119
f 3113//3113 4976//4976 3117//3117
f 4564//4564 404//404 4922//4922
f 1183//1183 2825//2825 2587//2587
f 1265//1265 1183//1183 2587//2587
f 1317//1317 5063//5063 4743//4743
f 2745//2745 1317//1317 4743//4743
f 1315//1315 5062//5062 4742//4742
f 2744//2744 1315//1315 4742//4742
f 5035//5035 3299//3299 4895//4895
f 4783//4783 3299//3299 5035//5035
f 663//663 4783//4783 5035//5035
f 301//301 2547//2547 2233//2233
f 5034//5034 3298//3298 4894//4894
f 4782//4782 3298//3298 5034//5034
f 662//662 4782//4782 5034//5034
f 1141//1141 2547//2547 2015//2015
f 310//310 4710//4710 2292//2292
f 4710//4710 2772//2772 2292//2292
f 311//311 4711//4711 2293//2293
f 4711//4711 2773//2773 2293//2293
f 817//817 5137//5137 2679//2679
f 2679//2679 5137//5137 751//751
f 2547//2547 1141//1141 2233//2233
f 1182//1182 2824//2824 2586//2586
f 300//300 2546//2546 2232//2232
f 1140//1140 2546//2546 2014//2014
f 3291//3291 3049//3049 5239//5239
f 5239//5239 5107//5107 3291//3291
f 2546//2546 1140//1140 2232//2232
f 3290//3290 3048//3048 5238//5238
f 5238//5238 5106//5106 3290//3290
f 1264//1264 1182//1182 2586//2586
f 1095//1095 2401//2401 2307//2307
f 2400//2400 1094//1094 2306//2306
f 1093//1093 2399//2399 2305//2305
f 2398//2398 1092//1092 2304//2304
f 2849//2849 5372//5372 1517//1517
f 1517//1517 5372//5372 1399//1399
f 4847//4847 3135//3135 1381//1381
f 4846//4846 3134//3134 1380//1380
f 72//72 3803//3803 71//71
f 3802//3802 184//184 185//185
f 184//184 3801//3801 185//185
f 3800//3800 72//72 71//71
f 2851//2851 5373//5373 1519//1519
f 1519//1519 5373//5373 1401//1401
f 2993//2993 1451//1451 1425//1425
f 2991//2991 1449//1449 1424//1424
f 2861//2861 4867//4867 2761//2761
f 2860//2860 4866//4866 2760//2760
f 297//297 4897//4897 295//295
f 296//296 4896//4896 294//294
f 2798//2798 4652//4652 133//133
f 2796//2796 4650//4650 123//123
f 4755//4755 1405//1405 3454//3454
f 4755//4755 3454//3454 686//686
f 3354//3354 742//742 740//740
f 2541//2541 406//406 2007//2007
f 2541//2541 731//731 1995//1995
f 3355//3355 743//743 741//741
f 1353//1353 4873//4873 459//459
f 2540//2540 405//405 2006//2006
f 2540//2540 730//730 1994//1994
f 1352//1352 4872//4872 458//458
f 618//618 4264//4264 1574//1574
f 619//619 4265//4265 1575//1575
f 2156//2156 57//57 56//56
f 199//199 2157//2157 200//200
f 2158//2158 199//199 200//200
f 57//57 2159//2159 56//56
f 3649//3649 1855//1855 4109//4109
f 1854//1854 3648//3648 4108//4108
f 3647//3647 1853//1853 4107//4107
f 1852//1852 3646//3646 4106//4106
f 389//389 2533//2533 2393//2393
f 1031//1031 2533//2533 2343//2343
f 2533//2533 1031//1031 2393//2393
f 2533//2533 389//389 2343//2343
f 388//388 2532//2532 2392//2392
f 1030//1030 2532//2532 2342//2342
f 1112//1112 5481//5481 364//364
f 2532//2532 1030//1030 2392//2392
f 566//566 5481//5481 603//603
f 2532//2532 388//388 2342//2342
f 2857//2857 5011//5011 4965//4965
f 4965//4965 5011//5011 2813//2813
f 4757//4757 1407//1407 3455//3455
f 4757//4757 3455//3455 687//687
f 3461//3461 843//843 799//799
f 3460//3460 841//841 797//797
f 5123//5123 2911//2911 315//315
f 3082//3082 4904//4904 3552//3552
f 3552//3552 4904//4904 774//774
f 3083//3083 4905//4905 3553//3553
f 5122//5122 2909//2909 313//313
f 5043//5043 3241//3241 846//846
f 1498//1498 3166//3166 3082//3082
f 3553//3553 4905//4905 775//775
f 4904//4904 3082//3082 3166//3166
f 1396//1396 1488//1488 4778//4778
f 1499//1499 3167//3167 3083//3083
f 1394//1394 1486//1486 4776//4776
f 1489//1489 1397//1397 4779//4779
f 1487//1487 1395//1395 4777//4777
f 4905//4905 3083//3083 3167//3167
f 5042//5042 3240//3240 847//847
f 209//209 2449//2449 210//210
f 47//47 2451//2451 46//46
f 2448//2448 47//47 46//46
f 2450//2450 209//209 210//210
f 595//595 2525//2525 2433//2433
f 929//929 2525//2525 2241//2241
f 2525//2525 929//929 2433//2433
f 2525//2525 595//595 2241//2241
f 3596//3596 1272//1272 1588//1588
f 594//594 2524//2524 2432//2432
f 3597//3597 1273//1273 1589//1589
f 928//928 2524//2524 2240//2240
f 2524//2524 928//928 2432//2432
f 2524//2524 594//594 2240//2240
f 1615//1615 866//866 3349//3349
f 1615//1615 1662//1662 866//866
f 1614//1614 864//864 3348//3348
f 1075//1075 571//571 1179//1179
f 571//571 2565//2565 1179//1179
f 1614//1614 1660//1660 864//864
f 1073//1073 569//569 1177//1177
f 569//569 2564//2564 1177//1177
f 2523//2523 643//643 2187//2187
f 2522//2522 642//642 2186//2186
f 3778//3778 5214//5214 3512//3512
f 5117//5117 2989//2989 4279//4279
f 723//723 5117//5117 4279//4279
f 3776//3776 5212//5212 3510//3510
f 2521//2521 595//595 2433//2433
f 2521//2521 1135//1135 2227//2227
f 5215//5215 3779//3779 3513//3513
f 1135//1135 2521//2521 2433//2433
f 4023//4023 3999//3999 3953//3953
f 4850//4850 4624//4624 4706//4706
f 3998//3998 4022//4022 3952//3952
f 5213//5213 3777//3777 3511//3511
f 4021//4021 3997//3997 3951//3951
f 595//595 2521//2521 2227//2227
f 3996//3996 4020//4020 3950//3950
f 4851//4851 4625//4625 4707//4707
f 2520//2520 594//594 2432//2432
f 2947//2947 3075//3075 1369//1369
f 1653//1653 654//654 3478//3478
f 2520//2520 1134//1134 2226//2226
f 2946//2946 3074//3074 1368//1368
f 1652//1652 655//655 3479//3479
f 3088//3088 466//466 5222//5222
f 1134//1134 2520//2520 2432//2432
f 3088//3088 5222//5222 448//448
f 594//594 2520//2520 2226//2226
f 104//104 5360//5360 464//464
f 104//104 464//464 1624//1624
f 1990//1990 718//718 3038//3038
f 2012//2012 1990//1990 3038//3038
f 1991//1991 719//719 3039//3039
f 2013//2013 1991//1991 3039//3039
f 5116//5116 2988//2988 4278//4278
f 722//722 5116//5116 4278//4278
f 5109//5109 999//999 2391//2391
f 5109//5109 2331//2331 2345//2345
f 2331//2331 5109//5109 2391//2391
f 999//999 5109//5109 2345//2345
f 1029//1029 2517//2517 2317//2317
f 1109//1109 2517//2517 2275//2275
f 2517//2517 1109//1109 2317//2317
f 5108//5108 998//998 2390//2390
f 4775//4775 2917//2917 2775//2775
f 5152//5152 1148//1148 3844//3844
f 4767//4767 2775//2775 2917//2917
f 4206//4206 5152//5152 3844//3844
f 5153//5153 1149//1149 3845//3845
f 4207//4207 5153//5153 3845//3845
f 4774//4774 2916//2916 2774//2774
f 4766//4766 2774//2774 2916//2916
f 1238//1238 4028//4028 4242//4242
f 1239//1239 4029//4029 4243//4243
f 1028//1028 2516//2516 2316//2316
f 1108//1108 2516//2516 2274//2274
f 2516//2516 1108//1108 2316//2316
f 5108//5108 2330//2330 2344//2344
f 4564//4564 2710//2710 4206//4206
f 2330//2330 5108//5108 2390//2390
f 998//998 5108//5108 2344//2344
f 4565//4565 2711//2711 4207//4207
f 152//152 5362//5362 465//465
f 152//152 465//465 1626//1626
f 4587//4587 1321//1321 1225//1225
f 4586//4586 1320//1320 1224//1224
f 4933//4933 3609//3609 1215//1215
f 3907//3907 1215//1215 3609//3609
f 1775//1775 2013//2013 1403//1403
f 441//441 1775//1775 1403//1403
f 1774//1774 2012//2012 1402//1402
f 440//440 1774//1774 1402//1402
f 4932//4932 3608//3608 1214//1214
f 3906//3906 1214//1214 3608//3608
f 5091//5091 1591//1591 3937//3937
f 5091//5091 3325//3325 2255//2255
f 3565//3565 3337//3337 855//855
f 3325//3325 5091//5091 3937//3937
f 1591//1591 5091//5091 2255//2255
f 3563//3563 3336//3336 853//853
f 5090//5090 1590//1590 3936//3936
f 5090//5090 3324//3324 2254//2254
f 3324//3324 5090//5090 3936//3936
f 1590//1590 5090//5090 2254//2254
f 1555//1555 5077//5077 1961//1961
f 5077//5077 1555//1555 2635//2635
f 1554//1554 5076//5076 1960//1960
f 5076//5076 1554//1554 2634//2634
f 937//937 2513//2513 1961//1961
f 936//936 2512//2512 1960//1960
f 5067//5067 1639//1639 4307//4307
f 5067//5067 3727//3727 1291//1291
f 3727//3727 5067//5067 4307//4307
f 1639//1639 5067//5067 1291//1291
f 5066//5066 1638//1638 4306//4306
f 5066//5066 3726//3726 1290//1290
f 3726//3726 5066//5066 4306//4306
f 1638//1638 5066//5066 1290//1290
f 643//643 5057//5057 4671//4671
f 2373//2373 3809//3809 679//679
f 4417//4417 4795//4795 2577//2577
f 3809//3809 1363//1363 679//679
f 4459//4459 5057//5057 2523//2523
f 2372//2372 3808//3808 678//678
f 4416//4416 4794//4794 2576//2576
f 3808//3808 1362//1362 678//678
f 5057//5057 4459//4459 4671//4671
f 5057//5057 643//643 2523//2523
f 642//642 5056//5056 4670//4670
f 4458//4458 5056//5056 2522//2522
f 1130//1130 590//590 279//279
f 279//279 1092//1092 1130//1130
f 3781//3781 647//647 1239//1239
f 647//647 3781//3781 1909//1909
f 3780//3780 646//646 1238//1238
f 646//646 3780//3780 1908//1908
f 591//591 1131//1131 280//280
f 1093//1093 280//280 1131//1131
f 1132//1132 592//592 281//281
f 281//281 1094//1094 1132//1132
f 593//593 1133//1133 282//282
f 1095//1095 282//282 1133//1133
f 5056//5056 4458//4458 4670//4670
f 5056//5056 642//642 2522//2522
f 5053//5053 3391//3391 893//893
f 1215//1215 5053//5053 893//893
f 5052//5052 3390//3390 892//892
f 1214//1214 5052//5052 892//892
f 1293//1293 5045//5045 4949//4949
f 2137//2137 5045//5045 973//973
f 2507//2507 389//389 2319//2319
f 2507//2507 919//919 2165//2165
f 5045//5045 2137//2137 4949//4949
f 5045//5045 1293//1293 973//973
f 2506//2506 388//388 2318//2318
f 2506//2506 918//918 2164//2164
f 1292//1292 5044//5044 4948//4948
f 2136//2136 5044//5044 972//972
f 5044//5044 2136//2136 4948//4948
f 5044//5044 1292//1292 972//972
f 3241//3241 5043//5043 1999//1999
f 5043//5043 1583//1583 1999//1999
f 3240//3240 5042//5042 1998//1998
f 5042//5042 1582//1582 1998//1998
f 1281//1281 5017//5017 3695//3695
f 5017//5017 1281//1281 2091//2091
f 691//691 4723//4723 4429//4429
f 690//690 4722//4722 4428//4428
f 1280//1280 5016//5016 3694//3694
f 5016//5016 1280//1280 2090//2090
f 5029//5029 417//417 4045//4045
f 5028//5028 416//416 4044//4044
f 4945//4945 3539//3539 1413//1413
f 4945//4945 1791//1791 3539//3539
f 4944//4944 3538//3538 1412//1412
f 4944//4944 1790//1790 3538//3538
f 4999//4999 3763//3763 1221//1221
f 4998//4998 3762//3762 1220//1220
f 2953//2953 4989//4989 3673//3673
f 3089//3089 467//467 5223//5223
f 4989//4989 1347//1347 3673//3673
f 2952//2952 4988//4988 3672//3672
f 1965//1965 3813//3813 987//987
f 3812//3812 1964//1964 986//986
f 1963//1963 3811//3811 985//985
f 3810//3810 1962//1962 984//984
f 4988//4988 1346//1346 3672//3672
f 3089//3089 5223//5223 449//449
f 106//106 3949//3949 105//105
f 3948//3948 150//150 151//151
f 4987//4987 681//681 4885//4885
f 2764//2764 4654//4654 5228//5228
f 4987//4987 3701//3701 2519//2519
f 150//150 3947//3947 151//151
f 3946//3946 106//106 105//105
f 5228//5228 4654//4654 2668//2668
f 3701//3701 4987//4987 4885//4885
f 681//681 4987//4987 2519//2519
f 2615//2615 3417//3417 455//455
f 3417//3417 1197//1197 455//455
f 4986//4986 680//680 4884//4884
f 1706//1706 837//837 1750//1750
f 4986//4986 3700//3700 2518//2518
f 2614//2614 3416//3416 454//454
f 3416//3416 1196//1196 454//454
f 3700//3700 4986//4986 4884//4884
f 680//680 4986//4986 2518//2518
f 1832//1832 171//171 5374//5374
f 5374//5374 171//171 170//170
f 1833//1833 85//85 5375//5375
f 5064//5064 430//430 436//436
f 326//326 3118//3118 1978//1978
f 5065//5065 431//431 437//437
f 5375//5375 85//85 86//86
f 5122//5122 5272//5272 1325//1325
f 1325//1325 5272//5272 2834//2834
f 4975//4975 651//651 3419//3419
f 324//324 3116//3116 1976//1976
f 4974//4974 650//650 3418//3418
f 2209//2209 4739//4739 2627//2627
f 4739//4739 2209//2209 4307//4307
f 1704//1704 836//836 1748//1748
f 1786//1786 5138//5138 1920//1920
f 2208//2208 4738//4738 2626//2626
f 5139//5139 1787//1787 1921//1921
f 4738//4738 2208//2208 4306//4306
f 1788//1788 5140//5140 1922//1922
f 5141//5141 1789//1789 1923//1923
f 84//84 4973//4973 83//83
f 4972//4972 172//172 173//173
f 172//172 4971//4971 173//173
f 4970//4970 84//84 83//83
f 1370//1370 2877//2877 682//682
f 1370//1370 682//682 2834//2834
f 1673//1673 4963//4963 4485//4485
f 3061//3061 4963//4963 2003//2003
f 4963//4963 3061//3061 4485//4485
f 4963//4963 1673//1673 2003//2003
f 1672//1672 4962//4962 4484//4484
f 3060//3060 4962//4962 2002//2002
f 2807//2807 2863//2863 5005//5005
f 2863//2863 4895//4895 5005//5005
f 2806//2806 2862//2862 5004//5004
f 2862//2862 4894//4894 5004//5004
f 4962//4962 3060//3060 4484//4484
f 4962//4962 1672//1672 2002//2002
f 937//937 4959//4959 4127//4127
f 3023//3023 4959//4959 3639//3639
f 4959//4959 3023//3023 4127//4127
f 4959//4959 937//937 3639//3639
f 936//936 4958//4958 4126//4126
f 3022//3022 4958//4958 3638//3638
f 4377//4377 429//429 1351//1351
f 4376//4376 428//428 1350//1350
f 42//42 2499//2499 41//41
f 2498//2498 214//214 215//215
f 214//214 2497//2497 215//215
f 52//52 5259//5259 51//51
f 2496//2496 42//42 41//41
f 4958//4958 3022//3022 4126//4126
f 4958//4958 936//936 3638//3638
f 3921//3921 1491//1491 1453//1453
f 3921//3921 2647//2647 1491//1491
f 1587//1587 4951//4951 3701//3701
f 3920//3920 1490//1490 1452//1452
f 3920//3920 2646//2646 1490//1490
f 3847//3847 4951//4951 1613//1613
f 204//204 5258//5258 205//205
f 4951//4951 3847//3847 3701//3701
f 4951//4951 1587//1587 1613//1613
f 2814//2814 1610//1610 1512//1512
f 5261//5261 204//204 205//205
f 1586//1586 4950//4950 3700//3700
f 3846//3846 4950//4950 1612//1612
f 2815//2815 1611//1611 1514//1514
f 5260//5260 52//52 51//51
f 4950//4950 3846//3846 3700//3700
f 4950//4950 1586//1586 1612//1612
f 3413//3413 4949//4949 2137//2137
f 4211//4211 1906//1906 409//409
f 4949//4949 3413//3413 1260//1260
f 4210//4210 1907//1907 408//408
f 3412//3412 4948//4948 2136//2136
f 4948//4948 3412//3412 1261//1261
f 5203//5203 1211//1211 4625//4625
f 4943//4943 657//657 4601//4601
f 2821//2821 4943//4943 4601//4601
f 5202//5202 1210//1210 4624//4624
f 4942//4942 656//656 4600//4600
f 660//660 1283//1283 3835//3835
f 2820//2820 4942//4942 4600//4600
f 2//2 4941//4941 289//289
f 4941//4941 2545//2545 289//289
f 5123//5123 5273//5273 1324//1324
f 658//658 1282//1282 3834//3834
f 5327//5327 3443//3443 89//89
f 89//89 3443//3443 88//88
f 1324//1324 5273//5273 2835//2835
f 3442//3442 5326//5326 167//167
f 3442//3442 167//167 168//168
f 1371//1371 2879//2879 683//683
f 5325//5325 3441//3441 167//167
f 167//167 3441//3441 168//168
f 1371//1371 683//683 2835//2835
f 3440//3440 5324//5324 89//89
f 3440//3440 89//89 88//88
f 1427//1427 765//765 146//146
f 146//146 765//765 1377//1377
f 4941//4941 2//2 3//3
f 17//17 4940//4940 287//287
f 2493//2493 531//531 2239//2239
f 4940//4940 2543//2543 287//287
f 2492//2492 530//530 2238//2238
f 1699//1699 334//334 3497//3497
f 1699//1699 1679//1679 334//334
f 4940//4940 17//17 16//16
f 1698//1698 332//332 3496//3496
f 1698//1698 1678//1678 332//332
f 4939//4939 2961//2961 2055//2055
f 1435//1435 4939//4939 2055//2055
f 4938//4938 2960//2960 2054//2054
f 1434//1434 4938//4938 2054//2054
f 1757//1757 4937//4937 1621//1621
f 1756//1756 4936//4936 1620//1620
f 1267//1267 4931//4931 1221//1221
f 1266//1266 4930//4930 1220//1220
f 301//301 4921//4921 2469//2469
f 4921//4921 2961//2961 2469//2469
f 300//300 4920//4920 2468//2468
f 4920//4920 2960//2960 2468//2468
f 4965//4965 2813//2813 655//655
f 1429//1429 767//767 110//110
f 4919//4919 17//17 288//288
f 2544//2544 4919//4919 288//288
f 17//17 4919//4919 16//16
f 4964//4964 2812//2812 654//654
f 110//110 767//767 1379//1379
f 4918//4918 2//2 286//286
f 3546//3546 2718//2718 294//294
f 1751//1751 1707//1707 507//507
f 3547//3547 2719//2719 295//295
f 2542//2542 4918//4918 286//286
f 2//2 4918//4918 3//3
f 1706//1706 1750//1750 506//506
f 1031//1031 4911//4911 4427//4427
f 4911//4911 3761//3761 4427//4427
f 764//764 1426//1426 110//110
f 1749//1749 1705//1705 505//505
f 4911//4911 1031//1031 1589//1589
f 764//764 110//110 1376//1376
f 1030//1030 4910//4910 4426//4426
f 1704//1704 1748//1748 504//504
f 4910//4910 3760//3760 4426//4426
f 4910//4910 1030//1030 1588//1588
f 4907//4907 2655//2655 1311//1311
f 4906//4906 2654//2654 1310//1310
f 1005//1005 2491//2491 1947//1947
f 983//983 2491//2491 1927//1927
f 1004//1004 2490//2490 1946//1946
f 982//982 2490//2490 1926//1926
f 766//766 1428//1428 146//146
f 727//727 3853//3853 1361//1361
f 766//766 146//146 1378//1378
f 3501//3501 5015//5015 5003//5003
f 726//726 3852//3852 1360//1360
f 3501//3501 5003//5003 4835//4835
f 3500//3500 5014//5014 5002//5002
f 3500//3500 5002//5002 4834//4834
f 1364//1364 1348//1348 2782//2782
f 1348//1348 2758//2758 2782//2782
f 3058//3058 4929//4929 1524//1524
f 1365//1365 1349//1349 2783//2783
f 1710//1710 3842//3842 486//486
f 3056//3056 4928//4928 1522//1522
f 1349//1349 2759//2759 2783//2783
f 1710//1710 486//486 3640//3640
f 4885//4885 3151//3151 3701//3701
f 4884//4884 3150//3150 3700//3700
f 425//425 2489//2489 1941//1941
f 4883//4883 1249//1249 4715//4715
f 424//424 2488//2488 1940//1940
f 4883//4883 1555//1555 4055//4055
f 1555//1555 4883//4883 4715//4715
f 1249//1249 4883//4883 4055//4055
f 4882//4882 1248//1248 4714//4714
f 4882//4882 1554//1554 4054//4054
f 1554//1554 4882//4882 4714//4714
f 1248//1248 4882//4882 4054//4054
f 4881//4881 1307//1307 3845//3845
f 1307//1307 4881//4881 1949//1949
f 4880//4880 1306//1306 3844//3844
f 1306//1306 4880//4880 1948//1948
f 4877//4877 2805//2805 1887//1887
f 2805//2805 4877//4877 3561//3561
f 1261//1261 4877//4877 1887//1887
f 4876//4876 2804//2804 1886//1886
f 2915//2915 2883//2883 2811//2811
f 2914//2914 2881//2881 2809//2809
f 3513//3513 3699//3699 1645//1645
f 2804//2804 4876//4876 3560//3560
f 1260//1260 4876//4876 1886//1886
f 3511//3511 3697//3697 1643//1643
f 4875//4875 2841//2841 1419//1419
f 1455//1455 4875//4875 1419//1419
f 541//541 2089//2089 2117//2117
f 1644//1644 837//837 3388//3388
f 2117//2117 1043//1043 541//541
f 540//540 2088//2088 2115//2115
f 3698//3698 3512//3512 1644//1644
f 2115//2115 1041//1041 540//540
f 3512//3512 837//837 1644//1644
f 1642//1642 836//836 3386//3386
f 3696//3696 3510//3510 1642//1642
f 3510//3510 836//836 1642//1642
f 4874//4874 2840//2840 1418//1418
f 1454//1454 4874//4874 1418//1418
f 85//85 4871//4871 84//84
f 1712//1712 3843//3843 488//488
f 4870//4870 171//171 172//172
f 3821//3821 3689//3689 3723//3723
f 1712//1712 488//488 3642//3642
f 171//171 4869//4869 172//172
f 3819//3819 3687//3687 3721//3721
f 3446//3446 3054//3054 1630//1630
f 4868//4868 85//85 84//84
f 3446//3446 1630//1630 1600//1600
f 3688//3688 3820//3820 3722//3722
f 1372//1372 2898//2898 4622//4622
f 1939//1939 4663//4663 4409//4409
f 2643//2643 4663//4663 1939//1939
f 4663//4663 439//439 4409//4409
f 1938//1938 4662//4662 4408//4408
f 2642//2642 4662//4662 1938//1938
f 4662//4662 438//438 4408//4408
f 1373//1373 2899//2899 4623//4623
f 4865//4865 723//723 4439//4439
f 3686//3686 3818//3818 3720//3720
f 2969//2969 4865//4865 4439//4439
f 4759//4759 3973//3973 4047//4047
f 4758//4758 3972//3972 4046//4046
f 4864//4864 722//722 4438//4438
f 2968//2968 4864//4864 4438//4438
f 2485//2485 973//973 2141//2141
f 2485//2485 1059//1059 2051//2051
f 1059//1059 2485//2485 2141//2141
f 4643//4643 1219//1219 1321//1321
f 2484//2484 972//972 2140//2140
f 2484//2484 1058//1058 2050//2050
f 1058//1058 2484//2484 2140//2140
f 1219//1219 1225//1225 1321//1321
f 4642//4642 1218//1218 1320//1320
f 1218//1218 1224//1224 1320//1320
f 2729//2729 4859//4859 4163//4163
f 4859//4859 1289//1289 4163//4163
f 2728//2728 4858//4858 4162//4162
f 4858//4858 1288//1288 4162//4162
f 2649//2649 4855//4855 2613//2613
f 2648//2648 4854//4854 2612//2612
f 2483//2483 579//579 2167//2167
f 2483//2483 657//657 2143//2143
f 2482//2482 578//578 2166//2166
f 2482//2482 656//656 2142//2142
f 3448//3448 3055//3055 1632//1632
f 3448//3448 1632//1632 1602//1602
f 4849//4849 2805//2805 2503//2503
f 2805//2805 4849//4849 3111//3111
f 681//681 4849//4849 2503//2503
f 4848//4848 2804//2804 2502//2502
f 2804//2804 4848//4848 3110//3110
f 2892//2892 2874//2874 138//138
f 4340//4340 2037//2037 349//349
f 2874//2874 137//137 138//138
f 680//680 4848//4848 2502//2502
f 349//349 4476//4476 4340//4340
f 4338//4338 2036//2036 348//348
f 4//4 2479//2479 3//3
f 2478//2478 15//15 16//16
f 348//348 4474//4474 4338//4338
f 2765//2765 4655//4655 5229//5229
f 2890//2890 2872//2872 118//118
f 1101//1101 2307//2307 567//567
f 5229//5229 4655//4655 2669//2669
f 2872//2872 119//119 118//118
f 2306//2306 1100//1100 566//566
f 15//15 2477//2477 16//16
f 2476//2476 4//4 3//3
f 1099//1099 2305//2305 565//565
f 2875//2875 2893//2893 118//118
f 119//119 2875//2875 118//118
f 2755//2755 4839//4839 1165//1165
f 2304//2304 1098//1098 564//564
f 2754//2754 4838//4838 1164//1164
f 2873//2873 2891//2891 138//138
f 137//137 2873//2873 138//138
f 741//741 4829//4829 3781//3781
f 2703//2703 4829//4829 743//743
f 4829//4829 2703//2703 3781//3781
f 803//803 3245//3245 495//495
f 4829//4829 741//741 743//743
f 3244//3244 802//802 494//494
f 1607//1607 601//601 3533//3533
f 1606//1606 600//600 3532//3532
f 740//740 4828//4828 3780//3780
f 1245//1245 1257//1257 2753//2753
f 2702//2702 4828//4828 742//742
f 801//801 3243//3243 493//493
f 4828//4828 2702//2702 3780//3780
f 1244//1244 1256//1256 2752//2752
f 4828//4828 740//740 742//742
f 3242//3242 800//800 492//492
f 1688//1688 93//93 92//92
f 3480//3480 1688//1688 92//92
f 163//163 1689//1689 164//164
f 1689//1689 3481//3481 164//164
f 1690//1690 163//163 164//164
f 3482//3482 1690//1690 164//164
f 93//93 1691//1691 92//92
f 4827//4827 7//7 8//8
f 1691//1691 3483//3483 92//92
f 5162//5162 4650//4650 4932//4932
f 3391//3391 5053//5053 3907//3907
f 3907//3907 2607//2607 3391//3391
f 5053//5053 1215//1215 3907//3907
f 3390//3390 5052//5052 3906//3906
f 3906//3906 2606//2606 3390//3390
f 5052//5052 1214//1214 3906//3906
f 4825//4825 12//12 11//11
f 3711//3711 3680//3680 1763//1763
f 406//406 4823//4823 2007//2007
f 2827//2827 4823//4823 2273//2273
f 4823//4823 2827//2827 2007//2007
f 1221//1221 4901//4901 5151//5151
f 5151//5151 4999//4999 1221//1221
f 405//405 4822//4822 2006//2006
f 1220//1220 4900//4900 5150//5150
f 5150//5150 4998//4998 1220//1220
f 3225//3225 3249//3249 1595//1595
f 3248//3248 3224//3224 1594//1594
f 3223//3223 3247//3247 1593//1593
f 3246//3246 3222//3222 1592//1592
f 4108//4108 1828//1828 3944//3944
f 4106//4106 1826//1826 3942//3942
f 4813//4813 4643//4643 2885//2885
f 1321//1321 2885//2885 4643//4643
f 1829//1829 4109//4109 3945//3945
f 1827//1827 4107//4107 3943//3943
f 4812//4812 4642//4642 2884//2884
f 1320//1320 2884//2884 4642//4642
f 2826//2826 4822//4822 2272//2272
f 3358//3358 491//491 3509//3509
f 4822//4822 2826//2826 2006//2006
f 3509//3509 491//491 2734//2734
f 3925//3925 3399//3399 1669//1669
f 3398//3398 3924//3924 1668//1668
f 3356//3356 490//490 3508//3508
f 3923//3923 3397//3397 1667//1667
f 3396//3396 3922//3922 1666//1666
f 3508//3508 490//490 2732//2732
f 3575//3575 431//431 2923//2923
f 1287//1287 4821//4821 2025//2025
f 1286//1286 4820//4820 2024//2024
f 3574//3574 430//430 2922//2922
f 4817//4817 2705//2705 1639//1639
f 1291//1291 4817//4817 1639//1639
f 2475//2475 1023//1023 2163//2163
f 2475//2475 1061//1061 2067//2067
f 1061//1061 2475//2475 2163//2163
f 3393//3393 3588//3588 501//501
f 2474//2474 1022//1022 2162//2162
f 2474//2474 1060//1060 2066//2066
f 1060//1060 2474//2474 2162//2162
f 4816//4816 2704//2704 1638//1638
f 2473//2473 309//309 2349//2349
f 3393//3393 501//501 3319//3319
f 2013//2013 3039//3039 3355//3355
f 1403//1403 2013//2013 3355//3355
f 2012//2012 3038//3038 3354//3354
f 1402//1402 2012//2012 3354//3354
f 2473//2473 945//945 2121//2121
f 1290//1290 4816//4816 1638//1638
f 5162//5162 4932//4932 2764//2764
f 2472//2472 308//308 2348//2348
f 463//463 2921//2921 1461//1461
f 2920//2920 462//462 1460//1460
f 461//461 2919//2919 1459//1459
f 2918//2918 460//460 1458//1458
f 2472//2472 944//944 2120//2120
f 3713//3713 3681//3681 1765//1765
f 2792//2792 2778//2778 420//420
f 4110//4110 1566//1566 5394//5394
f 2793//2793 2779//2779 422//422
f 2758//2758 2752//2752 2720//2720
f 5394//5394 1566//1566 3556//3556
f 2759//2759 2753//2753 2721//2721
f 485//485 4811//4811 2423//2423
f 4112//4112 1567//1567 5395//5395
f 2747//2747 4811//4811 3913//3913
f 5395//5395 1567//1567 3558//3558
f 4811//4811 2747//2747 2423//2423
f 3395//3395 3589//3589 503//503
f 4811//4811 485//485 3913//3913
f 5121//5121 2745//2745 4743//4743
f 3395//3395 503//503 3321//3321
f 5322//5322 3864//3864 864//864
f 5120//5120 2744//2744 4742//4742
f 5322//5322 864//864 2038//2038
f 5323//5323 3866//3866 866//866
f 1043//1043 5211//5211 991//991
f 484//484 4810//4810 2422//2422
f 541//541 1043//1043 991//991
f 2746//2746 4810//4810 3912//3912
f 1041//1041 5210//5210 990//990
f 4810//4810 2746//2746 2422//2422
f 540//540 1041//1041 990//990
f 4810//4810 484//484 3912//3912
f 573//573 1119//1119 4554//4554
f 5323//5323 866//866 2039//2039
f 572//572 1118//1118 4552//4552
f 2471//2471 417//417 2085//2085
f 2908//2908 2970//2970 312//312
f 2471//2471 839//839 1983//1983
f 2910//2910 2971//2971 314//314
f 2729//2729 4807//4807 4079//4079
f 2760//2760 4866//4866 3848//3848
f 4807//4807 301//301 4079//4079
f 5232//5232 5018//5018 3044//3044
f 2470//2470 416//416 2084//2084
f 2470//2470 838//838 1982//1982
f 2728//2728 4806//4806 4078//4078
f 3848//3848 4866//4866 1336//1336
f 5233//5233 5020//5020 3046//3046
f 4806//4806 300//300 4078//4078
f 2967//2967 859//859 3403//3403
f 301//301 2469//2469 2371//2371
f 1023//1023 2469//2469 2163//2163
f 2965//2965 857//857 3402//3402
f 2469//2469 1023//1023 2371//2371
f 4805//4805 2627//2627 2631//2631
f 300//300 2468//2468 2370//2370
f 1022//1022 2468//2468 2162//2162
f 2468//2468 1022//1022 2370//2370
f 4804//4804 2626//2626 2630//2630
f 4803//4803 509//509 2395//2395
f 4803//4803 2943//2943 3987//3987
f 2761//2761 4867//4867 3849//3849
f 863//863 3911//3911 3779//3779
f 3849//3849 4867//4867 1337//1337
f 2737//2737 1395//1395 5031//5031
f 2943//2943 4803//4803 2395//2395
f 509//509 4803//4803 3987//3987
f 3910//3910 862//862 3778//3778
f 5031//5031 1395//1395 1487//1487
f 4802//4802 508//508 2394//2394
f 4802//4802 2942//2942 3986//3986
f 2942//2942 4802//4802 2394//2394
f 861//861 3909//3909 3777//3777
f 508//508 4802//4802 3986//3986
f 4710//4710 310//310 1628//1628
f 2658//2658 4710//4710 1628//1628
f 4711//4711 311//311 1629//1629
f 3908//3908 860//860 3776//3776
f 2659//2659 4711//4711 1629//1629
f 2583//2583 4801//4801 4629//4629
f 2846//2846 2830//2830 136//136
f 472//472 3815//3815 3165//3165
f 2739//2739 1397//1397 5033//5033
f 4479//4479 4801//4801 2447//2447
f 2844//2844 2828//2828 120//120
f 5033//5033 1397//1397 1489//1489
f 1553//1553 795//795 3277//3277
f 4801//4801 4479//4479 4629//4629
f 709//709 3853//3853 727//727
f 470//470 3814//3814 3164//3164
f 1552//1552 794//794 3275//3275
f 708//708 3852//3852 726//726
f 2582//2582 4800//4800 4628//4628
f 2831//2831 2847//2847 120//120
f 121//121 2831//2831 120//120
f 2829//2829 2845//2845 136//136
f 135//135 2829//2829 136//136
f 4478//4478 4800//4800 2446//2446
f 4800//4800 4478//4478 4628//4628
f 4799//4799 1291//1291 3725//3725
f 1291//1291 4799//4799 1767//1767
f 322//322 4111//4111 5366//5366
f 322//322 5366//5366 3557//3557
f 323//323 4113//4113 5367//5367
f 323//323 5367//5367 3559//3559
f 4798//4798 1290//1290 3724//3724
f 1290//1290 4798//4798 1766//1766
f 4797//4797 427//427 1943//1943
f 2843//2843 4797//4797 1943//1943
f 4796//4796 426//426 1942//1942
f 2842//2842 4796//4796 1942//1942
f 4793//4793 2889//2889 4293//4293
f 2889//2889 4793//4793 3227//3227
f 685//685 4793//4793 4293//4293
f 4792//4792 2888//2888 4292//4292
f 2888//2888 4792//4792 3226//3226
f 684//684 4792//4792 4292//4292
f 2970//2970 4814//4814 312//312
f 3232//3232 818//818 824//824
f 824//824 2938//2938 3232//3232
f 3497//3497 334//334 3378//3378
f 312//312 4814//4814 694//694
f 3496//3496 332//332 3376//3376
f 819//819 3233//3233 825//825
f 2939//2939 825//825 3233//3233
f 2971//2971 4815//4815 314//314
f 3234//3234 820//820 826//826
f 826//826 2940//2940 3234//3234
f 314//314 4815//4815 695//695
f 821//821 3235//3235 827//827
f 2941//2941 827//827 3235//3235
f 1722//1722 3458//3458 330//330
f 112//112 4791//4791 111//111
f 1723//1723 3459//3459 331//331
f 4790//4790 144//144 145//145
f 144//144 4789//4789 145//145
f 4788//4788 112//112 111//111
f 4787//4787 2677//2677 1549//1549
f 1287//1287 4787//4787 1549//1549
f 4981//4981 3025//3025 1406//1406
f 4075//4075 897//897 3361//3361
f 118//118 2893//2893 117//117
f 2892//2892 138//138 139//139
f 138//138 2891//2891 139//139
f 2890//2890 118//118 117//117
f 4980//4980 3024//3024 1404//1404
f 2463//2463 579//579 2281//2281
f 2463//2463 889//889 2067//2067
f 889//889 2463//2463 2281//2281
f 2462//2462 578//578 2280//2280
f 2462//2462 888//888 2066//2066
f 888//888 2462//2462 2280//2280
f 4074//4074 896//896 3360//3360
f 4786//4786 2676//2676 1548//1548
f 2765//2765 5229//5229 132//132
f 132//132 5163//5163 2765//2765
f 1286//1286 4786//4786 1548//1548
f 2764//2764 5228//5228 124//124
f 124//124 5162//5162 2764//2764
f 1237//1237 4785//4785 4045//4045
f 2637//2637 4785//4785 2583//2583
f 4785//4785 2637//2637 4045//4045
f 1236//1236 4784//4784 4044//4044
f 2636//2636 4784//4784 2582//2582
f 4784//4784 2636//2636 4044//4044
f 4221//4221 4781//4781 1237//1237
f 4781//4781 4221//4221 4621//4621
f 4220//4220 4780//4780 1236//1236
f 4780//4780 4220//4220 4620//4620
f 114//114 4779//4779 113//113
f 306//306 4740//4740 1958//1958
f 4740//4740 2632//2632 2292//2292
f 4778//4778 142//142 143//143
f 1958//1958 4740//4740 2292//2292
f 307//307 4741//4741 1959//1959
f 142//142 4777//4777 143//143
f 4741//4741 2633//2633 2293//2293
f 1959//1959 4741//4741 2293//2293
f 4776//4776 114//114 113//113
f 2715//2715 4771//4771 3173//3173
f 2714//2714 4770//4770 3172//3172
f 4767//4767 1331//1331 3263//3263
f 2775//2775 4767//4767 3263//3263
f 4766//4766 1330//1330 3262//3262
f 2774//2774 4766//4766 3262//3262
f 5163//5163 4652//4652 4933//4933
f 1398//1398 780//780 1420//1420
f 299//299 4763//4763 4631//4631
f 4763//4763 2699//2699 4631//4631
f 298//298 4762//4762 4630//4630
f 4762//4762 2698//2698 4630//4630
f 1243//1243 4753//4753 4349//4349
f 2615//2615 4753//4753 2597//2597
f 2461//2461 757//757 2021//2021
f 2461//2461 299//299 1915//1915
f 1242//1242 4752//4752 4348//4348
f 2614//2614 4752//4752 2596//2596
f 2460//2460 756//756 2020//2020
f 2460//2460 298//298 1914//1914
f 127//127 4751//4751 126//126
f 129//129 4750//4750 130//130
f 2703//2703 4747//4747 1909//1909
f 4747//4747 1311//1311 1909//1909
f 2702//2702 4746//4746 1908//1908
f 4746//4746 1310//1310 1908//1908
f 2627//2627 4739//4739 2631//2631
f 2626//2626 4738//4738 2630//2630
f 4737//4737 1261//1261 3401//3401
f 2625//2625 4737//4737 3401//3401
f 4736//4736 1260//1260 3400//3400
f 2624//2624 4736//4736 3400//3400
f 4735//4735 129//129 130//130
f 2978//2978 5072//5072 1436//1436
f 933//933 4124//4124 3897//3897
f 4722//4722 690//690 2444//2444
f 4723//4723 691//691 2445//2445
f 4734//4734 127//127 126//126
f 2980//2980 5074//5074 1438//1438
f 403//403 4731//4731 4147//4147
f 932//932 4122//4122 3896//3896
f 4731//4731 2635//2635 4147//4147
f 402//402 4730//4730 4146//4146
f 4730//4730 2634//2634 4146//4146
f 2611//2611 4729//4729 1255//1255
f 5163//5163 4933//4933 2765//2765
f 4729//4729 1231//1231 1255//1255
f 2610//2610 4728//4728 1254//1254
f 4728//4728 1230//1230 1254//1254
f 2264//2264 58//58 57//57
f 1400//1400 782//782 1422//1422
f 2707//2707 4727//4727 2771//2771
f 198//198 2265//2265 199//199
f 2706//2706 4726//4726 2770//2770
f 4026//4026 3183//3183 3117//3117
f 2266//2266 198//198 199//199
f 4715//4715 1249//1249 3311//3311
f 58//58 2267//2267 57//57
f 781//781 1399//1399 1421//1421
f 2874//2874 2846//2846 137//137
f 2846//2846 136//136 137//137
f 4715//4715 2635//2635 1555//1555
f 2872//2872 2844//2844 119//119
f 2844//2844 120//120 119//119
f 2635//2635 4715//4715 3311//3311
f 2847//2847 2875//2875 119//119
f 120//120 2847//2847 119//119
f 4714//4714 1248//1248 3310//3310
f 4026//4026 3117//3117 1977//1977
f 141//141 2950//2950 142//142
f 4027//4027 3185//3185 3119//3119
f 115//115 2951//2951 114//114
f 2845//2845 2873//2873 137//137
f 136//136 2845//2845 137//137
f 4714//4714 2634//2634 1554//1554
f 2634//2634 4714//4714 3310//3310
f 4027//4027 3119//3119 1979//1979
f 3285//3285 319//319 3347//3347
f 630//630 4682//4682 5252//5252
f 3283//3283 317//317 3345//3345
f 2613//2613 4713//4713 3411//3411
f 1229//1229 4713//4713 1391//1391
f 2612//2612 4712//4712 3410//3410
f 1228//1228 4712//4712 1390//1390
f 630//630 5252//5252 4550//4550
f 631//631 4683//4683 5253//5253
f 783//783 1401//1401 1423//1423
f 631//631 5253//5253 4551//4551
f 4775//4775 2775//2775 4479//4479
f 2447//2447 4775//4775 4479//4479
f 4774//4774 2774//2774 4478//4478
f 2446//2446 4774//4774 4478//4478
f 4711//4711 2659//2659 2773//2773
f 4710//4710 2658//2658 2772//2772
f 1211//1211 4707//4707 4625//4625
f 1210//1210 4706//4706 4624//4624
f 2625//2625 4705//4705 2692//2692
f 2624//2624 4704//4704 2693//2693
f 2673//2673 4703//4703 3451//3451
f 4703//4703 2673//2673 4301//4301
f 3007//3007 2931//2931 1553//1553
f 1838//1838 3982//3982 904//904
f 1830//1830 905//905 1839//1839
f 1331//1331 4767//4767 1779//1779
f 3983//3983 1839//1839 905//905
f 1330//1330 4766//4766 1778//1778
f 250//250 2783//2783 2759//2759
f 1840//1840 3984//3984 906//906
f 249//249 2782//2782 2758//2758
f 1831//1831 907//907 1841//1841
f 3985//3985 1841//1841 907//907
f 2672//2672 4702//4702 3450//3450
f 4702//4702 2672//2672 4300//4300
f 4557//4557 1243//1243 753//753
f 403//403 4691//4691 4263//4263
f 4556//4556 1242//1242 752//752
f 3006//3006 2930//2930 1552//1552
f 2613//2613 4691//4691 2649//2649
f 4691//4691 2613//2613 4263//4263
f 402//402 4690//4690 4262//4262
f 2612//2612 4690//4690 2648//2648
f 4690//4690 2612//2612 4262//4262
f 4685//4685 425//425 4033//4033
f 2641//2641 4685//4685 4033//4033
f 4684//4684 424//424 4032//4032
f 2640//2640 4684//4684 4032//4032
f 4349//4349 753//753 1243//1243
f 4348//4348 752//752 1242//1242
f 1217//1217 4679//4679 1297//1297
f 1216//1216 4678//4678 1296//1296
f 486//486 3316//3316 3028//3028
f 1221//1221 4675//4675 1267//1267
f 1220//1220 4674//4674 1266//1266
f 90//90 5327//5327 89//89
f 488//488 3317//3317 3030//3030
f 5326//5326 166//166 167//167
f 166//166 5325//5325 167//167
f 5324//5324 90//90 89//89
f 2607//2607 4671//4671 4459//4459
f 2606//2606 4670//4670 4458//4458
f 1894//1894 542//542 2204//2204
f 1894//1894 2454//2454 542//542
f 2777//2777 4913//4913 297//297
f 297//297 2741//2741 2777//2777
f 543//543 1895//1895 2205//2205
f 2776//2776 4912//4912 296//296
f 296//296 2740//2740 2776//2776
f 2455//2455 1895//1895 543//543
f 1896//1896 544//544 2206//2206
f 1896//1896 2456//2456 544//544
f 545//545 1897//1897 2207//2207
f 2457//2457 1897//1897 545//545
f 2597//2597 4667//4667 3709//3709
f 1235//1235 4667//4667 1243//1243
f 2596//2596 4666//4666 3708//3708
f 1234//1234 4666//4666 1242//1242
f 4762//4762 298//298 2460//2460
f 4762//4762 2020//2020 2698//2698
f 2020//2020 4762//4762 2460//2460
f 1219//1219 4665//4665 1225//1225
f 1218//1218 4664//4664 1224//1224
f 4763//4763 299//299 2461//2461
f 4663//4663 2643//2643 2667//2667
f 4662//4662 2642//2642 2666//2666
f 4763//4763 2021//2021 2699//2699
f 88//88 3487//3487 87//87
f 2603//2603 4647//4647 2661//2661
f 2602//2602 4646//4646 2660//2660
f 643//643 4197//4197 4769//4769
f 642//642 4196//4196 4768//4768
f 2021//2021 4763//4763 2461//2461
f 3486//3486 168//168 169//169
f 2595//2595 4631//4631 2699//2699
f 4631//4631 2595//2595 3009//3009
f 2453//2453 599//599 2243//2243
f 168//168 3485//3485 169//169
f 2453//2453 929//929 2123//2123
f 2594//2594 4630//4630 2698//2698
f 4630//4630 2594//2594 3008//3008
f 3484//3484 88//88 87//87
f 2452//2452 598//598 2242//2242
f 2452//2452 928//928 2122//2122
f 637//637 4629//4629 4479//4479
f 2583//2583 4629//4629 2637//2637
f 636//636 4628//4628 4478//4478
f 2582//2582 4628//4628 2636//2636
f 4627//4627 2585//2585 2837//2837
f 600//600 4838//4838 1182//1182
f 4209//4209 3471//3471 4821//4821
f 1287//1287 4209//4209 4821//4821
f 4208//4208 3470//3470 4820//4820
f 1286//1286 4208//4208 4820//4820
f 4209//4209 3177//3177 4689//4689
f 641//641 4209//4209 4689//4689
f 4208//4208 3176//3176 4688//4688
f 640//640 4208//4208 4688//4688
f 4807//4807 2015//2015 2547//2547
f 2015//2015 4807//4807 2729//2729
f 301//301 4807//4807 2547//2547
f 4806//4806 2014//2014 2546//2546
f 2014//2014 4806//4806 2728//2728
f 300//300 4806//4806 2546//2546
f 601//601 4839//4839 1183//1183
f 4626//4626 2584//2584 2836//2836
f 4650//4650 3608//3608 4932//4932
f 83//83 3252//3252 4970//4970
f 2776//2776 1467//1467 4912//4912
f 3253//3253 173//173 4971//4971
f 4652//4652 3609//3609 4933//4933
f 173//173 3254//3254 4972//4972
f 1612//1612 2926//2926 2016//2016
f 2926//2926 1612//1612 1586//1586
f 4912//4912 1467//1467 724//724
f 3255//3255 83//83 4973//4973
f 1613//1613 2927//2927 2017//2017
f 2927//2927 1613//1613 1587//1587
f 1766//1766 2932//2932 1822//1822
f 1767//1767 2933//2933 1823//1823
f 692//692 2952//2952 838//838
f 693//693 2953//2953 839//839
f 2962//2962 1638//1638 2704//2704
f 2963//2963 1639//1639 2705//2705
f 3645//3645 1859//1859 3709//3709
f 2974//2974 2420//2420 2616//2616
f 3644//3644 1858//1858 3708//3708
f 431//431 5065//5065 1381//1381
f 2420//2420 2974//2974 650//650
f 2975//2975 2421//2421 2617//2617
f 2421//2421 2975//2975 651//651
f 430//430 5064//5064 1380//1380
f 1332//1332 3008//3008 2594//2594
f 1333//1333 3009//3009 2595//2595
f 531//531 2435//2435 2255//2255
f 1047//1047 2435//2435 2063//2063
f 530//530 2434//2434 2254//2254
f 1046//1046 2434//2434 2062//2062
f 1572//1572 3022//3022 1794//1794
f 1573//1573 3023//3023 1795//1795
f 3026//3026 1776//1776 2700//2700
f 1776//1776 3026//3026 1878//1878
f 3027//3027 1777//1777 2701//2701
f 115//115 5444//5444 696//696
f 1209//1209 1185//1185 1195//1195
f 1777//1777 3027//3027 1879//1879
f 5480//5480 564//564 362//362
f 1207//1207 1184//1184 1193//1193
f 3038//3038 718//718 742//742
f 1135//1135 2433//2433 1951//1951
f 113//113 1397//1397 112//112
f 4779//4779 1397//1397 113//113
f 1396//1396 143//143 144//144
f 1396//1396 4778//4778 143//143
f 143//143 1395//1395 144//144
f 4777//4777 1395//1395 143//143
f 2421//2421 4699//4699 2617//2617
f 4699//4699 2421//2421 3471//3471
f 641//641 4699//4699 3471//3471
f 2420//2420 4698//4698 2616//2616
f 4698//4698 2420//2420 3470//3470
f 640//640 4698//4698 3470//3470
f 1394//1394 113//113 112//112
f 1394//1394 4776//4776 113//113
f 2743//2743 649//649 1251//1251
f 3039//3039 719//719 743//743
f 1134//1134 2432//2432 1950//1950
f 2742//2742 648//648 1250//1250
f 3086//3086 850//850 2644//2644
f 4178//4178 99//99 98//98
f 157//157 4179//4179 158//158
f 3086//3086 1210//1210 2650//2650
f 3087//3087 851//851 2645//2645
f 3087//3087 1211//1211 2651//2651
f 4180//4180 157//157 158//158
f 99//99 4181//4181 98//98
f 1551//1551 2837//2837 2585//2585
f 1550//1550 2836//2836 2584//2584
f 3433//3433 4567//4567 965//965
f 3094//3094 9//9 8//8
f 3432//3432 4566//4566 964//964
f 10//10 3095//3095 11//11
f 435//435 2863//2863 2807//2807
f 610//610 393//393 614//614
f 612//612 391//391 616//616
f 434//434 2862//2862 2806//2806
f 3096//3096 10//10 11//11
f 9//9 3097//3097 8//8
f 1768//1768 3108//3108 1836//1836
f 1769//1769 3109//3109 1837//1837
f 3110//3110 1886//1886 2804//2804
f 3111//3111 1887//1887 2805//2805
f 3150//3150 1657//1657 1796//1796
f 3151//3151 1656//1656 1797//1797
f 3172//3172 1354//1354 2714//2714
f 1354//1354 3172//3172 1338//1338
f 2740//2740 2718//2718 1622//1622
f 3173//3173 1355//1355 2715//2715
f 2741//2741 2719//2719 1623//1623
f 1355//1355 3173//3173 1339//1339
f 104//104 5363//5363 103//103
f 5362//5362 152//152 153//153
f 152//152 5361//5361 153//153
f 5360//5360 104//104 103//103
f 1548//1548 3176//3176 1286//1286
f 1549//1549 3177//3177 1287//1287
f 3194//3194 1686//1686 2708//2708
f 3195//3195 1687//1687 2709//2709
f 3226//3226 1696//1696 1782//1782
f 3227//3227 1697//1697 1783//1783
f 1174//1174 432//432 1900//1900
f 1175//1175 433//433 1901//1901
f 3256//3256 1582//1582 2091//2091
f 3257//3257 1583//1583 2090//2090
f 1186//1186 3258//3258 452//452
f 1418//1418 3258//3258 2762//2762
f 1187//1187 3259//3259 453//453
f 1419//1419 3259//3259 2763//2763
f 3262//3262 636//636 2774//2774
f 3263//3263 637//637 2775//2775
f 3294//3294 1720//1720 1738//1738
f 1720//1720 3294//3294 1628//1628
f 485//485 2423//2423 2339//2339
f 993//993 2423//2423 2169//2169
f 3295//3295 1721//1721 1739//1739
f 5357//5357 1901//1901 3919//3919
f 5357//5357 4019//4019 1655//1655
f 1721//1721 3295//3295 1629//1629
f 484//484 2422//2422 2338//2338
f 992//992 2422//2422 2168//2168
f 3310//3310 1932//1932 2634//2634
f 3311//3311 1933//1933 2635//2635
f 141//141 5445//5445 698//698
f 5480//5480 1110//1110 605//605
f 702//702 3324//3324 2503//2503
f 703//703 3325//3325 2502//2502
f 2305//2305 2555//2555 1093//1093
f 2555//2555 2305//2305 1099//1099
f 2922//2922 4748//4748 3574//3574
f 280//280 1093//1093 2555//2555
f 4019//4019 5357//5357 3919//3919
f 1901//1901 5357//5357 1655//1655
f 5356//5356 1900//1900 3918//3918
f 5356//5356 4018//4018 1654//1654
f 4018//4018 5356//5356 3918//3918
f 1319//1319 4833//4833 423//423
f 1900//1900 5356//5356 1654//1654
f 1318//1318 4831//4831 421//421
f 2555//2555 2309//2309 280//280
f 4645//4645 5355//5355 1605//1605
f 2923//2923 4749//4749 3575//3575
f 1640//1640 306//306 3538//3538
f 3040//3040 1640//1640 3288//3288
f 4644//4644 5354//5354 1604//1604
f 3288//3288 1640//1640 3538//3538
f 1641//1641 307//307 3539//3539
f 5353//5353 2019//2019 3859//3859
f 5353//5353 2417//2417 395//395
f 2417//2417 5353//5353 3859//3859
f 2019//2019 5353//5353 395//395
f 5352//5352 2018//2018 3858//3858
f 5352//5352 2416//2416 394//394
f 2416//2416 5352//5352 3858//3858
f 2018//2018 5352//5352 394//394
f 5337//5337 711//711 3739//3739
f 5337//5337 3035//3035 3637//3637
f 3035//3035 5337//5337 3739//3739
f 711//711 5337//5337 3637//3637
f 5336//5336 710//710 3738//3738
f 5336//5336 3034//3034 3636//3636
f 3034//3034 5336//5336 3738//3738
f 710//710 5336//5336 3636//3636
f 2267//2267 5335//5335 57//57
f 5335//5335 2159//2159 57//57
f 3041//3041 1641//1641 3289//3289
f 3289//3289 1641//1641 3539//3539
f 2265//2265 5334//5334 199//199
f 5334//5334 2157//2157 199//199
f 5333//5333 2266//2266 199//199
f 2158//2158 5333//5333 199//199
f 5332//5332 2264//2264 57//57
f 2156//2156 5332//5332 57//57
f 2307//2307 2557//2557 1095//1095
f 2557//2557 2307//2307 1101//1101
f 282//282 1095//1095 2557//2557
f 2557//2557 2311//2311 282//282
f 2554//2554 2304//2304 1092//1092
f 2304//2304 2554//2554 1098//1098
f 1092//1092 279//279 2554//2554
f 2308//2308 2554//2554 279//279
f 2556//2556 2306//2306 1094//1094
f 2306//2306 2556//2556 1100//1100
f 1558//1558 3029//3029 5384//5384
f 1094//1094 281//281 2556//2556
f 2310//2310 2556//2556 281//281
f 1402//1402 3354//3354 1432//1432
f 5384//5384 3029//3029 759//759
f 742//742 3354//3354 3038//3038
f 1559//1559 3031//3031 5385//5385
f 5385//5385 3031//3031 761//761
f 4754//4754 1404//1404 117//117
f 117//117 1404//1404 2890//2890
f 4756//4756 1406//1406 139//139
f 1403//1403 3355//3355 1433//1433
f 139//139 1406//1406 2892//2892
f 743//743 3355//3355 3039//3039
f 1856//1856 3390//3390 2606//2606
f 1857//1857 3391//3391 2607//2607
f 1271//1271 2803//2803 2589//2589
f 2668//2668 126//126 125//125
f 2595//2595 4567//4567 4165//4165
f 4567//4567 1263//1263 4165//4165
f 2594//2594 4566//4566 4164//4164
f 4566//4566 1262//1262 4164//4164
f 844//844 5294//5294 5368//5368
f 2669//2669 130//130 131//131
f 3806//3806 5323//5323 2039//2039
f 5368//5368 5294//5294 456//456
f 3804//3804 5322//5322 2038//2038
f 845//845 5295//5295 5369//5369
f 5369//5369 5295//5295 457//457
f 3400//3400 2106//2106 2624//2624
f 1270//1270 2802//2802 2588//2588
f 2106//2106 3400//3400 1076//1076
f 3815//3815 5321//5321 3165//3165
f 5321//5321 721//721 3165//3165
f 3111//3111 4849//4849 4319//4319
f 4849//4849 681//681 4319//4319
f 3110//3110 4848//4848 4318//4318
f 4848//4848 680//680 4318//4318
f 3814//3814 5320//5320 3164//3164
f 5320//5320 720//720 3164//3164
f 3401//3401 2107//2107 2625//2625
f 2107//2107 3401//3401 1077//1077
f 3410//3410 2198//2198 2612//2612
f 2198//2198 3410//3410 1096//1096
f 5319//5319 15//15 2478//2478
f 2230//2230 5319//5319 2478//2478
f 5318//5318 4//4 2476//2476
f 2228//2228 5318//5318 2476//2476
f 4//4 5317//5317 2479//2479
f 5317//5317 2231//2231 2479//2479
f 15//15 5316//5316 2477//2477
f 5316//5316 2229//2229 2477//2477
f 5315//5315 449//449 1393//1393
f 5315//5315 3575//3575 4749//4749
f 3575//3575 5315//5315 1393//1393
f 449//449 5315//5315 4749//4749
f 5314//5314 448//448 1392//1392
f 5314//5314 3574//3574 4748//4748
f 3574//3574 5314//5314 1392//1392
f 448//448 5314//5314 4748//4748
f 5311//5311 5061//5061 2727//2727
f 3411//3411 2199//2199 2613//2613
f 2199//2199 3411//3411 1097//1097
f 3416//3416 438//438 1196//1196
f 3417//3417 439//439 1197//1197
f 3418//3418 650//650 2974//2974
f 5101//5101 5311//5311 2727//2727
f 4509//4509 2691//2691 4063//4063
f 3419//3419 651//651 2975//2975
f 739//739 4509//4509 4063//4063
f 5310//5310 5060//5060 2726//2726
f 1620//1620 3424//3424 1756//1756
f 4508//4508 2690//2690 4062//4062
f 5100//5100 5310//5310 2726//2726
f 738//738 4508//4508 4062//4062
f 1164//1164 3424//3424 2754//2754
f 1621//1621 3425//3425 1757//1757
f 1165//1165 3425//3425 2755//2755
f 3962//3962 1954//1954 350//350
f 1670//1670 3434//3434 2006//2006
f 3964//3964 1955//1955 352//352
f 1671//1671 3435//3435 2007//2007
f 5309//5309 3699//3699 3747//3747
f 1864//1864 3444//3444 2120//2120
f 5308//5308 3697//3697 3745//3745
f 4399//4399 1191//1191 596//596
f 5288//5288 2124//2124 2076//2076
f 4398//4398 1190//1190 597//597
f 1865//1865 3445//3445 2121//2121
f 2799//2799 5307//5307 4653//4653
f 5307//5307 2799//2799 4659//4659
f 5307//5307 123//123 4653//4653
f 5288//5288 2076//2076 1010//1010
f 2797//2797 5306//5306 4651//4651
f 5306//5306 2797//2797 4657//4657
f 4341//4341 2035//2035 4477//4477
f 5306//5306 133//133 4651//4651
f 1702//1702 3476//3476 674//674
f 1703//1703 3477//3477 675//675
f 1653//1653 3478//3478 1906//1906
f 1652//1652 3479//3479 1907//1907
f 4339//4339 2033//2033 4475//4475
f 6//6 5303//5303 4403//4403
f 4083//4083 5303//5303 4191//4191
f 5303//5303 4083//4083 4403//4403
f 1110//1110 5480//5480 362//362
f 13//13 5302//5302 4401//4401
f 4081//4081 5302//5302 4189//4189
f 5302//5302 4081//4081 4401//4401
f 564//564 5480//5480 605//605
f 5301//5301 13//13 4402//4402
f 5301//5301 4082//4082 4190//4190
f 4082//4082 5301//5301 4402//4402
f 3521//3521 5479//5479 5251//5251
f 5300//5300 6//6 4400//4400
f 5300//5300 4080//4080 4188//4188
f 4411//4411 2651//2651 4221//4221
f 1237//1237 4411//4411 4221//4221
f 4410//4410 2650//2650 4220//4220
f 1236//1236 4410//4410 4220//4220
f 4080//4080 5300//5300 4400//4400
f 3643//3643 5479//5479 1603//1603
f 5299//5299 3698//3698 3003//3003
f 5289//5289 2126//2126 2078//2078
f 5298//5298 3696//3696 3002//3002
f 5289//5289 2078//2078 1012//1012
f 5297//5297 3188//3188 3509//3509
f 2734//2734 5297//5297 3509//3509
f 2034//2034 4340//4340 4476//4476
f 5296//5296 3186//3186 3508//3508
f 2732//2732 5296//5296 3508//3508
f 2032//2032 4338//4338 4474//4474
f 4510//4510 562//562 2530//2530
f 2252//2252 4510//4510 2530//2530
f 4511//4511 563//563 2531//2531
f 2253//2253 4511//4511 2531//2531
f 1374//1374 5026//5026 5054//5054
f 1374//1374 5054//5054 3080//3080
f 1375//1375 5027//5027 5055//5055
f 3569//3569 5293//5293 4135//4135
f 5293//5293 3569//3569 1013//1013
f 5293//5293 2089//2089 4135//4135
f 1375//1375 5055//5055 3081//3081
f 3567//3567 5292//5292 4133//4133
f 5292//5292 3567//3567 1011//1011
f 5292//5292 2088//2088 4133//4133
f 1514//1514 5291//5291 2593//2593
f 4260//4260 5291//5291 1611//1611
f 5291//5291 4260//4260 2593//2593
f 5291//5291 1514//1514 1611//1611
f 1512//1512 5290//5290 2592//2592
f 4258//4258 5290//5290 1610//1610
f 5290//5290 4258//4258 2592//2592
f 5290//5290 1512//1512 1610//1610
f 3502//3502 1926//1926 2660//2660
f 5289//5289 3568//3568 4134//4134
f 3503//3503 1927//1927 2661//2661
f 3568//3568 5289//5289 1012//1012
f 3528//3528 618//618 1198//1198
f 3529//3529 619//619 1199//1199
f 893//893 2419//2419 2139//2139
f 5288//5288 3566//3566 4132//4132
f 3566//3566 5288//5288 1010//1010
f 1433//1433 2789//2789 1403//1403
f 2419//2419 1049//1049 2139//2139
f 2789//2789 1433//1433 1521//1521
f 892//892 2418//2418 2138//2138
f 1432//1432 2788//2788 1402//1402
f 2418//2418 1048//1048 2138//2138
f 2788//2788 1432//1432 1520//1520
f 1520//1520 3536//3536 2788//2788
f 1521//1521 3537//3537 2789//2789
f 5285//5285 2100//2100 534//534
f 5285//5285 4576//4576 2220//2220
f 4576//4576 5285//5285 534//534
f 2100//2100 5285//5285 2220//2220
f 5284//5284 2098//2098 532//532
f 5284//5284 4574//4574 2218//2218
f 4574//4574 5284//5284 532//532
f 2098//2098 5284//5284 2218//2218
f 2101//2101 5283//5283 535//535
f 4577//4577 5283//5283 2221//2221
f 3554//3554 880//880 2494//2494
f 2923//2923 1381//1381 3103//3103
f 3555//3555 881//881 2495//2495
f 2922//2922 1380//1380 3101//3101
f 5283//5283 4577//4577 535//535
f 5283//5283 2101//2101 2221//2221
f 3560//3560 2502//2502 2804//2804
f 2099//2099 5282//5282 533//533
f 2239//2239 5117//5117 2493//2493
f 5117//5117 2239//2239 2989//2989
f 5117//5117 723//723 2493//2493
f 2238//2238 5116//5116 2492//2492
f 5116//5116 2238//2238 2988//2988
f 5116//5116 722//722 2492//2492
f 2861//2861 1337//1337 4867//4867
f 4575//4575 5282//5282 2219//2219
f 182//182 2071//2071 183//183
f 5282//5282 4575//4575 533//533
f 74//74 2073//2073 73//73
f 5282//5282 2099//2099 2219//2219
f 1070//1070 5281//5281 206//206
f 3181//3181 3031//3031 1559//1559
f 2070//2070 74//74 73//73
f 2072//2072 182//182 183//183
f 1068//1068 5280//5280 50//50
f 3179//3179 3029//3029 1558//1558
f 1230//1230 4380//4380 3192//3192
f 839//839 3673//3673 1983//1983
f 4380//4380 2652//2652 3192//3192
f 5279//5279 1071//1071 50//50
f 1231//1231 4381//4381 3193//3193
f 838//838 3672//3672 1982//1982
f 5278//5278 1069//1069 206//206
f 4381//4381 2653//2653 3193//3193
f 2683//2683 5277//5277 711//711
f 5277//5277 3739//3739 711//711
f 2682//2682 5276//5276 710//710
f 5276//5276 3738//3738 710//710
f 2502//2502 3560//3560 703//703
f 2860//2860 1336//1336 4866//4866
f 3561//3561 2503//2503 2805//2805
f 2503//2503 3561//3561 702//702
f 1870//1870 3992//3992 5386//5386
f 1870//1870 5386//5386 3954//3954
f 1226//1226 3576//3576 738//738
f 1227//1227 3577//3577 739//739
f 1148//1148 3594//3594 2538//2538
f 1149//1149 3595//3595 2539//2539
f 438//438 3622//3622 1202//1202
f 1858//1858 3622//3622 2596//2596
f 1721//1721 3529//3529 3893//3893
f 3529//3529 1199//1199 3893//3893
f 1720//1720 3528//3528 3892//3892
f 3528//3528 1198//1198 3892//3892
f 439//439 3623//3623 1203//1203
f 1859//1859 3623//3623 2597//2597
f 1872//1872 3994//3994 5387//5387
f 3638//3638 1794//1794 3022//3022
f 1872//1872 5387//5387 3956//3956
f 3639//3639 1795//1795 3023//3023
f 3993//3993 1871//1871 5388//5388
f 1409//1409 2771//2771 1967//1967
f 5388//5388 1871//1871 3955//3955
f 2771//2771 1409//1409 2707//2707
f 5271//5271 3475//3475 1447//1447
f 5271//5271 5027//5027 1739//1739
f 1408//1408 2770//2770 1966//1966
f 5027//5027 5271//5271 1447//1447
f 3475//3475 5271//5271 1739//1739
f 5270//5270 3474//3474 1446//1446
f 2987//2987 4235//4235 2501//2501
f 4235//4235 807//807 2501//2501
f 2986//2986 4234//4234 2500//2500
f 4234//4234 806//806 2500//2500
f 2770//2770 1408//1408 2706//2706
f 5270//5270 5026//5026 1738//1738
f 3654//3654 1924//1924 1946//1946
f 5026//5026 5270//5270 1446//1446
f 3474//3474 5270//5270 1738//1738
f 3655//3655 1925//1925 1947//1947
f 3666//3666 2016//2016 2926//2926
f 3667//3667 2017//2017 2927//2927
f 2417//2417 881//881 1967//1967
f 3678//3678 928//928 2240//2240
f 3679//3679 929//929 2241//2241
f 2416//2416 880//880 1966//1966
f 1692//1692 3690//3690 2650//2650
f 1693//1693 3691//3691 2651//2651
f 5041//5041 2715//2715 1355//1355
f 1331//1331 5041//5041 1355//1355
f 5040//5040 2714//2714 1354//1354
f 1330//1330 5040//5040 1354//1354
f 1911//1911 3621//3621 1311//1311
f 3621//3621 1909//1909 1311//1311
f 2661//2661 4647//4647 3503//3503
f 4647//4647 299//299 3503//3503
f 2660//2660 4646//4646 3502//3502
f 4646//4646 298//298 3502//3502
f 1910//1910 3620//3620 1310//1310
f 3620//3620 1908//1908 1310//1310
f 3395//3395 3347//3347 319//319
f 2777//2777 1469//1469 4913//4913
f 3393//3393 3345//3345 317//317
f 4913//4913 1469//1469 725//725
f 3269//3269 4751//4751 4069//4069
f 4069//4069 895//895 3269//3269
f 4497//4497 3269//3269 895//895
f 3268//3268 4750//4750 4068//4068
f 4068//4068 894//894 3268//3268
f 4496//4496 3268//3268 894//894
f 666//666 3694//3694 2514//2514
f 1280//1280 3694//3694 2700//2700
f 667//667 3695//3695 2515//2515
f 1281//1281 3695//3695 2701//2701
f 1586//1586 3700//3700 1796//1796
f 1587//1587 3701//3701 1797//1797
f 892//892 3702//3702 1214//1214
f 893//893 3703//3703 1215//1215
f 1864//1864 3704//3704 2004//2004
f 936//936 3704//3704 2512//2512
f 4871//4871 3713//3713 84//84
f 1865//1865 3705//3705 2005//2005
f 937//937 3705//3705 2513//2513
f 1160//1160 2526//2526 378//378
f 3712//3712 4870//4870 172//172
f 4869//4869 3711//3711 172//172
f 3107//3107 3067//3067 737//737
f 3995//3995 1873//1873 5389//5389
f 3105//3105 3066//3066 736//736
f 5389//5389 1873//1873 3957//3957
f 1390//1390 3706//3706 1228//1228
f 1162//1162 2528//2528 380//380
f 784//784 3706//3706 2430//2430
f 1391//1391 3707//3707 1229//1229
f 785//785 3707//3707 2431//2431
f 3188//3188 3165//3165 721//721
f 3710//3710 4868//4868 84//84
f 4851//4851 4915//4915 4625//4625
f 3186//3186 3164//3164 720//720
f 4850//4850 4914//4914 4624//4624
f 5019//5019 3045//3045 2790//2790
f 5019//5019 2790//2790 3019//3019
f 242//242 4649//4649 3137//3137
f 241//241 4648//4648 3136//3136
f 1818//1818 4466//4466 2228//2228
f 4467//4467 1819//1819 2229//2229
f 5021//5021 3047//3047 2791//2791
f 5021//5021 2791//2791 3021//3021
f 1820//1820 4468//4468 2230//2230
f 4469//4469 1821//1821 2231//2231
f 3708//3708 1858//1858 2596//2596
f 3709//3709 1859//1859 2597//2597
f 4632//4632 394//394 1200//1200
f 1200//1200 4156//4156 4632//4632
f 4633//4633 395//395 1201//1201
f 1201//1201 4157//4157 4633//4633
f 734//734 3636//3636 1802//1802
f 5133//5133 5171//5171 5219//5219
f 735//735 3637//3637 1803//1803
f 5132//5132 5170//5170 5218//5218
f 3593//3593 4991//4991 1991//1991
f 4223//4223 1991//1991 4991//4991
f 3592//3592 4990//4990 1990//1990
f 4222//4222 1990//1990 4990//4990
f 4760//4760 5286//5286 4450//4450
f 4450//4450 5286//5286 3002//3002
f 4761//4761 5287//5287 4451//4451
f 4451//4451 5287//5287 3003//3003
f 2430//2430 3724//3724 784//784
f 2431//2431 3725//3725 785//785
f 784//784 3726//3726 2208//2208
f 785//785 3727//3727 2209//2209
f 3728//3728 596//596 1191//1191
f 3728//3728 1996//1996 2056//2056
f 4687//4687 3229//3229 1915//1915
f 1659//1659 4687//4687 1915//1915
f 4686//4686 3228//3228 1914//1914
f 1658//1658 4686//4686 1914//1914
f 3729//3729 597//597 1190//1190
f 3729//3729 1997//1997 2057//2057
f 3736//3736 1898//1898 2692//2692
f 3710//3710 4970//4970 3582//3582
f 3582//3582 4970//4970 3252//3252
f 3737//3737 1899//1899 2693//2693
f 4747//4747 2703//2703 3895//3895
f 432//432 3750//3750 1166//1166
f 4746//4746 2702//2702 3894//3894
f 1974//1974 3750//3750 2026//2026
f 3841//3841 2501//2501 807//807
f 1823//1823 3841//3841 807//807
f 3840//3840 2500//2500 806//806
f 1822//1822 3840//3840 806//806
f 531//531 2403//2403 2239//2239
f 1059//1059 2403//2403 2051//2051
f 4137//4137 2763//2763 3259//3259
f 1187//1187 4137//4137 3259//3259
f 4136//4136 2762//2762 3258//3258
f 1186//1186 4136//4136 3258//3258
f 2597//2597 4753//4753 4667//4667
f 4753//4753 1243//1243 4667//4667
f 2596//2596 4752//4752 4666//4666
f 4752//4752 1242//1242 4666//4666
f 2695//2695 4395//4395 2445//2445
f 4395//4395 733//733 2445//2445
f 2694//2694 4394//4394 2444//2444
f 4394//4394 732//732 2444//2444
f 4395//4395 2691//2691 3505//3505
f 1253//1253 4395//4395 3505//3505
f 4394//4394 2690//2690 3504//3504
f 1252//1252 4394//4394 3504//3504
f 2927//2927 4985//4985 3667//3667
f 2926//2926 4984//4984 3666//3666
f 2403//2403 1059//1059 2239//2239
f 530//530 2402//2402 2238//2238
f 1058//1058 2402//2402 2050//2050
f 2402//2402 1058//1058 2238//2238
f 433//433 3751//3751 1167//1167
f 4695//4695 2655//2655 4309//4309
f 1975//1975 3751//3751 2027//2027
f 4695//4695 4309//4309 2459//2459
f 1162//1162 1152//1152 2528//2528
f 1908//1908 3780//3780 2702//2702
f 1160//1160 1150//1150 2526//2526
f 4694//4694 2654//2654 4308//4308
f 4694//4694 4308//4308 2458//2458
f 1909//1909 3781//3781 2703//2703
f 3195//3195 4141//4141 4115//4115
f 2709//2709 4141//4141 3195//3195
f 4141//4141 691//691 4115//4115
f 3194//3194 4140//4140 4114//4114
f 2708//2708 4140//4140 3194//3194
f 4140//4140 690//690 4114//4114
f 2695//2695 4141//4141 4063//4063
f 3786//3786 402//402 2480//2480
f 4141//4141 1227//1227 4063//4063
f 2694//2694 4140//4140 4062//4062
f 3786//3786 1696//1696 2648//2648
f 4140//4140 1226//1226 4062//4062
f 2603//2603 4675//4675 1103//1103
f 3787//3787 403//403 2481//2481
f 3787//3787 1697//1697 2649//2649
f 2602//2602 4674//4674 1102//1102
f 1902//1902 3816//3816 2022//2022
f 1903//1903 3817//3817 2023//2023
f 1878//1878 3822//3822 1776//1776
f 1879//1879 3823//3823 1777//1777
f 126//126 3269//3269 125//125
f 130//130 3268//3268 131//131
f 1842//1842 1536//1536 3428//3428
f 1692//1692 3824//3824 2696//2696
f 1537//1537 1843//1843 3429//3429
f 1693//1693 3825//3825 2697//2697
f 1844//1844 1538//1538 3430//3430
f 3826//3826 2000//2000 2112//2112
f 1539//1539 1845//1845 3431//3431
f 3827//3827 2001//2001 2113//2113
f 3834//3834 1282//1282 640//640
f 3835//3835 1283//1283 641//641
f 450//450 3836//3836 1188//1188
f 451//451 3837//3837 1189//1189
f 838//838 3838//3838 692//692
f 2395//2395 1079//1079 1985//1985
f 1079//1079 2395//2395 2321//2321
f 1974//1974 3838//3838 2084//2084
f 839//839 3839//3839 693//693
f 2394//2394 1078//1078 1984//1984
f 1078//1078 2394//2394 2320//2320
f 1975//1975 3839//3839 2085//2085
f 4717//4717 639//639 1835//1835
f 4716//4716 638//638 1834//1834
f 4040//4040 103//103 102//102
f 1032//1032 65//65 64//64
f 153//153 4041//4041 154//154
f 3840//3840 684//684 2500//2500
f 4042//4042 153//153 154//154
f 1033//1033 191//191 192//192
f 103//103 4043//4043 102//102
f 3840//3840 1822//1822 2932//2932
f 684//684 3840//3840 2932//2932
f 3841//3841 685//685 2501//2501
f 3841//3841 1823//1823 2933//2933
f 685//685 3841//3841 2933//2933
f 2538//2538 3844//3844 1148//1148
f 2539//2539 3845//3845 1149//1149
f 3850//3850 1228//1228 3706//3706
f 784//784 3850//3850 3706//3706
f 3851//3851 1229//1229 3707//3707
f 785//785 3851//3851 3707//3707
f 1880//1880 3858//3858 2018//2018
f 3858//3858 1880//1880 1620//1620
f 1669//1669 1691//1691 93//93
f 94//94 1669//1669 93//93
f 1690//1690 1668//1668 163//163
f 1668//1668 162//162 163//163
f 1667//1667 1689//1689 163//163
f 162//162 1667//1667 163//163
f 1688//1688 1666//1666 93//93
f 1666//1666 94//94 93//93
f 2178//2178 1140//1140 2014//2014
f 1140//1140 2178//2178 410//410
f 2179//2179 1141//1141 2015//2015
f 1141//1141 2179//2179 411//411
f 2180//2180 1116//1116 1904//1904
f 1116//1116 2180//2180 405//405
f 2181//2181 1117//1117 1905//1905
f 4557//4557 753//753 823//823
f 1117//1117 2181//2181 406//406
f 4556//4556 752//752 822//822
f 1243//1243 4557//4557 1235//1235
f 1242//1242 4556//4556 1234//1234
f 1881//1881 3859//3859 2019//2019
f 3859//3859 1881//1881 1621//1621
f 3876//3876 1228//1228 1338//1338
f 3876//3876 1096//1096 3410//3410
f 3877//3877 1229//1229 1339//1339
f 3877//3877 1097//1097 3411//3411
f 3882//3882 596//596 1768//1768
f 2393//2393 1135//1135 1951//1951
f 1836//1836 3882//3882 1768//1768
f 2392//2392 1134//1134 1950//1950
f 3883//3883 597//597 1769//1769
f 1837//1837 3883//3883 1769//1769
f 4676//4676 1216//1216 3594//3594
f 4677//4677 1217//1217 3595//3595
f 888//888 3884//3884 2384//2384
f 3884//3884 1672//1672 2384//2384
f 889//889 3885//3885 2385//2385
f 1079//1079 2391//2391 1985//1985
f 2391//2391 1079//1079 2331//2331
f 3885//3885 1673//1673 2385//2385
f 1810//1810 3902//3902 1940//1940
f 1078//1078 2390//2390 1984//1984
f 2390//2390 1078//1078 2330//2330
f 1811//1811 3903//3903 1941//1941
f 3912//3912 484//484 2570//2570
f 3912//3912 1656//1656 2746//2746
f 1773//1773 1851//1851 799//799
f 1850//1850 1772//1772 798//798
f 1771//1771 1849//1849 797//797
f 1848//1848 1770//1770 796//796
f 3913//3913 485//485 2571//2571
f 3913//3913 1657//1657 2747//2747
f 1822//1822 3918//3918 1766//1766
f 1823//1823 3919//3919 1767//1767
f 481//481 3163//3163 3141//3141
f 3936//3936 2503//2503 3324//3324
f 480//480 3161//3161 3139//3139
f 2503//2503 3936//3936 681//681
f 4175//4175 3505//3505 2691//2691
f 4174//4174 3504//3504 2690//2690
f 1461//1461 2921//2921 5087//5087
f 2920//2920 1460//1460 5086//5086
f 1459//1459 2919//2919 5085//5085
f 2918//2918 1458//1458 5084//5084
f 3937//3937 2502//2502 3325//3325
f 2502//2502 3937//3937 680//680
f 889//889 2385//2385 2067//2067
f 1023//1023 2385//2385 1673//1673
f 3409//3409 3735//3735 527//527
f 3734//3734 3408//3408 526//526
f 4721//4721 4017//4017 1165//1165
f 1327//1327 4721//4721 1165//1165
f 3407//3407 3733//3733 525//525
f 4720//4720 4016//4016 1164//1164
f 1326//1326 4720//4720 1164//1164
f 3732//3732 3406//3406 524//524
f 3938//3938 938//938 2464//2464
f 3939//3939 939//939 2465//2465
f 888//888 2384//2384 2066//2066
f 1022//1022 2384//2384 1672//1672
f 1179//1179 589//589 1075//1075
f 1159//1159 1075//1075 589//589
f 1512//1512 3094//3094 2814//2814
f 1514//1514 3096//3096 2815//2815
f 588//588 1178//1178 1074//1074
f 1074//1074 1158//1158 588//588
f 1738//1738 3940//3940 3294//3294
f 5171//5171 5133//5133 5083//5083
f 1177//1177 587//587 1073//1073
f 1157//1157 1073//1073 587//587
f 1739//1739 3941//3941 3295//3295
f 2383//2383 511//511 2193//2193
f 586//586 1176//1176 1072//1072
f 1072//1072 1156//1156 586//586
f 1902//1902 3968//3968 2186//2186
f 5170//5170 5132//5132 5082//5082
f 1588//1588 4578//4578 1994//1994
f 1589//1589 4579//4579 1995//1995
f 570//570 573//573 2414//2414
f 568//568 572//572 2412//2412
f 1903//1903 3969//3969 2187//2187
f 3970//3970 1932//1932 3310//3310
f 2382//2382 510//510 2192//2192
f 1710//1710 3607//3607 3842//3842
f 4903//4903 2721//2721 2753//2753
f 4902//4902 2720//2720 2752//2752
f 401//401 4683//4683 631//631
f 400//400 4682//4682 630//630
f 1932//1932 3970//3970 2048//2048
f 1712//1712 3605//3605 3843//3843
f 982//982 3970//3970 3310//3310
f 3971//3971 1933//1933 3311//3311
f 2299//2299 2197//2197 2289//2289
f 2196//2196 2298//2298 2288//2288
f 2297//2297 2195//2195 2287//2287
f 2194//2194 2296//2296 2286//2286
f 2414//2414 573//573 4554//4554
f 1933//1933 3971//3971 2049//2049
f 2412//2412 572//572 4552//4552
f 983//983 3971//3971 3311//3311
f 1013//1013 2161//2161 2191//2191
f 1011//1011 2160//2160 2190//2190
f 1934//1934 3986//3986 2942//2942
f 3986//3986 1934//1934 2314//2314
f 3119//3119 3185//3185 3115//3115
f 3115//3115 3185//3185 1685//1685
f 3184//3184 3118//3118 3114//3114
f 3184//3184 3114//3114 1684//1684
f 1935//1935 3987//3987 2943//2943
f 3117//3117 3183//3183 3113//3113
f 3113//3113 3183//3183 1683//1683
f 3987//3987 1935//1935 2315//2315
f 3182//3182 3116//3116 3112//3112
f 3182//3182 3112//3112 1682//1682
f 4415//4415 4325//4325 3043//3043
f 4414//4414 4324//4324 3042//3042
f 4971//4971 3711//3711 3583//3583
f 4002//4002 1997//1997 2004//2004
f 4971//4971 3583//3583 3253//3253
f 4002//4002 936//936 2464//2464
f 384//384 32//32 31//31
f 602//602 384//384 31//31
f 224//224 385//385 225//225
f 385//385 603//603 225//225
f 386//386 224//224 225//225
f 604//604 386//386 225//225
f 2931//2931 3457//3457 1553//1553
f 32//32 387//387 31//31
f 387//387 605//605 31//31
f 2930//2930 3456//3456 1552//1552
f 3712//3712 4972//4972 3584//3584
f 3584//3584 4972//4972 3254//3254
f 1431//1431 4729//4729 3749//3749
f 1231//1231 4729//4729 1431//1431
f 1431//1431 4381//4381 1231//1231
f 1430//1430 4728//4728 3748//3748
f 1230//1230 4728//4728 1430//1430
f 1430//1430 4380//4380 1230//1230
f 4003//4003 1996//1996 2005//2005
f 4403//4403 2131//2131 4469//4469
f 4003//4003 937//937 2465//2465
f 2130//2130 4402//4402 4468//4468
f 4401//4401 2129//2129 4467//4467
f 2128//2128 4400//4400 4466//4466
f 5037//5037 2798//2798 4658//4658
f 4973//4973 3713//3713 3585//3585
f 5036//5036 2796//2796 4656//4656
f 4973//4973 3585//3585 3255//3255
f 4773//4773 2605//2605 4681//4681
f 2447//2447 4773//4773 4681//4681
f 4772//4772 2604//2604 4680//4680
f 2446//2446 4772//4772 4680//4680
f 917//917 891//891 3807//3807
f 915//915 890//890 3805//3805
f 4873//4873 2789//2789 3537//3537
f 459//459 4873//4873 3537//3537
f 4872//4872 2788//2788 3536//3536
f 458//458 4872//4872 3536//3536
f 2675//2675 4461//4461 4661//4661
f 4661//4661 2601//2601 2675//2675
f 2674//2674 4460//4460 4660//4660
f 4660//4660 2600//2600 2674//2674
f 3752//3752 890//890 915//915
f 3753//3753 891//891 917//917
f 1794//1794 4004//4004 1572//1572
f 1096//1096 4004//4004 2198//2198
f 1795//1795 4005//4005 1573//1573
f 1097//1097 4005//4005 2199//2199
f 2609//2609 4961//4961 4679//4679
f 4961//4961 1297//1297 4679//4679
f 2608//2608 4960//4960 4678//4678
f 4960//4960 1296//1296 4678//4678
f 1096//1096 4010//4010 2504//2504
f 1338//1338 4010//4010 3876//3876
f 4010//4010 1096//1096 3876//3876
f 1097//1097 4011//4011 2505//2505
f 1339//1339 4011//4011 3877//3877
f 4011//4011 1097//1097 3877//3877
f 1904//1904 4012//4012 2164//2164
f 1905//1905 4013//4013 2165//2165
f 4014//4014 1628//1628 3294//3294
f 4015//4015 1629//1629 3295//3295
f 1162//1162 4967//4967 585//585
f 4967//4967 383//383 585//585
f 1160//1160 4966//4966 584//584
f 4966//4966 382//382 584//584
f 4024//4024 1950//1950 2432//2432
f 1499//1499 5187//5187 3189//3189
f 1950//1950 4024//4024 2242//2242
f 1498//1498 5186//5186 3187//3187
f 3601//3601 885//885 3653//3653
f 884//884 3600//3600 3652//3652
f 3599//3599 883//883 3651//3651
f 882//882 3598//3598 3650//3650
f 2487//2487 4689//4689 2609//2609
f 4689//4689 2487//2487 3835//3835
f 641//641 4689//4689 3835//3835
f 2486//2486 4688//4688 2608//2608
f 4688//4688 2486//2486 3834//3834
f 640//640 4688//4688 3834//3834
f 1615//1615 3349//3349 1565//1565
f 5479//5479 3643//3643 5251//5251
f 1614//1614 3348//3348 1564//1564
f 5479//5479 3521//3521 1603//1603
f 928//928 4024//4024 2432//2432
f 4025//4025 1951//1951 2433//2433
f 5272//5272 5122//5122 313//313
f 5272//5272 313//313 1370//1370
f 1951//1951 4025//4025 2243//2243
f 2583//2583 5205//5205 2605//2605
f 929//929 4025//4025 2433//2433
f 4621//4621 5205//5205 4781//4781
f 5205//5205 4621//4621 2605//2605
f 5205//5205 2583//2583 4781//4781
f 2582//2582 5204//5204 2604//2604
f 4620//4620 5204//5204 4780//4780
f 5204//5204 4620//4620 2604//2604
f 5204//5204 2582//2582 4780//4780
f 637//637 5199//5199 4307//4307
f 4739//4739 5199//5199 3263//3263
f 5199//5199 4739//4739 4307//4307
f 5199//5199 637//637 3263//3263
f 636//636 5198//5198 4306//4306
f 4738//4738 5198//5198 3262//3262
f 5198//5198 4738//4738 4306//4306
f 4036//4036 666//666 672//672
f 4036//4036 1878//1878 3026//3026
f 5198//5198 636//636 3262//3262
f 1043//1043 2117//2117 63//63
f 4037//4037 667//667 673//673
f 4037//4037 1879//1879 3027//3027
f 64//64 1043//1043 63//63
f 5197//5197 929//929 3679//3679
f 5197//5197 2291//2291 2123//2123
f 2291//2291 5197//5197 3679//3679
f 929//929 5197//5197 2123//2123
f 5196//5196 928//928 3678//3678
f 5196//5196 2290//2290 2122//2122
f 2290//2290 5196//5196 3678//3678
f 928//928 5196//5196 2122//2122
f 2116//2116 1042//1042 193//193
f 5187//5187 1499//1499 1475//1475
f 4038//4038 2048//2048 3970//3970
f 5186//5186 1498//1498 1474//1474
f 5181//5181 1194//1194 1119//1119
f 1208//1208 5181//5181 1119//1119
f 5180//5180 1192//1192 1118//1118
f 1206//1206 5180//5180 1118//1118
f 5273//5273 5123//5123 315//315
f 35//35 1171//1171 34//34
f 62//62 5179//5179 61//61
f 1170//1170 221//221 222//222
f 5273//5273 315//315 1371//1371
f 221//221 1169//1169 222//222
f 5178//5178 194//194 195//195
f 1168//1168 35//35 34//34
f 982//982 4038//4038 3970//3970
f 2287//2287 41//41 5224//5224
f 1042//1042 192//192 193//193
f 1041//1041 2115//2115 193//193
f 194//194 5177//5177 195//195
f 4039//4039 2049//2049 3971//3971
f 5224//5224 41//41 40//40
f 5176//5176 62//62 61//61
f 5161//5161 425//425 1941//1941
f 5161//5161 3667//3667 4985//4985
f 3667//3667 5161//5161 1941//1941
f 425//425 5161//5161 4985//4985
f 2242//2242 1172//1172 1950//1950
f 5160//5160 424//424 1940//1940
f 2243//2243 1173//1173 1951//1951
f 5160//5160 3666//3666 4984//4984
f 3666//3666 5160//5160 1940//1940
f 424//424 5160//5160 4984//4984
f 983//983 4039//4039 3971//3971
f 192//192 1041//1041 193//193
f 2114//2114 1040//1040 63//63
f 4060//4060 1924//1924 3654//3654
f 1924//1924 4060//4060 2820//2820
f 1040//1040 64//64 63//63
f 3626//3626 994//994 1050//1050
f 4048//4048 3962//3962 344//344
f 645//645 5155//5155 4783//4783
f 4673//4673 5155//5155 1943//1943
f 2044//2044 4608//4608 4590//4590
f 5155//5155 4673//4673 4783//4783
f 5155//5155 645//645 1943//1943
f 4609//4609 2045//2045 4591//4591
f 644//644 5154//5154 4782//4782
f 4672//4672 5154//5154 1942//1942
f 2046//2046 4610//4610 4592//4592
f 5154//5154 4672//4672 4782//4782
f 995//995 3627//3627 1051//1051
f 3963//3963 4049//4049 345//345
f 3628//3628 996//996 1052//1052
f 4050//4050 3964//3964 346//346
f 3561//3561 4877//4877 3412//3412
f 4877//4877 1261//1261 3412//3412
f 3560//3560 4876//4876 3413//3413
f 4876//4876 1260//1260 3413//3413
f 997//997 3629//3629 1053//1053
f 3965//3965 4051//4051 347//347
f 1248//1248 4060//4060 3654//3654
f 4061//4061 1925//1925 3655//3655
f 4349//4349 4753//4753 4225//4225
f 4753//4753 2615//2615 4225//4225
f 4348//4348 4752//4752 4224//4224
f 4752//4752 2614//2614 4224//4224
f 2645//2645 4417//4417 2577//2577
f 2644//2644 4416//4416 2576//2576
f 1925//1925 4061//4061 2821//2821
f 1249//1249 4061//4061 3655//3655
f 738//738 4062//4062 1226//1226
f 739//739 4063//4063 1227//1227
f 894//894 4068//4068 2466//2466
f 1139//1139 2371//2371 2065//2065
f 895//895 4069//4069 2467//2467
f 1138//1138 2370//2370 2064//2064
f 5154//5154 644//644 1942//1942
f 4611//4611 2047//2047 4593//4593
f 4534//4534 2214//2214 2300//2300
f 2215//2215 4535//4535 2301//2301
f 4536//4536 2216//2216 2302//2302
f 5153//5153 4207//4207 2711//2711
f 1240//1240 4700//4700 2578//2578
f 2217//2217 4537//4537 2303//2303
f 4076//4076 1997//1997 3729//3729
f 5152//5152 4206//4206 2710//2710
f 1997//1997 4076//4076 2004//2004
f 1241//1241 4701//4701 2579//2579
f 1190//1190 4076//4076 3729//3729
f 4077//4077 1996//1996 3728//3728
f 1996//1996 4077//4077 2005//2005
f 1191//1191 4077//4077 3728//3728
f 4078//4078 1992//1992 2728//2728
f 4079//4079 1993//1993 2729//2729
f 2026//2026 4088//4088 1974//1974
f 2027//2027 4089//4089 1975//1975
f 70//70 5145//5145 69//69
f 732//732 3758//3758 1454//1454
f 5145//5145 2105//2105 69//69
f 2494//2494 4090//4090 3070//3070
f 733//733 3759//3759 1455//1455
f 4090//4090 2494//2494 880//880
f 5144//5144 186//186 187//187
f 2495//2495 4091//4091 3071//3071
f 4091//4091 2495//2495 881//881
f 2104//2104 5144//5144 187//187
f 1952//1952 4096//4096 2024//2024
f 186//186 5143//5143 187//187
f 1953//1953 4097//4097 2025//2025
f 4104//4104 1798//1798 1294//1294
f 5143//5143 2103//2103 187//187
f 4105//4105 1799//1799 1295//1295
f 5142//5142 70//70 69//69
f 4120//4120 598//598 1886//1886
f 2102//2102 5142//5142 69//69
f 4121//4121 599//599 1887//1887
f 936//936 4126//4126 2464//2464
f 1542//1542 4126//4126 3022//3022
f 937//937 4127//4127 2465//2465
f 1543//1543 4127//4127 3023//3023
f 4136//4136 428//428 2762//2762
f 4137//4137 429//429 2763//2763
f 299//299 4647//4647 1915//1915
f 2312//2312 4138//4138 716//716
f 2313//2313 4139//4139 717//717
f 1226//1226 4140//4140 2708//2708
f 298//298 4646//4646 1914//1914
f 1227//1227 4141//4141 2709//2709
f 402//402 4146//4146 2480//2480
f 1932//1932 4146//4146 2634//2634
f 403//403 4147//4147 2481//2481
f 1933//1933 4147//4147 2635//2635
f 4408//4408 1202//1202 4212//4212
f 4409//4409 1203//1203 4213//4213
f 4148//4148 1628//1628 310//310
f 2458//2458 4148//4148 310//310
f 4677//4677 5131//5131 1217//1217
f 4149//4149 1629//1629 311//311
f 4676//4676 5130//5130 1216//1216
f 2459//2459 4149//4149 311//311
f 1681//1681 5125//5125 3343//3343
f 1680//1680 5124//5124 3342//3342
f 4613//4613 2167//2167 1061//1061
f 2167//2167 4613//4613 3099//3099
f 1435//1435 4613//4613 1061//1061
f 4612//4612 2166//2166 1060//1060
f 2166//2166 4612//4612 3098//3098
f 1434//1434 4612//4612 1060//1060
f 4605//4605 637//637 4307//4307
f 4605//4605 1639//1639 3967//3967
f 1639//1639 4605//4605 4307//4307
f 637//637 4605//4605 3967//3967
f 2289//2289 215//215 5225//5225
f 79//79 1891//1891 78//78
f 5225//5225 215//215 216//216
f 1890//1890 177//177 178//178
f 41//41 2286//2286 5227//5227
f 177//177 1889//1889 178//178
f 41//41 5227//5227 40//40
f 1888//1888 79//79 78//78
f 4604//4604 636//636 4306//4306
f 4604//4604 1638//1638 3966//3966
f 1638//1638 4604//4604 4306//4306
f 636//636 4604//4604 3966//3966
f 4603//4603 967//967 2017//2017
f 4602//4602 966//966 2016//2016
f 5159//5159 4229//4229 4185//4185
f 4228//4228 5158//5158 4184//4184
f 5157//5157 4227//4227 4183//4183
f 4226//4226 5156//5156 4182//4182
f 509//509 4585//4585 2395//2395
f 2321//2321 4585//4585 2341//2341
f 4585//4585 2321//2321 2395//2395
f 4585//4585 509//509 2341//2341
f 508//508 4584//4584 2394//2394
f 2320//2320 4584//4584 2340//2340
f 4584//4584 2320//2320 2394//2394
f 4584//4584 508//508 2340//2340
f 999//999 4581//4581 2347//2347
f 2107//2107 4581//4581 2345//2345
f 4581//4581 2107//2107 2347//2347
f 1036//1036 66//66 65//65
f 1032//1032 1036//1036 65//65
f 2113//2113 439//439 4663//4663
f 4581//4581 999//999 2345//2345
f 2112//2112 438//438 4662//4662
f 190//190 1037//1037 191//191
f 4150//4150 1946//1946 1924//1924
f 998//998 4580//4580 2346//2346
f 1038//1038 190//190 191//191
f 3539//3539 1959//1959 1413//1413
f 3538//3538 1958//1958 1412//1412
f 2106//2106 4580//4580 2344//2344
f 1033//1033 1038//1038 191//191
f 4580//4580 2106//2106 2346//2346
f 4580//4580 998//998 2344//2344
f 66//66 1039//1039 65//65
f 4151//4151 1947//1947 1925//1925
f 4579//4579 1589//1589 1031//1031
f 4578//4578 1588//1588 1030//1030
f 4569//4569 1777//1777 3823//3823
f 451//451 4569//4569 3823//3823
f 2272//2272 966//966 1936//1936
f 4568//4568 1776//1776 3822//3822
f 450//450 4568//4568 3822//3822
f 1263//1263 4567//4567 3433//3433
f 2273//2273 967//967 1937//1937
f 1262//1262 4566//4566 3432//3432
f 4162//4162 1288//1288 968//968
f 4162//4162 2014//2014 2728//2728
f 4163//4163 1289//1289 969//969
f 4163//4163 2015//2015 2729//2729
f 4164//4164 1332//1332 2594//2594
f 4164//4164 1262//1262 2888//2888
f 4549//4549 993//993 4295//4295
f 4549//4549 2339//2339 2423//2423
f 4507//4507 1927//1927 2491//2491
f 1005//1005 4507//4507 2491//2491
f 4507//4507 1005//1005 1267//1267
f 4506//4506 1926//1926 2490//2490
f 1004//1004 4506//4506 2490//2490
f 4506//4506 1004//1004 1266//1266
f 2339//2339 4549//4549 4295//4295
f 993//993 4549//4549 2423//2423
f 2620//2620 777//777 3365//3365
f 1711//1711 3604//3604 3630//3630
f 4548//4548 992//992 4294//4294
f 2618//2618 776//776 3364//3364
f 215//215 2288//2288 5226//5226
f 4548//4548 2338//2338 2422//2422
f 4067//4067 4593//4593 4131//4131
f 2338//2338 4548//4548 4294//4294
f 992//992 4548//4548 2422//2422
f 4592//4592 4066//4066 4130//4130
f 4533//4533 703//703 3413//3413
f 4533//4533 2137//2137 2051//2051
f 3605//3605 1712//1712 3631//3631
f 883//883 3605//3605 3631//3631
f 1713//1713 3606//3606 3632//3632
f 215//215 5226//5226 216//216
f 4065//4065 4591//4591 4129//4129
f 2137//2137 4533//4533 3413//3413
f 594//594 2274//2274 2240//2240
f 4590//4590 4064//4064 4128//4128
f 703//703 4533//4533 2051//2051
f 595//595 2275//2275 2241//2241
f 4532//4532 702//702 3412//3412
f 4532//4532 2136//2136 2050//2050
f 2136//2136 4532//4532 3412//3412
f 702//702 4532//4532 2050//2050
f 2023//2023 4527//4527 2969//2969
f 2022//2022 4526//4526 2968//2968
f 4523//4523 871//871 4030//4030
f 2764//2764 4932//4932 4654//4654
f 4522//4522 870//870 4031//4031
f 3519//3519 5478//5478 5249//5249
f 1671//1671 2007//2007 2827//2827
f 509//509 4521//4521 2333//2333
f 1670//1670 2006//2006 2826//2826
f 2189//2189 4521//4521 2315//2315
f 4521//4521 2189//2189 2333//2333
f 508//508 4520//4520 2332//2332
f 2188//2188 4520//4520 2314//2314
f 4520//4520 2188//2188 2332//2332
f 4519//4519 1551//1551 3703//3703
f 2189//2189 4519//4519 3703//3703
f 266//266 2111//2111 961//961
f 1551//1551 4519//4519 1045//1045
f 4518//4518 1550//1550 3702//3702
f 2188//2188 4518//4518 3702//3702
f 2585//2585 4627//4627 4735//4735
f 2110//2110 265//265 960//960
f 4735//4735 4627//4627 129//129
f 1550//1550 4518//4518 1044//1044
f 2584//2584 4626//4626 4734//4734
f 4734//4734 4626//4626 127//127
f 264//264 2109//2109 959//959
f 4517//4517 685//685 4253//4253
f 4517//4517 1391//1391 3227//3227
f 1391//1391 4517//4517 4253//4253
f 3607//3607 1710//1710 3633//3633
f 2108//2108 263//263 958//958
f 4165//4165 1333//1333 2595//2595
f 4516//4516 684//684 4252//4252
f 885//885 3607//3607 3633//3633
f 4165//4165 1263//1263 2889//2889
f 1907//1907 3450//3450 4702//4702
f 408//408 1907//1907 4702//4702
f 1906//1906 3451//3451 4703//4703
f 409//409 1906//1906 4703//4703
f 2280//2280 1128//1128 1998//1998
f 992//992 4166//4166 2086//2086
f 1128//1128 2280//2280 578//578
f 4516//4516 1390//1390 3226//3226
f 2281//2281 1129//1129 1999//1999
f 1129//1129 2281//2281 579//579
f 1390//1390 4516//4516 4252//4252
f 4166//4166 2062//2062 2086//2086
f 4515//4515 973//973 4233//4233
f 4515//4515 2321//2321 2341//2341
f 2321//2321 4515//4515 4233//4233
f 254//254 1539//1539 3431//3431
f 973//973 4515//4515 2341//2341
f 1538//1538 253//253 3430//3430
f 4514//4514 972//972 4232//4232
f 252//252 1537//1537 3429//3429
f 4514//4514 2320//2320 2340//2340
f 1536//1536 251//251 3428//3428
f 2320//2320 4514//4514 4232//4232
f 993//993 4167//4167 2087//2087
f 4983//4983 1351//1351 2903//2903
f 972//972 4514//4514 2340//2340
f 4167//4167 2063//2063 2087//2087
f 4982//4982 1350//1350 2902//2902
f 1766//1766 4168//4168 1290//1290
f 1166//1166 4168//4168 432//432
f 2643//2643 4313//4313 1295//1295
f 4313//4313 1253//1253 1295//1295
f 2642//2642 4312//4312 1294//1294
f 4312//4312 1252//1252 1294//1294
f 299//299 4513//4513 2049//2049
f 298//298 4512//4512 2048//2048
f 4509//4509 739//739 3405//3405
f 4508//4508 738//738 3404//3404
f 1927//1927 4507//4507 2661//2661
f 1926//1926 4506//4506 2660//2660
f 309//309 4505//4505 4399//4399
f 1191//1191 4505//4505 3445//3445
f 4505//4505 1191//1191 4399//4399
f 4505//4505 309//309 3445//3445
f 308//308 4504//4504 4398//4398
f 1190//1190 4504//4504 3444//3444
f 5181//5181 1208//1208 234//234
f 233//233 5181//5181 234//234
f 1194//1194 5181//5181 233//233
f 5180//5180 1206//1206 22//22
f 23//23 5180//5180 22//22
f 1192//1192 5180//5180 23//23
f 4504//4504 1190//1190 4398//4398
f 4504//4504 308//308 3444//3444
f 1527//1527 4503//4503 3011//3011
f 2141//2141 4503//4503 1059//1059
f 4503//4503 2141//2141 3011//3011
f 4503//4503 1527//1527 1059//1059
f 1526//1526 4502//4502 3010//3010
f 2140//2140 4502//4502 1058//1058
f 310//310 2292//2292 1780//1780
f 4502//4502 2140//2140 3010//3010
f 4595//4595 3595//3595 1217//1217
f 1297//1297 4595//4595 1217//1217
f 4594//4594 3594//3594 1216//1216
f 1296//1296 4594//4594 1216//1216
f 411//411 4595//4595 4765//4765
f 410//410 4594//4594 4764//4764
f 4502//4502 1526//1526 1058//1058
f 2765//2765 4933//4933 4655//4655
f 311//311 2293//2293 1781//1781
f 2317//2317 4501//4501 4193//4193
f 3641//3641 5478//5478 1601//1601
f 2316//2316 4500//4500 4192//4192
f 285//285 4495//4495 3737//3737
f 2331//2331 4495//4495 2345//2345
f 4495//4495 2331//2331 3737//3737
f 4495//4495 285//285 2345//2345
f 285//285 4494//4494 3736//3736
f 2330//2330 4494//4494 2344//2344
f 1767//1767 4169//4169 1291//1291
f 2294//2294 962//962 2054//2054
f 2294//2294 300//300 2232//2232
f 1167//1167 4169//4169 433//433
f 4494//4494 2330//2330 3736//3736
f 4494//4494 285//285 2344//2344
f 4170//4170 2322//2322 2820//2820
f 2295//2295 963//963 2055//2055
f 2295//2295 301//301 2233//2233
f 2322//2322 4170//4170 944//944
f 4493//4493 1585//1585 4311//4311
f 4493//4493 2291//2291 3679//3679
f 2291//2291 4493//4493 4311//4311
f 1585//1585 4493//4493 3679//3679
f 4492//4492 1584//1584 4310//4310
f 4492//4492 2290//2290 3678//3678
f 2290//2290 4492//4492 4310//4310
f 1584//1584 4492//4492 3678//3678
f 4487//4487 1673//1673 3885//3885
f 602//602 606//606 1111//1111
f 4486//4486 1672//1672 3884//3884
f 1111//1111 606//606 390//390
f 2065//2065 4485//4485 3061//3061
f 2064//2064 4484//4484 3060//3060
f 1957//1957 4483//4483 4032//4032
f 607//607 603//603 1112//1112
f 1956//1956 4482//4482 4033//4033
f 607//607 1112//1112 391//391
f 2087//2087 4481//4481 993//993
f 4481//4481 2087//2087 2969//2969
f 4481//4481 1289//1289 993//993
f 2086//2086 4480//4480 992//992
f 4480//4480 2086//2086 2968//2968
f 4480//4480 1288//1288 992//992
f 637//637 4479//4479 2775//2775
f 636//636 4478//4478 2774//2774
f 2121//2121 4473//4473 1865//1865
f 4473//4473 1035//1035 1865//1865
f 4171//4171 2323//2323 2821//2821
f 2323//2323 4171//4171 945//945
f 4273//4273 943//943 1809//1809
f 942//942 4272//4272 1808//1808
f 4271//4271 941//941 1807//1807
f 940//940 4270//4270 1806//1806
f 2120//2120 4472//4472 1864//1864
f 4472//4472 1034//1034 1864//1864
f 4465//4465 425//425 4456//4456
f 4465//4465 1956//1956 4033//4033
f 1956//1956 4465//4465 4456//4456
f 425//425 4465//4465 4033//4033
f 3289//3289 1753//1753 3041//3041
f 4172//4172 1264//1264 2586//2586
f 4172//4172 1226//1226 2708//2708
f 3288//3288 1752//1752 3040//3040
f 4173//4173 1265//1265 2587//2587
f 4173//4173 1227//1227 2709//2709
f 623//623 399//399 589//589
f 4464//4464 424//424 4457//4457
f 621//621 397//397 587//587
f 4464//4464 1957//1957 4032//4032
f 1957//1957 4464//4464 4457//4457
f 424//424 4464//4464 4032//4032
f 2329//2329 5121//5121 2096//2096
f 2328//2328 5120//5120 2097//2097
f 1543//1543 4463//4463 988//988
f 1542//1542 4462//4462 989//989
f 2327//2327 1087//1087 549//549
f 2221//2221 2327//2327 549//549
f 1086//1086 2326//2326 548//548
f 2326//2326 2220//2220 548//548
f 2325//2325 1085//1085 547//547
f 2219//2219 2325//2325 547//547
f 1084//1084 2324//2324 546//546
f 2324//2324 2218//2218 546//546
f 653//653 4461//4461 2675//2675
f 652//652 4460//4460 2674//2674
f 4174//4174 1714//1714 1254//1254
f 4175//4175 1715//1715 1255//1255
f 4176//4176 1932//1932 2048//2048
f 4176//4176 1114//1114 2480//2480
f 4177//4177 1933//1933 2049//2049
f 4177//4177 1115//1115 2481//2481
f 508//508 4186//4186 2340//2340
f 2140//2140 4186//4186 3010//3010
f 3307//3307 3331//3331 319//319
f 1473//1473 3201//3201 3331//3331
f 1591//1591 4453//4453 3150//3150
f 1657//1657 4453//4453 2747//2747
f 4453//4453 1657//1657 3150//3150
f 1590//1590 4452//4452 3151//3151
f 3330//3330 3306//3306 318//318
f 3200//3200 1472//1472 3330//3330
f 1656//1656 4452//4452 2746//2746
f 4452//4452 1656//1656 3151//3151
f 3305//3305 3329//3329 317//317
f 4445//4445 485//485 4251//4251
f 1471//1471 3199//3199 3329//3329
f 1957//1957 4445//4445 4251//4251
f 3328//3328 3304//3304 316//316
f 3198//3198 1470//1470 3328//3328
f 1513//1513 3095//3095 3238//3238
f 1515//1515 3097//3097 3239//3239
f 485//485 4445//4445 2571//2571
f 4444//4444 484//484 4250//4250
f 1973//1973 3995//3995 981//981
f 981//981 3995//3995 343//343
f 1956//1956 4444//4444 4250//4250
f 484//484 4444//4444 2570//2570
f 347//347 353//353 3965//3965
f 1972//1972 3993//3993 979//979
f 4443//4443 531//531 2493//2493
f 4443//4443 2063//2063 2435//2435
f 352//352 346//346 3964//3964
f 979//979 3993//3993 341//341
f 2063//2063 4443//4443 2493//2493
f 531//531 4443//4443 2435//2435
f 345//345 351//351 3963//3963
f 4186//4186 2140//2140 2340//2340
f 4525//4525 4415//4415 1655//1655
f 4442//4442 530//530 2492//2492
f 2725//2725 4525//4525 1655//1655
f 4524//4524 4414//4414 1654//1654
f 4442//4442 2062//2062 2434//2434
f 2724//2724 4524//4524 1654//1654
f 350//350 344//344 3962//3962
f 4027//4027 1801//1801 3901//3901
f 509//509 4187//4187 2341//2341
f 2141//2141 4187//4187 3011//3011
f 2062//2062 4442//4442 2492//2492
f 4187//4187 2141//2141 2341//2341
f 2159//2159 4353//4353 56//56
f 604//604 608//608 1113//1113
f 561//561 2289//2289 2197//2197
f 530//530 4442//4442 2434//2434
f 561//561 2197//2197 2369//2369
f 2288//2288 560//560 2196//2196
f 4026//4026 1800//1800 3899//3899
f 2196//2196 560//560 2368//2368
f 559//559 2287//2287 2195//2195
f 4352//4352 2158//2158 200//200
f 5478//5478 3641//3641 5249//5249
f 559//559 2195//2195 2367//2367
f 2286//2286 558//558 2194//2194
f 4441//4441 1899//1899 3737//3737
f 2157//2157 4351//4351 200//200
f 2194//2194 558//558 2366//2366
f 4441//4441 2331//2331 1079//1079
f 4350//4350 2156//2156 56//56
f 2331//2331 4441//4441 3737//3737
f 1899//1899 4441//4441 1079//1079
f 4440//4440 1898//1898 3736//3736
f 4440//4440 2330//2330 1078//1078
f 2330//2330 4440//4440 3736//3736
f 1898//1898 4440//4440 1078//1078
f 4431//4431 2193//2193 2989//2989
f 4431//4431 1527//1527 1049//1049
f 4430//4430 2192//2192 2988//2988
f 4430//4430 1526//1526 1048//1048
f 691//691 4429//4429 3477//3477
f 4429//4429 763//763 3477//3477
f 440//440 1402//1402 2788//2788
f 441//441 1403//1403 2789//2789
f 690//690 4428//4428 3476//3476
f 4428//4428 762//762 3476//3476
f 983//983 4425//4425 3655//3655
f 1249//1249 4425//4425 3311//3311
f 4425//4425 1249//1249 3655//3655
f 4425//4425 983//983 3311//3311
f 982//982 4424//4424 3654//3654
f 1248//1248 4424//4424 3310//3310
f 4424//4424 1248//1248 3654//3654
f 4424//4424 982//982 3310//3310
f 1113//1113 608//608 392//392
f 1510//1510 760//760 1497//1497
f 5478//5478 3519//3519 1601//1601
f 1508//1508 758//758 1496//1496
f 1176//1176 1206//1206 572//572
f 2154//2154 4192//4192 2836//2836
f 4423//4423 1527//1527 3011//3011
f 4423//4423 2139//2139 1049//1049
f 2139//2139 4423//4423 3011//3011
f 1527//1527 4423//4423 1049//1049
f 4422//4422 1526//1526 3010//3010
f 4422//4422 2138//2138 1048//1048
f 2138//2138 4422//4422 3010//3010
f 1526//1526 4422//4422 1048//1048
f 851//851 4417//4417 2645//2645
f 850//850 4416//4416 2644//2644
f 4411//4411 1237//1237 3825//3825
f 4411//4411 1693//1693 2651//2651
f 1693//1693 4411//4411 3825//3825
f 4410//4410 1236//1236 3824//3824
f 4410//4410 1692//1692 2650//2650
f 1692//1692 4410//4410 3824//3824
f 1203//1203 4409//4409 439//439
f 1202//1202 4408//4408 438//438
f 4407//4407 1263//1263 3433//3433
f 4407//4407 899//899 2987//2987
f 4406//4406 1262//1262 3432//3432
f 4406//4406 898//898 2986//2986
f 1029//1029 4405//4405 4327//4327
f 4405//4405 1935//1935 4327//4327
f 1028//1028 4404//4404 4326//4326
f 4192//4192 2154//2154 2316//2316
f 4404//4404 1934//1934 4326//4326
f 1178//1178 1208//1208 573//573
f 1181//1181 234//234 235//235
f 623//623 1181//1181 235//235
f 1181//1181 2561//2561 234//234
f 609//609 605//605 1110//1110
f 4801//4801 2583//2583 4773//4773
f 2447//2447 4801//4801 4773//4773
f 4800//4800 2582//2582 4772//4772
f 2446//2446 4800//4800 4772//4772
f 1180//1180 22//22 21//21
f 621//621 1180//1180 21//21
f 1180//1180 2560//2560 22//22
f 609//609 1110//1110 393//393
f 6//6 4403//4403 5//5
f 2581//2581 4329//4329 2717//2717
f 283//283 1161//1161 1151//1151
f 2580//2580 4328//4328 2716//2716
f 4402//4402 13//13 14//14
f 284//284 1163//1163 1153//1153
f 13//13 4401//4401 14//14
f 4400//4400 6//6 5//5
f 4399//4399 2118//2118 309//309
f 2155//2155 4193//4193 2837//2837
f 4398//4398 2119//2119 308//308
f 4397//4397 1997//1997 4002//4002
f 4193//4193 2155//2155 2317//2317
f 4397//4397 2464//2464 938//938
f 2464//2464 4397//4397 4002//4002
f 4396//4396 1996//1996 4003//4003
f 4396//4396 2465//2465 939//939
f 1044//1044 2314//2314 1934//1934
f 2465//2465 4396//4396 4003//4003
f 599//599 4393//4393 2569//2569
f 2123//2123 4393//4393 2453//2453
f 1045//1045 2315//2315 1935//1935
f 4105//4105 4471//4471 3193//3193
f 4471//4471 4105//4105 1295//1295
f 2327//2327 381//381 1163//1163
f 4471//4471 4175//4175 1255//1255
f 4104//4104 4470//4470 3192//3192
f 4470//4470 4104//4104 1294//1294
f 2325//2325 379//379 1161//1161
f 4470//4470 4174//4174 1254//1254
f 4393//4393 2123//2123 2569//2569
f 4393//4393 599//599 2453//2453
f 4194//4194 508//508 2332//2332
f 1028//1028 2316//2316 2154//2154
f 1029//1029 2317//2317 2155//2155
f 598//598 4392//4392 2568//2568
f 2122//2122 4392//4392 2452//2452
f 4392//4392 2122//2122 2568//2568
f 4194//4194 2138//2138 3010//3010
f 4392//4392 598//598 2452//2452
f 4391//4391 2239//2239 1059//1059
f 2239//2239 4391//4391 2989//2989
f 1527//1527 4391//4391 1059//1059
f 4390//4390 2238//2238 1058//1058
f 2238//2238 4390//4390 2988//2988
f 2138//2138 4194//4194 2332//2332
f 1526//1526 4390//4390 1058//1058
f 5094//5094 1350//1350 1356//1356
f 4389//4389 1281//1281 2701//2701
f 4195//4195 509//509 2333//2333
f 1546//1546 3162//3162 1524//1524
f 4389//4389 1367//1367 2641//2641
f 4388//4388 1280//1280 2700//2700
f 1356//1356 1350//1350 428//428
f 4388//4388 1366//1366 2640//2640
f 4387//4387 242//242 3137//3137
f 1544//1544 3160//3160 1522//1522
f 242//242 4387//4387 1847//1847
f 4386//4386 241//241 3136//3136
f 241//241 4386//4386 1846//1846
f 4385//4385 1347//1347 679//679
f 4384//4384 1346//1346 678//678
f 893//893 4383//4383 3703//3703
f 2189//2189 4383//4383 2333//2333
f 4837//4837 2833//2833 1359//1359
f 1359//1359 4947//4947 4837//4837
f 4383//4383 2189//2189 3703//3703
f 4836//4836 2832//2832 1358//1358
f 1358//1358 4946//4946 4836//4836
f 4383//4383 893//893 2333//2333
f 892//892 4382//4382 3702//3702
f 2188//2188 4382//4382 2332//2332
f 1075//1075 1091//1091 2381//2381
f 1075//1075 2213//2213 1091//1091
f 571//571 1075//1075 2381//2381
f 1090//1090 1074//1074 2380//2380
f 2212//2212 1074//1074 1090//1090
f 1074//1074 570//570 2380//2380
f 1073//1073 1089//1089 2379//2379
f 1073//1073 2211//2211 1089//1089
f 569//569 1073//1073 2379//2379
f 1088//1088 1072//1072 2378//2378
f 2210//2210 1072//1072 1088//1088
f 1072//1072 568//568 2378//2378
f 4382//4382 2188//2188 3702//3702
f 4382//4382 892//892 2332//2332
f 1865//1865 4379//4379 3445//3445
f 4379//4379 1191//1191 3445//3445
f 1864//1864 4378//4378 3444//3444
f 4378//4378 1190//1190 3444//3444
f 429//429 4377//4377 2763//2763
f 428//428 4376//4376 2762//2762
f 1077//1077 4375//4375 2569//2569
f 1887//1887 4375//4375 1261//1261
f 4375//4375 1887//1887 2569//2569
f 1076//1076 4374//4374 2568//2568
f 1886//1886 4374//4374 1260//1260
f 2318//2318 1172//1172 2068//2068
f 4374//4374 1886//1886 2568//2568
f 2319//2319 1173//1173 2069//2069
f 4373//4373 1697//1697 3787//3787
f 4373//4373 2481//2481 1115//1115
f 4195//4195 2139//2139 3011//3011
f 2481//2481 4373//4373 3787//3787
f 4372//4372 1696//1696 3786//3786
f 2139//2139 4195//4195 2333//2333
f 4372//4372 2480//2480 1114//1114
f 2480//2480 4372//4372 3786//3786
f 1585//1585 4371//4371 4311//4311
f 1985//1985 4371//4371 2943//2943
f 4371//4371 1985//1985 4311//4311
f 1584//1584 4370//4370 4310//4310
f 1984//1984 4370//4370 2942//2942
f 4370//4370 1984//1984 4310//4310
f 4369//4369 1029//1029 4239//4239
f 4369//4369 2241//2241 2275//2275
f 4325//4325 1557//1557 3043//3043
f 1078//1078 2320//2320 1898//1898
f 2241//2241 4369//4369 4239//4239
f 1079//1079 2321//2321 1899//1899
f 4324//4324 1556//1556 3042//3042
f 4368//4368 1028//1028 4238//4238
f 4368//4368 2240//2240 2274//2274
f 2240//2240 4368//4368 4238//4238
f 5095//5095 1351//1351 1357//1357
f 4367//4367 2003//2003 1673//1673
f 2003//2003 4367//4367 3323//3323
f 1357//1357 1351//1351 429//429
f 3162//3162 3140//3140 1524//1524
f 3160//3160 3138//3138 1522//1522
f 1308//1308 4196//4196 642//642
f 1309//1309 4197//4197 643//643
f 1012//1012 4572//4572 3568//3568
f 2182//2182 51//51 5280//5280
f 4366//4366 2002//2002 1672//1672
f 2002//2002 4366//4366 3322//3322
f 1010//1010 4570//4570 3566//3566
f 5280//5280 51//51 50//50
f 4573//4573 1013//1013 3569//3569
f 2021//2021 4365//4365 2699//2699
f 4571//4571 1011//1011 3567//3567
f 2020//2020 4364//4364 2698//2698
f 4611//4611 539//539 2047//2047
f 1949//1949 4361//4361 1307//1307
f 2415//2415 553//553 1087//1087
f 552//552 2414//2414 1086//1086
f 2413//2413 551//551 1085//1085
f 550//550 2412//2412 1084//1084
f 538//538 4610//4610 2046//2046
f 4361//4361 1027//1027 1307//1307
f 4609//4609 537//537 2045//2045
f 1948//1948 4360//4360 1306//1306
f 536//536 4608//4608 2044//2044
f 4360//4360 1026//1026 1306//1306
f 4359//4359 1607//1607 1327//1327
f 1607//1607 4359//4359 601//601
f 1165//1165 4359//4359 1327//1327
f 4358//4358 1606//1606 1326//1326
f 1606//1606 4358//4358 600//600
f 1164//1164 4358//4358 1326//1326
f 2096//2096 4355//4355 2057//2057
f 4355//4355 1137//1137 2057//2057
f 2097//2097 4354//4354 2056//2056
f 4354//4354 1136//1136 2056//2056
f 1270//1270 4322//4322 1768//1768
f 56//56 4353//4353 55//55
f 4198//4198 666//666 2514//2514
f 4352//4352 200//200 201//201
f 1271//1271 4323//4323 1769//1769
f 200//200 4351//4351 201//201
f 4198//4198 1836//1836 3108//3108
f 4350//4350 56//56 55//55
f 4347//4347 1583//1583 3257//3257
f 1583//1583 4347//4347 889//889
f 4346//4346 1582//1582 3256//3256
f 1582//1582 4346//4346 888//888
f 4345//4345 1585//1585 4327//4327
f 2299//2299 2353//2353 629//629
f 4345//4345 1935//1935 2943//2943
f 4199//4199 667//667 2515//2515
f 1935//1935 4345//4345 4327//4327
f 2352//2352 2298//2298 628//628
f 4344//4344 1584//1584 4326//4326
f 4199//4199 1837//1837 3109//3109
f 4344//4344 1934//1934 2942//2942
f 2297//2297 2351//2351 627//627
f 1934//1934 4344//4344 4326//4326
f 615//615 575//575 1111//1111
f 617//617 577//577 1113//1113
f 2350//2350 2296//2296 626//626
f 944//944 4202//4202 2322//2322
f 2142//2142 4202//4202 2348//2348
f 2187//2187 4343//4343 1903//1903
f 4343//4343 1027//1027 1903//1903
f 2186//2186 4342//4342 1902//1902
f 4342//4342 1026//1026 1902//1902
f 4333//4333 1941//1941 2489//2489
f 1189//1189 4333//4333 2489//2489
f 2332//2332 892//892 2138//2138
f 4332//4332 1940//1940 2488//2488
f 1188//1188 4332//4332 2488//2488
f 4331//4331 2091//2091 1582//1582
f 2333//2333 893//893 2139//2139
f 4202//4202 2142//2142 2322//2322
f 4330//4330 2090//2090 1583//1583
f 945//945 4203//4203 2323//2323
f 1029//1029 4327//4327 4239//4239
f 4327//4327 1585//1585 4239//4239
f 1028//1028 4326//4326 4238//4238
f 4326//4326 1584//1584 4238//4238
f 4323//4323 1271//1271 2589//2589
f 4322//4322 1270//1270 2588//2588
f 4319//4319 681//681 2519//2519
f 4318//4318 680//680 2518//2518
f 4317//4317 871//871 3257//3257
f 4317//4317 2090//2090 1280//1280
f 2090//2090 4317//4317 3257//3257
f 4316//4316 870//870 3256//3256
f 4316//4316 2091//2091 1281//1281
f 2091//2091 4316//4316 3256//3256
f 4637//4637 645//645 1247//1247
f 4315//4315 2065//2065 3061//3061
f 4314//4314 2064//2064 3060//3060
f 4636//4636 644//644 1246//1246
f 2184//2184 205//205 5281//5281
f 5281//5281 205//205 206//206
f 1253//1253 4313//4313 733//733
f 1252//1252 4312//4312 732//732
f 4311//4311 999//999 2291//2291
f 4310//4310 998//998 2290//2290
f 2459//2459 4309//4309 619//619
f 2458//2458 4308//4308 618//618
f 2143//2143 4203//4203 2349//2349
f 4307//4307 2209//2209 3727//3727
f 4203//4203 2143//2143 2323//2323
f 4306//4306 2208//2208 3726//3726
f 2505//2505 4301//4301 1097//1097
f 2504//2504 4300//4300 1096//1096
f 4295//4295 1993//1993 2339//2339
f 4295//4295 993//993 1289//1289
f 4294//4294 1992//1992 2338//2338
f 4294//4294 992//992 1288//1288
f 1263//1263 4293//4293 2889//2889
f 1262//1262 4292//4292 2888//2888
f 4289//4289 889//889 2281//2281
f 4289//4289 1999//1999 1583//1583
f 1999//1999 4289//4289 2281//2281
f 889//889 4289//4289 1583//1583
f 4288//4288 888//888 2280//2280
f 4288//4288 1998//1998 1582//1582
f 3747//3747 3699//3699 3779//3779
f 1138//1138 2338//2338 1992//1992
f 3513//3513 3779//3779 3699//3699
f 205//205 2183//2183 5278//5278
f 1998//1998 4288//4288 2280//2280
f 3778//3778 3512//3512 3698//3698
f 3745//3745 3697//3697 3777//3777
f 1139//1139 2339//2339 1993//1993
f 3511//3511 3777//3777 3697//3697
f 205//205 5278//5278 206//206
f 888//888 4288//4288 1582//1582
f 3776//3776 3510//3510 3696//3696
f 405//405 4204//4204 1116//1116
f 406//406 4205//4205 1117//1117
f 4208//4208 1286//1286 3176//3176
f 4208//4208 640//640 3470//3470
f 4209//4209 1287//1287 3177//3177
f 972//972 2340//2340 2140//2140
f 4209//4209 641//641 3471//3471
f 847//847 4283//4283 1837//1837
f 51//51 2185//2185 5279//5279
f 51//51 5279//5279 50//50
f 973//973 2341//2341 2141//2141
f 846//846 4282//4282 1836//1836
f 2193//2193 4279//4279 2989//2989
f 2192//2192 4278//4278 2988//2988
f 4277//4277 1465//1465 3555//3555
f 4277//4277 2495//2495 851//851
f 1907//1907 4210//4210 1652//1652
f 1906//1906 4211//4211 1653//1653
f 452//452 4212//4212 1202//1202
f 5049//5049 949//949 923//923
f 949//949 5049//5049 5115//5115
f 453//453 4213//4213 1203//1203
f 948//948 5048//5048 922//922
f 5048//5048 948//948 5114//5114
f 128//128 4214//4214 129//129
f 5047//5047 947//947 921//921
f 947//947 5047//5047 5113//5113
f 1346//1346 4384//4384 1408//1408
f 2495//2495 4277//4277 3555//3555
f 946//946 5046//5046 920//920
f 5046//5046 946//946 5112//5112
f 4276//4276 1464//1464 3554//3554
f 4276//4276 2494//2494 850//850
f 2494//2494 4276//4276 3554//3554
f 4275//4275 1543//1543 3023//3023
f 4275//4275 1573//1573 2673//2673
f 1573//1573 4275//4275 3023//3023
f 4274//4274 1542//1542 3022//3022
f 4274//4274 1572//1572 2672//2672
f 1572//1572 4274//4274 3022//3022
f 2199//2199 4263//4263 2613//2613
f 403//403 4263//4263 1795//1795
f 2198//2198 4262//4262 2612//2612
f 4384//4384 2706//2706 1408//1408
f 1347//1347 4385//4385 1409//1409
f 402//402 4262//4262 1794//1794
f 1391//1391 4253//4253 3707//3707
f 2124//2124 61//61 60//60
f 4253//4253 2431//2431 3707//3707
f 2124//2124 5176//5176 61//61
f 1390//1390 4252//4252 3706//3706
f 4252//4252 2430//2430 3706//3706
f 4251//4251 2003//2003 1957//1957
f 2003//2003 4251//4251 3061//3061
f 4250//4250 2002//2002 1956//1956
f 2002//2002 4250//4250 3060//3060
f 4249//4249 2253//2253 3099//3099
f 4248//4248 2252//2252 3098//3098
f 4968//4968 1464//1464 3690//3690
f 1692//1692 4968//4968 3690//3690
f 4968//4968 1692//1692 2696//2696
f 2346//2346 1076//1076 2122//2122
f 195//195 2125//2125 196//196
f 1076//1076 2346//2346 2106//2106
f 4969//4969 1465//1465 3691//3691
f 1693//1693 4969//4969 3691//3691
f 2347//2347 1077//1077 2123//2123
f 5177//5177 2125//2125 195//195
f 1077//1077 2347//2347 2107//2107
f 4969//4969 1693//1693 2697//2697
f 693//693 4247//4247 2953//2953
f 4247//4247 693//693 1301//1301
f 2126//2126 195//195 196//196
f 692//692 4246//4246 2952//2952
f 4246//4246 692//692 1300//1300
f 969//969 4245//4245 4163//4163
f 2015//2015 4245//4245 2179//2179
f 2126//2126 5178//5178 195//195
f 4245//4245 2015//2015 4163//4163
f 968//968 4244//4244 4162//4162
f 2014//2014 4244//4244 2178//2178
f 4244//4244 2014//2014 4162//4162
f 3905//3905 739//739 3577//3577
f 3904//3904 738//738 3576//3576
f 4239//4239 1585//1585 3679//3679
f 2241//2241 4239//4239 3679//3679
f 4238//4238 1584//1584 3678//3678
f 2240//2240 4238//4238 3678//3678
f 4157//4157 1201//1201 625//625
f 4156//4156 1200//1200 624//624
f 2019//2019 4237//4237 1881//1881
f 2018//2018 4236//4236 1880//1880
f 899//899 4235//4235 2987//2987
f 807//807 4235//4235 2905//2905
f 898//898 4234//4234 2986//2986
f 806//806 4234//4234 2904//2904
f 4233//4233 1899//1899 2321//2321
f 4233//4233 973//973 1293//1293
f 4232//4232 1898//1898 2320//2320
f 4232//4232 972//972 1292//1292
f 4231//4231 2056//2056 1996//1996
f 2056//2056 4231//4231 2097//2097
f 4230//4230 2057//2057 1997//1997
f 2057//2057 4230//4230 2096//2096
f 2348//2348 1128//1128 2142//2142
f 2349//2349 1129//1129 2143//2143
f 3236//3236 1670//1670 2536//2536
f 3237//3237 1671//1671 2537//2537
f 4930//4930 1266//1266 1004//1004
f 2152//2152 4930//4930 1004//1004
f 4931//4931 1267//1267 1005//1005
f 2153//2153 4931//4931 1005//1005
f 1211//1211 4221//4221 2651//2651
f 1210//1210 4220//4220 2650//2650
f 1951//1951 4217//4217 2393//2393
f 4217//4217 389//389 2393//2393
f 1950//1950 4216//4216 2392//2392
f 61//61 2127//2127 60//60
f 4216//4216 388//388 2392//2392
f 5179//5179 2127//2127 61//61
f 128//128 4215//4215 127//127
f 4385//4385 2707//2707 1409//1409
f 5452//5452 877//877 1717//1717
f 5452//5452 1733//1733 480//480
f 1733//1733 5452//5452 1717//1717
f 877//877 5452//5452 480//480
f 5453//5453 879//879 1719//1719
f 5453//5453 1735//1735 481//481
f 1735//1735 5453//5453 1719//1719
f 879//879 5453//5453 481//481
f 876//876 5454//5454 1716//1716
f 1732//1732 5454//5454 3334//3334
f 5454//5454 1732//1732 1716//1716
f 5454//5454 876//876 3334//3334
f 878//878 5455//5455 1718//1718
f 1734//1734 5455//5455 3335//3335
f 5455//5455 1734//1734 1718//1718
f 5455//5455 878//878 3335//3335
f 132//132 5456//5456 133//133
f 4651//4651 5456//5456 4496//4496
f 5456//5456 4651//4651 133//133
f 5456//5456 132//132 4496//4496
f 124//124 5457//5457 123//123
f 4653//4653 5457//5457 4497//4497
f 5457//5457 4653//4653 123//123
f 5457//5457 124//124 4497//4497
f 2711//2711 4565//4565 5459//5459
f 5188//5188 5458//5458 5444//5444
f 5458//5458 5188//5188 2710//2710
f 5458//5458 696//696 5444//5444
f 5459//5459 4565//4565 698//698
f 5189//5189 5459//5459 5445//5445
f 5459//5459 5189//5189 2711//2711
f 5459//5459 698//698 5445//5445
f 3805//3805 5460//5460 959//959
f 3865//3865 5460//5460 865//865
f 5460//5460 3865//3865 959//959
f 5460//5460 3805//3805 865//865
f 3807//3807 5461//5461 961//961
f 3867//3867 5461//5461 867//867
f 5461//5461 3867//3867 961//961
f 5461//5461 3807//3807 867//867
f 5462//5462 2991//2991 1382//1382
f 5462//5462 4856//4856 5146//5146
f 4856//4856 5462//5462 1382//1382
f 2991//2991 5462//5462 5146//5146
f 5463//5463 2993//2993 1383//1383
f 5463//5463 4857//4857 5148//5148
f 4857//4857 5463//5463 1383//1383
f 2993//2993 5463//5463 5148//5148
f 5464//5464 6//6 5300//5300
f 5464//5464 4188//4188 5264//5264
f 4188//4188 5464//5464 5300//5300
f 6//6 5464//5464 5264//5264
f 5465//5465 13//13 5301//5301
f 5465//5465 4190//4190 5265//5265
f 4190//4190 5465//5465 5301//5301
f 13//13 5465//5465 5265//5265
f 5466//5466 1214//1214 3702//3702
f 5466//5466 4654//4654 4932//4932
f 4654//4654 5466//5466 3702//3702
f 1214//1214 5466//5466 4932//4932
f 5467//5467 1215//1215 3703//3703
f 5467//5467 4655//4655 4933//4933
f 4655//4655 5467//5467 3703//3703
f 1215//1215 5467//5467 4933//4933
f 5468//5468 786//786 330//330
f 5468//5468 5146//5146 4856//4856
f 5146//5146 5468//5468 330//330
f 786//786 5468//5468 4856//4856
f 5469//5469 788//788 331//331
f 5469//5469 5148//5148 4857//4857
f 5148//5148 5469//5469 331//331
f 788//788 5469//5469 4857//4857
f 324//324 5470//5470 3738//3738
f 1724//1724 5470//5470 3896//3896
f 5470//5470 1724//1724 3738//3738
f 5470//5470 324//324 3896//3896
f 326//326 5471//5471 3739//3739
f 1725//1725 5471//5471 3897//3897
f 5471//5471 1725//1725 3739//3739
f 5471//5471 326//326 3897//3897
f 5472//5472 696//696 4922//4922
f 5472//5472 4754//4754 115//115
f 4754//4754 5472//5472 4922//4922
f 696//696 5472//5472 115//115
f 5473//5473 698//698 4923//4923
f 5473//5473 4756//4756 141//141
f 4756//4756 5473//5473 4923//4923
f 698//698 5473//5473 141//141
f 5474//5474 565//565 602//602
f 5474//5474 1111//1111 363//363
f 1111//1111 5474//5474 602//602
f 565//565 5474//5474 363//363
f 5475//5475 567//567 604//604
f 5475//5475 1113//1113 365//365
f 1113//1113 5475//5475 604//604
f 567//567 5475//5475 365//365
f 958//958 5476//5476 2108//2108
f 4092//4092 5476//5476 3804//3804
f 5476//5476 4092//4092 2108//2108
f 5476//5476 958//958 3804//3804
f 960//960 5477//5477 2110//2110
f 4094//4094 5477//5477 3806//3806
f 5477//5477 4094//4094 2110//2110
f 5477//5477 960//960 3806//3806