# https://github.com/mikedh/trimesh
v -56.63755500 -1160.00000000 -1.06445800
v -61.63755500 -1155.00000000 -1.06445800
v -51.63755500 -1155.00000000 -11.06445800
v -51.63755500 -1160.00000000 -6.06445800
v -51.63755500 -1155.00000000 48.93554200
v -51.63755500 -1160.00000000 43.93554200
v -11.63755500 -1160.00000000 43.93554200
v -11.63755500 -1155.00000000 48.93554200
v -61.63755500 -1155.00000000 38.93554200
v -56.63755500 -1160.00000000 38.93554200
v -61.63755500 -5.00000000 -1.06445800
v -51.63755500 -5.00000000 -11.06445800
v -11.63755500 -5.00000000 -11.06445800
v -11.63755500 -1155.00000000 -11.06445800
v -6.63755500 0.00000000 38.93554200
v -1.63755500 -5.00000000 38.93554200
v -1.63755500 -5.00000000 -1.06445800
v -6.63755500 0.00000000 -1.06445800
v -11.63755500 0.00000000 -6.06445800
v -11.63755500 0.00000000 43.93554200
v -11.63755500 -5.00000000 48.93554200
v -51.63755500 0.00000000 -6.06445800
v -51.63755500 0.00000000 43.93554200
v -51.63755500 -5.00000000 48.93554200
v -56.63755500 0.00000000 -1.06445800
v -56.63755500 0.00000000 38.93554200
v -61.63755500 -5.00000000 38.93554200
v -1.63755500 -1155.00000000 38.93554200
v -6.63755500 -1160.00000000 38.93554200
v -6.63755500 -1160.00000000 -1.06445800
v -1.63755500 -1155.00000000 -1.06445800
v -11.63755500 -1160.00000000 -6.06445800
v -60.17308900 -1158.53553400 -1.06445800
v -58.70862300 -1155.00000000 -8.13552600
v -51.63755500 -1158.53553400 -9.59999200
v -55.17308900 -1160.00000000 -4.59999200
v -51.63755500 -1158.53553400 47.47107600
v -41.63755500 -1160.00000000 43.93554200
v -31.63755500 -1160.00000000 43.93554200
v -21.63755500 -1160.00000000 43.93554200
v -11.63755500 -1158.53553400 47.47107600
v -41.63755500 -1155.00000000 48.93554200
v -31.63755500 -1155.00000000 48.93554200
v -21.63755500 -1155.00000000 48.93554200
v -60.17308900 -1158.53553400 38.93554200
v -55.17308900 -1160.00000000 42.47107600
v -58.70862300 -1155.00000000 46.00661000
v -61.63755500 -1143.38383800 -1.06445800
v -61.63755500 -1131.76767700 -1.06445800
v -61.63755500 -1120.15151500 -1.06445800
v -61.63755500 -1108.53535400 -1.06445800
v -61.63755500 -1096.91919200 -1.06445800
v -61.63755500 -1085.30303000 -1.06445800
v -61.63755500 -1073.68686900 -1.06445800
v -61.63755500 -1062.07070700 -1.06445800
v -61.63755500 -1050.45454500 -1.06445800
v -61.63755500 -1038.83838400 -1.06445800
v -61.63755500 -1027.22222200 -1.06445800
v -61.63755500 -1015.60606100 -1.06445800
v -61.63755500 -1003.98989900 -1.06445800
v -61.63755500 -992.37373700 -1.06445800
v -61.63755500 -980.75757600 -1.06445800
v -61.63755500 -969.14141400 -1.06445800
v -61.63755500 -957.52525300 -1.06445800
v -61.63755500 -945.90909100 -1.06445800
v -61.63755500 -934.29292900 -1.06445800
v -61.63755500 -922.67676800 -1.06445800
v -61.63755500 -911.06060600 -1.06445800
v -61.63755500 -899.44444400 -1.06445800
v -61.63755500 -887.82828300 -1.06445800
v -61.63755500 -876.21212100 -1.06445800
v -61.63755500 -864.59596000 -1.06445800
v -61.63755500 -852.97979800 -1.06445800
v -61.63755500 -841.36363600 -1.06445800
v -61.63755500 -829.74747500 -1.06445800
v -61.63755500 -818.13131300 -1.06445800
v -61.63755500 -806.51515200 -1.06445800
v -61.63755500 -794.89899000 -1.06445800
v -61.63755500 -783.28282800 -1.06445800
v -61.63755500 -771.66666700 -1.06445800
v -61.63755500 -760.05050500 -1.06445800
v -61.63755500 -748.43434300 -1.06445800
v -61.63755500 -736.81818200 -1.06445800
v -61.63755500 -725.20202000 -1.06445800
v -61.63755500 -713.58585900 -1.06445800
v -61.63755500 -701.96969700 -1.06445800
v -61.63755500 -690.35353500 -1.06445800
v -61.63755500 -678.73737400 -1.06445800
v -61.63755500 -667.12121200 -1.06445800
v -61.63755500 -655.50505100 -1.06445800
v -61.63755500 -643.88888900 -1.06445800
v -61.63755500 -632.27272700 -1.06445800
v -61.63755500 -620.65656600 -1.06445800
v -61.63755500 -609.04040400 -1.06445800
v -61.63755500 -597.42424200 -1.06445800
v -61.63755500 -585.80808100 -1.06445800
v -61.63755500 -574.19191900 -1.06445800
v -61.63755500 -562.57575800 -1.06445800
v -61.63755500 -550.95959600 -1.06445800
v -61.63755500 -539.34343400 -1.06445800
v -61.63755500 -527.72727300 -1.06445800
v -61.63755500 -516.11111100 -1.06445800
v -61.63755500 -504.49494900 -1.06445800
v -61.63755500 -492.87878800 -1.06445800
v -61.63755500 -481.26262600 -1.06445800
v -61.63755500 -469.64646500 -1.06445800
v -61.63755500 -458.03030300 -1.06445800
v -61.63755500 -446.41414100 -1.06445800
v -61.63755500 -434.79798000 -1.06445800
v -61.63755500 -423.18181800 -1.06445800
v -61.63755500 -411.56565700 -1.06445800
v -61.63755500 -399.94949500 -1.06445800
v -61.63755500 -388.33333300 -1.06445800
v -61.63755500 -376.71717200 -1.06445800
v -61.63755500 -365.10101000 -1.06445800
v -61.63755500 -353.48484800 -1.06445800
v -61.63755500 -341.86868700 -1.06445800
v -61.63755500 -330.25252500 -1.06445800
v -61.63755500 -318.63636400 -1.06445800
v -61.63755500 -307.02020200 -1.06445800
v -61.63755500 -295.40404000 -1.06445800
v -61.63755500 -283.78787900 -1.06445800
v -61.63755500 -272.17171700 -1.06445800
v -61.63755500 -260.55555600 -1.06445800
v -61.63755500 -248.93939400 -1.06445800
v -61.63755500 -237.32323200 -1.06445800
v -61.63755500 -225.70707100 -1.06445800
v -61.63755500 -214.09090900 -1.06445800
v -61.63755500 -202.47474700 -1.06445800
v -61.63755500 -190.85858600 -1.06445800
v -61.63755500 -179.24242400 -1.06445800
v -61.63755500 -167.62626300 -1.06445800
v -61.63755500 -156.01010100 -1.06445800
v -61.63755500 -144.39393900 -1.06445800
v -61.63755500 -132.77777800 -1.06445800
v -61.63755500 -121.16161600 -1.06445800
v -61.63755500 -109.54545500 -1.06445800
v -61.63755500 -97.92929300 -1.06445800
v -61.63755500 -86.31313100 -1.06445800
v -61.63755500 -74.69697000 -1.06445800
v -61.63755500 -63.08080800 -1.06445800
v -61.63755500 -51.46464600 -1.06445800
v -61.63755500 -39.84848500 -1.06445800
v -61.63755500 -28.23232300 -1.06445800
v -61.63755500 -16.61616200 -1.06445800
v -58.70862300 -5.00000000 -8.13552600
v -51.63755500 -1143.38383800 -11.06445800
v -51.63755500 -1131.76767700 -11.06445800
v -51.63755500 -1120.15151500 -11.06445800
v -51.63755500 -1108.53535400 -11.06445800
v -51.63755500 -1096.91919200 -11.06445800
v -51.63755500 -1085.30303000 -11.06445800
v -51.63755500 -1073.68686900 -11.06445800
v -51.63755500 -1062.07070700 -11.06445800
v -51.63755500 -1050.45454500 -11.06445800
v -51.63755500 -1038.83838400 -11.06445800
v -51.63755500 -1027.22222200 -11.06445800
v -51.63755500 -1015.60606100 -11.06445800
v -51.63755500 -1003.98989900 -11.06445800
v -51.63755500 -992.37373700 -11.06445800
v -51.63755500 -980.75757600 -11.06445800
v -51.63755500 -969.14141400 -11.06445800
v -51.63755500 -957.52525300 -11.06445800
v -51.63755500 -945.90909100 -11.06445800
v -51.63755500 -934.29292900 -11.06445800
v -51.63755500 -922.67676800 -11.06445800
v -51.63755500 -911.06060600 -11.06445800
v -51.63755500 -899.44444400 -11.06445800
v -51.63755500 -887.82828300 -11.06445800
v -51.63755500 -876.21212100 -11.06445800
v -51.63755500 -864.59596000 -11.06445800
v -51.63755500 -852.97979800 -11.06445800
v -51.63755500 -841.36363600 -11.06445800
v -51.63755500 -829.74747500 -11.06445800
v -51.63755500 -818.13131300 -11.06445800
v -51.63755500 -806.51515200 -11.06445800
v -51.63755500 -794.89899000 -11.06445800
v -51.63755500 -783.28282800 -11.06445800
v -51.63755500 -771.66666700 -11.06445800
v -51.63755500 -760.05050500 -11.06445800
v -51.63755500 -748.43434300 -11.06445800
v -51.63755500 -736.81818200 -11.06445800
v -51.63755500 -725.20202000 -11.06445800
v -51.63755500 -713.58585900 -11.06445800
v -51.63755500 -701.96969700 -11.06445800
v -51.63755500 -690.35353500 -11.06445800
v -51.63755500 -678.73737400 -11.06445800
v -51.63755500 -667.12121200 -11.06445800
v -51.63755500 -655.50505100 -11.06445800
v -51.63755500 -643.88888900 -11.06445800
v -51.63755500 -632.27272700 -11.06445800
v -51.63755500 -620.65656600 -11.06445800
v -51.63755500 -609.04040400 -11.06445800
v -51.63755500 -597.42424200 -11.06445800
v -51.63755500 -585.80808100 -11.06445800
v -51.63755500 -574.19191900 -11.06445800
v -51.63755500 -562.57575800 -11.06445800
v -51.63755500 -550.95959600 -11.06445800
v -51.63755500 -539.34343400 -11.06445800
v -51.63755500 -527.72727300 -11.06445800
v -51.63755500 -516.11111100 -11.06445800
v -51.63755500 -504.49494900 -11.06445800
v -51.63755500 -492.87878800 -11.06445800
v -51.63755500 -481.26262600 -11.06445800
v -51.63755500 -469.64646500 -11.06445800
v -51.63755500 -458.03030300 -11.06445800
v -51.63755500 -446.41414100 -11.06445800
v -51.63755500 -434.79798000 -11.06445800
v -51.63755500 -423.18181800 -11.06445800
v -51.63755500 -411.56565700 -11.06445800
v -51.63755500 -399.94949500 -11.06445800
v -51.63755500 -388.33333300 -11.06445800
v -51.63755500 -376.71717200 -11.06445800
v -51.63755500 -365.10101000 -11.06445800
v -51.63755500 -353.48484800 -11.06445800
v -51.63755500 -341.86868700 -11.06445800
v -51.63755500 -330.25252500 -11.06445800
v -51.63755500 -318.63636400 -11.06445800
v -51.63755500 -307.02020200 -11.06445800
v -51.63755500 -295.40404000 -11.06445800
v -51.63755500 -283.78787900 -11.06445800
v -51.63755500 -272.17171700 -11.06445800
v -51.63755500 -260.55555600 -11.06445800
v -51.63755500 -248.93939400 -11.06445800
v -51.63755500 -237.32323200 -11.06445800
v -51.63755500 -225.70707100 -11.06445800
v -51.63755500 -214.09090900 -11.06445800
v -51.63755500 -202.47474700 -11.06445800
v -51.63755500 -190.85858600 -11.06445800
v -51.63755500 -179.24242400 -11.06445800
v -51.63755500 -167.62626300 -11.06445800
v -51.63755500 -156.01010100 -11.06445800
v -51.63755500 -144.39393900 -11.06445800
v -51.63755500 -132.77777800 -11.06445800
v -51.63755500 -121.16161600 -11.06445800
v -51.63755500 -109.54545500 -11.06445800
v -51.63755500 -97.92929300 -11.06445800
v -51.63755500 -86.31313100 -11.06445800
v -51.63755500 -74.69697000 -11.06445800
v -51.63755500 -63.08080800 -11.06445800
v -51.63755500 -51.46464600 -11.06445800
v -51.63755500 -39.84848500 -11.06445800
v -51.63755500 -28.23232300 -11.06445800
v -51.63755500 -16.61616200 -11.06445800
v -41.63755500 -5.00000000 -11.06445800
v -31.63755500 -5.00000000 -11.06445800
v -21.63755500 -5.00000000 -11.06445800
v -11.63755500 -1143.38383800 -11.06445800
v -11.63755500 -1131.76767700 -11.06445800
v -11.63755500 -1120.15151500 -11.06445800
v -11.63755500 -1108.53535400 -11.06445800
v -11.63755500 -1096.91919200 -11.06445800
v -11.63755500 -1085.30303000 -11.06445800
v -11.63755500 -1073.68686900 -11.06445800
v -11.63755500 -1062.07070700 -11.06445800
v -11.63755500 -1050.45454500 -11.06445800
v -11.63755500 -1038.83838400 -11.06445800
v -11.63755500 -1027.22222200 -11.06445800
v -11.63755500 -1015.60606100 -11.06445800
v -11.63755500 -1003.98989900 -11.06445800
v -11.63755500 -992.37373700 -11.06445800
v -11.63755500 -980.75757600 -11.06445800
v -11.63755500 -969.14141400 -11.06445800
v -11.63755500 -957.52525300 -11.06445800
v -11.63755500 -945.90909100 -11.06445800
v -11.63755500 -934.29292900 -11.06445800
v -11.63755500 -922.67676800 -11.06445800
v -11.63755500 -911.06060600 -11.06445800
v -11.63755500 -899.44444400 -11.06445800
v -11.63755500 -887.82828300 -11.06445800
v -11.63755500 -876.21212100 -11.06445800
v -11.63755500 -864.59596000 -11.06445800
v -11.63755500 -852.97979800 -11.06445800
v -11.63755500 -841.36363600 -11.06445800
v -11.63755500 -829.74747500 -11.06445800
v -11.63755500 -818.13131300 -11.06445800
v -11.63755500 -806.51515200 -11.06445800
v -11.63755500 -794.89899000 -11.06445800
v -11.63755500 -783.28282800 -11.06445800
v -11.63755500 -771.66666700 -11.06445800
v -11.63755500 -760.05050500 -11.06445800
v -11.63755500 -748.43434300 -11.06445800
v -11.63755500 -736.81818200 -11.06445800
v -11.63755500 -725.20202000 -11.06445800
v -11.63755500 -713.58585900 -11.06445800
v -11.63755500 -701.96969700 -11.06445800
v -11.63755500 -690.35353500 -11.06445800
v -11.63755500 -678.73737400 -11.06445800
v -11.63755500 -667.12121200 -11.06445800
v -11.63755500 -655.50505100 -11.06445800
v -11.63755500 -643.88888900 -11.06445800
v -11.63755500 -632.27272700 -11.06445800
v -11.63755500 -620.65656600 -11.06445800
v -11.63755500 -609.04040400 -11.06445800
v -11.63755500 -597.42424200 -11.06445800
v -11.63755500 -585.80808100 -11.06445800
v -11.63755500 -574.19191900 -11.06445800
v -11.63755500 -562.57575800 -11.06445800
v -11.63755500 -550.95959600 -11.06445800
v -11.63755500 -539.34343400 -11.06445800
v -11.63755500 -527.72727300 -11.06445800
v -11.63755500 -516.11111100 -11.06445800
v -11.63755500 -504.49494900 -11.06445800
v -11.63755500 -492.87878800 -11.06445800
v -11.63755500 -481.26262600 -11.06445800
v -11.63755500 -469.64646500 -11.06445800
v -11.63755500 -458.03030300 -11.06445800
v -11.63755500 -446.41414100 -11.06445800
v -11.63755500 -434.79798000 -11.06445800
v -11.63755500 -423.18181800 -11.06445800
v -11.63755500 -411.56565700 -11.06445800
v -11.63755500 -399.94949500 -11.06445800
v -11.63755500 -388.33333300 -11.06445800
v -11.63755500 -376.71717200 -11.06445800
v -11.63755500 -365.10101000 -11.06445800
v -11.63755500 -353.48484800 -11.06445800
v -11.63755500 -341.86868700 -11.06445800
v -11.63755500 -330.25252500 -11.06445800
v -11.63755500 -318.63636400 -11.06445800
v -11.63755500 -307.02020200 -11.06445800
v -11.63755500 -295.40404000 -11.06445800
v -11.63755500 -283.78787900 -11.06445800
v -11.63755500 -272.17171700 -11.06445800
v -11.63755500 -260.55555600 -11.06445800
v -11.63755500 -248.93939400 -11.06445800
v -11.63755500 -237.32323200 -11.06445800
v -11.63755500 -225.70707100 -11.06445800
v -11.63755500 -214.09090900 -11.06445800
v -11.63755500 -202.47474700 -11.06445800
v -11.63755500 -190.85858600 -11.06445800
v -11.63755500 -179.24242400 -11.06445800
v -11.63755500 -167.62626300 -11.06445800
v -11.63755500 -156.01010100 -11.06445800
v -11.63755500 -144.39393900 -11.06445800
v -11.63755500 -132.77777800 -11.06445800
v -11.63755500 -121.16161600 -11.06445800
v -11.63755500 -109.54545500 -11.06445800
v -11.63755500 -97.92929300 -11.06445800
v -11.63755500 -86.31313100 -11.06445800
v -11.63755500 -74.69697000 -11.06445800
v -11.63755500 -63.08080800 -11.06445800
v -11.63755500 -51.46464600 -11.06445800
v -11.63755500 -39.84848500 -11.06445800
v -11.63755500 -28.23232300 -11.06445800
v -11.63755500 -16.61616200 -11.06445800
v -41.63755500 -1155.00000000 -11.06445800
v -31.63755500 -1155.00000000 -11.06445800
v -21.63755500 -1155.00000000 -11.06445800
v -3.10202100 -1.46446600 38.93554200
v -1.63755500 -5.00000000 28.93554200
v -1.63755500 -5.00000000 18.93554200
v -1.63755500 -5.00000000 8.93554200
v -3.10202100 -1.46446600 -1.06445800
v -6.63755500 0.00000000 28.93554200
v -6.63755500 0.00000000 18.93554200
v -6.63755500 0.00000000 8.93554200
v -11.63755500 -1.46446600 -9.59999200
v -8.10202100 0.00000000 -4.59999200
v -4.56648700 -5.00000000 -8.13552600
v -11.63755500 -1.46446600 47.47107600
v -4.56648700 -5.00000000 46.00661000
v -8.10202100 0.00000000 42.47107600
v -51.63755500 -1.46446600 -9.59999200
v -41.63755500 0.00000000 -6.06445800
v -31.63755500 0.00000000 -6.06445800
v -21.63755500 0.00000000 -6.06445800
v -51.63755500 -1.46446600 47.47107600
v -41.63755500 -5.00000000 48.93554200
v -31.63755500 -5.00000000 48.93554200
v -21.63755500 -5.00000000 48.93554200
v -41.63755500 0.00000000 43.93554200
v -31.63755500 0.00000000 43.93554200
v -21.63755500 0.00000000 43.93554200
v -60.17308900 -1.46446600 -1.06445800
v -55.17308900 0.00000000 -4.59999200
v -60.17308900 -1.46446600 38.93554200
v -58.70862300 -5.00000000 46.00661000
v -55.17308900 0.00000000 42.47107600
v -61.63755500 -5.00000000 28.93554200
v -61.63755500 -5.00000000 18.93554200
v -61.63755500 -5.00000000 8.93554200
v -56.63755500 0.00000000 28.93554200
v -56.63755500 0.00000000 18.93554200
v -56.63755500 0.00000000 8.93554200
v -3.10202100 -1158.53553400 38.93554200
v -6.63755500 -1160.00000000 28.93554200
v -6.63755500 -1160.00000000 18.93554200
v -6.63755500 -1160.00000000 8.93554200
v -3.10202100 -1158.53553400 -1.06445800
v -1.63755500 -1155.00000000 28.93554200
v -1.63755500 -1155.00000000 18.93554200
v -1.63755500 -1155.00000000 8.93554200
v -11.63755500 -1158.53553400 -9.59999200
v -4.56648700 -1155.00000000 -8.13552600
v -8.10202100 -1160.00000000 -4.59999200
v -8.10202100 -1160.00000000 42.47107600
v -4.56648700 -1155.00000000 46.00661000
v -41.63755500 -1160.00000000 -6.06445800
v -31.63755500 -1160.00000000 -6.06445800
v -21.63755500 -1160.00000000 -6.06445800
v -56.63755500 -1160.00000000 28.93554200
v -56.63755500 -1160.00000000 18.93554200
v -56.63755500 -1160.00000000 8.93554200
v -61.63755500 -1155.00000000 28.93554200
v -61.63755500 -1155.00000000 18.93554200
v -61.63755500 -1155.00000000 8.93554200
v -61.63755500 -1143.38383800 38.93554200
v -61.63755500 -1131.76767700 38.93554200
v -61.63755500 -1120.15151500 38.93554200
v -61.63755500 -1108.53535400 38.93554200
v -61.63755500 -1096.91919200 38.93554200
v -61.63755500 -1085.30303000 38.93554200
v -61.63755500 -1073.68686900 38.93554200
v -61.63755500 -1062.07070700 38.93554200
v -61.63755500 -1050.45454500 38.93554200
v -61.63755500 -1038.83838400 38.93554200
v -61.63755500 -1027.22222200 38.93554200
v -61.63755500 -1015.60606100 38.93554200
v -61.63755500 -1003.98989900 38.93554200
v -61.63755500 -992.37373700 38.93554200
v -61.63755500 -980.75757600 38.93554200
v -61.63755500 -969.14141400 38.93554200
v -61.63755500 -957.52525300 38.93554200
v -61.63755500 -945.90909100 38.93554200
v -61.63755500 -934.29292900 38.93554200
v -61.63755500 -922.67676800 38.93554200
v -61.63755500 -911.06060600 38.93554200
v -61.63755500 -899.44444400 38.93554200
v -61.63755500 -887.82828300 38.93554200
v -61.63755500 -876.21212100 38.93554200
v -61.63755500 -864.59596000 38.93554200
v -61.63755500 -852.97979800 38.93554200
v -61.63755500 -841.36363600 38.93554200
v -61.63755500 -829.74747500 38.93554200
v -61.63755500 -818.13131300 38.93554200
v -61.63755500 -806.51515200 38.93554200
v -61.63755500 -794.89899000 38.93554200
v -61.63755500 -783.28282800 38.93554200
v -61.63755500 -771.66666700 38.93554200
v -61.63755500 -760.05050500 38.93554200
v -61.63755500 -748.43434300 38.93554200
v -61.63755500 -736.81818200 38.93554200
v -61.63755500 -725.20202000 38.93554200
v -61.63755500 -713.58585900 38.93554200
v -61.63755500 -701.96969700 38.93554200
v -61.63755500 -690.35353500 38.93554200
v -61.63755500 -678.73737400 38.93554200
v -61.63755500 -667.12121200 38.93554200
v -61.63755500 -655.50505100 38.93554200
v -61.63755500 -643.88888900 38.93554200
v -61.63755500 -632.27272700 38.93554200
v -61.63755500 -620.65656600 38.93554200
v -61.63755500 -609.04040400 38.93554200
v -61.63755500 -597.42424200 38.93554200
v -61.63755500 -585.80808100 38.93554200
v -61.63755500 -574.19191900 38.93554200
v -61.63755500 -562.57575800 38.93554200
v -61.63755500 -550.95959600 38.93554200
v -61.63755500 -539.34343400 38.93554200
v -61.63755500 -527.72727300 38.93554200
v -61.63755500 -516.11111100 38.93554200
v -61.63755500 -504.49494900 38.93554200
v -61.63755500 -492.87878800 38.93554200
v -61.63755500 -481.26262600 38.93554200
v -61.63755500 -469.64646500 38.93554200
v -61.63755500 -458.03030300 38.93554200
v -61.63755500 -446.41414100 38.93554200
v -61.63755500 -434.79798000 38.93554200
v -61.63755500 -423.18181800 38.93554200
v -61.63755500 -411.56565700 38.93554200
v -61.63755500 -399.94949500 38.93554200
v -61.63755500 -388.33333300 38.93554200
v -61.63755500 -376.71717200 38.93554200
v -61.63755500 -365.10101000 38.93554200
v -61.63755500 -353.48484800 38.93554200
v -61.63755500 -341.86868700 38.93554200
v -61.63755500 -330.25252500 38.93554200
v -61.63755500 -318.63636400 38.93554200
v -61.63755500 -307.02020200 38.93554200
v -61.63755500 -295.40404000 38.93554200
v -61.63755500 -283.78787900 38.93554200
v -61.63755500 -272.17171700 38.93554200
v -61.63755500 -260.55555600 38.93554200
v -61.63755500 -248.93939400 38.93554200
v -61.63755500 -237.32323200 38.93554200
v -61.63755500 -225.70707100 38.93554200
v -61.63755500 -214.09090900 38.93554200
v -61.63755500 -202.47474700 38.93554200
v -61.63755500 -190.85858600 38.93554200
v -61.63755500 -179.24242400 38.93554200
v -61.63755500 -167.62626300 38.93554200
v -61.63755500 -156.01010100 38.93554200
v -61.63755500 -144.39393900 38.93554200
v -61.63755500 -132.77777800 38.93554200
v -61.63755500 -121.16161600 38.93554200
v -61.63755500 -109.54545500 38.93554200
v -61.63755500 -97.92929300 38.93554200
v -61.63755500 -86.31313100 38.93554200
v -61.63755500 -74.69697000 38.93554200
v -61.63755500 -63.08080800 38.93554200
v -61.63755500 -51.46464600 38.93554200
v -61.63755500 -39.84848500 38.93554200
v -61.63755500 -28.23232300 38.93554200
v -61.63755500 -16.61616200 38.93554200
v -51.63755500 -1143.38383800 48.93554200
v -51.63755500 -1131.76767700 48.93554200
v -51.63755500 -1120.15151500 48.93554200
v -51.63755500 -1108.53535400 48.93554200
v -51.63755500 -1096.91919200 48.93554200
v -51.63755500 -1085.30303000 48.93554200
v -51.63755500 -1073.68686900 48.93554200
v -51.63755500 -1062.07070700 48.93554200
v -51.63755500 -1050.45454500 48.93554200
v -51.63755500 -1038.83838400 48.93554200
v -51.63755500 -1027.22222200 48.93554200
v -51.63755500 -1015.60606100 48.93554200
v -51.63755500 -1003.98989900 48.93554200
v -51.63755500 -992.37373700 48.93554200
v -51.63755500 -980.75757600 48.93554200
v -51.63755500 -969.14141400 48.93554200
v -51.63755500 -957.52525300 48.93554200
v -51.63755500 -945.90909100 48.93554200
v -51.63755500 -934.29292900 48.93554200
v -51.63755500 -922.67676800 48.93554200
v -51.63755500 -911.06060600 48.93554200
v -51.63755500 -899.44444400 48.93554200
v -51.63755500 -887.82828300 48.93554200
v -51.63755500 -876.21212100 48.93554200
v -51.63755500 -864.59596000 48.93554200
v -51.63755500 -852.97979800 48.93554200
v -51.63755500 -841.36363600 48.93554200
v -51.63755500 -829.74747500 48.93554200
v -51.63755500 -818.13131300 48.93554200
v -51.63755500 -806.51515200 48.93554200
v -51.63755500 -794.89899000 48.93554200
v -51.63755500 -783.28282800 48.93554200
v -51.63755500 -771.66666700 48.93554200
v -51.63755500 -760.05050500 48.93554200
v -51.63755500 -748.43434300 48.93554200
v -51.63755500 -736.81818200 48.93554200
v -51.63755500 -725.20202000 48.93554200
v -51.63755500 -713.58585900 48.93554200
v -51.63755500 -701.96969700 48.93554200
v -51.63755500 -690.35353500 48.93554200
v -51.63755500 -678.73737400 48.93554200
v -51.63755500 -667.12121200 48.93554200
v -51.63755500 -655.50505100 48.93554200
v -51.63755500 -643.88888900 48.93554200
v -51.63755500 -632.27272700 48.93554200
v -51.63755500 -620.65656600 48.93554200
v -51.63755500 -609.04040400 48.93554200
v -51.63755500 -597.42424200 48.93554200
v -51.63755500 -585.80808100 48.93554200
v -51.63755500 -574.19191900 48.93554200
v -51.63755500 -562.57575800 48.93554200
v -51.63755500 -550.95959600 48.93554200
v -51.63755500 -539.34343400 48.93554200
v -51.63755500 -527.72727300 48.93554200
v -51.63755500 -516.11111100 48.93554200
v -51.63755500 -504.49494900 48.93554200
v -51.63755500 -492.87878800 48.93554200
v -51.63755500 -481.26262600 48.93554200
v -51.63755500 -469.64646500 48.93554200
v -51.63755500 -458.03030300 48.93554200
v -51.63755500 -446.41414100 48.93554200
v -51.63755500 -434.79798000 48.93554200
v -51.63755500 -423.18181800 48.93554200
v -51.63755500 -411.56565700 48.93554200
v -51.63755500 -399.94949500 48.93554200
v -51.63755500 -388.33333300 48.93554200
v -51.63755500 -376.71717200 48.93554200
v -51.63755500 -365.10101000 48.93554200
v -51.63755500 -353.48484800 48.93554200
v -51.63755500 -341.86868700 48.93554200
v -51.63755500 -330.25252500 48.93554200
v -51.63755500 -318.63636400 48.93554200
v -51.63755500 -307.02020200 48.93554200
v -51.63755500 -295.40404000 48.93554200
v -51.63755500 -283.78787900 48.93554200
v -51.63755500 -272.17171700 48.93554200
v -51.63755500 -260.55555600 48.93554200
v -51.63755500 -248.93939400 48.93554200
v -51.63755500 -237.32323200 48.93554200
v -51.63755500 -225.70707100 48.93554200
v -51.63755500 -214.09090900 48.93554200
v -51.63755500 -202.47474700 48.93554200
v -51.63755500 -190.85858600 48.93554200
v -51.63755500 -179.24242400 48.93554200
v -51.63755500 -167.62626300 48.93554200
v -51.63755500 -156.01010100 48.93554200
v -51.63755500 -144.39393900 48.93554200
v -51.63755500 -132.77777800 48.93554200
v -51.63755500 -121.16161600 48.93554200
v -51.63755500 -109.54545500 48.93554200
v -51.63755500 -97.92929300 48.93554200
v -51.63755500 -86.31313100 48.93554200
v -51.63755500 -74.69697000 48.93554200
v -51.63755500 -63.08080800 48.93554200
v -51.63755500 -51.46464600 48.93554200
v -51.63755500 -39.84848500 48.93554200
v -51.63755500 -28.23232300 48.93554200
v -51.63755500 -16.61616200 48.93554200
v -11.63755500 -1143.38383800 48.93554200
v -11.63755500 -1131.76767700 48.93554200
v -11.63755500 -1120.15151500 48.93554200
v -11.63755500 -1108.53535400 48.93554200
v -11.63755500 -1096.91919200 48.93554200
v -11.63755500 -1085.30303000 48.93554200
v -11.63755500 -1073.68686900 48.93554200
v -11.63755500 -1062.07070700 48.93554200
v -11.63755500 -1050.45454500 48.93554200
v -11.63755500 -1038.83838400 48.93554200
v -11.63755500 -1027.22222200 48.93554200
v -11.63755500 -1015.60606100 48.93554200
v -11.63755500 -1003.98989900 48.93554200
v -11.63755500 -992.37373700 48.93554200
v -11.63755500 -980.75757600 48.93554200
v -11.63755500 -969.14141400 48.93554200
v -11.63755500 -957.52525300 48.93554200
v -11.63755500 -945.90909100 48.93554200
v -11.63755500 -934.29292900 48.93554200
v -11.63755500 -922.67676800 48.93554200
v -11.63755500 -911.06060600 48.93554200
v -11.63755500 -899.44444400 48.93554200
v -11.63755500 -887.82828300 48.93554200
v -11.63755500 -876.21212100 48.93554200
v -11.63755500 -864.59596000 48.93554200
v -11.63755500 -852.97979800 48.93554200
v -11.63755500 -841.36363600 48.93554200
v -11.63755500 -829.74747500 48.93554200
v -11.63755500 -818.13131300 48.93554200
v -11.63755500 -806.51515200 48.93554200
v -11.63755500 -794.89899000 48.93554200
v -11.63755500 -783.28282800 48.93554200
v -11.63755500 -771.66666700 48.93554200
v -11.63755500 -760.05050500 48.93554200
v -11.63755500 -748.43434300 48.93554200
v -11.63755500 -736.81818200 48.93554200
v -11.63755500 -725.20202000 48.93554200
v -11.63755500 -713.58585900 48.93554200
v -11.63755500 -701.96969700 48.93554200
v -11.63755500 -690.35353500 48.93554200
v -11.63755500 -678.73737400 48.93554200
v -11.63755500 -667.12121200 48.93554200
v -11.63755500 -655.50505100 48.93554200
v -11.63755500 -643.88888900 48.93554200
v -11.63755500 -632.27272700 48.93554200
v -11.63755500 -620.65656600 48.93554200
v -11.63755500 -609.04040400 48.93554200
v -11.63755500 -597.42424200 48.93554200
v -11.63755500 -585.80808100 48.93554200
v -11.63755500 -574.19191900 48.93554200
v -11.63755500 -562.57575800 48.93554200
v -11.63755500 -550.95959600 48.93554200
v -11.63755500 -539.34343400 48.93554200
v -11.63755500 -527.72727300 48.93554200
v -11.63755500 -516.11111100 48.93554200
v -11.63755500 -504.49494900 48.93554200
v -11.63755500 -492.87878800 48.93554200
v -11.63755500 -481.26262600 48.93554200
v -11.63755500 -469.64646500 48.93554200
v -11.63755500 -458.03030300 48.93554200
v -11.63755500 -446.41414100 48.93554200
v -11.63755500 -434.79798000 48.93554200
v -11.63755500 -423.18181800 48.93554200
v -11.63755500 -411.56565700 48.93554200
v -11.63755500 -399.94949500 48.93554200
v -11.63755500 -388.33333300 48.93554200
v -11.63755500 -376.71717200 48.93554200
v -11.63755500 -365.10101000 48.93554200
v -11.63755500 -353.48484800 48.93554200
v -11.63755500 -341.86868700 48.93554200
v -11.63755500 -330.25252500 48.93554200
v -11.63755500 -318.63636400 48.93554200
v -11.63755500 -307.02020200 48.93554200
v -11.63755500 -295.40404000 48.93554200
v -11.63755500 -283.78787900 48.93554200
v -11.63755500 -272.17171700 48.93554200
v -11.63755500 -260.55555600 48.93554200
v -11.63755500 -248.93939400 48.93554200
v -11.63755500 -237.32323200 48.93554200
v -11.63755500 -225.70707100 48.93554200
v -11.63755500 -214.09090900 48.93554200
v -11.63755500 -202.47474700 48.93554200
v -11.63755500 -190.85858600 48.93554200
v -11.63755500 -179.24242400 48.93554200
v -11.63755500 -167.62626300 48.93554200
v -11.63755500 -156.01010100 48.93554200
v -11.63755500 -144.39393900 48.93554200
v -11.63755500 -132.77777800 48.93554200
v -11.63755500 -121.16161600 48.93554200
v -11.63755500 -109.54545500 48.93554200
v -11.63755500 -97.92929300 48.93554200
v -11.63755500 -86.31313100 48.93554200
v -11.63755500 -74.69697000 48.93554200
v -11.63755500 -63.08080800 48.93554200
v -11.63755500 -51.46464600 48.93554200
v -11.63755500 -39.84848500 48.93554200
v -11.63755500 -28.23232300 48.93554200
v -11.63755500 -16.61616200 48.93554200
v -1.63755500 -1143.38383800 38.93554200
v -1.63755500 -1131.76767700 38.93554200
v -1.63755500 -1120.15151500 38.93554200
v -1.63755500 -1108.53535400 38.93554200
v -1.63755500 -1096.91919200 38.93554200
v -1.63755500 -1085.30303000 38.93554200
v -1.63755500 -1073.68686900 38.93554200
v -1.63755500 -1062.07070700 38.93554200
v -1.63755500 -1050.45454500 38.93554200
v -1.63755500 -1038.83838400 38.93554200
v -1.63755500 -1027.22222200 38.93554200
v -1.63755500 -1015.60606100 38.93554200
v -1.63755500 -1003.98989900 38.93554200
v -1.63755500 -992.37373700 38.93554200
v -1.63755500 -980.75757600 38.93554200
v -1.63755500 -969.14141400 38.93554200
v -1.63755500 -957.52525300 38.93554200
v -1.63755500 -945.90909100 38.93554200
v -1.63755500 -934.29292900 38.93554200
v -1.63755500 -922.67676800 38.93554200
v -1.63755500 -911.06060600 38.93554200
v -1.63755500 -899.44444400 38.93554200
v -1.63755500 -887.82828300 38.93554200
v -1.63755500 -876.21212100 38.93554200
v -1.63755500 -864.59596000 38.93554200
v -1.63755500 -852.97979800 38.93554200
v -1.63755500 -841.36363600 38.93554200
v -1.63755500 -829.74747500 38.93554200
v -1.63755500 -818.13131300 38.93554200
v -1.63755500 -806.51515200 38.93554200
v -1.63755500 -794.89899000 38.93554200
v -1.63755500 -783.28282800 38.93554200
v -1.63755500 -771.66666700 38.93554200
v -1.63755500 -760.05050500 38.93554200
v -1.63755500 -748.43434300 38.93554200
v -1.63755500 -736.81818200 38.93554200
v -1.63755500 -725.20202000 38.93554200
v -1.63755500 -713.58585900 38.93554200
v -1.63755500 -701.96969700 38.93554200
v -1.63755500 -690.35353500 38.93554200
v -1.63755500 -678.73737400 38.93554200
v -1.63755500 -667.12121200 38.93554200
v -1.63755500 -655.50505100 38.93554200
v -1.63755500 -643.88888900 38.93554200
v -1.63755500 -632.27272700 38.93554200
v -1.63755500 -620.65656600 38.93554200
v -1.63755500 -609.04040400 38.93554200
v -1.63755500 -597.42424200 38.93554200
v -1.63755500 -585.80808100 38.93554200
v -1.63755500 -574.19191900 38.93554200
v -1.63755500 -562.57575800 38.93554200
v -1.63755500 -550.95959600 38.93554200
v -1.63755500 -539.34343400 38.93554200
v -1.63755500 -527.72727300 38.93554200
v -1.63755500 -516.11111100 38.93554200
v -1.63755500 -504.49494900 38.93554200
v -1.63755500 -492.87878800 38.93554200
v -1.63755500 -481.26262600 38.93554200
v -1.63755500 -469.64646500 38.93554200
v -1.63755500 -458.03030300 38.93554200
v -1.63755500 -446.41414100 38.93554200
v -1.63755500 -434.79798000 38.93554200
v -1.63755500 -423.18181800 38.93554200
v -1.63755500 -411.56565700 38.93554200
v -1.63755500 -399.94949500 38.93554200
v -1.63755500 -388.33333300 38.93554200
v -1.63755500 -376.71717200 38.93554200
v -1.63755500 -365.10101000 38.93554200
v -1.63755500 -353.48484800 38.93554200
v -1.63755500 -341.86868700 38.93554200
v -1.63755500 -330.25252500 38.93554200
v -1.63755500 -318.63636400 38.93554200
v -1.63755500 -307.02020200 38.93554200
v -1.63755500 -295.40404000 38.93554200
v -1.63755500 -283.78787900 38.93554200
v -1.63755500 -272.17171700 38.93554200
v -1.63755500 -260.55555600 38.93554200
v -1.63755500 -248.93939400 38.93554200
v -1.63755500 -237.32323200 38.93554200
v -1.63755500 -225.70707100 38.93554200
v -1.63755500 -214.09090900 38.93554200
v -1.63755500 -202.47474700 38.93554200
v -1.63755500 -190.85858600 38.93554200
v -1.63755500 -179.24242400 38.93554200
v -1.63755500 -167.62626300 38.93554200
v -1.63755500 -156.01010100 38.93554200
v -1.63755500 -144.39393900 38.93554200
v -1.63755500 -132.77777800 38.93554200
v -1.63755500 -121.16161600 38.93554200
v -1.63755500 -109.54545500 38.93554200
v -1.63755500 -97.92929300 38.93554200
v -1.63755500 -86.31313100 38.93554200
v -1.63755500 -74.69697000 38.93554200
v -1.63755500 -63.08080800 38.93554200
v -1.63755500 -51.46464600 38.93554200
v -1.63755500 -39.84848500 38.93554200
v -1.63755500 -28.23232300 38.93554200
v -1.63755500 -16.61616200 38.93554200
v -1.63755500 -1143.38383800 -1.06445800
v -1.63755500 -1131.76767700 -1.06445800
v -1.63755500 -1120.15151500 -1.06445800
v -1.63755500 -1108.53535400 -1.06445800
v -1.63755500 -1096.91919200 -1.06445800
v -1.63755500 -1085.30303000 -1.06445800
v -1.63755500 -1073.68686900 -1.06445800
v -1.63755500 -1062.07070700 -1.06445800
v -1.63755500 -1050.45454500 -1.06445800
v -1.63755500 -1038.83838400 -1.06445800
v -1.63755500 -1027.22222200 -1.06445800
v -1.63755500 -1015.60606100 -1.06445800
v -1.63755500 -1003.98989900 -1.06445800
v -1.63755500 -992.37373700 -1.06445800
v -1.63755500 -980.75757600 -1.06445800
v -1.63755500 -969.14141400 -1.06445800
v -1.63755500 -957.52525300 -1.06445800
v -1.63755500 -945.90909100 -1.06445800
v -1.63755500 -934.29292900 -1.06445800
v -1.63755500 -922.67676800 -1.06445800
v -1.63755500 -911.06060600 -1.06445800
v -1.63755500 -899.44444400 -1.06445800
v -1.63755500 -887.82828300 -1.06445800
v -1.63755500 -876.21212100 -1.06445800
v -1.63755500 -864.59596000 -1.06445800
v -1.63755500 -852.97979800 -1.06445800
v -1.63755500 -841.36363600 -1.06445800
v -1.63755500 -829.74747500 -1.06445800
v -1.63755500 -818.13131300 -1.06445800
v -1.63755500 -806.51515200 -1.06445800
v -1.63755500 -794.89899000 -1.06445800
v -1.63755500 -783.28282800 -1.06445800
v -1.63755500 -771.66666700 -1.06445800
v -1.63755500 -760.05050500 -1.06445800
v -1.63755500 -748.43434300 -1.06445800
v -1.63755500 -736.81818200 -1.06445800
v -1.63755500 -725.20202000 -1.06445800
v -1.63755500 -713.58585900 -1.06445800
v -1.63755500 -701.96969700 -1.06445800
v -1.63755500 -690.35353500 -1.06445800
v -1.63755500 -678.73737400 -1.06445800
v -1.63755500 -667.12121200 -1.06445800
v -1.63755500 -655.50505100 -1.06445800
v -1.63755500 -643.88888900 -1.06445800
v -1.63755500 -632.27272700 -1.06445800
v -1.63755500 -620.65656600 -1.06445800
v -1.63755500 -609.04040400 -1.06445800
v -1.63755500 -597.42424200 -1.06445800
v -1.63755500 -585.80808100 -1.06445800
v -1.63755500 -574.19191900 -1.06445800
v -1.63755500 -562.57575800 -1.06445800
v -1.63755500 -550.95959600 -1.06445800
v -1.63755500 -539.34343400 -1.06445800
v -1.63755500 -527.72727300 -1.06445800
v -1.63755500 -516.11111100 -1.06445800
v -1.63755500 -504.49494900 -1.06445800
v -1.63755500 -492.87878800 -1.06445800
v -1.63755500 -481.26262600 -1.06445800
v -1.63755500 -469.64646500 -1.06445800
v -1.63755500 -458.03030300 -1.06445800
v -1.63755500 -446.41414100 -1.06445800
v -1.63755500 -434.79798000 -1.06445800
v -1.63755500 -423.18181800 -1.06445800
v -1.63755500 -411.56565700 -1.06445800
v -1.63755500 -399.94949500 -1.06445800
v -1.63755500 -388.33333300 -1.06445800
v -1.63755500 -376.71717200 -1.06445800
v -1.63755500 -365.10101000 -1.06445800
v -1.63755500 -353.48484800 -1.06445800
v -1.63755500 -341.86868700 -1.06445800
v -1.63755500 -330.25252500 -1.06445800
v -1.63755500 -318.63636400 -1.06445800
v -1.63755500 -307.02020200 -1.06445800
v -1.63755500 -295.40404000 -1.06445800
v -1.63755500 -283.78787900 -1.06445800
v -1.63755500 -272.17171700 -1.06445800
v -1.63755500 -260.55555600 -1.06445800
v -1.63755500 -248.93939400 -1.06445800
v -1.63755500 -237.32323200 -1.06445800
v -1.63755500 -225.70707100 -1.06445800
v -1.63755500 -214.09090900 -1.06445800
v -1.63755500 -202.47474700 -1.06445800
v -1.63755500 -190.85858600 -1.06445800
v -1.63755500 -179.24242400 -1.06445800
v -1.63755500 -167.62626300 -1.06445800
v -1.63755500 -156.01010100 -1.06445800
v -1.63755500 -144.39393900 -1.06445800
v -1.63755500 -132.77777800 -1.06445800
v -1.63755500 -121.16161600 -1.06445800
v -1.63755500 -109.54545500 -1.06445800
v -1.63755500 -97.92929300 -1.06445800
v -1.63755500 -86.31313100 -1.06445800
v -1.63755500 -74.69697000 -1.06445800
v -1.63755500 -63.08080800 -1.06445800
v -1.63755500 -51.46464600 -1.06445800
v -1.63755500 -39.84848500 -1.06445800
v -1.63755500 -28.23232300 -1.06445800
v -1.63755500 -16.61616200 -1.06445800
v -59.32780600 -1158.53553400 -4.76788800
v -55.34098500 -1158.53553400 -8.75470900
v -47.63755500 -1158.53553400 47.47107600
v -15.63755500 -1158.53553400 47.47107600
v -55.34098500 -1158.53553400 46.62579200
v -59.32780600 -1158.53553400 42.63897100
v -58.82107500 -894.09675900 -8.02125600
v -60.95393000 -950.45203700 -4.69834900
v -56.43558700 -1070.52475100 -9.83822000
v -58.70860100 -568.38465300 -8.13554800
v -58.70861900 -556.76781600 -8.13553000
v -58.70862200 -545.15153900 -8.13552700
v -58.70862300 -533.53535800 -8.13552600
v -58.70862300 -521.91919300 -8.13552600
v -58.70862300 -510.30303000 -8.13552600
v -58.70862300 -498.68686900 -8.13552600
v -58.70862300 -487.07070700 -8.13552600
v -58.70862300 -475.45454500 -8.13552600
v -58.70862300 -463.83838400 -8.13552600
v -58.70862300 -452.22222200 -8.13552600
v -58.70862300 -440.60606100 -8.13552600
v -58.70862300 -428.98989900 -8.13552600
v -58.70862300 -417.37373700 -8.13552600
v -58.70862300 -405.75757600 -8.13552600
v -58.70862300 -394.14141400 -8.13552600
v -58.70862300 -382.52525300 -8.13552600
v -58.70862300 -370.90909100 -8.13552600
v -58.70862300 -359.29292900 -8.13552600
v -58.70862300 -347.67676800 -8.13552600
v -58.70862300 -336.06060600 -8.13552600
v -58.70862300 -324.44444400 -8.13552600
v -58.70862300 -312.82828300 -8.13552600
v -58.70862300 -301.21212100 -8.13552600
v -58.70862300 -289.59596000 -8.13552600
v -58.70862300 -277.97979800 -8.13552600
v -58.70862300 -266.36363600 -8.13552600
v -58.70862300 -254.74747500 -8.13552600
v -58.70862300 -243.13131300 -8.13552600
v -58.70862300 -231.51515200 -8.13552600
v -58.70862300 -219.89899000 -8.13552600
v -58.70862300 -208.28282800 -8.13552600
v -58.70862300 -196.66666700 -8.13552600
v -58.70862300 -185.05050500 -8.13552600
v -58.70862300 -173.43434300 -8.13552600
v -58.70862300 -161.81818200 -8.13552600
v -58.70862300 -150.20202000 -8.13552600
v -58.70862300 -138.58585900 -8.13552600
v -58.70862300 -126.96969700 -8.13552600
v -58.70862300 -115.35353500 -8.13552600
v -58.70862300 -103.73737400 -8.13552600
v -58.70862300 -92.12121600 -8.13552600
v -58.70862300 -80.50507600 -8.13552600
v -58.70862300 -68.88903700 -8.13552600
v -58.70862300 -57.27359100 -8.13552600
v -58.70862300 -45.66159900 -8.13552600
v -58.70862300 -34.06973900 -8.13552600
v -58.70862300 -22.59521600 -8.13552600
v -58.70862300 -11.80459000 -8.13552600
v -60.58858300 -741.44634200 -5.52305700
v -59.72393700 -1098.00204500 -6.94752100
v -60.70059000 -918.45148200 -5.29073300
v -60.82918100 -939.80666900 -5.00324200
v -58.35049200 -833.40878100 -8.47637300
v -58.73187500 -792.42376100 -8.11219700
v -55.36411200 -940.23739700 -10.34415500
v -54.98817400 -930.72144000 -10.48641900
v -56.39806700 -1122.50663700 -9.85863400
v -60.88755000 -1112.03425500 -4.86414200
v -55.21230100 -1112.38014400 -10.40368700
v -58.69392500 -655.30563700 -8.15019400
v -55.73721100 -950.91961800 -10.18546800
v -59.19625100 -882.10088500 -7.61168000
v -59.43148400 -1105.31948800 -7.32981400
v -58.70432400 -603.39354100 -8.13982200
v -61.08309000 -959.16942200 -4.34803500
v -60.67346900 -928.60465900 -5.34841200
v -59.06871300 -819.61078100 -7.75608600
v -58.78407900 -858.72762300 -8.05925700
v -58.66284800 -846.80387900 -8.18100600
v -58.71980100 -765.50141200 -8.12433100
v -60.91516600 -1033.35469200 -4.79620500
v -56.59374700 -1058.41272000 -9.74985800
v -61.03879600 -1102.17497700 -4.47278300
v -54.87651000 -1102.81672800 -10.52538700
v -58.55373100 -1090.84114100 -8.28709700
v -57.29142900 -1106.70366100 -9.31271300
v -58.57350800 -1113.56690200 -8.26810700
v -56.68171900 -1046.57359400 -9.69906400
v -59.19215300 -955.13943100 -7.61640900
v -58.88049000 -907.93421500 -7.95937600
v -58.33524600 -934.41894600 -8.49015200
v -58.43857600 -673.48523000 -8.39563300
v -56.07632900 -806.31599900 -10.02533400
v -57.76941800 -724.57265700 -8.96384100
v -56.61770500 -737.30659100 -9.73614200
v -58.39269100 -685.23703600 -8.43793400
v -59.58114700 -1010.92582800 -7.13894100
v -56.90550400 -1035.55784300 -9.56438300
v -60.69494300 -806.31599900 -5.30282300
v -60.09894700 -1080.19668900 -6.39407800
v -55.89168800 -1082.24657400 -10.11445000
v -61.09666200 -678.98687700 -4.30872900
v -58.68353100 -615.78813100 -8.16052900
v -58.70788600 -591.64382200 -8.13626300
v -58.56113900 -631.94130600 -8.27999600
v -59.41379300 -699.50566500 -7.35175700
v -55.47102000 -825.22458800 -10.30050400
v -60.88288200 -1092.23951200 -4.87548500
v -55.19448400 -1092.92694800 -10.41048700
v -56.80550100 -996.42884700 -9.62555200
v -57.22264700 -921.98115900 -9.35944200
v -58.76378600 -945.16235000 -8.07992900
v -59.07682800 -1024.92750100 -7.74706400
v -58.69496800 -1134.71631800 -8.14915500
v -56.45849200 -961.54418300 -9.82565500
v -60.20616600 -1000.02943200 -6.21993200
v -59.96650800 -963.58897200 -6.59876500
v -57.74668200 -985.72173500 -8.98143800
v -57.47858200 -646.10595400 -9.18125600
v -59.19128900 -870.41034400 -7.61740500
v -58.49165600 -972.95041000 -8.34603100
v -60.29297900 -1054.31779500 -6.07281600
v -60.24085700 -1066.53492200 -6.16183100
v -59.68095200 -663.70766800 -7.00615600
v -60.32484500 -1041.86027600 -6.01733600
v -60.48679200 -733.06915800 -5.72181900
v -58.70849700 -580.00474600 -8.13565300
v -58.76972800 -751.60343500 -8.07388800
v -58.71436700 -777.97069400 -8.12977700
v -58.68521400 -713.07029300 -8.15885800
v -60.36820800 -1122.45721700 -5.94049200
v -59.52453300 -1033.92507800 -7.21226900
v -57.68100200 -1099.43500200 -9.03168800
v -58.70634900 -1147.74733200 -8.13779900
v -56.41460900 -1005.39601300 -9.84965900
v -54.99731300 -876.22951900 -10.48316500
v -60.42970300 -991.06226500 -5.82871400
v -30.88988000 -1136.35081600 -11.06445800
v -30.88988000 -23.64918400 -11.06445800
v -31.63755500 -1114.03323600 -11.06445800
v -31.63755500 -46.31911100 -11.06445800
v -31.63755500 -336.06060600 -11.06445800
v -31.63755500 -266.36363600 -11.06445800
v -31.63755500 -196.66666700 -11.06445800
v -31.63755500 -68.88888900 -11.06445800
v -31.63755500 -487.07070700 -11.06445800
v -31.63755500 -417.37373700 -11.06445800
v -31.63755500 -998.18181800 -11.06445800
v -31.78210600 -893.81077000 -11.06445800
v -31.63755500 -847.17171700 -11.06445800
v -31.63755500 -742.62626300 -11.06445800
v -31.49300500 -707.95218400 -11.06445800
v -31.78210600 -649.87137600 -11.06445800
v -31.63755500 -603.23232300 -11.06445800
v -31.63755500 -556.76767700 -11.06445800
v -31.63755500 -394.14141400 -11.06445800
v -31.78210600 -370.73468500 -11.06445800
v -31.63755500 -510.30303000 -11.06445800
v -31.63755500 -463.83838400 -11.06445800
v -31.63755500 -440.60606100 -11.06445800
v -31.63755500 -1056.26262600 -11.06445800
v -31.63755500 -1079.49494900 -11.06445800
v -31.63755500 -1033.03030300 -11.06445800
v -31.63755500 -974.94949500 -11.06445800
v -31.63755500 -951.71717200 -11.06445800
v -31.78210600 -928.31044200 -11.06445800
v -31.63755500 -870.40404000 -11.06445800
v -31.63755500 -823.93939400 -11.06445800
v -31.63755500 -800.70707100 -11.06445800
v -31.49300500 -777.30034100 -11.06445800
v -31.78210600 -684.37104800 -11.06445800
v -31.63755500 -626.46464600 -11.06445800
v -31.63755500 -580.00000000 -11.06445800
v -31.63755500 -533.53535400 -11.06445800
v -31.63755500 -312.82828300 -11.06445800
v -31.63755500 -289.59596000 -11.06445800
v -31.63755500 -243.13131300 -11.06445800
v -31.63755500 -219.89899000 -11.06445800
v -31.63755500 -173.43434300 -11.06445800
v -31.63755500 -150.20202000 -11.06445800
v -31.63755500 -126.96969700 -11.06445800
v -31.63755500 -103.73737400 -11.06445800
v -32.46244300 -353.51234600 -11.06445800
v -30.82419500 -1015.71690300 -11.06445800
v -30.81266700 -759.85631700 -11.06445800
v -32.47397000 -910.94976300 -11.06445800
v -30.80114000 -725.31286300 -11.06445800
v -32.47397000 -667.23205500 -11.06445800
v -32.45091600 -86.20228900 -11.06445800
v -30.76925400 -1096.71030400 -11.06445800
v -39.10752000 -301.21212100 -11.06445800
v -24.16759000 -301.21212100 -11.06445800
v -39.10752000 -638.08080800 -11.06445800
v -24.16759000 -638.08080800 -11.06445800
v -39.10752000 -185.05050500 -11.06445800
v -24.16759000 -185.05050500 -11.06445800
v -39.10752000 -498.68686900 -11.06445800
v -24.16759000 -498.68686900 -11.06445800
v -39.10752000 -231.51515200 -11.06445800
v -24.16759000 -231.51515200 -11.06445800
v -24.16759000 -161.81818200 -11.06445800
v -39.10752000 -161.81818200 -11.06445800
v -39.10752000 -568.38383800 -11.06445800
v -24.16759000 -835.55555600 -11.06445800
v -39.10752000 -835.55555600 -11.06445800
v -24.16759000 -1067.87878800 -11.06445800
v -39.10752000 -986.56565700 -11.06445800
v -24.16759000 -568.38383800 -11.06445800
v -39.10752000 -696.16161600 -11.06445800
v -24.16759000 -696.16161600 -11.06445800
v -39.10752000 -882.02020200 -11.06445800
v -24.16759000 -986.56565700 -11.06445800
v -39.10752000 -940.10101000 -11.06445800
v -39.10752000 -858.78787900 -11.06445800
v -39.10752000 -452.22222200 -11.06445800
v -24.16759000 -858.78787900 -11.06445800
v -39.10752000 -963.33333300 -11.06445800
v -24.16759000 -428.98989900 -11.06445800
v -39.10752000 -428.98989900 -11.06445800
v -24.16759000 -963.33333300 -11.06445800
v -24.16759000 -940.10101000 -11.06445800
v -24.16759000 -1044.64646500 -11.06445800
v -39.10752000 -1044.64646500 -11.06445800
v -24.16759000 -452.22222200 -11.06445800
v -24.16759000 -882.02020200 -11.06445800
v -39.10752000 -405.75757600 -11.06445800
v -39.10752000 -614.84848500 -11.06445800
v -24.16759000 -614.84848500 -11.06445800
v -24.16759000 -405.75757600 -11.06445800
v -39.10752000 -789.09090900 -11.06445800
v -39.10752000 -254.74747500 -11.06445800
v -24.16759000 -789.09090900 -11.06445800
v -24.16759000 -254.74747500 -11.06445800
v -39.10752000 -138.58585900 -11.06445800
v -24.16759000 -138.58585900 -11.06445800
v -39.10752000 -1067.87878800 -11.06445800
v -39.10752000 -812.32323200 -11.06445800
v -24.16759000 -812.32323200 -11.06445800
v -24.16759000 -382.52525300 -11.06445800
v -39.10752000 -382.52525300 -11.06445800
v -39.10752000 -475.45454500 -11.06445800
v -24.16759000 -475.45454500 -11.06445800
v -24.16759000 -521.91919200 -11.06445800
v -39.10752000 -521.91919200 -11.06445800
v -39.10752000 -115.35353500 -11.06445800
v -24.16759000 -115.35353500 -11.06445800
v -24.16759000 -545.15151500 -11.06445800
v -24.16759000 -208.28282800 -11.06445800
v -39.10752000 -208.28282800 -11.06445800
v -39.10752000 -545.15151500 -11.06445800
v -39.10752000 -591.61616200 -11.06445800
v -24.16759000 -591.61616200 -11.06445800
v -39.10752000 -324.44444400 -11.06445800
v -24.16759000 -324.44444400 -11.06445800
v -24.16759000 -277.97979800 -11.06445800
v -39.10752000 -277.97979800 -11.06445800
v -39.15256100 -57.42782700 -11.06445800
v -23.98231800 -57.38877200 -11.06445800
v -39.19436500 -1125.26973000 -11.06445800
v -23.87434100 -1124.40418900 -11.06445800
v -39.15941300 -34.80755800 -11.06445800
v -23.87434100 -35.59581100 -11.06445800
v -39.09995100 -1105.02492300 -11.06445800
v -38.81651100 -1088.18831600 -11.06445800
v -24.23205000 -94.70562500 -11.06445800
v -24.25728000 -658.82292600 -11.06445800
v -24.48347900 -902.39521900 -11.06445800
v -39.01783000 -716.90373400 -11.06445800
v -24.25728000 -919.35889300 -11.06445800
v -39.04306100 -1007.21356700 -11.06445800
v -24.48347900 -675.78659900 -11.06445800
v -39.08571200 -751.66539100 -11.06445800
v -38.86992400 -733.84152500 -11.06445800
v -24.23303000 -345.08526800 -11.06445800
v -39.04306100 -1024.01740500 -11.06445800
v -39.01881000 -768.34170400 -11.06445800
v -24.48210700 -362.14031300 -11.06445800
v -24.23205000 -77.90178700 -11.06445800
v -36.63755500 -15.11242900 -11.06445800
v -36.63755500 -1144.88757100 -11.06445800
v -21.93678500 -15.75943900 -11.06445800
v -21.93678500 -1144.24056100 -11.06445800
v -40.63429100 -345.43141800 -11.06445800
v -40.63264400 -94.35465600 -11.06445800
v -39.88329000 -363.19459100 -11.06445800
v -22.60007900 -717.31876400 -11.06445800
v -23.02679100 -750.31410800 -11.06445800
v -23.28859700 -734.83096500 -11.06445800
v -22.64246600 -1007.56453600 -11.06445800
v -22.60172600 -767.92185500 -11.06445800
v -40.67503100 -918.94386200 -11.06445800
v -39.88379000 -901.34724700 -11.06445800
v -23.40419300 -1025.36748400 -11.06445800
v -40.67503100 -659.23795600 -11.06445800
v -39.88379000 -676.83457100 -11.06445800
v -39.87495100 -76.55511200 -11.06445800
v -22.62538600 -1105.21048200 -11.06445800
v -23.36033200 -1087.07120300 -11.06445800
v -42.48090000 -266.36363600 -11.06445800
v -42.48090000 -196.66666700 -11.06445800
v -20.79421000 -266.36363600 -11.06445800
v -20.79421000 -196.66666700 -11.06445800
v -42.48090000 -847.17171700 -11.06445800
v -42.48090000 -603.23232300 -11.06445800
v -42.48090000 -556.76767700 -11.06445800
v -42.48090000 -487.07070700 -11.06445800
v -42.48090000 -417.37373700 -11.06445800
v -20.79421000 -417.37373700 -11.06445800
v -20.79421000 -487.07070700 -11.06445800
v -20.79421000 -847.17171700 -11.06445800
v -20.79421000 -603.23232300 -11.06445800
v -20.79421000 -556.76767700 -11.06445800
v -42.48090000 -394.14141400 -11.06445800
v -20.79421000 -394.14141400 -11.06445800
v -42.48090000 -1056.26262600 -11.06445800
v -20.79421000 -463.83838400 -11.06445800
v -42.48090000 -510.30303000 -11.06445800
v -42.48090000 -463.83838400 -11.06445800
v -42.48090000 -440.60606100 -11.06445800
v -20.79421000 -510.30303000 -11.06445800
v -20.79421000 -440.60606100 -11.06445800
v -20.79421000 -533.53535400 -11.06445800
v -20.79421000 -289.59596000 -11.06445800
v -20.79421000 -219.89899000 -11.06445800
v -42.48090000 -974.94949500 -11.06445800
v -42.48090000 -951.71717200 -11.06445800
v -42.48090000 -870.40404000 -11.06445800
v -42.48090000 -823.93939400 -11.06445800
v -42.48090000 -800.70707100 -11.06445800
v -42.48090000 -626.46464600 -11.06445800
v -42.48090000 -580.00000000 -11.06445800
v -42.48090000 -533.53535400 -11.06445800
v -42.48090000 -312.82828300 -11.06445800
v -42.48090000 -289.59596000 -11.06445800
v -42.48090000 -243.13131300 -11.06445800
v -42.48090000 -219.89899000 -11.06445800
v -42.48090000 -173.43434300 -11.06445800
v -42.48090000 -150.20202000 -11.06445800
v -42.48090000 -126.96969700 -11.06445800
v -20.79421000 -974.94949500 -11.06445800
v -20.79421000 -951.71717200 -11.06445800
v -20.79421000 -870.40404000 -11.06445800
v -20.79421000 -823.93939400 -11.06445800
v -20.79421000 -800.70707100 -11.06445800
v -20.79421000 -626.46464600 -11.06445800
v -20.79421000 -580.00000000 -11.06445800
v -20.79421000 -312.82828300 -11.06445800
v -20.79421000 -243.13131300 -11.06445800
v -20.79421000 -173.43434300 -11.06445800
v -20.79421000 -150.20202000 -11.06445800
v -20.79421000 -126.96969700 -11.06445800
v -20.79421000 -1056.26262600 -11.06445800
v -42.40884800 -1138.16227900 -11.06445800
v -42.40302300 -21.85060300 -11.06445800
v -42.40231400 -45.93369500 -11.06445800
v -20.87279700 -45.93369500 -11.06445800
v -42.56733900 -1078.91039000 -11.06445800
v -20.84408100 -104.16174600 -11.06445800
v -42.43103000 -997.75744500 -11.06445800
v -20.85292000 -649.28658100 -11.06445800
v -20.85292000 -928.89523700 -11.06445800
v -20.74165700 -893.09978400 -11.06445800
v -42.42219100 -707.36739000 -11.06445800
v -42.45659500 -1033.46907200 -11.06445800
v -42.42224200 -777.88476700 -11.06445800
v -20.74165700 -685.08203500 -11.06445800
v -20.81858600 -335.62269500 -11.06445800
v -20.74138300 -371.44368700 -11.06445800
v -20.70614600 -68.42162400 -11.06445800
v -42.64139600 -1114.60295100 -11.06445800
v -42.88022600 -742.62626300 -11.06445800
v -42.47666200 -105.42188200 -11.06445800
v -42.44517500 -372.67136900 -11.06445800
v -42.47674800 -334.37547800 -11.06445800
v -42.48639500 -648.02978100 -11.06445800
v -20.83810500 -1034.80435200 -11.06445800
v -42.48639500 -930.15203700 -11.06445800
v -20.79844800 -996.49731000 -11.06445800
v -42.44520100 -686.30792100 -11.06445800
v -20.78880200 -779.14131600 -11.06445800
v -42.44520100 -891.87389700 -11.06445800
v -20.78871600 -706.11058900 -11.06445800
v -21.19850700 -26.19315700 -11.06445800
v -21.19850700 -1133.80684300 -11.06445800
v -42.60282800 -67.50166700 -11.06445800
v -20.61207500 -1078.28975000 -11.06445800
v -20.22180000 -1114.79611900 -11.06445800
v -20.24561100 -742.60477200 -11.06445800
v -42.84250200 -354.72628600 -11.06445800
v -42.84250200 -85.07169300 -11.06445800
v -20.43260800 -758.80906700 -11.06445800
v -20.43260800 -726.44345800 -11.06445800
v -42.84250200 -909.81916800 -11.06445800
v -20.43260800 -1016.84749900 -11.06445800
v -42.84250200 -668.36265000 -11.06445800
v -20.35290000 -1095.47475700 -11.06445800
v -44.45618000 -1147.31403900 -11.06445800
v -44.45618000 -12.68596100 -11.06445800
v -31.18781200 -1105.41726700 -11.06445800
v -16.63755500 -10.80808100 -11.06445800
v -16.63755500 -1149.19191900 -11.06445800
v -31.19710500 -1088.36108600 -11.06445800
v -32.02677900 -95.14488700 -11.06445800
v -32.07878500 -675.54117100 -11.06445800
v -32.10293300 -919.23879700 -11.06445800
v -31.24833200 -1006.77430500 -11.06445800
v -31.36961200 -1024.66425100 -11.06445800
v -32.07878500 -902.64064700 -11.06445800
v -31.17309900 -768.22203600 -11.06445800
v -31.17217800 -717.02382900 -11.06445800
v -32.10293300 -658.94302100 -11.06445800
v -31.17536200 -733.91685700 -11.06445800
v -31.25281100 -751.05517400 -11.06445800
v -32.02806800 -344.64376900 -11.06445800
v -32.07756400 -361.89598100 -11.06445800
v -31.90549800 -77.25494100 -11.06445800
v -19.96471500 -353.48484800 -11.06445800
v -43.31039500 -725.20202000 -11.06445800
v -43.31039500 -760.05050500 -11.06445800
v -43.31039500 -1015.60606100 -11.06445800
v -19.96471500 -911.06060600 -11.06445800
v -19.96471500 -667.12121200 -11.06445800
v -19.96471500 -86.31313100 -11.06445800
v -29.34065900 -12.44992100 -11.06445800
v -29.34065900 -1147.55007900 -11.06445800
v -43.42715300 -1096.74235500 -11.06445800
v -3.10202100 -1.46446600 34.93554200
v -3.10202100 -1.46446600 2.93554200
v -3.94730500 -1.46446600 -4.76788800
v -7.93412600 -1.46446600 -8.75470900
v -3.94730500 -1.46446600 42.63897100
v -7.93412600 -1.46446600 46.62579200
v -15.63755500 -1.46446600 -9.59999200
v -47.63755500 -1.46446600 -9.59999200
v -15.63755500 -1.46446600 47.47107600
v -47.63755500 -1.46446600 47.47107600
v -55.34098500 -1.46446600 -8.75470900
v -59.32780600 -1.46446600 -4.76788800
v -55.34098500 -1.46446600 46.62579200
v -59.32780600 -1.46446600 42.63897100
v -60.17308900 -1.46446600 2.93554200
v -60.17308900 -1.46446600 34.93554200
v -3.10202100 -1158.53553400 34.93554200
v -3.10202100 -1158.53553400 2.93554200
v -3.94730500 -1158.53553400 -4.76788800
v -7.93412600 -1158.53553400 -8.75470900
v -7.93412600 -1158.53553400 46.62579200
v -3.94730500 -1158.53553400 42.63897100
v -47.63755500 -1158.53553400 -9.59999200
v -15.63755500 -1158.53553400 -9.59999200
v -60.17308900 -1158.53553400 2.93554200
v -60.17308900 -1158.53553400 34.93554200
v -31.71108500 0.00000000 17.57524800
v -46.48645300 0.00000000 33.66147400
v -16.63755500 0.00000000 3.93554200
v -47.09841400 0.00000000 3.47468300
v -16.63755500 0.00000000 33.93554200
v -44.40825100 0.00000000 17.47269900
v -32.61200600 0.00000000 5.24750200
v -30.04928400 0.00000000 31.17037900
v -18.79520000 0.00000000 17.30492400
v -51.88695400 0.00000000 -1.31385700
v -11.59262900 0.00000000 -1.10938500
v -11.54950000 0.00000000 39.02359700
v -51.78496100 0.00000000 39.06245300
v -39.78942600 0.00000000 26.65741800
v -23.80934800 0.00000000 9.13831300
v -21.81000700 0.00000000 26.08794000
v -39.37297100 0.00000000 36.79931600
v -49.68279900 0.00000000 26.59970300
v -13.27590500 0.00000000 26.52250500
v -23.82859600 0.00000000 0.43799700
v -17.02903500 0.00000000 39.49860700
v -17.06677800 0.00000000 -1.77295200
v -52.24586500 0.00000000 33.43894300
v -52.32506100 0.00000000 4.20258100
v -46.18389900 0.00000000 39.47886500
v -11.08311500 0.00000000 4.33564700
v -46.37051600 0.00000000 -1.75196400
v -10.94761400 0.00000000 33.47054600
v -40.79778100 0.00000000 9.32656600
v -13.92678600 0.00000000 10.58808300
v -49.46903400 0.00000000 10.76608100
v -39.75009500 0.00000000 1.02108800
v -23.29050200 0.00000000 36.49456000
v -34.69311100 -1160.00000000 21.99109700
v -47.09841400 -1160.00000000 34.39640000
v -46.36348700 -1160.00000000 4.08664400
v -16.69836000 -1160.00000000 3.99634600
v -16.78865700 -1160.00000000 33.66147400
v -17.63274900 -1160.00000000 18.11255400
v -30.81456700 -1160.00000000 4.93073500
v -44.82358200 -1160.00000000 20.07611400
v -32.77812800 -1160.00000000 32.12156900
v -51.76446600 -1160.00000000 -1.21186300
v -11.57835200 -1160.00000000 -1.12366200
v -11.49015000 -1160.00000000 39.06245300
v -51.88695400 -1160.00000000 39.18494100
v -23.72088900 -1160.00000000 26.01887500
v -38.72088900 -1160.00000000 11.01887500
v -23.86672300 -1160.00000000 36.85142400
v -49.55343700 -1160.00000000 11.16471000
v -39.30193500 -1160.00000000 0.72381300
v -13.42582700 -1160.00000000 26.59992100
v -46.14100000 -1160.00000000 -1.70606500
v -17.04696600 -1160.00000000 -1.60959300
v -52.32506100 -1160.00000000 33.66850200
v -52.19130000 -1160.00000000 4.38211500
v -46.37051600 -1160.00000000 39.62304800
v -11.09242100 -1160.00000000 4.34495300
v -10.99594900 -1160.00000000 33.43898600
v -17.08412800 -1160.00000000 39.48928700
v -41.26535100 -1160.00000000 28.56333700
v -24.98423200 -1160.00000000 12.28221900
v -49.47756500 -1160.00000000 27.03043300
v -39.73244600 -1160.00000000 36.77555200
v -13.94714500 -1160.00000000 11.10119200
v -23.80320600 -1160.00000000 1.24513200
v -61.63755500 -1136.35081600 18.18786700
v -61.63755500 -23.64918400 18.18786700
v -61.63755500 -1113.68088900 18.93554200
v -61.63755500 -46.31911100 18.93554200
v -61.63755500 -196.66666700 18.93554200
v -61.63755500 -336.23501200 18.79099100
v -61.63755500 -266.36363600 18.93554200
v -61.63755500 -68.94058900 18.93554200
v -61.63755500 -487.07070700 18.93554200
v -61.63755500 -417.37373700 18.93554200
v -61.63755500 -394.14141400 18.93554200
v -61.63755500 -998.18181800 18.93554200
v -61.63755500 -893.63636400 18.93554200
v -61.63755500 -846.99731100 19.08009200
v -61.63755500 -742.62626300 18.93554200
v -61.63755500 -707.77777800 18.93554200
v -61.63755500 -649.69697000 18.93554200
v -61.63755500 -603.23232300 18.93554200
v -61.63755500 -556.76767700 18.93554200
v -61.63755500 -370.73468500 18.79099100
v -61.63755500 -510.30303000 18.93554200
v -61.63755500 -463.83838400 18.93554200
v -61.63755500 -440.60606100 18.93554200
v -61.63755500 -1091.05941100 18.93554200
v -61.63755500 -1067.87878800 18.93554200
v -61.63755500 -1044.64646500 18.93554200
v -61.63755500 -963.33333300 18.93554200
v -61.63755500 -940.10101000 18.93554200
v -61.63755500 -870.40404000 18.93554200
v -61.63755500 -812.49763800 19.08009200
v -61.63755500 -789.09090900 18.93554200
v -61.63755500 -765.85858600 18.93554200
v -61.63755500 -684.54545500 18.93554200
v -61.63755500 -626.46464600 18.93554200
v -61.63755500 -580.00000000 18.93554200
v -61.63755500 -312.82828300 18.93554200
v -61.63755500 -289.59596000 18.93554200
v -61.63755500 -150.20202000 18.93554200
v -61.63755500 -92.29561800 18.79099100
v -61.63755500 -916.86868700 18.93554200
v -61.63755500 -533.53535400 18.93554200
v -61.63755500 -243.13131300 18.93554200
v -61.63755500 -219.89899000 18.93554200
v -61.63755500 -173.43434300 18.93554200
v -61.63755500 -126.79529100 18.79099100
v -61.63755500 -1021.41414100 18.93554200
v -61.63755500 -353.59569100 18.09912700
v -61.63755500 -980.64673300 18.12218100
v -61.63755500 -725.31286300 19.74890200
v -61.63755500 -829.85831700 19.77195700
v -61.63755500 -667.23205500 19.74890200
v -61.63755500 -109.43461200 18.09912700
v -61.63755500 -80.50505100 11.46557700
v -61.63755500 -80.49888800 26.46755800
v -61.63755500 -301.21212100 11.46557700
v -61.63755500 -301.21212100 26.40550700
v -61.63755500 -185.05050500 11.46557700
v -61.63755500 -185.05050500 26.40550700
v -61.63755500 -638.08080800 26.40550700
v -61.63755500 -638.08080800 11.46557700
v -61.63755500 -498.68686900 11.46557700
v -61.63755500 -498.68686900 26.40550700
v -61.63755500 -568.38383800 11.46557700
v -61.63755500 -231.51515200 26.40550700
v -61.63755500 -231.51515200 11.46557700
v -61.63755500 -161.81818200 11.46557700
v -61.63755500 -161.81818200 26.40550700
v -61.63755500 -754.24242400 11.46557700
v -61.63755500 -754.24242400 26.40550700
v -61.63755500 -696.16161600 26.40550700
v -61.63755500 -905.25252500 11.46557700
v -61.63755500 -1079.49494900 26.40550700
v -61.63755500 -1056.26262600 26.40550700
v -61.63755500 -1033.03030300 26.40550700
v -61.63755500 -905.25252500 26.40550700
v -61.63755500 -800.70707100 26.40550700
v -61.63755500 -800.70707100 11.46557700
v -61.63755500 -568.38383800 26.40550700
v -61.63755500 -1009.79798000 26.40550700
v -61.63755500 -696.16161600 11.46557700
v -61.63755500 -858.78787900 26.40550700
v -61.63755500 -428.98989900 11.46557700
v -61.63755500 -428.98989900 26.40550700
v -61.63755500 -882.02020200 11.46557700
v -61.63755500 -882.02020200 26.40550700
v -61.63755500 -1009.79798000 11.46557700
v -61.63755500 -1079.49494900 11.46557700
v -61.63755500 -1056.26262600 11.46557700
v -61.63755500 -1033.03030300 11.46557700
v -61.63755500 -452.22222200 26.40550700
v -61.63755500 -858.78787900 11.46557700
v -61.63755500 -614.84848500 11.46557700
v -61.63755500 -928.48484800 11.46557700
v -61.63755500 -951.71717200 26.40550700
v -61.63755500 -928.48484800 26.40550700
v -61.63755500 -951.71717200 11.46557700
v -61.63755500 -452.22222200 11.46557700
v -61.63755500 -138.58585900 11.46557700
v -61.63755500 -614.84848500 26.40550700
v -61.63755500 -138.58585900 26.40550700
v -61.63755500 -405.75757600 11.46557700
v -61.63755500 -405.75757600 26.40550700
v -61.63755500 -254.74747500 11.46557700
v -61.63755500 -254.74747500 26.40550700
v -61.63755500 -521.91919200 11.46557700
v -61.63755500 -382.52525300 11.46557700
v -61.63755500 -382.52525300 26.40550700
v -61.63755500 -475.45454500 11.46557700
v -61.63755500 -475.45454500 26.40550700
v -61.63755500 -777.47474700 11.46557700
v -61.63755500 -777.47474700 26.40550700
v -61.63755500 -521.91919200 26.40550700
v -61.63755500 -545.15151500 11.46557700
v -61.63755500 -545.15151500 26.40550700
v -61.63755500 -208.28282800 11.46557700
v -61.63755500 -208.28282800 26.40550700
v -61.63755500 -591.61616200 11.46557700
v -61.63755500 -591.61616200 26.40550700
v -61.63755500 -324.44444400 11.46557700
v -61.63755500 -324.44444400 26.40550700
v -61.63755500 -277.97979800 11.46557700
v -61.63755500 -277.97979800 26.40550700
v -61.63755500 -57.43650900 11.20795700
v -61.63755500 -57.43775000 26.63275900
v -61.63755500 -1102.56349100 11.20795700
v -61.63755500 -1102.56225000 26.63275900
v -61.63755500 -1125.19244200 26.45739900
v -61.63755500 -1124.40418900 11.17232800
v -61.63755500 -35.59581100 11.17232800
v -61.63755500 -34.80755800 26.45739900
v -61.63755500 -716.80952700 11.53003600
v -61.63755500 -733.61336500 11.53003600
v -61.63755500 -989.15006900 26.34104700
v -61.63755500 -658.72871800 11.53003600
v -61.63755500 -838.41286200 11.78146600
v -61.63755500 -675.53255700 11.53003600
v -61.63755500 -821.44918800 11.55526700
v -61.63755500 -972.34623100 26.34104700
v -61.63755500 -345.18656200 26.31581700
v -61.63755500 -100.88006800 26.08961800
v -61.63755500 -362.15023600 26.08961800
v -61.63755500 -117.84374100 26.31581700
v -61.63755500 -15.11242900 23.93554200
v -61.63755500 -1144.88757100 23.93554200
v -61.63755500 -15.75943900 9.23477100
v -61.63755500 -1144.24056100 9.23477100
v -61.63755500 -345.60159200 9.89806600
v -61.63755500 -363.19820700 10.68930700
v -61.63755500 -988.79910000 9.94045300
v -61.63755500 -839.46083400 27.18177700
v -61.63755500 -970.99615200 10.70218000
v -61.63755500 -717.16049600 27.93063100
v -61.63755500 -734.96344400 27.16890400
v -61.63755500 -659.07968800 27.93063100
v -61.63755500 -676.88263600 27.16890400
v -61.63755500 -821.86421800 27.97301800
v -61.63755500 -117.42871100 9.89806600
v -61.63755500 -99.83209600 10.68930700
v -61.63755500 -266.36363600 8.09219700
v -61.63755500 -196.66666700 8.09219700
v -61.63755500 -266.36363600 29.77888700
v -61.63755500 -196.66666700 29.77888700
v -61.63755500 -487.07070700 29.77888700
v -61.63755500 -556.76767700 8.09219700
v -61.63755500 -487.07070700 8.09219700
v -61.63755500 -417.37373700 8.09219700
v -61.63755500 -417.37373700 29.77888700
v -61.63755500 -893.63636400 8.09219700
v -61.63755500 -603.23232300 29.77888700
v -61.63755500 -394.14141400 8.09219700
v -61.63755500 -68.88888900 8.09219700
v -61.63755500 -68.88888900 29.77888700
v -61.63755500 -394.14141400 29.77888700
v -61.63755500 -1044.64646500 8.09219700
v -61.63755500 -1021.41414100 8.09219700
v -61.63755500 -440.60606100 8.09219700
v -61.63755500 -893.63636400 29.77888700
v -61.63755500 -1091.11111100 8.09219700
v -61.63755500 -1067.87878800 8.09219700
v -61.63755500 -603.23232300 8.09219700
v -61.63755500 -556.76767700 29.77888700
v -61.63755500 -510.30303000 8.09219700
v -61.63755500 -463.83838400 8.09219700
v -61.63755500 -510.30303000 29.77888700
v -61.63755500 -463.83838400 29.77888700
v -61.63755500 -440.60606100 29.77888700
v -61.63755500 -150.20202000 8.09219700
v -61.63755500 -940.10101000 8.09219700
v -61.63755500 -916.86868700 8.09219700
v -61.63755500 -870.40404000 8.09219700
v -61.63755500 -789.09090900 8.09219700
v -61.63755500 -765.85858600 8.09219700
v -61.63755500 -626.46464600 8.09219700
v -61.63755500 -580.00000000 8.09219700
v -61.63755500 -312.82828300 8.09219700
v -61.63755500 -289.59596000 8.09219700
v -61.63755500 -219.89899000 8.09219700
v -61.63755500 -173.43434300 8.09219700
v -61.63755500 -940.10101000 29.77888700
v -61.63755500 -916.86868700 29.77888700
v -61.63755500 -870.40404000 29.77888700
v -61.63755500 -789.09090900 29.77888700
v -61.63755500 -765.85858600 29.77888700
v -61.63755500 -626.46464600 29.77888700
v -61.63755500 -580.00000000 29.77888700
v -61.63755500 -533.53535400 29.77888700
v -61.63755500 -312.82828300 29.77888700
v -61.63755500 -289.59596000 29.77888700
v -61.63755500 -243.13131300 29.77888700
v -61.63755500 -219.89899000 29.77888700
v -61.63755500 -173.43434300 29.77888700
v -61.63755500 -533.53535400 8.09219700
v -61.63755500 -243.13131300 8.09219700
v -61.63755500 -150.20202000 29.77888700
v -61.63755500 -1091.11111100 29.77888700
v -61.63755500 -1067.87878800 29.77888700
v -61.63755500 -1044.64646500 29.77888700
v -61.63755500 -1021.41414100 29.77888700
v -61.63755500 -1138.14939700 29.70101000
v -61.63755500 -21.85060300 29.70101000
v -61.63755500 -45.93369500 8.17078400
v -61.63755500 -45.93369500 29.70030000
v -61.63755500 -1114.06630500 8.17078400
v -61.63755500 -1114.06630500 29.70030000
v -61.63755500 -707.35340500 8.14206700
v -61.63755500 -649.27259700 8.14206700
v -61.63755500 -743.06503200 8.11650200
v -61.63755500 -998.60619100 29.72901600
v -61.63755500 -847.70829700 8.03964400
v -61.63755500 -811.91284400 8.15090700
v -61.63755500 -962.89456400 29.75458200
v -61.63755500 -684.98422300 8.11650200
v -61.63755500 -91.58340000 29.84385000
v -61.63755500 -127.38008500 29.72017700
v -61.63755500 -335.65021800 29.72017700
v -61.63755500 -371.44567100 29.83144000
v -61.63755500 -648.01246200 29.77464900
v -61.63755500 -744.40031100 29.73499200
v -61.63755500 -706.09327000 29.77464900
v -61.63755500 -848.93418400 29.74318800
v -61.63755500 -999.86632600 8.09643500
v -61.63755500 -961.55928500 8.13609200
v -61.63755500 -810.65604400 29.78438100
v -61.63755500 -686.31950300 29.73499200
v -61.63755500 -372.67155700 8.12789600
v -61.63755500 -90.35874600 8.12789600
v -61.63755500 -334.39341800 8.08670200
v -61.63755500 -128.63688500 8.08670200
v -61.63755500 -1133.80684300 8.49649300
v -61.63755500 -26.19315700 8.49649300
v -61.63755500 -354.72628600 7.73059500
v -61.63755500 -108.30401700 7.73059500
v -61.63755500 -830.98891300 30.14048900
v -61.63755500 -979.51613800 7.73059500
v -61.63755500 -668.36265000 30.14048900
v -61.63755500 -726.44345800 30.14048900
v -61.63755500 -12.68596100 31.75416600
v -61.63755500 -1147.31403900 31.75416600
v -61.63755500 -1149.19191900 3.93554200
v -61.63755500 -10.80808100 3.93554200
v -61.63755500 -117.72364500 18.47016400
v -61.63755500 -101.12549500 18.49431200
v -61.63755500 -716.37026400 19.32476500
v -61.63755500 -676.17940200 19.20348500
v -61.63755500 -989.58933200 18.54631800
v -61.63755500 -821.56928400 19.40092000
v -61.63755500 -734.26021100 19.20348500
v -61.63755500 -838.16743400 19.37677100
v -61.63755500 -971.69938500 18.66759900
v -61.63755500 -658.28945600 19.32476500
v -61.63755500 -345.30665800 18.47016400
v -61.63755500 -361.90480800 18.49431200
v -61.63755500 -353.48484800 30.60838200
v -61.63755500 -980.75757600 30.60838200
v -61.63755500 -667.12121200 7.26270200
v -61.63755500 -829.74747500 7.26270200
v -61.63755500 -725.20202000 7.26270200
v -61.63755500 -109.54545500 30.60838200
v -61.63755500 -12.44992100 16.63864600
v -61.63755500 -1147.55007900 16.63864600
v -58.70862300 -1137.40478400 46.00661000
v -58.70862300 -1125.93026100 46.00661000
v -58.70862300 -1114.33840100 46.00661000
v -58.70862300 -1102.72640900 46.00661000
v -58.70862300 -1091.11096300 46.00661000
v -58.70862300 -1079.49492400 46.00661000
v -58.70862300 -1067.87878400 46.00661000
v -58.70862300 -1056.26262600 46.00661000
v -58.70862300 -1044.64646500 46.00661000
v -58.70862300 -1033.03030300 46.00661000
v -58.70862300 -1021.41414100 46.00661000
v -58.70862300 -1009.79798000 46.00661000
v -58.70862300 -998.18181800 46.00661000
v -58.70862300 -986.56565700 46.00661000
v -58.70862300 -974.94949500 46.00661000
v -58.70862300 -963.33333300 46.00661000
v -58.70862300 -951.71717200 46.00661000
v -58.70862300 -940.10101000 46.00661000
v -58.70862300 -928.48484800 46.00661000
v -58.70862300 -916.86868700 46.00661000
v -58.70862300 -905.25252500 46.00661000
v -58.70862300 -893.63636400 46.00661000
v -58.70862300 -882.02020200 46.00661000
v -58.70862300 -870.40404000 46.00661000
v -58.70862300 -858.78787900 46.00661000
v -58.70862300 -847.17171700 46.00661000
v -58.70862300 -835.55555600 46.00661000
v -58.70862300 -823.93939400 46.00661000
v -58.70862300 -812.32323200 46.00661000
v -58.70862300 -800.70707100 46.00661000
v -58.70862300 -789.09090900 46.00661000
v -58.70862300 -777.47474700 46.00661000
v -58.70862300 -765.85858600 46.00661000
v -58.70862300 -754.24242400 46.00661000
v -58.70862300 -742.62626300 46.00661000
v -58.70862300 -731.01010100 46.00661000
v -58.70862300 -719.39393900 46.00661000
v -58.70862300 -707.77777800 46.00661000
v -58.70862300 -696.16161600 46.00661000
v -58.70862300 -684.54545500 46.00661000
v -58.70862300 -672.92929300 46.00661000
v -58.70862300 -661.31313100 46.00661000
v -58.70862300 -649.69697000 46.00661000
v -58.70862300 -638.08080800 46.00661000
v -58.70862300 -626.46464600 46.00661000
v -58.70862300 -614.84848500 46.00661000
v -58.70862300 -603.23232300 46.00661000
v -58.70862300 -591.61616200 46.00661000
v -58.70862300 -580.00000000 46.00661000
v -58.70862300 -568.38383800 46.00661000
v -58.70862300 -556.76767700 46.00661000
v -58.70862300 -545.15151500 46.00661000
v -58.70862300 -533.53535400 46.00661000
v -58.70862300 -521.91919200 46.00661000
v -58.70862300 -510.30303000 46.00661000
v -58.70862300 -498.68686900 46.00661000
v -58.70862300 -487.07070700 46.00661000
v -58.70862300 -475.45454500 46.00661000
v -58.70862300 -463.83838400 46.00661000
v -58.70862300 -452.22222200 46.00661000
v -58.70862300 -440.60606100 46.00661000
v -58.70862300 -428.98989900 46.00661000
v -58.70862300 -417.37373700 46.00661000
v -58.70862300 -405.75757600 46.00661000
v -58.70862300 -394.14141400 46.00661000
v -58.70862300 -382.52525300 46.00661000
v -58.70862300 -370.90909100 46.00661000
v -58.70862300 -359.29292900 46.00661000
v -58.70862300 -347.67676800 46.00661000
v -58.70862300 -336.06060600 46.00661000
v -58.70862300 -324.44444400 46.00661000
v -58.70862300 -312.82828300 46.00661000
v -58.70862300 -301.21212100 46.00661000
v -58.70862300 -289.59596000 46.00661000
v -58.70862300 -277.97979800 46.00661000
v -58.70862300 -266.36363600 46.00661000
v -58.70862300 -254.74747500 46.00661000
v -58.70862300 -243.13131300 46.00661000
v -58.70862300 -231.51515200 46.00661000
v -58.70862300 -219.89899000 46.00661000
v -58.70862300 -208.28282800 46.00661000
v -58.70862300 -196.66666700 46.00661000
v -58.70862300 -185.05050500 46.00661000
v -58.70862300 -173.43434300 46.00661000
v -58.70862300 -161.81818200 46.00661000
v -58.70862300 -150.20202000 46.00661000
v -58.70862300 -138.58585900 46.00661000
v -58.70862300 -126.96969700 46.00661000
v -58.70862300 -115.35353500 46.00661000
v -58.70862300 -103.73737400 46.00661000
v -58.70862300 -92.12121600 46.00661000
v -58.70862300 -80.50507600 46.00661000
v -58.70862300 -68.88903700 46.00661000
v -58.70862300 -57.27359100 46.00661000
v -58.70862300 -45.66159900 46.00661000
v -58.70862300 -34.06973900 46.00661000
v -58.70862300 -22.59521600 46.00661000
v -58.70862300 -1148.19541000 46.00661000
v -58.70862300 -11.80459000 46.00661000
v -30.88988000 -1136.35081600 48.93554200
v -30.88988000 -23.64918400 48.93554200
v -31.63755500 -1114.03323600 48.93554200
v -31.63755500 -46.31911100 48.93554200
v -31.49300500 -336.23501200 48.93554200
v -31.63755500 -266.36363600 48.93554200
v -31.63755500 -196.66666700 48.93554200
v -31.63755500 -68.88888900 48.93554200
v -31.63755500 -487.07070700 48.93554200
v -31.63755500 -417.37373700 48.93554200
v -31.63755500 -998.18181800 48.93554200
v -31.63755500 -893.63636400 48.93554200
v -31.63755500 -847.17171700 48.93554200
v -31.63755500 -742.62626300 48.93554200
v -31.63755500 -707.77777800 48.93554200
v -31.78210600 -649.87137600 48.93554200
v -31.63755500 -603.23232300 48.93554200
v -31.63755500 -556.76767700 48.93554200
v -31.63755500 -394.14141400 48.93554200
v -31.49300500 -370.73468500 48.93554200
v -31.63755500 -510.30303000 48.93554200
v -31.63755500 -440.60606100 48.93554200
v -31.63755500 -463.83838400 48.93554200
v -31.63755500 -1079.49494900 48.93554200
v -31.63755500 -1056.26262600 48.93554200
v -31.63755500 -1033.03030300 48.93554200
v -31.63755500 -974.94949500 48.93554200
v -31.63755500 -951.71717200 48.93554200
v -31.49300500 -928.31044200 48.93554200
v -31.63755500 -870.40404000 48.93554200
v -31.63755500 -823.93939400 48.93554200
v -31.63755500 -800.70707100 48.93554200
v -31.49300500 -777.30034100 48.93554200
v -31.78210600 -684.37104800 48.93554200
v -31.63755500 -626.46464600 48.93554200
v -31.63755500 -580.00000000 48.93554200
v -31.63755500 -533.53535400 48.93554200
v -31.63755500 -312.82828300 48.93554200
v -31.63755500 -289.59596000 48.93554200
v -31.63755500 -243.13131300 48.93554200
v -31.63755500 -219.89899000 48.93554200
v -31.63755500 -173.43434300 48.93554200
v -31.63755500 -150.20202000 48.93554200
v -31.63755500 -126.96969700 48.93554200
v -31.63755500 -103.73737400 48.93554200
v -30.80114000 -353.59569100 48.93554200
v -30.82419500 -1015.71690300 48.93554200
v -30.80114000 -759.93966200 48.93554200
v -30.81266700 -910.86641800 48.93554200
v -32.46244300 -725.22951700 48.93554200
v -32.47397000 -667.23205500 48.93554200
v -32.45091600 -86.20228900 48.93554200
v -30.76925400 -1096.71030400 48.93554200
v -39.10752000 -301.21212100 48.93554200
v -24.16759000 -301.21212100 48.93554200
v -24.16759000 -638.08080800 48.93554200
v -39.10752000 -638.08080800 48.93554200
v -39.10752000 -185.05050500 48.93554200
v -24.16759000 -185.05050500 48.93554200
v -39.10752000 -498.68686900 48.93554200
v -24.16759000 -498.68686900 48.93554200
v -39.10752000 -231.51515200 48.93554200
v -24.16759000 -231.51515200 48.93554200
v -24.16759000 -161.81818200 48.93554200
v -39.10752000 -161.81818200 48.93554200
v -39.10752000 -568.38383800 48.93554200
v -24.16759000 -835.55555600 48.93554200
v -39.10752000 -835.55555600 48.93554200
v -39.10752000 -986.56565700 48.93554200
v -24.16759000 -568.38383800 48.93554200
v -39.10752000 -696.16161600 48.93554200
v -24.16759000 -696.16161600 48.93554200
v -24.16759000 -986.56565700 48.93554200
v -39.10752000 -940.10101000 48.93554200
v -39.10752000 -858.78787900 48.93554200
v -39.10752000 -452.22222200 48.93554200
v -24.16759000 -452.22222200 48.93554200
v -39.10752000 -882.02020200 48.93554200
v -24.16759000 -858.78787900 48.93554200
v -39.10752000 -963.33333300 48.93554200
v -39.10752000 -428.98989900 48.93554200
v -24.16759000 -963.33333300 48.93554200
v -24.16759000 -940.10101000 48.93554200
v -24.16759000 -428.98989900 48.93554200
v -24.16759000 -1067.87878800 48.93554200
v -24.16759000 -1044.64646500 48.93554200
v -39.10752000 -1067.87878800 48.93554200
v -39.10752000 -1044.64646500 48.93554200
v -24.16759000 -882.02020200 48.93554200
v -39.10752000 -405.75757600 48.93554200
v -24.16759000 -405.75757600 48.93554200
v -39.10752000 -614.84848500 48.93554200
v -24.16759000 -614.84848500 48.93554200
v -39.10752000 -789.09090900 48.93554200
v -39.10752000 -254.74747500 48.93554200
v -24.16759000 -789.09090900 48.93554200
v -24.16759000 -254.74747500 48.93554200
v -24.16759000 -138.58585900 48.93554200
v -39.10752000 -138.58585900 48.93554200
v -39.10752000 -812.32323200 48.93554200
v -24.16759000 -812.32323200 48.93554200
v -24.16759000 -382.52525300 48.93554200
v -39.10752000 -382.52525300 48.93554200
v -39.10752000 -475.45454500 48.93554200
v -24.16759000 -475.45454500 48.93554200
v -24.16759000 -521.91919200 48.93554200
v -39.10752000 -115.35353500 48.93554200
v -24.16759000 -115.35353500 48.93554200
v -39.10752000 -521.91919200 48.93554200
v -39.10752000 -545.15151500 48.93554200
v -24.16759000 -545.15151500 48.93554200
v -39.10752000 -208.28282800 48.93554200
v -24.16759000 -208.28282800 48.93554200
v -39.10752000 -591.61616200 48.93554200
v -24.16759000 -591.61616200 48.93554200
v -39.10752000 -324.44444400 48.93554200
v -24.16759000 -324.44444400 48.93554200
v -24.16759000 -277.97979800 48.93554200
v -39.10752000 -277.97979800 48.93554200
v -39.15256100 -57.42782700 48.93554200
v -23.98231800 -57.38877200 48.93554200
v -39.19436500 -1125.26973000 48.93554200
v -23.87434100 -1124.40418900 48.93554200
v -39.15941300 -34.80755800 48.93554200
v -23.87434100 -35.59581100 48.93554200
v -39.09995100 -1105.02492300 48.93554200
v -38.81651100 -1088.18831600 48.93554200
v -24.23205000 -94.70562500 48.93554200
v -24.25728000 -658.82292600 48.93554200
v -24.23303000 -716.80243900 48.93554200
v -39.04208000 -902.64217400 48.93554200
v -39.01881000 -919.35180500 48.93554200
v -39.04306100 -1007.21356700 48.93554200
v -24.48347900 -675.78659900 48.93554200
v -24.35138800 -733.68004200 48.93554200
v -38.92235000 -751.56256100 48.93554200
v -39.01783000 -768.34879200 48.93554200
v -39.04306100 -1024.01740500 48.93554200
v -39.01783000 -345.18656200 48.93554200
v -38.79163100 -362.15023600 48.93554200
v -24.23205000 -77.90178700 48.93554200
v -36.63755500 -15.11242900 48.93554200
v -36.63755500 -1144.88757100 48.93554200
v -21.93678500 -15.75943900 48.93554200
v -21.93678500 -1144.24056100 48.93554200
v -22.60007900 -345.60159200 48.93554200
v -40.63264400 -94.35465600 48.93554200
v -23.39132100 -363.19820700 48.93554200
v -39.92056300 -734.88258300 48.93554200
v -40.63429100 -717.14858900 48.93554200
v -22.60007900 -767.93376100 48.93554200
v -22.64246600 -1007.56453600 48.93554200
v -23.48495000 -750.38721400 48.93554200
v -22.60172600 -918.93195600 48.93554200
v -23.40419300 -1025.36748400 48.93554200
v -23.40369300 -901.29556600 48.93554200
v -40.67503100 -659.23795600 48.93554200
v -39.88379000 -676.83457100 48.93554200
v -39.87495100 -76.55511200 48.93554200
v -22.62538600 -1105.21048200 48.93554200
v -23.36033200 -1087.07120300 48.93554200
v -42.48090000 -266.36363600 48.93554200
v -42.48090000 -196.66666700 48.93554200
v -20.79421000 -266.36363600 48.93554200
v -20.79421000 -196.66666700 48.93554200
v -42.48090000 -847.17171700 48.93554200
v -42.48090000 -603.23232300 48.93554200
v -42.48090000 -556.76767700 48.93554200
v -42.48090000 -417.37373700 48.93554200
v -20.79421000 -487.07070700 48.93554200
v -20.79421000 -417.37373700 48.93554200
v -42.48090000 -487.07070700 48.93554200
v -20.79421000 -847.17171700 48.93554200
v -20.79421000 -603.23232300 48.93554200
v -20.79421000 -556.76767700 48.93554200
v -42.48090000 -394.14141400 48.93554200
v -20.79421000 -394.14141400 48.93554200
v -42.48090000 -1056.26262600 48.93554200
v -42.48090000 -510.30303000 48.93554200
v -42.48090000 -463.83838400 48.93554200
v -42.48090000 -440.60606100 48.93554200
v -20.79421000 -510.30303000 48.93554200
v -20.79421000 -463.83838400 48.93554200
v -20.79421000 -440.60606100 48.93554200
v -20.79421000 -173.43434300 48.93554200
v -20.79421000 -626.46464600 48.93554200
v -20.79421000 -150.20202000 48.93554200
v -42.48090000 -974.94949500 48.93554200
v -42.48090000 -951.71717200 48.93554200
v -42.48090000 -870.40404000 48.93554200
v -42.48090000 -823.93939400 48.93554200
v -42.48090000 -800.70707100 48.93554200
v -42.48090000 -626.46464600 48.93554200
v -42.48090000 -580.00000000 48.93554200
v -42.48090000 -533.53535400 48.93554200
v -42.48090000 -312.82828300 48.93554200
v -42.48090000 -289.59596000 48.93554200
v -42.48090000 -243.13131300 48.93554200
v -42.48090000 -219.89899000 48.93554200
v -42.48090000 -173.43434300 48.93554200
v -42.48090000 -150.20202000 48.93554200
v -42.48090000 -126.96969700 48.93554200
v -20.79421000 -974.94949500 48.93554200
v -20.79421000 -951.71717200 48.93554200
v -20.79421000 -870.40404000 48.93554200
v -20.79421000 -823.93939400 48.93554200
v -20.79421000 -800.70707100 48.93554200
v -20.79421000 -580.00000000 48.93554200
v -20.79421000 -533.53535400 48.93554200
v -20.79421000 -312.82828300 48.93554200
v -20.79421000 -289.59596000 48.93554200
v -20.79421000 -243.13131300 48.93554200
v -20.79421000 -219.89899000 48.93554200
v -20.79421000 -126.96969700 48.93554200
v -20.79421000 -1056.26262600 48.93554200
v -42.40884800 -1138.16227900 48.93554200
v -42.40302300 -21.85060300 48.93554200
v -42.40231400 -45.93369500 48.93554200
v -20.87279700 -45.93369500 48.93554200
v -42.56733900 -1078.91039000 48.93554200
v -20.84408100 -104.16174600 48.93554200
v -42.43103000 -997.75744500 48.93554200
v -20.85292000 -649.28658100 48.93554200
v -42.45652400 -893.19707800 48.93554200
v -20.81858600 -707.33986600 48.93554200
v -42.42224200 -928.89486800 48.93554200
v -42.45659500 -1033.46907200 48.93554200
v -20.74165700 -685.08203500 48.93554200
v -42.42219100 -777.88513600 48.93554200
v -42.42219100 -335.65021800 48.93554200
v -42.53345300 -371.44567100 48.93554200
v -20.70614600 -68.42162400 48.93554200
v -42.64139600 -1114.60295100 48.93554200
v -42.47666200 -105.42188200 48.93554200
v -42.48639500 -648.02978100 48.93554200
v -20.82990900 -372.67155700 48.93554200
v -20.83810500 -1034.80435200 48.93554200
v -20.78880200 -930.15141700 48.93554200
v -20.79844800 -996.49731000 48.93554200
v -42.47674800 -706.09265000 48.93554200
v -42.44520100 -686.30792100 48.93554200
v -20.78871600 -334.39341800 48.93554200
v -20.83807900 -891.86212700 48.93554200
v -20.78871600 -779.14193600 48.93554200
v -21.19850700 -26.19315700 48.93554200
v -21.19850700 -1133.80684300 48.93554200
v -42.60282800 -67.50166700 48.93554200
v -20.61207500 -1078.28975000 48.93554200
v -20.22180000 -1114.79611900 48.93554200
v -42.91382700 -743.16038200 48.93554200
v -20.37971700 -742.09319300 48.93554200
v -20.43260800 -354.72628600 48.93554200
v -42.84250200 -85.07169300 48.93554200
v -20.43260800 -758.80906700 48.93554200
v -42.84250200 -726.44345800 48.93554200
v -20.43260800 -909.81916800 48.93554200
v -20.43260800 -1016.84749900 48.93554200
v -42.84250200 -668.36265000 48.93554200
v -20.35290000 -1095.47475700 48.93554200
v -44.45618000 -1147.31403900 48.93554200
v -44.45618000 -12.68596100 48.93554200
v -31.18781200 -1105.41726700 48.93554200
v -16.63755500 -10.80808100 48.93554200
v -16.63755500 -1149.19191900 48.93554200
v -31.19710500 -1088.36108600 48.93554200
v -32.02677900 -95.14488700 48.93554200
v -32.07878500 -675.54117100 48.93554200
v -31.17217800 -768.22869600 48.93554200
v -31.17309900 -919.23213700 48.93554200
v -31.24833200 -1006.77430500 48.93554200
v -31.36961200 -1024.66425100 48.93554200
v -31.36961200 -902.00241600 48.93554200
v -31.24050700 -751.92578500 48.93554200
v -32.02806800 -716.36094000 48.93554200
v -32.10293300 -658.94302100 48.93554200
v -32.03460400 -733.32674000 48.93554200
v -31.17217800 -345.30665800 48.93554200
v -31.19632600 -361.90480800 48.93554200
v -31.90549800 -77.25494100 48.93554200
v -43.31039500 -353.48484800 48.93554200
v -43.31039500 -760.05050500 48.93554200
v -19.96471500 -725.20202000 48.93554200
v -43.31039500 -1015.60606100 48.93554200
v -43.31039500 -911.06060600 48.93554200
v -19.96471500 -667.12121200 48.93554200
v -19.96471500 -86.31313100 48.93554200
v -29.34065900 -12.44992100 48.93554200
v -29.34065900 -1147.55007900 48.93554200
v -43.42715300 -1096.74235500 48.93554200
v -4.56648700 -1137.40478400 46.00661000
v -4.56648700 -1125.93026100 46.00661000
v -4.56648700 -1114.33840100 46.00661000
v -4.56648700 -1102.72640900 46.00661000
v -4.56648700 -1091.11096300 46.00661000
v -4.56648700 -1079.49492400 46.00661000
v -4.56648700 -1067.87878400 46.00661000
v -4.56648700 -1056.26262600 46.00661000
v -4.56648700 -1044.64646500 46.00661000
v -4.56648700 -1033.03030300 46.00661000
v -4.56648700 -1021.41414100 46.00661000
v -4.56648700 -1009.79798000 46.00661000
v -4.56648700 -998.18181800 46.00661000
v -4.56648700 -986.56565700 46.00661000
v -4.56648700 -974.94949500 46.00661000
v -4.56648700 -963.33333300 46.00661000
v -4.56648700 -951.71717200 46.00661000
v -4.56648700 -940.10101000 46.00661000
v -4.56648700 -928.48484800 46.00661000
v -4.56648700 -916.86868700 46.00661000
v -4.56648700 -905.25252500 46.00661000
v -4.56648700 -893.63636400 46.00661000
v -4.56648700 -882.02020200 46.00661000
v -4.56648700 -870.40404000 46.00661000
v -4.56648700 -858.78787900 46.00661000
v -4.56648700 -847.17171700 46.00661000
v -4.56648700 -835.55555600 46.00661000
v -4.56648700 -823.93939400 46.00661000
v -4.56648700 -812.32323200 46.00661000
v -4.56648700 -800.70707100 46.00661000
v -4.56648700 -789.09090900 46.00661000
v -4.56648700 -777.47474700 46.00661000
v -4.56648700 -765.85858600 46.00661000
v -4.56648700 -754.24242400 46.00661000
v -4.56648700 -742.62626300 46.00661000
v -4.56648700 -731.01010100 46.00661000
v -4.56648700 -719.39393900 46.00661000
v -4.56648700 -707.77777800 46.00661000
v -4.56648700 -696.16161600 46.00661000
v -4.56648700 -684.54545500 46.00661000
v -4.56648700 -672.92929300 46.00661000
v -4.56648700 -661.31313100 46.00661000
v -4.56648700 -649.69697000 46.00661000
v -4.56648700 -638.08080800 46.00661000
v -4.56648700 -626.46464600 46.00661000
v -4.56648700 -614.84848500 46.00661000
v -4.56648700 -603.23232300 46.00661000
v -4.56648700 -591.61616200 46.00661000
v -4.56648700 -580.00000000 46.00661000
v -4.56648700 -568.38383800 46.00661000
v -4.56648700 -556.76767700 46.00661000
v -4.56648700 -545.15151500 46.00661000
v -4.56648700 -533.53535400 46.00661000
v -4.56648700 -521.91919200 46.00661000
v -4.56648700 -510.30303000 46.00661000
v -4.56648700 -498.68686900 46.00661000
v -4.56648700 -487.07070700 46.00661000
v -4.56648700 -475.45454500 46.00661000
v -4.56648700 -463.83838400 46.00661000
v -4.56648700 -452.22222200 46.00661000
v -4.56648700 -440.60606100 46.00661000
v -4.56648700 -428.98989900 46.00661000
v -4.56648700 -417.37373700 46.00661000
v -4.56648700 -405.75757600 46.00661000
v -4.56648700 -394.14141400 46.00661000
v -4.56648700 -382.52525300 46.00661000
v -4.56648700 -370.90909100 46.00661000
v -4.56648700 -359.29292900 46.00661000
v -4.56648700 -347.67676800 46.00661000
v -4.56648700 -336.06060600 46.00661000
v -4.56648700 -324.44444400 46.00661000
v -4.56648700 -312.82828300 46.00661000
v -4.56648700 -301.21212100 46.00661000
v -4.56648700 -289.59596000 46.00661000
v -4.56648700 -277.97979800 46.00661000
v -4.56648700 -266.36363600 46.00661000
v -4.56648700 -254.74747500 46.00661000
v -4.56648700 -243.13131300 46.00661000
v -4.56648700 -231.51515200 46.00661000
v -4.56648700 -219.89899000 46.00661000
v -4.56648700 -208.28282800 46.00661000
v -4.56648700 -196.66666700 46.00661000
v -4.56648700 -185.05050500 46.00661000
v -4.56648700 -173.43434300 46.00661000
v -4.56648700 -161.81818200 46.00661000
v -4.56648700 -150.20202000 46.00661000
v -4.56648700 -138.58585900 46.00661000
v -4.56648700 -126.96969700 46.00661000
v -4.56648700 -115.35353500 46.00661000
v -4.56648700 -103.73737400 46.00661000
v -4.56648700 -92.12121600 46.00661000
v -4.56648700 -80.50507600 46.00661000
v -4.56648700 -68.88903700 46.00661000
v -4.56648700 -57.27359100 46.00661000
v -4.56648700 -45.66159900 46.00661000
v -4.56648700 -34.06973900 46.00661000
v -4.56648700 -22.59521600 46.00661000
v -4.56648700 -11.80459000 46.00661000
v -4.56648700 -1148.19541000 46.00661000
v -1.63755500 -1136.35081600 19.68321700
v -1.63755500 -23.64918400 18.18786700
v -1.63755500 -1113.68088900 18.93554200
v -1.63755500 -46.31911100 18.93554200
v -1.63755500 -196.66666700 18.93554200
v -1.63755500 -336.06060600 18.93554200
v -1.63755500 -266.36363600 18.93554200
v -1.63755500 -68.94058900 18.93554200
v -1.63755500 -487.07070700 18.93554200
v -1.63755500 -417.37373700 18.93554200
v -1.63755500 -998.18181800 18.93554200
v -1.63755500 -742.45185700 19.08009200
v -1.63755500 -707.77777800 18.93554200
v -1.63755500 -649.69697000 18.93554200
v -1.63755500 -603.23232300 18.93554200
v -1.63755500 -556.76767700 18.93554200
v -1.63755500 -394.14141400 18.93554200
v -1.63755500 -893.63636400 18.93554200
v -1.63755500 -847.17171700 18.93554200
v -1.63755500 -370.90909100 18.93554200
v -1.63755500 -463.83838400 18.93554200
v -1.63755500 -510.30303000 18.93554200
v -1.63755500 -440.60606100 18.93554200
v -1.63755500 -1091.05941100 18.93554200
v -1.63755500 -1067.87878800 18.93554200
v -1.63755500 -1044.64646500 18.93554200
v -1.63755500 -1021.41414100 18.93554200
v -1.63755500 -974.94949500 18.93554200
v -1.63755500 -951.71717200 18.93554200
v -1.63755500 -928.31044200 19.08009200
v -1.63755500 -823.93939400 18.93554200
v -1.63755500 -789.09090900 18.93554200
v -1.63755500 -765.85858600 18.93554200
v -1.63755500 -684.37104800 19.08009200
v -1.63755500 -626.46464600 18.93554200
v -1.63755500 -533.53535400 18.93554200
v -1.63755500 -301.21212100 18.93554200
v -1.63755500 -243.13131300 18.93554200
v -1.63755500 -150.20202000 18.93554200
v -1.63755500 -92.29561800 19.08009200
v -1.63755500 -870.40404000 18.93554200
v -1.63755500 -580.00000000 18.93554200
v -1.63755500 -219.89899000 18.93554200
v -1.63755500 -173.43434300 18.93554200
v -1.63755500 -126.79529100 19.08009200
v -1.63755500 -353.37400600 18.12218100
v -1.63755500 -283.89872100 18.12218100
v -1.63755500 -910.86641800 19.76043000
v -1.63755500 -725.22951700 19.76043000
v -1.63755500 -667.14870900 19.76043000
v -1.63755500 -806.40430900 19.74890200
v -1.63755500 -318.74720600 19.74890200
v -1.63755500 -109.65629700 19.77195700
v -1.63755500 -80.49888800 11.40352600
v -1.63755500 -80.50505100 26.40550700
v -1.63755500 -185.05050500 26.40550700
v -1.63755500 -185.05050500 11.46557700
v -1.63755500 -638.08080800 26.40550700
v -1.63755500 -638.08080800 11.46557700
v -1.63755500 -498.68686900 26.40550700
v -1.63755500 -498.68686900 11.46557700
v -1.63755500 -231.51515200 26.40550700
v -1.63755500 -231.51515200 11.46557700
v -1.63755500 -835.55555600 11.46557700
v -1.63755500 -161.81818200 11.46557700
v -1.63755500 -161.81818200 26.40550700
v -1.63755500 -835.55555600 26.40550700
v -1.63755500 -568.38383800 11.46557700
v -1.63755500 -754.24242400 11.46557700
v -1.63755500 -754.24242400 26.40550700
v -1.63755500 -986.56565700 26.40550700
v -1.63755500 -696.16161600 26.40550700
v -1.63755500 -1079.49494900 26.40550700
v -1.63755500 -1056.26262600 26.40550700
v -1.63755500 -1033.03030300 26.40550700
v -1.63755500 -568.38383800 26.40550700
v -1.63755500 -986.56565700 11.46557700
v -1.63755500 -1009.79798000 26.40550700
v -1.63755500 -696.16161600 11.46557700
v -1.63755500 -858.78787900 26.40550700
v -1.63755500 -428.98989900 26.40550700
v -1.63755500 -428.98989900 11.46557700
v -1.63755500 -882.02020200 26.40550700
v -1.63755500 -1009.79798000 11.46557700
v -1.63755500 -452.22222200 26.40550700
v -1.63755500 -1079.49494900 11.46557700
v -1.63755500 -1056.26262600 11.46557700
v -1.63755500 -1033.03030300 11.46557700
v -1.63755500 -614.84848500 11.46557700
v -1.63755500 -882.02020200 11.46557700
v -1.63755500 -858.78787900 11.46557700
v -1.63755500 -963.33333300 26.40550700
v -1.63755500 -963.33333300 11.46557700
v -1.63755500 -940.10101000 11.46557700
v -1.63755500 -940.10101000 26.40550700
v -1.63755500 -254.74747500 26.40550700
v -1.63755500 -452.22222200 11.46557700
v -1.63755500 -254.74747500 11.46557700
v -1.63755500 -138.58585900 11.46557700
v -1.63755500 -405.75757600 26.40550700
v -1.63755500 -138.58585900 26.40550700
v -1.63755500 -405.75757600 11.46557700
v -1.63755500 -614.84848500 26.40550700
v -1.63755500 -382.52525300 26.40550700
v -1.63755500 -382.52525300 11.46557700
v -1.63755500 -475.45454500 26.40550700
v -1.63755500 -475.45454500 11.46557700
v -1.63755500 -777.47474700 26.40550700
v -1.63755500 -777.47474700 11.46557700
v -1.63755500 -521.91919200 26.40550700
v -1.63755500 -521.91919200 11.46557700
v -1.63755500 -545.15151500 26.40550700
v -1.63755500 -545.15151500 11.46557700
v -1.63755500 -208.28282800 11.46557700
v -1.63755500 -208.28282800 26.40550700
v -1.63755500 -591.61616200 26.40550700
v -1.63755500 -591.61616200 11.46557700
v -1.63755500 -1102.56349100 26.66312700
v -1.63755500 -1102.56225000 11.23832500
v -1.63755500 -57.43650900 26.66312700
v -1.63755500 -57.43775000 11.23832500
v -1.63755500 -1125.19244200 11.41368400
v -1.63755500 -1124.40418900 26.69875600
v -1.63755500 -34.80755800 26.45739900
v -1.63755500 -35.59581100 11.17232800
v -1.63755500 -275.39538500 26.34104700
v -1.63755500 -327.23543500 11.63263300
v -1.63755500 -310.06368300 11.63263300
v -1.63755500 -292.38695000 26.23845100
v -1.63755500 -716.80243900 11.53101700
v -1.63755500 -344.88577700 26.23845100
v -1.63755500 -814.90764500 11.53003600
v -1.63755500 -902.64217400 11.53101700
v -1.63755500 -919.35180500 11.55428700
v -1.63755500 -361.87734200 26.34104700
v -1.63755500 -658.72163100 11.53101700
v -1.63755500 -733.85748500 11.78009300
v -1.63755500 -675.77667700 11.78009300
v -1.63755500 -798.10380700 11.53003600
v -1.63755500 -118.21084200 11.78146600
v -1.63755500 -101.24716800 11.55526700
v -1.63755500 -15.11242900 23.93554200
v -1.63755500 -1144.88757100 13.93554200
v -1.63755500 -15.75943900 9.23477100
v -1.63755500 -1144.24056100 28.63631300
v -1.63755500 -343.76486000 10.79217900
v -1.63755500 -361.52637300 9.94045300
v -1.63755500 -275.74635400 9.94045300
v -1.63755500 -717.14858900 27.93227800
v -1.63755500 -659.06778100 27.93227800
v -1.63755500 -901.29556600 27.16940400
v -1.63755500 -918.93195600 27.97137100
v -1.63755500 -676.83095500 27.18127600
v -1.63755500 -814.55667600 27.93063100
v -1.63755500 -734.91176300 27.18127600
v -1.63755500 -796.75372800 27.16890400
v -1.63755500 -293.50786700 10.79217900
v -1.63755500 -328.35635200 27.07890500
v -1.63755500 -310.19701900 27.92324000
v -1.63755500 -119.25881300 27.18177700
v -1.63755500 -101.66219800 27.97301800
v -1.63755500 -196.66666700 29.77888700
v -1.63755500 -196.66666700 8.09219700
v -1.63755500 -487.07070700 29.77888700
v -1.63755500 -417.37373700 29.77888700
v -1.63755500 -998.18181800 8.09219700
v -1.63755500 -556.76767700 8.09219700
v -1.63755500 -417.37373700 8.09219700
v -1.63755500 -847.17171700 29.77888700
v -1.63755500 -603.23232300 29.77888700
v -1.63755500 -487.07070700 8.09219700
v -1.63755500 -394.14141400 29.77888700
v -1.63755500 -68.88888900 29.77888700
v -1.63755500 -394.14141400 8.09219700
v -1.63755500 -68.88888900 8.09219700
v -1.63755500 -1091.11111100 8.09219700
v -1.63755500 -1067.87878800 8.09219700
v -1.63755500 -1044.64646500 8.09219700
v -1.63755500 -1021.41414100 8.09219700
v -1.63755500 -998.18181800 29.77888700
v -1.63755500 -556.76767700 29.77888700
v -1.63755500 -847.17171700 8.09219700
v -1.63755500 -603.23232300 8.09219700
v -1.63755500 -510.30303000 29.77888700
v -1.63755500 -463.83838400 29.77888700
v -1.63755500 -440.60606100 29.77888700
v -1.63755500 -510.30303000 8.09219700
v -1.63755500 -463.83838400 8.09219700
v -1.63755500 -440.60606100 8.09219700
v -1.63755500 -243.13131300 29.77888700
v -1.63755500 -150.20202000 8.09219700
v -1.63755500 -765.85858600 29.77888700
v -1.63755500 -173.43434300 8.09219700
v -1.63755500 -974.94949500 29.77888700
v -1.63755500 -951.71717200 29.77888700
v -1.63755500 -870.40404000 29.77888700
v -1.63755500 -626.46464600 29.77888700
v -1.63755500 -580.00000000 29.77888700
v -1.63755500 -533.53535400 29.77888700
v -1.63755500 -219.89899000 29.77888700
v -1.63755500 -951.71717200 8.09219700
v -1.63755500 -533.53535400 8.09219700
v -1.63755500 -219.89899000 8.09219700
v -1.63755500 -974.94949500 8.09219700
v -1.63755500 -870.40404000 8.09219700
v -1.63755500 -626.46464600 8.09219700
v -1.63755500 -580.00000000 8.09219700
v -1.63755500 -765.85858600 8.09219700
v -1.63755500 -173.43434300 29.77888700
v -1.63755500 -150.20202000 29.77888700
v -1.63755500 -243.13131300 8.09219700
v -1.63755500 -1091.11111100 29.77888700
v -1.63755500 -1067.87878800 29.77888700
v -1.63755500 -1044.64646500 29.77888700
v -1.63755500 -1021.41414100 29.77888700
v -1.63755500 -1138.14939700 8.17007400
v -1.63755500 -21.85060300 29.70101000
v -1.63755500 -45.93369500 29.70030000
v -1.63755500 -45.93369500 8.17078400
v -1.63755500 -1114.06630500 8.17078400
v -1.63755500 -1114.06630500 29.70030000
v -1.63755500 -265.93926400 29.72901600
v -1.63755500 -707.33986600 8.11657300
v -1.63755500 -649.25905800 8.11657300
v -1.63755500 -824.36376700 8.14206700
v -1.63755500 -928.89486800 8.15085500
v -1.63755500 -371.33346400 29.72901600
v -1.63755500 -893.19707800 8.11657300
v -1.63755500 -788.65214000 8.11650200
v -1.63755500 -685.08005000 8.03936900
v -1.63755500 -743.16085800 8.03936900
v -1.63755500 -91.71050300 8.14767600
v -1.63755500 -127.50627700 8.03964400
v -1.63755500 -372.59359900 8.09643500
v -1.63755500 -264.67912800 8.09643500
v -1.63755500 -648.01184200 29.77473500
v -1.63755500 -706.09265000 29.77473500
v -1.63755500 -930.15141700 29.78429500
v -1.63755500 -825.62390200 29.77464900
v -1.63755500 -891.86212700 29.73501800
v -1.63755500 -686.30773300 29.74316200
v -1.63755500 -787.31686000 29.73499200
v -1.63755500 -744.38854100 29.74316200
v -1.63755500 -90.45402400 29.78438100
v -1.63755500 -128.73216300 29.74318800
v -1.63755500 -1133.80684300 29.37459000
v -1.63755500 -26.19315700 8.49649300
v -1.63755500 -335.53672900 7.67663200
v -1.63755500 -301.73976800 7.67663200
v -1.63755500 -300.87119400 30.31507100
v -1.63755500 -336.58448300 30.19445200
v -1.63755500 -110.78689300 30.14048900
v -1.63755500 -352.24341000 7.73059500
v -1.63755500 -726.44345800 30.14048900
v -1.63755500 -909.81916800 30.14048900
v -1.63755500 -668.36265000 30.14048900
v -1.63755500 -805.27371400 30.14048900
v -1.63755500 -285.02931700 7.73059500
v -1.63755500 -319.87780200 30.14048900
v -1.63755500 -12.68596100 31.75416600
v -1.63755500 -1147.31403900 6.11691700
v -1.63755500 -10.80808100 3.93554200
v -1.63755500 -1149.19191900 33.93554200
v -1.63755500 -117.96541400 19.37677100
v -1.63755500 -101.36726400 19.40092000
v -1.63755500 -327.66005900 19.25651400
v -1.63755500 -274.95612300 18.54631800
v -1.63755500 -716.36094000 19.32605500
v -1.63755500 -675.53234400 19.37555100
v -1.63755500 -815.34690700 19.32476500
v -1.63755500 -309.91876900 19.45819500
v -1.63755500 -797.45696100 19.20348500
v -1.63755500 -919.23213700 19.39999800
v -1.63755500 -902.00241600 19.20348500
v -1.63755500 -658.28013200 19.32605500
v -1.63755500 -733.61315200 19.37555100
v -1.63755500 -344.46115300 18.61457000
v -1.63755500 -292.81157400 18.61457000
v -1.63755500 -362.31660400 18.54631800
v -1.63755500 -353.48484800 30.60838200
v -1.63755500 -725.20202000 7.26270200
v -1.63755500 -667.12121200 7.26270200
v -1.63755500 -911.06060600 7.26270200
v -1.63755500 -109.54545500 7.26270200
v -1.63755500 -806.51515200 7.26270200
v -1.63755500 -283.78787900 30.60838200
v -1.63755500 -318.63636400 7.26270200
v -1.63755500 -12.44992100 16.63864600
v -1.63755500 -1147.55007900 21.23243800
v -4.56648700 -1137.40478400 -8.13552600
v -4.56648700 -1125.93026100 -8.13552600
v -4.56648700 -1114.33840100 -8.13552600
v -4.56648700 -1102.72640900 -8.13552600
v -4.56648700 -1091.11096300 -8.13552600
v -4.56648700 -1079.49492400 -8.13552600
v -4.56648700 -1067.87878400 -8.13552600
v -4.56648700 -1056.26262600 -8.13552600
v -4.56648700 -1044.64646500 -8.13552600
v -4.56648700 -1033.03030300 -8.13552600
v -4.56648700 -1021.41414100 -8.13552600
v -4.56648700 -1009.79798000 -8.13552600
v -4.56648700 -998.18181800 -8.13552600
v -4.56648700 -986.56565700 -8.13552600
v -4.56648700 -974.94949500 -8.13552600
v -4.56648700 -963.33333300 -8.13552600
v -4.56648700 -951.71717200 -8.13552600
v -4.56648700 -940.10101000 -8.13552600
v -4.56648700 -928.48484800 -8.13552600
v -4.56648700 -916.86868700 -8.13552600
v -4.56648700 -905.25252500 -8.13552600
v -4.56648700 -893.63636400 -8.13552600
v -4.56648700 -882.02020200 -8.13552600
v -4.56648700 -870.40404000 -8.13552600
v -4.56648700 -858.78787900 -8.13552600
v -4.56648700 -847.17171700 -8.13552600
v -4.56648700 -835.55555600 -8.13552600
v -4.56648700 -823.93939400 -8.13552600
v -4.56648700 -812.32323200 -8.13552600
v -4.56648700 -800.70707100 -8.13552600
v -4.56648700 -789.09090900 -8.13552600
v -4.56648700 -777.47474700 -8.13552600
v -4.56648700 -765.85858600 -8.13552600
v -4.56648700 -754.24242400 -8.13552600
v -4.56648700 -742.62626300 -8.13552600
v -4.56648700 -731.01010100 -8.13552600
v -4.56648700 -719.39393900 -8.13552600
v -4.56648700 -707.77777800 -8.13552600
v -4.56648700 -696.16161600 -8.13552600
v -4.56648700 -684.54545500 -8.13552600
v -4.56648700 -672.92929300 -8.13552600
v -4.56648700 -661.31313100 -8.13552600
v -4.56648700 -649.69697000 -8.13552600
v -4.56648700 -638.08080800 -8.13552600
v -4.56648700 -626.46464600 -8.13552600
v -4.56648700 -614.84848500 -8.13552600
v -4.56648700 -603.23232300 -8.13552600
v -4.56648700 -591.61616200 -8.13552600
v -4.56648700 -580.00000000 -8.13552600
v -4.56648700 -568.38383800 -8.13552600
v -4.56648700 -556.76767700 -8.13552600
v -4.56648700 -545.15151500 -8.13552600
v -4.56648700 -533.53535400 -8.13552600
v -4.56648700 -521.91919200 -8.13552600
v -4.56648700 -510.30303000 -8.13552600
v -4.56648700 -498.68686900 -8.13552600
v -4.56648700 -487.07070700 -8.13552600
v -4.56648700 -475.45454500 -8.13552600
v -4.56648700 -463.83838400 -8.13552600
v -4.56648700 -452.22222200 -8.13552600
v -4.56648700 -440.60606100 -8.13552600
v -4.56648700 -428.98989900 -8.13552600
v -4.56648700 -417.37373700 -8.13552600
v -4.56648700 -405.75757600 -8.13552600
v -4.56648700 -394.14141400 -8.13552600
v -4.56648700 -382.52525300 -8.13552600
v -4.56648700 -370.90909100 -8.13552600
v -4.56648700 -359.29292900 -8.13552600
v -4.56648700 -347.67676800 -8.13552600
v -4.56648700 -336.06060600 -8.13552600
v -4.56648700 -324.44444400 -8.13552600
v -4.56648700 -312.82828300 -8.13552600
v -4.56648700 -301.21212100 -8.13552600
v -4.56648700 -289.59596000 -8.13552600
v -4.56648700 -277.97979800 -8.13552600
v -4.56648700 -266.36363600 -8.13552600
v -4.56648700 -254.74747500 -8.13552600
v -4.56648700 -243.13131300 -8.13552600
v -4.56648700 -231.51515200 -8.13552600
v -4.56648700 -219.89899000 -8.13552600
v -4.56648700 -208.28282800 -8.13552600
v -4.56648700 -196.66666700 -8.13552600
v -4.56648700 -185.05050500 -8.13552600
v -4.56648700 -173.43434300 -8.13552600
v -4.56648700 -161.81818200 -8.13552600
v -4.56648700 -150.20202000 -8.13552600
v -4.56648700 -138.58585900 -8.13552600
v -4.56648700 -126.96969700 -8.13552600
v -4.56648700 -115.35353500 -8.13552600
v -4.56648700 -103.73737400 -8.13552600
v -4.56648700 -92.12121600 -8.13552600
v -4.56648700 -80.50507600 -8.13552600
v -4.56648700 -68.88903700 -8.13552600
v -4.56648700 -57.27359100 -8.13552600
v -4.56648700 -45.66159900 -8.13552600
v -4.56648700 -34.06973900 -8.13552600
v -4.56648700 -22.59521600 -8.13552600
v -4.56648700 -1148.19541000 -8.13552600
v -4.56648700 -11.80459000 -8.13552600
vn 0.00000000 -1.00000000 0.00000000
vn -1.00000000 0.00000000 -0.00000000
vn -0.00000000 0.00000000 -1.00000000
vn 0.00000000 -1.00000000 -0.00000000
vn 0.00000000 0.00000000 1.00000000
vn 0.00000000 -1.00000000 -0.00000000
vn 0.00000000 -1.00000000 -0.00000000
vn 0.00000000 -0.00000000 1.00000000
vn -1.00000000 -0.00000000 0.00000000
vn 0.00000000 -1.00000000 0.00000000
vn -1.00000000 0.00000000 0.00000000
vn 0.00000000 0.00000000 -1.00000000
vn 0.00000000 -0.00000000 -1.00000000
vn -0.00000000 -0.00000000 -1.00000000
vn -0.00000000 1.00000000 -0.00000000
vn 1.00000000 -0.00000000 -0.00000000
vn 1.00000000 -0.00000000 -0.00000000
vn -0.00000000 1.00000000 -0.00000000
vn -0.00000000 1.00000000 0.00000000
vn 0.00000000 1.00000000 0.00000000
vn 0.00000000 0.00000000 1.00000000
vn -0.00000000 1.00000000 -0.00000000
vn 0.00000000 1.00000000 0.00000000
vn 0.00000000 -0.00000000 1.00000000
vn 0.00000000 1.00000000 0.00000000
vn 0.00000000 1.00000000 0.00000000
vn -1.00000000 0.00000000 -0.00000000
vn 1.00000000 -0.00000000 -0.00000000
vn 0.00000000 -1.00000000 0.00000000
vn 0.00000000 -1.00000000 0.00000000
vn 1.00000000 -0.00000000 0.00000000
vn 0.00000000 -1.00000000 0.00000000
vn -0.70710700 -0.70710700 0.00000000
vn -0.70710700 0.00000000 -0.70710700
vn 0.00000000 -0.70710700 -0.70710700
vn 0.00000000 -1.00000000 0.00000000
vn 0.00000000 -0.70710700 0.70710700
vn 0.00000000 -1.00000000 0.00000000
vn 0.00000000 -1.00000000 0.00000000
vn 0.00000000 -1.00000000 0.00000000
vn 0.00000000 -0.70710700 0.70710700
vn 0.00000000 -0.00000000 1.00000000
vn 0.00000000 -0.00000000 1.00000000
vn 0.00000000 -0.00000000 1.00000000
vn -0.70710700 -0.70710700 0.00000000
vn 0.00000000 -1.00000000 0.00000000
vn -0.70710700 -0.00000000 0.70710700
vn -1.00000000 0.00000000 -0.00000000
vn -1.00000000 0.00000000 -0.00000000
vn -1.00000000 0.00000000 -0.00000000
vn -1.00000000 0.00000000 -0.00000000
vn -1.00000000 0.00000000 -0.00000000
vn -1.00000000 0.00000000 -0.00000000
vn -1.00000000 0.00000000 -0.00000000
vn -1.00000000 0.00000000 -0.00000000
vn -1.00000000 0.00000000 -0.00000000
vn -1.00000000 0.00000000 -0.00000000
vn -1.00000000 0.00000000 -0.00000000
vn -1.00000000 0.00000000 -0.00000000
vn -1.00000000 0.00000000 -0.00000000
vn -1.00000000 0.00000000 -0.00000000
vn -1.00000000 0.00000000 -0.00000000
vn -1.00000000 0.00000000 -0.00000000
vn -1.00000000 0.00000000 -0.00000000
vn -1.00000000 0.00000000 -0.00000000
vn -1.00000000 0.00000000 -0.00000000
vn -1.00000000 0.00000000 -0.00000000
vn -1.00000000 0.00000000 -0.00000000
vn -1.00000000 0.00000000 -0.00000000
vn -1.00000000 0.00000000 -0.00000000
vn -1.00000000 0.00000000 -0.00000000
vn -1.00000000 0.00000000 -0.00000000
vn -1.00000000 0.00000000 -0.00000000
vn -1.00000000 0.00000000 -0.00000000
vn -1.00000000 0.00000000 -0.00000000
vn -1.00000000 0.00000000 -0.00000000
vn -1.00000000 0.00000000 -0.00000000
vn -1.00000000 0.00000000 -0.00000000
vn -1.00000000 0.00000000 -0.00000000
vn -1.00000000 0.00000000 -0.00000000
vn -1.00000000 0.00000000 -0.00000000
vn -1.00000000 0.00000000 -0.00000000
vn -1.00000000 0.00000000 -0.00000000
vn -1.00000000 0.00000000 -0.00000000
vn -1.00000000 0.00000000 -0.00000000
vn -1.00000000 0.00000000 -0.00000000
vn -1.00000000 0.00000000 -0.00000000
vn -1.00000000 0.00000000 -0.00000000
vn -1.00000000 0.00000000 -0.00000000
vn -1.00000000 0.00000000 -0.00000000
vn -1.00000000 0.00000000 -0.00000000
vn -1.00000000 0.00000000 -0.00000000
vn -1.00000000 0.00000000 -0.00000000
vn -1.00000000 0.00000000 -0.00000000
vn -1.00000000 0.00000000 -0.00000000
vn -1.00000000 0.00000000 -0.00000000
vn -1.00000000 0.00000000 -0.00000000
vn -1.00000000 0.00000000 -0.00000000
vn -1.00000000 0.00000000 -0.00000000
vn -1.00000000 0.00000000 -0.00000000
vn -1.00000000 0.00000000 -0.00000000
vn -1.00000000 0.00000000 -0.00000000
vn -1.00000000 0.00000000 -0.00000000
vn -1.00000000 0.00000000 -0.00000000
vn -1.00000000 0.00000000 -0.00000000
vn -1.00000000 0.00000000 -0.00000000
vn -1.00000000 0.00000000 -0.00000000
vn -1.00000000 0.00000000 -0.00000000
vn -1.00000000 0.00000000 -0.00000000
vn -1.00000000 0.00000000 -0.00000000
vn -1.00000000 0.00000000 -0.00000000
vn -1.00000000 0.00000000 -0.00000000
vn -1.00000000 0.00000000 -0.00000000
vn -1.00000000 0.00000000 -0.00000000
vn -1.00000000 0.00000000 -0.00000000
vn -1.00000000 0.00000000 -0.00000000
vn -1.00000000 0.00000000 -0.00000000
vn -1.00000000 0.00000000 -0.00000000
vn -1.00000000 0.00000000 -0.00000000
vn -1.00000000 0.00000000 -0.00000000
vn -1.00000000 0.00000000 -0.00000000
vn -1.00000000 0.00000000 -0.00000000
vn -1.00000000 0.00000000 -0.00000000
vn -1.00000000 0.00000000 -0.00000000
vn -1.00000000 0.00000000 -0.00000000
vn -1.00000000 0.00000000 -0.00000000
vn -1.00000000 0.00000000 -0.00000000
vn -1.00000000 0.00000000 -0.00000000
vn -1.00000000 0.00000000 -0.00000000
vn -1.00000000 0.00000000 -0.00000000
vn -1.00000000 0.00000000 -0.00000000
vn -1.00000000 0.00000000 -0.00000000
vn -1.00000000 0.00000000 -0.00000000
vn -1.00000000 0.00000000 -0.00000000
vn -1.00000000 0.00000000 -0.00000000
vn -1.00000000 0.00000000 -0.00000000
vn -1.00000000 0.00000000 -0.00000000
vn -1.00000000 0.00000000 -0.00000000
vn -1.00000000 0.00000000 -0.00000000
vn -1.00000000 0.00000000 -0.00000000
vn -1.00000000 0.00000000 -0.00000000
vn -1.00000000 0.00000000 -0.00000000
vn -1.00000000 0.00000000 -0.00000000
vn -1.00000000 0.00000000 -0.00000000
vn -1.00000000 0.00000000 -0.00000000
vn -0.70710700 -0.00000000 -0.70710700
vn -0.00000000 0.00000000 -1.00000000
vn -0.00000000 0.00000000 -1.00000000
vn -0.00000000 0.00000000 -1.00000000
vn -0.00000000 0.00000000 -1.00000000
vn -0.00000000 0.00000000 -1.00000000
vn -0.00000000 0.00000000 -1.00000000
vn -0.00000000 0.00000000 -1.00000000
vn -0.00000000 0.00000000 -1.00000000
vn -0.00000000 0.00000000 -1.00000000
vn -0.00000000 0.00000000 -1.00000000
vn -0.00000000 0.00000000 -1.00000000
vn -0.00000000 0.00000000 -1.00000000
vn -0.00000000 0.00000000 -1.00000000
vn -0.00000000 0.00000000 -1.00000000
vn -0.00000000 0.00000000 -1.00000000
vn -0.00000000 0.00000000 -1.00000000
vn -0.00000000 0.00000000 -1.00000000
vn -0.00000000 0.00000000 -1.00000000
vn -0.00000000 0.00000000 -1.00000000
vn -0.00000000 0.00000000 -1.00000000
vn -0.00000000 0.00000000 -1.00000000
vn -0.00000000 0.00000000 -1.00000000
vn -0.00000000 0.00000000 -1.00000000
vn -0.00000000 0.00000000 -1.00000000
vn -0.00000000 0.00000000 -1.00000000
vn -0.00000000 0.00000000 -1.00000000
vn -0.00000000 0.00000000 -1.00000000
vn -0.00000000 0.00000000 -1.00000000
vn -0.00000000 0.00000000 -1.00000000
vn -0.00000000 0.00000000 -1.00000000
vn -0.00000000 0.00000000 -1.00000000
vn -0.00000000 0.00000000 -1.00000000
vn -0.00000000 0.00000000 -1.00000000
vn -0.00000000 0.00000000 -1.00000000
vn -0.00000000 0.00000000 -1.00000000
vn -0.00000000 0.00000000 -1.00000000
vn -0.00000000 0.00000000 -1.00000000
vn -0.00000000 0.00000000 -1.00000000
vn -0.00000000 0.00000000 -1.00000000
vn -0.00000000 0.00000000 -1.00000000
vn -0.00000000 0.00000000 -1.00000000
vn -0.00000000 0.00000000 -1.00000000
vn -0.00000000 0.00000000 -1.00000000
vn -0.00000000 0.00000000 -1.00000000
vn -0.00000000 0.00000000 -1.00000000
vn -0.00000000 0.00000000 -1.00000000
vn -0.00000000 0.00000000 -1.00000000
vn -0.00000000 0.00000000 -1.00000000
vn -0.00000000 0.00000000 -1.00000000
vn -0.00000000 0.00000000 -1.00000000
vn -0.00000000 0.00000000 -1.00000000
vn -0.00000000 0.00000000 -1.00000000
vn -0.00000000 0.00000000 -1.00000000
vn -0.00000000 0.00000000 -1.00000000
vn -0.00000000 0.00000000 -1.00000000
vn -0.00000000 0.00000000 -1.00000000
vn -0.00000000 0.00000000 -1.00000000
vn -0.00000000 0.00000000 -1.00000000
vn -0.00000000 0.00000000 -1.00000000
vn -0.00000000 0.00000000 -1.00000000
vn -0.00000000 0.00000000 -1.00000000
vn -0.00000000 0.00000000 -1.00000000
vn -0.00000000 0.00000000 -1.00000000
vn -0.00000000 0.00000000 -1.00000000
vn -0.00000000 0.00000000 -1.00000000
vn -0.00000000 0.00000000 -1.00000000
vn -0.00000000 0.00000000 -1.00000000
vn -0.00000000 0.00000000 -1.00000000
vn -0.00000000 0.00000000 -1.00000000
vn -0.00000000 0.00000000 -1.00000000
vn -0.00000000 0.00000000 -1.00000000
vn -0.00000000 0.00000000 -1.00000000
vn -0.00000000 0.00000000 -1.00000000
vn -0.00000000 0.00000000 -1.00000000
vn -0.00000000 0.00000000 -1.00000000
vn -0.00000000 0.00000000 -1.00000000
vn -0.00000000 0.00000000 -1.00000000
vn -0.00000000 0.00000000 -1.00000000
vn -0.00000000 0.00000000 -1.00000000
vn -0.00000000 0.00000000 -1.00000000
vn -0.00000000 0.00000000 -1.00000000
vn -0.00000000 0.00000000 -1.00000000
vn -0.00000000 0.00000000 -1.00000000
vn -0.00000000 0.00000000 -1.00000000
vn -0.00000000 0.00000000 -1.00000000
vn -0.00000000 0.00000000 -1.00000000
vn -0.00000000 0.00000000 -1.00000000
vn -0.00000000 0.00000000 -1.00000000
vn -0.00000000 0.00000000 -1.00000000
vn -0.00000000 0.00000000 -1.00000000
vn -0.00000000 0.00000000 -1.00000000
vn -0.00000000 0.00000000 -1.00000000
vn -0.00000000 0.00000000 -1.00000000
vn -0.00000000 0.00000000 -1.00000000
vn -0.00000000 0.00000000 -1.00000000
vn -0.00000000 0.00000000 -1.00000000
vn -0.00000000 0.00000000 -1.00000000
vn -0.00000000 0.00000000 -1.00000000
vn -0.00000000 0.00000000 -1.00000000
vn 0.00000000 0.00000000 -1.00000000
vn -0.00000000 0.00000000 -1.00000000
vn -0.00000000 0.00000000 -1.00000000
vn -0.00000000 0.00000000 -1.00000000
vn -0.00000000 0.00000000 -1.00000000
vn -0.00000000 0.00000000 -1.00000000
vn -0.00000000 0.00000000 -1.00000000
vn -0.00000000 0.00000000 -1.00000000
vn -0.00000000 0.00000000 -1.00000000
vn -0.00000000 0.00000000 -1.00000000
vn -0.00000000 0.00000000 -1.00000000
vn -0.00000000 0.00000000 -1.00000000
vn -0.00000000 0.00000000 -1.00000000
vn -0.00000000 0.00000000 -1.00000000
vn -0.00000000 0.00000000 -1.00000000
vn -0.00000000 0.00000000 -1.00000000
vn -0.00000000 0.00000000 -1.00000000
vn -0.00000000 0.00000000 -1.00000000
vn -0.00000000 0.00000000 -1.00000000
vn -0.00000000 0.00000000 -1.00000000
vn -0.00000000 0.00000000 -1.00000000
vn -0.00000000 0.00000000 -1.00000000
vn -0.00000000 0.00000000 -1.00000000
vn -0.00000000 0.00000000 -1.00000000
vn -0.00000000 0.00000000 -1.00000000
vn -0.00000000 0.00000000 -1.00000000
vn -0.00000000 0.00000000 -1.00000000
vn -0.00000000 0.00000000 -1.00000000
vn -0.00000000 0.00000000 -1.00000000
vn -0.00000000 0.00000000 -1.00000000
vn -0.00000000 0.00000000 -1.00000000
vn -0.00000000 0.00000000 -1.00000000
vn -0.00000000 0.00000000 -1.00000000
vn -0.00000000 0.00000000 -1.00000000
vn -0.00000000 0.00000000 -1.00000000
vn -0.00000000 0.00000000 -1.00000000
vn -0.00000000 0.00000000 -1.00000000
vn -0.00000000 0.00000000 -1.00000000
vn -0.00000000 0.00000000 -1.00000000
vn -0.00000000 0.00000000 -1.00000000
vn -0.00000000 0.00000000 -1.00000000
vn -0.00000000 0.00000000 -1.00000000
vn -0.00000000 0.00000000 -1.00000000
vn -0.00000000 0.00000000 -1.00000000
vn -0.00000000 0.00000000 -1.00000000
vn -0.00000000 0.00000000 -1.00000000
vn -0.00000000 0.00000000 -1.00000000
vn -0.00000000 0.00000000 -1.00000000
vn -0.00000000 0.00000000 -1.00000000
vn -0.00000000 0.00000000 -1.00000000
vn -0.00000000 0.00000000 -1.00000000
vn -0.00000000 0.00000000 -1.00000000
vn -0.00000000 0.00000000 -1.00000000
vn -0.00000000 0.00000000 -1.00000000
vn -0.00000000 0.00000000 -1.00000000
vn -0.00000000 0.00000000 -1.00000000
vn -0.00000000 0.00000000 -1.00000000
vn -0.00000000 0.00000000 -1.00000000
vn -0.00000000 0.00000000 -1.00000000
vn -0.00000000 0.00000000 -1.00000000
vn -0.00000000 0.00000000 -1.00000000
vn -0.00000000 0.00000000 -1.00000000
vn -0.00000000 0.00000000 -1.00000000
vn -0.00000000 0.00000000 -1.00000000
vn -0.00000000 0.00000000 -1.00000000
vn -0.00000000 0.00000000 -1.00000000
vn -0.00000000 0.00000000 -1.00000000
vn -0.00000000 0.00000000 -1.00000000
vn -0.00000000 0.00000000 -1.00000000
vn -0.00000000 0.00000000 -1.00000000
vn -0.00000000 0.00000000 -1.00000000
vn -0.00000000 0.00000000 -1.00000000
vn -0.00000000 0.00000000 -1.00000000
vn -0.00000000 0.00000000 -1.00000000
vn -0.00000000 0.00000000 -1.00000000
vn -0.00000000 0.00000000 -1.00000000
vn -0.00000000 0.00000000 -1.00000000
vn -0.00000000 0.00000000 -1.00000000
vn -0.00000000 0.00000000 -1.00000000
vn -0.00000000 0.00000000 -1.00000000
vn -0.00000000 0.00000000 -1.00000000
vn -0.00000000 0.00000000 -1.00000000
vn -0.00000000 0.00000000 -1.00000000
vn -0.00000000 0.00000000 -1.00000000
vn -0.00000000 0.00000000 -1.00000000
vn -0.00000000 0.00000000 -1.00000000
vn -0.00000000 0.00000000 -1.00000000
vn -0.00000000 0.00000000 -1.00000000
vn -0.00000000 0.00000000 -1.00000000
vn -0.00000000 0.00000000 -1.00000000
vn -0.00000000 0.00000000 -1.00000000
vn -0.00000000 0.00000000 -1.00000000
vn -0.00000000 0.00000000 -1.00000000
vn -0.00000000 0.00000000 -1.00000000
vn -0.00000000 0.00000000 -1.00000000
vn -0.00000000 0.00000000 -1.00000000
vn -0.00000000 0.00000000 -1.00000000
vn -0.00000000 0.00000000 -1.00000000
vn -0.00000000 0.00000000 -1.00000000
vn -0.00000000 0.00000000 -1.00000000
vn -0.00000000 -0.00000000 -1.00000000
vn -0.00000000 0.00000000 -1.00000000
vn -0.00000000 0.00000000 -1.00000000
vn 0.70710700 0.70710700 0.00000000
vn 1.00000000 0.00000000 0.00000000
vn 1.00000000 -0.00000000 0.00000000
vn 1.00000000 0.00000000 0.00000000
vn 0.70710700 0.70710700 0.00000000
vn -0.00000000 1.00000000 -0.00000000
vn -0.00000000 1.00000000 -0.00000000
vn -0.00000000 1.00000000 -0.00000000
vn 0.00000000 0.70710700 -0.70710700
vn -0.00000000 1.00000000 -0.00000000
vn 0.70710700 -0.00000000 -0.70710700
vn 0.00000000 0.70710700 0.70710700
vn 0.70710700 0.00000000 0.70710700
vn -0.00000000 1.00000000 -0.00000000
vn 0.00000000 0.70710700 -0.70710700
vn -0.00000000 1.00000000 0.00000000
vn -0.00000000 1.00000000 -0.00000000
vn -0.00000000 1.00000000 -0.00000000
vn 0.00000000 0.70710700 0.70710700
vn 0.00000000 -0.00000000 1.00000000
vn 0.00000000 0.00000000 1.00000000
vn 0.00000000 0.00000000 1.00000000
vn -0.00000000 1.00000000 -0.00000000
vn 0.00000000 1.00000000 -0.00000000
vn 0.00000000 1.00000000 -0.00000000
vn -0.70710700 0.70710700 0.00000000
vn 0.00000000 1.00000000 0.00000000
vn -0.70710700 0.70710700 0.00000000
vn -0.70710700 -0.00000000 0.70710700
vn -0.00000000 1.00000000 -0.00000000
vn -1.00000000 0.00000000 0.00000000
vn -1.00000000 0.00000000 -0.00000000
vn -1.00000000 0.00000000 -0.00000000
vn -0.00000000 1.00000000 -0.00000000
vn 0.00000000 1.00000000 0.00000000
vn -0.00000000 1.00000000 -0.00000000
vn 0.70710700 -0.70710700 0.00000000
vn 0.00000000 -1.00000000 0.00000000
vn -0.00000000 -1.00000000 -0.00000000
vn -0.00000000 -1.00000000 -0.00000000
vn 0.70710700 -0.70710700 0.00000000
vn 1.00000000 -0.00000000 0.00000000
vn 1.00000000 -0.00000000 0.00000000
vn 1.00000000 -0.00000000 0.00000000
vn 0.00000000 -0.70710700 -0.70710700
vn 0.70710700 -0.00000000 -0.70710700
vn 0.00000000 -1.00000000 -0.00000000
vn 0.00000000 -1.00000000 0.00000000
vn 0.70710700 -0.00000000 0.70710700
vn 0.00000000 -1.00000000 0.00000000
vn 0.00000000 -1.00000000 0.00000000
vn 0.00000000 -1.00000000 0.00000000
vn 0.00000000 -1.00000000 0.00000000
vn 0.00000000 -1.00000000 0.00000000
vn 0.00000000 -1.00000000 0.00000000
vn -1.00000000 0.00000000 -0.00000000
vn -1.00000000 0.00000000 -0.00000000
vn -1.00000000 -0.00000000 0.00000000
vn -1.00000000 0.00000000 -0.00000000
vn -1.00000000 -0.00000000 0.00000000
vn -1.00000000 -0.00000000 0.00000000
vn -1.00000000 -0.00000000 0.00000000
vn -1.00000000 -0.00000000 0.00000000
vn -1.00000000 -0.00000000 0.00000000
vn -1.00000000 0.00000000 -0.00000000
vn -1.00000000 0.00000000 -0.00000000
vn -1.00000000 0.00000000 -0.00000000
vn -1.00000000 0.00000000 -0.00000000
vn -1.00000000 -0.00000000 0.00000000
vn -1.00000000 0.00000000 -0.00000000
vn -1.00000000 0.00000000 -0.00000000
vn -1.00000000 0.00000000 -0.00000000
vn -1.00000000 0.00000000 -0.00000000
vn -1.00000000 0.00000000 -0.00000000
vn -1.00000000 0.00000000 -0.00000000
vn -1.00000000 -0.00000000 0.00000000
vn -1.00000000 -0.00000000 0.00000000
vn -1.00000000 -0.00000000 0.00000000
vn -1.00000000 -0.00000000 0.00000000
vn -1.00000000 -0.00000000 0.00000000
vn -1.00000000 -0.00000000 0.00000000
vn -1.00000000 -0.00000000 0.00000000
vn -1.00000000 -0.00000000 0.00000000
vn -1.00000000 0.00000000 -0.00000000
vn -1.00000000 -0.00000000 0.00000000
vn -1.00000000 -0.00000000 0.00000000
vn -1.00000000 -0.00000000 0.00000000
vn -1.00000000 0.00000000 -0.00000000
vn -1.00000000 -0.00000000 0.00000000
vn -1.00000000 0.00000000 -0.00000000
vn -1.00000000 -0.00000000 0.00000000
vn -1.00000000 -0.00000000 0.00000000
vn -1.00000000 -0.00000000 0.00000000
vn -1.00000000 0.00000000 -0.00000000
vn -1.00000000 0.00000000 -0.00000000
vn -1.00000000 0.00000000 -0.00000000
vn -1.00000000 0.00000000 -0.00000000
vn -1.00000000 0.00000000 -0.00000000
vn -1.00000000 0.00000000 -0.00000000
vn -1.00000000 -0.00000000 0.00000000
vn -1.00000000 0.00000000 -0.00000000
vn -1.00000000 0.00000000 -0.00000000
vn -1.00000000 0.00000000 -0.00000000
vn -1.00000000 -0.00000000 0.00000000
vn -1.00000000 -0.00000000 0.00000000
vn -1.00000000 0.00000000 -0.00000000
vn -1.00000000 -0.00000000 0.00000000
vn -1.00000000 -0.00000000 0.00000000
vn -1.00000000 0.00000000 -0.00000000
vn -1.00000000 0.00000000 -0.00000000
vn -1.00000000 0.00000000 -0.00000000
vn -1.00000000 0.00000000 -0.00000000
vn -1.00000000 -0.00000000 0.00000000
vn -1.00000000 -0.00000000 0.00000000
vn -1.00000000 -0.00000000 0.00000000
vn -1.00000000 -0.00000000 0.00000000
vn -1.00000000 0.00000000 -0.00000000
vn -1.00000000 -0.00000000 0.00000000
vn -1.00000000 0.00000000 -0.00000000
vn -1.00000000 -0.00000000 0.00000000
vn -1.00000000 -0.00000000 0.00000000
vn -1.00000000 -0.00000000 0.00000000
vn -1.00000000 0.00000000 -0.00000000
vn -1.00000000 -0.00000000 0.00000000
vn -1.00000000 0.00000000 -0.00000000
vn -1.00000000 0.00000000 -0.00000000
vn -1.00000000 0.00000000 -0.00000000
vn -1.00000000 -0.00000000 0.00000000
vn -1.00000000 0.00000000 -0.00000000
vn -1.00000000 0.00000000 -0.00000000
vn -1.00000000 0.00000000 -0.00000000
vn -1.00000000 -0.00000000 0.00000000
vn -1.00000000 -0.00000000 0.00000000
vn -1.00000000 -0.00000000 0.00000000
vn -1.00000000 -0.00000000 0.00000000
vn -1.00000000 -0.00000000 0.00000000
vn -1.00000000 -0.00000000 0.00000000
vn -1.00000000 0.00000000 -0.00000000
vn -1.00000000 0.00000000 -0.00000000
vn -1.00000000 0.00000000 -0.00000000
vn -1.00000000 0.00000000 -0.00000000
vn -1.00000000 -0.00000000 0.00000000
vn -1.00000000 0.00000000 -0.00000000
vn -1.00000000 -0.00000000 0.00000000
vn -1.00000000 -0.00000000 0.00000000
vn -1.00000000 -0.00000000 0.00000000
vn -1.00000000 -0.00000000 0.00000000
vn -1.00000000 0.00000000 -0.00000000
vn -1.00000000 0.00000000 -0.00000000
vn -1.00000000 0.00000000 -0.00000000
vn -1.00000000 0.00000000 -0.00000000
vn -1.00000000 -0.00000000 0.00000000
vn -1.00000000 -0.00000000 0.00000000
vn -1.00000000 -0.00000000 0.00000000
vn -1.00000000 0.00000000 -0.00000000
vn -1.00000000 0.00000000 -0.00000000
vn 0.00000000 -0.00000000 1.00000000
vn 0.00000000 -0.00000000 1.00000000
vn 0.00000000 -0.00000000 1.00000000
vn 0.00000000 -0.00000000 1.00000000
vn 0.00000000 -0.00000000 1.00000000
vn 0.00000000 -0.00000000 1.00000000
vn 0.00000000 -0.00000000 1.00000000
vn 0.00000000 -0.00000000 1.00000000
vn 0.00000000 -0.00000000 1.00000000
vn 0.00000000 -0.00000000 1.00000000
vn 0.00000000 -0.00000000 1.00000000
vn 0.00000000 -0.00000000 1.00000000
vn 0.00000000 -0.00000000 1.00000000
vn 0.00000000 -0.00000000 1.00000000
vn 0.00000000 -0.00000000 1.00000000
vn 0.00000000 -0.00000000 1.00000000
vn 0.00000000 -0.00000000 1.00000000
vn 0.00000000 -0.00000000 1.00000000
vn 0.00000000 -0.00000000 1.00000000
vn 0.00000000 -0.00000000 1.00000000
vn 0.00000000 -0.00000000 1.00000000
vn 0.00000000 -0.00000000 1.00000000
vn 0.00000000 -0.00000000 1.00000000
vn 0.00000000 -0.00000000 1.00000000
vn 0.00000000 -0.00000000 1.00000000
vn 0.00000000 -0.00000000 1.00000000
vn 0.00000000 -0.00000000 1.00000000
vn 0.00000000 -0.00000000 1.00000000
vn 0.00000000 -0.00000000 1.00000000
vn 0.00000000 -0.00000000 1.00000000
vn 0.00000000 -0.00000000 1.00000000
vn 0.00000000 -0.00000000 1.00000000
vn 0.00000000 -0.00000000 1.00000000
vn 0.00000000 -0.00000000 1.00000000
vn 0.00000000 -0.00000000 1.00000000
vn 0.00000000 -0.00000000 1.00000000
vn 0.00000000 -0.00000000 1.00000000
vn 0.00000000 -0.00000000 1.00000000
vn 0.00000000 -0.00000000 1.00000000
vn 0.00000000 -0.00000000 1.00000000
vn 0.00000000 -0.00000000 1.00000000
vn 0.00000000 -0.00000000 1.00000000
vn 0.00000000 -0.00000000 1.00000000
vn 0.00000000 -0.00000000 1.00000000
vn 0.00000000 -0.00000000 1.00000000
vn 0.00000000 -0.00000000 1.00000000
vn 0.00000000 -0.00000000 1.00000000
vn 0.00000000 -0.00000000 1.00000000
vn 0.00000000 -0.00000000 1.00000000
vn 0.00000000 -0.00000000 1.00000000
vn 0.00000000 -0.00000000 1.00000000
vn 0.00000000 -0.00000000 1.00000000
vn 0.00000000 -0.00000000 1.00000000
vn 0.00000000 -0.00000000 1.00000000
vn 0.00000000 -0.00000000 1.00000000
vn 0.00000000 -0.00000000 1.00000000
vn 0.00000000 -0.00000000 1.00000000
vn 0.00000000 -0.00000000 1.00000000
vn 0.00000000 -0.00000000 1.00000000
vn 0.00000000 -0.00000000 1.00000000
vn 0.00000000 -0.00000000 1.00000000
vn 0.00000000 -0.00000000 1.00000000
vn 0.00000000 -0.00000000 1.00000000
vn 0.00000000 -0.00000000 1.00000000
vn 0.00000000 -0.00000000 1.00000000
vn 0.00000000 -0.00000000 1.00000000
vn 0.00000000 -0.00000000 1.00000000
vn 0.00000000 -0.00000000 1.00000000
vn 0.00000000 -0.00000000 1.00000000
vn 0.00000000 -0.00000000 1.00000000
vn 0.00000000 -0.00000000 1.00000000
vn 0.00000000 -0.00000000 1.00000000
vn 0.00000000 -0.00000000 1.00000000
vn 0.00000000 -0.00000000 1.00000000
vn 0.00000000 -0.00000000 1.00000000
vn 0.00000000 -0.00000000 1.00000000
vn 0.00000000 -0.00000000 1.00000000
vn 0.00000000 -0.00000000 1.00000000
vn 0.00000000 -0.00000000 1.00000000
vn 0.00000000 -0.00000000 1.00000000
vn 0.00000000 -0.00000000 1.00000000
vn 0.00000000 -0.00000000 1.00000000
vn 0.00000000 -0.00000000 1.00000000
vn 0.00000000 -0.00000000 1.00000000
vn 0.00000000 -0.00000000 1.00000000
vn 0.00000000 -0.00000000 1.00000000
vn 0.00000000 -0.00000000 1.00000000
vn 0.00000000 -0.00000000 1.00000000
vn 0.00000000 -0.00000000 1.00000000
vn 0.00000000 -0.00000000 1.00000000
vn 0.00000000 -0.00000000 1.00000000
vn 0.00000000 -0.00000000 1.00000000
vn 0.00000000 -0.00000000 1.00000000
vn 0.00000000 -0.00000000 1.00000000
vn 0.00000000 -0.00000000 1.00000000
vn 0.00000000 -0.00000000 1.00000000
vn 0.00000000 -0.00000000 1.00000000
vn 0.00000000 -0.00000000 1.00000000
vn 0.00000000 -0.00000000 1.00000000
vn 0.00000000 -0.00000000 1.00000000
vn 0.00000000 -0.00000000 1.00000000
vn 0.00000000 -0.00000000 1.00000000
vn 0.00000000 -0.00000000 1.00000000
vn 0.00000000 -0.00000000 1.00000000
vn 0.00000000 -0.00000000 1.00000000
vn 0.00000000 -0.00000000 1.00000000
vn 0.00000000 -0.00000000 1.00000000
vn 0.00000000 -0.00000000 1.00000000
vn 0.00000000 -0.00000000 1.00000000
vn 0.00000000 -0.00000000 1.00000000
vn 0.00000000 -0.00000000 1.00000000
vn 0.00000000 -0.00000000 1.00000000
vn 0.00000000 -0.00000000 1.00000000
vn 0.00000000 -0.00000000 1.00000000
vn 0.00000000 -0.00000000 1.00000000
vn 0.00000000 -0.00000000 1.00000000
vn 0.00000000 -0.00000000 1.00000000
vn 0.00000000 -0.00000000 1.00000000
vn 0.00000000 -0.00000000 1.00000000
vn 0.00000000 -0.00000000 1.00000000
vn 0.00000000 -0.00000000 1.00000000
vn 0.00000000 -0.00000000 1.00000000
vn 0.00000000 -0.00000000 1.00000000
vn 0.00000000 -0.00000000 1.00000000
vn 0.00000000 -0.00000000 1.00000000
vn 0.00000000 -0.00000000 1.00000000
vn 0.00000000 -0.00000000 1.00000000
vn 0.00000000 -0.00000000 1.00000000
vn 0.00000000 -0.00000000 1.00000000
vn 0.00000000 -0.00000000 1.00000000
vn 0.00000000 -0.00000000 1.00000000
vn 0.00000000 -0.00000000 1.00000000
vn 0.00000000 -0.00000000 1.00000000
vn 0.00000000 -0.00000000 1.00000000
vn 0.00000000 -0.00000000 1.00000000
vn 0.00000000 -0.00000000 1.00000000
vn 0.00000000 -0.00000000 1.00000000
vn 0.00000000 -0.00000000 1.00000000
vn 0.00000000 -0.00000000 1.00000000
vn 0.00000000 -0.00000000 1.00000000
vn 0.00000000 -0.00000000 1.00000000
vn 0.00000000 -0.00000000 1.00000000
vn 0.00000000 -0.00000000 1.00000000
vn 0.00000000 -0.00000000 1.00000000
vn 0.00000000 -0.00000000 1.00000000
vn 0.00000000 -0.00000000 1.00000000
vn 0.00000000 -0.00000000 1.00000000
vn 0.00000000 -0.00000000 1.00000000
vn 0.00000000 -0.00000000 1.00000000
vn 0.00000000 -0.00000000 1.00000000
vn 0.00000000 -0.00000000 1.00000000
vn 0.00000000 -0.00000000 1.00000000
vn 0.00000000 -0.00000000 1.00000000
vn 0.00000000 -0.00000000 1.00000000
vn 0.00000000 -0.00000000 1.00000000
vn 0.00000000 -0.00000000 1.00000000
vn 0.00000000 -0.00000000 1.00000000
vn 0.00000000 -0.00000000 1.00000000
vn 0.00000000 -0.00000000 1.00000000
vn 0.00000000 -0.00000000 1.00000000
vn 0.00000000 -0.00000000 1.00000000
vn 0.00000000 -0.00000000 1.00000000
vn 0.00000000 -0.00000000 1.00000000
vn 0.00000000 -0.00000000 1.00000000
vn 0.00000000 -0.00000000 1.00000000
vn 0.00000000 -0.00000000 1.00000000
vn 0.00000000 -0.00000000 1.00000000
vn 0.00000000 -0.00000000 1.00000000
vn 0.00000000 -0.00000000 1.00000000
vn 0.00000000 -0.00000000 1.00000000
vn 0.00000000 -0.00000000 1.00000000
vn 0.00000000 -0.00000000 1.00000000
vn 0.00000000 -0.00000000 1.00000000
vn 0.00000000 -0.00000000 1.00000000
vn 0.00000000 -0.00000000 1.00000000
vn 0.00000000 -0.00000000 1.00000000
vn 0.00000000 -0.00000000 1.00000000
vn 0.00000000 -0.00000000 1.00000000
vn 0.00000000 -0.00000000 1.00000000
vn 0.00000000 -0.00000000 1.00000000
vn 0.00000000 -0.00000000 1.00000000
vn 0.00000000 -0.00000000 1.00000000
vn 0.00000000 -0.00000000 1.00000000
vn 0.00000000 -0.00000000 1.00000000
vn 0.00000000 -0.00000000 1.00000000
vn 0.00000000 -0.00000000 1.00000000
vn 0.00000000 -0.00000000 1.00000000
vn 0.00000000 -0.00000000 1.00000000
vn 0.00000000 -0.00000000 1.00000000
vn 0.00000000 -0.00000000 1.00000000
vn 0.00000000 -0.00000000 1.00000000
vn 0.00000000 -0.00000000 1.00000000
vn 0.00000000 -0.00000000 1.00000000
vn 0.00000000 -0.00000000 1.00000000
vn 0.00000000 -0.00000000 1.00000000
vn 0.00000000 -0.00000000 1.00000000
vn 1.00000000 -0.00000000 0.00000000
vn 1.00000000 -0.00000000 0.00000000
vn 1.00000000 -0.00000000 -0.00000000
vn 1.00000000 -0.00000000 0.00000000
vn 1.00000000 -0.00000000 0.00000000
vn 1.00000000 -0.00000000 -0.00000000
vn 1.00000000 -0.00000000 0.00000000
vn 1.00000000 -0.00000000 -0.00000000
vn 1.00000000 -0.00000000 0.00000000
vn 1.00000000 -0.00000000 0.00000000
vn 1.00000000 -0.00000000 0.00000000
vn 1.00000000 -0.00000000 -0.00000000
vn 1.00000000 -0.00000000 -0.00000000
vn 1.00000000 -0.00000000 0.00000000
vn 1.00000000 -0.00000000 -0.00000000
vn 1.00000000 -0.00000000 0.00000000
vn 1.00000000 -0.00000000 0.00000000
vn 1.00000000 -0.00000000 0.00000000
vn 1.00000000 -0.00000000 -0.00000000
vn 1.00000000 -0.00000000 -0.00000000
vn 1.00000000 -0.00000000 0.00000000
vn 1.00000000 -0.00000000 -0.00000000
vn 1.00000000 -0.00000000 0.00000000
vn 1.00000000 -0.00000000 0.00000000
vn 1.00000000 -0.00000000 -0.00000000
vn 1.00000000 -0.00000000 0.00000000
vn 1.00000000 -0.00000000 0.00000000
vn 1.00000000 -0.00000000 0.00000000
vn 1.00000000 -0.00000000 0.00000000
vn 1.00000000 -0.00000000 0.00000000
vn 1.00000000 -0.00000000 0.00000000
vn 1.00000000 -0.00000000 0.00000000
vn 1.00000000 -0.00000000 -0.00000000
vn 1.00000000 -0.00000000 0.00000000
vn 1.00000000 -0.00000000 -0.00000000
vn 1.00000000 -0.00000000 0.00000000
vn 1.00000000 -0.00000000 -0.00000000
vn 1.00000000 -0.00000000 -0.00000000
vn 1.00000000 -0.00000000 0.00000000
vn 1.00000000 -0.00000000 0.00000000
vn 1.00000000 -0.00000000 0.00000000
vn 1.00000000 -0.00000000 -0.00000000
vn 1.00000000 -0.00000000 -0.00000000
vn 1.00000000 -0.00000000 -0.00000000
vn 1.00000000 -0.00000000 -0.00000000
vn 1.00000000 -0.00000000 -0.00000000
vn 1.00000000 -0.00000000 0.00000000
vn 1.00000000 -0.00000000 0.00000000
vn 1.00000000 -0.00000000 0.00000000
vn 1.00000000 -0.00000000 -0.00000000
vn 1.00000000 -0.00000000 0.00000000
vn 1.00000000 -0.00000000 -0.00000000
vn 1.00000000 -0.00000000 0.00000000
vn 1.00000000 -0.00000000 0.00000000
vn 1.00000000 -0.00000000 0.00000000
vn 1.00000000 -0.00000000 -0.00000000
vn 1.00000000 -0.00000000 0.00000000
vn 1.00000000 -0.00000000 0.00000000
vn 1.00000000 -0.00000000 0.00000000
vn 1.00000000 -0.00000000 0.00000000
vn 1.00000000 -0.00000000 0.00000000
vn 1.00000000 -0.00000000 0.00000000
vn 1.00000000 -0.00000000 0.00000000
vn 1.00000000 -0.00000000 0.00000000
vn 1.00000000 -0.00000000 0.00000000
vn 1.00000000 -0.00000000 -0.00000000
vn 1.00000000 -0.00000000 0.00000000
vn 1.00000000 -0.00000000 -0.00000000
vn 1.00000000 -0.00000000 -0.00000000
vn 1.00000000 -0.00000000 0.00000000
vn 1.00000000 -0.00000000 0.00000000
vn 1.00000000 -0.00000000 -0.00000000
vn 1.00000000 -0.00000000 0.00000000
vn 1.00000000 -0.00000000 -0.00000000
vn 1.00000000 -0.00000000 0.00000000
vn 1.00000000 -0.00000000 -0.00000000
vn 1.00000000 -0.00000000 -0.00000000
vn 1.00000000 -0.00000000 -0.00000000
vn 1.00000000 -0.00000000 0.00000000
vn 1.00000000 -0.00000000 0.00000000
vn 1.00000000 -0.00000000 -0.00000000
vn 1.00000000 -0.00000000 0.00000000
vn 1.00000000 -0.00000000 -0.00000000
vn 1.00000000 -0.00000000 -0.00000000
vn 1.00000000 -0.00000000 -0.00000000
vn 1.00000000 -0.00000000 -0.00000000
vn 1.00000000 -0.00000000 -0.00000000
vn 1.00000000 -0.00000000 0.00000000
vn 1.00000000 -0.00000000 0.00000000
vn 1.00000000 -0.00000000 -0.00000000
vn 1.00000000 -0.00000000 0.00000000
vn 1.00000000 -0.00000000 -0.00000000
vn 1.00000000 -0.00000000 0.00000000
vn 1.00000000 -0.00000000 0.00000000
vn 1.00000000 -0.00000000 0.00000000
vn 1.00000000 -0.00000000 0.00000000
vn 1.00000000 -0.00000000 0.00000000
vn 1.00000000 -0.00000000 0.00000000
vn 1.00000000 -0.00000000 -0.00000000
vn 1.00000000 -0.00000000 -0.00000000
vn 1.00000000 -0.00000000 -0.00000000
vn 1.00000000 -0.00000000 -0.00000000
vn 1.00000000 -0.00000000 -0.00000000
vn 1.00000000 -0.00000000 -0.00000000
vn 1.00000000 -0.00000000 -0.00000000
vn 1.00000000 -0.00000000 0.00000000
vn 1.00000000 -0.00000000 -0.00000000
vn 1.00000000 -0.00000000 0.00000000
vn 1.00000000 -0.00000000 -0.00000000
vn 1.00000000 -0.00000000 0.00000000
vn 1.00000000 -0.00000000 -0.00000000
vn 1.00000000 -0.00000000 0.00000000
vn 1.00000000 -0.00000000 -0.00000000
vn 1.00000000 -0.00000000 0.00000000
vn 1.00000000 -0.00000000 0.00000000
vn 1.00000000 -0.00000000 0.00000000
vn 1.00000000 -0.00000000 0.00000000
vn 1.00000000 -0.00000000 0.00000000
vn 1.00000000 -0.00000000 -0.00000000
vn 1.00000000 -0.00000000 -0.00000000
vn 1.00000000 -0.00000000 0.00000000
vn 1.00000000 -0.00000000 0.00000000
vn 1.00000000 -0.00000000 0.00000000
vn 1.00000000 -0.00000000 0.00000000
vn 1.00000000 -0.00000000 0.00000000
vn 1.00000000 -0.00000000 -0.00000000
vn 1.00000000 -0.00000000 0.00000000
vn 1.00000000 -0.00000000 0.00000000
vn 1.00000000 -0.00000000 0.00000000
vn 1.00000000 -0.00000000 0.00000000
vn 1.00000000 -0.00000000 -0.00000000
vn 1.00000000 -0.00000000 -0.00000000
vn 1.00000000 -0.00000000 0.00000000
vn 1.00000000 -0.00000000 -0.00000000
vn 1.00000000 -0.00000000 -0.00000000
vn 1.00000000 -0.00000000 -0.00000000
vn 1.00000000 -0.00000000 -0.00000000
vn 1.00000000 -0.00000000 -0.00000000
vn 1.00000000 -0.00000000 -0.00000000
vn 1.00000000 -0.00000000 -0.00000000
vn 1.00000000 -0.00000000 0.00000000
vn 1.00000000 -0.00000000 -0.00000000
vn 1.00000000 -0.00000000 -0.00000000
vn 1.00000000 -0.00000000 -0.00000000
vn 1.00000000 -0.00000000 -0.00000000
vn 1.00000000 -0.00000000 -0.00000000
vn 1.00000000 -0.00000000 -0.00000000
vn 1.00000000 -0.00000000 -0.00000000
vn 1.00000000 -0.00000000 0.00000000
vn 1.00000000 -0.00000000 -0.00000000
vn 1.00000000 -0.00000000 0.00000000
vn 1.00000000 -0.00000000 -0.00000000
vn 1.00000000 -0.00000000 0.00000000
vn 1.00000000 -0.00000000 -0.00000000
vn 1.00000000 -0.00000000 0.00000000
vn 1.00000000 -0.00000000 0.00000000
vn 1.00000000 -0.00000000 0.00000000
vn 1.00000000 -0.00000000 -0.00000000
vn 1.00000000 -0.00000000 -0.00000000
vn 1.00000000 -0.00000000 0.00000000
vn 1.00000000 -0.00000000 -0.00000000
vn 1.00000000 -0.00000000 -0.00000000
vn 1.00000000 -0.00000000 -0.00000000
vn 1.00000000 -0.00000000 -0.00000000
vn 1.00000000 -0.00000000 -0.00000000
vn 1.00000000 -0.00000000 -0.00000000
vn 1.00000000 -0.00000000 -0.00000000
vn 1.00000000 -0.00000000 0.00000000
vn 1.00000000 -0.00000000 -0.00000000
vn 1.00000000 -0.00000000 -0.00000000
vn 1.00000000 -0.00000000 -0.00000000
vn 1.00000000 -0.00000000 -0.00000000
vn 1.00000000 -0.00000000 -0.00000000
vn 1.00000000 -0.00000000 -0.00000000
vn 1.00000000 -0.00000000 -0.00000000
vn 1.00000000 -0.00000000 -0.00000000
vn 1.00000000 -0.00000000 0.00000000
vn 1.00000000 -0.00000000 0.00000000
vn 1.00000000 -0.00000000 -0.00000000
vn 1.00000000 -0.00000000 0.00000000
vn 1.00000000 -0.00000000 -0.00000000
vn 1.00000000 -0.00000000 0.00000000
vn 1.00000000 -0.00000000 -0.00000000
vn 1.00000000 -0.00000000 0.00000000
vn 1.00000000 -0.00000000 -0.00000000
vn 1.00000000 -0.00000000 0.00000000
vn 1.00000000 -0.00000000 0.00000000
vn 1.00000000 -0.00000000 -0.00000000
vn 1.00000000 -0.00000000 0.00000000
vn 1.00000000 -0.00000000 0.00000000
vn 1.00000000 -0.00000000 -0.00000000
vn 1.00000000 -0.00000000 -0.00000000
vn 1.00000000 -0.00000000 0.00000000
vn 1.00000000 -0.00000000 -0.00000000
vn 1.00000000 -0.00000000 0.00000000
vn 1.00000000 -0.00000000 -0.00000000
vn -0.63708100 -0.70710700 -0.30680200
vn -0.30680200 -0.70710700 -0.63708100
vn 0.00000000 -0.70710700 0.70710700
vn 0.00000000 -0.70710700 0.70710700
vn -0.30680200 -0.70710700 0.63708100
vn -0.63708100 -0.70710700 0.30680200
vn -0.71835200 0.00000000 -0.69568000
vn -0.93163700 0.00000000 -0.36338900
vn -0.47980300 0.00000000 -0.87737600
vn -0.70710500 0.00000000 -0.70710900
vn -0.70710600 0.00000000 -0.70710700
vn -0.70710700 0.00000000 -0.70710700
vn -0.70710700 0.00000000 -0.70710700
vn -0.70710700 0.00000000 -0.70710700
vn -0.70710700 0.00000000 -0.70710700
vn -0.70710700 0.00000000 -0.70710700
vn -0.70710700 0.00000000 -0.70710700
vn -0.70710700 0.00000000 -0.70710700
vn -0.70710700 0.00000000 -0.70710700
vn -0.70710700 0.00000000 -0.70710700
vn -0.70710700 0.00000000 -0.70710700
vn -0.70710700 0.00000000 -0.70710700
vn -0.70710700 0.00000000 -0.70710700
vn -0.70710700 0.00000000 -0.70710700
vn -0.70710700 0.00000000 -0.70710700
vn -0.70710700 0.00000000 -0.70710700
vn -0.70710700 0.00000000 -0.70710700
vn -0.70710700 0.00000000 -0.70710700
vn -0.70710700 0.00000000 -0.70710700
vn -0.70710700 0.00000000 -0.70710700
vn -0.70710700 0.00000000 -0.70710700
vn -0.70710700 0.00000000 -0.70710700
vn -0.70710700 0.00000000 -0.70710700
vn -0.70710700 0.00000000 -0.70710700
vn -0.70710700 0.00000000 -0.70710700
vn -0.70710700 0.00000000 -0.70710700
vn -0.70710700 0.00000000 -0.70710700
vn -0.70710700 0.00000000 -0.70710700
vn -0.70710700 0.00000000 -0.70710700
vn -0.70710700 0.00000000 -0.70710700
vn -0.70710700 0.00000000 -0.70710700
vn -0.70710700 0.00000000 -0.70710700
vn -0.70710700 0.00000000 -0.70710700
vn -0.70710700 0.00000000 -0.70710700
vn -0.70710700 0.00000000 -0.70710700
vn -0.70710700 0.00000000 -0.70710700
vn -0.70710700 0.00000000 -0.70710700
vn -0.70710700 0.00000000 -0.70710700
vn -0.70710700 0.00000000 -0.70710700
vn -0.70710700 0.00000000 -0.70710700
vn -0.70710700 0.00000000 -0.70710700
vn -0.70710700 0.00000000 -0.70710700
vn -0.70710700 0.00000000 -0.70710700
vn -0.70710700 0.00000000 -0.70710700
vn -0.70710700 0.00000000 -0.70710700
vn -0.70710700 0.00000000 -0.70710700
vn -0.70710700 0.00000000 -0.70710700
vn -0.70710700 0.00000000 -0.70710700
vn -0.89510300 0.00000000 -0.44586000
vn -0.80863800 0.00000000 -0.58830600
vn -0.90630400 0.00000000 -0.42262700
vn -0.91916300 0.00000000 -0.39387800
vn -0.67129400 0.00000000 -0.74119100
vn -0.70943200 0.00000000 -0.70477400
vn -0.37265600 0.00000000 -0.92797000
vn -0.33506200 0.00000000 -0.94219600
vn -0.47605100 0.00000000 -0.87941800
vn -0.92499900 0.00000000 -0.37996800
vn -0.35747500 0.00000000 -0.93392300
vn -0.70563700 0.00000000 -0.70857400
vn -0.40996600 0.00000000 -0.91210100
vn -0.75587000 0.00000000 -0.65472200
vn -0.77939300 0.00000000 -0.62653600
vn -0.70667700 0.00000000 -0.70753600
vn -0.94455300 0.00000000 -0.32835800
vn -0.90359100 0.00000000 -0.42839500
vn -0.74311600 0.00000000 -0.66916300
vn -0.71465200 0.00000000 -0.69948000
vn -0.70252900 0.00000000 -0.71165500
vn -0.70822500 0.00000000 -0.70598700
vn -0.92776100 0.00000000 -0.37317500
vn -0.49561900 0.00000000 -0.86854000
vn -0.94012400 0.00000000 -0.34083200
vn -0.32389500 0.00000000 -0.94609300
vn -0.69161800 0.00000000 -0.72226400
vn -0.56538700 0.00000000 -0.82482500
vn -0.69359500 0.00000000 -0.72036500
vn -0.50441600 0.00000000 -0.86346100
vn -0.75546000 0.00000000 -0.65519500
vn -0.72429400 0.00000000 -0.68949200
vn -0.66976900 0.00000000 -0.74256900
vn -0.68010200 0.00000000 -0.73311700
vn -0.44387700 0.00000000 -0.89608800
vn -0.61318600 0.00000000 -0.78993800
vn -0.49801500 0.00000000 -0.86716800
vn -0.67551400 0.00000000 -0.73734800
vn -0.79435900 0.00000000 -0.60744800
vn -0.52679500 0.00000000 -0.84999200
vn -0.90573900 0.00000000 -0.42383600
vn -0.84613900 0.00000000 -0.53296200
vn -0.42541300 0.00000000 -0.90499900
vn -0.94591100 0.00000000 -0.32442700
vn -0.70459800 0.00000000 -0.70960700
vn -0.70703300 0.00000000 -0.70718100
vn -0.69235800 0.00000000 -0.72155400
vn -0.77762400 0.00000000 -0.62873000
vn -0.38334600 0.00000000 -0.92360500
vn -0.92453300 0.00000000 -0.38110300
vn -0.35569300 0.00000000 -0.93460300
vn -0.51679500 0.00000000 -0.85610900
vn -0.55850900 0.00000000 -0.82949800
vn -0.71262300 0.00000000 -0.70154700
vn -0.74392700 0.00000000 -0.66826100
vn -0.70574100 0.00000000 -0.70847000
vn -0.48209400 0.00000000 -0.87612000
vn -0.85686100 0.00000000 -0.51554700
vn -0.83289500 0.00000000 -0.55343100
vn -0.61091300 0.00000000 -0.79169800
vn -0.58410300 0.00000000 -0.81168000
vn -0.75537300 0.00000000 -0.65529500
vn -0.68541000 0.00000000 -0.72815700
vn -0.86554200 0.00000000 -0.50083600
vn -0.86033000 0.00000000 -0.50973700
vn -0.80434000 0.00000000 -0.59417000
vn -0.86872900 0.00000000 -0.49528800
vn -0.88492400 0.00000000 -0.46573600
vn -0.70709400 0.00000000 -0.70711900
vn -0.71321700 0.00000000 -0.70094300
vn -0.70768100 0.00000000 -0.70653200
vn -0.70476600 0.00000000 -0.70944000
vn -0.87306500 0.00000000 -0.48760300
vn -0.78869800 0.00000000 -0.61478100
vn -0.60434500 0.00000000 -0.79672300
vn -0.70687900 0.00000000 -0.70733400
vn -0.47770500 0.00000000 -0.87852000
vn -0.33597600 0.00000000 -0.94187100
vn -0.87921500 0.00000000 -0.47642600
vn -0.00000000 0.00000000 -1.00000000
vn -0.00000000 0.00000000 -1.00000000
vn -0.00000000 0.00000000 -1.00000000
vn -0.00000000 0.00000000 -1.00000000
vn -0.00000000 0.00000000 -1.00000000
vn -0.00000000 0.00000000 -1.00000000
vn -0.00000000 0.00000000 -1.00000000
vn -0.00000000 0.00000000 -1.00000000
vn -0.00000000 0.00000000 -1.00000000
vn -0.00000000 0.00000000 -1.00000000
vn -0.00000000 0.00000000 -1.00000000
vn -0.00000000 0.00000000 -1.00000000
vn -0.00000000 0.00000000 -1.00000000
vn -0.00000000 0.00000000 -1.00000000
vn -0.00000000 0.00000000 -1.00000000
vn -0.00000000 0.00000000 -1.00000000
vn -0.00000000 0.00000000 -1.00000000
vn -0.00000000 0.00000000 -1.00000000
vn -0.00000000 0.00000000 -1.00000000
vn -0.00000000 0.00000000 -1.00000000
vn -0.00000000 0.00000000 -1.00000000
vn -0.00000000 0.00000000 -1.00000000
vn -0.00000000 0.00000000 -1.00000000
vn -0.00000000 0.00000000 -1.00000000
vn -0.00000000 0.00000000 -1.00000000
vn -0.00000000 0.00000000 -1.00000000
vn -0.00000000 0.00000000 -1.00000000
vn -0.00000000 0.00000000 -1.00000000
vn -0.00000000 0.00000000 -1.00000000
vn -0.00000000 0.00000000 -1.00000000
vn -0.00000000 0.00000000 -1.00000000
vn -0.00000000 0.00000000 -1.00000000
vn -0.00000000 0.00000000 -1.00000000
vn -0.00000000 0.00000000 -1.00000000
vn -0.00000000 0.00000000 -1.00000000
vn -0.00000000 0.00000000 -1.00000000
vn -0.00000000 0.00000000 -1.00000000
vn -0.00000000 0.00000000 -1.00000000
vn -0.00000000 0.00000000 -1.00000000
vn -0.00000000 0.00000000 -1.00000000
vn -0.00000000 0.00000000 -1.00000000
vn -0.00000000 0.00000000 -1.00000000
vn -0.00000000 0.00000000 -1.00000000
vn -0.00000000 0.00000000 -1.00000000
vn -0.00000000 0.00000000 -1.00000000
vn -0.00000000 0.00000000 -1.00000000
vn -0.00000000 0.00000000 -1.00000000
vn -0.00000000 0.00000000 -1.00000000
vn -0.00000000 0.00000000 -1.00000000
vn -0.00000000 0.00000000 -1.00000000
vn -0.00000000 0.00000000 -1.00000000
vn -0.00000000 0.00000000 -1.00000000
vn -0.00000000 0.00000000 -1.00000000
vn -0.00000000 0.00000000 -1.00000000
vn -0.00000000 0.00000000 -1.00000000
vn -0.00000000 0.00000000 -1.00000000
vn -0.00000000 0.00000000 -1.00000000
vn -0.00000000 0.00000000 -1.00000000
vn -0.00000000 0.00000000 -1.00000000
vn -0.00000000 0.00000000 -1.00000000
vn -0.00000000 0.00000000 -1.00000000
vn -0.00000000 0.00000000 -1.00000000
vn -0.00000000 0.00000000 -1.00000000
vn -0.00000000 0.00000000 -1.00000000
vn -0.00000000 0.00000000 -1.00000000
vn -0.00000000 0.00000000 -1.00000000
vn -0.00000000 0.00000000 -1.00000000
vn -0.00000000 0.00000000 -1.00000000
vn -0.00000000 0.00000000 -1.00000000
vn -0.00000000 0.00000000 -1.00000000
vn -0.00000000 0.00000000 -1.00000000
vn -0.00000000 0.00000000 -1.00000000
vn -0.00000000 0.00000000 -1.00000000
vn -0.00000000 0.00000000 -1.00000000
vn -0.00000000 0.00000000 -1.00000000
vn -0.00000000 0.00000000 -1.00000000
vn -0.00000000 0.00000000 -1.00000000
vn -0.00000000 0.00000000 -1.00000000
vn -0.00000000 0.00000000 -1.00000000
vn -0.00000000 0.00000000 -1.00000000
vn -0.00000000 0.00000000 -1.00000000
vn -0.00000000 0.00000000 -1.00000000
vn -0.00000000 0.00000000 -1.00000000
vn -0.00000000 0.00000000 -1.00000000
vn -0.00000000 0.00000000 -1.00000000
vn -0.00000000 0.00000000 -1.00000000
vn -0.00000000 0.00000000 -1.00000000
vn -0.00000000 0.00000000 -1.00000000
vn -0.00000000 0.00000000 -1.00000000
vn -0.00000000 0.00000000 -1.00000000
vn -0.00000000 0.00000000 -1.00000000
vn -0.00000000 0.00000000 -1.00000000
vn -0.00000000 0.00000000 -1.00000000
vn -0.00000000 0.00000000 -1.00000000
vn -0.00000000 0.00000000 -1.00000000
vn -0.00000000 0.00000000 -1.00000000
vn -0.00000000 0.00000000 -1.00000000
vn -0.00000000 0.00000000 -1.00000000
vn -0.00000000 0.00000000 -1.00000000
vn -0.00000000 0.00000000 -1.00000000
vn -0.00000000 0.00000000 -1.00000000
vn -0.00000000 0.00000000 -1.00000000
vn -0.00000000 0.00000000 -1.00000000
vn -0.00000000 0.00000000 -1.00000000
vn -0.00000000 0.00000000 -1.00000000
vn -0.00000000 0.00000000 -1.00000000
vn -0.00000000 0.00000000 -1.00000000
vn -0.00000000 0.00000000 -1.00000000
vn -0.00000000 0.00000000 -1.00000000
vn -0.00000000 0.00000000 -1.00000000
vn -0.00000000 0.00000000 -1.00000000
vn -0.00000000 0.00000000 -1.00000000
vn -0.00000000 0.00000000 -1.00000000
vn -0.00000000 0.00000000 -1.00000000
vn -0.00000000 0.00000000 -1.00000000
vn -0.00000000 0.00000000 -1.00000000
vn -0.00000000 0.00000000 -1.00000000
vn -0.00000000 0.00000000 -1.00000000
vn -0.00000000 0.00000000 -1.00000000
vn -0.00000000 0.00000000 -1.00000000
vn -0.00000000 0.00000000 -1.00000000
vn -0.00000000 0.00000000 -1.00000000
vn -0.00000000 0.00000000 -1.00000000
vn -0.00000000 0.00000000 -1.00000000
vn -0.00000000 0.00000000 -1.00000000
vn -0.00000000 0.00000000 -1.00000000
vn -0.00000000 0.00000000 -1.00000000
vn -0.00000000 0.00000000 -1.00000000
vn -0.00000000 0.00000000 -1.00000000
vn -0.00000000 0.00000000 -1.00000000
vn -0.00000000 0.00000000 -1.00000000
vn -0.00000000 0.00000000 -1.00000000
vn -0.00000000 0.00000000 -1.00000000
vn -0.00000000 0.00000000 -1.00000000
vn -0.00000000 0.00000000 -1.00000000
vn -0.00000000 0.00000000 -1.00000000
vn -0.00000000 0.00000000 -1.00000000
vn -0.00000000 0.00000000 -1.00000000
vn -0.00000000 0.00000000 -1.00000000
vn -0.00000000 0.00000000 -1.00000000
vn -0.00000000 0.00000000 -1.00000000
vn -0.00000000 0.00000000 -1.00000000
vn -0.00000000 0.00000000 -1.00000000
vn -0.00000000 0.00000000 -1.00000000
vn -0.00000000 0.00000000 -1.00000000
vn -0.00000000 0.00000000 -1.00000000
vn -0.00000000 0.00000000 -1.00000000
vn -0.00000000 0.00000000 -1.00000000
vn -0.00000000 0.00000000 -1.00000000
vn -0.00000000 0.00000000 -1.00000000
vn -0.00000000 0.00000000 -1.00000000
vn -0.00000000 0.00000000 -1.00000000
vn -0.00000000 0.00000000 -1.00000000
vn -0.00000000 0.00000000 -1.00000000
vn -0.00000000 0.00000000 -1.00000000
vn -0.00000000 0.00000000 -1.00000000
vn -0.00000000 0.00000000 -1.00000000
vn -0.00000000 0.00000000 -1.00000000
vn -0.00000000 0.00000000 -1.00000000
vn -0.00000000 0.00000000 -1.00000000
vn -0.00000000 0.00000000 -1.00000000
vn -0.00000000 0.00000000 -1.00000000
vn -0.00000000 0.00000000 -1.00000000
vn -0.00000000 0.00000000 -1.00000000
vn -0.00000000 0.00000000 -1.00000000
vn -0.00000000 0.00000000 -1.00000000
vn -0.00000000 0.00000000 -1.00000000
vn -0.00000000 0.00000000 -1.00000000
vn -0.00000000 0.00000000 -1.00000000
vn -0.00000000 0.00000000 -1.00000000
vn -0.00000000 0.00000000 -1.00000000
vn -0.00000000 0.00000000 -1.00000000
vn -0.00000000 0.00000000 -1.00000000
vn -0.00000000 0.00000000 -1.00000000
vn -0.00000000 0.00000000 -1.00000000
vn -0.00000000 0.00000000 -1.00000000
vn -0.00000000 0.00000000 -1.00000000
vn -0.00000000 0.00000000 -1.00000000
vn -0.00000000 0.00000000 -1.00000000
vn -0.00000000 0.00000000 -1.00000000
vn -0.00000000 0.00000000 -1.00000000
vn -0.00000000 0.00000000 -1.00000000
vn -0.00000000 0.00000000 -1.00000000
vn -0.00000000 0.00000000 -1.00000000
vn -0.00000000 0.00000000 -1.00000000
vn -0.00000000 0.00000000 -1.00000000
vn -0.00000000 0.00000000 -1.00000000
vn -0.00000000 0.00000000 -1.00000000
vn -0.00000000 0.00000000 -1.00000000
vn -0.00000000 0.00000000 -1.00000000
vn -0.00000000 0.00000000 -1.00000000
vn -0.00000000 0.00000000 -1.00000000
vn -0.00000000 0.00000000 -1.00000000
vn -0.00000000 0.00000000 -1.00000000
vn -0.00000000 0.00000000 -1.00000000
vn -0.00000000 0.00000000 -1.00000000
vn -0.00000000 0.00000000 -1.00000000
vn -0.00000000 0.00000000 -1.00000000
vn -0.00000000 0.00000000 -1.00000000
vn -0.00000000 0.00000000 -1.00000000
vn -0.00000000 0.00000000 -1.00000000
vn -0.00000000 0.00000000 -1.00000000
vn -0.00000000 0.00000000 -1.00000000
vn -0.00000000 0.00000000 -1.00000000
vn -0.00000000 0.00000000 -1.00000000
vn -0.00000000 0.00000000 -1.00000000
vn -0.00000000 0.00000000 -1.00000000
vn -0.00000000 0.00000000 -1.00000000
vn -0.00000000 0.00000000 -1.00000000
vn -0.00000000 0.00000000 -1.00000000
vn -0.00000000 0.00000000 -1.00000000
vn -0.00000000 0.00000000 -1.00000000
vn -0.00000000 0.00000000 -1.00000000
vn -0.00000000 0.00000000 -1.00000000
vn -0.00000000 0.00000000 -1.00000000
vn -0.00000000 0.00000000 -1.00000000
vn -0.00000000 0.00000000 -1.00000000
vn -0.00000000 0.00000000 -1.00000000
vn -0.00000000 0.00000000 -1.00000000
vn -0.00000000 0.00000000 -1.00000000
vn -0.00000000 0.00000000 -1.00000000
vn -0.00000000 0.00000000 -1.00000000
vn -0.00000000 0.00000000 -1.00000000
vn -0.00000000 0.00000000 -1.00000000
vn -0.00000000 0.00000000 -1.00000000
vn -0.00000000 0.00000000 -1.00000000
vn -0.00000000 0.00000000 -1.00000000
vn -0.00000000 0.00000000 -1.00000000
vn -0.00000000 0.00000000 -1.00000000
vn -0.00000000 0.00000000 -1.00000000
vn -0.00000000 0.00000000 -1.00000000
vn -0.00000000 0.00000000 -1.00000000
vn -0.00000000 0.00000000 -1.00000000
vn -0.00000000 0.00000000 -1.00000000
vn -0.00000000 0.00000000 -1.00000000
vn -0.00000000 0.00000000 -1.00000000
vn -0.00000000 0.00000000 -1.00000000
vn -0.00000000 0.00000000 -1.00000000
vn -0.00000000 0.00000000 -1.00000000
vn -0.00000000 0.00000000 -1.00000000
vn -0.00000000 0.00000000 -1.00000000
vn -0.00000000 0.00000000 -1.00000000
vn -0.00000000 0.00000000 -1.00000000
vn -0.00000000 0.00000000 -1.00000000
vn -0.00000000 0.00000000 -1.00000000
vn -0.00000000 0.00000000 -1.00000000
vn -0.00000000 0.00000000 -1.00000000
vn -0.00000000 0.00000000 -1.00000000
vn -0.00000000 0.00000000 -1.00000000
vn -0.00000000 0.00000000 -1.00000000
vn -0.00000000 0.00000000 -1.00000000
vn -0.00000000 0.00000000 -1.00000000
vn -0.00000000 0.00000000 -1.00000000
vn -0.00000000 0.00000000 -1.00000000
vn -0.00000000 0.00000000 -1.00000000
vn -0.00000000 0.00000000 -1.00000000
vn -0.00000000 0.00000000 -1.00000000
vn -0.00000000 0.00000000 -1.00000000
vn -0.00000000 0.00000000 -1.00000000
vn -0.00000000 0.00000000 -1.00000000
vn -0.00000000 0.00000000 -1.00000000
vn -0.00000000 0.00000000 -1.00000000
vn -0.00000000 0.00000000 -1.00000000
vn -0.00000000 0.00000000 -1.00000000
vn -0.00000000 0.00000000 -1.00000000
vn -0.00000000 0.00000000 -1.00000000
vn -0.00000000 0.00000000 -1.00000000
vn -0.00000000 0.00000000 -1.00000000
vn -0.00000000 0.00000000 -1.00000000
vn -0.00000000 0.00000000 -1.00000000
vn -0.00000000 0.00000000 -1.00000000
vn -0.00000000 0.00000000 -1.00000000
vn -0.00000000 0.00000000 -1.00000000
vn -0.00000000 0.00000000 -1.00000000
vn -0.00000000 0.00000000 -1.00000000
vn -0.00000000 0.00000000 -1.00000000
vn -0.00000000 0.00000000 -1.00000000
vn -0.00000000 0.00000000 -1.00000000
vn -0.00000000 0.00000000 -1.00000000
vn -0.00000000 0.00000000 -1.00000000
vn -0.00000000 0.00000000 -1.00000000
vn -0.00000000 0.00000000 -1.00000000
vn -0.00000000 0.00000000 -1.00000000
vn -0.00000000 0.00000000 -1.00000000
vn -0.00000000 0.00000000 -1.00000000
vn -0.00000000 0.00000000 -1.00000000
vn -0.00000000 0.00000000 -1.00000000
vn -0.00000000 0.00000000 -1.00000000
vn -0.00000000 0.00000000 -1.00000000
vn 0.70710700 0.70710700 0.00000000
vn 0.70710700 0.70710700 0.00000000
vn 0.63708100 0.70710700 -0.30680200
vn 0.30680200 0.70710700 -0.63708100
vn 0.63708100 0.70710700 0.30680200
vn 0.30680200 0.70710700 0.63708100
vn 0.00000000 0.70710700 -0.70710700
vn 0.00000000 0.70710700 -0.70710700
vn 0.00000000 0.70710700 0.70710700
vn 0.00000000 0.70710700 0.70710700
vn -0.30680200 0.70710700 -0.63708100
vn -0.63708100 0.70710700 -0.30680200
vn -0.30680200 0.70710700 0.63708100
vn -0.63708100 0.70710700 0.30680200
vn -0.70710700 0.70710700 0.00000000
vn -0.70710700 0.70710700 0.00000000
vn 0.70710700 -0.70710700 0.00000000
vn 0.70710700 -0.70710700 0.00000000
vn 0.63708100 -0.70710700 -0.30680200
vn 0.30680200 -0.70710700 -0.63708100
vn 0.30680200 -0.70710700 0.63708100
vn 0.63708100 -0.70710700 0.30680200
vn -0.00000000 -0.70710700 -0.70710700
vn -0.00000000 -0.70710700 -0.70710700
vn -0.70710700 -0.70710700 0.00000000
vn -0.70710700 -0.70710700 0.00000000
vn -0.00000000 1.00000000 -0.00000000
vn -0.00000000 1.00000000 -0.00000000
vn -0.00000000 1.00000000 -0.00000000
vn -0.00000000 1.00000000 -0.00000000
vn -0.00000000 1.00000000 -0.00000000
vn -0.00000000 1.00000000 -0.00000000
vn -0.00000000 1.00000000 -0.00000000
vn -0.00000000 1.00000000 -0.00000000
vn -0.00000000 1.00000000 -0.00000000
vn -0.00000000 1.00000000 -0.00000000
vn -0.00000000 1.00000000 -0.00000000
vn -0.00000000 1.00000000 -0.00000000
vn -0.00000000 1.00000000 -0.00000000
vn -0.00000000 1.00000000 -0.00000000
vn -0.00000000 1.00000000 -0.00000000
vn -0.00000000 1.00000000 -0.00000000
vn -0.00000000 1.00000000 -0.00000000
vn -0.00000000 1.00000000 -0.00000000
vn -0.00000000 1.00000000 -0.00000000
vn -0.00000000 1.00000000 -0.00000000
vn -0.00000000 1.00000000 -0.00000000
vn -0.00000000 1.00000000 -0.00000000
vn -0.00000000 1.00000000 -0.00000000
vn -0.00000000 1.00000000 -0.00000000
vn -0.00000000 1.00000000 -0.00000000
vn -0.00000000 1.00000000 -0.00000000
vn -0.00000000 1.00000000 -0.00000000
vn -0.00000000 1.00000000 -0.00000000
vn -0.00000000 1.00000000 -0.00000000
vn -0.00000000 1.00000000 -0.00000000
vn -0.00000000 1.00000000 -0.00000000
vn -0.00000000 1.00000000 -0.00000000
vn -0.00000000 1.00000000 -0.00000000
vn 0.00000000 -1.00000000 0.00000000
vn 0.00000000 -1.00000000 0.00000000
vn 0.00000000 -1.00000000 0.00000000
vn 0.00000000 -1.00000000 0.00000000
vn 0.00000000 -1.00000000 0.00000000
vn 0.00000000 -1.00000000 0.00000000
vn 0.00000000 -1.00000000 0.00000000
vn 0.00000000 -1.00000000 0.00000000
vn 0.00000000 -1.00000000 0.00000000
vn 0.00000000 -1.00000000 0.00000000
vn 0.00000000 -1.00000000 0.00000000
vn 0.00000000 -1.00000000 0.00000000
vn 0.00000000 -1.00000000 0.00000000
vn 0.00000000 -1.00000000 0.00000000
vn 0.00000000 -1.00000000 0.00000000
vn 0.00000000 -1.00000000 0.00000000
vn 0.00000000 -1.00000000 0.00000000
vn 0.00000000 -1.00000000 0.00000000
vn 0.00000000 -1.00000000 0.00000000
vn 0.00000000 -1.00000000 0.00000000
vn 0.00000000 -1.00000000 0.00000000
vn 0.00000000 -1.00000000 0.00000000
vn 0.00000000 -1.00000000 0.00000000
vn 0.00000000 -1.00000000 0.00000000
vn 0.00000000 -1.00000000 0.00000000
vn 0.00000000 -1.00000000 0.00000000
vn 0.00000000 -1.00000000 0.00000000
vn 0.00000000 -1.00000000 0.00000000
vn 0.00000000 -1.00000000 0.00000000
vn 0.00000000 -1.00000000 0.00000000
vn 0.00000000 -1.00000000 0.00000000
vn 0.00000000 -1.00000000 0.00000000
vn 0.00000000 -1.00000000 0.00000000
vn -1.00000000 0.00000000 -0.00000000
vn -1.00000000 0.00000000 -0.00000000
vn -1.00000000 0.00000000 -0.00000000
vn -1.00000000 0.00000000 -0.00000000
vn -1.00000000 0.00000000 -0.00000000
vn -1.00000000 0.00000000 -0.00000000
vn -1.00000000 0.00000000 -0.00000000
vn -1.00000000 0.00000000 -0.00000000
vn -1.00000000 0.00000000 -0.00000000
vn -1.00000000 0.00000000 -0.00000000
vn -1.00000000 0.00000000 -0.00000000
vn -1.00000000 0.00000000 -0.00000000
vn -1.00000000 0.00000000 -0.00000000
vn -1.00000000 0.00000000 -0.00000000
vn -1.00000000 0.00000000 -0.00000000
vn -1.00000000 0.00000000 -0.00000000
vn -1.00000000 0.00000000 -0.00000000
vn -1.00000000 0.00000000 -0.00000000
vn -1.00000000 0.00000000 -0.00000000
vn -1.00000000 0.00000000 -0.00000000
vn -1.00000000 0.00000000 -0.00000000
vn -1.00000000 0.00000000 -0.00000000
vn -1.00000000 0.00000000 -0.00000000
vn -1.00000000 0.00000000 -0.00000000
vn -1.00000000 0.00000000 -0.00000000
vn -1.00000000 0.00000000 -0.00000000
vn -1.00000000 0.00000000 -0.00000000
vn -1.00000000 0.00000000 -0.00000000
vn -1.00000000 0.00000000 -0.00000000
vn -1.00000000 0.00000000 -0.00000000
vn -1.00000000 0.00000000 -0.00000000
vn -1.00000000 0.00000000 -0.00000000
vn -1.00000000 0.00000000 -0.00000000
vn -1.00000000 0.00000000 -0.00000000
vn -1.00000000 0.00000000 -0.00000000
vn -1.00000000 0.00000000 -0.00000000
vn -1.00000000 0.00000000 -0.00000000
vn -1.00000000 0.00000000 -0.00000000
vn -1.00000000 0.00000000 -0.00000000
vn -1.00000000 0.00000000 -0.00000000
vn -1.00000000 0.00000000 -0.00000000
vn -1.00000000 0.00000000 -0.00000000
vn -1.00000000 0.00000000 -0.00000000
vn -1.00000000 0.00000000 -0.00000000
vn -1.00000000 0.00000000 -0.00000000
vn -1.00000000 0.00000000 -0.00000000
vn -1.00000000 0.00000000 -0.00000000
vn -1.00000000 0.00000000 -0.00000000
vn -1.00000000 0.00000000 -0.00000000
vn -1.00000000 0.00000000 -0.00000000
vn -1.00000000 0.00000000 -0.00000000
vn -1.00000000 0.00000000 -0.00000000
vn -1.00000000 0.00000000 -0.00000000
vn -1.00000000 0.00000000 -0.00000000
vn -1.00000000 0.00000000 -0.00000000
vn -1.00000000 0.00000000 -0.00000000
vn -1.00000000 0.00000000 -0.00000000
vn -1.00000000 0.00000000 -0.00000000
vn -1.00000000 0.00000000 -0.00000000
vn -1.00000000 0.00000000 -0.00000000
vn -1.00000000 0.00000000 -0.00000000
vn -1.00000000 0.00000000 -0.00000000
vn -1.00000000 0.00000000 -0.00000000
vn -1.00000000 0.00000000 -0.00000000
vn -1.00000000 0.00000000 -0.00000000
vn -1.00000000 0.00000000 -0.00000000
vn -1.00000000 0.00000000 -0.00000000
vn -1.00000000 0.00000000 -0.00000000
vn -1.00000000 0.00000000 -0.00000000
vn -1.00000000 0.00000000 -0.00000000
vn -1.00000000 0.00000000 -0.00000000
vn -1.00000000 0.00000000 -0.00000000
vn -1.00000000 0.00000000 -0.00000000
vn -1.00000000 0.00000000 -0.00000000
vn -1.00000000 0.00000000 -0.00000000
vn -1.00000000 0.00000000 -0.00000000
vn -1.00000000 0.00000000 -0.00000000
vn -1.00000000 0.00000000 -0.00000000
vn -1.00000000 0.00000000 -0.00000000
vn -1.00000000 0.00000000 -0.00000000
vn -1.00000000 0.00000000 -0.00000000
vn -1.00000000 0.00000000 -0.00000000
vn -1.00000000 0.00000000 -0.00000000
vn -1.00000000 0.00000000 -0.00000000
vn -1.00000000 0.00000000 -0.00000000
vn -1.00000000 0.00000000 -0.00000000
vn -1.00000000 0.00000000 -0.00000000
vn -1.00000000 0.00000000 -0.00000000
vn -1.00000000 0.00000000 -0.00000000
vn -1.00000000 0.00000000 -0.00000000
vn -1.00000000 0.00000000 -0.00000000
vn -1.00000000 0.00000000 -0.00000000
vn -1.00000000 0.00000000 -0.00000000
vn -1.00000000 0.00000000 -0.00000000
vn -1.00000000 0.00000000 -0.00000000
vn -1.00000000 0.00000000 -0.00000000
vn -1.00000000 0.00000000 -0.00000000
vn -1.00000000 0.00000000 -0.00000000
vn -1.00000000 0.00000000 -0.00000000
vn -1.00000000 0.00000000 -0.00000000
vn -1.00000000 0.00000000 -0.00000000
vn -1.00000000 0.00000000 -0.00000000
vn -1.00000000 0.00000000 -0.00000000
vn -1.00000000 0.00000000 -0.00000000
vn -1.00000000 0.00000000 -0.00000000
vn -1.00000000 0.00000000 -0.00000000
vn -1.00000000 0.00000000 -0.00000000
vn -1.00000000 0.00000000 -0.00000000
vn -1.00000000 0.00000000 -0.00000000
vn -1.00000000 0.00000000 -0.00000000
vn -1.00000000 0.00000000 -0.00000000
vn -1.00000000 0.00000000 -0.00000000
vn -1.00000000 0.00000000 -0.00000000
vn -1.00000000 0.00000000 -0.00000000
vn -1.00000000 0.00000000 -0.00000000
vn -1.00000000 0.00000000 -0.00000000
vn -1.00000000 0.00000000 -0.00000000
vn -1.00000000 0.00000000 -0.00000000
vn -1.00000000 0.00000000 -0.00000000
vn -1.00000000 0.00000000 -0.00000000
vn -1.00000000 0.00000000 -0.00000000
vn -1.00000000 0.00000000 -0.00000000
vn -1.00000000 0.00000000 -0.00000000
vn -1.00000000 0.00000000 -0.00000000
vn -1.00000000 0.00000000 -0.00000000
vn -1.00000000 0.00000000 -0.00000000
vn -1.00000000 0.00000000 -0.00000000
vn -1.00000000 0.00000000 -0.00000000
vn -1.00000000 0.00000000 -0.00000000
vn -1.00000000 0.00000000 -0.00000000
vn -1.00000000 0.00000000 -0.00000000
vn -1.00000000 0.00000000 -0.00000000
vn -1.00000000 0.00000000 -0.00000000
vn -1.00000000 0.00000000 -0.00000000
vn -1.00000000 0.00000000 -0.00000000
vn -1.00000000 0.00000000 -0.00000000
vn -1.00000000 0.00000000 -0.00000000
vn -1.00000000 0.00000000 -0.00000000
vn -1.00000000 0.00000000 -0.00000000
vn -1.00000000 0.00000000 -0.00000000
vn -1.00000000 0.00000000 -0.00000000
vn -1.00000000 0.00000000 -0.00000000
vn -1.00000000 0.00000000 -0.00000000
vn -1.00000000 0.00000000 -0.00000000
vn -1.00000000 0.00000000 -0.00000000
vn -1.00000000 0.00000000 -0.00000000
vn -1.00000000 0.00000000 -0.00000000
vn -1.00000000 0.00000000 -0.00000000
vn -1.00000000 0.00000000 -0.00000000
vn -1.00000000 0.00000000 -0.00000000
vn -1.00000000 0.00000000 -0.00000000
vn -1.00000000 0.00000000 -0.00000000
vn -1.00000000 0.00000000 -0.00000000
vn -1.00000000 0.00000000 -0.00000000
vn -1.00000000 0.00000000 -0.00000000
vn -1.00000000 0.00000000 -0.00000000
vn -1.00000000 0.00000000 -0.00000000
vn -1.00000000 0.00000000 -0.00000000
vn -1.00000000 0.00000000 -0.00000000
vn -1.00000000 0.00000000 -0.00000000
vn -1.00000000 0.00000000 -0.00000000
vn -1.00000000 0.00000000 -0.00000000
vn -1.00000000 0.00000000 -0.00000000
vn -1.00000000 0.00000000 -0.00000000
vn -1.00000000 0.00000000 -0.00000000
vn -1.00000000 0.00000000 -0.00000000
vn -1.00000000 0.00000000 -0.00000000
vn -1.00000000 0.00000000 -0.00000000
vn -1.00000000 0.00000000 -0.00000000
vn -1.00000000 0.00000000 -0.00000000
vn -1.00000000 0.00000000 -0.00000000
vn -1.00000000 0.00000000 -0.00000000
vn -1.00000000 0.00000000 -0.00000000
vn -1.00000000 0.00000000 -0.00000000
vn -1.00000000 0.00000000 -0.00000000
vn -1.00000000 0.00000000 -0.00000000
vn -1.00000000 0.00000000 -0.00000000
vn -1.00000000 0.00000000 -0.00000000
vn -1.00000000 0.00000000 -0.00000000
vn -1.00000000 0.00000000 -0.00000000
vn -1.00000000 0.00000000 -0.00000000
vn -1.00000000 0.00000000 -0.00000000
vn -1.00000000 0.00000000 -0.00000000
vn -1.00000000 0.00000000 -0.00000000
vn -1.00000000 0.00000000 -0.00000000
vn -1.00000000 0.00000000 -0.00000000
vn -1.00000000 0.00000000 -0.00000000
vn -1.00000000 0.00000000 -0.00000000
vn -1.00000000 0.00000000 -0.00000000
vn -1.00000000 0.00000000 -0.00000000
vn -1.00000000 0.00000000 -0.00000000
vn -1.00000000 0.00000000 -0.00000000
vn -1.00000000 0.00000000 -0.00000000
vn -1.00000000 0.00000000 -0.00000000
vn -1.00000000 0.00000000 -0.00000000
vn -1.00000000 0.00000000 -0.00000000
vn -1.00000000 0.00000000 -0.00000000
vn -1.00000000 0.00000000 -0.00000000
vn -1.00000000 0.00000000 -0.00000000
vn -1.00000000 0.00000000 -0.00000000
vn -1.00000000 0.00000000 -0.00000000
vn -1.00000000 0.00000000 -0.00000000
vn -1.00000000 0.00000000 -0.00000000
vn -1.00000000 0.00000000 -0.00000000
vn -1.00000000 0.00000000 -0.00000000
vn -1.00000000 0.00000000 -0.00000000
vn -1.00000000 0.00000000 -0.00000000
vn -1.00000000 0.00000000 -0.00000000
vn -1.00000000 0.00000000 -0.00000000
vn -1.00000000 0.00000000 -0.00000000
vn -1.00000000 0.00000000 -0.00000000
vn -1.00000000 0.00000000 -0.00000000
vn -1.00000000 0.00000000 -0.00000000
vn -1.00000000 0.00000000 -0.00000000
vn -1.00000000 0.00000000 -0.00000000
vn -1.00000000 0.00000000 -0.00000000
vn -1.00000000 0.00000000 -0.00000000
vn -1.00000000 0.00000000 -0.00000000
vn -1.00000000 0.00000000 -0.00000000
vn -1.00000000 0.00000000 -0.00000000
vn -1.00000000 0.00000000 -0.00000000
vn -1.00000000 0.00000000 -0.00000000
vn -1.00000000 0.00000000 -0.00000000
vn -1.00000000 0.00000000 -0.00000000
vn -1.00000000 0.00000000 -0.00000000
vn -1.00000000 0.00000000 -0.00000000
vn -1.00000000 0.00000000 -0.00000000
vn -1.00000000 0.00000000 -0.00000000
vn -1.00000000 0.00000000 -0.00000000
vn -1.00000000 0.00000000 -0.00000000
vn -1.00000000 0.00000000 -0.00000000
vn -1.00000000 0.00000000 -0.00000000
vn -1.00000000 0.00000000 -0.00000000
vn -1.00000000 0.00000000 -0.00000000
vn -1.00000000 0.00000000 -0.00000000
vn -1.00000000 0.00000000 -0.00000000
vn -1.00000000 0.00000000 -0.00000000
vn -1.00000000 0.00000000 -0.00000000
vn -1.00000000 0.00000000 -0.00000000
vn -1.00000000 0.00000000 -0.00000000
vn -1.00000000 0.00000000 -0.00000000
vn -1.00000000 0.00000000 -0.00000000
vn -1.00000000 0.00000000 -0.00000000
vn -1.00000000 0.00000000 -0.00000000
vn -1.00000000 0.00000000 -0.00000000
vn -1.00000000 0.00000000 -0.00000000
vn -1.00000000 0.00000000 -0.00000000
vn -1.00000000 0.00000000 -0.00000000
vn -1.00000000 0.00000000 -0.00000000
vn -1.00000000 0.00000000 -0.00000000
vn -1.00000000 0.00000000 -0.00000000
vn -1.00000000 0.00000000 -0.00000000
vn -1.00000000 0.00000000 -0.00000000
vn -1.00000000 0.00000000 -0.00000000
vn -1.00000000 0.00000000 -0.00000000
vn -1.00000000 0.00000000 -0.00000000
vn -1.00000000 0.00000000 -0.00000000
vn -1.00000000 0.00000000 -0.00000000
vn -1.00000000 0.00000000 -0.00000000
vn -1.00000000 0.00000000 -0.00000000
vn -1.00000000 0.00000000 -0.00000000
vn -1.00000000 0.00000000 -0.00000000
vn -1.00000000 0.00000000 -0.00000000
vn -1.00000000 0.00000000 -0.00000000
vn -1.00000000 0.00000000 -0.00000000
vn -1.00000000 0.00000000 -0.00000000
vn -1.00000000 0.00000000 -0.00000000
vn -1.00000000 0.00000000 -0.00000000
vn -1.00000000 0.00000000 -0.00000000
vn -1.00000000 0.00000000 -0.00000000
vn -1.00000000 0.00000000 -0.00000000
vn -1.00000000 0.00000000 -0.00000000
vn -1.00000000 0.00000000 -0.00000000
vn -1.00000000 0.00000000 -0.00000000
vn -1.00000000 0.00000000 -0.00000000
vn -1.00000000 0.00000000 -0.00000000
vn -1.00000000 0.00000000 -0.00000000
vn -1.00000000 0.00000000 -0.00000000
vn -1.00000000 0.00000000 -0.00000000
vn -1.00000000 0.00000000 -0.00000000
vn -0.70710700 -0.00000000 0.70710700
vn -0.70710700 -0.00000000 0.70710700
vn -0.70710700 -0.00000000 0.70710700
vn -0.70710700 -0.00000000 0.70710700
vn -0.70710700 -0.00000000 0.70710700
vn -0.70710700 -0.00000000 0.70710700
vn -0.70710700 -0.00000000 0.70710700
vn -0.70710700 -0.00000000 0.70710700
vn -0.70710700 -0.00000000 0.70710700
vn -0.70710700 -0.00000000 0.70710700
vn -0.70710700 -0.00000000 0.70710700
vn -0.70710700 -0.00000000 0.70710700
vn -0.70710700 -0.00000000 0.70710700
vn -0.70710700 -0.00000000 0.70710700
vn -0.70710700 -0.00000000 0.70710700
vn -0.70710700 -0.00000000 0.70710700
vn -0.70710700 -0.00000000 0.70710700
vn -0.70710700 -0.00000000 0.70710700
vn -0.70710700 -0.00000000 0.70710700
vn -0.70710700 -0.00000000 0.70710700
vn -0.70710700 -0.00000000 0.70710700
vn -0.70710700 -0.00000000 0.70710700
vn -0.70710700 -0.00000000 0.70710700
vn -0.70710700 -0.00000000 0.70710700
vn -0.70710700 -0.00000000 0.70710700
vn -0.70710700 -0.00000000 0.70710700
vn -0.70710700 -0.00000000 0.70710700
vn -0.70710700 -0.00000000 0.70710700
vn -0.70710700 -0.00000000 0.70710700
vn -0.70710700 -0.00000000 0.70710700
vn -0.70710700 -0.00000000 0.70710700
vn -0.70710700 -0.00000000 0.70710700
vn -0.70710700 -0.00000000 0.70710700
vn -0.70710700 -0.00000000 0.70710700
vn -0.70710700 -0.00000000 0.70710700
vn -0.70710700 -0.00000000 0.70710700
vn -0.70710700 -0.00000000 0.70710700
vn -0.70710700 -0.00000000 0.70710700
vn -0.70710700 -0.00000000 0.70710700
vn -0.70710700 -0.00000000 0.70710700
vn -0.70710700 -0.00000000 0.70710700
vn -0.70710700 -0.00000000 0.70710700
vn -0.70710700 -0.00000000 0.70710700
vn -0.70710700 -0.00000000 0.70710700
vn -0.70710700 -0.00000000 0.70710700
vn -0.70710700 -0.00000000 0.70710700
vn -0.70710700 -0.00000000 0.70710700
vn -0.70710700 -0.00000000 0.70710700
vn -0.70710700 -0.00000000 0.70710700
vn -0.70710700 -0.00000000 0.70710700
vn -0.70710700 -0.00000000 0.70710700
vn -0.70710700 -0.00000000 0.70710700
vn -0.70710700 -0.00000000 0.70710700
vn -0.70710700 -0.00000000 0.70710700
vn -0.70710700 -0.00000000 0.70710700
vn -0.70710700 -0.00000000 0.70710700
vn -0.70710700 -0.00000000 0.70710700
vn -0.70710700 -0.00000000 0.70710700
vn -0.70710700 -0.00000000 0.70710700
vn -0.70710700 -0.00000000 0.70710700
vn -0.70710700 -0.00000000 0.70710700
vn -0.70710700 -0.00000000 0.70710700
vn -0.70710700 -0.00000000 0.70710700
vn -0.70710700 -0.00000000 0.70710700
vn -0.70710700 -0.00000000 0.70710700
vn -0.70710700 -0.00000000 0.70710700
vn -0.70710700 -0.00000000 0.70710700
vn -0.70710700 -0.00000000 0.70710700
vn -0.70710700 -0.00000000 0.70710700
vn -0.70710700 -0.00000000 0.70710700
vn -0.70710700 -0.00000000 0.70710700
vn -0.70710700 -0.00000000 0.70710700
vn -0.70710700 -0.00000000 0.70710700
vn -0.70710700 -0.00000000 0.70710700
vn -0.70710700 -0.00000000 0.70710700
vn -0.70710700 -0.00000000 0.70710700
vn -0.70710700 -0.00000000 0.70710700
vn -0.70710700 -0.00000000 0.70710700
vn -0.70710700 -0.00000000 0.70710700
vn -0.70710700 -0.00000000 0.70710700
vn -0.70710700 -0.00000000 0.70710700
vn -0.70710700 -0.00000000 0.70710700
vn -0.70710700 -0.00000000 0.70710700
vn -0.70710700 -0.00000000 0.70710700
vn -0.70710700 -0.00000000 0.70710700
vn -0.70710700 -0.00000000 0.70710700
vn -0.70710700 -0.00000000 0.70710700
vn -0.70710700 -0.00000000 0.70710700
vn -0.70710700 -0.00000000 0.70710700
vn -0.70710700 -0.00000000 0.70710700
vn -0.70710700 -0.00000000 0.70710700
vn -0.70710700 -0.00000000 0.70710700
vn -0.70710700 -0.00000000 0.70710700
vn -0.70710700 -0.00000000 0.70710700
vn -0.70710700 -0.00000000 0.70710700
vn -0.70710700 -0.00000000 0.70710700
vn -0.70710700 -0.00000000 0.70710700
vn -0.70710700 -0.00000000 0.70710700
vn -0.70710700 -0.00000000 0.70710700
vn 0.00000000 -0.00000000 1.00000000
vn 0.00000000 -0.00000000 1.00000000
vn 0.00000000 -0.00000000 1.00000000
vn 0.00000000 -0.00000000 1.00000000
vn 0.00000000 -0.00000000 1.00000000
vn 0.00000000 -0.00000000 1.00000000
vn 0.00000000 -0.00000000 1.00000000
vn 0.00000000 -0.00000000 1.00000000
vn 0.00000000 -0.00000000 1.00000000
vn 0.00000000 -0.00000000 1.00000000
vn 0.00000000 -0.00000000 1.00000000
vn 0.00000000 -0.00000000 1.00000000
vn 0.00000000 -0.00000000 1.00000000
vn 0.00000000 -0.00000000 1.00000000
vn 0.00000000 -0.00000000 1.00000000
vn 0.00000000 -0.00000000 1.00000000
vn 0.00000000 -0.00000000 1.00000000
vn 0.00000000 -0.00000000 1.00000000
vn 0.00000000 -0.00000000 1.00000000
vn 0.00000000 -0.00000000 1.00000000
vn 0.00000000 -0.00000000 1.00000000
vn 0.00000000 -0.00000000 1.00000000
vn 0.00000000 -0.00000000 1.00000000
vn 0.00000000 -0.00000000 1.00000000
vn 0.00000000 -0.00000000 1.00000000
vn 0.00000000 -0.00000000 1.00000000
vn 0.00000000 -0.00000000 1.00000000
vn 0.00000000 -0.00000000 1.00000000
vn 0.00000000 -0.00000000 1.00000000
vn 0.00000000 -0.00000000 1.00000000
vn 0.00000000 -0.00000000 1.00000000
vn 0.00000000 -0.00000000 1.00000000
vn 0.00000000 -0.00000000 1.00000000
vn 0.00000000 -0.00000000 1.00000000
vn 0.00000000 -0.00000000 1.00000000
vn 0.00000000 -0.00000000 1.00000000
vn 0.00000000 -0.00000000 1.00000000
vn 0.00000000 -0.00000000 1.00000000
vn 0.00000000 -0.00000000 1.00000000
vn 0.00000000 -0.00000000 1.00000000
vn 0.00000000 -0.00000000 1.00000000
vn 0.00000000 -0.00000000 1.00000000
vn 0.00000000 -0.00000000 1.00000000
vn 0.00000000 -0.00000000 1.00000000
vn 0.00000000 -0.00000000 1.00000000
vn 0.00000000 -0.00000000 1.00000000
vn 0.00000000 -0.00000000 1.00000000
vn 0.00000000 -0.00000000 1.00000000
vn 0.00000000 -0.00000000 1.00000000
vn 0.00000000 -0.00000000 1.00000000
vn 0.00000000 -0.00000000 1.00000000
vn 0.00000000 -0.00000000 1.00000000
vn 0.00000000 -0.00000000 1.00000000
vn 0.00000000 -0.00000000 1.00000000
vn 0.00000000 -0.00000000 1.00000000
vn 0.00000000 -0.00000000 1.00000000
vn 0.00000000 -0.00000000 1.00000000
vn 0.00000000 -0.00000000 1.00000000
vn 0.00000000 -0.00000000 1.00000000
vn 0.00000000 -0.00000000 1.00000000
vn 0.00000000 -0.00000000 1.00000000
vn 0.00000000 -0.00000000 1.00000000
vn 0.00000000 -0.00000000 1.00000000
vn 0.00000000 -0.00000000 1.00000000
vn 0.00000000 -0.00000000 1.00000000
vn 0.00000000 -0.00000000 1.00000000
vn 0.00000000 -0.00000000 1.00000000
vn 0.00000000 -0.00000000 1.00000000
vn 0.00000000 -0.00000000 1.00000000
vn 0.00000000 -0.00000000 1.00000000
vn 0.00000000 -0.00000000 1.00000000
vn 0.00000000 -0.00000000 1.00000000
vn 0.00000000 -0.00000000 1.00000000
vn 0.00000000 -0.00000000 1.00000000
vn 0.00000000 -0.00000000 1.00000000
vn 0.00000000 -0.00000000 1.00000000
vn 0.00000000 -0.00000000 1.00000000
vn 0.00000000 -0.00000000 1.00000000
vn 0.00000000 -0.00000000 1.00000000
vn 0.00000000 -0.00000000 1.00000000
vn 0.00000000 -0.00000000 1.00000000
vn 0.00000000 -0.00000000 1.00000000
vn 0.00000000 -0.00000000 1.00000000
vn 0.00000000 -0.00000000 1.00000000
vn 0.00000000 -0.00000000 1.00000000
vn 0.00000000 -0.00000000 1.00000000
vn 0.00000000 -0.00000000 1.00000000
vn 0.00000000 -0.00000000 1.00000000
vn 0.00000000 -0.00000000 1.00000000
vn 0.00000000 -0.00000000 1.00000000
vn 0.00000000 -0.00000000 1.00000000
vn 0.00000000 -0.00000000 1.00000000
vn 0.00000000 -0.00000000 1.00000000
vn 0.00000000 -0.00000000 1.00000000
vn 0.00000000 -0.00000000 1.00000000
vn 0.00000000 -0.00000000 1.00000000
vn 0.00000000 -0.00000000 1.00000000
vn 0.00000000 -0.00000000 1.00000000
vn 0.00000000 -0.00000000 1.00000000
vn 0.00000000 -0.00000000 1.00000000
vn 0.00000000 -0.00000000 1.00000000
vn 0.00000000 -0.00000000 1.00000000
vn 0.00000000 -0.00000000 1.00000000
vn 0.00000000 -0.00000000 1.00000000
vn 0.00000000 -0.00000000 1.00000000
vn 0.00000000 -0.00000000 1.00000000
vn 0.00000000 -0.00000000 1.00000000
vn 0.00000000 -0.00000000 1.00000000
vn 0.00000000 -0.00000000 1.00000000
vn 0.00000000 -0.00000000 1.00000000
vn 0.00000000 -0.00000000 1.00000000
vn 0.00000000 -0.00000000 1.00000000
vn 0.00000000 -0.00000000 1.00000000
vn 0.00000000 -0.00000000 1.00000000
vn 0.00000000 -0.00000000 1.00000000
vn 0.00000000 -0.00000000 1.00000000
vn 0.00000000 -0.00000000 1.00000000
vn 0.00000000 -0.00000000 1.00000000
vn 0.00000000 -0.00000000 1.00000000
vn 0.00000000 -0.00000000 1.00000000
vn 0.00000000 -0.00000000 1.00000000
vn 0.00000000 -0.00000000 1.00000000
vn 0.00000000 -0.00000000 1.00000000
vn 0.00000000 -0.00000000 1.00000000
vn 0.00000000 -0.00000000 1.00000000
vn 0.00000000 -0.00000000 1.00000000
vn 0.00000000 -0.00000000 1.00000000
vn 0.00000000 -0.00000000 1.00000000
vn 0.00000000 -0.00000000 1.00000000
vn 0.00000000 -0.00000000 1.00000000
vn 0.00000000 -0.00000000 1.00000000
vn 0.00000000 -0.00000000 1.00000000
vn 0.00000000 -0.00000000 1.00000000
vn 0.00000000 -0.00000000 1.00000000
vn 0.00000000 -0.00000000 1.00000000
vn 0.00000000 -0.00000000 1.00000000
vn 0.00000000 -0.00000000 1.00000000
vn 0.00000000 -0.00000000 1.00000000
vn 0.00000000 -0.00000000 1.00000000
vn 0.00000000 -0.00000000 1.00000000
vn 0.00000000 -0.00000000 1.00000000
vn 0.00000000 -0.00000000 1.00000000
vn 0.00000000 -0.00000000 1.00000000
vn 0.00000000 -0.00000000 1.00000000
vn 0.00000000 -0.00000000 1.00000000
vn 0.00000000 -0.00000000 1.00000000
vn 0.00000000 -0.00000000 1.00000000
vn 0.00000000 -0.00000000 1.00000000
vn 0.00000000 -0.00000000 1.00000000
vn 0.00000000 -0.00000000 1.00000000
vn 0.00000000 -0.00000000 1.00000000
vn 0.00000000 -0.00000000 1.00000000
vn 0.00000000 -0.00000000 1.00000000
vn 0.00000000 -0.00000000 1.00000000
vn 0.00000000 -0.00000000 1.00000000
vn 0.00000000 -0.00000000 1.00000000
vn 0.00000000 -0.00000000 1.00000000
vn 0.00000000 -0.00000000 1.00000000
vn 0.00000000 -0.00000000 1.00000000
vn 0.00000000 -0.00000000 1.00000000
vn 0.00000000 -0.00000000 1.00000000
vn 0.00000000 -0.00000000 1.00000000
vn 0.00000000 -0.00000000 1.00000000
vn 0.00000000 -0.00000000 1.00000000
vn 0.00000000 -0.00000000 1.00000000
vn 0.00000000 -0.00000000 1.00000000
vn 0.00000000 -0.00000000 1.00000000
vn 0.00000000 -0.00000000 1.00000000
vn 0.00000000 -0.00000000 1.00000000
vn 0.00000000 -0.00000000 1.00000000
vn 0.00000000 -0.00000000 1.00000000
vn 0.00000000 -0.00000000 1.00000000
vn 0.00000000 -0.00000000 1.00000000
vn 0.00000000 -0.00000000 1.00000000
vn 0.00000000 -0.00000000 1.00000000
vn 0.00000000 -0.00000000 1.00000000
vn 0.00000000 -0.00000000 1.00000000
vn 0.00000000 -0.00000000 1.00000000
vn 0.00000000 -0.00000000 1.00000000
vn 0.00000000 -0.00000000 1.00000000
vn 0.00000000 -0.00000000 1.00000000
vn 0.00000000 -0.00000000 1.00000000
vn 0.00000000 -0.00000000 1.00000000
vn 0.00000000 -0.00000000 1.00000000
vn 0.00000000 -0.00000000 1.00000000
vn 0.00000000 -0.00000000 1.00000000
vn 0.00000000 -0.00000000 1.00000000
vn 0.00000000 -0.00000000 1.00000000
vn 0.00000000 -0.00000000 1.00000000
vn 0.00000000 -0.00000000 1.00000000
vn 0.00000000 -0.00000000 1.00000000
vn 0.00000000 -0.00000000 1.00000000
vn 0.00000000 -0.00000000 1.00000000
vn 0.00000000 -0.00000000 1.00000000
vn 0.00000000 -0.00000000 1.00000000
vn 0.00000000 -0.00000000 1.00000000
vn 0.00000000 -0.00000000 1.00000000
vn 0.00000000 -0.00000000 1.00000000
vn 0.00000000 -0.00000000 1.00000000
vn 0.00000000 -0.00000000 1.00000000
vn 0.00000000 -0.00000000 1.00000000
vn 0.00000000 -0.00000000 1.00000000
vn 0.00000000 -0.00000000 1.00000000
vn 0.00000000 -0.00000000 1.00000000
vn 0.00000000 -0.00000000 1.00000000
vn 0.00000000 -0.00000000 1.00000000
vn 0.00000000 -0.00000000 1.00000000
vn 0.00000000 -0.00000000 1.00000000
vn 0.00000000 -0.00000000 1.00000000
vn 0.00000000 -0.00000000 1.00000000
vn 0.00000000 -0.00000000 1.00000000
vn 0.00000000 -0.00000000 1.00000000
vn 0.00000000 -0.00000000 1.00000000
vn 0.00000000 -0.00000000 1.00000000
vn 0.00000000 -0.00000000 1.00000000
vn 0.00000000 -0.00000000 1.00000000
vn 0.00000000 -0.00000000 1.00000000
vn 0.00000000 -0.00000000 1.00000000
vn 0.00000000 -0.00000000 1.00000000
vn 0.00000000 -0.00000000 1.00000000
vn 0.00000000 -0.00000000 1.00000000
vn 0.00000000 -0.00000000 1.00000000
vn 0.00000000 -0.00000000 1.00000000
vn 0.00000000 -0.00000000 1.00000000
vn 0.00000000 -0.00000000 1.00000000
vn 0.00000000 -0.00000000 1.00000000
vn 0.00000000 -0.00000000 1.00000000
vn 0.00000000 -0.00000000 1.00000000
vn 0.00000000 -0.00000000 1.00000000
vn 0.00000000 -0.00000000 1.00000000
vn 0.00000000 -0.00000000 1.00000000
vn 0.00000000 -0.00000000 1.00000000
vn 0.00000000 -0.00000000 1.00000000
vn 0.00000000 -0.00000000 1.00000000
vn 0.00000000 -0.00000000 1.00000000
vn 0.00000000 -0.00000000 1.00000000
vn 0.00000000 -0.00000000 1.00000000
vn 0.00000000 -0.00000000 1.00000000
vn 0.00000000 -0.00000000 1.00000000
vn 0.00000000 -0.00000000 1.00000000
vn 0.00000000 -0.00000000 1.00000000
vn 0.00000000 -0.00000000 1.00000000
vn 0.00000000 -0.00000000 1.00000000
vn 0.00000000 -0.00000000 1.00000000
vn 0.00000000 -0.00000000 1.00000000
vn 0.00000000 -0.00000000 1.00000000
vn 0.00000000 -0.00000000 1.00000000
vn 0.00000000 -0.00000000 1.00000000
vn 0.00000000 -0.00000000 1.00000000
vn 0.00000000 -0.00000000 1.00000000
vn 0.00000000 -0.00000000 1.00000000
vn 0.00000000 -0.00000000 1.00000000
vn 0.00000000 -0.00000000 1.00000000
vn 0.00000000 -0.00000000 1.00000000
vn 0.00000000 -0.00000000 1.00000000
vn 0.00000000 -0.00000000 1.00000000
vn 0.00000000 -0.00000000 1.00000000
vn 0.00000000 -0.00000000 1.00000000
vn 0.00000000 -0.00000000 1.00000000
vn 0.00000000 -0.00000000 1.00000000
vn 0.00000000 -0.00000000 1.00000000
vn 0.00000000 -0.00000000 1.00000000
vn 0.00000000 -0.00000000 1.00000000
vn 0.00000000 -0.00000000 1.00000000
vn 0.00000000 -0.00000000 1.00000000
vn 0.00000000 -0.00000000 1.00000000
vn 0.00000000 -0.00000000 1.00000000
vn 0.00000000 -0.00000000 1.00000000
vn 0.00000000 -0.00000000 1.00000000
vn 0.00000000 -0.00000000 1.00000000
vn 0.00000000 -0.00000000 1.00000000
vn 0.00000000 -0.00000000 1.00000000
vn 0.00000000 -0.00000000 1.00000000
vn 0.00000000 -0.00000000 1.00000000
vn 0.00000000 -0.00000000 1.00000000
vn 0.00000000 -0.00000000 1.00000000
vn 0.00000000 -0.00000000 1.00000000
vn 0.00000000 -0.00000000 1.00000000
vn 0.00000000 -0.00000000 1.00000000
vn 0.00000000 -0.00000000 1.00000000
vn 0.00000000 -0.00000000 1.00000000
vn 0.00000000 -0.00000000 1.00000000
vn 0.00000000 -0.00000000 1.00000000
vn 0.00000000 -0.00000000 1.00000000
vn 0.00000000 -0.00000000 1.00000000
vn 0.00000000 -0.00000000 1.00000000
vn 0.00000000 -0.00000000 1.00000000
vn 0.00000000 -0.00000000 1.00000000
vn 0.00000000 -0.00000000 1.00000000
vn 0.70710700 -0.00000000 0.70710700
vn 0.70710700 -0.00000000 0.70710700
vn 0.70710700 -0.00000000 0.70710700
vn 0.70710700 -0.00000000 0.70710700
vn 0.70710700 -0.00000000 0.70710700
vn 0.70710700 -0.00000000 0.70710700
vn 0.70710700 -0.00000000 0.70710700
vn 0.70710700 -0.00000000 0.70710700
vn 0.70710700 -0.00000000 0.70710700
vn 0.70710700 -0.00000000 0.70710700
vn 0.70710700 -0.00000000 0.70710700
vn 0.70710700 -0.00000000 0.70710700
vn 0.70710700 -0.00000000 0.70710700
vn 0.70710700 -0.00000000 0.70710700
vn 0.70710700 -0.00000000 0.70710700
vn 0.70710700 -0.00000000 0.70710700
vn 0.70710700 -0.00000000 0.70710700
vn 0.70710700 -0.00000000 0.70710700
vn 0.70710700 -0.00000000 0.70710700
vn 0.70710700 -0.00000000 0.70710700
vn 0.70710700 -0.00000000 0.70710700
vn 0.70710700 -0.00000000 0.70710700
vn 0.70710700 -0.00000000 0.70710700
vn 0.70710700 -0.00000000 0.70710700
vn 0.70710700 -0.00000000 0.70710700
vn 0.70710700 -0.00000000 0.70710700
vn 0.70710700 -0.00000000 0.70710700
vn 0.70710700 -0.00000000 0.70710700
vn 0.70710700 -0.00000000 0.70710700
vn 0.70710700 -0.00000000 0.70710700
vn 0.70710700 -0.00000000 0.70710700
vn 0.70710700 -0.00000000 0.70710700
vn 0.70710700 -0.00000000 0.70710700
vn 0.70710700 -0.00000000 0.70710700
vn 0.70710700 -0.00000000 0.70710700
vn 0.70710700 -0.00000000 0.70710700
vn 0.70710700 -0.00000000 0.70710700
vn 0.70710700 -0.00000000 0.70710700
vn 0.70710700 -0.00000000 0.70710700
vn 0.70710700 -0.00000000 0.70710700
vn 0.70710700 -0.00000000 0.70710700
vn 0.70710700 -0.00000000 0.70710700
vn 0.70710700 -0.00000000 0.70710700
vn 0.70710700 -0.00000000 0.70710700
vn 0.70710700 -0.00000000 0.70710700
vn 0.70710700 -0.00000000 0.70710700
vn 0.70710700 -0.00000000 0.70710700
vn 0.70710700 -0.00000000 0.70710700
vn 0.70710700 -0.00000000 0.70710700
vn 0.70710700 -0.00000000 0.70710700
vn 0.70710700 -0.00000000 0.70710700
vn 0.70710700 -0.00000000 0.70710700
vn 0.70710700 -0.00000000 0.70710700
vn 0.70710700 -0.00000000 0.70710700
vn 0.70710700 -0.00000000 0.70710700
vn 0.70710700 -0.00000000 0.70710700
vn 0.70710700 -0.00000000 0.70710700
vn 0.70710700 -0.00000000 0.70710700
vn 0.70710700 -0.00000000 0.70710700
vn 0.70710700 -0.00000000 0.70710700
vn 0.70710700 -0.00000000 0.70710700
vn 0.70710700 -0.00000000 0.70710700
vn 0.70710700 -0.00000000 0.70710700
vn 0.70710700 -0.00000000 0.70710700
vn 0.70710700 -0.00000000 0.70710700
vn 0.70710700 -0.00000000 0.70710700
vn 0.70710700 -0.00000000 0.70710700
vn 0.70710700 -0.00000000 0.70710700
vn 0.70710700 -0.00000000 0.70710700
vn 0.70710700 -0.00000000 0.70710700
vn 0.70710700 -0.00000000 0.70710700
vn 0.70710700 -0.00000000 0.70710700
vn 0.70710700 -0.00000000 0.70710700
vn 0.70710700 -0.00000000 0.70710700
vn 0.70710700 -0.00000000 0.70710700
vn 0.70710700 -0.00000000 0.70710700
vn 0.70710700 -0.00000000 0.70710700
vn 0.70710700 -0.00000000 0.70710700
vn 0.70710700 -0.00000000 0.70710700
vn 0.70710700 -0.00000000 0.70710700
vn 0.70710700 -0.00000000 0.70710700
vn 0.70710700 -0.00000000 0.70710700
vn 0.70710700 -0.00000000 0.70710700
vn 0.70710700 -0.00000000 0.70710700
vn 0.70710700 -0.00000000 0.70710700
vn 0.70710700 -0.00000000 0.70710700
vn 0.70710700 -0.00000000 0.70710700
vn 0.70710700 -0.00000000 0.70710700
vn 0.70710700 -0.00000000 0.70710700
vn 0.70710700 -0.00000000 0.70710700
vn 0.70710700 -0.00000000 0.70710700
vn 0.70710700 -0.00000000 0.70710700
vn 0.70710700 -0.00000000 0.70710700
vn 0.70710700 -0.00000000 0.70710700
vn 0.70710700 -0.00000000 0.70710700
vn 0.70710700 -0.00000000 0.70710700
vn 0.70710700 -0.00000000 0.70710700
vn 0.70710700 -0.00000000 0.70710700
vn 0.70710700 -0.00000000 0.70710700
vn 1.00000000 -0.00000000 0.00000000
vn 1.00000000 -0.00000000 0.00000000
vn 1.00000000 -0.00000000 0.00000000
vn 1.00000000 -0.00000000 0.00000000
vn 1.00000000 -0.00000000 0.00000000
vn 1.00000000 -0.00000000 0.00000000
vn 1.00000000 -0.00000000 0.00000000
vn 1.00000000 -0.00000000 0.00000000
vn 1.00000000 -0.00000000 0.00000000
vn 1.00000000 -0.00000000 0.00000000
vn 1.00000000 -0.00000000 0.00000000
vn 1.00000000 -0.00000000 0.00000000
vn 1.00000000 -0.00000000 0.00000000
vn 1.00000000 -0.00000000 0.00000000
vn 1.00000000 -0.00000000 0.00000000
vn 1.00000000 -0.00000000 0.00000000
vn 1.00000000 -0.00000000 0.00000000
vn 1.00000000 -0.00000000 0.00000000
vn 1.00000000 -0.00000000 0.00000000
vn 1.00000000 -0.00000000 0.00000000
vn 1.00000000 -0.00000000 0.00000000
vn 1.00000000 -0.00000000 0.00000000
vn 1.00000000 -0.00000000 0.00000000
vn 1.00000000 -0.00000000 0.00000000
vn 1.00000000 -0.00000000 0.00000000
vn 1.00000000 -0.00000000 0.00000000
vn 1.00000000 -0.00000000 0.00000000
vn 1.00000000 -0.00000000 0.00000000
vn 1.00000000 -0.00000000 0.00000000
vn 1.00000000 -0.00000000 0.00000000
vn 1.00000000 -0.00000000 0.00000000
vn 1.00000000 -0.00000000 0.00000000
vn 1.00000000 -0.00000000 0.00000000
vn 1.00000000 -0.00000000 0.00000000
vn 1.00000000 -0.00000000 0.00000000
vn 1.00000000 -0.00000000 0.00000000
vn 1.00000000 -0.00000000 0.00000000
vn 1.00000000 -0.00000000 0.00000000
vn 1.00000000 -0.00000000 0.00000000
vn 1.00000000 -0.00000000 0.00000000
vn 1.00000000 -0.00000000 0.00000000
vn 1.00000000 -0.00000000 0.00000000
vn 1.00000000 -0.00000000 0.00000000
vn 1.00000000 -0.00000000 0.00000000
vn 1.00000000 -0.00000000 0.00000000
vn 1.00000000 -0.00000000 0.00000000
vn 1.00000000 -0.00000000 0.00000000
vn 1.00000000 -0.00000000 0.00000000
vn 1.00000000 -0.00000000 0.00000000
vn 1.00000000 -0.00000000 0.00000000
vn 1.00000000 -0.00000000 0.00000000
vn 1.00000000 -0.00000000 0.00000000
vn 1.00000000 -0.00000000 0.00000000
vn 1.00000000 -0.00000000 0.00000000
vn 1.00000000 -0.00000000 0.00000000
vn 1.00000000 -0.00000000 0.00000000
vn 1.00000000 -0.00000000 0.00000000
vn 1.00000000 -0.00000000 0.00000000
vn 1.00000000 -0.00000000 0.00000000
vn 1.00000000 -0.00000000 0.00000000
vn 1.00000000 -0.00000000 0.00000000
vn 1.00000000 -0.00000000 0.00000000
vn 1.00000000 -0.00000000 0.00000000
vn 1.00000000 -0.00000000 0.00000000
vn 1.00000000 -0.00000000 0.00000000
vn 1.00000000 -0.00000000 0.00000000
vn 1.00000000 -0.00000000 0.00000000
vn 1.00000000 -0.00000000 0.00000000
vn 1.00000000 -0.00000000 0.00000000
vn 1.00000000 -0.00000000 0.00000000
vn 1.00000000 -0.00000000 0.00000000
vn 1.00000000 -0.00000000 0.00000000
vn 1.00000000 -0.00000000 0.00000000
vn 1.00000000 -0.00000000 0.00000000
vn 1.00000000 -0.00000000 0.00000000
vn 1.00000000 -0.00000000 0.00000000
vn 1.00000000 -0.00000000 0.00000000
vn 1.00000000 -0.00000000 0.00000000
vn 1.00000000 -0.00000000 0.00000000
vn 1.00000000 -0.00000000 0.00000000
vn 1.00000000 -0.00000000 0.00000000
vn 1.00000000 -0.00000000 0.00000000
vn 1.00000000 -0.00000000 0.00000000
vn 1.00000000 -0.00000000 0.00000000
vn 1.00000000 -0.00000000 0.00000000
vn 1.00000000 -0.00000000 0.00000000
vn 1.00000000 -0.00000000 0.00000000
vn 1.00000000 -0.00000000 0.00000000
vn 1.00000000 -0.00000000 0.00000000
vn 1.00000000 -0.00000000 0.00000000
vn 1.00000000 -0.00000000 0.00000000
vn 1.00000000 -0.00000000 0.00000000
vn 1.00000000 -0.00000000 0.00000000
vn 1.00000000 -0.00000000 0.00000000
vn 1.00000000 -0.00000000 0.00000000
vn 1.00000000 -0.00000000 0.00000000
vn 1.00000000 -0.00000000 0.00000000
vn 1.00000000 -0.00000000 0.00000000
vn 1.00000000 -0.00000000 0.00000000
vn 1.00000000 -0.00000000 0.00000000
vn 1.00000000 -0.00000000 0.00000000
vn 1.00000000 -0.00000000 0.00000000
vn 1.00000000 -0.00000000 0.00000000
vn 1.00000000 -0.00000000 0.00000000
vn 1.00000000 -0.00000000 0.00000000
vn 1.00000000 -0.00000000 0.00000000
vn 1.00000000 -0.00000000 0.00000000
vn 1.00000000 -0.00000000 0.00000000
vn 1.00000000 -0.00000000 0.00000000
vn 1.00000000 -0.00000000 0.00000000
vn 1.00000000 -0.00000000 0.00000000
vn 1.00000000 -0.00000000 0.00000000
vn 1.00000000 -0.00000000 0.00000000
vn 1.00000000 -0.00000000 0.00000000
vn 1.00000000 -0.00000000 0.00000000
vn 1.00000000 -0.00000000 0.00000000
vn 1.00000000 -0.00000000 0.00000000
vn 1.00000000 -0.00000000 0.00000000
vn 1.00000000 -0.00000000 0.00000000
vn 1.00000000 -0.00000000 0.00000000
vn 1.00000000 -0.00000000 0.00000000
vn 1.00000000 -0.00000000 0.00000000
vn 1.00000000 -0.00000000 0.00000000
vn 1.00000000 -0.00000000 0.00000000
vn 1.00000000 -0.00000000 0.00000000
vn 1.00000000 -0.00000000 0.00000000
vn 1.00000000 -0.00000000 0.00000000
vn 1.00000000 -0.00000000 0.00000000
vn 1.00000000 -0.00000000 0.00000000
vn 1.00000000 -0.00000000 0.00000000
vn 1.00000000 -0.00000000 0.00000000
vn 1.00000000 -0.00000000 0.00000000
vn 1.00000000 -0.00000000 0.00000000
vn 1.00000000 -0.00000000 0.00000000
vn 1.00000000 -0.00000000 0.00000000
vn 1.00000000 -0.00000000 0.00000000
vn 1.00000000 -0.00000000 0.00000000
vn 1.00000000 -0.00000000 0.00000000
vn 1.00000000 -0.00000000 0.00000000
vn 1.00000000 -0.00000000 0.00000000
vn 1.00000000 -0.00000000 0.00000000
vn 1.00000000 -0.00000000 0.00000000
vn 1.00000000 -0.00000000 0.00000000
vn 1.00000000 -0.00000000 0.00000000
vn 1.00000000 -0.00000000 0.00000000
vn 1.00000000 -0.00000000 0.00000000
vn 1.00000000 -0.00000000 0.00000000
vn 1.00000000 -0.00000000 0.00000000
vn 1.00000000 -0.00000000 0.00000000
vn 1.00000000 -0.00000000 0.00000000
vn 1.00000000 -0.00000000 0.00000000
vn 1.00000000 -0.00000000 0.00000000
vn 1.00000000 -0.00000000 0.00000000
vn 1.00000000 -0.00000000 0.00000000
vn 1.00000000 -0.00000000 0.00000000
vn 1.00000000 -0.00000000 0.00000000
vn 1.00000000 -0.00000000 0.00000000
vn 1.00000000 -0.00000000 0.00000000
vn 1.00000000 -0.00000000 0.00000000
vn 1.00000000 -0.00000000 0.00000000
vn 1.00000000 -0.00000000 0.00000000
vn 1.00000000 -0.00000000 0.00000000
vn 1.00000000 -0.00000000 0.00000000
vn 1.00000000 -0.00000000 0.00000000
vn 1.00000000 -0.00000000 0.00000000
vn 1.00000000 -0.00000000 0.00000000
vn 1.00000000 -0.00000000 0.00000000
vn 1.00000000 -0.00000000 0.00000000
vn 1.00000000 -0.00000000 0.00000000
vn 1.00000000 -0.00000000 0.00000000
vn 1.00000000 -0.00000000 0.00000000
vn 1.00000000 -0.00000000 0.00000000
vn 1.00000000 -0.00000000 0.00000000
vn 1.00000000 -0.00000000 0.00000000
vn 1.00000000 -0.00000000 0.00000000
vn 1.00000000 -0.00000000 0.00000000
vn 1.00000000 -0.00000000 0.00000000
vn 1.00000000 -0.00000000 0.00000000
vn 1.00000000 -0.00000000 0.00000000
vn 1.00000000 -0.00000000 0.00000000
vn 1.00000000 -0.00000000 0.00000000
vn 1.00000000 -0.00000000 0.00000000
vn 1.00000000 -0.00000000 0.00000000
vn 1.00000000 -0.00000000 0.00000000
vn 1.00000000 -0.00000000 0.00000000
vn 1.00000000 -0.00000000 0.00000000
vn 1.00000000 -0.00000000 0.00000000
vn 1.00000000 -0.00000000 0.00000000
vn 1.00000000 -0.00000000 0.00000000
vn 1.00000000 -0.00000000 0.00000000
vn 1.00000000 -0.00000000 0.00000000
vn 1.00000000 -0.00000000 0.00000000
vn 1.00000000 -0.00000000 0.00000000
vn 1.00000000 -0.00000000 0.00000000
vn 1.00000000 -0.00000000 0.00000000
vn 1.00000000 -0.00000000 0.00000000
vn 1.00000000 -0.00000000 0.00000000
vn 1.00000000 -0.00000000 0.00000000
vn 1.00000000 -0.00000000 0.00000000
vn 1.00000000 -0.00000000 0.00000000
vn 1.00000000 -0.00000000 0.00000000
vn 1.00000000 -0.00000000 0.00000000
vn 1.00000000 -0.00000000 0.00000000
vn 1.00000000 -0.00000000 0.00000000
vn 1.00000000 -0.00000000 0.00000000
vn 1.00000000 -0.00000000 0.00000000
vn 1.00000000 -0.00000000 0.00000000
vn 1.00000000 -0.00000000 0.00000000
vn 1.00000000 -0.00000000 0.00000000
vn 1.00000000 -0.00000000 0.00000000
vn 1.00000000 -0.00000000 0.00000000
vn 1.00000000 -0.00000000 0.00000000
vn 1.00000000 -0.00000000 0.00000000
vn 1.00000000 -0.00000000 0.00000000
vn 1.00000000 -0.00000000 0.00000000
vn 1.00000000 -0.00000000 0.00000000
vn 1.00000000 -0.00000000 0.00000000
vn 1.00000000 -0.00000000 0.00000000
vn 1.00000000 -0.00000000 0.00000000
vn 1.00000000 -0.00000000 0.00000000
vn 1.00000000 -0.00000000 0.00000000
vn 1.00000000 -0.00000000 0.00000000
vn 1.00000000 -0.00000000 0.00000000
vn 1.00000000 -0.00000000 0.00000000
vn 1.00000000 -0.00000000 0.00000000
vn 1.00000000 -0.00000000 0.00000000
vn 1.00000000 -0.00000000 0.00000000
vn 1.00000000 -0.00000000 0.00000000
vn 1.00000000 -0.00000000 0.00000000
vn 1.00000000 -0.00000000 0.00000000
vn 1.00000000 -0.00000000 0.00000000
vn 1.00000000 -0.00000000 0.00000000
vn 1.00000000 -0.00000000 0.00000000
vn 1.00000000 -0.00000000 0.00000000
vn 1.00000000 -0.00000000 0.00000000
vn 1.00000000 -0.00000000 0.00000000
vn 1.00000000 -0.00000000 0.00000000
vn 1.00000000 -0.00000000 0.00000000
vn 1.00000000 -0.00000000 0.00000000
vn 1.00000000 -0.00000000 0.00000000
vn 1.00000000 -0.00000000 0.00000000
vn 1.00000000 -0.00000000 0.00000000
vn 1.00000000 -0.00000000 0.00000000
vn 1.00000000 -0.00000000 0.00000000
vn 1.00000000 -0.00000000 0.00000000
vn 1.00000000 -0.00000000 0.00000000
vn 1.00000000 -0.00000000 0.00000000
vn 1.00000000 -0.00000000 0.00000000
vn 1.00000000 -0.00000000 0.00000000
vn 1.00000000 -0.00000000 0.00000000
vn 1.00000000 -0.00000000 0.00000000
vn 1.00000000 -0.00000000 0.00000000
vn 1.00000000 -0.00000000 0.00000000
vn 1.00000000 -0.00000000 0.00000000
vn 1.00000000 -0.00000000 0.00000000
vn 1.00000000 -0.00000000 0.00000000
vn 1.00000000 -0.00000000 0.00000000
vn 1.00000000 -0.00000000 0.00000000
vn 1.00000000 -0.00000000 0.00000000
vn 1.00000000 -0.00000000 0.00000000
vn 1.00000000 -0.00000000 0.00000000
vn 1.00000000 -0.00000000 0.00000000
vn 1.00000000 -0.00000000 0.00000000
vn 1.00000000 -0.00000000 0.00000000
vn 1.00000000 -0.00000000 0.00000000
vn 1.00000000 -0.00000000 0.00000000
vn 1.00000000 -0.00000000 0.00000000
vn 1.00000000 -0.00000000 0.00000000
vn 1.00000000 -0.00000000 0.00000000
vn 1.00000000 -0.00000000 0.00000000
vn 1.00000000 -0.00000000 0.00000000
vn 1.00000000 -0.00000000 0.00000000
vn 1.00000000 -0.00000000 0.00000000
vn 1.00000000 -0.00000000 0.00000000
vn 1.00000000 -0.00000000 0.00000000
vn 1.00000000 -0.00000000 0.00000000
vn 1.00000000 -0.00000000 0.00000000
vn 1.00000000 -0.00000000 0.00000000
vn 1.00000000 -0.00000000 0.00000000
vn 1.00000000 -0.00000000 0.00000000
vn 1.00000000 -0.00000000 0.00000000
vn 1.00000000 -0.00000000 0.00000000
vn 1.00000000 -0.00000000 0.00000000
vn 1.00000000 -0.00000000 0.00000000
vn 1.00000000 -0.00000000 0.00000000
vn 1.00000000 -0.00000000 0.00000000
vn 1.00000000 -0.00000000 0.00000000
vn 1.00000000 -0.00000000 0.00000000
vn 1.00000000 -0.00000000 0.00000000
vn 0.70710700 -0.00000000 -0.70710700
vn 0.70710700 -0.00000000 -0.70710700
vn 0.70710700 -0.00000000 -0.70710700
vn 0.70710700 -0.00000000 -0.70710700
vn 0.70710700 -0.00000000 -0.70710700
vn 0.70710700 -0.00000000 -0.70710700
vn 0.70710700 -0.00000000 -0.70710700
vn 0.70710700 -0.00000000 -0.70710700
vn 0.70710700 -0.00000000 -0.70710700
vn 0.70710700 -0.00000000 -0.70710700
vn 0.70710700 -0.00000000 -0.70710700
vn 0.70710700 -0.00000000 -0.70710700
vn 0.70710700 -0.00000000 -0.70710700
vn 0.70710700 -0.00000000 -0.70710700
vn 0.70710700 -0.00000000 -0.70710700
vn 0.70710700 -0.00000000 -0.70710700
vn 0.70710700 -0.00000000 -0.70710700
vn 0.70710700 -0.00000000 -0.70710700
vn 0.70710700 -0.00000000 -0.70710700
vn 0.70710700 -0.00000000 -0.70710700
vn 0.70710700 -0.00000000 -0.70710700
vn 0.70710700 -0.00000000 -0.70710700
vn 0.70710700 -0.00000000 -0.70710700
vn 0.70710700 -0.00000000 -0.70710700
vn 0.70710700 -0.00000000 -0.70710700
vn 0.70710700 -0.00000000 -0.70710700
vn 0.70710700 -0.00000000 -0.70710700
vn 0.70710700 -0.00000000 -0.70710700
vn 0.70710700 -0.00000000 -0.70710700
vn 0.70710700 -0.00000000 -0.70710700
vn 0.70710700 -0.00000000 -0.70710700
vn 0.70710700 -0.00000000 -0.70710700
vn 0.70710700 -0.00000000 -0.70710700
vn 0.70710700 -0.00000000 -0.70710700
vn 0.70710700 -0.00000000 -0.70710700
vn 0.70710700 -0.00000000 -0.70710700
vn 0.70710700 -0.00000000 -0.70710700
vn 0.70710700 -0.00000000 -0.70710700
vn 0.70710700 -0.00000000 -0.70710700
vn 0.70710700 -0.00000000 -0.70710700
vn 0.70710700 -0.00000000 -0.70710700
vn 0.70710700 -0.00000000 -0.70710700
vn 0.70710700 -0.00000000 -0.70710700
vn 0.70710700 -0.00000000 -0.70710700
vn 0.70710700 -0.00000000 -0.70710700
vn 0.70710700 -0.00000000 -0.70710700
vn 0.70710700 -0.00000000 -0.70710700
vn 0.70710700 -0.00000000 -0.70710700
vn 0.70710700 -0.00000000 -0.70710700
vn 0.70710700 -0.00000000 -0.70710700
vn 0.70710700 -0.00000000 -0.70710700
vn 0.70710700 -0.00000000 -0.70710700
vn 0.70710700 -0.00000000 -0.70710700
vn 0.70710700 -0.00000000 -0.70710700
vn 0.70710700 -0.00000000 -0.70710700
vn 0.70710700 -0.00000000 -0.70710700
vn 0.70710700 -0.00000000 -0.70710700
vn 0.70710700 -0.00000000 -0.70710700
vn 0.70710700 -0.00000000 -0.70710700
vn 0.70710700 -0.00000000 -0.70710700
vn 0.70710700 -0.00000000 -0.70710700
vn 0.70710700 -0.00000000 -0.70710700
vn 0.70710700 -0.00000000 -0.70710700
vn 0.70710700 -0.00000000 -0.70710700
vn 0.70710700 -0.00000000 -0.70710700
vn 0.70710700 -0.00000000 -0.70710700
vn 0.70710700 -0.00000000 -0.70710700
vn 0.70710700 -0.00000000 -0.70710700
vn 0.70710700 -0.00000000 -0.70710700
vn 0.70710700 -0.00000000 -0.70710700
vn 0.70710700 -0.00000000 -0.70710700
vn 0.70710700 -0.00000000 -0.70710700
vn 0.70710700 -0.00000000 -0.70710700
vn 0.70710700 -0.00000000 -0.70710700
vn 0.70710700 -0.00000000 -0.70710700
vn 0.70710700 -0.00000000 -0.70710700
vn 0.70710700 -0.00000000 -0.70710700
vn 0.70710700 -0.00000000 -0.70710700
vn 0.70710700 -0.00000000 -0.70710700
vn 0.70710700 -0.00000000 -0.70710700
vn 0.70710700 -0.00000000 -0.70710700
vn 0.70710700 -0.00000000 -0.70710700
vn 0.70710700 -0.00000000 -0.70710700
vn 0.70710700 -0.00000000 -0.70710700
vn 0.70710700 -0.00000000 -0.70710700
vn 0.70710700 -0.00000000 -0.70710700
vn 0.70710700 -0.00000000 -0.70710700
vn 0.70710700 -0.00000000 -0.70710700
vn 0.70710700 -0.00000000 -0.70710700
vn 0.70710700 -0.00000000 -0.70710700
vn 0.70710700 -0.00000000 -0.70710700
vn 0.70710700 -0.00000000 -0.70710700
vn 0.70710700 -0.00000000 -0.70710700
vn 0.70710700 -0.00000000 -0.70710700
vn 0.70710700 -0.00000000 -0.70710700
vn 0.70710700 -0.00000000 -0.70710700
vn 0.70710700 -0.00000000 -0.70710700
vn 0.70710700 -0.00000000 -0.70710700
vn 0.70710700 -0.00000000 -0.70710700
f 35//35 898//898 3//3
f 898//898 34//34 3//3
f 34//34 897//897 2//2
f 897//897 33//33 2//2
f 36//36 897//897 898//898
f 898//898 35//35 4//4
f 36//36 898//898 4//4
f 897//897 36//36 1//1
f 33//33 897//897 1//1
f 898//898 897//897 34//34
f 41//41 900//900 7//7
f 40//40 900//900 44//44
f 900//900 40//40 7//7
f 38//38 899//899 6//6
f 899//899 38//38 42//42
f 899//899 37//37 6//6
f 44//44 900//900 8//8
f 900//900 41//41 8//8
f 899//899 42//42 5//5
f 37//37 899//899 5//5
f 43//43 42//42 38//38
f 44//44 43//43 40//40
f 40//40 43//43 39//39
f 38//38 39//39 43//43
f 902//902 47//47 9//9
f 45//45 902//902 9//9
f 47//47 901//901 5//5
f 901//901 37//37 5//5
f 901//901 47//47 902//902
f 902//902 45//45 10//10
f 46//46 902//902 10//10
f 901//901 46//46 6//6
f 37//37 901//901 6//6
f 901//901 902//902 46//46
f 1003//1003 973//973 175//175
f 975//975 974//974 73//73
f 74//74 975//975 73//73
f 215//215 924//924 925//925
f 925//925 924//924 116//116
f 56//56 1018//1018 55//55
f 93//93 1001//1001 92//92
f 1018//1018 1019//1019 55//55
f 69//69 986//986 68//68
f 1025//1025 976//976 179//179
f 986//986 957//957 68//68
f 1025//1025 179//179 178//178
f 903//903 986//986 69//69
f 1010//1010 1030//1030 48//48
f 992//992 988//988 187//187
f 244//244 954//954 12//12
f 954//954 146//146 12//12
f 988//988 188//188 187//187
f 978//978 984//984 155//155
f 214//214 923//923 924//924
f 984//984 156//156 155//155
f 924//924 923//923 115//115
f 1016//1016 974//974 171//171
f 1002//1002 1026//1026 85//85
f 86//86 1002//1002 85//85
f 984//984 994//994 156//156
f 1015//1015 1001//1001 190//190
f 190//190 1001//1001 191//191
f 991//991 990//990 183//183
f 991//991 183//183 182//182
f 959//959 973//973 1003//1003
f 973//973 959//959 75//75
f 1000//1000 970//970 95//95
f 95//95 970//970 94//94
f 1001//1001 999//999 192//192
f 76//76 973//973 75//75
f 191//191 1001//1001 192//192
f 1024//1024 976//976 81//81
f 197//197 906//906 907//907
f 975//975 959//959 173//173
f 959//959 174//174 173//173
f 82//82 1024//1024 81//81
f 959//959 1003//1003 174//174
f 1024//1024 82//82 955//955
f 49//49 1010//1010 48//48
f 963//963 1010//1010 1027//1027
f 955//955 991//991 1024//1024
f 959//959 975//975 74//74
f 1027//1027 1010//1010 49//49
f 1016//1016 968//968 71//71
f 71//71 968//968 70//70
f 907//907 906//906 98//98
f 198//198 907//907 908//908
f 968//968 903//903 70//70
f 1030//1030 2//2 48//48
f 1030//1030 34//34 2//2
f 988//988 992//992 998//998
f 1026//1026 1002//1002 185//185
f 1002//1002 186//186 185//185
f 61//61 1012//1012 60//60
f 1002//1002 992//992 186//186
f 966//966 1020//1020 90//90
f 1012//1012 993//993 60//60
f 976//976 1025//1025 80//80
f 81//81 976//976 80//80
f 60//60 993//993 59//59
f 1015//1015 966//966 91//91
f 91//91 966//966 90//90
f 1017//1017 162//162 161//161
f 1014//1014 1017//1017 161//161
f 960//960 178//178 177//177
f 960//960 1025//1025 178//178
f 1017//1017 1011//1011 162//162
f 992//992 1002//1002 87//87
f 72//72 1016//1016 71//71
f 908//908 907//907 99//99
f 199//199 908//908 909//909
f 1017//1017 1013//1013 1011//1011
f 990//990 1026//1026 184//184
f 1026//1026 185//185 184//184
f 989//989 960//960 177//177
f 974//974 1016//1016 72//72
f 989//989 177//177 176//176
f 73//73 974//974 72//72
f 70//70 903//903 69//69
f 85//85 1026//1026 84//84
f 1006//1006 1033//1033 1014//1014
f 1007//1007 986//986 167//167
f 986//986 903//903 168//168
f 986//986 168//168 167//167
f 903//903 968//968 169//169
f 965//965 150//150 149//149
f 160//160 1006//1006 1014//1014
f 84//84 1022//1022 83//83
f 1022//1022 955//955 83//83
f 51//51 964//964 50//50
f 1024//1024 991//991 181//181
f 965//965 980//980 150//150
f 991//991 182//182 181//181
f 903//903 169//169 168//168
f 1020//1020 188//188 988//988
f 1020//1020 966//966 188//188
f 979//979 964//964 51//51
f 1014//1014 161//161 160//160
f 982//982 1029//1029 980//980
f 1029//1029 982//982 969//969
f 1000//1000 1023//1023 195//195
f 969//969 956//956 1029//1029
f 909//909 908//908 100//100
f 972//972 957//957 1007//1007
f 986//986 1007//1007 957//957
f 987//987 1007//1007 962//962
f 1017//1017 1014//1014 62//62
f 965//965 982//982 980//980
f 960//960 989//989 995//995
f 987//987 972//972 1007//1007
f 993//993 1031//1031 158//158
f 1009//1009 993//993 158//158
f 993//993 1012//1012 1031//1031
f 984//984 1021//1021 994//994
f 977//977 1028//1028 1021//1021
f 1031//1031 159//159 158//158
f 1021//1021 1028//1028 994//994
f 983//983 963//963 1027//1027
f 1031//1031 1006//1006 159//159
f 1009//1009 994//994 1028//1028
f 994//994 1009//1009 157//157
f 990//990 184//184 183//183
f 1009//1009 158//158 157//157
f 981//981 956//956 1004//1004
f 996//996 981//981 1004//1004
f 905//905 996//996 1019//1019
f 905//905 997//997 996//996
f 992//992 187//187 186//186
f 996//996 997//997 981//981
f 999//999 1001//1001 93//93
f 970//970 999//999 94//94
f 50//50 1027//1027 49//49
f 94//94 999//999 93//93
f 983//983 1027//1027 964//964
f 200//200 909//909 910//910
f 146//146 954//954 11//11
f 954//954 145//145 11//11
f 910//910 909//909 101//101
f 964//964 1027//1027 50//50
f 1011//1011 967//967 163//163
f 1029//1029 1005//1005 980//980
f 967//967 164//164 163//163
f 967//967 961//961 164//164
f 1009//1009 977//977 58//58
f 993//993 1009//1009 59//59
f 201//201 910//910 911//911
f 911//911 910//910 102//102
f 243//243 953//953 244//244
f 145//145 953//953 144//144
f 960//960 995//995 78//78
f 78//78 995//995 77//77
f 242//242 952//952 243//243
f 144//144 952//952 143//143
f 202//202 911//911 912//912
f 912//912 911//911 103//103
f 951//951 242//242 241//241
f 951//951 142//142 143//143
f 203//203 912//912 913//913
f 913//913 912//912 104//104
f 950//950 241//241 240//240
f 950//950 141//141 142//142
f 204//204 913//913 914//914
f 914//914 913//913 105//105
f 949//949 240//240 239//239
f 949//949 140//140 141//141
f 948//948 139//139 140//140
f 948//948 239//239 238//238
f 205//205 914//914 915//915
f 915//915 914//914 106//106
f 206//206 915//915 916//916
f 916//916 915//915 107//107
f 947//947 238//238 237//237
f 947//947 138//138 139//139
f 207//207 916//916 917//917
f 917//917 916//916 108//108
f 946//946 237//237 236//236
f 946//946 137//137 138//138
f 208//208 917//917 918//918
f 918//918 917//917 109//109
f 945//945 236//236 235//235
f 945//945 136//136 137//137
f 944//944 135//135 136//136
f 944//944 235//235 234//234
f 209//209 918//918 919//919
f 919//919 918//918 110//110
f 943//943 134//134 135//135
f 943//943 234//234 233//233
f 239//239 948//948 949//949
f 949//949 948//948 140//140
f 244//244 953//953 954//954
f 954//954 953//953 145//145
f 942//942 233//233 232//232
f 942//942 133//133 134//134
f 235//235 944//944 945//945
f 945//945 944//944 136//136
f 941//941 232//232 231//231
f 941//941 132//132 133//133
f 940//940 131//131 132//132
f 940//940 231//231 230//230
f 210//210 919//919 920//920
f 920//920 919//919 111//111
f 939//939 130//130 131//131
f 939//939 230//230 229//229
f 236//236 945//945 946//946
f 946//946 945//945 137//137
f 938//938 129//129 130//130
f 938//938 229//229 228//228
f 240//240 949//949 950//950
f 950//950 949//949 141//141
f 937//937 128//128 129//129
f 937//937 228//228 227//227
f 234//234 943//943 944//944
f 944//944 943//943 135//135
f 936//936 127//127 128//128
f 936//936 227//227 226//226
f 216//216 925//925 926//926
f 926//926 925//925 117//117
f 935//935 126//126 127//127
f 935//935 226//226 225//225
f 243//243 952//952 953//953
f 953//953 952//952 144//144
f 241//241 950//950 951//951
f 951//951 950//950 142//142
f 934//934 225//225 224//224
f 934//934 125//125 126//126
f 237//237 946//946 947//947
f 947//947 946//946 138//138
f 933//933 224//224 223//223
f 933//933 124//124 125//125
f 211//211 920//920 921//921
f 921//921 920//920 112//112
f 932//932 223//223 222//222
f 932//932 123//123 124//124
f 242//242 951//951 952//952
f 952//952 951//951 143//143
f 931//931 222//222 221//221
f 931//931 122//122 123//123
f 930//930 121//121 122//122
f 930//930 221//221 220//220
f 238//238 947//947 948//948
f 948//948 947//947 139//139
f 929//929 120//120 121//121
f 929//929 220//220 219//219
f 212//212 921//921 922//922
f 922//922 921//921 113//113
f 928//928 119//119 120//120
f 928//928 219//219 218//218
f 231//231 940//940 941//941
f 941//941 940//940 132//132
f 927//927 118//118 119//119
f 927//927 218//218 217//217
f 230//230 939//939 940//940
f 940//940 939//939 131//131
f 926//926 117//117 118//118
f 926//926 217//217 216//216
f 229//229 938//938 939//939
f 939//939 938//938 130//130
f 925//925 116//116 117//117
f 925//925 216//216 215//215
f 232//232 941//941 942//942
f 942//942 941//941 133//133
f 924//924 115//115 116//116
f 924//924 215//215 214//214
f 228//228 937//937 938//938
f 938//938 937//937 129//129
f 233//233 942//942 943//943
f 943//943 942//942 134//134
f 923//923 214//214 213//213
f 923//923 114//114 115//115
f 227//227 936//936 937//937
f 937//937 936//936 128//128
f 922//922 213//213 212//212
f 922//922 113//113 114//114
f 226//226 935//935 936//936
f 936//936 935//935 127//127
f 921//921 212//212 211//211
f 921//921 112//112 113//113
f 213//213 922//922 923//923
f 923//923 922//922 114//114
f 920//920 211//211 210//210
f 920//920 111//111 112//112
f 221//221 930//930 931//931
f 931//931 930//930 122//122
f 919//919 210//210 209//209
f 919//919 110//110 111//111
f 220//220 929//929 930//930
f 930//930 929//929 121//121
f 918//918 209//209 208//208
f 918//918 109//109 110//110
f 222//222 931//931 932//932
f 932//932 931//931 123//123
f 917//917 208//208 207//207
f 917//917 108//108 109//109
f 219//219 928//928 929//929
f 929//929 928//928 120//120
f 916//916 207//207 206//206
f 916//916 107//107 108//108
f 223//223 932//932 933//933
f 933//933 932//932 124//124
f 915//915 206//206 205//205
f 915//915 106//106 107//107
f 217//217 926//926 927//927
f 927//927 926//926 118//118
f 914//914 205//205 204//204
f 914//914 105//105 106//106
f 218//218 927//927 928//928
f 928//928 927//927 119//119
f 913//913 204//204 203//203
f 913//913 104//104 105//105
f 224//224 933//933 934//934
f 934//934 933//933 125//125
f 912//912 203//203 202//202
f 912//912 103//103 104//104
f 225//225 934//934 935//935
f 935//935 934//934 126//126
f 911//911 202//202 201//201
f 911//911 102//102 103//103
f 169//169 968//968 1032//1032
f 169//169 1032//1032 170//170
f 910//910 201//201 200//200
f 910//910 101//101 102//102
f 906//906 196//196 1023//1023
f 906//906 1023//1023 97//97
f 909//909 200//200 199//199
f 909//909 100//100 101//101
f 995//995 973//973 76//76
f 995//995 76//76 77//77
f 908//908 199//199 198//198
f 908//908 99//99 100//100
f 998//998 992//992 87//87
f 998//998 87//87 88//88
f 907//907 198//198 197//197
f 907//907 98//98 99//99
f 906//906 97//97 98//98
f 906//906 197//197 196//196
f 89//89 988//988 998//998
f 89//89 998//998 88//88
f 59//59 1009//1009 58//58
f 984//984 978//978 1018//1018
f 1018//1018 1021//1021 984//984
f 55//55 1019//1019 54//54
f 1019//1019 996//996 54//54
f 1026//1026 990//990 84//84
f 990//990 1022//1022 84//84
f 978//978 905//905 1019//1019
f 1018//1018 978//978 1019//1019
f 969//969 983//983 964//964
f 1015//1015 190//190 189//189
f 966//966 1015//1015 189//189
f 962//962 961//961 987//987
f 1033//1033 1006//1006 1012//1012
f 57//57 1021//1021 56//56
f 977//977 1021//1021 57//57
f 1021//1021 1018//1018 56//56
f 977//977 1009//1009 1028//1028
f 976//976 180//180 179//179
f 180//180 976//976 1024//1024
f 982//982 983//983 969//969
f 981//981 1029//1029 956//956
f 1033//1033 1012//1012 61//61
f 1008//1008 987//987 961//961
f 961//961 967//967 1008//1008
f 62//62 1014//1014 1033//1033
f 1017//1017 63//63 1013//1013
f 1032//1032 968//968 1016//1016
f 1011//1011 985//985 967//967
f 991//991 955//955 1022//1022
f 994//994 157//157 156//156
f 991//991 1022//1022 990//990
f 980//980 151//151 150//150
f 52//52 979//979 51//51
f 1011//1011 163//163 162//162
f 904//904 985//985 971//971
f 1008//1008 985//985 904//904
f 958//958 1008//1008 904//904
f 151//151 980//980 1005//1005
f 963//963 983//983 965//965
f 1005//1005 152//152 151//151
f 1013//1013 63//63 971//971
f 979//979 52//52 1004//1004
f 90//90 1020//1020 89//89
f 1020//1020 988//988 89//89
f 53//53 1004//1004 52//52
f 1001//1001 1015//1015 91//91
f 961//961 962//962 165//165
f 961//961 165//165 164//164
f 1007//1007 167//167 166//166
f 1023//1023 1000//1000 96//96
f 96//96 1000//1000 95//95
f 962//962 1007//1007 166//166
f 985//985 1013//1013 971//971
f 983//983 982//982 965//965
f 66//66 958//958 65//65
f 1010//1010 963//963 148//148
f 1030//1030 1010//1010 147//147
f 1010//1010 148//148 147//147
f 958//958 972//972 987//987
f 972//972 958//958 66//66
f 1023//1023 196//196 195//195
f 957//957 972//972 67//67
f 68//68 957//957 67//67
f 1016//1016 171//171 1032//1032
f 1032//1032 171//171 170//170
f 58//58 977//977 57//57
f 62//62 1033//1033 61//61
f 1024//1024 181//181 180//180
f 97//97 1023//1023 96//96
f 989//989 973//973 995//995
f 1012//1012 1006//1006 1031//1031
f 175//175 973//973 989//989
f 64//64 971//971 63//63
f 974//974 172//172 171//171
f 975//975 173//173 172//172
f 974//974 975//975 172//172
f 67//67 972//972 66//66
f 1005//1005 981//981 997//997
f 1005//1005 1029//1029 981//981
f 997//997 905//905 153//153
f 997//997 153//153 152//152
f 963//963 965//965 149//149
f 963//963 149//149 148//148
f 152//152 1005//1005 997//997
f 80//80 1025//1025 79//79
f 964//964 979//979 969//969
f 956//956 969//969 979//979
f 905//905 978//978 154//154
f 905//905 154//154 153//153
f 79//79 960//960 78//78
f 958//958 904//904 65//65
f 1011//1011 1013//1013 985//985
f 63//63 1017//1017 62//62
f 175//175 989//989 176//176
f 1025//1025 960//960 79//79
f 92//92 1001//1001 91//91
f 65//65 904//904 64//64
f 83//83 955//955 82//82
f 75//75 959//959 74//74
f 962//962 166//166 165//165
f 1004//1004 53//53 996//996
f 54//54 996//996 53//53
f 904//904 971//971 64//64
f 999//999 193//193 192//192
f 978//978 155//155 154//154
f 34//34 1030//1030 3//3
f 970//970 194//194 193//193
f 999//999 970//970 193//193
f 958//958 987//987 1008//1008
f 985//985 1008//1008 967//967
f 1003//1003 175//175 174//174
f 87//87 1002//1002 86//86
f 956//956 979//979 1004//1004
f 3//3 1030//1030 147//147
f 1006//1006 160//160 159//159
f 970//970 1000//1000 194//194
f 1000//1000 195//195 194//194
f 966//966 189//189 188//188
f 1153//1153 1037//1037 1154//1154
f 1040//1040 1144//1144 1145//1145
f 1144//1144 1074//1074 1145//1145
f 1095//1095 1074//1074 1096//1096
f 1050//1050 1147//1147 1148//1148
f 1147//1147 1069//1069 1148//1148
f 1073//1073 1095//1095 1096//1096
f 1038//1038 1149//1149 1150//1150
f 1039//1039 1151//1151 1152//1152
f 1039//1039 1127//1127 1129//1129
f 1059//1059 1118//1118 1119//1119
f 1109//1109 1062//1062 1117//1117
f 1049//1049 1089//1089 1090//1090
f 1044//1044 1103//1103 1108//1108
f 1089//1089 1068//1068 1090//1090
f 1107//1107 1063//1063 1121//1121
f 1069//1069 1099//1099 1104//1104
f 1060//1060 1113//1113 1116//1116
f 1061//1061 1109//1109 1117//1117
f 1065//1065 1126//1126 1128//1128
f 1103//1103 1060//1060 1108//1108
f 1118//1118 1057//1057 1119//1119
f 1045//1045 1107//1107 1121//1121
f 1113//1113 1061//1061 1116//1116
f 1110//1110 1046//1046 1112//1112
f 1126//1126 1066//1066 1128//1128
f 1064//1064 1100//1100 1101//1101
f 1102//1102 1058//1058 1132//1132
f 1063//1063 1110//1110 1112//1112
f 1057//1057 1102//1102 1132//1132
f 1064//1064 1133//1133 1134//1134
f 1133//1133 1065//1065 1134//1134
f 1100//1100 1046//1046 1101//1101
f 1149//1149 1071//1071 1150//1150
f 1105//1105 1067//1067 1106//1106
f 1111//1111 1056//1056 1120//1120
f 1068//1068 1123//1123 1124//1124
f 1099//1099 1051//1051 1104//1104
f 1127//1127 1073//1073 1129//1129
f 1048//1048 1105//1105 1106//1106
f 1042//1042 1137//1137 1138//1138
f 1123//1123 1050//1050 1124//1124
f 1093//1093 1042//1042 1094//1094
f 1151//1151 1072//1072 1152//1152
f 1139//1139 1070//1070 1140//1140
f 1054//1054 1093//1093 1094//1094
f 1070//1070 1143//1143 1146//1146
f 1054//1054 1139//1139 1140//1140
f 1043//1043 1122//1122 1125//1125
f 1053//1053 1135//1135 1136//1136
f 1122//1122 1052//1052 1125//1125
f 1137//1137 1055//1055 1138//1138
f 1055//1055 1111//1111 1120//1120
f 1143//1143 1051//1051 1146//1146
f 1135//1135 1052//1052 1136//1136
f 1114//1114 1056//1056 1115//1115
f 1040//1040 1091//1091 1092//1092
f 1141//1141 1078//1078 1142//1142
f 1076//1076 1097//1097 1098//1098
f 1043//1043 1114//1114 1115//1115
f 1076//1076 1130//1130 1131//1131
f 1091//1091 1075//1075 1092//1092
f 1087//1087 1072//1072 1088//1088
f 1071//1071 1087//1087 1088//1088
f 1097//1097 1075//1075 1098//1098
f 1130//1130 1077//1077 1131//1131
f 1077//1077 1141//1141 1142//1142
f 1041//1041 1153//1153 1154//1154
f 1034//1034 1155//1155 1156//1156
f 1157//1157 1035//1035 1158//1158
f 1155//1155 1036//1036 1156//1156
f 1037//1037 1157//1157 1158//1158
f 321//321 320//320 1088//1088
f 219//219 220//220 1087//1087
f 335//335 334//334 1131//1131
f 233//233 234//234 1130//1130
f 235//235 236//236 1141//1141
f 337//337 336//336 1142//1142
f 333//333 332//332 1097//1097
f 231//231 232//232 1098//1098
f 229//229 230//230 1091//1091
f 331//331 330//330 1092//1092
f 208//208 209//209 1115//1115
f 310//310 309//309 1114//1114
f 202//202 203//203 1093//1093
f 304//304 303//303 1094//1094
f 210//210 211//211 1122//1122
f 212//212 213//213 1136//1136
f 312//312 311//311 1125//1125
f 314//314 313//313 1135//1135
f 294//294 293//293 1124//1124
f 198//198 199//199 1146//1146
f 300//300 299//299 1143//1143
f 308//308 307//307 1120//1120
f 192//192 193//193 1123//1123
f 306//306 305//305 1138//1138
f 204//204 205//205 1137//1137
f 200//200 201//201 1140//1140
f 302//302 301//301 1139//1139
f 287//287 286//286 1106//1106
f 185//185 186//186 1105//1105
f 206//206 207//207 1111//1111
f 196//196 197//197 1099//1099
f 298//298 297//297 1104//1104
f 292//292 291//291 1090//1090
f 190//190 191//191 1089//1089
f 173//173 174//174 1101//1101
f 275//275 274//274 1100//1100
f 223//223 224//224 1127//1127
f 325//325 324//324 1129//1129
f 171//171 172//172 1110//1110
f 255//255 254//254 1102//1102
f 273//273 272//272 1112//1112
f 257//257 256//256 1118//1118
f 160//160 161//161 1103//1103
f 277//277 276//276 1134//1134
f 169//169 170//170 1107//1107
f 175//175 176//176 1133//1133
f 262//262 261//261 1108//1108
f 271//271 270//270 1121//1121
f 264//264 263//263 1116//1116
f 162//162 163//163 1113//1113
f 177//177 178//178 1126//1126
f 279//279 278//278 1128//1128
f 164//164 165//165 1109//1109
f 266//266 265//265 1117//1117
f 155//155 156//156 1119//1119
f 153//153 154//154 1132//1132
f 221//221 222//222 1152//1152
f 323//323 322//322 1151//1151
f 217//217 218//218 1149//1149
f 225//225 226//226 1095//1095
f 319//319 318//318 1150//1150
f 327//327 326//326 1096//1096
f 296//296 295//295 1148//1148
f 194//194 195//195 1147//1147
f 329//329 328//328 1144//1144
f 227//227 228//228 1145//1145
f 342//342 341//341 1154//1154
f 240//240 241//241 1153//1153
f 215//215 216//216 1179//1179
f 285//285 284//284 1182//1182
f 188//188 189//189 1190//1190
f 281//281 280//280 1186//1186
f 260//260 259//259 1185//1185
f 166//166 167//167 1187//1187
f 237//237 238//238 1180//1180
f 242//242 243//243 1157//1157
f 344//344 343//343 1158//1158
f 148//148 149//149 1155//1155
f 250//250 249//249 1156//1156
f 252//252 251//251 1193//1193
f 215//215 1179//1179 1285//1285
f 281//281 1186//1186 1287//1287
f 1185//1185 259//259 1290//1290
f 1182//1182 284//284 1288//1288
f 188//188 1190//1190 1291//1291
f 1187//1187 167//167 1289//1289
f 1180//1180 238//238 1286//1286
f 252//252 1193//1193 1292//1292
f 1157//1157 243//243 1250//1250
f 148//148 1155//1155 1249//1249
f 1159//1159 150//150 1322//1322
f 344//344 1158//1158 1279//1279
f 1156//1156 249//249 1280//1280
f 1086//1086 1159//1159 1322//1322
f 1160//1160 1086//1086 1322//1322
f 338//338 1161//1161 1319//1319
f 1170//1170 317//317 1313//1313
f 184//184 1164//1164 1314//1314
f 1172//1172 179//179 1315//1315
f 267//267 1165//1165 1317//1317
f 1169//1169 182//182 1314//1314
f 315//315 1173//1173 1313//1313
f 1162//1162 290//290 1318//1318
f 159//159 1166//1166 1316//1316
f 1171//1171 157//157 1316//1316
f 181//181 1168//1168 1315//1315
f 1163//1163 269//269 1317//1317
f 288//288 1167//1167 1318//1318
f 1174//1174 340//340 1319//1319
f 1131//1131 334//334 1246//1246
f 233//233 1130//1130 1234//1234
f 1087//1087 220//220 1230//1230
f 321//321 1088//1088 1219//1219
f 219//219 1087//1087 1229//1229
f 1088//1088 320//320 1243//1243
f 333//333 1097//1097 1246//1246
f 1098//1098 232//232 1234//1234
f 1092//1092 330//330 1198//1198
f 229//229 1091//1091 1196//1196
f 1074//1074 1095//1095 1232//1232
f 1096//1096 1074//1074 1220//1220
f 1076//1076 1131//1131 1246//1246
f 1130//1130 1076//1076 1234//1234
f 1072//1072 1087//1087 1230//1230
f 1091//1091 230//230 1233//1233
f 1088//1088 1072//1072 1219//1219
f 331//331 1092//1092 1245//1245
f 1097//1097 1076//1076 1246//1246
f 1076//1076 1098//1098 1234//1234
f 1093//1093 203//203 1202//1202
f 304//304 1094//1094 1205//1205
f 208//208 1115//1115 1215//1215
f 1114//1114 309//309 1217//1217
f 231//231 1098//1098 1233//1233
f 235//235 1141//1141 1235//1235
f 1094//1094 303//303 1216//1216
f 1097//1097 332//332 1245//1245
f 202//202 1093//1093 1213//1213
f 1142//1142 336//336 1247//1247
f 1040//1040 1092//1092 1198//1198
f 1091//1091 1040//1040 1196//1196
f 1087//1087 1071//1071 1229//1229
f 1090//1090 1068//1068 1241//1241
f 1071//1071 1088//1088 1243//1243
f 1144//1144 1040//1040 1198//1198
f 1111//1111 207//207 1215//1215
f 1042//1042 1093//1093 1202//1202
f 1094//1094 1042//1042 1205//1205
f 1069//1069 1104//1104 1242//1242
f 1068//1068 1089//1089 1226//1226
f 1130//1130 234//234 1235//1235
f 335//335 1131//1131 1247//1247
f 1099//1099 1069//1069 1227//1227
f 1040//1040 1145//1145 1196//1196
f 308//308 1120//1120 1217//1217
f 1122//1122 211//211 1209//1209
f 1054//1054 1094//1094 1216//1216
f 312//312 1125//1125 1210//1210
f 210//210 1122//1122 1203//1203
f 1093//1093 1054//1054 1213//1213
f 1115//1115 209//209 1203//1203
f 1124//1124 293//293 1241//1241
f 192//192 1123//1123 1226//1226
f 310//310 1114//1114 1204//1204
f 1125//1125 311//311 1204//1204
f 1104//1104 297//297 1242//1242
f 196//196 1099//1099 1227//1227
f 1138//1138 305//305 1205//1205
f 292//292 1090//1090 1241//1241
f 300//300 1143//1143 1218//1218
f 204//204 1137//1137 1202//1202
f 1146//1146 199//199 1228//1228
f 1123//1123 1068//1068 1226//1226
f 1039//1039 1129//1129 1197//1197
f 302//302 1139//1139 1216//1216
f 212//212 1136//1136 1209//1209
f 1127//1127 1039//1039 1195//1195
f 1123//1123 193//193 1200//1200
f 223//223 1127//1127 1195//1195
f 1140//1140 201//201 1213//1213
f 1073//1073 1096//1096 1244//1244
f 1135//1135 313//313 1210//1210
f 1100//1100 274//274 1206//1206
f 1101//1101 174//174 1224//1224
f 1095//1095 226//226 1232//1232
f 1068//1068 1124//1124 1241//1241
f 1089//1089 191//191 1226//1226
f 1129//1129 324//324 1197//1197
f 173//173 1101//1101 1199//1199
f 1095//1095 1073//1073 1231//1231
f 298//298 1104//1104 1208//1208
f 275//275 1100//1100 1239//1239
f 294//294 1124//1124 1207//1207
f 1121//1121 1063//1063 1238//1238
f 1100//1100 1064//1064 1239//1239
f 1064//1064 1101//1101 1224//1224
f 1099//1099 197//197 1201//1201
f 327//327 1096//1096 1220//1220
f 1124//1124 1050//1050 1207//1207
f 1120//1120 307//307 1212//1212
f 1119//1119 1057//1057 1211//1211
f 1110//1110 172//172 1199//1199
f 1137//1137 205//205 1214//1214
f 273//273 1112//1112 1206//1206
f 1101//1101 1046//1046 1199//1199
f 1046//1046 1100//1100 1206//1206
f 1139//1139 301//301 1218//1218
f 1056//1056 1111//1111 1215//1215
f 306//306 1138//1138 1212//1212
f 1134//1134 276//276 1239//1239
f 1107//1107 170//170 1223//1223
f 1112//1112 1046//1046 1206//1206
f 1050//1050 1123//1123 1200//1200
f 200//200 1140//1140 1228//1228
f 1057//1057 1118//1118 1248//1248
f 1057//1057 1132//1132 1211//1211
f 1108//1108 1060//1060 1236//1236
f 1042//1042 1138//1138 1205//1205
f 1109//1109 1061//1061 1222//1222
f 1132//1132 154//154 1211//1211
f 1113//1113 1060//1060 1221//1221
f 171//171 1110//1110 1223//1223
f 1143//1143 299//299 1208//1208
f 271//271 1121//1121 1238//1238
f 1126//1126 1065//1065 1225//1225
f 1118//1118 256//256 1248//1248
f 1046//1046 1110//1110 1199//1199
f 1116//1116 1061//1061 1237//1237
f 198//198 1146//1146 1201//1201
f 177//177 1126//1126 1225//1225
f 262//262 1108//1108 1236//1236
f 264//264 1116//1116 1237//1237
f 1063//1063 1107//1107 1223//1223
f 1064//1064 1134//1134 1239//1239
f 155//155 1119//1119 1211//1211
f 1063//1063 1112//1112 1238//1238
f 1065//1065 1128//1128 1240//1240
f 1110//1110 1063//1063 1223//1223
f 255//255 1102//1102 1248//1248
f 1128//1128 278//278 1240//1240
f 164//164 1109//1109 1222//1222
f 1065//1065 1133//1133 1225//1225
f 162//162 1113//1113 1221//1221
f 1133//1133 176//176 1225//1225
f 1116//1116 263//263 1236//1236
f 1061//1061 1113//1113 1222//1222
f 1103//1103 161//161 1221//1221
f 1113//1113 163//163 1222//1222
f 175//175 1133//1133 1224//1224
f 1060//1060 1103//1103 1221//1221
f 1060//1060 1116//1116 1236//1236
f 1137//1137 1042//1042 1202//1202
f 1056//1056 1114//1114 1217//1217
f 1112//1112 272//272 1238//1238
f 1070//1070 1139//1139 1218//1218
f 277//277 1134//1134 1240//1240
f 1115//1115 1056//1056 1215//1215
f 1117//1117 265//265 1237//1237
f 1102//1102 1057//1057 1248//1248
f 1140//1140 1070//1070 1228//1228
f 206//206 1111//1111 1214//1214
f 1061//1061 1117//1117 1237//1237
f 1133//1133 1064//1064 1224//1224
f 1134//1134 1065//1065 1240//1240
f 1070//1070 1146//1146 1228//1228
f 1143//1143 1070//1070 1218//1218
f 1054//1054 1140//1140 1213//1213
f 1120//1120 1056//1056 1217//1217
f 1139//1139 1054//1054 1216//1216
f 1127//1127 224//224 1231//1231
f 325//325 1129//1129 1244//1244
f 1051//1051 1099//1099 1201//1201
f 1104//1104 1051//1051 1208//1208
f 1122//1122 1043//1043 1203//1203
f 1043//1043 1125//1125 1204//1204
f 1050//1050 1148//1148 1207//1207
f 1052//1052 1122//1122 1209//1209
f 1148//1148 1069//1069 1242//1242
f 1129//1129 1073//1073 1244//1244
f 1147//1147 1050//1050 1200//1200
f 1073//1073 1127//1127 1231//1231
f 1069//1069 1147//1147 1227//1227
f 1096//1096 326//326 1244//1244
f 1125//1125 1052//1052 1210//1210
f 1151//1151 1039//1039 1197//1197
f 225//225 1095//1095 1231//1231
f 1039//1039 1152//1152 1195//1195
f 1136//1136 1052//1052 1209//1209
f 1052//1052 1135//1135 1210//1210
f 1152//1152 222//222 1195//1195
f 323//323 1151//1151 1197//1197
f 1055//1055 1120//1120 1212//1212
f 1075//1075 1091//1091 1233//1233
f 1055//1055 1137//1137 1214//1214
f 1092//1092 1075//1075 1245//1245
f 1145//1145 1074//1074 1232//1232
f 1051//1051 1143//1143 1208//1208
f 1138//1138 1055//1055 1212//1212
f 1146//1146 1051//1051 1201//1201
f 1074//1074 1144//1144 1220//1220
f 1111//1111 1055//1055 1214//1214
f 1043//1043 1115//1115 1203//1203
f 1114//1114 1043//1043 1204//1204
f 1149//1149 218//218 1229//1229
f 329//329 1144//1144 1198//1198
f 319//319 1150//1150 1243//1243
f 1145//1145 228//228 1196//1196
f 221//221 1152//1152 1230//1230
f 1151//1151 322//322 1219//1219
f 1148//1148 295//295 1207//1207
f 194//194 1147//1147 1200//1200
f 1147//1147 195//195 1227//1227
f 296//296 1148//1148 1242//1242
f 1150//1150 1071//1071 1243//1243
f 1071//1071 1149//1149 1229//1229
f 1098//1098 1075//1075 1233//1233
f 1075//1075 1097//1097 1245//1245
f 1072//1072 1151//1151 1219//1219
f 1152//1152 1072//1072 1230//1230
f 1077//1077 1130//1130 1235//1235
f 1131//1131 1077//1077 1247//1247
f 1141//1141 1077//1077 1235//1235
f 1077//1077 1142//1142 1247//1247
f 227//227 1145//1145 1232//1232
f 1144//1144 328//328 1220//1220
f 150//150 151//151 1322//1322
f 1153//1153 241//241 1251//1251
f 342//342 1154//1154 1252//1252
f 1037//1037 1153//1153 1251//1251
f 1154//1154 1037//1037 1252//1252
f 339//339 338//338 1319//1319
f 317//317 316//316 1313//1313
f 183//183 184//184 1314//1314
f 179//179 180//180 1315//1315
f 182//182 183//183 1314//1314
f 268//268 267//267 1317//1317
f 158//158 159//159 1316//1316
f 157//157 158//158 1316//1316
f 180//180 181//181 1315//1315
f 290//290 289//289 1318//1318
f 316//316 315//315 1313//1313
f 269//269 268//268 1317//1317
f 289//289 288//288 1318//1318
f 340//340 339//339 1319//1319
f 245//245 246//246 1175//1175
f 347//347 346//346 1176//1176
f 1161//1161 1085//1085 1319//1319
f 1167//1167 1084//1084 1318//1318
f 1084//1084 1162//1162 1318//1318
f 1165//1165 1082//1082 1317//1317
f 1082//1082 1163//1163 1317//1317
f 1080//1080 1171//1171 1316//1316
f 1166//1166 1080//1080 1316//1316
f 1083//1083 1169//1169 1314//1314
f 1081//1081 1172//1172 1315//1315
f 1164//1164 1083//1083 1314//1314
f 1168//1168 1081//1081 1315//1315
f 1085//1085 1174//1174 1319//1319
f 1079//1079 1170//1170 1313//1313
f 1173//1173 1079//1079 1313//1313
f 152//152 1160//1160 1322//1322
f 1177//1177 345//345 1279//1279
f 248//248 1178//1178 1280//1280
f 1132//1132 1058//1058 1253//1253
f 153//153 1132//1132 1253//1253
f 337//337 1142//1142 1254//1254
f 1142//1142 1078//1078 1254//1254
f 314//314 1135//1135 1264//1264
f 1090//1090 291//291 1256//1256
f 1117//1117 1062//1062 1257//1257
f 1049//1049 1090//1090 1256//1256
f 287//287 1106//1106 1262//1262
f 1119//1119 156//156 1260//1260
f 1103//1103 1044//1044 1255//1255
f 1059//1059 1119//1119 1260//1260
f 1106//1106 1067//1067 1262//1262
f 185//185 1105//1105 1259//1259
f 266//266 1117//1117 1257//1257
f 160//160 1103//1103 1255//1255
f 1121//1121 270//270 1258//1258
f 1045//1045 1121//1121 1258//1258
f 1126//1126 178//178 1261//1261
f 1066//1066 1126//1126 1261//1261
f 1105//1105 1048//1048 1259//1259
f 1038//1038 1150//1150 1263//1263
f 1150//1150 318//318 1263//1263
f 1135//1135 1053//1053 1264//1264
f 1041//1041 1154//1154 1265//1265
f 1154//1154 341//341 1265//1265
f 151//151 152//152 1322//1322
f 1176//1176 1034//1034 1321//1321
f 1035//1035 1175//1175 1320//1320
f 1034//1034 1178//1178 1321//1321
f 1177//1177 1035//1035 1320//1320
f 1035//1035 1157//1157 1250//1250
f 1155//1155 1034//1034 1249//1249
f 345//345 344//344 1279//1279
f 249//249 248//248 1280//1280
f 1058//1058 1102//1102 1282//1282
f 1078//1078 1141//1141 1268//1268
f 1062//1062 1109//1109 1273//1273
f 1044//1044 1108//1108 1274//1274
f 1089//1089 1049//1049 1271//1271
f 1128//1128 1066//1066 1276//1276
f 1067//1067 1105//1105 1275//1275
f 1107//1107 1045//1045 1277//1277
f 1118//1118 1059//1059 1272//1272
f 1149//1149 1038//1038 1270//1270
f 1048//1048 1106//1106 1278//1278
f 1053//1053 1136//1136 1269//1269
f 1153//1153 1041//1041 1281//1281
f 1141//1141 236//236 1268//1268
f 1136//1136 213//213 1269//1269
f 190//190 1089//1089 1271//1271
f 1105//1105 186//186 1275//1275
f 1106//1106 286//286 1278//1278
f 1108//1108 261//261 1274//1274
f 169//169 1107//1107 1277//1277
f 1109//1109 165//165 1273//1273
f 257//257 1118//1118 1272//1272
f 279//279 1128//1128 1276//1276
f 217//217 1149//1149 1270//1270
f 1102//1102 254//254 1282//1282
f 214//214 215//215 1285//1285
f 282//282 281//281 1287//1287
f 259//259 258//258 1290//1290
f 167//167 168//168 1289//1289
f 187//187 188//188 1291//1291
f 284//284 283//283 1288//1288
f 238//238 239//239 1286//1286
f 240//240 1153//1153 1281//1281
f 1181//1181 214//214 1285//1285
f 1183//1183 282//282 1287//1287
f 168//168 1188//1188 1289//1289
f 258//258 1189//1189 1290//1290
f 283//283 1184//1184 1288//1288
f 1191//1191 187//187 1291//1291
f 239//239 1192//1192 1286//1286
f 1158//1158 343//343 1252//1252
f 242//242 1157//1157 1251//1251
f 1036//1036 1155//1155 1266//1266
f 253//253 252//252 1292//1292
f 1194//1194 253//253 1292//1292
f 1037//1037 1158//1158 1252//1252
f 1157//1157 1037//1037 1251//1251
f 1156//1156 1036//1036 1283//1283
f 1155//1155 149//149 1266//1266
f 1160//1160 152//152 1253//1253
f 1159//1159 1036//1036 1266//1266
f 340//340 1174//1174 1265//1265
f 1173//1173 315//315 1264//1264
f 317//317 1170//1170 1263//1263
f 290//290 1162//1162 1256//1256
f 1166//1166 159//159 1255//1255
f 179//179 1172//1172 1261//1261
f 1167//1167 288//288 1262//1262
f 1164//1164 184//184 1259//1259
f 269//269 1163//1163 1258//1258
f 157//157 1171//1171 1260//1260
f 1165//1165 267//267 1257//1257
f 1161//1161 338//338 1254//1254
f 1183//1183 1047//1047 1284//1284
f 1047//1047 1184//1184 1284//1284
f 1047//1047 1168//1168 1267//1267
f 1169//1169 1047//1047 1267//1267
f 1158//1158 1035//1035 1279//1279
f 1034//1034 1156//1156 1280//1280
f 147//147 148//148 1249//1249
f 243//243 244//244 1250//1250
f 1058//1058 1160//1160 1253//1253
f 150//150 1159//1159 1266//1266
f 1078//1078 1161//1161 1254//1254
f 1044//1044 1166//1166 1255//1255
f 1062//1062 1165//1165 1257//1257
f 1067//1067 1167//1167 1262//1262
f 1171//1171 1059//1059 1260//1260
f 1172//1172 1066//1066 1261//1261
f 1163//1163 1045//1045 1258//1258
f 1162//1162 1049//1049 1256//1256
f 1170//1170 1038//1038 1263//1263
f 1048//1048 1164//1164 1259//1259
f 1174//1174 1041//1041 1265//1265
f 1053//1053 1173//1173 1264//1264
f 247//247 1177//1177 1320//1320
f 1178//1178 348//348 1321//1321
f 1168//1168 181//181 1267//1267
f 182//182 1169//1169 1267//1267
f 236//236 237//237 1268//1268
f 189//189 190//190 1271//1271
f 213//213 214//214 1269//1269
f 186//186 187//187 1275//1275
f 286//286 285//285 1278//1278
f 261//261 260//260 1274//1274
f 165//165 166//166 1273//1273
f 168//168 169//169 1277//1277
f 258//258 257//257 1272//1272
f 280//280 279//279 1276//1276
f 216//216 217//217 1270//1270
f 254//254 253//253 1282//1282
f 237//237 1180//1180 1268//1268
f 214//214 1181//1181 1269//1269
f 1190//1190 189//189 1271//1271
f 285//285 1182//1182 1278//1278
f 187//187 1191//1191 1275//1275
f 166//166 1187//1187 1273//1273
f 1188//1188 168//168 1277//1277
f 260//260 1185//1185 1274//1274
f 1179//1179 216//216 1270//1270
f 1189//1189 258//258 1272//1272
f 1186//1186 280//280 1276//1276
f 253//253 1194//1194 1282//1282
f 239//239 240//240 1281//1281
f 147//147 1249//1249 1293//1293
f 1250//1250 244//244 1294//1294
f 1192//1192 239//239 1281//1281
f 250//250 1156//1156 1283//1283
f 1036//1036 1159//1159 1295//1295
f 1177//1177 247//247 1296//1296
f 348//348 1178//1178 1297//1297
f 1175//1175 1035//1035 1250//1250
f 1034//1034 1176//1176 1249//1249
f 1086//1086 1160//1160 1298//1298
f 1161//1161 1078//1078 1299//1299
f 1083//1083 1164//1164 1306//1306
f 1166//1166 1044//1044 1302//1302
f 1082//1082 1165//1165 1301//1301
f 1084//1084 1167//1167 1300//1300
f 1059//1059 1171//1171 1303//1303
f 1169//1169 1083//1083 1308//1308
f 1163//1163 1082//1082 1304//1304
f 1038//1038 1170//1170 1310//1310
f 1168//1168 1047//1047 1309//1309
f 1172//1172 1081//1081 1305//1305
f 1079//1079 1173//1173 1311//1311
f 1162//1162 1084//1084 1307//1307
f 1041//1041 1174//1174 1312//1312
f 315//315 314//314 1264//1264
f 341//341 340//340 1265//1265
f 291//291 290//290 1256//1256
f 184//184 185//185 1259//1259
f 318//318 317//317 1263//1263
f 270//270 269//269 1258//1258
f 178//178 179//179 1261//1261
f 156//156 157//157 1260//1260
f 288//288 287//287 1262//1262
f 159//159 160//160 1255//1255
f 267//267 266//266 1257//1257
f 338//338 337//337 1254//1254
f 152//152 153//153 1253//1253
f 241//241 242//242 1251//1251
f 343//343 342//342 1252//1252
f 1035//1035 1177//1177 1279//1279
f 1178//1178 1034//1034 1280//1280
f 244//244 12//12 1294//1294
f 3//3 147//147 1293//1293
f 1159//1159 1086//1086 1295//1295
f 230//230 231//231 1233//1233
f 332//332 331//331 1245//1245
f 234//234 235//235 1235//1235
f 336//336 335//335 1247//1247
f 207//207 208//208 1215//1215
f 309//309 308//308 1217//1217
f 209//209 210//210 1203//1203
f 299//299 298//298 1208//1208
f 311//311 310//310 1204//1204
f 205//205 206//206 1214//1214
f 307//307 306//306 1212//1212
f 211//211 212//212 1209//1209
f 313//313 312//312 1210//1210
f 228//228 229//229 1196//1196
f 330//330 329//329 1198//1198
f 197//197 198//198 1201//1201
f 218//218 219//219 1229//1229
f 320//320 319//319 1243//1243
f 220//220 221//221 1230//1230
f 322//322 321//321 1219//1219
f 154//154 155//155 1211//1211
f 172//172 173//173 1199//1199
f 274//274 273//273 1206//1206
f 334//334 333//333 1246//1246
f 232//232 233//233 1234//1234
f 222//222 223//223 1195//1195
f 201//201 202//202 1213//1213
f 203//203 204//204 1202//1202
f 305//305 304//304 1205//1205
f 303//303 302//302 1216//1216
f 161//161 162//162 1221//1221
f 324//324 323//323 1197//1197
f 263//263 262//262 1236//1236
f 163//163 164//164 1222//1222
f 265//265 264//264 1237//1237
f 170//170 171//171 1223//1223
f 176//176 177//177 1225//1225
f 272//272 271//271 1238//1238
f 278//278 277//277 1240//1240
f 174//174 175//175 1224//1224
f 276//276 275//275 1239//1239
f 193//193 194//194 1200//1200
f 301//301 300//300 1218//1218
f 199//199 200//200 1228//1228
f 256//256 255//255 1248//1248
f 295//295 294//294 1207//1207
f 326//326 325//325 1244//1244
f 195//195 196//196 1227//1227
f 224//224 225//225 1231//1231
f 297//297 296//296 1242//1242
f 191//191 192//192 1226//1226
f 293//293 292//292 1241//1241
f 328//328 327//327 1220//1220
f 226//226 227//227 1232//1232
f 1160//1160 1058//1058 1298//1298
f 246//246 247//247 1320//1320
f 348//348 347//347 1321//1321
f 1085//1085 1161//1161 1299//1299
f 1165//1165 1062//1062 1301//1301
f 1171//1171 1080//1080 1303//1303
f 1167//1167 1067//1067 1300//1300
f 1080//1080 1166//1166 1302//1302
f 1081//1081 1168//1168 1309//1309
f 1045//1045 1163//1163 1304//1304
f 1049//1049 1162//1162 1307//1307
f 1066//1066 1172//1172 1305//1305
f 1164//1164 1048//1048 1306//1306
f 1047//1047 1169//1169 1308//1308
f 1170//1170 1079//1079 1310//1310
f 1173//1173 1053//1053 1311//1311
f 1174//1174 1085//1085 1312//1312
f 1036//1036 1193//1193 1283//1283
f 149//149 150//150 1266//1266
f 1249//1249 1176//1176 1293//1293
f 1175//1175 1250//1250 1294//1294
f 12//12 245//245 1294//1294
f 346//346 3//3 1293//1293
f 347//347 1176//1176 1321//1321
f 1175//1175 246//246 1320//1320
f 248//248 14//14 1297//1297
f 13//13 345//345 1296//1296
f 181//181 182//182 1267//1267
f 1041//1041 1192//1192 1281//1281
f 1180//1180 1078//1078 1268//1268
f 1038//1038 1179//1179 1270//1270
f 1185//1185 1044//1044 1274//1274
f 1187//1187 1062//1062 1273//1273
f 1191//1191 1067//1067 1275//1275
f 1059//1059 1189//1189 1272//1272
f 1045//1045 1188//1188 1277//1277
f 1066//1066 1186//1186 1276//1276
f 1182//1182 1048//1048 1278//1278
f 1049//1049 1190//1190 1271//1271
f 1181//1181 1053//1053 1269//1269
f 1194//1194 1058//1058 1282//1282
f 251//251 250//250 1283//1283
f 1193//1193 251//251 1283//1283
f 245//245 1175//1175 1294//1294
f 1176//1176 346//346 1293//1293
f 1193//1193 1086//1086 1292//1292
f 1083//1083 1182//1182 1288//1288
f 1190//1190 1084//1084 1291//1291
f 1082//1082 1187//1187 1289//1289
f 1080//1080 1185//1185 1290//1290
f 1179//1179 1079//1079 1285//1285
f 1186//1186 1081//1081 1287//1287
f 1085//1085 1180//1180 1286//1286
f 1178//1178 248//248 1297//1297
f 345//345 1177//1177 1296//1296
f 283//283 282//282 1284//1284
f 282//282 1183//1183 1284//1284
f 1184//1184 283//283 1284//1284
f 1184//1184 1083//1083 1288//1288
f 1084//1084 1191//1191 1291//1291
f 1079//1079 1181//1181 1285//1285
f 1189//1189 1080//1080 1290//1290
f 1188//1188 1082//1082 1289//1289
f 1081//1081 1183//1183 1287//1287
f 1192//1192 1085//1085 1286//1286
f 1079//1079 1179//1179 1310//1310
f 1183//1183 1081//1081 1309//1309
f 1080//1080 1189//1189 1303//1303
f 1062//1062 1187//1187 1301//1301
f 1185//1185 1080//1080 1302//1302
f 1188//1188 1045//1045 1304//1304
f 1186//1186 1066//1066 1305//1305
f 1067//1067 1191//1191 1300//1300
f 1048//1048 1182//1182 1306//1306
f 1184//1184 1047//1047 1308//1308
f 1190//1190 1049//1049 1307//1307
f 1180//1180 1085//1085 1299//1299
f 1053//1053 1181//1181 1311//1311
f 1085//1085 1192//1192 1312//1312
f 1086//1086 1193//1193 1295//1295
f 1086//1086 1194//1194 1292//1292
f 1058//1058 1194//1194 1298//1298
f 1078//1078 1180//1180 1299//1299
f 1191//1191 1084//1084 1300//1300
f 1182//1182 1083//1083 1306//1306
f 1083//1083 1184//1184 1308//1308
f 1044//1044 1185//1185 1302//1302
f 1179//1179 1038//1038 1310//1310
f 1189//1189 1059//1059 1303//1303
f 1084//1084 1190//1190 1307//1307
f 1187//1187 1082//1082 1301//1301
f 1081//1081 1186//1186 1305//1305
f 1082//1082 1188//1188 1304//1304
f 1047//1047 1183//1183 1309//1309
f 1181//1181 1079//1079 1311//1311
f 1192//1192 1041//1041 1312//1312
f 1193//1193 1036//1036 1295//1295
f 1194//1194 1086//1086 1298//1298
f 247//247 13//13 1296//1296
f 14//14 348//348 1297//1297
f 353//353 1324//1324 17//17
f 352//352 1324//1324 356//356
f 1324//1324 352//352 17//17
f 350//350 1323//1323 16//16
f 1323//1323 350//350 354//354
f 1323//1323 349//349 16//16
f 356//356 1324//1324 18//18
f 1324//1324 353//353 18//18
f 1323//1323 354//354 15//15
f 349//349 1323//1323 15//15
f 355//355 354//354 350//350
f 352//352 356//356 351//351
f 350//350 351//351 355//355
f 356//356 355//355 351//351
f 1326//1326 359//359 13//13
f 357//357 1326//1326 13//13
f 359//359 1325//1325 17//17
f 1325//1325 353//353 17//17
f 1326//1326 357//357 19//19
f 1325//1325 359//359 1326//1326
f 358//358 1326//1326 19//19
f 1325//1325 358//358 18//18
f 1325//1325 1326//1326 358//358
f 353//353 1325//1325 18//18
f 361//361 1328//1328 21//21
f 1328//1328 360//360 21//21
f 1327//1327 361//361 16//16
f 349//349 1327//1327 16//16
f 1327//1327 362//362 1328//1328
f 360//360 1328//1328 20//20
f 1328//1328 362//362 20//20
f 362//362 1327//1327 15//15
f 1327//1327 349//349 15//15
f 1327//1327 1328//1328 361//361
f 1329//1329 357//357 13//13
f 1329//1329 247//247 366//366
f 247//247 1329//1329 13//13
f 363//363 1330//1330 12//12
f 245//245 1330//1330 364//364
f 1330//1330 245//245 12//12
f 364//364 1330//1330 22//22
f 1330//1330 363//363 22//22
f 1329//1329 366//366 19//19
f 357//357 1329//1329 19//19
f 245//245 364//364 246//246
f 366//366 247//247 246//246
f 364//364 365//365 246//246
f 365//365 366//366 246//246
f 368//368 1332//1332 24//24
f 1332//1332 368//368 371//371
f 1332//1332 367//367 24//24
f 1331//1331 370//370 21//21
f 370//370 1331//1331 373//373
f 360//360 1331//1331 21//21
f 1332//1332 371//371 23//23
f 367//367 1332//1332 23//23
f 373//373 1331//1331 20//20
f 1331//1331 360//360 20//20
f 372//372 371//371 368//368
f 369//369 370//370 373//373
f 368//368 369//369 372//372
f 373//373 372//372 369//369
f 374//374 1334//1334 11//11
f 1334//1334 146//146 11//11
f 1333//1333 363//363 12//12
f 146//146 1333//1333 12//12
f 375//375 1333//1333 1334//1334
f 1334//1334 374//374 25//25
f 375//375 1334//1334 25//25
f 1333//1333 375//375 22//22
f 363//363 1333//1333 22//22
f 1334//1334 1333//1333 146//146
f 377//377 1336//1336 27//27
f 1336//1336 376//376 27//27
f 1335//1335 377//377 24//24
f 367//367 1335//1335 24//24
f 1335//1335 378//378 1336//1336
f 376//376 1336//1336 26//26
f 1336//1336 378//378 26//26
f 378//378 1335//1335 23//23
f 1335//1335 367//367 23//23
f 1335//1335 1336//1336 377//377
f 1338//1338 379//379 27//27
f 379//379 1338//1338 382//382
f 376//376 1338//1338 27//27
f 381//381 1337//1337 11//11
f 1337//1337 381//381 384//384
f 1337//1337 374//374 11//11
f 382//382 1338//1338 26//26
f 1338//1338 376//376 26//26
f 1337//1337 384//384 25//25
f 374//374 1337//1337 25//25
f 380//380 379//379 382//382
f 381//381 380//380 384//384
f 382//382 383//383 380//380
f 383//383 384//384 380//380
f 389//389 1340//1340 30//30
f 388//388 1340//1340 392//392
f 1340//1340 388//388 30//30
f 386//386 1339//1339 29//29
f 1339//1339 386//386 390//390
f 1339//1339 385//385 29//29
f 392//392 1340//1340 31//31
f 1340//1340 389//389 31//31
f 1339//1339 390//390 28//28
f 385//385 1339//1339 28//28
f 388//388 392//392 387//387
f 391//391 390//390 386//386
f 392//392 391//391 387//387
f 386//386 387//387 391//391
f 394//394 1342//1342 14//14
f 1342//1342 393//393 14//14
f 1341//1341 394//394 31//31
f 389//389 1341//1341 31//31
f 1342//1342 395//395 32//32
f 1341//1341 395//395 1342//1342
f 393//393 1342//1342 32//32
f 395//395 1341//1341 30//30
f 1341//1341 1342//1342 394//394
f 1341//1341 389//389 30//30
f 397//397 1344//1344 28//28
f 1344//1344 385//385 28//28
f 1343//1343 397//397 8//8
f 41//41 1343//1343 8//8
f 1344//1344 396//396 29//29
f 397//397 1343//1343 1344//1344
f 385//385 1344//1344 29//29
f 396//396 1343//1343 7//7
f 1344//1344 1343//1343 396//396
f 1343//1343 41//41 7//7
f 393//393 1346//1346 14//14
f 348//348 1346//1346 400//400
f 1346//1346 348//348 14//14
f 346//346 1345//1345 3//3
f 1345//1345 346//346 398//398
f 1345//1345 35//35 3//3
f 400//400 1346//1346 32//32
f 1346//1346 393//393 32//32
f 1345//1345 398//398 4//4
f 35//35 1345//1345 4//4
f 348//348 400//400 347//347
f 346//346 347//347 398//398
f 399//399 398//398 347//347
f 400//400 399//399 347//347
f 1348//1348 401//401 10//10
f 401//401 1348//1348 404//404
f 45//45 1348//1348 10//10
f 403//403 1347//1347 1//1
f 1347//1347 403//403 406//406
f 1347//1347 33//33 1//1
f 404//404 1348//1348 9//9
f 1348//1348 45//45 9//9
f 1347//1347 406//406 2//2
f 33//33 1347//1347 2//2
f 405//405 406//406 403//403
f 404//404 405//405 401//401
f 403//403 402//402 405//405
f 402//402 401//401 405//405
f 1354//1354 1349//1349 1377//1377
f 1349//1349 1355//1355 1377//1377
f 1356//1356 1349//1349 1362//1362
f 1355//1355 1349//1349 1363//1363
f 1357//1357 1349//1349 1364//1364
f 1349//1349 1357//1357 1363//1363
f 1349//1349 1356//1356 1364//1364
f 1349//1349 1354//1354 1362//1362
f 372//372 1356//1356 1365//1365
f 1354//1354 383//383 1366//1366
f 383//383 1354//1354 1379//1379
f 1355//1355 365//365 1380//1380
f 1357//1357 355//355 1378//1378
f 1356//1356 372//372 1381//1381
f 355//355 1357//1357 1367//1367
f 365//365 1355//1355 1368//1368
f 1356//1356 1362//1362 1365//1365
f 1368//1368 1351//1351 1370//1370
f 1367//1367 1353//1353 1376//1376
f 1350//1350 1366//1366 1371//1371
f 1365//1365 1350//1350 1373//1373
f 354//354 1367//1367 1376//1376
f 366//366 1368//1368 1370//1370
f 1366//1366 382//382 1371//1371
f 371//371 1365//1365 1373//1373
f 1362//1362 1350//1350 1365//1365
f 1350//1350 1362//1362 1366//1366
f 371//371 372//372 1365//1365
f 1351//1351 1363//1363 1378//1378
f 1363//1363 1357//1357 1378//1378
f 1353//1353 1364//1364 1381//1381
f 1364//1364 1356//1356 1381//1381
f 1362//1362 1354//1354 1366//1366
f 365//365 364//364 1380//1380
f 384//384 383//383 1379//1379
f 372//372 373//373 1381//1381
f 355//355 356//356 1378//1378
f 383//383 382//382 1366//1366
f 1363//1363 1351//1351 1368//1368
f 1364//1364 1353//1353 1367//1367
f 1355//1355 1363//1363 1368//1368
f 1357//1357 1364//1364 1367//1367
f 26//26 378//378 1361//1361
f 358//358 19//19 1359//1359
f 362//362 15//15 1360//1360
f 22//22 375//375 1358//1358
f 20//20 362//362 1360//1360
f 378//378 23//23 1361//1361
f 18//18 358//358 1359//1359
f 375//375 25//25 1358//1358
f 354//354 355//355 1367//1367
f 366//366 365//365 1368//1368
f 1374//1374 1351//1351 1378//1378
f 1352//1352 1372//1372 1379//1379
f 1375//1375 1352//1352 1380//1380
f 1369//1369 1353//1353 1381//1381
f 1350//1350 1361//1361 1373//1373
f 1361//1361 1350//1350 1371//1371
f 1351//1351 1359//1359 1370//1370
f 1353//1353 1360//1360 1376//1376
f 1359//1359 1351//1351 1374//1374
f 1360//1360 1353//1353 1369//1369
f 1352//1352 1358//1358 1372//1372
f 1358//1358 1352//1352 1375//1375
f 26//26 1361//1361 1371//1371
f 1361//1361 23//23 1373//1373
f 20//20 1360//1360 1369//1369
f 1359//1359 19//19 1370//1370
f 22//22 1358//1358 1375//1375
f 1358//1358 25//25 1372//1372
f 18//18 1359//1359 1374//1374
f 1360//1360 15//15 1376//1376
f 356//356 1374//1374 1378//1378
f 1372//1372 384//384 1379//1379
f 373//373 1369//1369 1381//1381
f 364//364 1375//1375 1380//1380
f 1352//1352 1377//1377 1380//1380
f 1377//1377 1355//1355 1380//1380
f 1354//1354 1377//1377 1379//1379
f 1377//1377 1352//1352 1379//1379
f 15//15 354//354 1376//1376
f 356//356 18//18 1374//1374
f 19//19 366//366 1370//1370
f 373//373 20//20 1369//1369
f 364//364 22//22 1375//1375
f 23//23 371//371 1373//1373
f 25//25 384//384 1372//1372
f 382//382 26//26 1371//1371
f 1382//1382 1409//1409 1389//1389
f 1390//1390 1409//1409 1382//1382
f 1410//1410 1414//1414 1385//1385
f 1385//1385 1413//1413 1410//1410
f 1389//1389 1396//1396 1382//1382
f 1382//1382 1395//1395 1390//1390
f 1410//1410 1413//1413 1387//1387
f 1388//1388 1414//1414 1410//1410
f 1390//1390 1397//1397 39//39
f 402//402 1398//1398 1389//1389
f 387//387 1400//1400 1387//1387
f 1388//1388 1399//1399 399//399
f 1389//1389 1411//1411 402//402
f 399//399 1414//1414 1388//1388
f 1387//1387 1413//1413 387//387
f 39//39 1412//1412 1390//1390
f 1396//1396 1410//1410 1382//1382
f 1382//1382 1410//1410 1395//1395
f 1395//1395 1410//1410 1387//1387
f 1388//1388 1410//1410 1396//1396
f 1389//1389 1398//1398 1396//1396
f 1395//1395 1397//1397 1390//1390
f 1384//1384 1401//1401 1399//1399
f 1400//1400 1407//1407 1386//1386
f 1386//1386 1408//1408 1397//1397
f 1398//1398 1404//1404 1384//1384
f 386//386 1407//1407 1400//1400
f 1399//1399 1401//1401 398//398
f 1397//1397 1408//1408 40//40
f 403//403 1404//1404 1398//1398
f 1396//1396 1398//1398 1384//1384
f 1386//1386 1397//1397 1395//1395
f 1384//1384 1399//1399 1396//1396
f 1395//1395 1400//1400 1386//1386
f 403//403 1398//1398 402//402
f 39//39 1397//1397 40//40
f 1396//1396 1399//1399 1388//1388
f 1387//1387 1400//1400 1395//1395
f 400//400 1414//1414 399//399
f 387//387 1413//1413 388//388
f 402//402 1411//1411 401//401
f 38//38 1412//1412 39//39
f 386//386 1400//1400 387//387
f 399//399 1399//1399 398//398
f 396//396 1393//1393 29//29
f 7//7 1393//1393 396//396
f 10//10 1394//1394 46//46
f 46//46 1394//1394 6//6
f 4//4 1391//1391 36//36
f 395//395 1392//1392 32//32
f 30//30 1392//1392 395//395
f 36//36 1391//1391 1//1
f 1383//1383 1412//1412 1405//1405
f 1406//1406 1413//1413 1385//1385
f 1403//1403 1411//1411 1383//1383
f 1385//1385 1414//1414 1402//1402
f 1383//1383 1405//1405 1394//1394
f 1394//1394 1403//1403 1383//1383
f 1391//1391 1401//1401 1384//1384
f 1384//1384 1404//1404 1391//1391
f 1393//1393 1408//1408 1386//1386
f 1392//1392 1406//1406 1385//1385
f 1385//1385 1402//1402 1392//1392
f 1386//1386 1407//1407 1393//1393
f 4//4 1401//1401 1391//1391
f 10//10 1403//1403 1394//1394
f 1393//1393 1407//1407 29//29
f 1394//1394 1405//1405 6//6
f 1392//1392 1402//1402 32//32
f 1391//1391 1404//1404 1//1
f 30//30 1406//1406 1392//1392
f 7//7 1408//1408 1393//1393
f 1405//1405 1412//1412 38//38
f 388//388 1413//1413 1406//1406
f 401//401 1411//1411 1403//1403
f 1402//1402 1414//1414 400//400
f 1383//1383 1411//1411 1409//1409
f 1409//1409 1411//1411 1389//1389
f 1409//1409 1412//1412 1383//1383
f 1390//1390 1412//1412 1409//1409
f 1//1 1404//1404 403//403
f 398//398 1401//1401 4//4
f 6//6 1405//1405 38//38
f 40//40 1408//1408 7//7
f 401//401 1403//1403 10//10
f 29//29 1407//1407 386//386
f 388//388 1406//1406 30//30
f 32//32 1402//1402 400//400
f 1418//1418 1537//1537 1538//1538
f 1539//1539 1417//1417 1540//1540
f 1419//1419 1529//1529 1530//1530
f 1529//1529 1457//1457 1530//1530
f 1450//1450 1533//1533 1534//1534
f 1515//1515 1424//1424 1516//1516
f 1421//1421 1535//1535 1536//1536
f 1524//1524 1445//1445 1525//1525
f 1517//1517 1421//1421 1518//1518
f 1478//1478 1457//1457 1479//1479
f 1456//1456 1478//1478 1479//1479
f 1449//1449 1531//1531 1532//1532
f 1438//1438 1486//1486 1501//1501
f 1441//1441 1508//1508 1510//1510
f 1430//1430 1484//1484 1494//1494
f 1431//1431 1473//1473 1474//1474
f 1531//1531 1432//1432 1532//1532
f 1473//1473 1448//1448 1474//1474
f 1443//1443 1498//1498 1499//1499
f 1533//1533 1420//1420 1534//1534
f 1488//1488 1460//1460 1503//1503
f 1446//1446 1524//1524 1525//1525
f 1454//1454 1507//1507 1509//1509
f 1507//1507 1442//1442 1509//1509
f 1493//1493 1426//1426 1500//1500
f 1486//1486 1439//1439 1501//1501
f 1508//1508 1442//1442 1510//1510
f 1485//1485 1454//1454 1489//1489
f 1498//1498 1427//1427 1499//1499
f 1427//1427 1485//1485 1489//1489
f 1487//1487 1440//1440 1502//1502
f 1460//1460 1493//1493 1500//1500
f 1439//1439 1487//1487 1502//1502
f 1440//1440 1488//1488 1503//1503
f 1490//1490 1445//1445 1491//1491
f 1495//1495 1428//1428 1505//1505
f 1484//1484 1447//1447 1494//1494
f 1444//1444 1490//1490 1491//1491
f 1504//1504 1437//1437 1511//1511
f 1429//1429 1482//1482 1483//1483
f 1475//1475 1435//1435 1476//1476
f 1443//1443 1495//1495 1505//1505
f 1425//1425 1515//1515 1516//1516
f 1456//1456 1517//1517 1518//1518
f 1519//1519 1455//1455 1526//1526
f 1435//1435 1519//1519 1526//1526
f 1482//1482 1446//1446 1483//1483
f 1535//1535 1451//1451 1536//1536
f 1423//1423 1475//1475 1476//1476
f 1455//1455 1527//1527 1528//1528
f 1506//1506 1448//1448 1513//1513
f 1522//1522 1423//1423 1523//1523
f 1477//1477 1449//1449 1492//1492
f 1434//1434 1520//1520 1521//1521
f 1436//1436 1504//1504 1511//1511
f 1436//1436 1522//1522 1523//1523
f 1433//1433 1477//1477 1492//1492
f 1471//1471 1419//1419 1472//1472
f 1520//1520 1425//1425 1521//1521
f 1527//1527 1433//1433 1528//1528
f 1424//1424 1496//1496 1497//1497
f 1452//1452 1480//1480 1481//1481
f 1496//1496 1437//1437 1497//1497
f 1469//1469 1450//1450 1470//1470
f 1432//1432 1506//1506 1513//1513
f 1512//1512 1452//1452 1514//1514
f 1458//1458 1471//1471 1472//1472
f 1451//1451 1469//1469 1470//1470
f 1422//1422 1467//1467 1468//1468
f 1480//1480 1458//1458 1481//1481
f 1467//1467 1453//1453 1468//1468
f 1459//1459 1512//1512 1514//1514
f 1537//1537 1422//1422 1538//1538
f 1438//1438 1539//1539 1540//1540
f 1415//1415 1541//1541 1542//1542
f 1416//1416 1543//1543 1544//1544
f 1541//1541 1417//1417 1542//1542
f 1543//1543 1418//1418 1544//1544
f 140//140 139//139 1467//1467
f 498//498 499//499 1468//1468
f 493//493 494//494 1514//1514
f 135//135 134//134 1512//1512
f 121//121 120//120 1469//1469
f 479//479 480//480 1470//1470
f 491//491 492//492 1481//1481
f 133//133 132//132 1480//1480
f 131//131 130//130 1471//1471
f 489//489 490//490 1472//1472
f 452//452 453//453 1513//1513
f 94//94 93//93 1506//1506
f 110//110 109//109 1496//1496
f 104//104 103//103 1475//1475
f 468//468 469//469 1497//1497
f 98//98 97//97 1477//1477
f 462//462 463//463 1476//1476
f 456//456 457//457 1492//1492
f 114//114 113//113 1520//1520
f 472//472 473//473 1521//1521
f 464//464 465//465 1523//1523
f 106//106 105//105 1522//1522
f 458//458 459//459 1528//1528
f 100//100 99//99 1527//1527
f 108//108 107//107 1511//1511
f 82//82 81//81 1482//1482
f 440//440 441//441 1483//1483
f 466//466 467//467 1504//1504
f 460//460 461//461 1526//1526
f 102//102 101//101 1519//1519
f 92//92 91//91 1474//1474
f 450//450 451//451 1473//1473
f 73//73 72//72 1505//1505
f 431//431 432//432 1495//1495
f 483//483 484//484 1518//1518
f 78//78 77//77 1491//1491
f 436//436 437//437 1490//1490
f 125//125 124//124 1517//1517
f 485//485 486//486 1478//1478
f 56//56 55//55 1502//1502
f 54//54 53//53 1501//1501
f 418//418 419//419 1493//1493
f 87//87 86//86 1494//1494
f 58//58 57//57 1503//1503
f 445//445 446//446 1484//1484
f 412//412 413//413 1486//1486
f 127//127 126//126 1479//1479
f 416//416 417//417 1488//1488
f 414//414 415//415 1487//1487
f 69//69 68//68 1485//1485
f 112//112 111//111 1515//1515
f 470//470 471//471 1516//1516
f 427//427 428//428 1489//1489
f 67//67 66//66 1507//1507
f 71//71 70//70 1498//1498
f 429//429 430//430 1499//1499
f 60//60 59//59 1500//1500
f 425//425 426//426 1509//1509
f 65//65 64//64 1510//1510
f 423//423 424//424 1508//1508
f 80//80 79//79 1524//1524
f 438//438 439//439 1525//1525
f 123//123 122//122 1535//1535
f 481//481 482//482 1536//1536
f 96//96 95//95 1531//1531
f 454//454 455//455 1532//1532
f 119//119 118//118 1533//1533
f 477//477 478//478 1534//1534
f 487//487 488//488 1530//1530
f 129//129 128//128 1529//1529
f 410//410 411//411 1540//1540
f 52//52 51//51 1539//1539
f 500//500 501//501 1538//1538
f 142//142 141//141 1537//1537
f 117//117 116//116 1561//1561
f 448//448 449//449 1568//1568
f 62//62 61//61 1563//1563
f 434//434 435//435 1570//1570
f 443//443 444//444 1566//1566
f 137//137 136//136 1571//1571
f 408//408 409//409 1541//1541
f 50//50 49//49 1542//1542
f 144//144 143//143 1543//1543
f 502//502 503//503 1544//1544
f 1561//1561 116//116 1665//1665
f 62//62 1563//1563 1668//1668
f 448//448 1568//1568 1669//1669
f 434//434 1570//1570 1667//1667
f 443//443 1566//1566 1670//1670
f 137//137 1571//1571 1666//1666
f 408//408 1541//1541 1633//1633
f 1544//1544 503//503 1634//1634
f 1542//1542 49//49 1663//1663
f 144//144 1543//1543 1664//1664
f 476//476 1553//1553 1687//1687
f 1556//1556 495//495 1692//1692
f 1548//1548 90//90 1689//1689
f 1545//1545 85//85 1691//1691
f 1555//1555 474//474 1687//1687
f 1547//1547 420//420 1688//1688
f 1551//1551 76//76 1690//1690
f 74//74 1549//1549 1690//1690
f 422//422 1552//1552 1688//1688
f 83//83 1546//1546 1691//1691
f 88//88 1550//1550 1689//1689
f 497//497 1554//1554 1692//1692
f 1468//1468 499//499 1586//1586
f 140//140 1467//1467 1585//1585
f 493//493 1514//1514 1628//1628
f 1512//1512 134//134 1601//1601
f 1469//1469 120//120 1609//1609
f 479//479 1470//1470 1621//1621
f 1422//1422 1468//1468 1586//1586
f 1467//1467 1422//1422 1585//1585
f 133//133 1480//1480 1601//1601
f 1470//1470 1450//1450 1621//1621
f 1450//1450 1469//1469 1609//1609
f 1481//1481 492//492 1628//1628
f 121//121 1469//1469 1610//1610
f 1470//1470 480//480 1622//1622
f 1471//1471 130//130 1574//1574
f 489//489 1472//1472 1576//1576
f 1514//1514 1452//1452 1628//1628
f 1452//1452 1512//1512 1601//1601
f 1480//1480 1452//1452 1601//1601
f 131//131 1471//1471 1612//1612
f 1472//1472 490//490 1625//1625
f 1452//1452 1481//1481 1628//1628
f 462//462 1476//1476 1598//1598
f 1475//1475 103//103 1596//1596
f 452//452 1513//1513 1618//1618
f 1506//1506 93//93 1607//1607
f 1419//1419 1471//1471 1574//1574
f 1435//1435 1475//1475 1596//1596
f 1472//1472 1419//1419 1576//1576
f 1480//1480 132//132 1612//1612
f 491//491 1481//1481 1625//1625
f 1476//1476 463//463 1577//1577
f 104//104 1475//1475 1579//1579
f 1492//1492 457//457 1595//1595
f 1477//1477 97//97 1608//1608
f 1479//1479 1457//1457 1611//1611
f 1476//1476 1435//1435 1598//1598
f 1504//1504 467//467 1600//1600
f 1474//1474 1448//1448 1607//1607
f 110//110 1496//1496 1580//1580
f 1478//1478 1456//1456 1623//1623
f 1424//1424 1515//1515 1580//1580
f 1457//1457 1478//1478 1624//1624
f 98//98 1477//1477 1578//1578
f 1516//1516 1424//1424 1581//1581
f 1497//1497 469//469 1581//1581
f 1456//1456 1479//1479 1627//1627
f 468//468 1497//1497 1600//1600
f 1529//1529 1419//1419 1574//1574
f 1448//1448 1506//1506 1607//1607
f 1448//1448 1473//1473 1618//1618
f 1513//1513 1448//1448 1618//1618
f 1419//1419 1530//1530 1576//1576
f 1496//1496 109//109 1590//1590
f 108//108 1511//1511 1590//1590
f 456//456 1492//1492 1619//1619
f 1518//1518 1421//1421 1575//1575
f 485//485 1478//1478 1623//1623
f 1451//1451 1470//1470 1622//1622
f 1421//1421 1517//1517 1573//1573
f 1469//1469 1451//1451 1610//1610
f 1515//1515 111//111 1580//1580
f 483//483 1518//1518 1575//1575
f 1526//1526 461//461 1598//1598
f 92//92 1474//1474 1607//1607
f 464//464 1523//1523 1577//1577
f 1513//1513 453//453 1583//1583
f 100//100 1527//1527 1626//1626
f 1517//1517 124//124 1573//1573
f 94//94 1506//1506 1594//1594
f 470//470 1516//1516 1581//1581
f 1528//1528 459//459 1620//1620
f 1473//1473 451//451 1618//1618
f 1449//1449 1477//1477 1608//1608
f 1522//1522 105//105 1579//1579
f 1520//1520 113//113 1584//1584
f 1423//1423 1476//1476 1577//1577
f 1479//1479 126//126 1627//1627
f 1478//1478 486//486 1624//1624
f 1491//1491 1445//1445 1605//1605
f 127//127 1479//1479 1611//1611
f 102//102 1519//1519 1596//1596
f 472//472 1521//1521 1587//1587
f 106//106 1522//1522 1597//1597
f 1445//1445 1490//1490 1616//1616
f 78//78 1491//1491 1605//1605
f 1523//1523 465//465 1599//1599
f 1511//1511 107//107 1597//1597
f 440//440 1483//1483 1617//1617
f 1482//1482 81//81 1606//1606
f 1493//1493 1460//1460 1632//1632
f 1490//1490 437//437 1616//1616
f 1509//1509 1442//1442 1613//1613
f 1503//1503 1460//1460 1589//1589
f 1475//1475 1423//1423 1579//1579
f 1486//1486 1438//1438 1629//1629
f 1501//1501 1439//1439 1593//1593
f 1437//1437 1504//1504 1600//1600
f 1489//1489 1454//1454 1614//1614
f 1500//1500 59//59 1589//1589
f 1496//1496 1424//1424 1580//1580
f 1485//1485 68//68 1603//1603
f 427//427 1489//1489 1614//1614
f 431//431 1495//1495 1615//1615
f 69//69 1485//1485 1582//1582
f 1485//1485 1427//1427 1582//1582
f 1527//1527 99//99 1578//1578
f 1510//1510 1442//1442 1602//1602
f 1445//1445 1524//1524 1605//1605
f 1439//1439 1486//1486 1630//1630
f 1519//1519 101//101 1626//1626
f 1440//1440 1503//1503 1588//1588
f 460//460 1526//1526 1620//1620
f 1501//1501 53//53 1592//1592
f 1502//1502 55//55 1593//1593
f 1503//1503 57//57 1588//1588
f 458//458 1528//1528 1595//1595
f 58//58 1503//1503 1589//1589
f 1424//1424 1497//1497 1581//1581
f 56//56 1502//1502 1588//1588
f 1427//1427 1489//1489 1591//1591
f 1460//1460 1488//1488 1632//1632
f 1507//1507 1454//1454 1603//1603
f 418//418 1493//1493 1632//1632
f 67//67 1507//1507 1603//1603
f 1489//1489 428//428 1591//1591
f 1527//1527 1455//1455 1626//1626
f 1505//1505 72//72 1604//1604
f 1435//1435 1526//1526 1598//1598
f 1499//1499 430//430 1615//1615
f 1533//1533 1450//1450 1609//1609
f 71//71 1498//1498 1604//1604
f 425//425 1509//1509 1613//1613
f 1525//1525 1445//1445 1616//1616
f 1507//1507 66//66 1602//1602
f 54//54 1501//1501 1593//1593
f 1498//1498 1443//1443 1604//1604
f 1443//1443 1499//1499 1615//1615
f 1454//1454 1485//1485 1603//1603
f 1442//1442 1507//1507 1602//1602
f 1450//1450 1534//1534 1621//1621
f 412//412 1486//1486 1629//1629
f 65//65 1510//1510 1602//1602
f 1498//1498 70//70 1582//1582
f 414//414 1487//1487 1630//1630
f 416//416 1488//1488 1631//1631
f 429//429 1499//1499 1591//1591
f 1487//1487 1439//1439 1630//1630
f 1509//1509 426//426 1614//1614
f 1488//1488 1440//1440 1631//1631
f 1508//1508 424//424 1613//1613
f 466//466 1504//1504 1599//1599
f 1502//1502 1440//1440 1588//1588
f 1526//1526 1455//1455 1620//1620
f 1433//1433 1492//1492 1595//1595
f 1442//1442 1508//1508 1613//1613
f 1455//1455 1519//1519 1626//1626
f 1440//1440 1487//1487 1631//1631
f 1454//1454 1509//1509 1614//1614
f 1499//1499 1427//1427 1591//1591
f 1439//1439 1502//1502 1593//1593
f 1438//1438 1501//1501 1592//1592
f 1486//1486 413//413 1630//1630
f 1483//1483 1446//1446 1617//1617
f 1524//1524 79//79 1605//1605
f 1446//1446 1482//1482 1606//1606
f 1460//1460 1500//1500 1589//1589
f 1495//1495 1443//1443 1615//1615
f 1488//1488 417//417 1632//1632
f 1427//1427 1498//1498 1582//1582
f 1492//1492 1449//1449 1619//1619
f 1519//1519 1435//1435 1596//1596
f 1487//1487 415//415 1631//1631
f 1455//1455 1528//1528 1620//1620
f 1443//1443 1505//1505 1604//1604
f 1516//1516 471//471 1587//1587
f 438//438 1525//1525 1616//1616
f 1421//1421 1536//1536 1575//1575
f 125//125 1517//1517 1627//1627
f 1511//1511 1437//1437 1590//1590
f 112//112 1515//1515 1584//1584
f 1525//1525 439//439 1617//1617
f 1523//1523 1423//1423 1577//1577
f 1518//1518 484//484 1623//1623
f 80//80 1524//1524 1606//1606
f 1524//1524 1446//1446 1606//1606
f 1446//1446 1525//1525 1617//1617
f 1423//1423 1522//1522 1579//1579
f 1517//1517 1456//1456 1627//1627
f 1535//1535 1421//1421 1573//1573
f 1456//1456 1518//1518 1623//1623
f 1477//1477 1433//1433 1578//1578
f 1436//1436 1511//1511 1597//1597
f 1536//1536 482//482 1575//1575
f 1497//1497 1437//1437 1600//1600
f 1425//1425 1520//1520 1584//1584
f 123//123 1535//1535 1573//1573
f 1522//1522 1436//1436 1597//1597
f 1521//1521 1425//1425 1587//1587
f 1506//1506 1432//1432 1594//1594
f 1437//1437 1496//1496 1590//1590
f 1436//1436 1523//1523 1599//1599
f 1531//1531 95//95 1594//1594
f 1458//1458 1472//1472 1625//1625
f 1531//1531 1449//1449 1608//1608
f 454//454 1532//1532 1583//1583
f 1530//1530 488//488 1576//1576
f 129//129 1529//1529 1574//1574
f 1471//1471 1458//1458 1612//1612
f 1534//1534 478//478 1621//1621
f 1449//1449 1532//1532 1619//1619
f 119//119 1533//1533 1609//1609
f 96//96 1531//1531 1608//1608
f 1432//1432 1513//1513 1583//1583
f 1425//1425 1516//1516 1587//1587
f 1433//1433 1527//1527 1578//1578
f 1515//1515 1425//1425 1584//1584
f 1532//1532 455//455 1619//1619
f 1532//1532 1432//1432 1583//1583
f 1528//1528 1433//1433 1595//1595
f 1504//1504 1436//1436 1599//1599
f 1432//1432 1531//1531 1594//1594
f 1535//1535 122//122 1610//1610
f 481//481 1536//1536 1622//1622
f 1457//1457 1529//1529 1611//1611
f 1530//1530 1457//1457 1624//1624
f 1481//1481 1458//1458 1625//1625
f 1458//1458 1480//1480 1612//1612
f 1536//1536 1451//1451 1622//1622
f 1451//1451 1535//1535 1610//1610
f 487//487 1530//1530 1624//1624
f 1529//1529 128//128 1611//1611
f 142//142 1537//1537 1635//1635
f 1538//1538 501//501 1636//1636
f 1539//1539 51//51 1637//1637
f 410//410 1540//1540 1638//1638
f 1537//1537 1418//1418 1635//1635
f 1418//1418 1538//1538 1636//1636
f 1417//1417 1539//1539 1637//1637
f 1540//1540 1417//1417 1638//1638
f 495//495 496//496 1692//1692
f 475//475 476//476 1687//1687
f 90//90 89//89 1689//1689
f 85//85 84//84 1691//1691
f 76//76 75//75 1690//1690
f 420//420 421//421 1688//1688
f 75//75 74//74 1690//1690
f 474//474 475//475 1687//1687
f 421//421 422//422 1688//1688
f 84//84 83//83 1691//1691
f 89//89 88//88 1689//1689
f 496//496 497//497 1692//1692
f 379//379 380//380 1557//1557
f 405//405 404//404 1558//1558
f 52//52 1539//1539 1592//1592
f 1540//1540 411//411 1629//1629
f 1438//1438 1540//1540 1629//1629
f 1539//1539 1438//1438 1592//1592
f 1422//1422 1537//1537 1585//1585
f 1538//1538 1422//1422 1586//1586
f 500//500 1538//1538 1586//1586
f 1537//1537 141//141 1585//1585
f 1466//1466 1556//1556 1692//1692
f 1463//1463 1545//1545 1691//1691
f 1546//1546 1463//1463 1691//1691
f 1465//1465 1548//1548 1689//1689
f 1552//1552 1462//1462 1688//1688
f 1462//1462 1547//1547 1688//1688
f 1550//1550 1465//1465 1689//1689
f 1549//1549 1464//1464 1690//1690
f 1464//1464 1551//1551 1690//1690
f 1554//1554 1466//1466 1692//1692
f 1553//1553 1461//1461 1687//1687
f 1461//1461 1555//1555 1687//1687
f 48//48 1560//1560 1663//1663
f 1559//1559 145//145 1664//1664
f 498//498 1468//1468 1647//1647
f 82//82 1482//1482 1641//1641
f 1482//1482 1429//1429 1641//1641
f 1474//1474 91//91 1640//1640
f 73//73 1505//1505 1643//1643
f 1430//1430 1494//1494 1639//1639
f 1505//1505 1428//1428 1643//1643
f 1494//1494 86//86 1639//1639
f 1431//1431 1474//1474 1640//1640
f 1508//1508 1441//1441 1645//1645
f 1494//1494 1447//1447 1646//1646
f 1491//1491 77//77 1644//1644
f 87//87 1494//1494 1646//1646
f 1493//1493 419//419 1642//1642
f 423//423 1508//1508 1645//1645
f 1426//1426 1493//1493 1642//1642
f 1521//1521 473//473 1650//1650
f 1444//1444 1491//1491 1644//1644
f 1468//1468 1453//1453 1647//1647
f 1434//1434 1521//1521 1650//1650
f 477//477 1534//1534 1649//1649
f 1534//1534 1420//1420 1649//1649
f 1514//1514 494//494 1648//1648
f 1459//1459 1514//1514 1648//1648
f 1416//1416 1557//1557 1693//1693
f 1558//1558 1415//1415 1694//1694
f 1415//1415 1560//1560 1694//1694
f 1559//1559 1416//1416 1693//1693
f 1541//1541 1415//1415 1633//1633
f 1416//1416 1544//1544 1634//1634
f 49//49 48//48 1663//1663
f 145//145 144//144 1664//1664
f 1453//1453 1467//1467 1660//1660
f 1429//1429 1483//1483 1652//1652
f 1473//1473 1431//1431 1651//1651
f 1484//1484 1430//1430 1653//1653
f 1428//1428 1495//1495 1654//1654
f 1441//1441 1510//1510 1656//1656
f 1447//1447 1484//1484 1658//1658
f 1490//1490 1444//1444 1657//1657
f 1500//1500 1426//1426 1655//1655
f 1520//1520 1434//1434 1659//1659
f 1420//1420 1533//1533 1661//1661
f 1512//1512 1459//1459 1662//1662
f 1467//1467 139//139 1660//1660
f 114//114 1520//1520 1659//1659
f 1483//1483 441//441 1652//1652
f 450//450 1473//1473 1651//1651
f 1495//1495 432//432 1654//1654
f 445//445 1484//1484 1653//1653
f 436//436 1490//1490 1657//1657
f 60//60 1500//1500 1655//1655
f 135//135 1512//1512 1662//1662
f 1484//1484 446//446 1658//1658
f 1510//1510 64//64 1656//1656
f 1533//1533 118//118 1661//1661
f 433//433 434//434 1667//1667
f 442//442 443//443 1670//1670
f 63//63 62//62 1668//1668
f 447//447 448//448 1669//1669
f 116//116 115//115 1665//1665
f 138//138 137//137 1666//1666
f 1567//1567 442//442 1670//1670
f 1564//1564 433//433 1667//1667
f 1565//1565 63//63 1668//1668
f 1569//1569 447//447 1669//1669
f 115//115 1562//1562 1665//1665
f 1572//1572 138//138 1666//1666
f 1541//1541 409//409 1638//1638
f 50//50 1542//1542 1637//1637
f 502//502 1544//1544 1636//1636
f 1543//1543 143//143 1635//1635
f 1544//1544 1418//1418 1636//1636
f 1418//1418 1543//1543 1635//1635
f 1542//1542 1417//1417 1637//1637
f 1417//1417 1541//1541 1638//1638
f 495//495 1556//1556 1648//1648
f 474//474 1555//1555 1650//1650
f 1553//1553 476//476 1649//1649
f 1554//1554 497//497 1647//1647
f 90//90 1548//1548 1640//1640
f 1549//1549 74//74 1643//1643
f 420//420 1547//1547 1642//1642
f 76//76 1551//1551 1644//1644
f 1552//1552 422//422 1645//1645
f 85//85 1545//1545 1639//1639
f 1546//1546 83//83 1641//1641
f 1550//1550 88//88 1646//1646
f 1415//1415 1542//1542 1663//1663
f 1543//1543 1416//1416 1664//1664
f 503//503 504//504 1634//1634
f 407//407 408//408 1633//1633
f 1545//1545 1430//1430 1639//1639
f 1428//1428 1549//1549 1643//1643
f 1429//1429 1546//1546 1641//1641
f 1447//1447 1550//1550 1646//1646
f 1547//1547 1426//1426 1642//1642
f 1551//1551 1444//1444 1644//1644
f 1548//1548 1431//1431 1640//1640
f 1441//1441 1552//1552 1645//1645
f 1420//1420 1553//1553 1649//1649
f 1556//1556 1459//1459 1648//1648
f 1555//1555 1434//1434 1650//1650
f 1453//1453 1554//1554 1647//1647
f 381//381 1559//1559 1693//1693
f 1560//1560 406//406 1694//1694
f 449//449 450//450 1651//1651
f 139//139 138//138 1660//1660
f 115//115 114//114 1659//1659
f 444//444 445//445 1653//1653
f 432//432 433//433 1654//1654
f 441//441 442//442 1652//1652
f 61//61 60//60 1655//1655
f 64//64 63//63 1656//1656
f 435//435 436//436 1657//1657
f 446//446 447//447 1658//1658
f 118//118 117//117 1661//1661
f 136//136 135//135 1662//1662
f 1568//1568 449//449 1651//1651
f 1562//1562 115//115 1659//1659
f 442//442 1567//1567 1652//1652
f 117//117 1561//1561 1661//1661
f 433//433 1564//1564 1654//1654
f 1566//1566 444//444 1653//1653
f 1563//1563 61//61 1655//1655
f 63//63 1565//1565 1656//1656
f 1570//1570 435//435 1657//1657
f 447//447 1569//1569 1658//1658
f 138//138 1572//1572 1660//1660
f 1571//1571 136//136 1662//1662
f 1634//1634 504//504 1671//1671
f 407//407 1633//1633 1672//1672
f 1559//1559 381//381 1674//1674
f 406//406 1560//1560 1673//1673
f 1415//1415 1558//1558 1633//1633
f 1557//1557 1416//1416 1634//1634
f 1556//1556 1466//1466 1675//1675
f 1461//1461 1553//1553 1685//1685
f 1430//1430 1545//1545 1677//1677
f 1546//1546 1429//1429 1681//1681
f 1426//1426 1547//1547 1679//1679
f 1551//1551 1464//1464 1680//1680
f 1550//1550 1447//1447 1678//1678
f 1464//1464 1549//1549 1682//1682
f 1552//1552 1441//1441 1683//1683
f 1555//1555 1461//1461 1686//1686
f 1466//1466 1554//1554 1676//1676
f 1431//1431 1548//1548 1684//1684
f 494//494 495//495 1648//1648
f 497//497 498//498 1647//1647
f 473//473 474//474 1650//1650
f 476//476 477//477 1649//1649
f 91//91 90//90 1640//1640
f 77//77 76//76 1644//1644
f 74//74 73//73 1643//1643
f 422//422 423//423 1645//1645
f 419//419 420//420 1642//1642
f 83//83 82//82 1641//1641
f 88//88 87//87 1646//1646
f 86//86 85//85 1639//1639
f 51//51 50//50 1637//1637
f 409//409 410//410 1638//1638
f 501//501 502//502 1636//1636
f 143//143 142//142 1635//1635
f 1560//1560 1415//1415 1663//1663
f 1416//1416 1559//1559 1664//1664
f 9//9 407//407 1672//1672
f 504//504 27//27 1671//1671
f 132//132 131//131 1612//1612
f 490//490 491//491 1625//1625
f 109//109 108//108 1590//1590
f 467//467 468//468 1600//1600
f 99//99 98//98 1578//1578
f 457//457 458//458 1595//1595
f 107//107 106//106 1597//1597
f 465//465 466//466 1599//1599
f 141//141 140//140 1585//1585
f 113//113 112//112 1584//1584
f 499//499 500//500 1586//1586
f 471//471 472//472 1587//1587
f 95//95 94//94 1594//1594
f 453//453 454//454 1583//1583
f 488//488 489//489 1576//1576
f 130//130 129//129 1574//1574
f 122//122 121//121 1610//1610
f 480//480 481//481 1622//1622
f 105//105 104//104 1579//1579
f 463//463 464//464 1577//1577
f 59//59 58//58 1589//1589
f 53//53 52//52 1592//1592
f 57//57 56//56 1588//1588
f 55//55 54//54 1593//1593
f 455//455 456//456 1619//1619
f 413//413 414//414 1630//1630
f 97//97 96//96 1608//1608
f 70//70 69//69 1582//1582
f 439//439 440//440 1617//1617
f 81//81 80//80 1606//1606
f 134//134 133//133 1601//1601
f 72//72 71//71 1604//1604
f 430//430 431//431 1615//1615
f 492//492 493//493 1628//1628
f 124//124 123//123 1573//1573
f 482//482 483//483 1575//1575
f 68//68 67//67 1603//1603
f 426//426 427//427 1614//1614
f 66//66 65//65 1602//1602
f 424//424 425//425 1613//1613
f 428//428 429//429 1591//1591
f 461//461 462//462 1598//1598
f 103//103 102//102 1596//1596
f 111//111 110//110 1580//1580
f 437//437 438//438 1616//1616
f 469//469 470//470 1581//1581
f 79//79 78//78 1605//1605
f 417//417 418//418 1632//1632
f 101//101 100//100 1626//1626
f 459//459 460//460 1620//1620
f 411//411 412//412 1629//1629
f 415//415 416//416 1631//1631
f 126//126 125//125 1627//1627
f 484//484 485//485 1623//1623
f 451//451 452//452 1618//1618
f 93//93 92//92 1607//1607
f 486//486 487//487 1624//1624
f 128//128 127//127 1611//1611
f 120//120 119//119 1609//1609
f 478//478 479//479 1621//1621
f 406//406 405//405 1694//1694
f 380//380 381//381 1693//1693
f 1465//1465 1550//1550 1678//1678
f 1462//1462 1552//1552 1683//1683
f 1463//1463 1546//1546 1681//1681
f 1545//1545 1463//1463 1677//1677
f 1549//1549 1428//1428 1682//1682
f 1547//1547 1462//1462 1679//1679
f 1548//1548 1465//1465 1684//1684
f 1444//1444 1551//1551 1680//1680
f 1553//1553 1420//1420 1685//1685
f 1459//1459 1556//1556 1675//1675
f 1554//1554 1453//1453 1676//1676
f 1434//1434 1555//1555 1686//1686
f 1557//1557 1634//1634 1671//1671
f 1633//1633 1558//1558 1672//1672
f 404//404 9//9 1672//1672
f 27//27 379//379 1671//1671
f 1557//1557 380//380 1693//1693
f 405//405 1558//1558 1694//1694
f 11//11 145//145 1674//1674
f 48//48 2//2 1673//1673
f 1561//1561 1420//1420 1661//1661
f 1426//1426 1563//1563 1655//1655
f 1430//1430 1566//1566 1653//1653
f 1564//1564 1428//1428 1654//1654
f 1444//1444 1570//1570 1657//1657
f 1569//1569 1447//1447 1658//1658
f 1567//1567 1429//1429 1652//1652
f 1565//1565 1441//1441 1656//1656
f 1459//1459 1571//1571 1662//1662
f 1431//1431 1568//1568 1651//1651
f 1434//1434 1562//1562 1659//1659
f 1572//1572 1453//1453 1660//1660
f 379//379 1557//1557 1671//1671
f 1558//1558 404//404 1672//1672
f 1571//1571 1466//1466 1666//1666
f 1461//1461 1561//1561 1665//1665
f 1568//1568 1465//1465 1669//1669
f 1570//1570 1464//1464 1667//1667
f 1563//1563 1462//1462 1668//1668
f 1566//1566 1463//1463 1670//1670
f 145//145 1559//1559 1674//1674
f 1560//1560 48//48 1673//1673
f 1562//1562 1461//1461 1665//1665
f 1466//1466 1572//1572 1666//1666
f 1465//1465 1569//1569 1669//1669
f 1464//1464 1564//1564 1667//1667
f 1463//1463 1567//1567 1670//1670
f 1462//1462 1565//1565 1668//1668
f 1569//1569 1465//1465 1678//1678
f 1462//1462 1563//1563 1679//1679
f 1428//1428 1564//1564 1682//1682
f 1565//1565 1462//1462 1683//1683
f 1567//1567 1463//1463 1681//1681
f 1570//1570 1444//1444 1680//1680
f 1463//1463 1566//1566 1677//1677
f 1420//1420 1561//1561 1685//1685
f 1465//1465 1568//1568 1684//1684
f 1562//1562 1434//1434 1686//1686
f 1571//1571 1459//1459 1675//1675
f 1453//1453 1572//1572 1676//1676
f 1572//1572 1466//1466 1676//1676
f 1466//1466 1571//1571 1675//1675
f 1561//1561 1461//1461 1685//1685
f 1461//1461 1562//1562 1686//1686
f 1566//1566 1430//1430 1677//1677
f 1563//1563 1426//1426 1679//1679
f 1429//1429 1567//1567 1681//1681
f 1464//1464 1570//1570 1680//1680
f 1564//1564 1464//1464 1682//1682
f 1447//1447 1569//1569 1678//1678
f 1441//1441 1565//1565 1683//1683
f 1568//1568 1431//1431 1684//1684
f 381//381 11//11 1674//1674
f 2//2 406//406 1673//1673
f 1793//1793 602//602 24//24
f 377//377 1793//1793 24//24
f 505//505 1792//1792 5//5
f 1792//1792 47//47 5//5
f 504//504 1793//1793 27//27
f 1754//1754 565//565 1755//1755
f 1793//1793 377//377 27//27
f 1754//1754 1755//1755 467//467
f 1726//1726 537//537 1727//1727
f 1695//1695 505//505 506//506
f 1695//1695 408//408 407//407
f 1792//1792 407//407 9//9
f 1726//1726 1727//1727 439//439
f 47//47 1792//1792 9//9
f 503//503 1791//1791 504//504
f 602//602 1791//1791 601//601
f 1752//1752 563//563 1753//1753
f 1752//1752 1753//1753 465//465
f 502//502 1790//1790 503//503
f 601//601 1790//1790 600//600
f 1753//1753 564//564 1754//1754
f 1753//1753 1754//1754 466//466
f 501//501 1789//1789 502//502
f 600//600 1789//1789 599//599
f 1725//1725 536//536 1726//1726
f 1725//1725 1726//1726 438//438
f 500//500 1788//1788 501//501
f 599//599 1788//1788 598//598
f 1758//1758 569//569 1759//1759
f 1758//1758 1759//1759 471//471
f 499//499 1787//1787 500//500
f 598//598 1787//1787 597//597
f 1724//1724 535//535 1725//1725
f 1724//1724 1725//1725 437//437
f 498//498 1786//1786 499//499
f 597//597 1786//1786 596//596
f 1759//1759 570//570 1760//1760
f 1759//1759 1760//1760 472//472
f 497//497 1785//1785 498//498
f 596//596 1785//1785 595//595
f 1723//1723 534//534 1724//1724
f 1723//1723 1724//1724 436//436
f 496//496 1784//1784 497//497
f 595//595 1784//1784 594//594
f 1760//1760 571//571 1761//1761
f 1760//1760 1761//1761 473//473
f 495//495 1783//1783 496//496
f 594//594 1783//1783 593//593
f 1722//1722 533//533 1723//1723
f 1722//1722 1723//1723 435//435
f 494//494 1782//1782 495//495
f 593//593 1782//1782 592//592
f 1720//1720 531//531 1721//1721
f 1720//1720 1721//1721 433//433
f 493//493 1781//1781 494//494
f 592//592 1781//1781 591//591
f 1761//1761 572//572 1762//1762
f 1761//1761 1762//1762 474//474
f 492//492 1780//1780 493//493
f 591//591 1780//1780 590//590
f 1721//1721 532//532 1722//1722
f 1721//1721 1722//1722 434//434
f 491//491 1779//1779 492//492
f 590//590 1779//1779 589//589
f 1762//1762 573//573 1763//1763
f 1762//1762 1763//1763 475//475
f 490//490 1778//1778 491//491
f 589//589 1778//1778 588//588
f 1719//1719 530//530 1720//1720
f 1719//1719 1720//1720 432//432
f 489//489 1777//1777 490//490
f 588//588 1777//1777 587//587
f 1718//1718 529//529 1719//1719
f 1718//1718 1719//1719 431//431
f 488//488 1776//1776 489//489
f 587//587 1776//1776 586//586
f 1717//1717 528//528 1718//1718
f 1717//1717 1718//1718 430//430
f 487//487 1775//1775 488//488
f 586//586 1775//1775 585//585
f 1763//1763 574//574 1764//1764
f 1763//1763 1764//1764 476//476
f 486//486 1774//1774 487//487
f 585//585 1774//1774 584//584
f 1764//1764 575//575 1765//1765
f 1764//1764 1765//1765 477//477
f 485//485 1773//1773 486//486
f 584//584 1773//1773 583//583
f 1716//1716 527//527 1717//1717
f 1716//1716 1717//1717 429//429
f 484//484 1772//1772 485//485
f 583//583 1772//1772 582//582
f 1748//1748 559//559 1749//1749
f 1748//1748 1749//1749 461//461
f 483//483 1771//1771 484//484
f 582//582 1771//1771 581//581
f 1765//1765 576//576 1766//1766
f 1765//1765 1766//1766 478//478
f 482//482 1770//1770 483//483
f 581//581 1770//1770 580//580
f 1766//1766 577//577 1767//1767
f 1766//1766 1767//1767 479//479
f 481//481 1769//1769 482//482
f 580//580 1769//1769 579//579
f 1767//1767 578//578 1768//1768
f 1767//1767 1768//1768 480//480
f 480//480 1768//1768 481//481
f 579//579 1768//1768 578//578
f 1715//1715 526//526 1716//1716
f 1715//1715 1716//1716 428//428
f 479//479 1767//1767 480//480
f 578//578 1767//1767 577//577
f 1714//1714 525//525 1715//1715
f 1714//1714 1715//1715 427//427
f 478//478 1766//1766 479//479
f 577//577 1766//1766 576//576
f 1713//1713 524//524 1714//1714
f 1713//1713 1714//1714 426//426
f 477//477 1765//1765 478//478
f 576//576 1765//1765 575//575
f 1768//1768 579//579 1769//1769
f 1768//1768 1769//1769 481//481
f 476//476 1764//1764 477//477
f 575//575 1764//1764 574//574
f 1769//1769 580//580 1770//1770
f 1769//1769 1770//1770 482//482
f 475//475 1763//1763 476//476
f 574//574 1763//1763 573//573
f 1770//1770 581//581 1771//1771
f 1770//1770 1771//1771 483//483
f 474//474 1762//1762 475//475
f 573//573 1762//1762 572//572
f 1712//1712 523//523 1713//1713
f 1712//1712 1713//1713 425//425
f 473//473 1761//1761 474//474
f 572//572 1761//1761 571//571
f 1771//1771 582//582 1772//1772
f 1771//1771 1772//1772 484//484
f 472//472 1760//1760 473//473
f 571//571 1760//1760 570//570
f 1711//1711 522//522 1712//1712
f 1711//1711 1712//1712 424//424
f 471//471 1759//1759 472//472
f 570//570 1759//1759 569//569
f 1710//1710 521//521 1711//1711
f 1710//1710 1711//1711 423//423
f 470//470 1758//1758 471//471
f 569//569 1758//1758 568//568
f 1772//1772 583//583 1773//1773
f 1772//1772 1773//1773 485//485
f 1709//1709 520//520 1710//1710
f 1709//1709 1710//1710 422//422
f 568//568 1757//1757 567//567
f 469//469 1757//1757 470//470
f 1773//1773 584//584 1774//1774
f 1773//1773 1774//1774 486//486
f 567//567 1756//1756 566//566
f 468//468 1756//1756 469//469
f 1774//1774 585//585 1775//1775
f 1774//1774 1775//1775 487//487
f 566//566 1755//1755 565//565
f 467//467 1755//1755 468//468
f 1708//1708 519//519 1709//1709
f 1708//1708 1709//1709 421//421
f 565//565 1754//1754 564//564
f 466//466 1754//1754 467//467
f 465//465 1753//1753 466//466
f 564//564 1753//1753 563//563
f 1707//1707 518//518 1708//1708
f 1707//1707 1708//1708 420//420
f 464//464 1752//1752 465//465
f 563//563 1752//1752 562//562
f 1727//1727 538//538 1728//1728
f 1727//1727 1728//1728 440//440
f 463//463 1751//1751 464//464
f 562//562 1751//1751 561//561
f 1775//1775 586//586 1776//1776
f 1775//1775 1776//1776 488//488
f 462//462 1750//1750 463//463
f 561//561 1750//1750 560//560
f 1729//1729 540//540 1730//1730
f 1729//1729 1730//1730 442//442
f 461//461 1749//1749 462//462
f 560//560 1749//1749 559//559
f 1706//1706 517//517 1707//1707
f 1706//1706 1707//1707 419//419
f 460//460 1748//1748 461//461
f 559//559 1748//1748 558//558
f 1776//1776 587//587 1777//1777
f 1776//1776 1777//1777 489//489
f 459//459 1747//1747 460//460
f 558//558 1747//1747 557//557
f 1705//1705 516//516 1706//1706
f 1705//1705 1706//1706 418//418
f 458//458 1746//1746 459//459
f 557//557 1746//1746 556//556
f 1777//1777 588//588 1778//1778
f 1777//1777 1778//1778 490//490
f 457//457 1745//1745 458//458
f 556//556 1745//1745 555//555
f 1704//1704 515//515 1705//1705
f 1704//1704 1705//1705 417//417
f 1744//1744 457//457 456//456
f 1744//1744 554//554 555//555
f 1703//1703 514//514 1704//1704
f 1703//1703 1704//1704 416//416
f 1778//1778 589//589 1779//1779
f 1778//1778 1779//1779 491//491
f 1743//1743 553//553 554//554
f 1743//1743 456//456 455//455
f 1779//1779 590//590 1780//1780
f 1779//1779 1780//1780 492//492
f 553//553 1742//1742 552//552
f 454//454 1742//1742 455//455
f 1702//1702 513//513 1703//1703
f 1702//1702 1703//1703 415//415
f 552//552 1741//1741 551//551
f 453//453 1741//1741 454//454
f 1701//1701 512//512 1702//1702
f 1701//1701 1702//1702 414//414
f 551//551 1740//1740 550//550
f 452//452 1740//1740 453//453
f 1780//1780 591//591 1781//1781
f 1780//1780 1781//1781 493//493
f 550//550 1739//1739 549//549
f 451//451 1739//1739 452//452
f 1781//1781 592//592 1782//1782
f 1781//1781 1782//1782 494//494
f 549//549 1738//1738 548//548
f 450//450 1738//1738 451//451
f 1700//1700 511//511 1701//1701
f 1700//1700 1701//1701 413//413
f 548//548 1737//1737 547//547
f 449//449 1737//1737 450//450
f 1782//1782 593//593 1783//1783
f 1782//1782 1783//1783 495//495
f 547//547 1736//1736 546//546
f 448//448 1736//1736 449//449
f 1699//1699 510//510 1700//1700
f 1699//1699 1700//1700 412//412
f 546//546 1735//1735 545//545
f 447//447 1735//1735 448//448
f 1698//1698 509//509 1699//1699
f 1698//1698 1699//1699 411//411
f 545//545 1734//1734 544//544
f 446//446 1734//1734 447//447
f 1783//1783 594//594 1784//1784
f 1783//1783 1784//1784 496//496
f 544//544 1733//1733 543//543
f 445//445 1733//1733 446//446
f 1784//1784 595//595 1785//1785
f 1784//1784 1785//1785 497//497
f 543//543 1732//1732 542//542
f 444//444 1732//1732 445//445
f 1697//1697 508//508 1698//1698
f 1697//1697 1698//1698 410//410
f 542//542 1731//1731 541//541
f 443//443 1731//1731 444//444
f 1728//1728 539//539 1729//1729
f 1728//1728 1729//1729 441//441
f 541//541 1730//1730 540//540
f 442//442 1730//1730 443//443
f 441//441 1729//1729 442//442
f 540//540 1729//1729 539//539
f 1696//1696 507//507 1697//1697
f 1696//1696 1697//1697 409//409
f 1785//1785 596//596 1786//1786
f 1785//1785 1786//1786 498//498
f 539//539 1728//1728 538//538
f 440//440 1728//1728 441//441
f 1695//1695 506//506 1696//1696
f 1695//1695 1696//1696 408//408
f 538//538 1727//1727 537//537
f 439//439 1727//1727 440//440
f 1786//1786 597//597 1787//1787
f 1786//1786 1787//1787 499//499
f 537//537 1726//1726 536//536
f 438//438 1726//1726 439//439
f 505//505 1695//1695 1792//1792
f 1792//1792 1695//1695 407//407
f 536//536 1725//1725 535//535
f 437//437 1725//1725 438//438
f 1787//1787 598//598 1788//1788
f 1787//1787 1788//1788 500//500
f 535//535 1724//1724 534//534
f 436//436 1724//1724 437//437
f 1788//1788 599//599 1789//1789
f 1788//1788 1789//1789 501//501
f 534//534 1723//1723 533//533
f 435//435 1723//1723 436//436
f 1789//1789 600//600 1790//1790
f 1789//1789 1790//1790 502//502
f 533//533 1722//1722 532//532
f 434//434 1722//1722 435//435
f 433//433 1721//1721 434//434
f 532//532 1721//1721 531//531
f 1790//1790 601//601 1791//1791
f 1790//1790 1791//1791 503//503
f 1791//1791 602//602 1793//1793
f 1791//1791 1793//1793 504//504
f 531//531 1720//1720 530//530
f 432//432 1720//1720 433//433
f 1719//1719 432//432 431//431
f 1719//1719 529//529 530//530
f 1730//1730 541//541 1731//1731
f 1730//1730 1731//1731 443//443
f 1718//1718 431//431 430//430
f 1718//1718 528//528 529//529
f 1731//1731 542//542 1732//1732
f 1731//1731 1732//1732 444//444
f 1717//1717 430//430 429//429
f 1717//1717 527//527 528//528
f 1732//1732 543//543 1733//1733
f 1732//1732 1733//1733 445//445
f 1716//1716 429//429 428//428
f 1716//1716 526//526 527//527
f 1733//1733 544//544 1734//1734
f 1733//1733 1734//1734 446//446
f 1715//1715 428//428 427//427
f 1715//1715 525//525 526//526
f 1734//1734 545//545 1735//1735
f 1734//1734 1735//1735 447//447
f 1714//1714 427//427 426//426
f 1714//1714 524//524 525//525
f 1747//1747 558//558 1748//1748
f 1747//1747 1748//1748 460//460
f 1713//1713 426//426 425//425
f 1713//1713 523//523 524//524
f 1735//1735 546//546 1736//1736
f 1735//1735 1736//1736 448//448
f 1712//1712 425//425 424//424
f 1712//1712 522//522 523//523
f 1736//1736 547//547 1737//1737
f 1736//1736 1737//1737 449//449
f 1711//1711 424//424 423//423
f 1711//1711 521//521 522//522
f 1746//1746 557//557 1747//1747
f 1746//1746 1747//1747 459//459
f 1710//1710 423//423 422//422
f 1710//1710 520//520 521//521
f 1737//1737 548//548 1738//1738
f 1737//1737 1738//1738 450//450
f 1709//1709 422//422 421//421
f 1709//1709 519//519 520//520
f 1738//1738 549//549 1739//1739
f 1738//1738 1739//1739 451//451
f 1708//1708 421//421 420//420
f 1708//1708 518//518 519//519
f 1745//1745 556//556 1746//1746
f 1745//1745 1746//1746 458//458
f 1707//1707 420//420 419//419
f 1707//1707 517//517 518//518
f 1739//1739 550//550 1740//1740
f 1739//1739 1740//1740 452//452
f 1706//1706 419//419 418//418
f 1706//1706 516//516 517//517
f 1740//1740 551//551 1741//1741
f 1740//1740 1741//1741 453//453
f 1705//1705 418//418 417//417
f 1705//1705 515//515 516//516
f 1741//1741 552//552 1742//1742
f 1741//1741 1742//1742 454//454
f 1704//1704 417//417 416//416
f 1704//1704 514//514 515//515
f 1743//1743 554//554 1744//1744
f 1743//1743 1744//1744 456//456
f 1703//1703 416//416 415//415
f 1703//1703 513//513 514//514
f 1744//1744 555//555 1745//1745
f 1744//1744 1745//1745 457//457
f 1702//1702 415//415 414//414
f 1702//1702 512//512 513//513
f 1742//1742 553//553 1743//1743
f 1742//1742 1743//1743 455//455
f 1701//1701 414//414 413//413
f 1701//1701 511//511 512//512
f 1751//1751 562//562 1752//1752
f 1751//1751 1752//1752 464//464
f 1700//1700 413//413 412//412
f 1700//1700 510//510 511//511
f 1755//1755 566//566 1756//1756
f 1755//1755 1756//1756 468//468
f 1699//1699 412//412 411//411
f 1699//1699 509//509 510//510
f 1750//1750 561//561 1751//1751
f 1750//1750 1751//1751 463//463
f 1698//1698 411//411 410//410
f 1698//1698 508//508 509//509
f 1756//1756 567//567 1757//1757
f 1756//1756 1757//1757 469//469
f 1697//1697 410//410 409//409
f 1697//1697 507//507 508//508
f 1757//1757 568//568 1758//1758
f 1757//1757 1758//1758 470//470
f 1696//1696 409//409 408//408
f 1696//1696 506//506 507//507
f 1749//1749 560//560 1750//1750
f 1749//1749 1750//1750 462//462
f 1913//1913 1914//1914 1797//1797
f 1905//1905 1906//1906 1800//1800
f 1834//1834 1906//1906 1905//1905
f 1855//1855 1856//1856 1834//1834
f 1810//1810 1908//1908 1907//1907
f 1907//1907 1908//1908 1829//1829
f 1833//1833 1856//1856 1855//1855
f 1798//1798 1910//1910 1909//1909
f 1799//1799 1890//1890 1888//1888
f 1799//1799 1912//1912 1911//1911
f 1818//1818 1880//1880 1878//1878
f 1819//1819 1881//1881 1879//1879
f 1871//1871 1882//1882 1823//1823
f 1867//1867 1876//1876 1822//1822
f 1849//1849 1850//1850 1809//1809
f 1805//1805 1882//1882 1871//1871
f 1804//1804 1866//1866 1862//1862
f 1828//1828 1850//1850 1849//1849
f 1829//1829 1863//1863 1859//1859
f 1878//1878 1880//1880 1817//1817
f 1820//1820 1875//1875 1873//1873
f 1821//1821 1876//1876 1867//1867
f 1825//1825 1889//1889 1887//1887
f 1862//1862 1866//1866 1820//1820
f 1879//1879 1881//1881 1818//1818
f 1873//1873 1875//1875 1821//1821
f 1869//1869 1870//1870 1815//1815
f 1868//1868 1872//1872 1806//1806
f 1887//1887 1889//1889 1826//1826
f 1824//1824 1861//1861 1860//1860
f 1823//1823 1872//1872 1868//1868
f 1824//1824 1894//1894 1893//1893
f 1893//1893 1894//1894 1825//1825
f 1860//1860 1861//1861 1806//1806
f 1909//1909 1910//1910 1831//1831
f 1864//1864 1865//1865 1827//1827
f 1828//1828 1886//1886 1885//1885
f 1859//1859 1863//1863 1811//1811
f 1888//1888 1890//1890 1833//1833
f 1808//1808 1865//1865 1864//1864
f 1899//1899 1902//1902 1830//1830
f 1802//1802 1898//1898 1897//1897
f 1885//1885 1886//1886 1810//1810
f 1911//1911 1912//1912 1832//1832
f 1853//1853 1854//1854 1802//1802
f 1814//1814 1854//1854 1853//1853
f 1903//1903 1904//1904 1830//1830
f 1814//1814 1902//1902 1899//1899
f 1883//1883 1884//1884 1812//1812
f 1813//1813 1896//1896 1895//1895
f 1897//1897 1898//1898 1816//1816
f 1803//1803 1884//1884 1883//1883
f 1816//1816 1870//1870 1869//1869
f 1895//1895 1896//1896 1812//1812
f 1815//1815 1877//1877 1874//1874
f 1811//1811 1904//1904 1903//1903
f 1800//1800 1852//1852 1851//1851
f 1900//1900 1901//1901 1838//1838
f 1836//1836 1858//1858 1857//1857
f 1874//1874 1877//1877 1803//1803
f 1891//1891 1892//1892 1836//1836
f 1851//1851 1852//1852 1835//1835
f 1847//1847 1848//1848 1832//1832
f 1831//1831 1848//1848 1847//1847
f 1857//1857 1858//1858 1835//1835
f 1837//1837 1892//1892 1891//1891
f 1837//1837 1901//1901 1900//1900
f 1801//1801 1914//1914 1913//1913
f 1794//1794 1916//1916 1915//1915
f 1917//1917 1918//1918 1795//1795
f 1915//1915 1916//1916 1796//1796
f 1797//1797 1918//1918 1917//1917
f 676//676 1848//1848 675//675
f 577//577 1847//1847 578//578
f 690//690 1891//1891 689//689
f 591//591 1892//1892 592//592
f 593//593 1900//1900 594//594
f 692//692 1901//1901 691//691
f 688//688 1857//1857 687//687
f 589//589 1858//1858 590//590
f 587//587 1851//1851 588//588
f 686//686 1852//1852 685//685
f 566//566 1874//1874 567//567
f 665//665 1877//1877 664//664
f 560//560 1853//1853 561//561
f 659//659 1854//1854 658//658
f 568//568 1883//1883 569//569
f 570//570 1896//1896 571//571
f 667//667 1884//1884 666//666
f 669//669 1895//1895 668//668
f 649//649 1886//1886 648//648
f 556//556 1903//1903 557//557
f 655//655 1904//1904 654//654
f 550//550 1885//1885 551//551
f 661//661 1898//1898 660//660
f 562//562 1897//1897 563//563
f 558//558 1902//1902 559//559
f 657//657 1899//1899 656//656
f 642//642 1865//1865 641//641
f 543//543 1864//1864 544//544
f 564//564 1869//1869 565//565
f 663//663 1870//1870 662//662
f 554//554 1859//1859 555//555
f 653//653 1863//1863 652//652
f 647//647 1849//1849 646//646
f 548//548 1850//1850 549//549
f 531//531 1861//1861 532//532
f 630//630 1860//1860 629//629
f 581//581 1888//1888 582//582
f 680//680 1890//1890 679//679
f 529//529 1868//1868 530//530
f 628//628 1872//1872 627//627
f 612//612 1879//1879 611//611
f 610//610 1878//1878 609//609
f 518//518 1862//1862 519//519
f 632//632 1894//1894 631//631
f 533//533 1893//1893 534//534
f 617//617 1866//1866 616//616
f 626//626 1882//1882 625//625
f 527//527 1871//1871 528//528
f 619//619 1875//1875 618//618
f 520//520 1873//1873 521//521
f 535//535 1887//1887 536//536
f 634//634 1889//1889 633//633
f 522//522 1867//1867 523//523
f 621//621 1876//1876 620//620
f 513//513 1881//1881 514//514
f 511//511 1880//1880 512//512
f 579//579 1912//1912 580//580
f 678//678 1911//1911 677//677
f 575//575 1909//1909 576//576
f 583//583 1855//1855 584//584
f 674//674 1910//1910 673//673
f 682//682 1856//1856 681//681
f 651//651 1908//1908 650//650
f 552//552 1907//1907 553//553
f 684//684 1906//1906 683//683
f 585//585 1905//1905 586//586
f 697//697 1914//1914 696//696
f 598//598 1913//1913 599//599
f 672//672 1939//1939 671//671
f 541//541 1943//1943 542//542
f 546//546 1950//1950 547//547
f 636//636 1944//1944 635//635
f 615//615 1945//1945 614//614
f 623//623 1947//1947 622//622
f 595//595 1940//1940 596//596
f 600//600 1917//1917 601//601
f 699//699 1918//1918 698//698
f 506//506 1915//1915 507//507
f 605//605 1916//1916 604//604
f 607//607 1953//1953 606//606
f 1939//1939 2045//2045 671//671
f 541//541 2048//2048 1943//1943
f 636//636 2047//2047 1944//1944
f 1945//1945 2050//2050 614//614
f 546//546 2051//2051 1950//1950
f 623//623 2049//2049 1947//1947
f 1940//1940 2046//2046 596//596
f 607//607 2052//2052 1953//1953
f 1917//1917 2010//2010 601//601
f 506//506 2009//2009 1915//1915
f 1919//1919 2082//2082 508//508
f 699//699 2038//2038 1918//1918
f 1916//1916 2039//2039 604//604
f 1846//1846 2082//2082 1919//1919
f 1920//1920 2082//2082 1846//1846
f 693//693 2079//2079 1921//1921
f 574//574 2073//2073 1932//1932
f 1930//1930 2074//2074 537//537
f 1933//1933 2073//2073 572//572
f 638//638 2075//2075 1928//1928
f 1925//1925 2077//2077 524//524
f 1922//1922 2078//2078 645//645
f 517//517 2076//2076 1926//1926
f 539//539 2074//2074 1929//1929
f 1923//1923 2075//2075 640//640
f 1931//1931 2076//2076 515//515
f 526//526 2077//2077 1924//1924
f 643//643 2078//2078 1927//1927
f 1934//1934 2079//2079 695//695
f 591//591 1994//1994 1892//1892
f 1891//1891 1980//1980 689//689
f 676//676 2004//2004 1848//1848
f 1847//1847 1990//1990 578//578
f 577//577 1989//1989 1847//1847
f 1848//1848 2003//2003 675//675
f 688//688 1980//1980 1857//1857
f 1858//1858 1994//1994 590//590
f 1852//1852 1958//1958 685//685
f 587//587 1956//1956 1851//1851
f 1834//1834 1992//1992 1855//1855
f 1892//1892 1994//1994 1836//1836
f 1856//1856 2006//2006 1834//1834
f 1851//1851 1993//1993 588//588
f 1848//1848 2004//2004 1832//1832
f 686//686 1978//1978 1852//1852
f 1857//1857 1980//1980 1836//1836
f 1836//1836 1980//1980 1891//1891
f 1832//1832 1990//1990 1847//1847
f 1836//1836 1994//1994 1858//1858
f 659//659 1963//1963 1854//1854
f 1853//1853 1965//1965 561//561
f 566//566 1974//1974 1874//1874
f 1877//1877 1977//1977 664//664
f 1854//1854 1975//1975 658//658
f 560//560 1972//1972 1853//1853
f 593//593 1995//1995 1900//1900
f 589//589 1993//1993 1858//1858
f 1901//1901 2007//2007 691//691
f 1857//1857 1978//1978 687//687
f 1800//1800 1958//1958 1852//1852
f 1851//1851 1956//1956 1800//1800
f 1847//1847 1989//1989 1831//1831
f 1869//1869 1974//1974 565//565
f 663//663 1977//1977 1870//1870
f 1854//1854 1963//1963 1802//1802
f 1800//1800 1956//1956 1905//1905
f 1906//1906 1958//1958 1800//1800
f 690//690 2007//2007 1891//1891
f 1829//1829 2001//2001 1863//1863
f 1831//1831 2003//2003 1848//1848
f 1802//1802 1965//1965 1853//1853
f 1892//1892 1995//1995 592//592
f 1853//1853 1972//1972 1814//1814
f 1828//1828 1986//1986 1850//1850
f 1859//1859 1987//1987 1829//1829
f 1849//1849 1979//1979 1828//1828
f 1883//1883 1969//1969 569//569
f 667//667 1970//1970 1884//1884
f 1814//1814 1975//1975 1854//1854
f 1874//1874 1962//1962 567//567
f 568//568 1962//1962 1883//1883
f 665//665 1964//1964 1877//1877
f 1884//1884 1964//1964 666//666
f 1863//1863 2001//2001 652//652
f 550//550 1986//1986 1885//1885
f 1886//1886 1979//1979 648//648
f 554//554 1987//1987 1859//1859
f 1898//1898 1963//1963 660//660
f 562//562 1965//1965 1897//1897
f 1885//1885 1986//1986 1828//1828
f 647//647 1979//1979 1849//1849
f 1850//1850 1986//1986 549//549
f 655//655 2002//2002 1904//1904
f 1799//1799 1957//1957 1890//1890
f 657//657 1975//1975 1899//1899
f 1902//1902 1972//1972 559//559
f 570//570 1969//1969 1896//1896
f 1888//1888 1955//1955 1799//1799
f 1855//1855 1991//1991 1833//1833
f 1833//1833 2005//2005 1856//1856
f 1903//1903 1988//1988 557//557
f 1885//1885 1960//1960 551//551
f 581//581 1955//1955 1888//1888
f 1895//1895 1970//1970 668//668
f 1860//1860 1966//1966 629//629
f 1861//1861 1984//1984 532//532
f 1890//1890 1957//1957 679//679
f 531//531 1959//1959 1861//1861
f 1870//1870 1977//1977 1815//1815
f 653//653 1968//1968 1863//1863
f 630//630 1999//1999 1860//1860
f 649//649 1967//1967 1886//1886
f 1882//1882 1998//1998 1823//1823
f 1860//1860 1999//1999 1824//1824
f 1824//1824 1984//1984 1861//1861
f 1815//1815 1974//1974 1869//1869
f 1878//1878 2008//2008 1818//1818
f 1859//1859 1961//1961 555//555
f 1886//1886 1967//1967 1810//1810
f 558//558 1988//1988 1902//1902
f 1881//1881 1971//1971 1818//1818
f 1868//1868 1959//1959 530//530
f 628//628 1966//1966 1872//1872
f 1899//1899 2002//2002 656//656
f 1897//1897 1973//1973 563//563
f 1861//1861 1959//1959 1806//1806
f 1806//1806 1966//1966 1860//1860
f 1828//1828 1979//1979 1886//1886
f 1855//1855 1992//1992 584//584
f 1823//1823 1983//1983 1871//1871
f 1894//1894 1999//1999 631//631
f 682//682 2006//2006 1856//1856
f 1880//1880 1971//1971 512//512
f 661//661 1976//1976 1898//1898
f 1872//1872 1966//1966 1806//1806
f 1810//1810 1960//1960 1885//1885
f 1904//1904 1968//1968 654//654
f 1818//1818 2008//2008 1879//1879
f 1866//1866 1996//1996 1820//1820
f 1867//1867 1982//1982 1821//1821
f 1873//1873 1981//1981 1820//1820
f 529//529 1983//1983 1868//1868
f 626//626 1998//1998 1882//1882
f 1887//1887 1985//1985 1825//1825
f 1871//1871 1983//1983 528//528
f 1879//1879 2008//2008 611//611
f 1806//1806 1959//1959 1868//1868
f 1875//1875 1997//1997 1821//1821
f 556//556 1961//1961 1903//1903
f 1830//1830 2002//2002 1899//1899
f 535//535 1985//1985 1887//1887
f 617//617 1996//1996 1866//1866
f 619//619 1997//1997 1875//1875
f 1824//1824 1999//1999 1894//1894
f 1802//1802 1963//1963 1898//1898
f 513//513 1971//1971 1881//1881
f 1823//1823 1998//1998 1872//1872
f 1825//1825 2000//2000 1889//1889
f 1868//1868 1983//1983 1823//1823
f 1889//1889 2000//2000 633//633
f 1902//1902 1988//1988 1830//1830
f 522//522 1982//1982 1867//1867
f 1825//1825 1985//1985 1893//1893
f 520//520 1981//1981 1873//1873
f 1893//1893 1985//1985 534//534
f 1875//1875 1996//1996 618//618
f 1821//1821 1982//1982 1873//1873
f 1862//1862 1981//1981 519//519
f 610//610 2008//2008 1878//1878
f 1873//1873 1982//1982 521//521
f 533//533 1984//1984 1893//1893
f 1820//1820 1981//1981 1862//1862
f 1820//1820 1996//1996 1875//1875
f 1897//1897 1965//1965 1802//1802
f 1815//1815 1977//1977 1877//1877
f 1872//1872 1998//1998 627//627
f 632//632 2000//2000 1894//1894
f 1874//1874 1974//1974 1815//1815
f 1876//1876 1997//1997 620//620
f 1821//1821 1997//1997 1876//1876
f 564//564 1973//1973 1869//1869
f 1904//1904 2002//2002 1830//1830
f 1893//1893 1984//1984 1824//1824
f 1818//1818 1971//1971 1880//1880
f 1894//1894 2000//2000 1825//1825
f 1830//1830 1988//1988 1903//1903
f 1870//1870 1976//1976 662//662
f 1814//1814 1972//1972 1902//1902
f 1899//1899 1975//1975 1814//1814
f 1888//1888 1991//1991 582//582
f 680//680 2005//2005 1890//1890
f 1812//1812 1969//1969 1883//1883
f 1811//1811 1961//1961 1859//1859
f 1863//1863 1968//1968 1811//1811
f 1884//1884 1970//1970 1812//1812
f 1810//1810 1967//1967 1908//1908
f 1803//1803 1964//1964 1884//1884
f 1890//1890 2005//2005 1833//1833
f 1908//1908 2001//2001 1829//1829
f 1833//1833 1991//1991 1888//1888
f 1856//1856 2005//2005 681//681
f 583//583 1991//1991 1855//1855
f 1907//1907 1960//1960 1810//1810
f 1829//1829 1987//1987 1907//1907
f 1883//1883 1962//1962 1803//1803
f 1911//1911 1957//1957 1799//1799
f 1799//1799 1955//1955 1912//1912
f 1896//1896 1969//1969 1812//1812
f 1812//1812 1970//1970 1895//1895
f 678//678 1957//1957 1911//1911
f 1835//1835 1993//1993 1851//1851
f 1912//1912 1955//1955 580//580
f 1852//1852 1978//1978 1835//1835
f 1816//1816 1973//1973 1897//1897
f 1898//1898 1976//1976 1816//1816
f 1903//1903 1961//1961 1811//1811
f 1905//1905 1992//1992 1834//1834
f 1834//1834 2006//2006 1906//1906
f 1811//1811 1968//1968 1904//1904
f 1803//1803 1962//1962 1874//1874
f 1877//1877 1964//1964 1803//1803
f 1816//1816 1976//1976 1870//1870
f 684//684 1958//1958 1906//1906
f 1869//1869 1973//1973 1816//1816
f 1905//1905 1956//1956 586//586
f 1909//1909 1989//1989 576//576
f 579//579 1990//1990 1912//1912
f 674//674 2003//2003 1910//1910
f 1911//1911 2004//2004 677//677
f 1908//1908 1967//1967 650//650
f 552//552 1960//1960 1907//1907
f 1907//1907 1987//1987 553//553
f 651//651 2001//2001 1908//1908
f 1910//1910 2003//2003 1831//1831
f 1831//1831 1989//1989 1909//1909
f 1858//1858 1993//1993 1835//1835
f 1835//1835 1978//1978 1857//1857
f 1912//1912 1990//1990 1832//1832
f 1832//1832 2004//2004 1911//1911
f 1891//1891 2007//2007 1837//1837
f 1837//1837 1995//1995 1892//1892
f 1837//1837 2007//2007 1901//1901
f 1900//1900 1995//1995 1837//1837
f 1906//1906 2006//2006 683//683
f 585//585 1992//1992 1905//1905
f 508//508 2082//2082 509//509
f 1913//1913 2011//2011 599//599
f 697//697 2012//2012 1914//1914
f 1797//1797 2011//2011 1913//1913
f 1914//1914 2012//2012 1797//1797
f 694//694 2079//2079 693//693
f 573//573 2073//2073 574//574
f 537//537 2074//2074 538//538
f 524//524 2077//2077 525//525
f 639//639 2075//2075 638//638
f 516//516 2076//2076 517//517
f 515//515 2076//2076 516//516
f 538//538 2074//2074 539//539
f 572//572 2073//2073 573//573
f 645//645 2078//2078 644//644
f 640//640 2075//2075 639//639
f 525//525 2077//2077 526//526
f 644//644 2078//2078 643//643
f 695//695 2079//2079 694//694
f 368//368 1935//1935 369//369
f 43//43 1936//1936 42//42
f 1927//1927 2078//2078 1844//1844
f 1844//1844 2078//2078 1922//1922
f 1921//1921 2079//2079 1845//1845
f 1842//1842 2077//2077 1925//1925
f 1840//1840 2076//2076 1931//1931
f 1924//1924 2077//2077 1842//1842
f 1928//1928 2075//2075 1843//1843
f 1926//1926 2076//2076 1840//1840
f 1843//1843 2075//2075 1923//1923
f 1841//1841 2074//2074 1930//1930
f 1929//1929 2074//2074 1841//1841
f 1845//1845 2079//2079 1934//1934
f 1932//1932 2073//2073 1839//1839
f 1839//1839 2073//2073 1933//1933
f 510//510 2082//2082 1920//1920
f 1937//1937 2038//2038 700//700
f 603//603 2039//2039 1938//1938
f 511//511 2013//2013 1880//1880
f 1880//1880 2013//2013 1817//1817
f 692//692 2014//2014 1901//1901
f 1901//1901 2014//2014 1838//1838
f 1896//1896 2024//2024 571//571
f 1849//1849 2016//2016 646//646
f 1809//1809 2016//2016 1849//1849
f 642//642 2021//2021 1865//1865
f 1822//1822 2019//2019 1867//1867
f 1881//1881 2020//2020 514//514
f 1862//1862 2015//2015 1804//1804
f 1819//1819 2020//2020 1881//1881
f 1865//1865 2021//2021 1827//1827
f 1865//1865 2018//2018 641//641
f 518//518 2015//2015 1862//1862
f 1867//1867 2019//2019 523//523
f 1871//1871 2017//2017 1805//1805
f 527//527 2017//2017 1871//1871
f 1808//1808 2018//2018 1865//1865
f 1887//1887 2022//2022 536//536
f 1826//1826 2022//2022 1887//1887
f 575//575 2023//2023 1909//1909
f 1909//1909 2023//2023 1798//1798
f 1813//1813 2024//2024 1896//1896
f 1801//1801 2025//2025 1914//1914
f 1914//1914 2025//2025 696//696
f 509//509 2082//2082 510//510
f 1936//1936 2081//2081 1794//1794
f 1795//1795 2080//2080 1935//1935
f 1794//1794 2081//2081 1938//1938
f 1937//1937 2080//2080 1795//1795
f 1795//1795 2010//2010 1917//1917
f 1915//1915 2009//2009 1794//1794
f 700//700 2038//2038 699//699
f 604//604 2039//2039 603//603
f 1817//1817 2041//2041 1878//1878
f 1838//1838 2027//2027 1900//1900
f 1850//1850 2028//2028 1809//1809
f 1876//1876 2031//2031 1822//1822
f 1805//1805 2036//2036 1882//1882
f 1804//1804 2032//2032 1866//1866
f 1889//1889 2037//2037 1826//1826
f 1827//1827 2034//2034 1864//1864
f 1879//1879 2030//2030 1819//1819
f 1798//1798 2035//2035 1910//1910
f 1864//1864 2033//2033 1808//1808
f 1895//1895 2029//2029 1813//1813
f 1913//1913 2040//2040 1801//1801
f 1900//1900 2027//2027 594//594
f 669//669 2029//2029 1895//1895
f 548//548 2028//2028 1850//1850
f 1864//1864 2034//2034 544//544
f 543//543 2033//2033 1864//1864
f 1866//1866 2032//2032 616//616
f 621//621 2031//2031 1876//1876
f 1882//1882 2036//2036 625//625
f 612//612 2030//2030 1879//1879
f 634//634 2037//2037 1889//1889
f 1910//1910 2035//2035 673//673
f 1878//1878 2041//2041 609//609
f 540//540 2048//2048 541//541
f 614//614 2050//2050 613//613
f 637//637 2047//2047 636//636
f 624//624 2049//2049 623//623
f 545//545 2051//2051 546//546
f 671//671 2045//2045 670//670
f 596//596 2046//2046 597//597
f 598//598 2040//2040 1913//1913
f 1942//1942 2048//2048 540//540
f 1946//1946 2047//2047 637//637
f 1949//1949 2049//2049 624//624
f 613//613 2050//2050 1948//1948
f 1951//1951 2051//2051 545//545
f 670//670 2045//2045 1941//1941
f 597//597 2046//2046 1952//1952
f 1918//1918 2012//2012 698//698
f 600//600 2011//2011 1917//1917
f 1796//1796 2026//2026 1915//1915
f 608//608 2052//2052 607//607
f 1954//1954 2052//2052 608//608
f 1797//1797 2012//2012 1918//1918
f 1917//1917 2011//2011 1797//1797
f 1916//1916 2042//2042 1796//1796
f 1915//1915 2026//2026 507//507
f 1920//1920 2013//2013 510//510
f 1919//1919 2026//2026 1796//1796
f 695//695 2025//2025 1934//1934
f 572//572 2024//2024 1933//1933
f 1932//1932 2023//2023 574//574
f 645//645 2016//2016 1922//1922
f 640//640 2018//2018 1923//1923
f 1926//1926 2015//2015 517//517
f 537//537 2022//2022 1930//1930
f 1927//1927 2021//2021 643//643
f 1924//1924 2017//2017 526//526
f 515//515 2020//2020 1931//1931
f 524//524 2019//2019 1925//1925
f 1921//1921 2014//2014 693//693
f 1918//1918 2038//2038 1795//1795
f 1794//1794 2039//2039 1916//1916
f 505//505 2009//2009 506//506
f 601//601 2010//2010 602//602
f 1817//1817 2013//2013 1920//1920
f 508//508 2026//2026 1919//1919
f 1838//1838 2014//2014 1921//1921
f 1804//1804 2015//2015 1926//1926
f 1827//1827 2021//2021 1927//1927
f 1925//1925 2019//2019 1822//1822
f 1805//1805 2017//2017 1924//1924
f 1931//1931 2020//2020 1819//1819
f 1930//1930 2022//2022 1826//1826
f 1922//1922 2016//2016 1809//1809
f 1923//1923 2018//2018 1808//1808
f 1798//1798 2023//2023 1932//1932
f 1934//1934 2025//2025 1801//1801
f 1933//1933 2024//2024 1813//1813
f 1807//1807 2044//2044 1928//1928
f 1807//1807 2043//2043 1929//1929
f 370//370 2080//2080 1937//1937
f 1938//1938 2081//2081 44//44
f 670//670 2029//2029 669//669
f 547//547 2028//2028 548//548
f 542//542 2033//2033 543//543
f 594//594 2027//2027 595//595
f 544//544 2034//2034 545//545
f 616//616 2032//2032 615//615
f 622//622 2031//2031 621//621
f 625//625 2036//2036 624//624
f 613//613 2030//2030 612//612
f 635//635 2037//2037 634//634
f 673//673 2035//2035 672//672
f 609//609 2041//2041 608//608
f 1941//1941 2029//2029 670//670
f 1950//1950 2028//2028 547//547
f 1943//1943 2033//2033 542//542
f 545//545 2034//2034 1951//1951
f 615//615 2032//2032 1945//1945
f 1948//1948 2030//2030 613//613
f 672//672 2035//2035 1939//1939
f 1944//1944 2037//2037 635//635
f 1947//1947 2031//2031 622//622
f 624//624 2036//2036 1949//1949
f 595//595 2027//2027 1940//1940
f 608//608 2041//2041 1954//1954
f 597//597 2040//2040 598//598
f 505//505 2053//2053 2009//2009
f 2010//2010 2054//2054 602//602
f 1952//1952 2040//2040 597//597
f 605//605 2042//2042 1916//1916
f 1796//1796 2055//2055 1919//1919
f 1937//1937 2056//2056 370//370
f 44//44 2057//2057 1938//1938
f 1935//1935 2010//2010 1795//1795
f 1794//1794 2009//2009 1936//1936
f 1846//1846 2058//2058 1920//1920
f 1921//1921 2059//2059 1838//1838
f 1930//1930 2061//2061 1841//1841
f 1841//1841 2066//2066 1929//1929
f 1839//1839 2070//2070 1932//1932
f 1843//1843 2069//2069 1928//1928
f 1926//1926 2063//2063 1804//1804
f 1844//1844 2060//2060 1927//1927
f 1819//1819 2064//2064 1931//1931
f 1924//1924 2065//2065 1805//1805
f 1925//1925 2062//2062 1842//1842
f 1808//1808 2067//2067 1923//1923
f 1922//1922 2068//2068 1844//1844
f 1933//1933 2071//2071 1839//1839
f 1801//1801 2072//2072 1934//1934
f 571//571 2024//2024 572//572
f 696//696 2025//2025 695//695
f 574//574 2023//2023 575//575
f 646//646 2016//2016 645//645
f 641//641 2018//2018 640//640
f 536//536 2022//2022 537//537
f 514//514 2020//2020 515//515
f 526//526 2017//2017 527//527
f 643//643 2021//2021 642//642
f 517//517 2015//2015 518//518
f 523//523 2019//2019 524//524
f 693//693 2014//2014 692//692
f 510//510 2013//2013 511//511
f 599//599 2011//2011 600//600
f 698//698 2012//2012 697//697
f 1795//1795 2038//2038 1937//1937
f 1938//1938 2039//2039 1794//1794
f 602//602 2054//2054 24//24
f 5//5 2053//2053 505//505
f 1919//1919 2055//2055 1846//1846
f 588//588 1993//1993 589//589
f 687//687 1978//1978 686//686
f 592//592 1995//1995 593//593
f 691//691 2007//2007 690//690
f 565//565 1974//1974 566//566
f 664//664 1977//1977 663//663
f 567//567 1962//1962 568//568
f 654//654 1968//1968 653//653
f 666//666 1964//1964 665//665
f 563//563 1973//1973 564//564
f 662//662 1976//1976 661//661
f 569//569 1969//1969 570//570
f 668//668 1970//1970 667//667
f 586//586 1956//1956 587//587
f 685//685 1958//1958 684//684
f 555//555 1961//1961 556//556
f 576//576 1989//1989 577//577
f 675//675 2003//2003 674//674
f 578//578 1990//1990 579//579
f 677//677 2004//2004 676//676
f 512//512 1971//1971 513//513
f 530//530 1959//1959 531//531
f 629//629 1966//1966 628//628
f 689//689 1980//1980 688//688
f 590//590 1994//1994 591//591
f 580//580 1955//1955 581//581
f 559//559 1972//1972 560//560
f 561//561 1965//1965 562//562
f 660//660 1963//1963 659//659
f 658//658 1975//1975 657//657
f 519//519 1981//1981 520//520
f 679//679 1957//1957 678//678
f 618//618 1996//1996 617//617
f 521//521 1982//1982 522//522
f 620//620 1997//1997 619//619
f 528//528 1983//1983 529//529
f 534//534 1985//1985 535//535
f 627//627 1998//1998 626//626
f 633//633 2000//2000 632//632
f 532//532 1984//1984 533//533
f 631//631 1999//1999 630//630
f 551//551 1960//1960 552//552
f 656//656 2002//2002 655//655
f 557//557 1988//1988 558//558
f 611//611 2008//2008 610//610
f 650//650 1967//1967 649//649
f 681//681 2005//2005 680//680
f 553//553 1987//1987 554//554
f 652//652 2001//2001 651//651
f 582//582 1991//1991 583//583
f 648//648 1979//1979 647//647
f 549//549 1986//1986 550//550
f 683//683 2006//2006 682//682
f 584//584 1992//1992 585//585
f 1928//1928 2044//2044 638//638
f 1929//1929 2043//2043 539//539
f 1920//1920 2058//2058 1817//1817
f 369//369 2080//2080 370//370
f 44//44 2081//2081 43//43
f 1845//1845 2059//2059 1921//1921
f 1822//1822 2062//2062 1925//1925
f 1931//1931 2064//2064 1840//1840
f 1842//1842 2065//2065 1924//1924
f 1927//1927 2060//2060 1827//1827
f 1923//1923 2067//2067 1843//1843
f 1840//1840 2063//2063 1926//1926
f 1809//1809 2068//2068 1922//1922
f 1928//1928 2069//2069 1807//1807
f 1826//1826 2061//2061 1930//1930
f 1929//1929 2066//2066 1807//1807
f 1932//1932 2070//2070 1798//1798
f 1813//1813 2071//2071 1933//1933
f 1934//1934 2072//2072 1845//1845
f 1796//1796 2042//2042 1953//1953
f 507//507 2026//2026 508//508
f 1942//1942 2043//2043 1807//1807
f 1946//1946 2044//2044 1807//1807
f 2009//2009 2053//2053 1936//1936
f 1935//1935 2054//2054 2010//2010
f 24//24 2054//2054 368//368
f 42//42 2053//2053 5//5
f 43//43 2081//2081 1936//1936
f 1935//1935 2080//2080 369//369
f 603//603 2057//2057 8//8
f 21//21 2056//2056 700//700
f 1801//1801 2040//2040 1952//1952
f 1939//1939 2035//2035 1798//1798
f 1945//1945 2032//2032 1804//1804
f 1826//1826 2037//2037 1944//1944
f 1949//1949 2036//2036 1805//1805
f 1951//1951 2034//2034 1827//1827
f 1819//1819 2030//2030 1948//1948
f 1822//1822 2031//2031 1947//1947
f 1940//1940 2027//2027 1838//1838
f 1808//1808 2033//2033 1943//1943
f 1809//1809 2028//2028 1950//1950
f 1813//1813 2029//2029 1941//1941
f 1954//1954 2041//2041 1817//1817
f 606//606 2042//2042 605//605
f 1953//1953 2042//2042 606//606
f 1936//1936 2053//2053 42//42
f 368//368 2054//2054 1935//1935
f 539//539 2043//2043 540//540
f 638//638 2044//2044 637//637
f 540//540 2043//2043 1942//1942
f 637//637 2044//2044 1946//1946
f 1953//1953 2052//2052 1846//1846
f 1839//1839 2045//2045 1939//1939
f 1950//1950 2051//2051 1844//1844
f 1944//1944 2047//2047 1841//1841
f 1947//1947 2049//2049 1842//1842
f 1840//1840 2050//2050 1945//1945
f 1943//1943 2048//2048 1843//1843
f 1845//1845 2046//2046 1940//1940
f 1938//1938 2057//2057 603//603
f 700//700 2056//2056 1937//1937
f 1841//1841 2047//2047 1946//1946
f 1941//1941 2045//2045 1839//1839
f 1844//1844 2051//2051 1951//1951
f 1843//1843 2048//2048 1942//1942
f 1842//1842 2049//2049 1949//1949
f 1948//1948 2050//2050 1840//1840
f 1952//1952 2046//2046 1845//1845
f 1840//1840 2064//2064 1948//1948
f 1798//1798 2070//2070 1939//1939
f 1843//1843 2067//2067 1943//1943
f 1949//1949 2065//2065 1842//1842
f 1947//1947 2062//2062 1822//1822
f 1945//1945 2063//2063 1840//1840
f 1807//1807 2069//2069 1942//1942
f 1944//1944 2061//2061 1826//1826
f 1827//1827 2060//2060 1951//1951
f 1807//1807 2066//2066 1946//1946
f 1950//1950 2068//2068 1809//1809
f 1941//1941 2071//2071 1813//1813
f 1940//1940 2059//2059 1845//1845
f 1845//1845 2072//2072 1952//1952
f 1846//1846 2055//2055 1953//1953
f 1846//1846 2052//2052 1954//1954
f 1817//1817 2058//2058 1954//1954
f 1838//1838 2059//2059 1940//1940
f 1939//1939 2070//2070 1839//1839
f 1841//1841 2061//2061 1944//1944
f 1951//1951 2060//2060 1844//1844
f 1946//1946 2066//2066 1841//1841
f 1839//1839 2071//2071 1941//1941
f 1804//1804 2063//2063 1945//1945
f 1948//1948 2064//2064 1819//1819
f 1844//1844 2068//2068 1950//1950
f 1842//1842 2062//2062 1947//1947
f 1805//1805 2065//2065 1949//1949
f 1942//1942 2069//2069 1843//1843
f 1943//1943 2067//2067 1808//1808
f 1952//1952 2072//2072 1801//1801
f 1953//1953 2055//2055 1796//1796
f 1954//1954 2058//2058 1846//1846
f 370//370 2056//2056 21//21
f 8//8 2057//2057 44//44
f 701//701 2181//2181 28//28
f 2181//2181 397//397 28//28
f 2180//2180 798//798 16//16
f 361//361 2180//2180 16//16
f 2181//2181 603//603 8//8
f 2150//2150 769//769 2151//2151
f 397//397 2181//2181 8//8
f 603//603 2083//2083 604//604
f 702//702 2083//2083 701//701
f 2150//2150 2151//2151 671//671
f 2149//2149 768//768 2150//2150
f 700//700 2180//2180 21//21
f 2149//2149 2150//2150 670//670
f 2180//2180 361//361 21//21
f 699//699 2179//2179 700//700
f 798//798 2179//2179 797//797
f 2157//2157 776//776 2158//2158
f 2157//2157 2158//2158 678//678
f 698//698 2178//2178 699//699
f 797//797 2178//2178 796//796
f 2148//2148 767//767 2149//2149
f 2148//2148 2149//2149 669//669
f 697//697 2177//2177 698//698
f 796//796 2177//2177 795//795
f 2158//2158 777//777 2159//2159
f 2158//2158 2159//2159 679//679
f 2176//2176 697//697 696//696
f 2176//2176 794//794 795//795
f 2159//2159 778//778 2160//2160
f 2159//2159 2160//2160 680//680
f 2175//2175 696//696 695//695
f 2175//2175 793//793 794//794
f 2160//2160 779//779 2161//2161
f 2160//2160 2161//2161 681//681
f 2174//2174 695//695 694//694
f 2174//2174 792//792 793//793
f 2166//2166 785//785 2167//2167
f 2166//2166 2167//2167 687//687
f 2161//2161 780//780 2162//2162
f 2161//2161 2162//2162 682//682
f 2173//2173 791//791 792//792
f 2173//2173 694//694 693//693
f 2163//2163 782//782 2164//2164
f 2163//2163 2164//2164 684//684
f 2172//2172 790//790 791//791
f 2172//2172 693//693 692//692
f 2171//2171 692//692 691//691
f 2171//2171 789//789 790//790
f 2165//2165 784//784 2166//2166
f 2165//2165 2166//2166 686//686
f 2170//2170 691//691 690//690
f 2170//2170 788//788 789//789
f 2162//2162 781//781 2163//2163
f 2162//2162 2163//2163 683//683
f 2164//2164 783//783 2165//2165
f 2164//2164 2165//2165 685//685
f 2169//2169 787//787 788//788
f 2169//2169 690//690 689//689
f 2176//2176 795//795 2177//2177
f 2176//2176 2177//2177 697//697
f 2168//2168 786//786 787//787
f 2168//2168 689//689 688//688
f 2147//2147 766//766 2148//2148
f 2147//2147 2148//2148 668//668
f 2167//2167 785//785 786//786
f 2167//2167 688//688 687//687
f 2166//2166 687//687 686//686
f 2166//2166 784//784 785//785
f 2115//2115 734//734 2116//2116
f 2115//2115 2116//2116 636//636
f 2165//2165 686//686 685//685
f 2165//2165 783//783 784//784
f 2175//2175 794//794 2176//2176
f 2175//2175 2176//2176 696//696
f 2114//2114 733//733 2115//2115
f 2114//2114 2115//2115 635//635
f 2164//2164 782//782 783//783
f 2164//2164 685//685 684//684
f 2163//2163 684//684 683//683
f 2163//2163 781//781 782//782
f 2177//2177 796//796 2178//2178
f 2177//2177 2178//2178 698//698
f 2146//2146 765//765 2147//2147
f 2146//2146 2147//2147 667//667
f 2162//2162 780//780 781//781
f 2162//2162 683//683 682//682
f 2116//2116 735//735 2117//2117
f 2116//2116 2117//2117 637//637
f 2161//2161 779//779 780//780
f 2161//2161 682//682 681//681
f 2171//2171 790//790 2172//2172
f 2171//2171 2172//2172 692//692
f 2160//2160 778//778 779//779
f 2160//2160 681//681 680//680
f 2174//2174 793//793 2175//2175
f 2174//2174 2175//2175 695//695
f 2159//2159 777//777 778//778
f 2159//2159 680//680 679//679
f 2113//2113 732//732 2114//2114
f 2113//2113 2114//2114 634//634
f 2158//2158 776//776 777//777
f 2158//2158 679//679 678//678
f 2172//2172 791//791 2173//2173
f 2172//2172 2173//2173 693//693
f 2157//2157 775//775 776//776
f 2157//2157 678//678 677//677
f 2167//2167 786//786 2168//2168
f 2167//2167 2168//2168 688//688
f 2156//2156 774//774 775//775
f 2156//2156 677//677 676//676
f 2178//2178 797//797 2179//2179
f 2178//2178 2179//2179 699//699
f 2155//2155 773//773 774//774
f 2155//2155 676//676 675//675
f 2173//2173 792//792 2174//2174
f 2173//2173 2174//2174 694//694
f 2154//2154 772//772 773//773
f 2154//2154 675//675 674//674
f 2170//2170 789//789 2171//2171
f 2170//2170 2171//2171 691//691
f 2153//2153 771//771 772//772
f 2153//2153 674//674 673//673
f 2145//2145 764//764 2146//2146
f 2145//2145 2146//2146 666//666
f 2152//2152 770//770 771//771
f 2152//2152 673//673 672//672
f 2151//2151 672//672 671//671
f 2151//2151 769//769 770//770
f 2117//2117 736//736 2118//2118
f 2117//2117 2118//2118 638//638
f 2150//2150 671//671 670//670
f 2150//2150 768//768 769//769
f 2168//2168 787//787 2169//2169
f 2168//2168 2169//2169 689//689
f 2149//2149 670//670 669//669
f 2149//2149 767//767 768//768
f 2169//2169 788//788 2170//2170
f 2169//2169 2170//2170 690//690
f 2148//2148 669//669 668//668
f 2148//2148 766//766 767//767
f 2179//2179 798//798 2180//2180
f 2179//2179 2180//2180 700//700
f 2147//2147 668//668 667//667
f 2147//2147 765//765 766//766
f 2112//2112 731//731 2113//2113
f 2112//2112 2113//2113 633//633
f 2146//2146 667//667 666//666
f 2146//2146 764//764 765//765
f 2144//2144 763//763 2145//2145
f 2144//2144 2145//2145 665//665
f 2145//2145 666//666 665//665
f 2145//2145 763//763 764//764
f 2118//2118 737//737 2119//2119
f 2118//2118 2119//2119 639//639
f 2144//2144 665//665 664//664
f 2144//2144 762//762 763//763
f 2111//2111 730//730 2112//2112
f 2111//2111 2112//2112 632//632
f 2143//2143 664//664 663//663
f 2143//2143 761//761 762//762
f 2143//2143 762//762 2144//2144
f 2143//2143 2144//2144 664//664
f 2142//2142 663//663 662//662
f 2142//2142 760//760 761//761
f 2119//2119 738//738 2120//2120
f 2119//2119 2120//2120 640//640
f 2141//2141 662//662 661//661
f 2141//2141 759//759 760//760
f 2110//2110 729//729 2111//2111
f 2110//2110 2111//2111 631//631
f 2140//2140 661//661 660//660
f 2140//2140 758//758 759//759
f 2142//2142 761//761 2143//2143
f 2142//2142 2143//2143 663//663
f 2139//2139 660//660 659//659
f 2139//2139 757//757 758//758
f 2120//2120 739//739 2121//2121
f 2120//2120 2121//2121 641//641
f 2138//2138 659//659 658//658
f 2138//2138 756//756 757//757
f 2109//2109 728//728 2110//2110
f 2109//2109 2110//2110 630//630
f 2137//2137 658//658 657//657
f 2137//2137 755//755 756//756
f 2141//2141 760//760 2142//2142
f 2141//2141 2142//2142 662//662
f 2136//2136 657//657 656//656
f 2136//2136 754//754 755//755
f 2121//2121 740//740 2122//2122
f 2121//2121 2122//2122 642//642
f 2135//2135 656//656 655//655
f 2135//2135 753//753 754//754
f 2108//2108 727//727 2109//2109
f 2108//2108 2109//2109 629//629
f 2134//2134 655//655 654//654
f 2134//2134 752//752 753//753
f 2140//2140 759//759 2141//2141
f 2140//2140 2141//2141 661//661
f 2133//2133 654//654 653//653
f 2133//2133 751//751 752//752
f 2122//2122 741//741 2123//2123
f 2122//2122 2123//2123 643//643
f 2107//2107 726//726 2108//2108
f 2107//2107 2108//2108 628//628
f 2132//2132 750//750 751//751
f 2132//2132 653//653 652//652
f 2139//2139 758//758 2140//2140
f 2139//2139 2140//2140 660//660
f 750//750 2131//2131 749//749
f 651//651 2131//2131 652//652
f 650//650 2130//2130 651//651
f 749//749 2130//2130 748//748
f 2123//2123 742//742 2124//2124
f 2123//2123 2124//2124 644//644
f 649//649 2129//2129 650//650
f 748//748 2129//2129 747//747
f 2106//2106 725//725 2107//2107
f 2106//2106 2107//2107 627//627
f 648//648 2128//2128 649//649
f 747//747 2128//2128 746//746
f 2138//2138 757//757 2139//2139
f 2138//2138 2139//2139 659//659
f 647//647 2127//2127 648//648
f 746//746 2127//2127 745//745
f 2124//2124 743//743 2125//2125
f 2124//2124 2125//2125 645//645
f 646//646 2126//2126 647//647
f 745//745 2126//2126 744//744
f 2105//2105 724//724 2106//2106
f 2105//2105 2106//2106 626//626
f 645//645 2125//2125 646//646
f 744//744 2125//2125 743//743
f 2137//2137 756//756 2138//2138
f 2137//2137 2138//2138 658//658
f 644//644 2124//2124 645//645
f 743//743 2124//2124 742//742
f 2125//2125 744//744 2126//2126
f 2125//2125 2126//2126 646//646
f 643//643 2123//2123 644//644
f 742//742 2123//2123 741//741
f 2104//2104 723//723 2105//2105
f 2104//2104 2105//2105 625//625
f 642//642 2122//2122 643//643
f 741//741 2122//2122 740//740
f 2103//2103 722//722 2104//2104
f 2103//2103 2104//2104 624//624
f 641//641 2121//2121 642//642
f 740//740 2121//2121 739//739
f 2102//2102 721//721 2103//2103
f 2102//2102 2103//2103 623//623
f 640//640 2120//2120 641//641
f 739//739 2120//2120 738//738
f 2136//2136 755//755 2137//2137
f 2136//2136 2137//2137 657//657
f 639//639 2119//2119 640//640
f 738//738 2119//2119 737//737
f 2126//2126 745//745 2127//2127
f 2126//2126 2127//2127 647//647
f 638//638 2118//2118 639//639
f 737//737 2118//2118 736//736
f 2101//2101 720//720 2102//2102
f 2101//2101 2102//2102 622//622
f 637//637 2117//2117 638//638
f 736//736 2117//2117 735//735
f 2135//2135 754//754 2136//2136
f 2135//2135 2136//2136 656//656
f 636//636 2116//2116 637//637
f 735//735 2116//2116 734//734
f 2127//2127 746//746 2128//2128
f 2127//2127 2128//2128 648//648
f 2100//2100 719//719 2101//2101
f 2100//2100 2101//2101 621//621
f 734//734 2115//2115 733//733
f 635//635 2115//2115 636//636
f 2134//2134 753//753 2135//2135
f 2134//2134 2135//2135 655//655
f 733//733 2114//2114 732//732
f 634//634 2114//2114 635//635
f 2128//2128 747//747 2129//2129
f 2128//2128 2129//2129 649//649
f 732//732 2113//2113 731//731
f 633//633 2113//2113 634//634
f 2099//2099 718//718 2100//2100
f 2099//2099 2100//2100 620//620
f 731//731 2112//2112 730//730
f 632//632 2112//2112 633//633
f 2133//2133 752//752 2134//2134
f 2133//2133 2134//2134 654//654
f 730//730 2111//2111 729//729
f 631//631 2111//2111 632//632
f 2129//2129 748//748 2130//2130
f 2129//2129 2130//2130 650//650
f 729//729 2110//2110 728//728
f 630//630 2110//2110 631//631
f 2098//2098 717//717 2099//2099
f 2098//2098 2099//2099 619//619
f 728//728 2109//2109 727//727
f 629//629 2109//2109 630//630
f 2097//2097 716//716 2098//2098
f 2097//2097 2098//2098 618//618
f 727//727 2108//2108 726//726
f 628//628 2108//2108 629//629
f 2130//2130 749//749 2131//2131
f 2130//2130 2131//2131 651//651
f 726//726 2107//2107 725//725
f 627//627 2107//2107 628//628
f 2132//2132 751//751 2133//2133
f 2132//2132 2133//2133 653//653
f 725//725 2106//2106 724//724
f 626//626 2106//2106 627//627
f 2096//2096 715//715 2097//2097
f 2096//2096 2097//2097 617//617
f 724//724 2105//2105 723//723
f 625//625 2105//2105 626//626
f 2095//2095 714//714 2096//2096
f 2095//2095 2096//2096 616//616
f 723//723 2104//2104 722//722
f 624//624 2104//2104 625//625
f 2094//2094 713//713 2095//2095
f 2094//2094 2095//2095 615//615
f 722//722 2103//2103 721//721
f 623//623 2103//2103 624//624
f 2093//2093 712//712 2094//2094
f 2093//2093 2094//2094 614//614
f 721//721 2102//2102 720//720
f 622//622 2102//2102 623//623
f 2092//2092 711//711 2093//2093
f 2092//2092 2093//2093 613//613
f 720//720 2101//2101 719//719
f 621//621 2101//2101 622//622
f 2091//2091 710//710 2092//2092
f 2091//2091 2092//2092 612//612
f 719//719 2100//2100 718//718
f 620//620 2100//2100 621//621
f 2090//2090 709//709 2091//2091
f 2090//2090 2091//2091 611//611
f 718//718 2099//2099 717//717
f 619//619 2099//2099 620//620
f 2089//2089 708//708 2090//2090
f 2089//2089 2090//2090 610//610
f 717//717 2098//2098 716//716
f 618//618 2098//2098 619//619
f 2088//2088 707//707 2089//2089
f 2088//2088 2089//2089 609//609
f 716//716 2097//2097 715//715
f 617//617 2097//2097 618//618
f 2087//2087 706//706 2088//2088
f 2087//2087 2088//2088 608//608
f 715//715 2096//2096 714//714
f 616//616 2096//2096 617//617
f 2086//2086 705//705 2087//2087
f 2086//2086 2087//2087 607//607
f 714//714 2095//2095 713//713
f 615//615 2095//2095 616//616
f 2084//2084 703//703 2085//2085
f 2084//2084 2085//2085 605//605
f 713//713 2094//2094 712//712
f 614//614 2094//2094 615//615
f 2085//2085 704//704 2086//2086
f 2085//2085 2086//2086 606//606
f 712//712 2093//2093 711//711
f 613//613 2093//2093 614//614
f 2083//2083 702//702 2084//2084
f 2083//2083 2084//2084 604//604
f 711//711 2092//2092 710//710
f 612//612 2092//2092 613//613
f 701//701 2083//2083 2181//2181
f 2181//2181 2083//2083 603//603
f 710//710 2091//2091 709//709
f 611//611 2091//2091 612//612
f 2131//2131 750//750 2132//2132
f 2131//2131 2132//2132 652//652
f 709//709 2090//2090 708//708
f 610//610 2090//2090 611//611
f 2156//2156 775//775 2157//2157
f 2156//2156 2157//2157 677//677
f 708//708 2089//2089 707//707
f 609//609 2089//2089 610//610
f 2155//2155 774//774 2156//2156
f 2155//2155 2156//2156 676//676
f 707//707 2088//2088 706//706
f 608//608 2088//2088 609//609
f 2154//2154 773//773 2155//2155
f 2154//2154 2155//2155 675//675
f 706//706 2087//2087 705//705
f 607//607 2087//2087 608//608
f 2153//2153 772//772 2154//2154
f 2153//2153 2154//2154 674//674
f 705//705 2086//2086 704//704
f 606//606 2086//2086 607//607
f 605//605 2085//2085 606//606
f 704//704 2085//2085 703//703
f 2152//2152 771//771 2153//2153
f 2152//2152 2153//2153 673//673
f 2151//2151 770//770 2152//2152
f 2151//2151 2152//2152 672//672
f 703//703 2084//2084 702//702
f 604//604 2084//2084 605//605
f 2301//2301 2302//2302 2185//2185
f 2184//2184 2300//2300 2299//2299
f 2186//2186 2296//2296 2295//2295
f 2295//2295 2296//2296 2224//2224
f 2188//2188 2279//2279 2277//2277
f 2243//2243 2244//2244 2224//2224
f 2191//2191 2283//2283 2281//2281
f 2213//2213 2290//2290 2289//2289
f 2264//2264 2271//2271 2222//2222
f 2297//2297 2298//2298 2223//2223
f 2194//2194 2260//2260 2253//2253
f 2196//2196 2298//2298 2297//2297
f 2219//2219 2244//2244 2243//2243
f 2256//2256 2269//2269 2208//2208
f 2273//2273 2274//2274 2210//2210
f 2209//2209 2274//2274 2273//2273
f 2211//2211 2276//2276 2275//2275
f 2259//2259 2265//2265 2192//2192
f 2254//2254 2267//2267 2206//2206
f 2252//2252 2258//2258 2209//2209
f 2285//2285 2286//2286 2201//2201
f 2255//2255 2268//2268 2207//2207
f 2289//2289 2290//2290 2214//2214
f 2275//2275 2276//2276 2210//2210
f 2199//2199 2271//2271 2264//2264
f 2192//2192 2258//2258 2252//2252
f 2212//2212 2248//2248 2245//2245
f 2208//2208 2265//2265 2259//2259
f 2222//2222 2272//2272 2261//2261
f 2245//2245 2248//2248 2200//2200
f 2205//2205 2267//2267 2254//2254
f 2206//2206 2268//2268 2255//2255
f 2207//2207 2269//2269 2256//2256
f 2253//2253 2260//2260 2215//2215
f 2261//2261 2272//2272 2200//2200
f 2266//2266 2278//2278 2204//2204
f 2281//2281 2283//2283 2198//2198
f 2193//2193 2251//2251 2250//2250
f 2250//2250 2251//2251 2214//2214
f 2277//2277 2279//2279 2219//2219
f 2249//2249 2257//2257 2223//2223
f 2197//2197 2257//2257 2249//2249
f 2190//2190 2288//2288 2287//2287
f 2202//2202 2278//2278 2266//2266
f 2287//2287 2288//2288 2202//2202
f 2186//2186 2238//2238 2237//2237
f 2197//2197 2294//2294 2293//2293
f 2239//2239 2240//2240 2216//2216
f 2203//2203 2242//2242 2241//2241
f 2195//2195 2240//2240 2239//2239
f 2241//2241 2242//2242 2190//2190
f 2262//2262 2263//2263 2191//2191
f 2198//2198 2286//2286 2285//2285
f 2217//2217 2292//2292 2291//2291
f 2293//2293 2294//2294 2217//2217
f 2291//2291 2292//2292 2203//2203
f 2204//2204 2263//2263 2262//2262
f 2220//2220 2247//2247 2246//2246
f 2270//2270 2284//2284 2216//2216
f 2196//2196 2284//2284 2270//2270
f 2280//2280 2282//2282 2220//2220
f 2237//2237 2238//2238 2225//2225
f 2189//2189 2236//2236 2235//2235
f 2246//2246 2247//2247 2225//2225
f 2235//2235 2236//2236 2221//2221
f 2226//2226 2282//2282 2280//2280
f 2189//2189 2302//2302 2301//2301
f 2299//2299 2300//2300 2205//2205
f 2303//2303 2304//2304 2182//2182
f 2305//2305 2306//2306 2183//2183
f 2184//2184 2304//2304 2303//2303
f 2185//2185 2306//2306 2305//2305
f 792//792 2236//2236 793//793
f 891//891 2235//2235 890//890
f 787//787 2282//2282 788//788
f 886//886 2280//2280 885//885
f 884//884 2246//2246 883//883
f 785//785 2247//2247 786//786
f 783//783 2237//2237 784//784
f 882//882 2238//2238 881//881
f 855//855 2242//2242 854//854
f 756//756 2241//2241 757//757
f 746//746 2284//2284 747//747
f 845//845 2270//2270 844//844
f 744//744 2239//2239 745//745
f 843//843 2240//2240 842//842
f 861//861 2263//2263 860//860
f 762//762 2262//2262 763//763
f 754//754 2291//2291 755//755
f 853//853 2292//2292 852//852
f 750//750 2257//2257 751//751
f 849//849 2249//2249 848//848
f 752//752 2293//2293 753//753
f 851//851 2294//2294 850//850
f 758//758 2287//2287 759//759
f 857//857 2288//2288 856//856
f 734//734 2251//2251 735//735
f 833//833 2250//2250 832//832
f 859//859 2278//2278 858//858
f 766//766 2285//2285 767//767
f 865//865 2286//2286 864//864
f 760//760 2266//2266 761//761
f 826//826 2245//2245 825//825
f 727//727 2248//2248 728//728
f 725//725 2261//2261 726//726
f 712//712 2259//2259 713//713
f 824//824 2272//2272 823//823
f 739//739 2253//2253 740//740
f 838//838 2260//2260 837//837
f 706//706 2254//2254 707//707
f 710//710 2256//2256 711//711
f 714//714 2252//2252 715//715
f 708//708 2255//2255 709//709
f 764//764 2281//2281 765//765
f 863//863 2283//2283 862//862
f 779//779 2243//2243 780//780
f 813//813 2258//2258 812//812
f 777//777 2277//2277 778//778
f 876//876 2279//2279 875//875
f 718//718 2276//2276 719//719
f 817//817 2275//2275 816//816
f 723//723 2264//2264 724//724
f 716//716 2273//2273 717//717
f 878//878 2244//2244 877//877
f 815//815 2274//2274 814//814
f 822//822 2271//2271 821//821
f 811//811 2265//2265 810//810
f 805//805 2267//2267 804//804
f 807//807 2268//2268 806//806
f 809//809 2269//2269 808//808
f 732//732 2289//2289 733//733
f 831//831 2290//2290 830//830
f 748//748 2297//2297 749//749
f 847//847 2298//2298 846//846
f 880//880 2295//2295 879//879
f 781//781 2296//2296 782//782
f 704//704 2299//2299 705//705
f 803//803 2300//2300 802//802
f 893//893 2302//2302 892//892
f 794//794 2301//2301 795//795
f 867//867 2328//2328 866//866
f 742//742 2331//2331 743//743
f 720//720 2333//2333 721//721
f 737//737 2330//2330 738//738
f 729//729 2335//2335 730//730
f 790//790 2342//2342 791//791
f 772//772 2340//2340 773//773
f 874//874 2329//2329 873//873
f 895//895 2306//2306 894//894
f 796//796 2305//2305 797//797
f 702//702 2304//2304 703//703
f 801//801 2303//2303 800//800
f 867//867 2434//2434 2328//2328
f 2333//2333 2436//2436 721//721
f 772//772 2440//2440 2340//2340
f 742//742 2437//2437 2331//2331
f 2335//2335 2438//2438 730//730
f 737//737 2435//2435 2330//2330
f 2329//2329 2439//2439 873//873
f 790//790 2433//2433 2342//2342
f 2303//2303 2397//2397 800//800
f 2305//2305 2398//2398 797//797
f 895//895 2428//2428 2306//2306
f 702//702 2427//2427 2304//2304
f 887//887 2465//2465 2321//2321
f 776//776 2467//2467 2307//2307
f 770//770 2461//2461 2312//2312
f 2317//2317 2463//2463 841//841
f 2311//2311 2462//2462 836//836
f 818//818 2464//2464 2315//2315
f 2316//2316 2461//2461 768//768
f 827//827 2466//2466 2313//2313
f 2314//2314 2464//2464 820//820
f 2309//2309 2468//2468 871//871
f 834//834 2462//2462 2318//2318
f 2320//2320 2466//2466 829//829
f 839//839 2463//2463 2319//2319
f 2310//2310 2467//2467 774//774
f 2322//2322 2465//2465 889//889
f 869//869 2468//2468 2308//2308
f 891//891 2356//2356 2235//2235
f 2236//2236 2354//2354 793//793
f 2280//2280 2372//2372 885//885
f 787//787 2391//2391 2282//2282
f 2189//2189 2354//2354 2236//2236
f 2235//2235 2356//2356 2189//2189
f 2247//2247 2391//2391 786//786
f 884//884 2372//2372 2246//2246
f 783//783 2343//2343 2237//2237
f 2238//2238 2344//2344 881//881
f 855//855 2352//2352 2242//2242
f 2220//2220 2372//2372 2280//2280
f 756//756 2365//2365 2241//2241
f 2241//2241 2345//2345 757//757
f 2242//2242 2368//2368 854//854
f 2220//2220 2391//2391 2247//2247
f 2237//2237 2390//2390 784//784
f 2244//2244 2384//2384 2224//2224
f 2282//2282 2391//2391 2220//2220
f 882//882 2374//2374 2238//2238
f 2224//2224 2381//2381 2243//2243
f 2246//2246 2372//2372 2220//2220
f 2186//2186 2344//2344 2238//2238
f 2246//2246 2374//2374 883//883
f 2237//2237 2343//2343 2186//2186
f 746//746 2378//2378 2284//2284
f 2239//2239 2378//2378 745//745
f 2270//2270 2387//2387 844//844
f 785//785 2390//2390 2247//2247
f 843//843 2387//2387 2240//2240
f 845//845 2364//2364 2270//2270
f 2257//2257 2362//2362 751//751
f 2191//2191 2349//2349 2283//2283
f 2284//2284 2351//2351 747//747
f 849//849 2348//2348 2249//2249
f 2266//2266 2367//2367 761//761
f 861//861 2349//2349 2263//2263
f 762//762 2367//2367 2262//2262
f 853//853 2368//2368 2292//2292
f 2281//2281 2346//2346 2191//2191
f 2186//2186 2343//2343 2296//2296
f 2262//2262 2346//2346 763//763
f 2263//2263 2370//2370 860//860
f 2295//2295 2344//2344 2186//2186
f 2291//2291 2365//2365 755//755
f 859//859 2370//2370 2278//2278
f 750//750 2379//2379 2257//2257
f 2249//2249 2388//2388 848//848
f 754//754 2380//2380 2291//2291
f 2292//2292 2383//2383 852//852
f 758//758 2345//2345 2287//2287
f 2190//2190 2345//2345 2241//2241
f 2243//2243 2381//2381 780//780
f 878//878 2384//2384 2244//2244
f 2250//2250 2389//2389 832//832
f 734//734 2373//2373 2251//2251
f 2242//2242 2352//2352 2190//2190
f 2294//2294 2348//2348 850//850
f 2241//2241 2365//2365 2203//2203
f 2283//2283 2349//2349 862//862
f 2203//2203 2368//2368 2242//2242
f 764//764 2346//2346 2281//2281
f 2288//2288 2352//2352 856//856
f 752//752 2362//2362 2293//2293
f 2245//2245 2363//2363 825//825
f 727//727 2350//2350 2248//2248
f 851//851 2383//2383 2294//2294
f 857//857 2369//2369 2288//2288
f 2243//2243 2371//2371 2219//2219
f 2287//2287 2366//2366 759//759
f 2216//2216 2378//2378 2239//2239
f 2240//2240 2387//2387 2216//2216
f 2265//2265 2347//2347 2192//2192
f 2293//2293 2380//2380 753//753
f 2259//2259 2396//2396 2208//2208
f 2278//2278 2369//2369 858//858
f 2272//2272 2386//2386 823//823
f 2255//2255 2394//2394 2206//2206
f 2204//2204 2367//2367 2266//2266
f 2254//2254 2393//2393 2205//2205
f 725//725 2377//2377 2261//2261
f 2200//2200 2363//2363 2245//2245
f 2219//2219 2392//2392 2244//2244
f 779//779 2371//2371 2243//2243
f 811//811 2347//2347 2265//2265
f 2263//2263 2349//2349 2191//2191
f 2261//2261 2377//2377 2222//2222
f 2271//2271 2386//2386 2222//2222
f 2222//2222 2386//2386 2272//2272
f 824//824 2363//2363 2272//2272
f 2251//2251 2373//2373 2214//2214
f 2265//2265 2360//2360 810//810
f 2252//2252 2361//2361 2192//2192
f 2206//2206 2358//2358 2268//2268
f 714//714 2361//2361 2252//2252
f 2267//2267 2357//2357 804//804
f 2273//2273 2376//2376 717//717
f 2258//2258 2385//2385 2209//2209
f 2273//2273 2375//2375 2209//2209
f 2192//2192 2347//2347 2258//2258
f 2269//2269 2359//2359 808//808
f 2258//2258 2347//2347 812//812
f 2248//2248 2350//2350 2200//2200
f 2274//2274 2382//2382 2210//2210
f 805//805 2358//2358 2267//2267
f 2274//2274 2385//2385 814//814
f 2256//2256 2396//2396 711//711
f 2261//2261 2350//2350 726//726
f 815//815 2382//2382 2274//2274
f 712//712 2396//2396 2259//2259
f 2252//2252 2375//2375 715//715
f 2223//2223 2388//2388 2249//2249
f 2255//2255 2395//2395 709//709
f 718//718 2376//2376 2276//2276
f 2268//2268 2358//2358 806//806
f 2276//2276 2376//2376 2210//2210
f 2210//2210 2382//2382 2275//2275
f 716//716 2375//2375 2273//2273
f 2222//2222 2377//2377 2264//2264
f 2191//2191 2346//2346 2262//2262
f 813//813 2385//2385 2258//2258
f 809//809 2360//2360 2269//2269
f 2275//2275 2382//2382 816//816
f 706//706 2393//2393 2254//2254
f 2209//2209 2375//2375 2252//2252
f 822//822 2386//2386 2271//2271
f 2259//2259 2361//2361 713//713
f 2209//2209 2385//2385 2274//2274
f 2257//2257 2379//2379 2223//2223
f 2244//2244 2392//2392 877//877
f 2210//2210 2376//2376 2273//2273
f 2192//2192 2361//2361 2259//2259
f 2272//2272 2363//2363 2200//2200
f 710//710 2395//2395 2256//2256
f 708//708 2394//2394 2255//2255
f 2214//2214 2389//2389 2250//2250
f 2264//2264 2377//2377 724//724
f 807//807 2359//2359 2268//2268
f 2256//2256 2395//2395 2207//2207
f 2269//2269 2360//2360 2208//2208
f 2268//2268 2359//2359 2207//2207
f 760//760 2366//2366 2266//2266
f 2249//2249 2348//2348 2197//2197
f 2267//2267 2358//2358 2206//2206
f 2206//2206 2394//2394 2254//2254
f 2291//2291 2380//2380 2217//2217
f 2254//2254 2394//2394 707//707
f 2207//2207 2359//2359 2269//2269
f 2207//2207 2395//2395 2255//2255
f 2205//2205 2357//2357 2267//2267
f 2208//2208 2360//2360 2265//2265
f 2200//2200 2350//2350 2261//2261
f 2208//2208 2396//2396 2256//2256
f 2278//2278 2370//2370 2204//2204
f 2196//2196 2351//2351 2284//2284
f 2197//2197 2362//2362 2257//2257
f 2216//2216 2387//2387 2270//2270
f 2289//2289 2373//2373 733//733
f 2287//2287 2345//2345 2190//2190
f 766//766 2353//2353 2285//2285
f 2284//2284 2378//2378 2216//2216
f 2281//2281 2353//2353 765//765
f 2286//2286 2355//2355 864//864
f 2270//2270 2364//2364 2196//2196
f 2292//2292 2368//2368 2203//2203
f 2217//2217 2383//2383 2292//2292
f 2214//2214 2373//2373 2289//2289
f 863//863 2355//2355 2283//2283
f 2190//2190 2352//2352 2288//2288
f 831//831 2389//2389 2290//2290
f 2197//2197 2348//2348 2294//2294
f 2290//2290 2389//2389 2214//2214
f 2294//2294 2383//2383 2217//2217
f 2203//2203 2365//2365 2291//2291
f 2262//2262 2367//2367 2204//2204
f 2202//2202 2369//2369 2278//2278
f 2288//2288 2369//2369 2202//2202
f 2293//2293 2362//2362 2197//2197
f 2204//2204 2370//2370 2263//2263
f 876//876 2392//2392 2279//2279
f 2298//2298 2388//2388 2223//2223
f 2277//2277 2371//2371 778//778
f 2217//2217 2380//2380 2293//2293
f 2298//2298 2364//2364 846//846
f 2202//2202 2366//2366 2287//2287
f 748//748 2351//2351 2297//2297
f 2297//2297 2379//2379 749//749
f 880//880 2344//2344 2295//2295
f 2198//2198 2353//2353 2281//2281
f 2223//2223 2379//2379 2297//2297
f 2225//2225 2390//2390 2237//2237
f 847//847 2388//2388 2298//2298
f 2238//2238 2374//2374 2225//2225
f 2296//2296 2343//2343 782//782
f 2297//2297 2351//2351 2196//2196
f 2196//2196 2364//2364 2298//2298
f 2266//2266 2366//2366 2202//2202
f 2279//2279 2392//2392 2219//2219
f 2219//2219 2371//2371 2277//2277
f 2283//2283 2355//2355 2198//2198
f 2285//2285 2353//2353 2198//2198
f 2198//2198 2355//2355 2286//2286
f 2296//2296 2381//2381 2224//2224
f 2224//2224 2384//2384 2295//2295
f 2225//2225 2374//2374 2246//2246
f 2247//2247 2390//2390 2225//2225
f 2295//2295 2384//2384 879//879
f 781//781 2381//2381 2296//2296
f 704//704 2402//2402 2299//2299
f 2300//2300 2401//2401 802//802
f 893//893 2400//2400 2302//2302
f 2301//2301 2399//2399 795//795
f 2302//2302 2400//2400 2185//2185
f 2185//2185 2399//2399 2301//2301
f 2299//2299 2402//2402 2184//2184
f 2184//2184 2401//2401 2300//2300
f 888//888 2465//2465 887//887
f 775//775 2467//2467 776//776
f 769//769 2461//2461 770//770
f 836//836 2462//2462 835//835
f 841//841 2463//2463 840//840
f 828//828 2466//2466 827//827
f 819//819 2464//2464 818//818
f 768//768 2461//2461 769//769
f 820//820 2464//2464 819//819
f 835//835 2462//2462 834//834
f 829//829 2466//2466 828//828
f 871//871 2468//2468 870//870
f 889//889 2465//2465 888//888
f 840//840 2463//2463 839//839
f 774//774 2467//2467 775//775
f 870//870 2468//2468 869//869
f 350//350 2323//2323 351//351
f 392//392 2324//2324 391//391
f 2205//2205 2393//2393 2299//2299
f 2300//2300 2357//2357 2205//2205
f 803//803 2357//2357 2300//2300
f 2299//2299 2393//2393 705//705
f 2301//2301 2354//2354 2189//2189
f 2189//2189 2356//2356 2302//2302
f 794//794 2354//2354 2301//2301
f 2302//2302 2356//2356 892//892
f 2233//2233 2468//2468 2309//2309
f 2308//2308 2468//2468 2233//2233
f 2307//2307 2467//2467 2228//2228
f 2228//2228 2467//2467 2310//2310
f 2313//2313 2466//2466 2232//2232
f 2231//2231 2463//2463 2317//2317
f 2232//2232 2466//2466 2320//2320
f 2319//2319 2463//2463 2231//2231
f 2229//2229 2464//2464 2314//2314
f 2230//2230 2462//2462 2311//2311
f 2315//2315 2464//2464 2229//2229
f 2318//2318 2462//2462 2230//2230
f 2312//2312 2461//2461 2227//2227
f 2227//2227 2461//2461 2316//2316
f 2321//2321 2465//2465 2234//2234
f 2234//2234 2465//2465 2322//2322
f 2326//2326 2427//2427 701//701
f 2325//2325 2428//2428 896//896
f 2235//2235 2413//2413 890//890
f 2277//2277 2403//2403 2188//2188
f 777//777 2403//2403 2277//2277
f 2285//2285 2408//2408 767//767
f 2201//2201 2408//2408 2285//2285
f 2240//2240 2405//2405 842//842
f 833//833 2412//2412 2250//2250
f 2194//2194 2404//2404 2260//2260
f 2260//2260 2404//2404 837//837
f 826//826 2406//2406 2245//2245
f 2245//2245 2406//2406 2212//2212
f 2213//2213 2410//2410 2290//2290
f 817//817 2407//2407 2275//2275
f 2195//2195 2405//2405 2240//2240
f 2275//2275 2407//2407 2211//2211
f 838//838 2411//2411 2260//2260
f 2199//2199 2409//2409 2271//2271
f 2260//2260 2411//2411 2215//2215
f 2271//2271 2409//2409 821//821
f 2290//2290 2410//2410 830//830
f 2250//2250 2412//2412 2193//2193
f 2221//2221 2413//2413 2235//2235
f 886//886 2414//2414 2280//2280
f 2280//2280 2414//2414 2226//2226
f 2182//2182 2470//2470 2324//2324
f 2183//2183 2469//2469 2323//2323
f 2326//2326 2470//2470 2182//2182
f 2325//2325 2469//2469 2183//2183
f 2182//2182 2397//2397 2303//2303
f 2183//2183 2398//2398 2305//2305
f 701//701 2427//2427 702//702
f 896//896 2428//2428 895//895
f 2188//2188 2416//2416 2279//2279
f 2286//2286 2415//2415 2201//2201
f 2236//2236 2425//2425 2221//2221
f 2212//2212 2420//2420 2248//2248
f 2253//2253 2418//2418 2194//2194
f 2211//2211 2419//2419 2276//2276
f 2215//2215 2422//2422 2253//2253
f 2289//2289 2423//2423 2213//2213
f 2264//2264 2421//2421 2199//2199
f 2193//2193 2424//2424 2251//2251
f 2239//2239 2417//2417 2195//2195
f 2226//2226 2426//2426 2282//2282
f 792//792 2425//2425 2236//2236
f 744//744 2417//2417 2239//2239
f 865//865 2415//2415 2286//2286
f 2251//2251 2424//2424 735//735
f 2279//2279 2416//2416 875//875
f 2282//2282 2426//2426 788//788
f 2248//2248 2420//2420 728//728
f 739//739 2418//2418 2253//2253
f 2253//2253 2422//2422 740//740
f 723//723 2421//2421 2264//2264
f 2276//2276 2419//2419 719//719
f 732//732 2423//2423 2289//2289
f 771//771 2440//2440 772//772
f 868//868 2434//2434 867//867
f 721//721 2436//2436 722//722
f 730//730 2438//2438 731//731
f 741//741 2437//2437 742//742
f 736//736 2435//2435 737//737
f 873//873 2439//2439 872//872
f 789//789 2433//2433 790//790
f 2339//2339 2440//2440 771//771
f 2327//2327 2434//2434 868//868
f 722//722 2436//2436 2332//2332
f 731//731 2438//2438 2337//2337
f 2336//2336 2435//2435 736//736
f 2334//2334 2437//2437 741//741
f 872//872 2439//2439 2338//2338
f 2341//2341 2433//2433 789//789
f 796//796 2399//2399 2305//2305
f 2306//2306 2400//2400 894//894
f 2304//2304 2402//2402 703//703
f 801//801 2401//2401 2303//2303
f 2305//2305 2399//2399 2185//2185
f 2185//2185 2400//2400 2306//2306
f 2303//2303 2401//2401 2184//2184
f 2184//2184 2402//2402 2304//2304
f 2321//2321 2414//2414 887//887
f 841//841 2405//2405 2317//2317
f 2318//2318 2412//2412 834//834
f 820//820 2409//2409 2314//2314
f 2315//2315 2407//2407 818//818
f 836//836 2404//2404 2311//2311
f 2313//2313 2406//2406 827//827
f 829//829 2410//2410 2320//2320
f 2319//2319 2411//2411 839//839
f 768//768 2408//2408 2316//2316
f 2307//2307 2403//2403 776//776
f 889//889 2413//2413 2322//2322
f 2304//2304 2427//2427 2182//2182
f 2306//2306 2428//2428 2183//2183
f 797//797 2398//2398 798//798
f 800//800 2397//2397 799//799
f 2188//2188 2403//2403 2307//2307
f 2311//2311 2404//2404 2194//2194
f 2211//2211 2407//2407 2315//2315
f 2320//2320 2410//2410 2213//2213
f 2212//2212 2406//2406 2313//2313
f 2215//2215 2411//2411 2319//2319
f 2314//2314 2409//2409 2199//2199
f 2317//2317 2405//2405 2195//2195
f 2316//2316 2408//2408 2201//2201
f 2193//2193 2412//2412 2318//2318
f 2226//2226 2414//2414 2321//2321
f 2322//2322 2413//2413 2221//2221
f 2187//2187 2429//2429 2308//2308
f 2309//2309 2430//2430 2218//2218
f 2187//2187 2432//2432 2312//2312
f 2310//2310 2431//2431 2218//2218
f 352//352 2469//2469 2325//2325
f 390//390 2470//2470 2326//2326
f 875//875 2416//2416 874//874
f 866//866 2415//2415 865//865
f 743//743 2417//2417 744//744
f 791//791 2425//2425 792//792
f 738//738 2418//2418 739//739
f 735//735 2424//2424 736//736
f 719//719 2419//2419 720//720
f 728//728 2420//2420 729//729
f 731//731 2423//2423 732//732
f 740//740 2422//2422 741//741
f 722//722 2421//2421 723//723
f 788//788 2426//2426 789//789
f 2328//2328 2415//2415 866//866
f 874//874 2416//2416 2329//2329
f 2331//2331 2417//2417 743//743
f 736//736 2424//2424 2336//2336
f 2330//2330 2418//2418 738//738
f 720//720 2419//2419 2333//2333
f 729//729 2420//2420 2335//2335
f 2337//2337 2423//2423 731//731
f 2332//2332 2421//2421 722//722
f 741//741 2422//2422 2334//2334
f 2342//2342 2425//2425 791//791
f 789//789 2426//2426 2341//2341
f 2398//2398 2441//2441 798//798
f 2397//2397 2442//2442 799//799
f 2325//2325 2443//2443 352//352
f 2326//2326 2444//2444 390//390
f 2324//2324 2397//2397 2182//2182
f 2323//2323 2398//2398 2183//2183
f 2308//2308 2447//2447 2187//2187
f 2218//2218 2452//2452 2309//2309
f 2307//2307 2448//2448 2188//2188
f 2234//2234 2445//2445 2321//2321
f 2322//2322 2446//2446 2234//2234
f 2218//2218 2459//2459 2310//2310
f 2312//2312 2458//2458 2187//2187
f 2201//2201 2460//2460 2316//2316
f 2194//2194 2449//2449 2311//2311
f 2230//2230 2457//2457 2318//2318
f 2313//2313 2451//2451 2212//2212
f 2231//2231 2450//2450 2319//2319
f 2213//2213 2453//2453 2320//2320
f 2199//2199 2455//2455 2314//2314
f 2229//2229 2454//2454 2315//2315
f 2195//2195 2456//2456 2317//2317
f 887//887 2414//2414 886//886
f 890//890 2413//2413 889//889
f 834//834 2412//2412 833//833
f 842//842 2405//2405 841//841
f 821//821 2409//2409 820//820
f 827//827 2406//2406 826//826
f 818//818 2407//2407 817//817
f 839//839 2411//2411 838//838
f 830//830 2410//2410 829//829
f 837//837 2404//2404 836//836
f 767//767 2408//2408 768//768
f 776//776 2403//2403 777//777
f 795//795 2399//2399 796//796
f 802//802 2401//2401 801//801
f 894//894 2400//2400 893//893
f 703//703 2402//2402 704//704
f 2182//2182 2427//2427 2326//2326
f 2183//2183 2428//2428 2325//2325
f 798//798 2441//2441 16//16
f 799//799 2442//2442 31//31
f 883//883 2374//2374 882//882
f 784//784 2390//2390 785//785
f 860//860 2370//2370 859//859
f 761//761 2367//2367 762//762
f 850//850 2348//2348 849//849
f 759//759 2366//2366 760//760
f 858//858 2369//2369 857//857
f 793//793 2354//2354 794//794
f 892//892 2356//2356 891//891
f 765//765 2353//2353 766//766
f 864//864 2355//2355 863//863
f 747//747 2351//2351 748//748
f 751//751 2362//2362 752//752
f 782//782 2343//2343 783//783
f 881//881 2344//2344 880//880
f 755//755 2365//2365 756//756
f 846//846 2364//2364 845//845
f 854//854 2368//2368 853//853
f 757//757 2345//2345 758//758
f 856//856 2352//2352 855//855
f 745//745 2378//2378 746//746
f 825//825 2363//2363 824//824
f 844//844 2387//2387 843//843
f 726//726 2350//2350 727//727
f 753//753 2380//2380 754//754
f 852//852 2383//2383 851//851
f 711//711 2396//2396 712//712
f 810//810 2360//2360 809//809
f 749//749 2379//2379 750//750
f 804//804 2357//2357 803//803
f 806//806 2358//2358 805//805
f 808//808 2359//2359 807//807
f 707//707 2394//2394 708//708
f 848//848 2388//2388 847//847
f 733//733 2373//2373 734//734
f 832//832 2389//2389 831//831
f 812//812 2347//2347 811//811
f 885//885 2372//2372 884//884
f 786//786 2391//2391 787//787
f 715//715 2375//2375 716//716
f 814//814 2385//2385 813//813
f 724//724 2377//2377 725//725
f 823//823 2386//2386 822//822
f 816//816 2382//2382 815//815
f 717//717 2376//2376 718//718
f 713//713 2361//2361 714//714
f 778//778 2371//2371 779//779
f 763//763 2346//2346 764//764
f 862//862 2349//2349 861//861
f 877//877 2392//2392 876//876
f 705//705 2393//2393 706//706
f 709//709 2395//2395 710//710
f 879//879 2384//2384 878//878
f 780//780 2381//2381 781//781
f 871//871 2430//2430 2309//2309
f 2308//2308 2429//2429 869//869
f 774//774 2431//2431 2310//2310
f 2312//2312 2432//2432 770//770
f 351//351 2469//2469 352//352
f 391//391 2470//2470 390//390
f 2228//2228 2448//2448 2307//2307
f 2233//2233 2447//2447 2308//2308
f 2315//2315 2454//2454 2211//2211
f 2311//2311 2449//2449 2230//2230
f 2314//2314 2455//2455 2229//2229
f 2320//2320 2453//2453 2232//2232
f 2232//2232 2451//2451 2313//2313
f 2319//2319 2450//2450 2215//2215
f 2317//2317 2456//2456 2231//2231
f 2227//2227 2458//2458 2312//2312
f 2310//2310 2459//2459 2228//2228
f 2309//2309 2452//2452 2233//2233
f 2318//2318 2457//2457 2193//2193
f 2316//2316 2460//2460 2227//2227
f 2321//2321 2445//2445 2226//2226
f 2221//2221 2446//2446 2322//2322
f 2339//2339 2432//2432 2187//2187
f 2327//2327 2429//2429 2187//2187
f 2218//2218 2430//2430 2338//2338
f 2218//2218 2431//2431 2340//2340
f 2324//2324 2442//2442 2397//2397
f 2323//2323 2441//2441 2398//2398
f 16//16 2441//2441 350//350
f 31//31 2442//2442 392//392
f 2323//2323 2469//2469 351//351
f 2324//2324 2470//2470 391//391
f 28//28 2444//2444 701//701
f 17//17 2443//2443 896//896
f 2213//2213 2423//2423 2337//2337
f 2194//2194 2418//2418 2330//2330
f 2334//2334 2422//2422 2215//2215
f 2199//2199 2421//2421 2332//2332
f 2333//2333 2419//2419 2211//2211
f 2335//2335 2420//2420 2212//2212
f 2201//2201 2415//2415 2328//2328
f 2329//2329 2416//2416 2188//2188
f 2336//2336 2424//2424 2193//2193
f 2195//2195 2417//2417 2331//2331
f 2341//2341 2426//2426 2226//2226
f 2221//2221 2425//2425 2342//2342
f 350//350 2441//2441 2323//2323
f 392//392 2442//2442 2324//2324
f 773//773 2431//2431 774//774
f 869//869 2429//2429 868//868
f 872//872 2430//2430 871//871
f 770//770 2432//2432 771//771
f 868//868 2429//2429 2327//2327
f 2338//2338 2430//2430 872//872
f 2340//2340 2431//2431 773//773
f 771//771 2432//2432 2339//2339
f 2342//2342 2433//2433 2234//2234
f 2330//2330 2435//2435 2230//2230
f 2331//2331 2437//2437 2231//2231
f 2232//2232 2438//2438 2335//2335
f 2229//2229 2436//2436 2333//2333
f 2228//2228 2439//2439 2329//2329
f 2328//2328 2434//2434 2227//2227
f 2340//2340 2440//2440 2233//2233
f 896//896 2443//2443 2325//2325
f 701//701 2444//2444 2326//2326
f 2234//2234 2433//2433 2341//2341
f 2230//2230 2435//2435 2336//2336
f 2332//2332 2436//2436 2229//2229
f 2231//2231 2437//2437 2334//2334
f 2337//2337 2438//2438 2232//2232
f 2227//2227 2434//2434 2327//2327
f 2338//2338 2439//2439 2228//2228
f 2233//2233 2440//2440 2339//2339
f 2230//2230 2449//2449 2330//2330
f 2229//2229 2455//2455 2332//2332
f 2335//2335 2451//2451 2232//2232
f 2211//2211 2454//2454 2333//2333
f 2232//2232 2453//2453 2337//2337
f 2215//2215 2450//2450 2334//2334
f 2327//2327 2458//2458 2227//2227
f 2227//2227 2460//2460 2328//2328
f 2231//2231 2456//2456 2331//2331
f 2193//2193 2457//2457 2336//2336
f 2228//2228 2459//2459 2338//2338
f 2329//2329 2448//2448 2228//2228
f 2339//2339 2447//2447 2233//2233
f 2233//2233 2452//2452 2340//2340
f 2226//2226 2445//2445 2341//2341
f 2342//2342 2446//2446 2221//2221
f 2234//2234 2446//2446 2342//2342
f 2341//2341 2445//2445 2234//2234
f 2188//2188 2448//2448 2329//2329
f 2187//2187 2447//2447 2339//2339
f 2187//2187 2458//2458 2327//2327
f 2334//2334 2450//2450 2231//2231
f 2336//2336 2457//2457 2230//2230
f 2330//2330 2449//2449 2194//2194
f 2328//2328 2460//2460 2201//2201
f 2340//2340 2452//2452 2218//2218
f 2337//2337 2453//2453 2213//2213
f 2212//2212 2451//2451 2335//2335
f 2333//2333 2454//2454 2229//2229
f 2332//2332 2455//2455 2199//2199
f 2331//2331 2456//2456 2195//2195
f 2338//2338 2459//2459 2218//2218
f 352//352 2443//2443 17//17
f 390//390 2444//2444 28//28
f 896//896 2569//2569 17//17
f 2569//2569 359//359 17//17
f 2568//2568 799//799 31//31
f 394//394 2568//2568 31//31
f 2471//2471 248//248 249//249
f 2471//2471 800//800 799//799
f 862//862 2533//2533 2534//2534
f 2534//2534 2533//2533 311//311
f 860//860 2531//2531 2532//2532
f 359//359 2569//2569 13//13
f 2569//2569 345//345 13//13
f 2532//2532 2531//2531 309//309
f 2568//2568 394//394 14//14
f 248//248 2568//2568 14//14
f 861//861 2532//2532 2533//2533
f 2533//2533 2532//2532 310//310
f 895//895 2567//2567 896//896
f 345//345 2567//2567 344//344
f 831//831 2502//2502 2503//2503
f 2503//2503 2502//2502 280//280
f 894//894 2566//2566 895//895
f 344//344 2566//2566 343//343
f 829//829 2500//2500 2501//2501
f 2501//2501 2500//2500 278//278
f 893//893 2565//2565 894//894
f 343//343 2565//2565 342//342
f 863//863 2534//2534 2535//2535
f 2535//2535 2534//2534 312//312
f 892//892 2564//2564 893//893
f 342//342 2564//2564 341//341
f 828//828 2499//2499 2500//2500
f 2500//2500 2499//2499 277//277
f 891//891 2563//2563 892//892
f 341//341 2563//2563 340//340
f 864//864 2535//2535 2536//2536
f 2536//2536 2535//2535 313//313
f 890//890 2562//2562 891//891
f 340//340 2562//2562 339//339
f 827//827 2498//2498 2499//2499
f 2499//2499 2498//2498 276//276
f 889//889 2561//2561 890//890
f 339//339 2561//2561 338//338
f 865//865 2536//2536 2537//2537
f 2537//2537 2536//2536 314//314
f 888//888 2560//2560 889//889
f 338//338 2560//2560 337//337
f 826//826 2497//2497 2498//2498
f 2498//2498 2497//2497 275//275
f 887//887 2559//2559 888//888
f 337//337 2559//2559 336//336
f 866//866 2537//2537 2538//2538
f 2538//2538 2537//2537 315//315
f 886//886 2558//2558 887//887
f 336//336 2558//2558 335//335
f 825//825 2496//2496 2497//2497
f 2497//2497 2496//2496 274//274
f 885//885 2557//2557 886//886
f 335//335 2557//2557 334//334
f 867//867 2538//2538 2539//2539
f 2539//2539 2538//2538 316//316
f 884//884 2556//2556 885//885
f 334//334 2556//2556 333//333
f 823//823 2494//2494 2495//2495
f 2495//2495 2494//2494 272//272
f 883//883 2555//2555 884//884
f 333//333 2555//2555 332//332
f 824//824 2495//2495 2496//2496
f 2496//2496 2495//2495 273//273
f 882//882 2554//2554 883//883
f 332//332 2554//2554 331//331
f 822//822 2493//2493 2494//2494
f 2494//2494 2493//2493 271//271
f 881//881 2553//2553 882//882
f 331//331 2553//2553 330//330
f 868//868 2539//2539 2540//2540
f 2540//2540 2539//2539 317//317
f 880//880 2552//2552 881//881
f 330//330 2552//2552 329//329
f 869//869 2540//2540 2541//2541
f 2541//2541 2540//2540 318//318
f 879//879 2551//2551 880//880
f 329//329 2551//2551 328//328
f 821//821 2492//2492 2493//2493
f 2493//2493 2492//2492 270//270
f 878//878 2550//2550 879//879
f 328//328 2550//2550 327//327
f 832//832 2503//2503 2504//2504
f 2504//2504 2503//2503 281//281
f 877//877 2549//2549 878//878
f 327//327 2549//2549 326//326
f 870//870 2541//2541 2542//2542
f 2542//2542 2541//2541 319//319
f 876//876 2548//2548 877//877
f 326//326 2548//2548 325//325
f 854//854 2525//2525 2526//2526
f 2526//2526 2525//2525 303//303
f 875//875 2547//2547 876//876
f 325//325 2547//2547 324//324
f 820//820 2491//2491 2492//2492
f 2492//2492 2491//2491 269//269
f 874//874 2546//2546 875//875
f 324//324 2546//2546 323//323
f 871//871 2542//2542 2543//2543
f 2543//2543 2542//2542 320//320
f 873//873 2545//2545 874//874
f 323//323 2545//2545 322//322
f 872//872 2543//2543 2544//2544
f 2544//2544 2543//2543 321//321
f 872//872 2544//2544 873//873
f 322//322 2544//2544 321//321
f 819//819 2490//2490 2491//2491
f 2491//2491 2490//2490 268//268
f 871//871 2543//2543 872//872
f 321//321 2543//2543 320//320
f 818//818 2489//2489 2490//2490
f 2490//2490 2489//2489 267//267
f 870//870 2542//2542 871//871
f 320//320 2542//2542 319//319
f 873//873 2544//2544 2545//2545
f 2545//2545 2544//2544 322//322
f 869//869 2541//2541 870//870
f 319//319 2541//2541 318//318
f 817//817 2488//2488 2489//2489
f 2489//2489 2488//2488 266//266
f 868//868 2540//2540 869//869
f 318//318 2540//2540 317//317
f 874//874 2545//2545 2546//2546
f 2546//2546 2545//2545 323//323
f 867//867 2539//2539 868//868
f 317//317 2539//2539 316//316
f 816//816 2487//2487 2488//2488
f 2488//2488 2487//2487 265//265
f 866//866 2538//2538 867//867
f 316//316 2538//2538 315//315
f 875//875 2546//2546 2547//2547
f 2547//2547 2546//2546 324//324
f 865//865 2537//2537 866//866
f 315//315 2537//2537 314//314
f 815//815 2486//2486 2487//2487
f 2487//2487 2486//2486 264//264
f 864//864 2536//2536 865//865
f 314//314 2536//2536 313//313
f 876//876 2547//2547 2548//2548
f 2548//2548 2547//2547 325//325
f 863//863 2535//2535 864//864
f 313//313 2535//2535 312//312
f 877//877 2548//2548 2549//2549
f 2549//2549 2548//2548 326//326
f 862//862 2534//2534 863//863
f 312//312 2534//2534 311//311
f 311//311 2533//2533 310//310
f 861//861 2533//2533 862//862
f 814//814 2485//2485 2486//2486
f 2486//2486 2485//2485 263//263
f 878//878 2549//2549 2550//2550
f 2550//2550 2549//2549 327//327
f 860//860 2532//2532 861//861
f 310//310 2532//2532 309//309
f 812//812 2483//2483 2484//2484
f 2484//2484 2483//2483 261//261
f 859//859 2531//2531 860//860
f 309//309 2531//2531 308//308
f 813//813 2484//2484 2485//2485
f 2485//2485 2484//2484 262//262
f 858//858 2530//2530 859//859
f 308//308 2530//2530 307//307
f 879//879 2550//2550 2551//2551
f 2551//2551 2550//2550 328//328
f 857//857 2529//2529 858//858
f 307//307 2529//2529 306//306
f 811//811 2482//2482 2483//2483
f 2483//2483 2482//2482 260//260
f 856//856 2528//2528 857//857
f 306//306 2528//2528 305//305
f 880//880 2551//2551 2552//2552
f 2552//2552 2551//2551 329//329
f 855//855 2527//2527 856//856
f 305//305 2527//2527 304//304
f 810//810 2481//2481 2482//2482
f 2482//2482 2481//2481 259//259
f 854//854 2526//2526 855//855
f 304//304 2526//2526 303//303
f 881//881 2552//2552 2553//2553
f 2553//2553 2552//2552 330//330
f 853//853 2525//2525 854//854
f 303//303 2525//2525 302//302
f 809//809 2480//2480 2481//2481
f 2481//2481 2480//2480 258//258
f 852//852 2524//2524 853//853
f 302//302 2524//2524 301//301
f 301//301 2523//2523 300//300
f 851//851 2523//2523 852//852
f 882//882 2553//2553 2554//2554
f 2554//2554 2553//2553 331//331
f 808//808 2479//2479 2480//2480
f 2480//2480 2479//2479 257//257
f 850//850 2522//2522 851//851
f 300//300 2522//2522 299//299
f 833//833 2504//2504 2505//2505
f 2505//2505 2504//2504 282//282
f 849//849 2521//2521 850//850
f 299//299 2521//2521 298//298
f 883//883 2554//2554 2555//2555
f 2555//2555 2554//2554 332//332
f 848//848 2520//2520 849//849
f 298//298 2520//2520 297//297
f 297//297 2519//2519 296//296
f 847//847 2519//2519 848//848
f 807//807 2478//2478 2479//2479
f 2479//2479 2478//2478 256//256
f 806//806 2477//2477 2478//2478
f 2478//2478 2477//2477 255//255
f 846//846 2518//2518 847//847
f 296//296 2518//2518 295//295
f 295//295 2517//2517 294//294
f 845//845 2517//2517 846//846
f 884//884 2555//2555 2556//2556
f 2556//2556 2555//2555 333//333
f 294//294 2516//2516 293//293
f 844//844 2516//2516 845//845
f 805//805 2476//2476 2477//2477
f 2477//2477 2476//2476 254//254
f 293//293 2515//2515 292//292
f 843//843 2515//2515 844//844
f 885//885 2556//2556 2557//2557
f 2557//2557 2556//2556 334//334
f 292//292 2514//2514 291//291
f 842//842 2514//2514 843//843
f 804//804 2475//2475 2476//2476
f 2476//2476 2475//2475 253//253
f 291//291 2513//2513 290//290
f 841//841 2513//2513 842//842
f 886//886 2557//2557 2558//2558
f 2558//2558 2557//2557 335//335
f 290//290 2512//2512 289//289
f 840//840 2512//2512 841//841
f 803//803 2474//2474 2475//2475
f 2475//2475 2474//2474 252//252
f 289//289 2511//2511 288//288
f 839//839 2511//2511 840//840
f 887//887 2558//2558 2559//2559
f 2559//2559 2558//2558 336//336
f 288//288 2510//2510 287//287
f 838//838 2510//2510 839//839
f 802//802 2473//2473 2474//2474
f 2474//2474 2473//2473 251//251
f 287//287 2509//2509 286//286
f 837//837 2509//2509 838//838
f 888//888 2559//2559 2560//2560
f 2560//2560 2559//2559 337//337
f 286//286 2508//2508 285//285
f 836//836 2508//2508 837//837
f 801//801 2472//2472 2473//2473
f 2473//2473 2472//2472 250//250
f 285//285 2507//2507 284//284
f 835//835 2507//2507 836//836
f 889//889 2560//2560 2561//2561
f 2561//2561 2560//2560 338//338
f 284//284 2506//2506 283//283
f 834//834 2506//2506 835//835
f 800//800 2471//2471 2472//2472
f 2472//2472 2471//2471 249//249
f 283//283 2505//2505 282//282
f 833//833 2505//2505 834//834
f 2471//2471 799//799 2568//2568
f 2471//2471 2568//2568 248//248
f 282//282 2504//2504 281//281
f 832//832 2504//2504 833//833
f 890//890 2561//2561 2562//2562
f 2562//2562 2561//2561 339//339
f 281//281 2503//2503 280//280
f 831//831 2503//2503 832//832
f 891//891 2562//2562 2563//2563
f 2563//2563 2562//2562 340//340
f 892//892 2563//2563 2564//2564
f 2564//2564 2563//2563 341//341
f 830//830 2502//2502 831//831
f 280//280 2502//2502 279//279
f 279//279 2501//2501 278//278
f 829//829 2501//2501 830//830
f 893//893 2564//2564 2565//2565
f 2565//2565 2564//2564 342//342
f 278//278 2500//2500 277//277
f 828//828 2500//2500 829//829
f 894//894 2565//2565 2566//2566
f 2566//2566 2565//2565 343//343
f 277//277 2499//2499 276//276
f 827//827 2499//2499 828//828
f 895//895 2566//2566 2567//2567
f 2567//2567 2566//2566 344//344
f 276//276 2498//2498 275//275
f 826//826 2498//2498 827//827
f 896//896 2567//2567 2569//2569
f 2569//2569 2567//2567 345//345
f 275//275 2497//2497 274//274
f 825//825 2497//2497 826//826
f 834//834 2505//2505 2506//2506
f 2506//2506 2505//2505 283//283
f 274//274 2496//2496 273//273
f 824//824 2496//2496 825//825
f 835//835 2506//2506 2507//2507
f 2507//2507 2506//2506 284//284
f 836//836 2507//2507 2508//2508
f 2508//2508 2507//2507 285//285
f 823//823 2495//2495 824//824
f 273//273 2495//2495 272//272
f 272//272 2494//2494 271//271
f 822//822 2494//2494 823//823
f 837//837 2508//2508 2509//2509
f 2509//2509 2508//2508 286//286
f 271//271 2493//2493 270//270
f 821//821 2493//2493 822//822
f 853//853 2524//2524 2525//2525
f 2525//2525 2524//2524 302//302
f 838//838 2509//2509 2510//2510
f 2510//2510 2509//2509 287//287
f 2492//2492 821//821 820//820
f 2492//2492 269//269 270//270
f 851//851 2522//2522 2523//2523
f 2523//2523 2522//2522 300//300
f 2491//2491 820//820 819//819
f 2491//2491 268//268 269//269
f 839//839 2510//2510 2511//2511
f 2511//2511 2510//2510 288//288
f 2490//2490 819//819 818//818
f 2490//2490 267//267 268//268
f 850//850 2521//2521 2522//2522
f 2522//2522 2521//2521 299//299
f 2489//2489 818//818 817//817
f 2489//2489 266//266 267//267
f 852//852 2523//2523 2524//2524
f 2524//2524 2523//2523 301//301
f 2488//2488 817//817 816//816
f 2488//2488 265//265 266//266
f 840//840 2511//2511 2512//2512
f 2512//2512 2511//2511 289//289
f 2487//2487 816//816 815//815
f 2487//2487 264//264 265//265
f 841//841 2512//2512 2513//2513
f 2513//2513 2512//2512 290//290
f 2486//2486 815//815 814//814
f 2486//2486 263//263 264//264
f 842//842 2513//2513 2514//2514
f 2514//2514 2513//2513 291//291
f 2485//2485 814//814 813//813
f 2485//2485 262//262 263//263
f 2484//2484 261//261 262//262
f 2484//2484 813//813 812//812
f 843//843 2514//2514 2515//2515
f 2515//2515 2514//2514 292//292
f 844//844 2515//2515 2516//2516
f 2516//2516 2515//2515 293//293
f 2483//2483 812//812 811//811
f 2483//2483 260//260 261//261
f 845//845 2516//2516 2517//2517
f 2517//2517 2516//2516 294//294
f 2482//2482 811//811 810//810
f 2482//2482 259//259 260//260
f 849//849 2520//2520 2521//2521
f 2521//2521 2520//2520 298//298
f 2481//2481 810//810 809//809
f 2481//2481 258//258 259//259
f 847//847 2518//2518 2519//2519
f 2519//2519 2518//2518 296//296
f 2480//2480 809//809 808//808
f 2480//2480 257//257 258//258
f 846//846 2517//2517 2518//2518
f 2518//2518 2517//2517 295//295
f 2479//2479 808//808 807//807
f 2479//2479 256//256 257//257
f 848//848 2519//2519 2520//2520
f 2520//2520 2519//2519 297//297
f 2478//2478 807//807 806//806
f 2478//2478 255//255 256//256
f 859//859 2530//2530 2531//2531
f 2531//2531 2530//2530 308//308
f 2477//2477 806//806 805//805
f 2477//2477 254//254 255//255
f 858//858 2529//2529 2530//2530
f 2530//2530 2529//2529 307//307
f 2476//2476 805//805 804//804
f 2476//2476 253//253 254//254
f 830//830 2501//2501 2502//2502
f 2502//2502 2501//2501 279//279
f 2475//2475 804//804 803//803
f 2475//2475 252//252 253//253
f 857//857 2528//2528 2529//2529
f 2529//2529 2528//2528 306//306
f 2474//2474 803//803 802//802
f 2474//2474 251//251 252//252
f 856//856 2527//2527 2528//2528
f 2528//2528 2527//2527 305//305
f 2473//2473 802//802 801//801
f 2473//2473 250//250 251//251
f 855//855 2526//2526 2527//2527
f 2527//2527 2526//2526 304//304
f 2472//2472 801//801 800//800
f 2472//2472 249//249 250//250