# https://github.com/mikedh/trimesh
v 34.80000000 0.00000000 -2.50000000
v 35.00000000 0.00000000 -2.30000000
v -35.00000000 0.00000000 -2.30000000
v -34.80000000 0.00000000 -2.50000000
v 34.80000000 0.67449200 -2.40729300
v 34.80000000 1.29896000 -2.13604900
v 34.80000000 1.82709000 -1.70638300
v 34.80000000 2.21971300 -1.15016300
v 34.80000000 2.44771000 -0.50864000
v 34.80000000 2.49417200 0.17060600
v 34.80000000 2.35565200 0.83719900
v 34.80000000 2.04242500 1.44170100
v 34.80000000 1.57772000 1.93927800
v 34.80000000 0.99600300 2.29302800
v 34.80000000 0.34041700 2.47671500
v 34.80000000 -0.34041700 2.47671500
v 34.80000000 -0.99600300 2.29302800
v 34.80000000 -1.57772000 1.93927800
v 34.80000000 -2.04242500 1.44170100
v 34.80000000 -2.35565200 0.83719900
v 34.80000000 -2.49417200 0.17060600
v 34.80000000 -2.44771000 -0.50864000
v 34.80000000 -2.21971300 -1.15016300
v 34.80000000 -1.82709000 -1.70638300
v 34.80000000 -1.29896000 -2.13604900
v 34.80000000 -0.67449200 -2.40729300
v 34.93927000 0.00000000 -2.43927000
v 35.00000000 0.67793700 -2.19781700
v 35.00000000 1.29563600 -1.90034900
v 35.00000000 1.79821200 -1.43402700
v 35.00000000 2.14101000 -0.84028400
v 35.00000000 2.29356900 -0.17187900
v 35.00000000 2.24233400 0.51179800
v 35.00000000 1.99185800 1.15000000
v 35.00000000 1.56439700 1.68601900
v 35.00000000 0.99793300 2.07222800
v 35.00000000 0.34279700 2.27431100
v 35.00000000 -0.34279700 2.27431100
v 35.00000000 -0.99793300 2.07222800
v 35.00000000 -1.56439700 1.68601900
v 35.00000000 -1.99185800 1.15000000
v 35.00000000 -2.24233400 0.51179800
v 35.00000000 -2.29356900 -0.17187900
v 35.00000000 -2.14101000 -0.84028400
v 35.00000000 -1.79821200 -1.43402700
v 35.00000000 -1.29563600 -1.90034900
v 35.00000000 -0.67793700 -2.19781700
v -35.00000000 0.67793700 -2.19781700
v -35.00000000 1.29563600 -1.90034900
v -35.00000000 1.79821200 -1.43402700
v -35.00000000 2.14101000 -0.84028400
v -35.00000000 2.29356900 -0.17187900
v -35.00000000 2.24233400 0.51179800
v -35.00000000 1.99185800 1.15000000
v -35.00000000 1.56439700 1.68601900
v -35.00000000 0.99793300 2.07222800
v -35.00000000 0.34279700 2.27431100
v -35.00000000 -0.34279700 2.27431100
v -35.00000000 -0.99793300 2.07222800
v -35.00000000 -1.56439700 1.68601900
v -35.00000000 -1.99185800 1.15000000
v -35.00000000 -2.24233400 0.51179800
v -35.00000000 -2.29356900 -0.17187900
v -35.00000000 -2.14101000 -0.84028400
v -35.00000000 -1.79821200 -1.43402700
v -35.00000000 -1.29563600 -1.90034900
v -35.00000000 -0.67793700 -2.19781700
v -34.93927000 0.00000000 -2.43927000
v -34.80000000 0.67449200 -2.40729300
v -34.80000000 1.29896000 -2.13604900
v -34.80000000 1.82709000 -1.70638300
v -34.80000000 2.21971300 -1.15016300
v -34.80000000 2.44771000 -0.50864000
v -34.80000000 2.49417200 0.17060600
v -34.80000000 2.35565200 0.83719900
v -34.80000000 2.04242500 1.44170100
v -34.80000000 1.57772000 1.93927800
v -34.80000000 0.99600300 2.29302800
v -34.80000000 0.34041700 2.47671500
v -34.80000000 -0.34041700 2.47671500
v -34.80000000 -0.99600300 2.29302800
v -34.80000000 -1.57772000 1.93927800
v -34.80000000 -2.04242500 1.44170100
v -34.80000000 -2.35565200 0.83719900
v -34.80000000 -2.49417200 0.17060600
v -34.80000000 -2.44771000 -0.50864000
v -34.80000000 -2.21971300 -1.15016300
v -34.80000000 -1.82709000 -1.70638300
v -34.80000000 -1.29896000 -2.13604900
v -34.80000000 -0.67449200 -2.40729300
v -34.09697000 -0.00000000 -2.50000000
v -33.39393900 -0.00000000 -2.50000000
v -32.69090900 -0.00000000 -2.50000000
v -31.98787900 -0.00000000 -2.50000000
v -31.28484800 -0.00000000 -2.50000000
v -30.58181800 -0.00000000 -2.50000000
v -29.87878800 -0.00000000 -2.50000000
v -29.17575800 -0.00000000 -2.50000000
v -28.47272700 -0.00000000 -2.50000000
v -27.76969700 -0.00000000 -2.50000000
v -27.06666700 -0.00000000 -2.50000000
v -26.36363600 -0.00000000 -2.50000000
v -25.66060600 -0.00000000 -2.50000000
v -24.95757600 -0.00000000 -2.50000000
v -24.25454500 -0.00000000 -2.50000000
v -23.55151500 -0.00000000 -2.50000000
v -22.84848500 -0.00000000 -2.50000000
v -22.14545500 -0.00000000 -2.50000000
v -21.44242400 -0.00000000 -2.50000000
v -20.73939400 -0.00000000 -2.50000000
v -20.03636400 -0.00000000 -2.50000000
v -19.33333300 -0.00000000 -2.50000000
v -18.63030300 -0.00000000 -2.50000000
v -17.92727300 -0.00000000 -2.50000000
v -17.22424200 -0.00000000 -2.50000000
v -16.52121200 -0.00000000 -2.50000000
v -15.81818200 -0.00000000 -2.50000000
v -15.11515200 -0.00000000 -2.50000000
v -14.41212100 -0.00000000 -2.50000000
v -13.70909100 -0.00000000 -2.50000000
v -13.00606100 -0.00000000 -2.50000000
v -12.30303000 -0.00000000 -2.50000000
v -11.60000000 -0.00000000 -2.50000000
v -10.89697000 -0.00000000 -2.50000000
v -10.19393900 -0.00000000 -2.50000000
v -9.49090900 -0.00000000 -2.50000000
v -8.78787900 -0.00000000 -2.50000000
v -8.08484800 -0.00000000 -2.50000000
v -7.38181800 -0.00000000 -2.50000000
v -6.67878800 -0.00000000 -2.50000000
v -5.97575800 -0.00000000 -2.50000000
v -5.27272700 -0.00000000 -2.50000000
v -4.56969700 -0.00000000 -2.50000000
v -3.86666700 -0.00000000 -2.50000000
v -3.16363600 -0.00000000 -2.50000000
v -2.46060600 -0.00000000 -2.50000000
v -1.75757600 -0.00000000 -2.50000000
v -1.05454500 -0.00000000 -2.50000000
v -0.35151500 -0.00000000 -2.50000000
v 0.35151500 -0.00000000 -2.50000000
v 1.05454500 -0.00000000 -2.50000000
v 1.75757600 -0.00000000 -2.50000000
v 2.46060600 -0.00000000 -2.50000000
v 3.16363600 -0.00000000 -2.50000000
v 3.86666700 -0.00000000 -2.50000000
v 4.56969700 -0.00000000 -2.50000000
v 5.27272700 -0.00000000 -2.50000000
v 5.97575800 -0.00000000 -2.50000000
v 6.67878800 -0.00000000 -2.50000000
v 7.38181800 -0.00000000 -2.50000000
v 8.08484800 -0.00000000 -2.50000000
v 8.78787900 -0.00000000 -2.50000000
v 9.49090900 -0.00000000 -2.50000000
v 10.19393900 -0.00000000 -2.50000000
v 10.89697000 -0.00000000 -2.50000000
v 11.60000000 -0.00000000 -2.50000000
v 12.30303000 -0.00000000 -2.50000000
v 13.00606100 -0.00000000 -2.50000000
v 13.70909100 -0.00000000 -2.50000000
v 14.41212100 -0.00000000 -2.50000000
v 15.11515200 -0.00000000 -2.50000000
v 15.81818200 -0.00000000 -2.50000000
v 16.52121200 -0.00000000 -2.50000000
v 17.22424200 -0.00000000 -2.50000000
v 17.92727300 -0.00000000 -2.50000000
v 18.63030300 -0.00000000 -2.50000000
v 19.33333300 -0.00000000 -2.50000000
v 20.03636400 -0.00000000 -2.50000000
v 20.73939400 -0.00000000 -2.50000000
v 21.44242400 -0.00000000 -2.50000000
v 22.14545500 -0.00000000 -2.50000000
v 22.84848500 -0.00000000 -2.50000000
v 23.55151500 -0.00000000 -2.50000000
v 24.25454500 -0.00000000 -2.50000000
v 24.95757600 -0.00000000 -2.50000000
v 25.66060600 -0.00000000 -2.50000000
v 26.36363600 -0.00000000 -2.50000000
v 27.06666700 -0.00000000 -2.50000000
v 27.76969700 -0.00000000 -2.50000000
v 28.47272700 -0.00000000 -2.50000000
v 29.17575800 -0.00000000 -2.50000000
v 29.87878800 -0.00000000 -2.50000000
v 30.58181800 -0.00000000 -2.50000000
v 31.28484800 -0.00000000 -2.50000000
v 31.98787900 -0.00000000 -2.50000000
v 32.69090900 -0.00000000 -2.50000000
v 33.39393900 -0.00000000 -2.50000000
v 34.09697000 -0.00000000 -2.50000000
v 34.94142100 1.00299700 -2.22587800
v 34.94142100 -1.00299700 -2.22587800
v 34.94142100 1.49118600 -1.93310700
v 34.94142100 -1.49118600 -1.93310700
v 34.94142100 -0.40331300 -2.40787800
v 34.94142100 0.40331300 -2.40787800
v -34.94142100 -1.00299700 -2.22587800
v -34.94142100 1.00299700 -2.22587800
v -34.94142100 -1.49118600 -1.93310700
v -34.94142100 1.49118600 -1.93310700
v -34.94142100 -0.40331300 -2.40787800
v -34.94142100 0.40331300 -2.40787800
v -0.13457600 1.55189600 -1.96000500
v 0.14713200 2.49871500 0.08014000
v 0.14515700 2.38316900 0.75531700
v 0.57698600 2.15050100 1.27489100
v 0.31919400 1.75097900 1.78439700
v -0.27419800 1.26099500 2.15867800
v 0.71401300 0.07677600 2.49882100
v 0.37177400 0.71249500 2.39632000
v 0.43764500 -0.55860300 2.43679400
v 0.45353100 -1.70215400 1.83103100
v 0.01832300 -1.18201600 2.20291600
v 0.07475100 -2.09980700 1.35676400
v 0.03432400 -2.39509700 0.71659500
v 0.02676600 -2.49968900 0.03940200
v 0.13735400 -1.54600400 -1.96465500
v -1.71622900 0.68614400 -2.40399800
v 0.45358100 1.28622200 -2.14374300
v -0.19843400 2.29249100 -0.99723800
v 0.32377000 2.44021100 -0.54348000
v -0.26791800 -2.43326500 -0.57378000
v 0.20805600 -2.27817300 -1.02952900
v -0.44920900 -1.28308100 -2.14562400
v 1.71514000 -0.68528700 -2.40424200
v -19.75491000 -0.47099600 -2.45523200
v 19.75518900 0.47027100 -2.45537100
v -20.29045700 0.37356200 -2.47193300
v 20.29069600 -0.37357000 -2.47193100
v -21.24393700 -0.44472800 -2.46012500
v 21.24402500 0.44444400 -2.46017700
v -25.32454100 0.46328300 -2.45669900
v 25.32455000 -0.46328200 -2.45669900
v -31.01752500 0.36167400 -2.47370000
v 31.01752500 -0.36167400 -2.47370000
v -12.42782900 1.75611000 -1.77934800
v -18.38204500 2.10704800 -1.34549200
v -12.11864900 2.24192600 -1.10624100
v -18.45582000 2.49665600 -0.12926700
v -18.35746900 2.42558700 0.60541600
v -18.30252100 2.16040600 1.25803300
v -18.27079300 1.73500800 1.79993000
v -18.25030600 1.18316800 2.20229700
v -18.23594700 0.54412500 2.44006700
v -18.22527000 -0.13606600 2.49629400
v -18.21579500 -0.80629100 2.36641000
v -18.20344600 -1.41462200 2.06127200
v -18.18107400 -1.91395900 1.60834100
v -18.13853500 -2.26840900 1.05086800
v -18.06867100 -2.46023900 0.44409700
v -17.98970700 -2.49467800 -0.16304000
v -17.96499800 -2.37094500 -0.79285500
v 18.38754900 -2.10724700 -1.34518100
v 12.43571600 -1.76715000 -1.76838300
v 12.12848000 -2.25965000 -1.06957100
v 18.46254600 -2.49659000 -0.13053400
v 18.36341700 -2.42641200 0.60210000
v 18.30529200 -2.16332500 1.25300700
v 18.26881900 -1.74032400 1.79479100
v 18.24335000 -1.19001200 2.19860600
v 18.22418700 -0.55143900 2.43842500
v 18.20854800 0.12898700 2.49667000
v 18.19389200 0.80036600 2.36842000
v 18.17703900 1.41140900 2.06347400
v 18.15299400 1.91453500 1.60765500
v 18.11360600 2.27150100 1.04416600
v 18.05104900 2.46254300 0.43114100
v 17.98045000 2.49358600 -0.17896300
v 17.96261000 2.36615400 -0.80704000
v -18.78521000 -1.07782100 -2.25572700
v 18.78632000 1.07502600 -2.25706000
v -23.16773500 -0.83802400 -2.35535900
v 23.16777400 0.83784700 -2.35542200
v -26.01635100 -0.37370100 -2.47191200
v 26.01635300 0.37369100 -2.47191300
v -27.40006900 0.38749900 -2.46978600
v 27.40007000 -0.38749900 -2.46978600
v -8.58100300 -0.56831900 -2.43454600
v 8.58255500 0.56306900 -2.43576600
v 13.25562700 -0.43869300 -2.46120900
v -13.25385100 0.43669600 -2.46156400
v 23.25000100 -0.47731800 -2.45401000
v -23.24995600 0.47732300 -2.45401000
v 29.86222000 -0.48331600 -2.45283600
v -29.86221900 0.48331600 -2.45283600
v -27.21362400 2.49314700 -0.18498200
v -27.82019000 -2.09754800 -1.36025400
v -27.92700500 -1.75996400 -1.77553500
v 27.21363300 -2.49314700 -0.18498300
v 27.82019000 2.09754100 -1.36026500
v 27.92700600 1.75995800 -1.77554200
v -25.82563500 1.66212000 -1.86744600
v 25.82565600 -1.66211800 -1.86744800
v -25.79836000 2.43306500 0.57462400
v -25.87081200 2.23083500 1.12843900
v -25.89676300 1.84089700 1.69147800
v -25.82966500 1.32269700 2.12143200
v -25.83063500 0.72585500 2.39230700
v -25.85026900 0.07627400 2.49883600
v -25.93051400 -0.59785500 2.42746100
v -25.85854600 -1.23358100 2.17446000
v -25.85952800 -1.75743100 1.77804300
v -25.89134900 -2.15684900 1.26412100
v -25.97851800 -2.39765800 0.70798000
v -25.88493100 -2.49816300 0.09582700
v -25.82859600 -2.36508300 -0.81017400
v 25.79838000 -2.43306700 0.57461700
v 25.87082500 -2.23083800 1.12843200
v 25.89676800 -1.84090200 1.69147300
v 25.82966000 -1.32270200 2.12142900
v 25.83062000 -0.72585800 2.39230700
v 25.85024600 -0.07627100 2.49883600
v 25.93048500 0.59786500 2.42745900
v 25.85850900 1.23360000 2.17445000
v 25.85948900 1.75745500 1.77801900
v 25.89131400 2.15687100 1.26408400
v 25.97849100 2.39767200 0.70793300
v 25.88490800 2.49816500 0.09576700
v 25.82858800 2.36506200 -0.81023600
v -8.11340400 2.42543000 -0.60604500
v 8.08743600 -2.39067400 -0.73121600
v -10.41266400 2.39613900 -0.71310400
v 11.04972800 2.39625900 -0.71270000
v -10.76035700 2.23784700 -1.11447000
v 11.04573800 1.98267700 -1.52282400
v 11.15047800 2.49949600 0.05019500
v -10.80784600 2.15964200 1.25934400
v 10.78663100 -2.16534800 1.24950800
v -11.12963000 -2.49906100 0.06852700
v -11.03067600 -1.99629100 -1.50493300
v 10.73309600 -2.24338200 -1.10328500
v -11.03088600 -2.40393100 -0.68637900
v 10.37138200 -2.39929000 -0.70242800
v -25.39213100 1.26958500 -2.15363800
v 25.39215400 -1.26958200 -2.15363900
v -10.09690600 1.16249000 -2.21328200
v 10.08932100 -1.15809600 -2.21558400
v 5.77759800 1.39067300 -2.07750500
v -5.77148400 -1.40276900 -2.06935800
v 7.27455400 2.48609400 -0.26332200
v -6.53233300 2.47471500 0.35466500
v 6.99248600 2.48660000 0.25849500
v -6.51995200 2.33927500 0.88192500
v 6.82616000 2.30762600 0.96169700
v -6.70417500 2.08277300 1.38277200
v 6.79791300 2.00317700 1.49575500
v -6.70110800 1.51598300 1.98791300
v 6.74305900 1.53699600 1.97171100
v -6.70450900 0.98326000 2.29852100
v 6.66265700 0.99304100 2.29431200
v -6.71566300 0.15732800 2.49504500
v 6.74525100 0.38390500 2.47034700
v -6.54998100 -0.43688700 2.46153000
v 6.60370400 -0.27987000 2.48428500
v -6.52688000 -0.99860800 2.29189500
v 6.69373600 -0.88258300 2.33902700
v -6.52736400 -1.48472700 2.01136400
v 6.65008700 -1.49262000 2.00551400
v -6.57259700 -2.02544600 1.46545800
v 6.65891400 -1.97094700 1.53797500
v -6.65504800 -2.27584200 1.03467200
v 6.64267300 -2.29182800 0.99876300
v -6.94958700 -2.47326800 0.36461800
v 6.80075100 -2.46397200 0.42290000
v -7.26211500 -2.49326900 -0.18332300
v -28.32640700 -0.52955700 -2.44327000
v 28.32640700 0.52955500 -2.44327100
v -29.14348600 0.73123700 -2.39066800
v 29.14348700 -0.73123700 -2.39066800
v -10.66476100 -0.93790300 -2.31739900
v 10.67024000 0.92981700 -2.32065500
v -17.45408400 -0.87317800 -2.34255400
v 17.45627700 0.86897500 -2.34411600
v -20.00647500 0.77359400 -2.37729900
v 20.00709100 -0.77362800 -2.37728800
v 3.53792900 -0.43453400 -2.46194600
v -3.53730500 0.43466200 -2.46192400
v 6.18983000 -0.34942500 -2.47546000
v -6.18818700 0.35216600 -2.47507100
v -31.43165700 -0.36407400 -2.47334800
v 31.43165700 0.36407400 -2.47334800
v -4.85664400 -0.47162500 -2.45511100
v 4.85864000 0.46829300 -2.45574900
v -15.53542900 -0.46939500 -2.45553800
v 15.53833200 0.46527300 -2.45632300
v -32.37988400 0.73070700 -2.39083000
v 32.37988400 -0.73070700 -2.39083000
v -13.42302400 -0.33968200 -2.47681600
v 13.42615200 0.33625200 -2.47728400
v 11.37752200 -0.39904200 -2.46794800
v -11.37844400 0.39863000 -2.46801400
v 18.97739300 -0.40589500 -2.46683000
v -18.97680000 0.40581400 -2.46684300
v -32.80486400 0.41552900 -2.46522500
v -33.08531800 -0.40833000 -2.46642800
v 32.80486400 -0.41552900 -2.46522500
v 33.08531800 0.40833000 -2.46642800
v -28.06146900 0.39168700 -2.46912600
v 28.06147000 -0.39168700 -2.46912600
v -33.55381000 0.54759800 -2.43929000
v -33.72176100 -0.36524700 -2.47317500
v 33.55381000 -0.54759800 -2.43929000
v 33.72176100 0.36524700 -2.47317500
v -26.13417000 0.53969500 -2.44105100
v 26.13417600 -0.53969400 -2.44105100
v -31.91496800 0.39134600 -2.46918000
v 31.91496800 -0.39134600 -2.46918000
v 6.33217500 2.24171100 -1.10667700
v -6.31812500 -2.25887900 -1.07119900
v -6.08059500 1.87130700 -1.65777200
v 6.10382700 -1.85992100 -1.67053800
v -13.38200100 0.92916500 -2.32091600
v 13.38710000 -0.93385100 -2.31903500
v -15.84199400 -0.96618200 -2.30575200
v 15.84749300 0.95794700 -2.30918600
v -3.34556500 1.24640600 -2.16713500
v 3.34614000 -1.24718700 -2.16668500
v -3.09347700 2.41392000 -0.65037800
v 3.04493700 -2.41945700 -0.62946500
v -4.05305500 1.48125500 -2.01392200
v 4.05833900 -1.48211400 -2.01329000
v -15.40903600 1.42976300 -2.05079900
v 15.42087500 -1.43370200 -2.04804700
v -23.16634400 2.16611700 -1.24817400
v 23.16652100 -2.16610000 -1.24820300
v -23.13916000 2.37567600 -0.77856600
v -23.25580400 -2.49899800 -0.07078800
v -23.17054000 -2.42870300 -0.59279100
v 23.13934700 -2.37566200 -0.77860900
v 23.25555500 2.49898600 -0.07121400
v 23.17037400 2.42859000 -0.59325300
v -23.28120700 -1.77850500 -1.75696300
v 23.28121900 1.77825200 -1.75721900
v -23.28540800 1.59198500 -1.92758500
v 23.28554500 -1.59197100 -1.92759600
v -31.17701900 1.10713400 -2.24148500
v 31.17701900 -1.10713400 -2.24148500
v -30.54721800 2.36772400 -0.80242500
v -30.51472300 2.49999000 0.00724100
v -30.90666700 2.40698700 0.67558300
v -30.74135100 2.16036000 1.25811200
v -30.88540000 1.86359500 1.66643700
v -30.75065700 1.18587400 2.20084100
v -30.92912100 0.74204300 2.38733600
v -30.77830100 -0.09635300 2.49814300
v -30.94710900 -0.58109200 2.43152900
v -30.80613600 -1.36758100 2.09277900
v -30.97464300 -1.74676800 1.78851900
v -30.82110600 -2.24088600 1.10834600
v -30.96964600 -2.41161000 0.65889100
v -30.77855700 -2.49465400 -0.16340700
v -30.90205800 -2.41653500 -0.64059200
v 30.54721800 -2.36772400 -0.80242500
v 30.51472300 -2.49999000 0.00724100
v 30.90666800 -2.40698700 0.67558300
v 30.74135100 -2.16036000 1.25811100
v 30.88540000 -1.86359500 1.66643700
v 30.75065700 -1.18587400 2.20084100
v 30.92912100 -0.74204300 2.38733600
v 30.77830100 0.09635300 2.49814300
v 30.94710900 0.58109200 2.43152900
v 30.80613600 1.36758100 2.09277900
v 30.97464300 1.74676800 1.78851900
v 30.82110600 2.24088600 1.10834500
v 30.96964600 2.41161000 0.65889000
v 30.77855700 2.49465400 -0.16340700
v 30.90205800 2.41653500 -0.64059200
v -30.72104100 -2.10746000 -1.34484600
v 30.72104100 2.10746000 -1.34484600
v -30.75980600 -1.67832700 -1.85289400
v 30.75980600 1.67832700 -1.85289500
v -8.04157300 1.51576300 -1.98808000
v 8.04016700 -1.49673100 -2.00244700
v 4.99340600 1.27816700 -2.14855500
v -4.98717500 -1.28774900 -2.14282600
v -13.43116400 2.31021300 -0.95546600
v 13.47979700 -2.32061600 -0.92991600
v -13.42674000 -2.09366700 -1.36622100
v 13.46082400 2.07066900 -1.40083200
v -4.80574500 0.81273800 -2.36420300
v 4.80955700 -0.81057100 -2.36494700
v 1.42354000 0.86098500 -2.34706300
v -1.41968500 -0.86116500 -2.34699700
v -22.08655100 1.01590800 -2.28427900
v 22.08677000 -1.01589500 -2.28428500
v -20.04213200 2.45653100 -0.46417000
v -20.05955700 2.49463000 0.16377000
v -19.94090900 2.38931400 0.73565000
v -19.87205000 2.12573500 1.31577000
v -19.83322900 1.71078000 1.82297300
v -19.81176300 1.16965600 2.20950300
v -19.79975600 0.53913800 2.44117400
v -19.79259300 -0.13554200 2.49632300
v -19.78725600 -0.80452800 2.36701000
v -19.78083000 -1.41772300 2.05914100
v -19.76820900 -1.92857600 1.59078400
v -19.73161600 -2.29381600 0.99418600
v -19.62135200 -2.47793500 0.33141500
v -19.40260200 -2.47790000 -0.33168100
v 20.04406700 -2.45646300 -0.46453400
v 20.06126900 -2.49467500 0.16308900
v 19.94228400 -2.38965500 0.73453900
v 19.87252800 -2.12662900 1.31432400
v 19.83239800 -1.71232300 1.82152500
v 19.80941600 -1.17170700 2.20841700
v 19.79580700 -0.54141300 2.44067000
v 19.78699800 0.13340200 2.49643800
v 19.78009700 0.80297000 2.36753800
v 19.77251400 1.41718900 2.05950900
v 19.75962400 1.92915800 1.59007800
v 19.72395900 2.29493800 0.99159400
v 19.61558100 2.47854800 0.32680000
v 19.39907900 2.47707400 -0.33779600
v -20.19350000 2.28968100 -1.00367400
v 20.19517200 -2.28961900 -1.00381400
v -20.18667100 2.01347800 -1.48185900
v 20.18819900 -2.01345400 -1.48189200
v -20.09662800 1.61262400 -1.91035200
v 20.09793300 -1.61264800 -1.91033200
v -24.65151700 -2.08753400 -1.37557300
v 24.65151100 2.08745100 -1.37569900
v -24.67489300 1.72332900 -1.81111500
v 24.67494400 -1.72332300 -1.81112100
v -24.61752700 1.33683100 -2.11255400
v 24.61757100 -1.33682600 -2.11255700
v -9.36823400 2.22578900 -1.13836100
v 9.33108000 -2.21631900 -1.15668900
v -9.47099000 -2.40654000 -0.67717300
v 9.46265000 2.39534700 -0.71576100
v -3.28402100 2.08189000 -1.38410100
v 3.27736000 -2.08787700 -1.37505300
v -9.47630100 1.14391700 -2.22293800
v 9.46902600 -1.13539900 -2.22730100
v -20.61675100 0.68428900 -2.40452700
v 20.61712600 -0.68429600 -2.40452500
v 2.80237200 -0.39758600 -2.46818300
v -2.80248100 0.39763500 -2.46817500
v -22.13580300 -0.38576400 -2.47005800
v 22.13584600 0.38560600 -2.47008300
v -13.57066700 -0.75595900 -2.38296600
v 13.57795800 0.74787400 -2.38551600
v -27.71198100 0.72218300 -2.39341900
v 27.71198300 -0.72218200 -2.39341900
v -2.25761500 -0.41539600 -2.46524800
v 2.25958100 0.41439100 -2.46541700
v -9.03819500 -0.95193900 -2.31166900
v 9.04097300 0.94325100 -2.31522700
v -7.24073100 -0.35747300 -2.47431100
v 7.24171900 0.35413800 -2.47479000
v -15.28315800 0.54723000 -2.43937300
v 15.28678600 -0.54895000 -2.43898600
v -11.82703600 0.77314200 -2.37744700
v 11.82640900 -0.77530800 -2.37674100
v -32.89509000 0.80529700 -2.36674800
v -33.46076200 -0.69484800 -2.40149700
v 32.89509000 -0.80529700 -2.36674800
v 33.46076200 0.69484800 -2.40149700
v 8.25943500 -0.48777600 -2.45195300
v -8.26018800 0.49347900 -2.45081200
v -9.32221400 -0.48057600 -2.45337500
v 9.32388100 0.47620700 -2.45422600
v -16.18295400 -0.59263400 -2.42874100
v 16.18577200 0.58820300 -2.42981800
v -4.08607400 -0.46905700 -2.45560300
v 4.08825600 0.46633500 -2.45612100
v -22.85521600 1.93529600 -1.58260200
v 22.85543300 -1.93527600 -1.58262700
v -22.87151800 2.48354500 -0.28636000
v -23.08483100 2.48275500 0.29313400
v -22.75435100 2.36351600 0.81473400
v -22.96984900 2.14726200 1.28033800
v -23.04534000 1.74816700 1.78715200
v -23.07852500 1.22201100 2.18098400
v -23.09717500 0.60455600 2.42580100
v -23.11053400 -0.06027200 2.49927300
v -23.12195100 -0.72325600 2.39309400
v -23.13332000 -1.33370800 2.11452700
v -23.14696200 -1.84478000 1.68724200
v -23.16423500 -2.21987000 1.14986000
v -23.19007400 -2.43889900 0.54933800
v 22.87172700 -2.48353700 -0.28642900
v 23.08498200 -2.48276400 0.29305400
v 22.75447900 -2.36355700 0.81461500
v 22.96989500 -2.14732800 1.28022700
v 23.04528600 -1.74826700 1.78705400
v 23.07835800 -1.22213400 2.18091500
v 23.09688700 -0.60467800 2.42577100
v 23.11012800 0.06018500 2.49927500
v 23.12144500 0.72323700 2.39310000
v 23.13275200 1.33377200 2.11448600
v 23.14639100 1.84491000 1.68710100
v 23.16372600 2.22001100 1.14958700
v 23.18967000 2.43898700 0.54894800
v 5.03917400 -0.37569300 -2.47161000
v -5.03743400 0.37716900 -2.47138500
v -21.07420400 0.42609100 -2.46342200
v 21.07437800 -0.42608900 -2.46342200
v -22.99020800 -0.43413000 -2.46201800
v 22.99023500 0.43401500 -2.46203800
v -12.79942800 -0.52983500 -2.44321000
v 12.80439500 0.52441700 -2.44437900
v -15.95037400 -0.33631400 -2.47727500
v 15.95211100 0.33367700 -2.47763200
v -14.03018400 -0.40385100 -2.46716500
v 14.03378100 0.39959100 -2.46785900
v -6.55129100 -0.53926500 -2.44114600
v 6.55299400 0.53418900 -2.44226200
v -26.03599900 -0.83468600 -2.35654400
v 26.03600300 0.83466300 -2.35655200
v -16.85051000 -0.45827400 -2.45763800
v 16.94299100 -0.50651100 -2.44815200
v 16.85210100 0.45548700 -2.45815600
v -16.94092500 0.50591000 -2.44827600
v -23.72182500 -1.03815900 -2.27425300
v 23.72185400 1.03800600 -2.27432300
v -17.65194200 -0.40576600 -2.46685100
v 17.72876200 -0.54031200 -2.44091400
v 17.65287000 0.40395300 -2.46714900
v -17.72723600 0.53997000 -2.44099000
v -15.42879000 -1.35895800 -2.09838800
v 15.43831100 1.34547700 -2.10705800
v -18.26518700 -0.33607600 -2.47730800
v 18.36178000 -0.36219200 -2.47362400
v 18.26573000 0.33493800 -2.47746200
v -18.36103700 0.36205600 -2.47364400
v 10.62586200 -0.44815900 -2.45950300
v -10.62778700 0.44901000 -2.45934800
v 19.66263500 -0.39656100 -2.46834700
v -19.66224000 0.39652600 -2.46835300
v -9.69570700 1.52910800 -1.97783400
v 9.68342800 -1.52062700 -1.98436200
v -23.93289800 0.44063400 -2.46086200
v -23.70323500 -0.50315900 -2.44884300
v 23.93292300 -0.44063100 -2.46086200
v 23.70325300 0.50307100 -2.44886100
v -24.61833500 0.44837600 -2.45946300
v 24.61834900 -0.44837400 -2.45946300
v 4.29874100 -0.42988800 -2.46276200
v -4.29730600 0.43058600 -2.46264000
v 9.45386000 2.00476300 -1.49362800
v -9.45104500 -2.02030800 -1.47253400
v -18.04965600 -1.21623100 -2.18421200
v 18.05163100 1.21168000 -2.18674000
v -6.88405200 1.78061700 -1.75482300
v 6.89913000 -1.76208900 -1.77342700
v -29.72713800 1.60932000 -1.91313600
v 29.72713900 -1.60932000 -1.91313600
v -29.82521000 2.28274500 -1.01934900
v 29.82521100 -2.28274500 -1.01935000
v -29.94197300 2.49481900 -0.16086900
v 29.94197400 -2.49481900 -0.16086900
v -29.95129100 2.47885400 0.32447100
v -30.29883300 2.34565700 0.86480900
v -30.01623000 2.08204800 1.38386300
v -30.20084000 1.38962900 2.07820400
v -30.15418100 1.00357100 2.28972600
v -30.25200700 0.15619200 2.49511600
v -30.16422000 -0.27676600 2.48463300
v -30.27280400 -1.14916300 2.22023100
v -30.21845300 -1.52181800 1.98344900
v -30.31018000 -2.11716800 1.32951200
v -30.24089500 -2.31228600 0.95043800
v -30.28483100 -2.49777900 0.10535500
v -30.18960700 -2.48064800 -0.31046300
v 29.95129100 -2.47885400 0.32447100
v 30.29883300 -2.34565700 0.86480900
v 30.01623000 -2.08204800 1.38386300
v 30.20084000 -1.38962900 2.07820400
v 30.15418100 -1.00357100 2.28972600
v 30.25200700 -0.15619200 2.49511600
v 30.16422000 0.27676700 2.48463300
v 30.27280400 1.14916400 2.22023000
v 30.21845300 1.52181900 1.98344800
v 30.31018000 2.11716800 1.32951100
v 30.24089500 2.31228700 0.95043700
v 30.28483100 2.49777900 0.10535400
v 30.18960700 2.48064700 -0.31046500
v -30.19255400 -2.20648100 -1.17534700
v 30.19255400 2.20648100 -1.17534800
v -30.24487200 -1.90264100 -1.62171400
v 30.24487300 1.90264000 -1.62171500
v -29.80455000 2.00824700 -1.48894100
v 29.80455000 -2.00824700 -1.48894100
v -30.05426700 -1.43601700 -2.04642500
v 30.05426700 1.43601700 -2.04642500
v -30.61741100 1.47162400 -2.02097100
v 30.61741100 -1.47162400 -2.02097100
v -30.45996200 2.13248000 -1.30481000
v 30.45996200 -2.13248000 -1.30481000
v -30.81196300 -1.21400000 -2.18545300
v 30.81196400 1.21400000 -2.18545300
v 3.03630600 1.87666300 -1.65170700
v -3.02231500 -1.88358300 -1.64381200
v -30.80725000 -0.65601800 -2.41239300
v 30.80725000 0.65601700 -2.41239300
v -3.52272000 2.30530900 -0.96723900
v 3.51340600 -2.31658400 -0.93991300
v -3.35708400 2.49261000 -0.19208700
v 3.44942700 2.47724700 -0.33652200
v -3.60319300 2.47480700 0.35402000
v 3.33314400 2.48591000 0.26504700
v -3.45292100 2.31204000 0.95103800
v 3.32544100 2.34344500 0.87078400
v -3.50697900 1.98411600 1.52094800
v 3.34566400 2.04323400 1.44055400
v -3.41849700 1.51370400 1.98964900
v 3.38431700 1.60521800 1.91657900
v -3.41303400 0.95120400 2.31197100
v 3.48336800 1.03949100 2.27364400
v -3.48626300 0.29698900 2.48229700
v 3.39726700 0.39721100 2.46824300
v -3.38787600 -0.37733400 2.47136000
v 3.39017300 -0.25392700 2.48707100
v -3.37541400 -1.00104400 2.29083200
v 3.46340700 -0.91167400 2.32784200
v -3.44715600 -1.57242200 1.94357700
v 3.36079900 -1.50602500 1.99546700
v -3.34091100 -2.02887500 1.46070800
v 3.34410900 -1.97833800 1.52845600
v -3.30298100 -2.33264800 0.89930700
v 3.38910300 -2.31189800 0.95138300
v -3.30471100 -2.48241200 0.29602200
v 3.59049500 -2.48248600 0.29540000
v -3.42245100 -2.48077500 -0.30944600
v 3.22536600 -2.49319000 -0.18440200
v 4.25405900 1.28750500 -2.14297300
v -4.24722400 -1.29548500 -2.13815800
v 3.08029600 2.36527500 -0.80961400
v 2.92491400 2.49882500 -0.07665000
v -3.01596100 2.42590100 0.60415500
v 2.87519100 2.43638100 0.56039800
v -3.00458500 2.17092400 1.23979500
v 2.88095900 2.20977700 1.16913900
v -3.00030100 1.76834800 1.76718600
v 2.91722500 1.83232600 1.70075900
v -2.97499600 1.24629900 2.16719600
v 2.97129400 1.32949200 2.11718000
v -2.97456100 -0.03385000 2.49977100
v 2.94880700 0.07539800 2.49886300
v -2.98869300 0.63315100 2.41849500
v 2.97827700 0.72863600 2.39146200
v -2.93736000 -0.69195200 2.40233300
v 2.96109400 -0.58529800 2.43052000
v -2.92940600 -1.81021800 1.72427100
v 2.88780300 -1.75390400 1.78152200
v -2.94795200 -1.29661300 2.13747400
v 2.93831900 -1.21102600 2.18710200
v -2.87129400 -2.19408000 1.19833800
v 2.89098700 -2.16996400 1.24147400
v -2.84954300 -2.42803400 0.59552500
v 2.95121500 -2.43118500 0.58253000
v -2.89472000 -2.49955400 -0.04723900
v -3.05633500 -2.37166500 -0.79069900
v -3.39315900 1.57936800 -1.93793600
v 3.39344000 -1.58139100 -1.93628600
v -23.56951300 -2.03492200 -1.45227200
v 23.56949500 2.03473000 -1.45254000
v -31.64287600 2.07683900 -1.39166800
v 31.64287600 -2.07683900 -1.39166800
v -31.51693600 2.39560200 -0.71490500
v 31.51693600 -2.39560200 -0.71490500
v -31.76181200 2.48715500 -0.25309900
v -31.69698000 2.42084600 0.62410400
v -31.95542300 2.27601100 1.03429900
v -31.80368100 1.80425400 1.73051000
v -32.01433900 1.45418900 2.03355200
v -31.83685000 0.66862600 2.40892900
v -32.04072900 0.20769300 2.49135800
v -31.85482400 -0.66368300 2.41029600
v -32.05573200 -1.10422100 2.24292100
v -31.86678100 -1.80871000 1.72585200
v -32.05978200 -2.10006500 1.35636600
v -31.85161600 -2.43743400 0.55580100
v -32.02863300 -2.49860800 0.08341900
v -31.77374600 -2.37434800 -0.78260600
v 31.76181200 -2.48715500 -0.25309900
v 31.69698000 -2.42084600 0.62410400
v 31.95542300 -2.27601100 1.03429900
v 31.80368100 -1.80425400 1.73051000
v 32.01433900 -1.45418900 2.03355200
v 31.83685000 -0.66862600 2.40892900
v 32.04072900 -0.20769300 2.49135800
v 31.85482400 0.66368300 2.41029600
v 32.05573200 1.10422100 2.24292100
v 31.86678100 1.80871000 1.72585200
v 32.05978200 2.10006500 1.35636600
v 31.85161600 2.43743400 0.55580100
v 32.02863300 2.49860800 0.08341900
v 31.77374600 2.37434800 -0.78260600
v -31.90423000 -2.16867900 -1.24371700
v 31.90423000 2.16867900 -1.24371800
v -32.03604300 -1.83250300 -1.70056800
v 32.03604300 1.83250300 -1.70056800
v -15.87368500 -2.04972800 -1.43129900
v 15.88475400 2.03159600 -1.45692000
v -15.81318500 -1.73745000 -1.79757200
v 15.82353500 1.72146600 -1.81288600
v 0.93313900 0.49829600 -2.44983700
v -0.93137100 -0.49793700 -2.44991000
v -16.16067500 -1.38434400 -2.08172800
v 16.16758700 1.37304600 -2.08919700
v 5.10138500 0.85407700 -2.34958600
v -5.09763200 -0.86061400 -2.34719900
v -17.82360600 1.11491700 -2.23762400
v 17.82694700 -1.11554600 -2.23731000
v -18.11681300 1.83302300 -1.70000800
v 18.12222500 -1.83351000 -1.69948300
v -17.74048200 -1.98888900 -1.51470200
v 17.74259300 1.98148800 -1.52437100
v 2.41103500 2.36264100 -0.81726800
v -2.38271300 -2.36781900 -0.80214100
v -28.28857100 -1.16850400 -2.21011300
v 28.28857200 1.16850000 -2.21011500
v -13.96654900 -2.28057100 -1.02420600
v 14.00862800 2.25435100 -1.08069400
v -13.69839100 2.01662600 -1.47757200
v 13.72602800 -2.02694000 -1.46339200
v -13.58501300 -1.74212400 -1.79304300
v 13.60734500 1.72195900 -1.81241700
v -21.23293300 -1.66639400 -1.86363400
v 21.23304500 1.66544000 -1.86448700
v -25.69728300 -1.69811600 -1.83477600
v 25.69728700 1.69807200 -1.83481600
v -5.47783000 2.39140900 -0.72880800
v 5.54181100 -2.39091900 -0.73041600
v 5.84381700 2.36668400 -0.80548500
v -5.82198500 -2.37984300 -0.76573400
v -3.01630100 1.79708100 -1.73795800
v 3.01179700 -1.79958100 -1.73536900
v 5.63749900 0.56356000 -2.43565200
v -5.63529900 -0.56841900 -2.43452200
v -16.63474900 1.68923900 -1.84295200
v 16.64520600 -1.69123000 -1.84112500
v -16.67383800 2.49207500 -0.19890700
v -16.70656900 2.43249700 0.57702400
v -16.73258600 2.16596000 1.24844600
v -16.73997000 1.73960600 1.79548600
v -16.73159100 1.18875800 2.19928500
v -16.71914300 0.54916300 2.43893800
v -16.70868300 -0.13344600 2.49643600
v -16.70068100 -0.80584500 2.36656200
v -16.69510900 -1.41371500 2.06189500
v -16.68731300 -1.90863200 1.61465900
v -16.66403000 -2.25907800 1.07077900
v -16.61821600 -2.45394200 0.47767100
v -16.52720400 -2.49641700 -0.13379600
v -16.44313500 -2.38056200 -0.76349600
v 16.69805800 -2.49196400 -0.20028600
v 16.73041800 -2.43482800 0.56711000
v 16.74522800 -2.17649600 1.22998600
v 16.73361400 -1.75920100 1.77629200
v 16.71011200 -1.21174000 2.18670700
v 16.68476900 -0.57151000 2.43379900
v 16.66043500 0.11243700 2.49747000
v 16.63785700 0.78659400 2.37303000
v 16.61651300 1.40001400 2.07122200
v 16.59858200 1.90679900 1.61682400
v 16.58676800 2.26775700 1.05227300
v 16.57045200 2.46126700 0.43836600
v 16.50862500 2.49350200 -0.18013600
v 16.44317300 2.36840700 -0.80040400
v -16.70373700 2.28826100 -1.00690800
v 16.72164200 -2.28918000 -1.00481700
v -16.50593200 -2.08829700 -1.37441400
v 16.51206000 2.07436200 -1.39535700
v -16.62998300 2.03862000 -1.44707600
v 16.64467800 -2.04034200 -1.44464600
v -16.47325000 -1.69575100 -1.83696200
v 16.48010700 1.68354800 -1.84815200
v -11.01521100 2.49676800 -0.12708900
v -11.07430500 2.44042100 0.54253800
v -11.02266100 1.89528400 1.63030600
v -11.10800700 1.32310600 2.12117700
v -11.13054000 0.73170800 2.39052400
v -11.12477500 0.09948300 2.49802000
v -11.14287000 -0.54025700 2.44092700
v -11.18133000 -1.14540500 2.22217200
v -11.22684300 -1.67883300 1.85243700
v -11.25951800 -2.09820300 1.35924400
v -11.29339600 -2.37390900 0.78393500
v -11.40014900 -2.47938600 -0.32037900
v 10.95687000 -2.49759200 -0.10969100
v 11.04347100 -2.43912500 0.54833400
v 10.98451200 -1.90868500 1.61459600
v 11.05206600 -1.37092200 2.09059200
v 11.10097000 -0.80470100 2.36695100
v 11.14703000 -0.16702600 2.49441400
v 11.19901000 0.50522500 2.44841700
v 11.21752600 1.13826700 2.22583700
v 11.21917400 1.67458500 1.85627700
v 11.24524600 2.08992100 1.37194300
v 11.30879800 2.37157100 0.79098100
v 11.43121000 2.47600600 -0.34553700
v -11.35428900 -2.25550200 -1.07829100
v 11.37718700 2.24356700 -1.10290800
v -11.39546600 2.02397900 -1.46748400
v 11.38644300 -2.03414600 -1.45335900
v -11.22119500 1.61583400 -1.90763700
v 11.21445300 -1.62048000 -1.90369300
v 8.61519200 2.06021700 -1.41615900
v -8.61484300 -2.07831800 -1.38945800
v 13.06054400 1.06644500 -2.26112700
v -13.04940800 -1.07789800 -2.25569000
v -16.65256000 -1.02107800 -2.28197300
v 16.65649700 1.01411100 -2.28507800
v 8.71063800 2.35128900 -0.84937500
v -8.71812200 -2.36676000 -0.80526100
v -32.23739100 2.07298100 -1.39740900
v 32.23739100 -2.07298100 -1.39740900
v -32.22427200 2.40876800 -0.66920600
v 32.22427200 -2.40876800 -0.66920600
v -32.40709300 2.41339600 0.65231800
v -32.69719200 2.24999100 1.08974400
v -32.50265100 1.76622700 1.76930500
v -32.75603100 1.39232300 2.07640000
v -32.53324800 0.61372100 2.42349900
v -32.77734200 0.12820000 2.49671100
v -32.54762300 -0.72208900 2.39344700
v -32.78756900 -1.17835900 2.20487400
v -32.55333800 -1.85284000 1.67838700
v -32.78642700 -2.14729300 1.28028600
v -32.53645800 -2.45331000 0.48090700
v -32.75798500 -2.49989800 -0.02260300
v 32.40709300 -2.41339600 0.65231800
v 32.69719200 -2.24999100 1.08974400
v 32.50265100 -1.76622700 1.76930500
v 32.75603100 -1.39232300 2.07640000
v 32.53324800 -0.61372100 2.42349900
v 32.77734200 -0.12820000 2.49671100
v 32.54762300 0.72208900 2.39344700
v 32.78756900 1.17835900 2.20487400
v 32.55333800 1.85284000 1.67838700
v 32.78642700 2.14729300 1.28028600
v 32.53645800 2.45331000 0.48090700
v 32.75798500 2.49989800 -0.02260300
v -32.46755700 -2.33720100 -0.88740800
v 32.46755700 2.33720100 -0.88740800
v -32.66808100 -2.08124200 -1.38507500
v 32.66808100 2.08124200 -1.38507500
v -32.75737300 -1.69921500 -1.83375800
v 32.75737300 1.69921500 -1.83375800
v -26.16608500 -1.34992200 -2.10421200
v 26.16608900 1.34989300 -2.10423100
v -26.19297900 -2.16037800 -1.25808100
v 26.19297700 2.16035400 -1.25812300
v -25.78496100 2.47040400 -0.38354400
v 25.78498700 -2.47040300 -0.38355000
v -25.60601000 2.33655100 -0.88911600
v 25.60604000 -2.33654900 -0.88912200
v -25.87376900 2.10412800 -1.35005500
v 25.87379400 -2.10412500 -1.35005800
v -26.39344600 -1.80552000 -1.72918900
v 26.39344800 1.80549500 -1.72921600
v -24.29508500 -2.32078100 -0.92950400
v 24.29504500 2.32070000 -0.92970500
v 8.94928100 1.67954700 -1.85178900
v -8.94618900 -1.69491300 -1.83773500
v -9.80159200 2.36249900 -0.81767900
v 9.75556700 -2.36170100 -0.81998000
v -10.01772800 2.13853500 -1.29486200
v 9.98872900 -2.13603400 -1.29898400
v -13.48310900 1.35456000 -2.10123000
v 13.49311800 -1.36188600 -2.09648900
v 6.10602200 1.77578400 -1.75971300
v -6.09761800 -1.79165100 -1.74355600
v -18.50531900 1.44484500 -2.04020200
v 18.50849200 -1.44521500 -2.03993900
v -18.77887200 2.45429300 -0.47586300
v -18.64583200 2.48576600 0.26639700
v -18.56027900 2.31066500 0.95437200
v -18.51322400 1.96191400 1.54948200
v -18.48540600 1.46991000 2.02221800
v -18.46745500 0.87014500 2.34368200
v -18.45502400 0.20521400 2.49156300
v -18.44526400 -0.47602200 2.45426200
v -18.43475200 -1.12166600 2.23424800
v -18.41779200 -1.68156400 1.84995700
v -18.38493800 -2.11284500 1.33637100
v -18.32478000 -2.38654500 0.74458100
v -18.23583700 -2.49617500 0.13824800
v -18.18921200 -2.45716900 -0.46078200
v -18.26072900 -2.21081300 -1.16717900
v 18.78411400 -2.45418200 -0.47643300
v 18.65133200 -2.48598000 0.26439200
v 18.56406700 -2.31218700 0.95067900
v 18.51353800 -1.96546100 1.54498000
v 18.48148200 -1.47522100 2.01834600
v 18.45930600 -0.87633100 2.34137600
v 18.44264200 -0.21150200 2.49103700
v 18.42846200 0.47033500 2.45535900
v 18.41369700 1.11770800 2.23623100
v 18.39395500 1.68059600 1.85083700
v 18.36168000 2.11481100 1.33325700
v 18.30610500 2.38925700 0.73583200
v 18.22396300 2.49686300 0.12519300
v 18.18395800 2.45456900 -0.47444000
v 18.26057200 2.20559300 -1.17701300
v -18.69567700 2.31236000 -0.95025900
v 18.70097200 -2.31233400 -0.95032100
v -18.48535200 -1.92800400 -1.59147700
v 18.48638500 1.92295300 -1.59757700
v -18.88286500 1.90219100 -1.62224200
v 18.88642800 -1.90236400 -1.62204000
v -18.64152100 -1.53914900 -1.97003000
v 18.64285400 1.53492400 -1.97332400
v -17.55837100 -2.23298200 -1.12418400
v 17.55865900 2.22515500 -1.13959800
v -18.16389600 2.43574400 -0.56316100
v -18.05430900 2.48986900 0.22483300
v -17.99740300 2.31938200 0.93298800
v -17.96546200 1.96931300 1.54006700
v -17.94450100 1.47511600 2.01842300
v -17.92875900 0.87349500 2.34243600
v -17.91663800 0.20704000 2.49141200
v -17.90681300 -0.47510500 2.45444000
v -17.89669500 -1.12042800 2.23487000
v -17.88125300 -1.67849100 1.85274600
v -17.85208900 -2.10767500 1.34450900
v -17.80055600 -2.38200000 0.75899700
v -17.72844700 -2.49569600 0.14663100
v -17.66632400 -2.45504300 -0.47197600
v 18.17241600 -2.43562300 -0.56368400
v 18.06341600 -2.49013000 0.22192700
v 18.00391000 -2.32173500 0.92711700
v 17.96632400 -1.97502600 1.53273400
v 17.93860100 -1.48361700 2.01218300
v 17.91643400 -0.88316200 2.33880800
v 17.89797700 -0.21670100 2.49059000
v 17.88151100 0.46629000 2.45613000
v 17.86483000 1.11398300 2.23808900
v 17.84480100 1.67647700 1.85456900
v 17.81642900 2.11033600 1.34032800
v 17.77245400 2.38605100 0.74616300
v 17.71152200 2.49674500 0.12752700
v 17.65966500 2.45118300 -0.49163200
v -2.68592700 1.12834800 -2.23088100
v 2.68446700 -1.12846200 -2.23082300
v -5.94125700 2.47919800 -0.32183800
v 6.06476400 2.48225400 -0.29734700
v -5.91648700 2.47952100 0.31933600
v 6.30351300 2.49463600 0.16367700
v -5.93020300 2.32827100 0.91057900
v 6.19107200 2.33995500 0.88012100
v -6.03062500 2.02650300 1.46399600
v 6.12627200 2.02555400 1.46531000
v -6.06692400 1.53445600 1.97368800
v 6.07800600 1.57148900 1.94433100
v -6.07032500 0.94135000 2.31600100
v 6.03560600 1.01499100 2.28468700
v -6.04388000 0.23829300 2.48861700
v 6.04196000 0.38937700 2.46949100
v -5.95982400 -0.41356300 2.46555600
v 6.00460700 -0.26848900 2.48554100
v -5.93188400 -1.00878400 2.28743400
v 6.01170300 -0.90464700 2.33058200
v -5.95531900 -1.54556900 1.96499800
v 6.01152700 -1.49362500 2.00476600
v -5.99991700 -2.01494900 1.47985900
v 6.01620800 -1.96746800 1.54242300
v -6.07915200 -2.32037900 0.93050700
v 6.01711100 -2.29656700 0.98781700
v -6.25072500 -2.48906400 0.23357900
v 6.06262000 -2.47353200 0.36282300
v -6.03070000 -2.48831600 -0.24142000
v 6.04454600 -2.47875200 -0.32525200
v -23.81473400 1.23820400 -2.17183100
v 23.81481100 -1.23819500 -2.17183600
v 8.07623300 2.46189300 -0.43483700
v -7.64456300 2.49941700 0.05396500
v 7.85588600 2.49151800 0.20576200
v -7.17098300 2.41758800 0.63660800
v 7.38312100 2.40317700 0.68901300
v -7.58804600 2.18564700 1.21365000
v 7.57213300 2.17529800 1.23210400
v -7.21989400 1.80837200 1.72620700
v 7.62782400 1.75838400 1.77710000
v -7.55013000 1.28131800 2.14667700
v 7.44573900 1.14495700 2.22240300
v -7.55815400 -0.00193700 2.49999900
v 8.13121900 -0.17194200 2.49408000
v -7.23112200 0.62296600 2.42113900
v 7.71793600 0.51457500 2.44646900
v -7.27271600 -0.68537500 2.40421700
v 7.53209600 -0.72774800 2.39173200
v -6.99856900 -1.62373300 1.90091800
v 7.46066700 -1.73514400 1.79979900
v -7.91263800 -1.16964000 2.20951200
v 8.02079000 -1.29701100 2.13723200
v -7.72623500 -2.03717400 1.44911100
v 7.39343300 -2.19338600 1.19960800
v -7.33551600 -2.33506300 0.89301800
v 7.73864100 -2.43421900 0.56971700
v -7.87051100 -2.47966600 0.31820500
v 7.76041900 -2.49727700 -0.11664800
v -8.08470000 -2.47307800 -0.36590000
v 7.93301100 2.26441700 -1.05944100
v -7.93278000 -2.28355900 -1.01752500
v -26.60324200 -0.49951600 -2.44958800
v 26.60324400 0.49950700 -2.44959000
v -10.63635100 1.92629500 -1.59354600
v 10.61935200 -1.92849000 -1.59088800
v -10.62333600 2.36650200 0.80601900
v -10.64069800 1.55252000 1.95951100
v -10.71178600 1.00882500 2.28741600
v -10.73427900 0.40364700 2.46719900
v -10.68850600 -0.24549100 2.48791800
v -10.77704900 -0.87278200 2.34270200
v -10.75556400 -1.44467900 2.04031900
v -10.84724400 -1.91707800 1.60462200
v -10.80931700 -2.26085500 1.06702200
v -10.89057400 -2.44527400 0.52022500
v 10.60369800 -2.36757800 0.80285500
v 10.60508500 -1.59286700 1.92685600
v 10.67474400 -1.07220600 2.25840100
v 10.71673600 -0.47515000 2.45443100
v 10.68748200 0.18762400 2.49294900
v 10.77927800 0.84206300 2.35391800
v 10.72732300 1.43131400 2.04971700
v 10.80636600 1.91164300 1.61109400
v 10.77992500 2.26106400 1.06657800
v 10.88899400 2.44760700 0.50913600
v -2.27969400 1.68621200 -1.84572200
v 2.27274900 -1.68520400 -1.84664200
v -29.18895800 1.23913200 -2.17130200
v 29.18895900 -1.23913200 -2.17130200
v -29.61964600 -2.06386000 -1.41084400
v 29.61964600 2.06385900 -1.41084600
v -29.31390400 2.15245600 -1.27158700
v 29.31390500 -2.15245600 -1.27158700
v -29.62390000 -2.34025300 -0.87932600
v 29.62390000 2.34025200 -0.87932900
v -29.57185700 2.37429700 0.78276100
v -29.39729800 2.19555700 1.19562900
v 29.57185800 -2.37429700 0.78276100
v 29.39729900 -2.19555700 1.19562900
v -29.15988600 1.89985400 -1.62497900
v 29.15988700 -1.89985300 -1.62497900
v 12.34179800 1.69605500 -1.83668100
v -12.32185900 -1.71177500 -1.82203900
v -20.60230000 -1.18016700 -2.20390700
v 20.60260000 1.17909400 -2.20448100
v -24.26813700 0.87189900 -2.34303100
v 24.26817600 -0.87189400 -2.34303200
v -22.88673000 -1.32302700 -2.12122600
v 22.88677500 1.32271300 -2.12142200
v -24.37081100 -1.34238300 -2.10903000
v 24.37082700 1.34226800 -2.10910400
v -21.62999900 1.80134100 -1.73354300
v 21.63050000 -1.80131300 -1.73357200
v -21.54560600 2.49875800 -0.07877900
v -21.49339700 2.44761300 0.50910700
v -21.45854500 2.25683700 1.07549500
v -21.45154700 1.92408500 1.59621300
v -21.45457800 1.45505100 2.03293500
v -21.45902800 0.87530000 2.34176200
v -21.46356000 0.22496100 2.48985800
v -21.46880100 -0.44800200 2.45953100
v -21.47632000 -1.09278600 2.24851500
v -21.48968400 -1.65993200 1.86939200
v -21.51741700 -2.10327700 1.35138000
v -21.57555300 -2.37556000 0.77892000
v -21.46594900 -2.49447400 0.16613200
v -21.24652200 -2.46123600 -0.43854100
v 21.54615900 -2.49875200 -0.07898500
v 21.49384500 -2.44767700 0.50880100
v 21.45877900 -2.25702400 1.07510200
v 21.45145700 -1.92443300 1.59579400
v 21.45408200 -1.45555400 2.03257600
v 21.45807300 -0.87589800 2.34153900
v 21.46212500 -0.22554600 2.48980500
v 21.46690700 0.44756500 2.45961100
v 21.47406400 1.09262800 2.24859200
v 21.48727600 1.66009700 1.86924500
v 21.51517900 2.10364900 1.35080100
v 21.57377700 2.37588400 0.77793000
v 21.46454800 2.49456900 0.16470400
v 21.24555400 2.46092000 -0.44030700
v -21.61056300 2.41048900 -0.66298000
v 21.61115400 -2.41045400 -0.66310800
v -21.77826800 -2.31277100 -0.94925700
v 21.77791900 2.31229100 -0.95042700
v -21.68422700 2.17611800 -1.23065500
v 21.68478800 -2.17608000 -1.23072100
v -21.68228600 -1.96355300 -1.54740400
v 21.68223100 1.96281800 -1.54833700
v -21.17682300 -1.28904800 -2.14204400
v 21.17700400 1.28819000 -2.14256000
v 7.47657300 1.47292200 -2.02002500
v -7.47286300 -1.48778900 -2.00910000
v 3.45112800 2.19164100 -1.20279200
v -3.43231500 -2.20002900 -1.18738100
v -4.00635600 2.14301100 -1.28744100
v 4.01611900 -2.15021900 -1.27536600
v 3.70990800 2.37015100 -0.79522500
v -3.68685300 -2.37753700 -0.77286300
v 8.79040500 1.29880600 -2.13614200
v -8.78729600 -1.31107600 -2.12863300
v -8.98262500 0.92229900 -2.32365300
v 8.97833700 -0.91322800 -2.32723300
v 7.74309400 1.92032100 -1.60073900
v -7.73963000 -1.93931000 -1.57768100
v -14.96064100 1.06769100 -2.26053900
v 14.96895700 -1.07147000 -2.25875000
v -6.56954400 0.73116800 -2.39068900
v 6.57289800 -0.72436700 -2.39275800
v -20.53132300 1.80966700 -1.72484900
v 20.53241500 -1.80965200 -1.72486500
v -20.42806000 2.49643800 -0.13340400
v -20.37536000 2.45576500 0.46820700
v -20.30219700 2.26924200 1.04906700
v -20.25822400 1.92946900 1.58970200
v -20.23443100 1.45093200 2.03587700
v -20.22204400 0.86311400 2.34628100
v -20.21563700 0.20680500 2.49143200
v -20.21227000 -0.47012600 2.45539800
v -20.21026800 -1.11743200 2.23636900
v -20.20873300 -1.68734000 1.84469100
v -20.20829800 -2.13884300 1.29435300
v -20.14920700 -2.41733800 0.63755700
v -20.00742400 -2.49755300 -0.11058500
v 20.42944800 -2.49641600 -0.13382700
v 20.37651900 -2.45589900 0.46750200
v 20.30286800 -2.26969800 1.04808000
v 20.25806200 -1.93037900 1.58859600
v 20.23320700 -1.45228300 2.03491300
v 20.21964100 -0.86474600 2.34568000
v 20.21200500 -0.20846300 2.49129300
v 20.20742900 0.46876600 2.45565900
v 20.20441300 1.11672000 2.23672400
v 20.20237100 1.68747900 1.84456400
v 20.20226700 2.13961600 1.29307500
v 20.14428500 2.41807000 0.63477200
v 20.00431700 2.49737100 -0.11461900
v -20.49079900 2.39376300 -0.72103900
v 20.49219000 -2.39369900 -0.72125200
v -19.91547200 -2.35360900 -0.84292600
v 19.91423100 2.35214400 -0.84700500
v -20.54855000 2.16482900 -1.25040700
v 20.54980300 -2.16478100 -1.25048900
v -19.89269700 -2.07354300 -1.39657500
v 19.89254600 2.07138300 -1.39977500
v -24.53334800 -0.67081800 -2.40832000
v 24.53335900 0.67075200 -2.40833800
v -14.31640900 -0.86128300 -2.34695400
v 14.32415300 0.85187300 -2.35038600
v -23.65306900 0.82294300 -2.36067000
v 23.65312800 -0.82293600 -2.36067300
v -15.60685100 1.00288400 -2.29002700
v 15.61393700 -1.00557800 -2.28884500
v -21.74447300 -0.93627300 -2.31805800
v 21.74458100 0.93580000 -2.31824900
v -14.74955200 -0.44605100 -2.45988600
v 14.75306100 0.44142100 -2.46072100
v -16.74148900 0.94249200 -2.31553600
v 16.74605400 -0.94376400 -2.31501800
v -22.53330400 -0.85415800 -2.34955600
v 22.53336100 0.85387700 -2.34965800
v -11.50555400 -0.96562500 -2.30598500
v 11.51310500 0.95689300 -2.30962200
v 5.68721000 2.10210400 -1.35320300
v -5.67313500 -2.11788900 -1.32836200
v -14.48779800 1.91140300 -1.61137800
v 14.51177500 -1.91868600 -1.60270000
v -7.87895600 2.16415800 -1.25156700
v 7.87964100 -2.13385800 -1.30255500
v -14.65360900 -1.31385900 -2.12691700
v 14.66543800 1.29907200 -2.13598000
v -18.18877400 -0.74565800 -2.38620900
v 18.18999100 0.74294800 -2.38705400
v -26.99654600 0.83814500 -2.35531600
v 26.99655100 -0.83814500 -2.35531600
v -5.65352900 1.55568500 -1.95699900
v 5.66782900 -1.54830600 -1.96284200
v 1.56749900 0.42690200 -2.46328100
v -1.56562500 -0.42725100 -2.46322100
v -8.28453900 -1.04275900 -2.27214700
v 8.28706400 1.03268300 -2.27674500
v 7.48049800 -0.78508600 -2.37352900
v -7.47910400 0.79424200 -2.37048100
v 7.06596100 -0.37014500 -2.47244700
v -7.06488800 0.37412800 -2.47184700
v -28.36847300 0.82928200 -2.35845100
v 28.36847500 -0.82928200 -2.35845100
v -7.23572300 -0.72613800 -2.39222100
v 7.23772900 0.71914000 -2.39433400
v 4.48232100 0.90084200 -2.33205600
v -4.47797500 -0.90689500 -2.32970900
v -14.62611400 0.72893000 -2.39137200
v 14.63132000 -0.73187000 -2.39047400
v -17.26972200 0.89882900 -2.33283200
v 17.27319500 -0.89967000 -2.33250800
v -12.61866900 0.76412100 -2.38036100
v 12.62063600 -0.76759000 -2.37924500
v 7.65451200 -0.33123000 -2.47796000
v -7.65416900 0.33509400 -2.47744100
v -19.32965900 0.80627900 -2.36641400
v 19.33066700 -0.80638700 -2.36637700
v -18.92577800 -0.51893300 -2.44554900
v 18.92631600 0.51760100 -2.44583100
v -29.00007800 -0.36438800 -2.47330200
v 29.00007800 0.36438800 -2.47330200
v -21.74679200 0.49596700 -2.45031000
v 21.74693200 -0.49596200 -2.45031100
v -20.48546600 -0.44815100 -2.45950400
v 20.48562100 0.44769900 -2.45958700
v 2.11217200 -0.35954200 -2.47401100
v -2.11259800 0.35978600 -2.47397500
v 8.93122200 -0.50496600 -2.44847100
v -8.93324400 0.50991900 -2.44744400
v -7.84507100 -0.61635100 -2.42283100
v 7.84666400 0.61037300 -2.42434400
v -3.15205600 -0.40019100 -2.46776200
v 3.15401900 0.39850300 -2.46803500
v -10.21772600 -0.40741800 -2.46657900
v 10.21972600 0.40377800 -2.46717700
v -19.52127500 -0.95342500 -2.31105600
v 19.52186700 0.95171000 -2.31176300
v -11.94141500 -0.49937900 -2.44961600
v 11.94556800 0.49457400 -2.45059100
v -25.41847000 -0.51984100 -2.44535600
v 25.41847400 0.51981500 -2.44536100
v -18.54333600 0.84848100 -2.35161200
v 18.54506500 -0.84875500 -2.35151300
v -8.21024300 -0.28930300 -2.48320400
v 8.21100500 0.28654000 -2.48352500
v -20.22303400 -0.87693000 -2.34115200
v 20.22337000 0.87587400 -2.34154800
v 12.21543600 -0.33583500 -2.47734000
v -12.21524800 0.33471200 -2.47749200
v 14.03703900 -0.52050800 -2.44521400
v -14.03374800 0.51809900 -2.44572600
v -20.91267200 -0.87081400 -2.34343400
v 20.91286700 0.87009400 -2.34370100
v -14.44331800 -2.42626100 -0.60271000
v 14.48896000 2.40131000 -0.69549400
v -14.61528800 -2.25910200 -1.07072900
v 14.64581200 2.23208300 -1.12596900
v -13.94849000 1.62582700 -1.89912800
v 13.96499300 -1.63397300 -1.89212400
v -14.26969300 -1.63499600 -1.89124000
v 14.28753800 1.61537800 -1.90802300
v 8.23388500 1.46366400 -2.02674300
v -8.23085700 -1.47809700 -2.01624200
v -9.81857000 -0.92333000 -2.32324400
v 9.82231100 0.91508200 -2.32650500
v -27.81585300 1.59759700 -1.92293600
v 27.81585700 -1.59759700 -1.92293600
v -27.55697700 -1.39401400 -2.07526500
v 27.55697800 1.39400500 -2.07527100
v -19.11223000 -2.20070000 -1.18613600
v 19.11167000 2.19746300 -1.19212200
v -19.25029900 -1.83782400 -1.69481700
v 19.25076700 1.83445100 -1.69846700
v -19.30938400 1.55133800 -1.96044700
v 19.31155300 -1.55148000 -1.96033400
v 14.69648400 -0.36282500 -2.47353200
v -14.69405900 0.36138000 -2.47374300
v -16.26464600 -0.27872800 -2.48441300
v 16.16531200 -0.62502800 -2.42060700
v 16.26587500 0.27673000 -2.48463700
v -16.16166400 0.62373000 -2.42094200
v -20.05849800 -1.29239100 -2.14002900
v 20.05893700 1.29072000 -2.14103800
v 13.95595600 2.49984100 -0.02823400
v -13.66187500 2.43404300 0.57046800
v 13.94285700 2.41354400 0.65177100
v -14.16364300 2.24526000 1.09945800
v 13.93712900 2.15898700 1.26046700
v -14.27117100 1.80773000 1.72688000
v 13.73363600 1.79606100 1.73901200
v -14.10075400 1.21126800 2.18696800
v 13.93460200 1.31271500 2.12762300
v -14.18238200 -0.14145100 2.49599500
v 13.94016900 0.07693700 2.49881600
v -14.17760800 0.53098800 2.44296000
v 13.92238000 0.75415500 2.38353700
v -14.15259400 -0.80461900 2.36697900
v 14.06879900 -0.63520000 2.41795800
v -13.66586200 -1.82918500 1.70413700
v 14.11835200 -1.84664700 1.68519900
v -14.08951800 -1.39023800 2.07779600
v 14.10984400 -1.27905100 2.14802900
v -14.22553400 -2.16254700 1.25434900
v 14.35088400 -2.23690700 1.11635400
v -14.13224800 -2.41535400 0.64503000
v 13.77603600 -2.42780500 0.59645800
v -13.83418700 -2.49798900 0.10025800
v -19.37496300 -1.41953200 -2.05789500
v 19.37568100 1.41678500 -2.05978600
v -28.48698100 1.33004300 -2.11683400
v 28.48698300 -1.33004300 -2.11683400
v -12.93610600 -1.70724700 -1.82628200
v 12.95772400 1.68947100 -1.84273900
v 26.79222000 -0.35633100 -2.47447500
v -26.79221800 0.35633100 -2.47447500
v -28.64438300 0.39448300 -2.46868100
v 28.64438300 -0.39448200 -2.46868100
v -11.13773800 -0.47457500 -2.45454200
v 11.14093500 0.47019400 -2.45538500
v -11.51089400 1.17808200 -2.20502200
v 11.50837600 -1.18130200 -2.20329900
v -32.14000900 1.51376700 -1.98960000
v 32.14000900 -1.51376700 -1.98960000
v -31.84793000 1.83158000 -1.70156300
v 31.84793000 -1.83158000 -1.70156300
v -31.88172400 2.26216100 -1.06425000
v 31.88172400 -2.26216100 -1.06425000
v -32.06013400 2.48981600 0.22542100
v -32.21122400 2.05007900 1.43079600
v -32.25349700 1.04092600 2.27298800
v -32.27311400 -0.27418900 2.48491900
v -32.28443300 -1.51527600 1.98845200
v -32.27813600 -2.32232000 0.92565000
v -32.22839800 -2.46547200 -0.41406500
v 32.06013500 -2.48981600 0.22542100
v 32.21122400 -2.05007900 1.43079600
v 32.25349700 -1.04092600 2.27298800
v 32.27311400 0.27419000 2.48491900
v 32.28443300 1.51527600 1.98845200
v 32.27813600 2.32232000 0.92565000
v 32.22839800 2.46547200 -0.41406500
v -32.18311500 -1.40726700 -2.06630100
v 32.18311500 1.40726700 -2.06630100
v -32.38143800 -1.01607200 -2.28420600
v 32.38143800 1.01607200 -2.28420600
v -32.74558300 1.47956500 -2.01516400
v 32.74558300 -1.47956500 -2.01516400
v -32.54652700 1.80273000 -1.73209900
v 32.54652700 -1.80273000 -1.73209900
v -32.49830500 2.26928700 -1.04897000
v 32.49830500 -2.26928700 -1.04897000
v -32.54133400 2.49274700 -0.19029100
v 32.54133400 -2.49274700 -0.19029100
v -32.72843000 2.48555800 0.26833100
v -32.84997700 2.01985600 1.47315300
v -32.88903400 0.98789300 2.29653400
v -32.90458800 -0.33580500 2.47734400
v -32.91141800 -1.56671800 1.94817700
v -32.90327400 -2.34822500 0.85781100
v -32.86316300 -2.44869000 -0.50390300
v 32.72843100 -2.48555800 0.26833100
v 32.84997700 -2.01985600 1.47315300
v 32.88903400 -0.98789300 2.29653400
v 32.90458800 0.33580500 2.47734400
v 32.91141800 1.56671800 1.94817700
v 32.90327400 2.34822500 0.85781100
v 32.86316300 2.44869000 -0.50390400
v -32.85663500 -1.28091900 -2.14691600
v 32.85663500 1.28091900 -2.14691600
v -2.20625300 2.22051100 -1.14862000
v 2.18039400 -2.21780100 -1.15384400
v -2.06672900 2.46377200 -0.42406000
v 2.00734700 -2.46021700 -0.44422300
v -2.11516500 2.48670700 0.25747000
v 2.12938900 2.49114100 0.21027400
v -2.20529200 2.31758700 0.93743800
v 2.11177800 2.34317400 0.87151300
v -2.24598300 1.98659900 1.51770300
v 2.15332400 2.02251800 1.46949700
v -2.25099400 1.52379000 1.98193500
v 2.21308000 1.57888600 1.93832900
v -2.24612300 0.95482600 2.31047800
v 2.24087500 1.03821600 2.27422700
v -2.23611400 0.31188600 2.48046900
v 2.22256300 0.41635200 2.46508600
v -2.20959800 -0.35888900 2.47410600
v 2.21218300 -0.25522800 2.48693800
v -2.19443900 -1.00057800 2.29103500
v 2.20038800 -0.88858400 2.33675400
v -2.19527400 -1.55839300 1.95484300
v 2.13288200 -1.47214800 2.02058900
v -2.15529400 -2.00401800 1.49462700
v 2.09859100 -1.97856100 1.52816700
v -2.09176900 -2.32360800 0.92241300
v 2.09680500 -2.32428400 0.92070800
v -2.08647200 -2.48736500 0.25102700
v 2.03730500 -2.48935900 0.23041900
v 2.14002400 2.46206300 -0.43387400
v -2.10175700 -2.46570500 -0.41267400
v 2.02862300 2.20115300 -1.18529600
v -2.00440000 -2.20490800 -1.17829600
v -1.86020900 1.38473500 -2.08146800
v 1.85611100 -1.38271300 -2.08281200
v -32.44332500 1.12863000 -2.23073900
v 32.44332500 -1.12863000 -2.23073900
v -28.38622700 -2.22846900 -1.13310400
v 28.38622700 2.22846600 -1.13311100
v -27.93856300 2.48730500 -0.25162600
v 27.93856900 -2.48730500 -0.25162700
v -28.43402800 2.45516300 0.47135300
v 28.43403100 -2.45516300 0.47135300
v 1.61881700 1.93686200 -1.58068500
v -1.60197200 -1.93778000 -1.57956000
v 1.99148800 1.21780400 -2.18333500
v -1.98463200 -1.21958200 -2.18234300
v -1.88937700 1.99020800 -1.51296800
v 1.87531900 -1.98563200 -1.51896900
v -1.80776400 2.35803100 -0.83047600
v 1.77024100 -2.35113700 -0.84979800
v -1.76575900 2.49894700 -0.07256800
v 1.95162000 2.49783000 -0.10414500
v -1.88334600 2.42048300 0.62550800
v 1.83702000 2.44099300 0.53995800
v -1.96695700 2.16577200 1.24877100
v 1.85110800 2.19575100 1.19527400
v -1.99703800 1.76842400 1.76711000
v 1.93745500 1.80239300 1.73244900
v -1.99796700 1.25130900 2.16430700
v 1.98547700 1.31478900 2.12634200
v -1.96689100 -0.01961800 2.49992300
v 1.94736500 0.08285300 2.49862700
v -1.98893700 0.64265800 2.41598700
v 1.98768200 0.74158400 2.38747800
v -1.93965200 -0.68575100 2.40411000
v 1.96292700 -0.57721600 2.43245200
v -1.92920400 -1.78887200 1.74640700
v 1.81741100 -1.73304200 1.80182300
v -1.93932900 -1.29048200 2.14118100
v 1.90971200 -1.17070900 2.20894600
v -1.86011500 -2.17172300 1.23839400
v 1.82499700 -2.17220000 1.23755600
v -1.78977000 -2.42682500 0.60043500
v 1.79114100 -2.42781500 0.59641700
v -1.90361100 -2.49892600 -0.07326200
v 1.68782800 -2.49779800 -0.10490100
v 1.75814800 2.37700400 -0.77450200
v -1.72136200 -2.38018800 -0.76466100
v -3.12544800 0.82215200 -2.36094600
v 3.12564000 -0.82220200 -2.36092900
v -28.99737400 -0.85682200 -2.34858600
v 28.99737400 0.85682000 -2.34858700
v 0.86930200 0.93830400 -2.31723600
v -0.86573900 -0.93712400 -2.31771400
v -22.38842400 1.56337200 -1.95086300
v 22.38869600 -1.56335200 -1.95087900
v 4.49655300 1.65742500 -1.87161500
v -4.48663500 -1.66816800 -1.86204600
v -22.20980700 1.96337000 -1.54763600
v 22.21017600 -1.96334200 -1.54767200
v -22.32308500 -2.12379600 -1.31889800
v 22.32297100 2.12335100 -1.31961300
v 4.77938000 2.02890700 -1.46066300
v -4.76485300 -2.04168800 -1.44274400
v -18.69162000 -2.39887700 -0.70384000
v 18.68876600 2.39606500 -0.71335100
v -19.25124300 2.49976300 -0.03443000
v -19.10909400 2.41153700 0.65915800
v -19.03444100 2.14552300 1.28325000
v -18.99297500 1.72394500 1.81052800
v -18.96876100 1.17621200 2.20602000
v -18.95372900 0.54059600 2.44085100
v -18.94337700 -0.13714100 2.49623600
v -18.93418900 -0.80653200 2.36632800
v -18.92167600 -1.41644200 2.06002200
v -18.89811600 -1.91946900 1.60176200
v -18.84982000 -2.27646400 1.03330100
v -18.75964300 -2.46485000 0.41775200
v -18.62484200 -2.49550000 -0.14992500
v 19.25493000 -2.49974800 -0.03546700
v 19.11224400 -2.41212000 0.65702300
v 19.03576300 -2.14730500 1.28026500
v 18.99157500 -1.72711800 1.80750200
v 18.96430800 -1.18039500 2.20378500
v 18.94615500 -0.54518000 2.43983200
v 18.93260800 0.13276900 2.49647200
v 18.92028400 0.80313300 2.36748300
v 18.90531300 1.41491800 2.06106900
v 18.88103400 1.92019200 1.60089500
v 18.83455000 2.27848300 1.02884100
v 18.74826700 2.46623300 0.40950800
v 18.61764400 2.49484100 -0.16053300
v -19.32531500 2.40827100 -0.67099200
v 19.32885100 -2.40816800 -0.67136100
v -19.43318900 2.19003300 -1.20571700
v 19.43619200 -2.19001000 -1.20575900
v -25.16403400 1.91022400 -1.61277500
v 25.16407400 -1.91022000 -1.61278000
v -25.08106700 2.21664700 -1.15606000
v 25.08111500 -2.21664300 -1.15606800
v -25.04535900 2.41876700 -0.63211200
v -25.63681600 2.49629500 0.13605300
v -25.33565300 2.35512900 0.83866900
v -25.37061700 2.04368800 1.43990900
v -25.36755800 1.58283900 1.93510200
v -25.35391300 1.01486600 2.28474200
v -25.36495200 0.37925300 2.47106600
v -25.39805200 -0.28992900 2.48313100
v -25.40407900 -0.94536100 2.31436700
v -25.38689600 -1.52619600 1.98008200
v -25.39872400 -1.99156100 1.51118600
v -25.44011000 -2.32323200 0.92335900
v -25.45539600 -2.46748800 -0.40187700
v 25.04540800 -2.41876400 -0.63212400
v 25.63684200 -2.49629600 0.13604500
v 25.33567800 -2.35513400 0.83865600
v 25.37062900 -2.04369700 1.43989700
v 25.36755400 -1.58285000 1.93509400
v 25.35389400 -1.01487600 2.28473800
v 25.36491600 -0.37925700 2.47106500
v 25.39800200 0.28993600 2.48313100
v 25.40401800 0.94538100 2.31435900
v 25.38683000 1.52622700 1.98005900
v 25.39865900 1.99159500 1.51114200
v 25.44005600 2.32325800 0.92329300
v 25.45537100 2.46747300 -0.40196700
v -25.14131100 -2.32016000 -0.93105100
v 25.14129100 2.32011600 -0.93116200
v -25.45697300 -2.04899500 -1.43234700
v 25.45697000 2.04894600 -1.43241800
v -1.63622400 2.19771100 -1.19166400
v 1.61486600 -2.18945100 -1.20677500
v -1.41719000 2.45840200 -0.45415600
v 1.36096800 -2.45040100 -0.49551500
v -1.50936300 2.48032500 0.31303100
v 1.50719000 2.49517200 0.15530200
v -1.65146000 2.30519500 0.96751100
v 1.55986100 2.33989400 0.88028200
v -1.71862400 1.97886600 1.52777300
v 1.62732900 1.99434500 1.50751100
v -1.73483100 1.52193800 1.98335700
v 1.71136500 1.55961600 1.95386800
v -1.72948600 0.95804700 2.30914400
v 1.73713100 1.03768900 2.27446700
v -1.71090700 0.31970700 2.47947300
v 1.70428600 0.43742100 2.46143500
v -1.67916400 -0.35183900 2.47511800
v 1.69502900 -0.26779700 2.48561600
v -1.65484600 -1.00173600 2.29052900
v 1.68898500 -0.86692400 2.34487600
v -1.67984400 -1.54960100 1.96181900
v 1.56788000 -1.42868100 2.05155300
v -1.63737000 -1.98292500 1.52250100
v 1.52768600 -1.97932600 1.52717600
v -1.52463400 -2.30565400 0.96641500
v 1.52496800 -2.31764300 0.93730000
v -1.43647800 -2.49207700 0.19887400
v 1.43590800 -2.48494600 0.27393600
v 1.55727900 2.47717000 -0.33708600
v -1.50231900 -2.47960600 -0.31867400
v -11.97564800 1.47470700 -2.01872200
v 11.97636800 -1.48177100 -2.01354300
v -33.29285700 1.17181000 -2.20836200
v 33.29285700 -1.17181000 -2.20836200
v -12.13595100 -1.94404100 -1.57184800
v 12.16013700 1.92782000 -1.59170100
v -12.00907800 -2.47942600 -0.32007200
v 12.05995200 2.47499900 -0.35267600
v -12.01834300 -2.27638900 -1.03346700
v 12.05232200 2.26254800 -1.06342700
v -12.05377200 2.02352600 -1.46810800
v 12.05856700 -2.03733700 -1.44888100
v -17.13977000 -1.74176900 -1.79338800
v 17.14400800 1.73231200 -1.80252400
v -9.48306200 2.47546400 -0.34939800
v 9.72388900 2.48483300 -0.27496500
v -9.30567200 2.24892500 1.09194300
v 9.71052200 2.26813200 1.05146400
v -9.55217900 1.98976900 1.51354600
v 9.46654200 2.01544200 1.47918600
v -9.38247300 1.38027900 2.08442600
v 9.69789900 1.40548100 2.06751600
v -9.53520200 0.99594200 2.29305400
v 9.47286000 0.97935000 2.30019000
v -9.52206600 0.22520300 2.48983600
v 9.66314500 0.15849300 2.49497100
v -9.73256000 -0.24369600 2.48809400
v 9.46809100 -0.32075500 2.47933800
v -9.59829800 -1.04442400 2.27138200
v 9.50500100 -1.08282600 2.25332800
v -9.81008200 -1.44062800 2.04318200
v 9.36932700 -1.46558200 2.02535700
v -9.64788000 -2.01265200 1.48298000
v 9.58796900 -2.02716200 1.46308300
v -9.81903300 -2.25528100 1.07875200
v 9.34973200 -2.26317300 1.06209500
v -9.74153700 -2.48906400 -0.23358600
v 9.41682400 -2.47711400 -0.33749900
v 9.88433500 2.24115700 -1.10779700
v -9.88223700 -2.25437900 -1.08063700
v -2.04079900 1.07398500 -2.25755500
v 2.03862800 -1.07299000 -2.25802800
v 5.53515600 1.02795000 -2.27888600
v -5.53075600 -1.03666600 -2.27493400
v -32.93975600 -0.84674600 -2.35223800
v 32.93975600 0.84674600 -2.35223800
v -4.59910000 1.20171900 -2.19223000
v 4.60521100 -1.20001400 -2.19316300
v -12.61927300 -1.40009000 -2.07117100
v 12.63456400 1.38590300 -2.08069000
v -33.30355500 1.71610100 -1.81796500
v 33.30355500 -1.71610100 -1.81796500
v -33.14344300 2.40107500 -0.69630300
v 33.14344300 -2.40107500 -0.69630300
v -33.32920700 2.49999700 0.00398900
v -33.30423100 2.41656600 0.64047600
v -33.45647600 2.17038300 1.24074000
v -33.38310600 1.76756900 1.76796500
v -33.49716900 1.23456800 2.17390000
v -33.40684600 0.60913000 2.42465700
v -33.51083600 -0.06355500 2.49919200
v -33.41621500 -0.73104900 2.39072500
v -33.51614200 -1.34724300 2.10592900
v -33.41802500 -1.86252800 1.66762900
v -33.51212200 -2.24346100 1.10312400
v -33.40552900 -2.45785400 0.45711500
v -33.49094500 -2.48867800 -0.23765900
v 33.32920700 -2.49999700 0.00398900
v 33.30423100 -2.41656600 0.64047600
v 33.45647600 -2.17038300 1.24074000
v 33.38310600 -1.76756900 1.76796500
v 33.49716900 -1.23456800 2.17390000
v 33.40684600 -0.60913000 2.42465700
v 33.51083600 0.06355500 2.49919200
v 33.41621500 0.73104900 2.39072500
v 33.51614200 1.34724300 2.10592900
v 33.41802500 1.86252800 1.66762900
v 33.51212200 2.24346100 1.10312400
v 33.40552900 2.45785400 0.45711500
v 33.49094500 2.48867800 -0.23765900
v -33.37278300 -2.32068400 -0.92974600
v 33.37278300 2.32068400 -0.92974600
v -33.47282700 -1.93328300 -1.58506000
v 33.47282700 1.93328300 -1.58506000
v -33.33008000 -1.52908500 -1.97785200
v 33.33008000 1.52908500 -1.97785200
v -19.70857100 1.19177300 -2.19765300
v 19.70982200 -1.19185600 -2.19760700
v -11.94691400 2.49294600 0.18767700
v -12.02500500 2.36432000 0.81239800
v -12.05605400 2.08052900 1.38614600
v -12.00106500 1.61741300 1.90629900
v -11.95643400 1.05157200 2.26808200
v -11.94215800 0.44574800 2.45994100
v -11.94207100 -0.18234700 2.49334100
v -11.96459300 -0.79081300 2.37162700
v -12.05434600 -1.36480300 2.09459100
v -12.12394500 -1.87234100 1.65660500
v -12.13209000 -2.23539300 1.11938300
v -12.19838400 -2.43522900 0.56538400
v -12.27010700 -2.49823900 0.09381600
v -12.25159100 -2.40611600 -0.67868100
v 11.93933000 -2.49393100 0.17409600
v 12.00082000 -2.35373800 0.84256500
v 12.04531300 -2.04635700 1.43611400
v 11.86210500 -1.63826800 1.88840600
v 11.87014300 -1.14431200 2.22273500
v 11.94490900 -0.56790500 2.43464300
v 12.14107000 0.11364500 2.49741600
v 12.16808700 0.80367600 2.36729900
v 12.15350200 1.39906500 2.07186300
v 12.08066600 1.85273700 1.67850100
v 12.19153600 2.20063100 1.18626400
v 12.30724000 2.43104600 0.58311000
v 12.34514100 2.49917700 0.06413900
v 12.29810600 2.39510500 -0.71656900
v -11.92104800 2.42546600 -0.60590000
v 11.91798600 -2.44526200 -0.52028000
v -12.28515100 -2.12928200 -1.31002300
v 12.31634700 2.11231500 -1.33720900
v -20.42887400 1.14863400 -2.22050400
v 20.42963900 -1.14865500 -2.22049300
v -4.19653000 2.37019100 -0.79510600
v 4.22187400 -2.37947300 -0.76688300
v 4.35656400 2.45162900 -0.48940200
v -4.32880100 -2.45742900 -0.45939400
v -4.28825600 2.49650600 -0.13212600
v 4.80359400 2.49436400 0.16778100
v -4.67918400 2.46514500 0.41600400
v 4.89172600 2.35375400 0.84252100
v -4.78651500 2.30663200 0.96407900
v 4.89655200 2.04803300 1.43372200
v -4.74897000 1.98650900 1.51782200
v 4.86718600 1.60522100 1.91657600
v -4.85142300 1.51479400 1.98881800
v 4.76558300 1.03561400 2.27541300
v -4.75237700 0.28162800 2.48408700
v 4.83212500 -0.25855700 2.48659400
v -4.85185100 0.94328800 2.31521200
v 4.84055000 0.39123600 2.46919700
v -4.81236500 -0.39323200 2.46888000
v 4.74257100 -0.91462600 2.32668400
v -4.71582200 -1.57546700 1.94110900
v 4.84909000 -1.96719200 1.54277500
v -4.79787200 -1.00821600 2.28768500
v 4.82969100 -1.50466600 1.99649200
v -4.81149500 -2.03440700 1.45299300
v 4.83743800 -2.29044200 1.00193600
v -4.82948700 -2.34249200 0.87334600
v 4.73804600 -2.46097100 0.44002300
v -4.76072900 -2.49154300 0.20545900
v 4.36229700 -2.49765200 -0.10831600
v 4.21180900 2.24897300 -1.09184200
v -4.19199300 -2.25910100 -1.07073000
v 6.89199800 1.83073400 -1.70247200
v -6.88558000 -1.84871100 -1.68293400
v -4.46689700 1.88365200 -1.64373200
v 4.48098200 -1.88559700 -1.64150000
v -31.16906400 2.24135600 -1.10739500
v 31.16906500 -2.24135600 -1.10739500
v -31.07427800 1.90171800 -1.62279700
v 31.07427800 -1.90171800 -1.62279700
v -31.44434700 1.52762700 -1.97897800
v 31.44434700 -1.52762700 -1.97897800
v -11.10297700 0.81760900 -2.36252300
v 11.10021600 -0.81811900 -2.36234600
v -17.77992900 1.53106500 -1.97632000
v 17.78516900 -1.53183400 -1.97572300
v -17.84015200 2.49393900 -0.17397600
v -17.77949700 2.43170600 0.58034900
v -17.74779400 2.16694200 1.24674100
v -17.72786800 1.73976900 1.79532900
v -17.71204000 1.18642900 2.20054200
v -17.69880200 0.54622400 2.43959800
v -17.68808900 -0.13484400 2.49636100
v -17.67863500 -0.80517700 2.36678900
v -17.66718600 -1.41229100 2.06287000
v -17.64727700 -1.90943000 1.61371600
v -17.61007200 -2.26289500 1.06268800
v -17.55021200 -2.45743100 0.45938500
v -17.47850700 -2.49499100 -0.15818100
v -17.40757800 -2.37614200 -0.77714200
v 17.85129300 -2.49381100 -0.17579600
v 17.78955000 -2.43298900 0.57494800
v 17.75269600 -2.17178900 1.23827700
v 17.72492900 -1.74867200 1.78665800
v 17.70106700 -1.19773400 2.19440900
v 17.68028200 -0.55804300 2.43692200
v 17.66187200 0.12358000 2.49694400
v 17.64444800 0.79569400 2.36999400
v 17.62593500 1.40688300 2.06656200
v 17.60332000 1.90993300 1.61312000
v 17.57133400 2.26750700 1.05281100
v 17.52348600 2.46097800 0.43998500
v 17.46519000 2.49339000 -0.18168100
v 17.40437800 2.36919800 -0.79806000
v -17.93553400 2.28139900 -1.02235900
v 17.94443300 -2.28152100 -1.02208800
v -17.81109600 2.06645200 -1.40704500
v 17.81906700 -2.06692700 -1.40634700
v -14.34639900 2.26081200 -1.06711200
v 14.38729600 -2.26774000 -1.05230900
v -17.32444700 -1.33861300 -2.11142500
v 17.32777500 1.33158500 -2.11586400
v 12.31296800 0.97959300 -2.30008700
v -12.30359800 -0.98948600 -2.29584800
v -20.92468100 1.55950100 -1.95395900
v 20.92543300 -1.55949000 -1.95396800
v -20.91475100 2.00062200 -1.49917000
v 20.91570000 -2.00058600 -1.49921800
v -20.89602000 2.29955000 -0.98085200
v 20.89708000 -2.29949500 -0.98098100
v -20.82771100 2.46565900 -0.41295000
v 20.82882800 -2.46561400 -0.41321700
v -20.77855300 2.49301700 0.18672200
v -20.71780200 2.37657700 0.77580900
v -20.67318900 2.11236200 1.33713300
v -20.64942400 1.70330800 1.82995600
v -20.63816500 1.16907600 2.20981000
v -20.63321500 0.54418700 2.44005300
v -20.63157100 -0.12672800 2.49678600
v -20.63207900 -0.79408300 2.37053400
v -20.63510500 -1.40844100 2.06550100
v -20.64471200 -1.92593400 1.59398200
v -20.68225900 -2.31347800 0.94753300
v -20.55491700 -2.48672100 0.25733000
v -20.49333000 -2.47111400 -0.37894100
v 20.77955600 -2.49305200 0.18626100
v 20.71852600 -2.37680100 0.77512500
v 20.67338700 -2.11289500 1.33629200
v 20.64887400 -1.70419900 1.82912700
v 20.63673000 -1.17025600 2.20918600
v 20.63082600 -0.54548700 2.43976300
v 20.62821600 0.12554600 2.49684600
v 20.62785000 0.79329800 2.37079700
v 20.63028700 1.40827700 2.06561300
v 20.63985200 1.92637900 1.59344400
v 20.67820800 2.31412500 0.94595300
v 20.55184900 2.48699200 0.25469800
v 20.49154200 2.47065300 -0.38193700
v -20.82431400 -2.31049300 -0.95478800
v 20.82361200 2.30956000 -0.95704500
v -20.73261600 -1.98187200 -1.52387100
v 20.73252200 1.98051500 -1.52563400
v -29.16375000 2.48098500 0.30775800
v -29.38426600 1.92639000 1.59343000
v -29.55288800 1.52063400 1.98435700
v -29.52137200 0.94469800 2.31463700
v -29.66516800 0.35032800 2.47533200
v -29.47595700 -0.28262400 2.48397300
v -29.64145700 -0.96997400 2.30415900
v -29.60344400 -1.55226000 1.95971600
v -29.71126000 -2.00537500 1.49280700
v -29.64429200 -2.32052900 0.93013300
v -29.70827400 -2.47916800 0.32206900
v -29.58270700 -2.48102700 -0.30741900
v 29.16375200 -2.48098500 0.30775800
v 29.38426700 -1.92639000 1.59343000
v 29.55288800 -1.52063400 1.98435700
v 29.52137200 -0.94469800 2.31463700
v 29.66516800 -0.35032800 2.47533200
v 29.47595600 0.28262500 2.48397300
v 29.64145600 0.96997500 2.30415900
v 29.60344300 1.55226200 1.95971500
v 29.71125900 2.00537600 1.49280500
v 29.64429100 2.32052900 0.93013100
v 29.70827400 2.47916800 0.32206600
v 29.58270700 2.48102600 -0.30742200
v -29.28609100 2.47647300 -0.34217300
v 29.28609300 -2.47647300 -0.34217400
v -28.98461200 -2.17586700 -1.23109800
v 28.98461200 2.17586500 -1.23110200
v -29.16947700 2.33674600 -0.88860500
v 29.16947900 -2.33674600 -0.88860500
v -29.05252400 -1.85789700 -1.67278800
v 29.05252500 1.85789400 -1.67279100
v -17.11541100 1.34743000 -2.10580900
v 17.12165100 -1.34873900 -2.10497100
v -16.69651400 -1.90633100 -1.61737500
v 16.70233800 1.89401800 -1.63177700
v -29.15786300 -1.41240600 -2.06279100
v 29.15786400 1.41240400 -2.06279300
v -29.01128700 1.58450900 -1.93373500
v 29.01128900 -1.58450900 -1.93373500
v -10.80235700 1.21070200 -2.18728200
v 10.79642400 -1.21079500 -2.18723000
v 6.93422400 1.04593200 -2.27068900
v -6.93107700 -1.05635500 -2.26585800
v 7.05368800 2.18966600 -1.20638300
v -7.04547300 -2.20912700 -1.17036700
v -7.18695700 2.34364300 -0.87025100
v 7.22965000 -2.32121000 -0.92843100
v 6.93360900 2.42140000 0.62195000
v -6.74152200 1.81685700 1.71727400
v -6.74994700 0.59256000 2.42876000
v -6.69017200 -1.77289800 1.76262100
v -6.84606000 -2.38854000 0.73815900
v -7.23395900 2.07841400 -1.38931500
v 7.25347900 -2.05417800 -1.42490500
v -14.68029000 1.50753000 -1.99433000
v 14.69488400 -1.51339100 -1.98988600
v -22.26974800 2.49970600 -0.03831800
v -22.21687400 2.44267400 0.53230100
v -22.18677200 2.25781300 1.07344400
v -22.22845200 1.93599100 1.58175200
v -22.25707200 1.47143100 2.02111100
v -22.27407000 0.89465800 2.33443500
v -22.28553400 0.24684800 2.48778300
v -22.29524200 -0.42398700 2.46378500
v -22.30584400 -1.06679300 2.26096300
v -22.32038400 -1.63155400 1.89421000
v -22.34237000 -2.07382100 1.39616200
v -22.36993000 -2.36381900 0.81385500
v -22.40353400 -2.49430500 0.16865200
v 22.27006300 -2.49970400 -0.03844600
v 22.21712500 -2.44271300 0.53212200
v 22.18690600 -2.25791600 1.07322600
v 22.22841000 -1.93617300 1.58152900
v 22.25681100 -1.47168800 2.02092400
v 22.27356300 -0.89495600 2.33432100
v 22.28477300 -0.24712700 2.48775600
v 22.29424300 0.42380100 2.46381700
v 22.30466300 1.06676300 2.26097700
v 22.31913100 1.63169200 1.89409100
v 22.34119300 2.07405700 1.39581100
v 22.36895800 2.36402500 0.81325700
v 22.40283400 2.49435800 0.16787100
v -22.61920300 -2.46580300 -0.41208700
v 22.61884700 2.46568600 -0.41278800
v -22.33680400 2.42594000 -0.60400000
v 22.33714800 -2.42591800 -0.60408800
v -22.48912500 2.22282700 -1.14413400
v 22.48944900 -2.22280000 -1.14418500
v -22.66093500 -2.32560700 -0.91736200
v 22.66073500 2.32534300 -0.91803100
v 1.58951700 1.57573700 -1.94089000
v -1.57926600 -1.57620900 -1.94050600
v -22.51360200 -1.81677300 -1.71736400
v 22.51359200 1.81631800 -1.71784400
v -2.41391400 0.75056600 -2.38467000
v 2.41307000 -0.75023100 -2.38477500
v -9.96579500 2.49997800 -0.01053100
v -9.84970300 2.42655400 0.60152600
v -10.07509900 2.18452800 1.21566400
v -9.89343200 1.70368800 1.82960300
v -10.02843300 1.23556000 2.17333700
v -10.00585500 0.67001700 2.40854200
v -10.14124800 0.09275000 2.49827900
v -10.09128900 -0.64404900 2.41561600
v -10.21097600 -1.16251700 2.21326800
v -10.15756500 -1.74814200 1.78717700
v -10.25774900 -2.09840100 1.35893900
v -10.17923600 -2.40422300 0.68535700
v -10.38037900 -2.49931400 0.05855700
v 9.92735200 -2.50000000 0.00045600
v 9.84312900 -2.42690600 0.60010800
v 10.07797500 -2.19826300 1.19064700
v 9.88996700 -1.75353000 1.78189000
v 10.00243800 -1.30329400 2.13340700
v 9.97096600 -0.75034500 2.38473900
v 10.10448400 -0.17011800 2.49420500
v 10.02972400 0.58229500 2.43124100
v 10.14374200 1.12483300 2.23265600
v 10.05515200 1.73632600 1.79865900
v 10.16914200 2.10080500 1.35522000
v 10.12895300 2.41142400 0.65957000
v 10.36909900 2.49982700 0.02938700
v -10.03779200 2.46151800 -0.43695600
v 9.99047100 -2.46309800 -0.42795900
v -10.28329200 -2.43172300 -0.58027700
v 10.28432800 2.42420800 -0.61091400
v -15.19932200 2.47485400 0.35368900
v -15.38092900 2.28440600 1.01562300
v -15.45993800 1.93594000 1.58181500
v -15.46581800 1.46114600 2.02855900
v -15.43580600 0.87494600 2.34189500
v -15.42411200 0.20825700 2.49131100
v -15.41383500 -0.47724600 2.45402500
v -15.40358800 -1.12957200 2.23026100
v -15.42364600 -1.69226400 1.84017400
v -15.44898300 -2.10920500 1.34210800
v -15.40699800 -2.37310400 0.78637100
v -15.04791300 -2.47152900 -0.37622100
v 15.26652300 -2.47540000 0.34985300
v 15.44675100 -2.29992800 0.97996500
v 15.46555400 -1.98292100 1.52250500
v 15.41875200 -1.52047300 1.98448000
v 15.37791200 -0.92620200 2.32210000
v 15.33569100 -0.25454100 2.48700800
v 15.29711100 0.43435100 2.46197900
v 15.26452400 1.08372800 2.25289400
v 15.22478300 1.65632400 1.87258900
v 15.22560200 2.11237400 1.33711500
v 15.26446400 2.39898300 0.70347700
v 15.06923500 2.45353800 -0.47974300
v -14.84652000 2.43466300 -0.56781600
v 14.89733900 -2.43732000 -0.55630000
v -10.01137300 1.83335300 -1.69965200
v 9.99332500 -1.82844900 -1.70492700
v -7.42127300 1.54507300 -1.96538800
v 7.42652600 -1.52629500 -1.98000600
v 5.30669500 1.73041900 -1.80434200
v -5.29681700 -1.74410900 -1.79111300
v -13.80621200 -1.27939400 -2.14782500
v 13.81976300 1.26447600 -2.15664100
v 7.39979800 2.38956000 -0.73485000
v -7.39376000 -2.40610400 -0.67872200
v -6.78037700 2.48991900 -0.22428900
v 6.91656000 -2.48581900 -0.26590200
v 9.81741100 1.69557700 -1.83712300
v -9.81178000 -1.70960200 -1.82407800
v -30.61743800 0.74247300 -2.38720200
v 30.61743800 -0.74247300 -2.38720200
v 5.28783000 2.47040500 -0.38353500
v -5.25521400 -2.47641100 -0.34261900
v -5.31424800 2.48510800 0.27246300
v 5.62930300 2.49756400 0.11034600
v -5.41080300 2.31878800 0.93446200
v 5.60694000 2.35201500 0.84736400
v -5.46172700 2.00315400 1.49578600
v 5.57261800 2.03915600 1.44632000
v -5.51211000 1.52783700 1.97881600
v 5.53082400 1.58886100 1.93016100
v -5.51470800 0.93685200 2.31782400
v 5.48467300 1.02660800 2.27949000
v -5.47322900 0.26512600 2.48590200
v 5.49332400 0.39286900 2.46893800
v -5.44588400 -0.39977500 2.46782900
v 5.47774000 -0.26519500 2.48589500
v -5.42484800 -1.01253900 2.28577500
v 5.45610500 -0.91130000 2.32798900
v -5.41934700 -1.56551400 1.94914500
v 5.47793500 -1.49681800 2.00238300
v -5.46857700 -2.02309600 1.46870200
v 5.48939600 -1.96666400 1.54344800
v -5.52273100 -2.33732300 0.88708600
v 5.48050200 -2.29644200 0.98810500
v -5.57978800 -2.49478700 0.16136400
v 5.40825500 -2.48147400 0.30378500
v 3.59817000 0.99635500 -2.29287500
v -3.59282400 -1.00143900 -2.29065900
v -15.87120000 1.83248900 -1.70058300
v 15.88764500 -1.83588700 -1.69691400
v -24.97080700 0.88779600 -2.33705300
v 24.97083100 -0.88779300 -2.33705400
v -16.03767200 2.49385800 -0.17513200
v -16.13771300 2.42539600 0.60617900
v -16.20141100 2.15580500 1.26590100
v -16.22488100 1.73235600 1.80248300
v -16.21636500 1.18665100 2.20042300
v -16.20253300 0.54912000 2.43894800
v -16.19197800 -0.13377000 2.49641900
v -16.18408700 -0.80753700 2.36598500
v -16.18215400 -1.41716900 2.05952200
v -16.18541700 -1.91148100 1.61128600
v -16.17004800 -2.25894200 1.07106500
v -16.13534400 -2.45241200 0.48546500
v -16.00876200 -2.49814900 -0.09618200
v -15.90403000 -2.37487600 -0.78100100
v 16.07347600 -2.49385400 -0.17519900
v 16.17494100 -2.42868000 0.59288400
v 16.22235200 -2.17210900 1.23771700
v 16.21341000 -1.76273600 1.77278400
v 16.18556000 -1.22004900 2.18208100
v 16.15525300 -0.58032000 2.43171300
v 16.12557400 0.10488000 2.49779900
v 16.09883300 0.78000400 2.37520400
v 16.07386400 1.39493900 2.07464300
v 16.05595800 1.90604000 1.61771800
v 16.05842500 2.27118500 1.04485400
v 16.07234600 2.46320300 0.42735400
v 15.98842400 2.49460600 -0.16414100
v 15.90973800 2.35818000 -0.83005200
v -15.95083100 2.24200300 -1.10608500
v 15.97559900 -2.24426300 -1.10149200
v -13.18290600 1.71762900 -1.81652200
v 13.19802200 -1.72810900 -1.80655400
v -28.48872100 -1.62966900 -1.89583200
v 28.48872100 1.62966400 -1.89583600
v -28.44321300 -1.97901600 -1.52757900
v 28.44321300 1.97901100 -1.52758500
v -28.78664200 -2.41068400 -0.66226900
v 28.78664200 2.41068300 -0.66227600
v -28.51618500 2.49969300 -0.03920100
v -28.79702000 2.32957900 0.90722900
v -28.79245200 2.07720800 1.39111800
v -28.75276500 1.71846400 1.81573200
v -28.68938800 1.17879000 2.20464400
v -28.82430200 0.50440100 2.44858700
v -28.62406700 -0.12696100 2.49677400
v -28.78787600 -0.73905900 2.38826100
v -28.85695800 -1.33122500 2.11609100
v -28.89997300 -1.83255700 1.70051000
v -28.93485100 -2.20412700 1.17975500
v -28.96175800 -2.42455300 0.60954400
v -28.91619500 -2.49995600 0.01484400
v 28.51618800 -2.49969300 -0.03920200
v 28.79702200 -2.32957900 0.90722800
v 28.79245300 -2.07720800 1.39111700
v 28.75276600 -1.71846400 1.81573200
v 28.68938800 -1.17879000 2.20464400
v 28.82430100 -0.50440000 2.44858800
v 28.62406600 0.12696200 2.49677400
v 28.78787400 0.73906100 2.38826100
v 28.85695600 1.33122800 2.11608900
v 28.89997100 1.83256000 1.70050700
v 28.93484900 2.20413000 1.17975100
v 28.96175600 2.42455400 0.60953800
v 28.91619300 2.49995600 0.01483800
v -7.64417000 1.84707400 -1.68473100
v 7.64923400 -1.82320400 -1.71053400
v -8.88093800 1.44573400 -2.03957200
v 8.87285300 -1.43134500 -2.04969500
v -21.93024600 -1.47258300 -2.02027200
v 21.93031200 1.47195300 -2.02073100
v -9.29482200 1.92453200 -1.59567500
v 9.27488400 -1.91129900 -1.61150100
v -10.23151200 -1.35859300 -2.09862400
v 10.23797900 1.34701700 -2.10607300
v -28.49227900 1.77812800 -1.75734500
v 28.49228200 -1.77812800 -1.75734500
v -28.60657600 2.15054500 -1.27481600
v 28.60657900 -2.15054500 -1.27481700
v -28.43016600 2.41477300 -0.64720200
v 28.43017000 -2.41477300 -0.64720200
v -13.16977100 2.45122100 -0.49144000
v -13.30905500 2.49995300 -0.01535000
v -13.58069900 -2.44204200 -0.53519500
v 13.25162800 -2.45828700 -0.45478300
v 13.40742400 -2.49985100 0.02727100
v 13.64764800 2.42331400 -0.61445200
v -7.61144100 -1.04180800 -2.27258400
v 7.61410000 1.03139100 -2.27733000
v -29.96448000 1.07054700 -2.25918800
v 29.96448100 -1.07054700 -2.25918800
v 11.62957500 1.75808400 -1.77739700
v -11.61251000 -1.77252100 -1.76300000
v -4.88963700 1.55144000 -1.96036600
v 4.90130100 -1.54905700 -1.96224900
v -26.35417700 2.49631900 0.13560600
v -26.41446900 2.38662200 0.74433600
v -26.51924000 2.07304000 1.39732100
v -26.55200200 1.58299400 1.93497600
v -26.60303300 1.06424800 2.26216200
v -26.60696700 0.44913400 2.45932500
v -26.59804100 -0.17762800 2.49368200
v -26.58477500 -0.93766900 2.31749400
v -26.61042300 -1.47957100 2.01516000
v -26.63793600 -1.94567700 1.56982200
v -26.67394100 -2.28291700 1.01896600
v -26.66478800 -2.46707300 0.40441400
v -26.54925900 -2.49521700 -0.15457900
v 26.35419400 -2.49632000 0.13560200
v 26.41448100 -2.38662300 0.74433200
v 26.51924700 -2.07304200 1.39731800
v 26.55200400 -1.58299600 1.93497400
v 26.60302900 -1.06425000 2.26216100
v 26.60695800 -0.44913300 2.45932500
v 26.59802700 0.17763200 2.49368100
v 26.58475700 0.93767900 2.31749000
v 26.61040300 1.47958400 2.01515000
v 26.63791700 1.94569200 1.56980400
v 26.67392400 2.28292800 1.01894000
v 26.66477500 2.46707800 0.40438100
v 26.54924900 2.49521400 -0.15461700
v -26.52631500 2.46244700 -0.43168800
v 26.52633100 -2.46244600 -0.43169200
v -26.59191700 2.17642500 -1.23011200
v 26.59193100 -2.17642300 -1.23011400
v -26.60195300 1.86038300 -1.67002300
v 26.60196600 -1.86038200 -1.67002400
v -26.85849200 -1.44669400 -2.03889100
v 26.85849500 1.44667600 -2.03890300
v -6.90904400 1.27865900 -2.14826200
v 6.91586400 -1.26516900 -2.15623400
v -7.62405600 1.24416300 -2.16842300
v 7.62603000 -1.22915600 -2.17696500
v -15.11733400 1.77956200 -1.75589300
v 15.13624100 -1.78486100 -1.75050600
v 10.23859700 2.00062700 -1.49916400
v -10.23084100 -2.01476600 -1.48010800
v -15.33187100 2.49823000 -0.09406900
v -15.54162100 2.40966600 0.66596400
v -15.64333900 2.13659400 1.29806300
v -15.68584300 1.71847000 1.81572600
v -15.66498600 1.18296100 2.20240800
v -15.64863200 0.54756700 2.43929700
v -15.63848000 -0.13512400 2.49634600
v -15.62857400 -0.80963200 2.36526900
v -15.62702300 -1.42272800 2.05568600
v -15.65169100 -1.91770100 1.60387700
v -15.64492100 -2.25867900 1.07161900
v -15.59820500 -2.45486600 0.47289700
v -15.37688400 -2.49969900 0.03882100
v -15.21159600 -2.36019100 -0.82431700
v 15.38512000 -2.49835100 -0.09079100
v 15.60057600 -2.41418400 0.64939600
v 15.68223200 -2.16301200 1.25354700
v 15.65900800 -1.76814800 1.76738600
v 15.62127600 -1.23135800 2.17572000
v 15.58360000 -0.59175700 2.42895500
v 15.54498700 0.09527900 2.49818400
v 15.51284300 0.77063800 2.37825900
v 15.48141500 1.38539700 2.08102800
v 15.45387300 1.90314300 1.62112500
v 15.47820000 2.27657700 1.03305300
v 15.51914600 2.47087900 0.38046700
v 15.35406500 2.49898100 -0.07138000
v 15.23091500 2.33689500 -0.88821200
v -15.29605700 2.32378900 -0.92195800
v 15.33172200 -2.32696300 -0.91391600
v -15.16356000 -2.10678900 -1.34589800
v 15.18202400 2.08315600 -1.38219500
v -15.13933700 2.12055700 -1.32409800
v 15.16774400 -2.12550500 -1.31614200
v -15.01233300 -1.74746800 -1.78783500
v 15.02777400 1.72743000 -1.80720400
v -8.29300200 -1.78781100 -1.74749300
v 8.29562400 1.77054700 -1.76498300
v -29.92325500 2.43274200 -0.57599000
v 29.92325600 -2.43274200 -0.57599000
v -30.22633800 1.76486500 1.77066400
v -30.30849800 0.60845200 2.42482700
v -30.31474100 -0.70907100 2.39733600
v -30.36190600 -1.83765200 1.69500300
v -30.36077500 -2.43859200 0.55070100
v 30.22633900 -1.76486500 1.77066400
v 30.30849800 -0.60845200 2.42482700
v 30.31474100 0.70907200 2.39733500
v 30.36190500 1.83765200 1.69500300
v 30.36077500 2.43859200 0.55069900
v -30.28980500 -2.39324700 -0.72275000
v 30.28980500 2.39324700 -0.72275100
v -33.00387600 2.09443000 -1.36505000
v 33.00387600 -2.09443000 -1.36505000
v 6.55871700 1.43877400 -2.04448800
v -6.55346900 -1.45289700 -2.03447500
v 6.41421900 2.04508300 -1.43792800
v -6.40398600 -2.06320500 -1.41180200
v -5.27766100 1.18164600 -2.20311400
v 5.28560500 -1.17714900 -2.20552100
v -27.07662600 -2.23854100 -1.11307400
v 27.07662400 2.23853000 -1.11309700
v -26.23713100 2.34612800 -0.86353000
v 26.23715100 -2.34612600 -0.86353400
v -27.19228200 -1.85433000 -1.67674100
v 27.19228300 1.85431600 -1.67675700
v -26.70551400 -1.01514400 -2.28461900
v 26.70551700 1.01512700 -2.28462600
v -6.28722600 2.37158000 -0.79095400
v -6.17676700 2.49983100 0.02906500
v 6.65936500 2.49469300 -0.16281000
v -6.10870900 2.42180100 0.62038600
v 6.53128300 2.43409600 0.57024200
v -6.17882600 2.20601700 1.17621800
v 6.36295900 2.19187000 1.20237600
v -6.33791600 1.80926800 1.72526800
v 6.31494700 1.80516400 1.72956200
v -6.26698300 1.25302500 2.16331400
v 6.26027300 1.29474800 2.13860400
v -6.19998000 -0.10818400 2.49765800
v 6.23070200 0.05814600 2.49932400
v -6.34574000 0.59044600 2.42927400
v 6.25022500 0.70377000 2.39889700
v -6.13203000 -0.71912900 2.39433800
v 6.21040000 -0.58934800 2.42954100
v -6.24480300 -1.78741300 1.74790000
v 6.21772900 -1.74704900 1.78824400
v -6.12452900 -1.27363600 2.15124400
v 6.22167300 -1.20641500 2.18964900
v -6.21426300 -2.17746400 1.22827100
v 6.21768000 -2.14953900 1.27651200
v -6.44132300 -2.41423600 0.64920500
v 6.25400000 -2.40200500 0.69308900
v -6.62737200 -2.49841200 -0.08909200
v 6.33063400 -2.49956700 0.04654300
v 6.35747400 -2.36332200 -0.81529700
v 6.66116600 2.41052400 -0.66285200
v -6.64279000 -2.42473600 -0.60881500
v -27.13814000 -1.15749700 -2.21589700
v 27.13814100 1.15748500 -2.21590400
v -22.99874500 1.05101300 -2.26834100
v 22.99887200 -1.05100200 -2.26834600
v -6.06375100 1.18144800 -2.20322100
v 6.07197900 -1.17301200 -2.20772300
v -11.73948700 -2.07914000 -1.38822800
v 11.76355100 2.06412800 -1.41045200
v -11.09833700 2.42940500 -0.58990900
v -11.28806700 2.49210000 0.19859200
v -11.30972700 2.32350000 0.92268600
v -11.40933800 2.11253800 1.33685600
v -11.31238100 1.61418500 1.90903300
v -11.33124300 1.04003100 2.27339700
v -11.33422400 0.42650100 2.46335100
v -11.33037200 -0.21224900 2.49097400
v -11.36841200 -0.83515400 2.35637800
v -11.41149300 -1.40986800 2.06452700
v -11.46756400 -1.89617300 1.62927200
v -11.48631600 -2.24973700 1.09026800
v -11.55584400 -2.46115700 0.43898400
v -11.71633300 -2.49967500 0.04031500
v 11.05431500 -2.43624600 -0.56098700
v 11.24146200 -2.49136700 0.20758500
v 11.28482600 -2.31964800 0.93232600
v 11.38026400 -2.10656600 1.34624700
v 11.24454400 -1.64148200 1.88561300
v 11.27718900 -1.10844600 2.24083600
v 11.33465500 -0.50994800 2.44743800
v 11.40677200 0.15618700 2.49511600
v 11.45377200 0.82216000 2.36094300
v 11.44546900 1.41280900 2.06251600
v 11.45216700 1.88644100 1.64053000
v 11.49971200 2.23844400 1.11327000
v 11.60029700 2.46127900 0.43829900
v 11.76500600 2.49991000 0.02125100
v -11.67738900 -2.40240200 -0.69171100
v 11.71141800 2.39366300 -0.72137100
v -11.81478200 1.79308100 -1.74208500
v 11.81431000 -1.80301500 -1.73180200
v -21.21836100 0.97748500 -2.30098300
v 21.21876200 -0.97748200 -2.30098400
v -14.15919900 1.12092300 -2.23462100
v 14.16820100 -1.12623000 -2.23195100
v -29.58577600 2.49979000 0.03242400
v -29.82105400 2.26268800 1.06313000
v -29.79493100 1.83701000 1.69569900
v -29.85732000 1.22252900 2.18069300
v -29.91230500 0.73104900 2.39072500
v -29.88933800 -0.01319600 2.49996500
v -29.89909400 -0.56401000 2.43554800
v -29.93404000 -1.30694100 2.13117400
v -29.97376600 -1.74078400 1.79434400
v -29.97665700 -2.20233800 1.18309200
v -29.98855900 -2.40220700 0.69238700
v -29.94135500 -2.49954300 -0.04777500
v -29.92150500 -2.43691700 -0.55806600
v 29.58577800 -2.49979000 0.03242300
v 29.82105500 -2.26268800 1.06313000
v 29.79493100 -1.83701000 1.69569900
v 29.85732000 -1.22252900 2.18069300
v 29.91230500 -0.73104900 2.39072500
v 29.88933800 0.01319700 2.49996500
v 29.89909300 0.56401000 2.43554800
v 29.93403900 1.30694200 2.13117400
v 29.97376500 1.74078500 1.79434300
v 29.97665600 2.20233900 1.18309000
v 29.98855900 2.40220800 0.69238500
v 29.94135500 2.49954300 -0.04777700
v 29.92150500 2.43691600 -0.55806800
v -29.55100800 2.39683100 -0.71077600
v 29.55101000 -2.39683100 -0.71077700
v -29.62583500 -1.75326900 -1.78214700
v 29.62583500 1.75326800 -1.78214800
v -11.08148900 -1.42997200 -2.05065400
v 11.09181000 1.41782100 -2.05907300
v 2.23874500 1.68460200 -1.84719100
v -2.22656800 -1.68801000 -1.84407800
v -3.70329800 1.84687400 -1.68495000
v 3.70634000 -1.85081800 -1.68061700
v -9.03788200 2.39136900 -0.72893900
v 8.97558000 -2.38459200 -0.75081200
v -27.43190200 -0.73640000 -2.38908300
v 27.43190300 0.73639300 -2.38908500
v -16.38048400 2.42244300 -0.61787700
v -16.43025000 2.49097000 0.21229500
v -16.48540800 2.31768000 0.93720800
v -16.51386700 1.96626100 1.54396200
v -16.51575000 1.47522900 2.01834100
v -16.50360300 0.87667800 2.34124600
v -16.49172600 0.20970400 2.49118900
v -16.48243100 -0.47475700 2.45450700
v -16.47617500 -1.12196300 2.23409900
v -16.47365900 -1.67869800 1.85255900
v -16.46361200 -2.10295100 1.35188600
v -16.43216000 -2.37520000 0.78001600
v -16.37191300 -2.49310300 0.18557300
v -16.24656900 -2.46006600 -0.44505900
v 16.40623700 -2.42290500 -0.61606200
v 16.46090700 -2.49145800 0.20648700
v 16.51001600 -2.32485800 0.91925800
v 16.51773700 -1.98555000 1.51907600
v 16.49767700 -1.50234900 1.99823600
v 16.47057400 -0.90421100 2.33075200
v 16.44313000 -0.23544700 2.48888800
v 16.41740300 0.45066800 2.45904400
v 16.39361400 1.10094000 2.24453300
v 16.37223500 1.66775300 1.86241700
v 16.36048700 2.10778300 1.34434100
v 16.35732400 2.38675600 0.74390700
v 16.33564700 2.49649700 0.13229800
v 16.23974400 2.45030100 -0.49600800
v -16.21423200 -2.25210000 -1.08537800
v 16.22034900 2.23605100 -1.11806800
v -16.27251300 -1.90468000 -1.61931900
v 16.28055900 1.88980800 -1.63665000
v -8.26858800 1.03590100 -2.27528200
v 8.26664800 -1.02386100 -2.28072500
v -8.61116100 0.74428700 -2.38663700
v 8.60891100 -0.73620600 -2.38914200
v 10.58642800 1.71099400 -1.82277300
v -10.57673200 -1.72457900 -1.80992400
v -10.52511300 2.48492300 -0.27414600
v 10.85696900 2.47937000 -0.32050500
v -10.62021800 2.48734600 0.25121600
v -10.40367900 1.92980800 1.58928900
v 10.38839900 -1.95406400 1.55937000
v 10.58531600 -2.48664200 0.25809600
v -10.84486700 -2.48261300 -0.29433400
v 10.48095100 -2.48651600 -0.25930100
v 10.64665200 2.24198300 -1.10612400
v -10.63537000 -2.25385200 -1.08173600
v -10.41064800 1.56320400 -1.95099800
v 10.39938400 -1.56148400 -1.95237500
v -4.85770100 2.21995500 -1.14969500
v 4.89083700 -2.22258100 -1.14461100
v -24.06173000 1.66873800 -1.86153600
v 24.06181400 -1.66872800 -1.86154400
v -23.75281900 2.23618300 -1.11780500
v 23.75294200 -2.23617100 -1.11782800
v -23.82687700 2.40335700 -0.68838600
v 23.82699400 -2.40334800 -0.68841600
v -23.85785500 2.49734000 0.11529400
v -23.87073700 2.42423700 0.61079700
v -23.82711800 2.18649900 1.21211400
v -23.86697400 1.78167200 1.75375100
v -23.89266100 1.25442900 2.16250000
v -23.90940300 0.63794700 2.41723500
v -23.92382500 -0.02595900 2.49986500
v -23.93583600 -0.68975800 2.40296400
v -23.94455900 -1.30315400 2.13349200
v -23.95310400 -1.81978900 1.71416700
v -23.96138600 -2.20334000 1.18122600
v -23.95946600 -2.42886300 0.59213700
v -23.98609000 -2.49970800 0.03819800
v 23.85795200 -2.49734200 0.11525200
v 23.87081400 -2.42425000 0.61074800
v 23.82715500 -2.18653100 1.21205800
v 23.86695600 -1.78172100 1.75370200
v 23.89258300 -1.25448600 2.16246700
v 23.90926200 -0.63800000 2.41722100
v 23.92362400 0.02592800 2.49986600
v 23.93558400 0.68976600 2.40296100
v 23.94427600 1.30320700 2.13346000
v 23.95281800 1.81987300 1.71407700
v 23.96112700 2.20342700 1.18106300
v 23.95925700 2.42891800 0.59190900
v 23.98594000 2.49971200 0.03793800
v -23.80925300 -2.45027600 -0.49613100
v 23.80913300 2.45021300 -0.49644200
v -24.01749300 -2.12784200 -1.31236000
v 24.01747000 2.12770900 -1.31257500
v -24.06902100 -1.82002900 -1.71391200
v 24.06902400 1.81987600 -1.71407500
v -27.03812000 2.35799500 -0.83057700
v 27.03813100 -2.35799500 -0.83057900
v -27.20205000 2.09938200 -1.35742300
v 27.20206000 -2.09938100 -1.35742400
v -27.30002700 1.81252100 -1.72185000
v 27.30003500 -1.81252100 -1.72185000
v -29.61256600 -0.55174200 -2.43835600
v 29.61256600 0.55174100 -2.43835600
v 9.44306000 1.32759400 -2.11837100
v -9.43892400 -1.33977200 -2.11069000
v -23.58536600 1.96150400 -1.55000100
v 23.58550100 -1.96149000 -1.55001900
v -23.49989100 -2.28059500 -1.02415100
v 23.49980500 2.28043000 -1.02451800
v -23.51653200 2.48416200 -0.28096400
v -23.30137700 2.35011500 0.85261800
v -23.42732000 1.98346400 1.52179800
v -23.47087500 1.51497100 1.98868400
v -23.49444100 0.93811000 2.31731500
v -23.51023400 0.29169700 2.48292400
v -23.52303700 -0.37824300 2.47122100
v -23.53391700 -1.02172300 2.28168400
v -23.54448600 -1.58955400 1.92959000
v -23.55642200 -2.03962700 1.44565700
v -23.56879000 -2.34178000 0.87525300
v -23.59785800 -2.48436200 0.27918600
v 23.51667100 -2.48415600 -0.28101300
v 23.30146500 -2.35014600 0.85253400
v 23.42732300 -1.98352600 1.52171800
v 23.47079600 -1.51505400 1.98862100
v 23.49427300 -0.93820000 2.31727900
v 23.50997500 -0.29177100 2.48291600
v 23.52269500 0.37821100 2.47122600
v 23.53351400 1.02175200 2.28167100
v 23.54405900 1.58964100 1.92951800
v 23.55601500 2.03974300 1.44549200
v 23.56844500 2.34187800 0.87498900
v 23.59760500 2.48439900 0.27885800
v -25.07446600 2.49862300 -0.08295800
v -25.16545100 2.46113100 0.43913000
v -25.18436600 2.21649700 1.15634800
v -25.20633400 1.82470200 1.70893600
v -25.19420800 1.30371100 2.13315200
v -25.19777900 0.69602300 2.40115600
v -25.21668300 0.03788900 2.49971300
v -25.24583000 -0.63065500 2.41914800
v -25.23084400 -1.25455600 2.16242600
v -25.23139400 -1.77988200 1.75556800
v -25.25043600 -2.17961500 1.22445000
v -25.31672800 -2.45088200 0.49313200
v -25.18957900 -2.49989000 0.02345800
v 25.07451000 -2.49862300 -0.08297300
v 25.16548600 -2.46113400 0.43911400
v 25.18438700 -2.21650600 1.15633100
v 25.20633700 -1.82471500 1.70892200
v 25.19419200 -1.30372500 2.13314400
v 25.19774200 -0.69603300 2.40115300
v 25.21662800 -0.03788900 2.49971300
v 25.24575900 0.63066800 2.41914400
v 25.23076300 1.25458500 2.16241000
v 25.23131100 1.77992000 1.75553000
v 25.25036100 2.17965200 1.22438400
v 25.31667200 2.45090000 0.49304300
v 25.18952900 2.49989100 0.02334700
v -25.13484400 1.59301800 -1.92673100
v 25.13488000 -1.59301400 -1.92673500
v -23.66591900 -1.47675100 -2.01722700
v 23.66594000 1.47654800 -2.01737600
v -25.30682400 -1.18814200 -2.19961800
v 25.30683100 1.18808400 -2.19964900
v -27.00740400 1.44729700 -2.03846300
v 27.00741300 -1.44729700 -2.03846300
v -9.27359400 2.49479800 0.16119100
v 9.55370800 2.49147300 0.20630100
v -9.07901100 2.41752500 0.63684700
v 9.40646400 2.40561100 0.68046900
v -9.26038200 1.73287000 1.80198800
v 9.36418900 1.69419800 1.83839400
v -9.36555900 0.66046400 2.41118000
v 9.34189200 0.52905700 2.44337900
v -9.46609000 -0.61803100 2.42240300
v 9.32603500 -0.75655200 2.38277800
v -9.55117000 -1.71734900 1.81678600
v 9.29022700 -1.80319700 1.73161200
v -9.49506700 -2.39132300 0.72909200
v 9.11065300 -2.41473100 0.64735800
v -9.59748000 -2.48692400 0.25536000
v 9.24532000 -2.49274100 0.19036900
v -22.97470600 -2.08429000 -1.38048300
v 22.97463600 2.08398500 -1.38094400
v -2.34229800 1.35779900 -2.09913900
v 2.33882300 -1.35719000 -2.09953200
v -16.75014100 -1.44805100 -2.03792700
v 16.75519500 1.43838500 -2.04476100
v -15.08763100 -0.91368000 -2.32705600
v 15.09446500 0.90417600 -2.33076500
v -10.47064400 0.85498800 -2.34925400
v 10.46634300 -0.85327600 -2.34987700
v -27.68553100 2.42687400 -0.60023500
v 27.68553800 -2.42687400 -0.60023600
v -28.06531800 -1.49744000 -2.00191800
v 28.06531900 1.49743400 -2.00192200
v -17.08759600 -2.05861300 -1.41848900
v 17.09087200 2.04786500 -1.43396200
v -5.65255800 0.71193800 -2.39648600
v 5.65657700 -0.70782500 -2.39770400
v -28.79697500 1.03906300 -2.27384000
v 28.79697600 -1.03906300 -2.27384000
v -26.19556200 1.18728400 -2.20008100
v 26.19557400 -1.18728300 -2.20008200
v -20.34127500 -2.19873300 -1.18977900
v 20.34072800 2.19720100 -1.19260600
v -2.45117500 2.38541500 -0.74819500
v 2.40667700 -2.38433000 -0.75164500
v -2.28181500 2.49875000 -0.07904400
v 2.21006000 -2.49798200 -0.10042500
v 2.42696900 2.49791900 -0.10199000
v -2.46339100 2.42887000 0.59210600
v 2.38173400 2.43865400 0.55042400
v -2.49814700 2.17132600 1.23908900
v 2.39041300 2.20512800 1.17788400
v -2.51031900 1.76983300 1.76569900
v 2.43997800 1.82100900 1.71287100
v -2.50225700 1.24888500 2.16570700
v 2.48606500 1.32286100 2.12132900
v -2.48399400 -0.02700000 2.49985400
v 2.47002000 0.07906600 2.49874900
v -2.50090500 0.63701900 2.41747900
v 2.49187100 0.73282300 2.39018200
v -2.45805400 -0.68830000 2.40338100
v 2.47006400 -0.58073600 2.43161400
v -2.43842900 -1.80096300 1.73393600
v 2.38157100 -1.74642600 1.78885400
v -2.45650800 -1.29323700 2.13951800
v 2.43568400 -1.19667400 2.19498800
v -2.38448200 -2.18606700 1.21289400
v 2.37607800 -2.17246000 1.23710100
v -2.35105500 -2.42842400 0.59393400
v 2.37884000 -2.43386600 0.57122100
v -2.39035000 -2.49897000 -0.07176100
v -2.58912000 2.02575900 -1.46502600
v 2.57533700 -2.02664200 -1.46380500
v -24.49033200 2.48479600 0.27529700
v -24.65198200 2.34370800 0.87007700
v -24.68770200 2.02590900 1.46481800
v -24.70411800 1.56162900 1.95225900
v -24.71115500 0.98870800 2.29618300
v -24.72399100 0.34673000 2.47583900
v -24.74236900 -0.32288200 2.47906200
v -24.75083600 -0.97163300 2.30346000
v -24.75101800 -1.54758100 1.96341300
v -24.75836700 -2.01026500 1.48621500
v -24.76153900 -2.33340100 0.89735100
v -24.64332700 -2.48360200 0.28586800
v -24.64572000 -2.47531400 -0.35046100
v 24.49039300 -2.48479900 0.27526800
v 24.65202000 -2.34371900 0.87004800
v 24.68771300 -2.02593000 1.46479000
v 24.70409700 -1.56165600 1.95223800
v 24.71110100 -0.98873500 2.29617100
v 24.72390200 -0.34674700 2.47583700
v 24.74225000 0.32288300 2.47906200
v 24.75069400 0.97165900 2.30344900
v 24.75086600 1.54762900 1.96337600
v 24.75822100 2.01032200 1.48613800
v 24.76141200 2.33344700 0.89723100
v 24.64321900 2.48362100 0.28570400
v 24.64564700 2.47528800 -0.35064200
v -24.31654100 2.47954500 -0.31915200
v 24.31662400 -2.47954100 -0.31917900
v -24.40222400 2.32974300 -0.90680500
v 24.40230600 -2.32973600 -0.90682400
v -24.38887600 2.03561800 -1.45129600
v 24.38895700 -2.03560900 -1.45130900
v -16.22005700 1.28967200 -2.14166900
v 16.22866900 -1.29208400 -2.14021500
v -5.76068200 2.17885700 -1.22579800
v 5.80197700 -2.17259200 -1.23686900
v -34.00854200 -0.71911100 -2.39434300
v 34.00854200 0.71911100 -2.39434300
v -17.25026600 2.49220200 0.19731000
v -17.24169600 2.32413900 0.92107400
v -17.23672300 1.97272900 1.53568900
v -17.22756700 1.47771300 2.01652300
v -17.21526000 0.87575100 2.34159300
v -17.20368600 0.20860600 2.49128100
v -17.19396800 -0.47418600 2.45461800
v -17.18503200 -1.11920600 2.23548100
v -17.17337400 -1.67538300 1.85555700
v -17.15084800 -2.10221000 1.35303800
v -17.10880700 -2.37693000 0.77472900
v -17.04337500 -2.49464000 0.16361300
v -16.96215000 -2.45826500 -0.45489900
v 17.26730300 -2.49257800 0.19249600
v 17.25440300 -2.32843100 0.91017000
v 17.23871600 -1.98356400 1.52166800
v 17.21710800 -1.49361900 2.00477000
v 17.19387600 -0.89322800 2.33498300
v 17.17162600 -0.22559400 2.48980100
v 17.15081200 0.45871800 2.45755500
v 17.13070900 1.10734300 2.24138200
v 17.11035100 1.67083500 1.85965400
v 17.08884300 2.10618500 1.34684300
v 17.06120000 2.38383700 0.75320600
v 17.01643700 2.49653300 0.13161900
v 16.95284900 2.45211500 -0.48696000
v -17.27880500 2.43059500 -0.58498400
v 17.29444400 -2.43051300 -0.58532600
v -16.88271300 -2.28702000 -1.00972300
v 16.88319100 2.27584900 -1.03465500
v -17.28295200 2.18747300 -1.21035700
v 17.29520400 -2.18808400 -1.20925100
v -17.33870500 1.83884000 -1.69371500
v 17.34760000 -1.83990700 -1.69255500
v 3.69975000 1.54845100 -1.96272800
v -3.69004600 -1.55647900 -1.95636800
v -19.07925400 1.17973300 -2.20413900
v 19.08112000 -1.17993300 -2.20403200
v 1.52368300 -0.30940800 -2.48077900
v -1.52409800 0.30982600 -2.48072700
v -14.49446500 2.49427600 0.16907500
v -14.86367600 2.37883800 0.76884800
v -14.97709400 2.10179800 1.35367800
v -15.06193500 1.69302700 1.83947300
v -14.98020600 1.18277000 2.20251100
v -14.96755100 0.54365100 2.44017300
v -14.96102200 -0.13800300 2.49618800
v -14.94480600 -0.81052400 2.36496300
v -14.92484000 -1.43217000 2.04911900
v -15.01096200 -1.93509700 1.58284600
v -15.02533400 -2.25732000 1.07447900
v -14.87905800 -2.44418100 0.52533500
v -14.57752200 -2.49965700 -0.04141600
v 14.57733600 -2.49351100 0.18000700
v 14.96038300 -2.38344600 0.75444300
v 15.07191200 -2.14874000 1.27785500
v 14.97614100 -1.78453300 1.75084000
v 14.92499800 -1.25004700 2.16503600
v 14.87824400 -0.60867000 2.42477200
v 14.82093700 0.08279400 2.49862900
v 14.78412400 0.75705400 2.38261800
v 14.74648200 1.36383400 2.09522300
v 14.66835300 1.89269100 1.63331600
v 14.75604800 2.28567600 1.01276100
v 14.77574600 2.47509700 0.35199000
v 14.63769200 2.49015400 -0.22165700
v -13.92024900 2.46520200 -0.41566500
v 13.99090100 -2.46920300 -0.39120100
v -32.30572900 -0.52292000 -2.44469900
v 32.30572900 0.52292000 -2.44469900
v 9.22533500 2.23149200 -1.12714000
v -9.22744700 -2.24710500 -1.09568200
v -12.74364100 1.31915200 -2.12363800
v 12.74959400 -1.32658400 -2.11900300
v -12.72599900 -1.98672700 -1.51753500
v 12.75494800 1.96744900 -1.54244800
v -12.80996500 -2.29816600 -0.98409000
v 12.85466600 2.27948100 -1.02662800
v -12.66124800 2.36731800 -0.80361900
v 12.71170900 -2.38121900 -0.76144300
v -12.53171000 2.49002900 -0.22305700
v -12.73010400 2.46664400 0.40702100
v -12.90796000 2.25939400 1.07011100
v -12.79397700 1.85381000 1.67731600
v -12.79131300 1.29536300 2.13823200
v -13.33325600 0.78046900 2.37505100
v -12.74036100 0.15358400 2.49527800
v -13.33184000 -0.46627800 2.45613200
v -12.71070400 -0.98219800 2.29897500
v -12.92645400 -1.56792000 1.94721000
v -12.94794300 -2.07995900 1.38700000
v -13.46573900 -2.32717800 0.91336900
v -13.02136900 -2.47811400 0.33007400
v -12.74815500 -2.47942300 -0.32009700
v 12.67455600 -2.49379500 -0.17603300
v 12.82074000 -2.44996100 0.49768700
v 12.74024800 -2.24474500 1.10051000
v 12.86636500 -1.90680500 1.61681600
v 12.57747300 -1.44427700 2.04060400
v 13.24620900 -0.97165300 2.30345200
v 12.70693300 -0.43231400 2.46233700
v 13.04461500 0.16156100 2.49477400
v 13.04342800 0.79248000 2.37107100
v 13.04490300 1.40944500 2.06481600
v 12.87308300 1.92904300 1.59021700
v 13.11242700 2.28735800 1.00895700
v 13.12335400 2.48764000 0.24829100
v 12.81624600 2.47149000 -0.37647900
v -12.79628000 2.09445300 -1.36501500
v 12.81976000 -2.10868600 -1.34292400
v -13.19920200 -1.45265100 -2.03465100
v 13.21598800 1.43644500 -2.04612400
v -31.83972200 0.89048400 -2.33603100
v 31.83972200 -0.89048400 -2.33603100
v 9.23247600 -0.27698200 -2.48460900
v -9.23380600 0.27921500 -2.48435900
v 5.62681300 -0.28842300 -2.48330700
v -5.62533300 0.29012200 -2.48310900
v -7.89992500 -1.26927400 -2.15382000
v 7.90290500 1.25658300 -2.16124900
v -15.77974100 2.48606600 0.26358400
v -15.89840400 2.30361300 0.97127100
v -15.95488000 1.95286500 1.56087100
v -15.96227400 1.46825000 2.02342300
v -15.94532100 0.87506200 2.34185100
v -15.93291000 0.20893900 2.49125400
v -15.92323100 -0.47601800 2.45426300
v -15.91693300 -1.12516300 2.23248900
v -15.92393200 -1.68342300 1.84826600
v -15.92744500 -2.10460000 1.34931700
v -15.89794600 -2.37455700 0.78197100
v -15.89822200 -2.49045400 0.21826000
v -15.63262600 -2.46489200 -0.41750400
v 15.82692400 -2.48671500 0.25739200
v 15.93947800 -2.31468800 0.94457400
v 15.96004900 -1.98402200 1.52107000
v 15.93261400 -1.51012900 1.99236300
v 15.89902900 -0.91477600 2.32662500
v 15.86470600 -0.24521400 2.48794500
v 15.83279200 0.44209100 2.46060100
v 15.80418200 1.09278900 2.24851300
v 15.77702100 1.66285000 1.86679700
v 15.77209100 2.10956300 1.34154600
v 15.79165100 2.39211300 0.72649700
v 15.85392600 2.49599000 0.14154900
v 15.63202000 2.45109400 -0.49207700
v -15.64057200 2.43005600 -0.58722100
v 15.67824900 -2.43125200 -0.58225100
v -15.67342100 -2.24435600 -1.10130200
v 15.68555600 2.22362700 -1.14257800
v -31.80888400 1.24183200 -2.16975900
v 31.80888400 -1.24183200 -2.16975900
v 0.33284100 0.73162500 -2.39054900
v -0.33107800 -0.73002000 -2.39104000
v -34.27385400 0.43844200 -2.46125300
v -34.28545500 -0.35458600 -2.47472600
v 34.27385400 -0.43844200 -2.46125300
v 34.28545500 0.35458600 -2.47472600
v -7.75254200 -0.25384700 -2.48707900
v 7.75321100 0.25139600 -2.48732800
v -11.51060100 2.27455400 -1.03750000
v 11.49799000 -2.28932500 -1.00448500
v -15.46569100 -1.92122100 -1.59966000
v 15.47952200 1.90112300 -1.62349400
v 1.33381600 2.22493200 -1.14003400
v -1.30521900 -2.22476000 -1.14037000
v 1.08003600 2.40544100 -0.68106700
v -1.03135900 -2.40496800 -0.68273500
v 2.32899900 1.99401500 -1.50794700
v -2.31150500 -1.99852400 -1.50196600
v -0.66080900 1.80927500 -1.72526100
v 0.65930300 -1.80090600 -1.73399500
v -33.54925800 -1.11067400 -2.23973300
v 33.54925800 1.11067400 -2.23973300
v 0.91843800 2.03152600 -1.45701900
v -0.90011100 -2.02794700 -1.46199500
v -1.20332100 2.49979400 -0.03211800
v 1.07163600 -2.49878100 -0.07805600
v -1.35722800 2.40737900 0.67418700
v 1.33777300 2.43552100 0.56412400
v -1.48719900 2.15346400 1.26988000
v 1.27202900 2.17683500 1.22938600
v -1.52883300 1.76254300 1.77297500
v 1.49027700 1.77173600 1.76378800
v -1.53272400 1.25138800 2.16426100
v 1.53635500 1.30388600 2.13304500
v -1.48982700 -0.01107100 2.49997500
v 1.39070200 0.08449600 2.49857200
v -1.51885700 0.64818700 2.41450900
v 1.54144000 0.75911800 2.38196100
v -1.44913800 -0.68488100 2.40435800
v 1.51929600 -0.58138500 2.43145900
v -1.47357400 -1.77266800 1.76285300
v 1.19731000 -1.71093900 1.82282400
v -1.46115900 -1.28982900 2.14157500
v 1.43758400 -1.12471500 2.23271500
v -1.36978500 -2.14697300 1.28082200
v 1.32449900 -2.17250000 1.23703100
v -1.24891500 -2.41192600 0.65773200
v 1.26993800 -2.41864800 0.63256900
v -0.75247800 1.45324500 -2.03422700
v 0.75132100 -1.44794500 -2.03800300
v 0.89542600 1.69023600 -1.84203800
v -0.88531000 -1.68718500 -1.84483200
v -1.06603100 2.30672600 -0.96385400
v 1.04725200 -2.29257100 -0.99705400
v 2.86761200 1.38819200 -2.07916400
v -2.85884700 -1.39314600 -2.07584800
v 1.20380900 1.27457400 -2.15068800
v -1.19730700 -1.27368000 -2.15121800
v 0.14506800 1.95091500 -1.56330800
v -0.13620900 -1.94237300 -1.57390800
v -27.84176700 2.48858200 0.23866500
v -27.84615900 2.32116700 0.92853800
v -27.24323200 2.05430000 1.42472900
v -27.30090200 1.65632900 1.87258400
v -27.42756200 1.11253000 2.23881100
v -27.36765000 0.48053200 2.45338300
v -27.41505700 -0.18268600 2.49331600
v -27.33562200 -0.86201500 2.34668500
v -27.36064900 -1.43614400 2.04633600
v -27.39559600 -1.91336700 1.60904600
v -27.43985600 -2.26755100 1.05271600
v -27.50967800 -2.47426400 0.35779900
v -27.23209400 -2.47171300 -0.37501200
v 27.84177300 -2.48858200 0.23866400
v 27.84616300 -2.32116700 0.92853700
v 27.24323600 -2.05430100 1.42472700
v 27.30090400 -1.65633100 1.87258400
v 27.42756100 -1.11253100 2.23881100
v 27.36764600 -0.48053100 2.45338300
v 27.41505100 0.18268900 2.49331600
v 27.33561300 0.86202100 2.34668300
v 27.36063900 1.43615200 2.04633100
v 27.39558600 1.91337500 1.60903600
v 27.43984700 2.26755800 1.05270200
v 27.50967200 2.47426600 0.35778100
v 27.23208900 2.47171000 -0.37503600
v -27.90257300 -2.36168400 -0.82003000
v 27.90257200 2.36167900 -0.82004400
v -27.80570000 2.26656200 -1.05484500
v 27.80570700 -2.26656100 -1.05484600
v -0.32991300 1.07720900 -2.25601900
v 0.33072300 -1.07390500 -2.25759400
v 0.60044900 2.25534100 -1.07862800
v -0.57212700 -2.24895500 -1.09188000
v -0.73151900 2.46392200 0.42318800
v 0.75557200 -2.47324800 0.36474900
v 0.95398700 2.34924800 0.85500400
v 1.06613900 1.91638800 1.60544600
v 1.11322800 1.53356100 1.97438400
v 1.13910500 1.03316400 2.27652600
v 1.14355300 0.52276100 2.44473300
v 1.14400500 -0.34944800 2.47545700
v 1.10866800 -0.82915000 2.35849700
v 0.91463700 -1.29412400 2.13898200
v 0.90321100 -2.01856100 1.47492700
v 0.84103700 -2.30271500 0.97339900
v -0.59222800 2.47357800 -0.36250900
v 0.57938700 -2.45727900 -0.46019400
v -34.02028000 1.86356500 -1.66647100
v 34.02028000 -1.86356500 -1.66647100
v -33.77232700 2.19484800 -1.19693000
v 33.77232700 -2.19484800 -1.19693000
v -34.01736800 2.40865900 -0.66959700
v 34.01736800 -2.40865900 -0.66959700
v -34.02719300 2.49984900 0.02743200
v -34.14565200 2.43212000 0.57861400
v -34.19258300 2.19754400 1.19197300
v -34.19206800 1.80096200 1.73393700
v -34.21334800 1.27077500 2.15293500
v -34.20324000 0.64583300 2.41514000
v -34.21977800 -0.02771700 2.49984600
v -34.20730100 -0.69947600 2.40015300
v -34.22205500 -1.32008400 2.12305800
v -34.20782800 -1.84303500 1.68914900
v -34.22004500 -2.23036100 1.12937600
v -34.20240700 -2.45262300 0.48439600
v -34.21131500 -2.49175800 -0.20284000
v 34.02719300 -2.49984900 0.02743200
v 34.14565200 -2.43212000 0.57861400
v 34.19258300 -2.19754400 1.19197300
v 34.19206800 -1.80096200 1.73393700
v 34.21334800 -1.27077500 2.15293500
v 34.20324000 -0.64583300 2.41514000
v 34.21977800 0.02771700 2.49984600
v 34.20730100 0.69947600 2.40015300
v 34.22205500 1.32008400 2.12305800
v 34.20782800 1.84303500 1.68914900
v 34.22004500 2.23036100 1.12937600
v 34.20240700 2.45262300 0.48439500
v 34.21131500 2.49175800 -0.20284000
v -34.19531800 -2.33694700 -0.88807500
v 34.19531800 2.33694700 -0.88807500
v -34.25150300 -1.95830000 -1.55404600
v 34.25150300 1.95830000 -1.55404600
v -2.84382400 1.47641000 -2.01747700
v 2.84123600 -1.47710300 -2.01697000
v -34.01493200 -1.53479900 -1.97342100
v 34.01493200 1.53479900 -1.97342100
v -5.28484000 1.90315500 -1.62111100
v 5.30779200 -1.89951900 -1.62536900
v -34.23454600 -1.07961300 -2.25486900
v 34.23454600 1.07961300 -2.25486900
v -29.60093600 -1.04335600 -2.27187300
v 29.60093700 1.04335500 -2.27187400
v 3.94582100 1.95216900 -1.56174200
v -3.93136000 -1.96234000 -1.54894200
v -21.64960300 1.40082900 -2.07067100
v 21.65003200 -1.40081300 -2.07068200
v -2.85779500 2.25928000 -1.07035200
v 2.83301900 -2.26312200 -1.06220400
v 2.73877800 2.46226900 -0.43270300
v -2.70805500 -2.46632100 -0.40897400
v 11.92063700 1.38104200 -2.08392000
v -11.90738100 -1.39406900 -2.07522800
v -2.78719500 2.49389300 0.17463500
v 2.67855700 2.48884500 0.23590800
v -2.77338300 2.31929500 0.93320500
v 2.66091900 2.34307800 0.87177200
v -2.79438600 1.98688700 1.51732600
v 2.68792700 2.03405400 1.45348700
v -2.77622700 1.52061300 1.98437300
v 2.73532700 1.59060200 1.92872600
v -2.77100100 0.95080700 2.31213400
v 2.77529200 1.03787000 2.27438500
v -2.77842100 0.30487000 2.48134100
v 2.75146800 0.40731000 2.46659700
v -2.74190700 -0.36505300 2.47320400
v 2.74205700 -0.25496000 2.48696500
v -2.72828800 -1.00113000 2.29079500
v 2.74482600 -0.90102000 2.33198700
v -2.73578800 -1.56428400 1.95013200
v 2.68951000 -1.49030500 2.00723400
v -2.68663600 -2.01544900 1.47917700
v 2.66319000 -1.97921600 1.52731900
v -2.64185400 -2.32890000 0.90896900
v 2.68050500 -2.32311600 0.92365200
v -2.64614200 -2.48525200 0.27115400
v 2.71371700 -2.49529500 0.15331300
v 2.72273100 2.18835500 -1.20876000
v -2.70159700 -2.19472600 -1.19715500
v -0.97930600 0.49427000 -2.45065200
v 0.97879400 -0.49320900 -2.45086600
v -1.22431700 1.09468200 -2.24759200
v 1.22251200 -1.09192800 -2.24893200
v -19.99057600 -1.71265300 -1.82121400
v 19.99084900 1.71046900 -1.82326500
v -3.69161300 2.43821800 -0.55235000
v 3.68072800 -2.45686700 -0.46238900
v -5.71053700 2.49993100 0.01854900
v 5.93956200 2.44635300 0.51513000
v -5.64158400 2.42181600 0.62032800
v 5.87153400 2.20781800 1.17283400
v -5.70624800 2.18839000 1.20869700
v 5.82722400 1.82172200 1.71211300
v -5.78040900 1.79146500 1.74374600
v 5.77948900 1.31132500 2.12848000
v -5.78950400 1.24723100 2.16666000
v 5.76289900 0.71184800 2.39651300
v -5.78763600 0.60103000 2.42667700
v 5.75508600 0.06248700 2.49921900
v -5.72788400 -0.08131100 2.49867700
v 5.73530700 -0.59207300 2.42887800
v -5.68849000 -0.71478800 2.39563700
v 5.73840900 -1.21242600 2.18632600
v -5.67766900 -1.29171100 2.14044000
v 5.74907700 -1.74707900 1.78821600
v -5.71969600 -1.80289100 1.73193100
v 5.75081900 -2.14967500 1.27628300
v -5.76107100 -2.19168900 1.20270400
v 5.74443300 -2.40743400 0.67399000
v -5.86461900 -2.43393200 0.57094200
v 5.82660500 -2.49969000 0.03937500
v -26.04087200 -2.46825000 -0.39717000
v 26.04085800 2.46824000 -0.39722700
v -30.33666800 1.84402600 -1.68806600
v 30.33666800 -1.84402600 -1.68806600
v -1.41113300 1.65924700 -1.87000000
v 1.40538400 -1.65393500 -1.87470000
v -0.59825100 2.10079700 -1.35523100
v 0.59575500 -2.08837600 -1.37429400
v -1.01085300 2.28065100 1.02402700
v 0.83308900 2.47114800 0.37872000
v -1.08953000 1.96490000 1.54569400
v -1.10628700 1.51767800 1.98661900
v -1.09757200 0.96292800 2.30711300
v -1.02471600 -0.33666200 2.47722800
v -1.06998000 0.33320700 2.47769500
v -0.94964700 -1.02026600 2.28233600
v -1.03912700 -1.94499500 1.57066600
v -1.08430700 -1.54352400 1.96660500
v -0.78913800 -2.25911800 1.07069300
v -0.70545900 -2.46309700 0.42796700
v 2.64124700 0.87477600 -2.34195800
v -2.63648900 -0.87751500 -2.34093300
v -26.43305200 2.25568100 1.07791700
v -26.44535100 1.84853800 1.68312500
v -26.49998200 -0.56948000 2.43427400
v 26.43306200 -2.25568300 1.07791200
v 26.44535500 -1.84854000 1.68312200
v 26.49996400 0.56948800 2.43427300
v -34.11838400 0.94482800 -2.31458400
v 34.11838400 -0.94482800 -2.31458400
v -2.67291300 2.47911000 -0.32250900
v 2.60135100 -2.47829600 -0.32870800
v -11.76962200 2.15025300 -1.27530800
v 11.76787000 -2.16514900 -1.24985200
v -30.21260700 -0.42592400 -2.46345100
v 30.21260700 0.42592400 -2.46345100
v -14.29131100 -2.00823900 -1.48895100
v 14.31713500 1.98326500 -1.52205800
v -11.54245700 2.49248800 -0.19365400
v -11.52880400 2.44164900 0.53698200
v -11.70003100 2.23430300 1.12155800
v -11.56030000 1.88004700 1.64785500
v -11.54182600 1.33913300 2.11109500
v -11.53892000 0.74401600 2.38672200
v -11.53472000 0.11620500 2.49729800
v -11.54966400 -0.51542200 2.44629100
v -11.59603500 -1.11660200 2.23678400
v -11.65683800 -1.65609300 1.87279300
v -11.69388600 -2.08441000 1.38030300
v -11.73320600 -2.36686500 0.80495400
v -11.93516700 -2.48360900 0.28581000
v 11.42199300 -2.49465400 -0.16340000
v 11.50198200 -2.43975700 0.54551400
v 11.67780600 -2.22137000 1.14695900
v 11.50334800 -1.88168400 1.64598400
v 11.46120900 -1.38927900 2.07843800
v 11.50557300 -0.83234900 2.35737000
v 11.59488700 -0.19652400 2.49226400
v 11.67374200 0.48385900 2.45272900
v 11.68767100 1.12312000 2.23351800
v 11.67019500 1.65529600 1.87349800
v 11.69386500 2.06652200 1.40694200
v 11.78151700 2.35863400 0.82876000
v 12.00442100 2.48449000 0.27805000
v -17.89687200 -1.64462900 -1.88286900
v 17.89920800 1.63807700 -1.88857200
v -8.68308400 2.20362600 -1.18069200
v 8.65751400 -2.18054900 -1.22278600
v -0.28001600 0.52458000 -2.44434400
v 0.28029300 -0.52318600 -2.44464200
v -12.13517700 1.11098000 -2.23958100
v 12.13627700 -1.11583100 -2.23716800
v -24.92540500 -1.72625500 -1.80832600
v 24.92540800 1.72616800 -1.80841000
v -3.96621800 0.93114700 -2.32012200
v 3.96879400 -0.93074200 -2.32028400
v -27.73120600 1.14137400 -2.22424500
v 27.73121000 -1.14137400 -2.22424500
v -31.62375800 -0.97555300 -2.30180300
v 31.62375800 0.97555300 -2.30180300
v 5.02776900 2.31432600 -0.94546000
v -5.00599700 -2.32603300 -0.91628000
v -4.80484900 2.42437800 -0.61023900
v 4.86075800 -2.42786500 -0.59621500
v -5.20144400 2.49162400 -0.20447400
v 5.28496800 -2.49284400 -0.18902200
v -33.98960700 1.45477300 -2.03313400
v 33.98960700 -1.45477300 -2.03313400
v -26.40763800 1.55188900 -1.96001000
v 26.40765200 -1.55188800 -1.96001100
v 0.90808300 2.49488200 -0.15989300
v -0.81946100 -2.49528500 -0.15347500
v 1.97667100 0.76549600 -2.37991900
v -1.97280900 -0.76673900 -2.37951900
v -8.48366700 2.48064900 0.31045400
v -8.47813200 2.29688900 0.98706600
v -8.79000000 1.98323500 1.52209700
v -8.67985300 1.52573500 1.98043700
v -8.88810000 0.98783100 2.29656000
v -8.87312600 0.39602200 2.46843400
v -9.00628300 -0.23955300 2.48849600
v -8.89915500 -0.88600800 2.33773200
v -9.10749100 -1.43035700 2.05038500
v -9.03107800 -1.87748400 1.65077400
v -9.07063300 -2.22910400 1.13185500
v -8.80929900 -2.45474100 0.47354500
v 8.56875000 -2.46804000 0.39846900
v 8.54377000 -2.30571100 0.96628100
v 8.93197100 -2.03845000 1.44731500
v 8.67060700 -1.65548000 1.87333600
v 8.85654400 -1.09293400 2.24844300
v 8.82879200 -0.50622200 2.44821100
v 8.91568700 0.11425100 2.49738800
v 8.62710000 0.77840400 2.37572900
v 8.99737100 1.36549000 2.09414300
v 8.60311000 1.85895800 1.67160800
v 8.89777400 2.25986200 1.06912300
v 8.74132900 2.46903900 0.39223200
v -8.97976500 -2.49288700 -0.18844900
v 8.95358800 2.48777200 -0.24696000
v -30.74668400 -1.91937400 -1.60187500
v 30.74668400 1.91937400 -1.60187500
v -30.66561600 -2.29403700 -0.99367700
v 30.66561600 2.29403700 -0.99367800
v -30.54000700 -2.45707200 -0.46129700
v 30.54000700 2.45707200 -0.46129800
v -30.38589800 2.46990200 -0.38676300
v 30.38589800 -2.46990200 -0.38676300
v -30.57922600 2.46336600 0.42641100
v -30.80219400 2.31676800 0.93946000
v -30.46733000 1.97857500 1.52815000
v -30.66877500 1.56460400 1.94987500
v -30.53561400 0.88916600 2.33653200
v -30.71629200 0.35229200 2.47505400
v -30.55109300 -0.41780700 2.46484000
v -30.73460400 -0.96528400 2.30612800
v -30.59028500 -1.62608200 1.89891000
v -30.76296200 -2.00769500 1.48968500
v -30.59810600 -2.36141300 0.82080900
v -30.74313300 -2.48420800 0.28055400
v 30.57922700 -2.46336600 0.42641100
v 30.80219400 -2.31676800 0.93946000
v 30.46733000 -1.97857500 1.52815000
v 30.66877500 -1.56460400 1.94987500
v 30.53561400 -0.88916600 2.33653200
v 30.71629200 -0.35229200 2.47505400
v 30.55109300 0.41780700 2.46484000
v 30.73460400 0.96528500 2.30612800
v 30.59028400 1.62608200 1.89891000
v 30.76296200 2.00769500 1.48968500
v 30.59810600 2.36141300 0.82080900
v 30.74313200 2.48420800 0.28055300
v -20.63229100 -1.53812900 -1.97082700
v 20.63249300 1.53672600 -1.97192100
v -31.00154000 2.47017500 -0.38501100
v 31.00154000 -2.47017500 -0.38501100
v -31.22421300 2.48793200 0.24534900
v -31.26201800 2.31431000 0.94549900
v -31.45940700 2.06487100 1.40936500
v -31.28173800 1.55587300 1.95684900
v -31.49404800 1.06338800 2.26256600
v -31.31550100 0.33745200 2.47712100
v -31.51724400 -0.24395700 2.48806900
v -31.33471000 -0.98167800 2.29919800
v -31.53594100 -1.48835600 2.00868000
v -31.34961500 -2.02061300 1.47211500
v -31.53537800 -2.30562100 0.96649600
v -31.32428100 -2.48824900 0.24211000
v -31.48277400 -2.47620700 -0.34409500
v 31.22421300 -2.48793200 0.24534900
v 31.26201800 -2.31431000 0.94549900
v 31.45940700 -2.06487100 1.40936500
v 31.28173800 -1.55587300 1.95684900
v 31.49404800 -1.06338800 2.26256600
v 31.31550100 -0.33745200 2.47712100
v 31.51724400 0.24395700 2.48806900
v 31.33470900 0.98167800 2.29919700
v 31.53594000 1.48835700 2.00868000
v 31.34961500 2.02061300 1.47211500
v 31.53537800 2.30562100 0.96649500
v 31.32428100 2.48824900 0.24211000
v 31.48277400 2.47620600 -0.34409500
v -31.22449300 -2.26855600 -1.05054800
v 31.22449400 2.26855600 -1.05054900
v -31.26249300 -1.95482400 -1.55841700
v 31.26249300 1.95482300 -1.55841800
v -8.77463200 2.48987400 -0.22477900
v 8.60332300 -2.49411200 -0.17147700
v -31.44619600 -1.53355000 -1.97439200
v 31.44619600 1.53354900 -1.97439300
v -27.87041400 1.97460600 -1.53327500
v 27.87042000 -1.97460500 -1.53327600
v -8.40392400 1.87911300 -1.64891900
v 8.39571500 -1.85645500 -1.67438800
v 9.71971500 -0.59694800 -2.42768500
v -9.72290700 0.60064500 -2.42677300
v -30.18326500 -0.89964600 -2.33251700
v 30.18326500 0.89964500 -2.33251800
v -31.27247000 2.42040000 0.62583100
v -31.35755600 1.83257900 1.70048700
v -31.39388000 0.70700300 2.39794700
v -31.41347200 -0.62126500 2.42157600
v -31.43174500 -1.77644700 1.75904400
v -31.42023000 -2.42460800 0.60932300
v 31.27247000 -2.42040000 0.62583100
v 31.35755700 -1.83257900 1.70048700
v 31.39388000 -0.70700200 2.39794700
v 31.41347100 0.62126500 2.42157600
v 31.43174500 1.77644800 1.75904300
v 31.42023000 2.42460800 0.60932300
v -31.34576800 -2.39751600 -0.70846100
v 31.34576800 2.39751600 -0.70846100
v -31.05868900 2.38268000 -0.75685800
v 31.05869000 -2.38268000 -0.75685800
v 7.93729400 1.66641400 -1.86361600
v -7.93408800 -1.68325700 -1.84841700
v -4.87078300 2.49843300 0.08849700
v -21.88140600 2.48915000 0.23266000
v 21.88179800 -2.48917000 0.23245300
v -25.60344200 0.87813800 -2.34069900
v 25.60345700 -0.87813600 -2.34070000
v -21.96184300 -2.47390800 -0.36025100
v 21.96116300 2.47374300 -0.36138200
v 4.94839200 -2.49747700 0.11229000
v -21.83889700 2.36749400 0.80310100
v 21.83916400 -2.36758800 0.80282300
v -21.83132900 2.10943400 1.34174700
v 21.83138800 -2.10963700 1.34142900
v -21.84791200 1.71073100 1.82301900
v 21.84769000 -1.71105300 1.82271700
v -21.86118700 1.18437700 2.20164700
v 21.86063200 -1.18479400 2.20142300
v -21.87054800 0.56549100 2.43520400
v 21.86963400 -0.56593500 2.43510100
v -21.87828400 -0.10096400 2.49796000
v 21.87701200 0.10058900 2.49797600
v -21.88655200 -0.76493200 2.38010100
v 21.88496900 0.76473200 2.38016500
v -21.89805800 -1.37549600 2.08758500
v 21.89628300 1.37553600 2.08755900
v -21.91746400 -1.88442600 1.64284400
v 21.91569500 1.88467500 1.64255900
v -21.95131700 -2.24783000 1.09419300
v 21.94977700 2.24813500 1.09356700
v -21.95374100 -2.45232300 0.48591300
v 21.95252900 2.45251200 0.48496000
v 0.33987500 1.63328800 -1.89271500
v -0.33334400 -1.62780800 -1.89743000
v -34.34756900 2.29751800 -0.98560200
v 34.34756900 -2.29751800 -0.98560200
v -14.90707800 2.30118900 -0.97700000
v 14.94602500 -2.30567600 -0.96636300
v -34.28087100 2.48615900 -0.26270400
v 34.28087100 -2.48615900 -0.26270400
v -34.19319900 2.48521300 0.27151100
v 34.19319900 -2.48521300 0.27151100
v -34.27085400 2.02103500 1.47153500
v -34.28425500 0.97103400 2.30371300
v -34.28873100 -0.36355900 2.47342400
v -34.28997100 -1.59396800 1.92594600
v -34.28676600 -2.36252300 0.81760900
v 34.27085400 -2.02103500 1.47153500
v 34.28425500 -0.97103400 2.30371300
v 34.28873100 0.36355900 2.47342400
v 34.28997100 1.59396800 1.92594600
v 34.28676600 2.36252300 0.81760900
v -34.27897200 -2.44010700 -0.54394500
v 34.27897200 2.44010700 -0.54394500
v -34.25208700 2.33845800 0.88408900
v -34.27951400 1.55380400 1.95849300
v -34.28697700 0.31565100 2.47999300
v -34.28971600 -1.01625900 2.28412300
v -34.28912600 -2.05409400 1.42502500
v 34.25208700 -2.33845800 0.88408900
v 34.27951400 -1.55380400 1.95849300
v 34.28697700 -0.31565100 2.47999300
v 34.28971600 1.01625900 2.28412300
v 34.28912600 2.05409400 1.42502500
v -34.28291000 -2.49571600 0.14629000
v 34.28291000 2.49571600 0.14629000
v -34.29074000 -2.18364300 -1.21725200
v 34.29074000 2.18364300 -1.21725200
v -34.46660900 -1.67039200 -1.86005100
v 34.46660900 1.67039200 -1.86005100
v -21.94068000 2.47560400 -0.34840100
v 21.94113100 -2.47558500 -0.34853900
v -1.21030400 2.03415000 -1.45335300
v 1.19964600 -2.02414200 -1.46725900
v -25.65496500 -2.23761000 -1.11494500
v 25.65495700 2.23757400 -1.11501600
v -22.03018000 2.32570600 -0.91711100
v 22.03063500 -2.32567300 -0.91719400
v -19.58174800 1.87458100 -1.65406900
v 19.58406100 -1.87463300 -1.65401100
v 5.27976500 0.06501900 2.49915400
v 5.27903800 -1.74844400 1.78688100
v -19.10211000 -2.49909300 0.06735100
v 19.09514300 2.49928200 0.05990000
v -5.24234800 -0.06596100 2.49913000
v -5.22698700 -1.81326400 1.72106700
v -5.16646700 2.41518800 0.64565300
v -13.44598800 -2.29760800 -0.98539300
v 13.49294100 2.27415700 -1.03836800
v -29.41679700 -0.23017700 -2.48938100
v 29.41679700 0.23017600 -2.48938100
v -0.70338800 0.80367500 -2.36730000
v 0.70308100 -0.80148900 -2.36804000
v -10.24808500 2.29554300 -0.99019300
v 10.21219400 -2.29715900 -0.98643700
v -22.25506200 -2.41019400 -0.66405200
v 22.25466600 2.40993900 -0.66497700
v -25.93517000 -1.94185100 -1.57455200
v 25.93517100 1.94181500 -1.57459700
v 0.60834000 -2.49977100 -0.03385900
v -5.23389200 -0.71038100 2.39694800
v -34.34803500 2.10111900 -1.35473200
v 34.34803500 -2.10111900 -1.35473200
v -26.81214500 1.85632500 1.67453200
v -26.97087500 1.36524300 2.09430400
v -27.00130300 0.78343300 2.37407500
v -26.99692900 0.14354600 2.49587500
v -26.88669500 -0.55072600 2.43858600
v -26.97286700 -1.18855100 2.19939700
v -27.00115100 -1.70809600 1.82548900
v -27.03683200 -2.12060500 1.32402200
v -27.07206600 -2.39551200 0.71520700
v 26.81214900 -1.85632700 1.67453000
v 26.97087400 -1.36524500 2.09430300
v 27.00129800 -0.78343300 2.37407500
v 26.99692000 -0.14354400 2.49587600
v 26.88668200 0.55073300 2.43858400
v 26.97285300 1.18856100 2.19939100
v 27.00113600 1.70810700 1.82547800
v 27.03681800 2.12061600 1.32400500
v 27.07205500 2.39551900 0.71518400
v -26.98895500 -2.49931500 0.05852500
v 26.98894600 2.49931600 0.05849600
v -5.30391900 1.24295700 2.16911400
v -5.27867200 -2.20119600 1.18521600
v -5.22285300 2.17513000 1.23239900
v -5.31147100 -2.44008400 0.54405100
v -5.27092800 1.77766400 1.75781400
v 5.28555100 1.32303500 2.12122100
v 5.33888100 1.83339800 1.69960400
v 5.36787400 2.21621000 1.15689700
v 5.24173500 -2.40395900 0.68628100
v 5.37422500 2.44933000 0.50078300
v 5.24876900 -0.59263000 2.42874300
v 5.28144900 -2.14813200 1.27887800
v -11.98553200 2.49115700 -0.21008800
v 5.26940500 0.71677300 2.39504400
v 5.24894200 -1.21683700 2.18387500
v -20.68020100 0.37267700 -2.47206600
v 20.68039800 -0.37268000 -2.47206600
v -5.20711200 -1.29969700 2.13560000
v -19.74853400 2.35377200 -0.84247000
v 19.75107100 -2.35369200 -0.84269500
v -5.27596000 0.61024300 2.42437700
v -19.31194000 -2.12468400 1.31746700
v -19.24060800 -2.39986900 0.70044900
v 19.29979200 2.12596900 1.31539200
v 19.23058900 2.40131600 0.69547100
v -19.34220800 -1.68654100 1.84542100
v 19.32962100 1.68645700 1.84549800
v -19.35598800 -1.12186400 2.23414900
v 19.34455200 1.12013600 2.23501600
v -19.36435400 -0.47537400 2.45438800
v 19.35499700 0.47248800 2.45494500
v -19.37236400 0.20364700 2.49169200
v 19.36539200 -0.20702100 2.49141400
v -19.38350200 0.86430600 2.34584200
v 19.37892200 -0.86761000 2.34462200
v -19.40168200 1.45831800 2.03059300
v 19.39942400 -1.46107100 2.02861300
v -19.43317400 1.94381200 1.57213100
v 19.43306600 -1.94564600 1.56986000
v -19.48912300 2.28809900 1.00727500
v 19.49070500 -2.28895900 1.00531800
v -6.57224500 2.13517500 -1.30039500
v 6.60758900 -2.11878000 -1.32694100
v 10.19713500 2.27377700 1.03920200
v -9.98109700 1.96418000 1.54660800
v 10.15602900 1.43271900 2.04873500
v 10.12120900 0.19077500 2.49271000
v -10.16340100 -0.26166900 2.48626800
v -10.23354700 -1.45678200 2.03169500
v 9.98607800 -1.99454700 1.50724300
v -10.26633400 -2.26730500 1.05324600
v -19.59020100 2.47029100 0.38427200
v 19.59268200 -2.47048600 0.38301300
v -28.11521800 -2.49225400 -0.19664700
v 28.11521600 2.49225300 -0.19666000
v -31.31333400 0.70379200 -2.39889100
v 31.31333500 -0.70379200 -2.39889100
v -26.71383300 -2.03188900 -1.45651200
v 26.71383300 2.03187000 -1.45653900
v -28.22657000 -2.35675600 0.83408600
v 28.22656600 2.35676000 0.83407600
v -28.12784400 -1.64363300 1.88373800
v 28.12783800 1.64363900 1.88373300
v -28.04701200 -0.53702400 2.44164000
v 28.04700800 0.53702700 2.44163900
v -28.07045600 0.78437000 2.37376600
v 28.07045500 -0.78437000 2.37376600
v 7.49851600 -2.44630200 -0.51537200
v -26.92618600 2.28214700 1.02068800
v 26.92619400 -2.28214800 1.02068500
v -7.43132500 2.46515200 -0.41596300
v -28.34588400 -2.47843100 0.32768800
v 28.34588100 2.47843300 0.32767700
v -28.17078200 -2.07110300 1.40019000
v 28.17077600 2.07110800 1.40018300
v -28.08599300 -1.10970300 2.24021400
v 28.08598800 1.10970800 2.24021200
v -28.05604100 0.22009200 2.49029300
v 28.05603800 -0.22009100 2.49029300
v -28.04671300 1.48502200 2.01114600
v 28.04671300 -1.48502300 2.01114600
v -33.75961700 2.47915600 -0.32215700
v 33.75961700 -2.47915600 -0.32215700
v -26.48673800 -2.40139300 -0.69520600
v 26.48673100 2.40138100 -0.69524700
v -33.91663400 -2.16698300 -1.24666900
v 33.91663400 2.16698300 -1.24666900
v -33.87020600 2.32710600 0.91355200
v 33.87020600 -2.32710600 0.91355200
v -33.91304100 1.53675200 1.97190100
v 33.91304100 -1.53675200 1.97190100
v -33.91862100 -2.49659500 0.13043500
v 33.91862100 2.49659500 0.13043500
v -33.92553500 0.29804600 2.48217000
v 33.92553500 -0.29804600 2.48217000
v -33.93028600 -1.03051300 2.27772700
v 33.93028600 1.03051300 2.27772700
v -33.92942900 -2.06211300 1.41339600
v 33.92942900 2.06211300 1.41339600
v -28.03554400 -0.15757800 2.49502900
v 28.03554100 0.15758000 2.49502900
v -28.05853000 1.14743900 2.22112200
v 28.05852900 -1.14743900 2.22112200
v -33.79989600 2.48117200 0.30624400
v 33.79989600 -2.48117200 0.30624400
v -33.90986700 -2.43530300 -0.56506400
v 33.90986700 2.43530300 -0.56506400
v -33.89901800 2.00595000 1.49203400
v 33.89901800 -2.00595000 1.49203400
v -33.92097200 0.95326500 2.31112200
v 33.92097200 -0.95326500 2.31112200
v -33.92857200 -0.37991500 2.47096400
v 33.92857200 0.37991500 2.47096400
v -33.92537400 -2.36708200 0.80431700
v 33.92537400 2.36708200 0.80431700
v -33.93080400 -1.60528500 1.91652300
v 33.93080400 1.60528500 1.91652300
v -27.09939700 2.45187100 0.48819100
v 27.09940600 -2.45187100 0.48818800
v -6.31819400 1.54825700 -1.96288100
v 6.33172600 -1.53597800 -1.97250400
v 14.18256400 2.46902500 -0.39231900
v -14.10893100 -2.48518500 -0.27176400
v -19.28048100 -2.37762700 -0.77258800
v 19.27843700 2.37551400 -0.77905900
v -28.05063500 1.96343900 1.54754900
v 28.05063700 -1.96343900 1.54754900
v -8.10337500 0.66090800 2.41105800
v -8.02643500 1.79175500 1.74344800
v 13.38580100 2.49243300 -0.19436900
v -8.19782300 -0.56781700 2.43466300
v -18.84844400 2.14182500 -1.28941300
v 18.85278500 -2.14189200 -1.28930100
v -8.21470700 -2.30597000 0.96566200
v 8.11516700 2.36143200 0.82075500
v -21.25437100 -2.16197600 -1.25533200
v 21.25407100 2.16108200 -1.25687100
v -28.37156600 2.19110400 1.20377100
v 28.37156900 -2.19110400 1.20377000
v -13.16846500 -1.89209600 -1.63400500
v 13.19521000 1.87148300 -1.65757400
v -14.35575400 -2.48078700 0.30934500
v -4.12573000 0.67677300 2.40665300
v -4.08578300 -1.25520200 2.16205200
v 4.10028900 -1.26944600 2.15371900
v 4.12093200 0.67061800 2.40837500
v -8.33116900 -1.66244100 1.86716100
v 4.11145300 -2.15080900 1.27437000
v 4.12421600 1.38109100 2.08388700
v 4.10800700 -0.53744100 2.44154800
v -4.13204300 1.24040300 2.17057600
v -4.09473600 -0.70038300 2.39988800
v 4.12128200 1.84678800 1.68504400
v -4.06756200 -2.20586300 1.17650700
v -4.13121100 1.72581700 1.80874500
v -4.03969700 -2.42829600 0.59445700
v 4.10977300 2.21550400 1.15824900
v -4.07765200 -1.85676600 1.67404300
v -4.10869300 -0.10216800 2.49791100
v 4.09923800 -1.75807500 1.77740600
v 4.11484200 0.06926300 2.49904000
v 4.07797000 2.43540300 0.56463300
v -4.12735300 2.18672000 1.21171600
v 22.51275200 -0.51469600 -2.44644400
v -22.51266400 0.51470200 -2.44644300
v -13.29610200 -2.49770000 -0.10722300
v -11.07535200 -1.74173000 -1.79342600
v 11.08838800 1.72798600 -1.80667200
v -3.97127800 -2.49912700 0.06606300
v -7.02412800 -0.24408800 2.48805600
v 4.00414000 2.49976100 0.03457300
v -8.27112100 1.19491100 2.19594800
v -12.77345700 0.38625000 -2.46998200
v 12.77444000 -0.38793200 -2.46971800
v 4.14629700 -2.39217300 0.72629600
v -6.99578900 2.27475600 1.03705500
v 6.16603100 1.01225600 -2.28590000
v -6.16222900 -1.02186900 -2.28161900
v -6.62535200 0.36639900 -2.47300500
v 6.62686900 -0.36296000 -2.47351200
v 8.24000100 2.15328200 1.27018700
v -4.12862800 1.98211700 1.52355200
v 4.12352500 1.03807900 2.27428900
v 4.10356900 -0.91399200 2.32693300
v -4.13799300 2.39596700 0.71368300
v 7.30409300 -2.49524900 0.15405600
v -8.52730900 -1.23600800 2.17308200
v -30.39155800 0.31975600 -2.47946700
v 30.39155800 -0.31975600 -2.47946700
v -4.11826600 0.29010600 2.48311100
v -4.08160400 -1.57447200 1.94191600
v 8.34798600 0.31219700 2.48043000
v 8.16778300 -2.49410900 0.17152600
v -7.07859500 -2.13096300 1.30728700
v -0.28831000 2.12533800 1.31641100
v -0.19520100 0.04080900 2.49966700
v -22.27368800 -1.15449500 -2.21746300
v 22.27375700 1.15406100 -2.21768900
v -34.40247200 1.62396400 -1.90072100
v 34.40247200 -1.62396400 -1.90072100
v -0.38735100 -1.72401000 1.81046700
v -30.59408700 1.10551400 -2.24228400
v 30.59408700 -1.10551400 -2.24228400
v -19.95470700 -2.46465800 -0.41888100
v 19.95229300 2.46391800 -0.42321200
v -8.38423100 -0.97090500 2.30376700
v -13.61338600 -2.44923100 0.50126700
v -8.43606900 -2.49928200 0.05990600
v -8.47476400 -2.04932800 1.43187100
v 4.20928400 -2.47667800 0.34068400
v -7.03206400 2.49141600 0.20699800
v 7.14387400 -2.36685500 0.80498300
v 8.21742000 1.33541800 2.11344700
v 20.93837300 2.49793900 -0.10149500
v -20.94018000 -2.49802800 -0.09927100
v -7.12898300 -1.28212900 2.14619300
v 7.29391200 -0.13323600 2.49644700
v -8.34775200 0.05037300 2.49949200
v -29.14737400 0.11224400 2.49747900
v 29.14737300 -0.11224300 2.49747900
v -8.25406600 2.49721600 -0.11795600
v -33.52500900 1.98235400 -1.52324400
v 33.52500900 -1.98235400 -1.52324400
v 8.40675900 2.49991100 -0.02114200
v 14.42703800 -0.27378300 2.48496300
v 14.49547100 -0.95250900 2.31143400
v -8.22065300 2.08459100 1.38002900
v 14.36690300 0.42171800 2.46417400
v -14.57214100 0.20065700 2.49193400
v -13.84641100 2.49878500 0.07793400
v -14.29591500 2.41176900 0.65830700
v 14.34689700 1.05575200 2.26613900
v 14.53233400 -1.55574300 1.95695200
v -14.56554300 -2.33918100 0.88217500
v -14.56020100 -0.47809700 2.45385900
v -14.55653000 0.87591800 2.34153100
v -7.10031600 -1.88518200 1.64197700
v -4.17715600 2.47675500 0.34012300
v -14.60351600 1.48839700 2.00865000
v 21.06709500 2.44076800 0.54097300
v -21.06967000 -2.44039800 0.54263900
v 8.14768200 -2.01563500 1.47892400
v 3.71472100 -2.49733400 -0.11543200
v -14.52794000 -1.11968100 2.23524400
v 14.27076800 1.60585600 1.91604500
v 14.62932200 -2.02191000 1.47033300
v -13.57626900 -2.11888100 1.32677900
v -13.53036800 2.03824700 1.44760200
v -13.48534000 1.59911600 1.92167300
v 14.41616000 -2.40902300 0.66828900
v 12.33781400 -1.77451600 1.76099300
v 13.50419700 -2.16442700 1.25110100
v -7.87307800 2.41386200 0.65059200
v -12.75310500 -2.34203700 0.87456300
v -13.42766600 1.23243200 2.17511200
v -8.13188500 1.45866200 2.03034600
v 8.01076700 2.00098500 1.49868500
v 13.39790900 -1.58143400 1.93625100
v -13.56596200 2.26573700 1.05661500
v -0.45303500 0.67313300 2.40767400
v 8.07493600 -1.69221400 1.84022000
v 8.00204900 0.95231200 2.31151500
v -14.38334300 -1.77617800 1.75931500
v -13.55308900 0.17424500 2.49392000
v 7.27147500 -1.24591500 2.16741700
v 0.53382100 1.27677900 2.14938000
v 7.95588100 -2.26181700 1.06498100
v 13.93792400 -2.49782800 0.10419100
v 0.61981800 -0.97353500 2.30265700
v -0.60074500 -1.38010200 2.08454300
v -0.34271900 -0.62187500 2.42141900
v -12.55270400 0.75647500 2.38280200
v 13.40134500 -0.36589300 2.47307900
v -0.48782600 1.75017900 1.78518100
v 12.59930000 0.47213600 2.45501300
v 12.46913300 -0.92428000 2.32286600
v -13.45707200 -1.13497900 2.22751500
v 13.48764800 0.45030400 2.45911100
v 13.47170600 -1.89058400 1.63575400
v 12.60248000 1.11139700 2.23937400
v -12.53791400 -0.45974600 2.45736300
v -0.47138100 2.33673400 0.88863500
v 13.48632800 1.07657400 2.25632200
v -0.53521600 -2.02542500 1.46548800
v -7.53298500 -1.63163500 1.89414100
v 12.53803800 1.66202900 1.86752700
v 8.27388800 -0.77026700 2.37838000
v 7.03086200 -0.50995200 2.44743700
v 13.41406900 2.06244000 1.41292000
v 7.14289600 0.76603300 2.37974700
v -13.53472700 -1.49279100 2.00538600
v 13.21030500 -2.34384400 0.86971100
v 35.00000000 0.06793000 0.03695600
v 35.00000000 -0.50460200 -1.04781700
v 35.00000000 -1.15973800 0.08691000
v 35.00000000 0.80743000 -0.85220100
v 35.00000000 0.95687900 0.75159300
v 35.00000000 -0.34279700 1.11132100
v 35.00000000 1.25691800 -0.06506700
v 35.00000000 -1.17192700 0.93458100
v 35.00000000 0.22340700 -1.48220900
v 35.00000000 -1.29812900 -0.74947500
v 35.00000000 0.44207500 1.41490300
v 35.00000000 0.10696400 -0.66991200
v 35.00000000 -0.60949600 -0.35189300
v 35.00000000 -0.53753600 0.43262400
v 35.00000000 0.19541500 0.67968400
v 35.00000000 0.56503600 -0.24390400
v 35.00000000 1.46534600 -0.77194300
v 35.00000000 1.58280500 0.55662500
v 35.00000000 -1.06143700 -1.32440200
v 35.00000000 -0.37366400 -1.65561600
v 35.00000000 -1.62063800 0.50420500
v 35.00000000 -1.67768400 -0.25703000
v 35.00000000 0.85457100 -1.50617500
v 35.00000000 -0.85219000 1.46780900
v 35.00000000 1.08977600 1.39550000
v 35.00000000 -0.12273400 1.69281600
v 35.00000000 1.80746500 -0.35694200
v 35.00000000 1.86503100 0.12242300
v 35.00000000 1.47446200 1.06712300
v 35.00000000 1.29589500 -1.27058100
v 35.00000000 0.59741700 0.28027000
v -35.00000000 0.06793000 0.03695600
v -35.00000000 -0.50460200 -1.04781700
v -35.00000000 -1.15973800 0.08691000
v -35.00000000 0.80743000 -0.85220100
v -35.00000000 -0.34279700 1.11132100
v -35.00000000 0.95687900 0.75159300
v -35.00000000 1.25691800 -0.06506700
v -35.00000000 -1.17192700 0.93458100
v -35.00000000 0.44207500 1.41490300
v -35.00000000 -1.29812900 -0.74947500
v -35.00000000 0.22340700 -1.48220900
v -35.00000000 0.10696400 -0.66991200
v -35.00000000 -0.53753600 0.43262400
v -35.00000000 -0.60949600 -0.35189300
v -35.00000000 0.19541500 0.67968400
v -35.00000000 0.56503600 -0.24390400
v -35.00000000 1.46534600 -0.77194300
v -35.00000000 1.58280500 0.55662500
v -35.00000000 -1.62063800 0.50420500
v -35.00000000 -1.06143700 -1.32440200
v -35.00000000 -0.37366400 -1.65561600
v -35.00000000 -1.67768400 -0.25703000
v -35.00000000 -0.85219000 1.46780900
v -35.00000000 0.85457100 -1.50617500
v -35.00000000 1.08977600 1.39550000
v -35.00000000 -0.12273400 1.69281600
v -35.00000000 1.80746500 -0.35694200
v -35.00000000 1.86503100 0.12242300
v -35.00000000 1.47446200 1.06712300
v -35.00000000 1.29589500 -1.27058100
v -35.00000000 0.59741700 0.28027000
vn -0.00000000 -0.00000000 -1.00000000
vn 1.00000000 0.00000000 0.00000000
vn -1.00000000 -0.00000000 -0.00000000
vn 0.00000000 0.00000000 -1.00000000
vn 0.00000000 0.26979700 -0.96291700
vn 0.00000000 0.51958400 -0.85441900
vn 0.00000000 0.73083600 -0.68255300
vn 0.00000000 0.88788500 -0.46006500
vn 0.00000000 0.97908400 -0.20345600
vn 0.00000000 0.99766900 0.06824200
vn 0.00000000 0.94226100 0.33488000
vn 0.00000000 0.81697000 0.57668000
vn 0.00000000 0.63108800 0.77571100
vn 0.00000000 0.39840100 0.91721100
vn -0.00000000 0.13616700 0.99068600
vn 0.00000000 -0.13616700 0.99068600
vn 0.00000000 -0.39840100 0.91721100
vn 0.00000000 -0.63108800 0.77571100
vn 0.00000000 -0.81697000 0.57668000
vn 0.00000000 -0.94226100 0.33488000
vn 0.00000000 -0.99766900 0.06824200
vn -0.00000000 -0.97908400 -0.20345600
vn 0.00000000 -0.88788500 -0.46006500
vn -0.00000000 -0.73083600 -0.68255300
vn -0.00000000 -0.51958400 -0.85441900
vn -0.00000000 -0.26979700 -0.96291700
vn 0.70710700 0.00000000 -0.70710700
vn 1.00000000 0.00000000 0.00000000
vn 1.00000000 -0.00000000 0.00000000
vn 1.00000000 0.00000000 0.00000000
vn 1.00000000 0.00000000 0.00000000
vn 1.00000000 -0.00000000 0.00000000
vn 1.00000000 -0.00000000 -0.00000000
vn 1.00000000 0.00000000 0.00000000
vn 1.00000000 0.00000000 0.00000000
vn 1.00000000 0.00000000 0.00000000
vn 1.00000000 0.00000000 0.00000000
vn 1.00000000 0.00000000 0.00000000
vn 1.00000000 0.00000000 0.00000000
vn 1.00000000 0.00000000 -0.00000000
vn 1.00000000 0.00000000 -0.00000000
vn 1.00000000 0.00000000 -0.00000000
vn 1.00000000 0.00000000 0.00000000
vn 1.00000000 0.00000000 0.00000000
vn 1.00000000 0.00000000 0.00000000
vn 1.00000000 0.00000000 0.00000000
vn 1.00000000 0.00000000 0.00000000
vn -1.00000000 -0.00000000 -0.00000000
vn -1.00000000 -0.00000000 0.00000000
vn -1.00000000 -0.00000000 0.00000000
vn -1.00000000 -0.00000000 -0.00000000
vn -1.00000000 -0.00000000 0.00000000
vn -1.00000000 -0.00000000 -0.00000000
vn -1.00000000 -0.00000000 -0.00000000
vn -1.00000000 -0.00000000 -0.00000000
vn -1.00000000 -0.00000000 -0.00000000
vn -1.00000000 -0.00000000 -0.00000000
vn -1.00000000 -0.00000000 -0.00000000
vn -1.00000000 -0.00000000 -0.00000000
vn -1.00000000 -0.00000000 -0.00000000
vn -1.00000000 -0.00000000 -0.00000000
vn -1.00000000 -0.00000000 -0.00000000
vn -1.00000000 0.00000000 0.00000000
vn -1.00000000 0.00000000 0.00000000
vn -1.00000000 0.00000000 0.00000000
vn -1.00000000 0.00000000 0.00000000
vn -1.00000000 -0.00000000 -0.00000000
vn -0.70710700 -0.00000000 -0.70710700
vn 0.00000000 0.26979700 -0.96291700
vn 0.00000000 0.51958400 -0.85441900
vn 0.00000000 0.73083600 -0.68255300
vn 0.00000000 0.88788500 -0.46006500
vn 0.00000000 0.97908400 -0.20345600
vn 0.00000000 0.99766900 0.06824200
vn 0.00000000 0.94226100 0.33488000
vn -0.00000000 0.81697000 0.57668000
vn 0.00000000 0.63108800 0.77571100
vn 0.00000000 0.39840100 0.91721100
vn -0.00000000 0.13616700 0.99068600
vn 0.00000000 -0.13616700 0.99068600
vn 0.00000000 -0.39840100 0.91721100
vn 0.00000000 -0.63108800 0.77571100
vn 0.00000000 -0.81697000 0.57668000
vn 0.00000000 -0.94226100 0.33488000
vn 0.00000000 -0.99766900 0.06824200
vn 0.00000000 -0.97908400 -0.20345600
vn 0.00000000 -0.88788500 -0.46006500
vn 0.00000000 -0.73083600 -0.68255300
vn 0.00000000 -0.51958400 -0.85441900
vn 0.00000000 -0.26979700 -0.96291700
vn -0.00000000 -0.00000000 -1.00000000
vn -0.00000000 -0.00000000 -1.00000000
vn -0.00000000 -0.00000000 -1.00000000
vn -0.00000000 -0.00000000 -1.00000000
vn -0.00000000 -0.00000000 -1.00000000
vn -0.00000000 -0.00000000 -1.00000000
vn -0.00000000 -0.00000000 -1.00000000
vn -0.00000000 -0.00000000 -1.00000000
vn -0.00000000 -0.00000000 -1.00000000
vn -0.00000000 -0.00000000 -1.00000000
vn -0.00000000 -0.00000000 -1.00000000
vn -0.00000000 -0.00000000 -1.00000000
vn -0.00000000 -0.00000000 -1.00000000
vn -0.00000000 -0.00000000 -1.00000000
vn -0.00000000 -0.00000000 -1.00000000
vn -0.00000000 -0.00000000 -1.00000000
vn -0.00000000 -0.00000000 -1.00000000
vn -0.00000000 -0.00000000 -1.00000000
vn -0.00000000 -0.00000000 -1.00000000
vn -0.00000000 -0.00000000 -1.00000000
vn -0.00000000 -0.00000000 -1.00000000
vn -0.00000000 -0.00000000 -1.00000000
vn -0.00000000 -0.00000000 -1.00000000
vn -0.00000000 -0.00000000 -1.00000000
vn -0.00000000 -0.00000000 -1.00000000
vn -0.00000000 -0.00000000 -1.00000000
vn -0.00000000 -0.00000000 -1.00000000
vn -0.00000000 -0.00000000 -1.00000000
vn -0.00000000 -0.00000000 -1.00000000
vn -0.00000000 -0.00000000 -1.00000000
vn -0.00000000 -0.00000000 -1.00000000
vn -0.00000000 -0.00000000 -1.00000000
vn -0.00000000 -0.00000000 -1.00000000
vn -0.00000000 -0.00000000 -1.00000000
vn -0.00000000 -0.00000000 -1.00000000
vn -0.00000000 -0.00000000 -1.00000000
vn -0.00000000 -0.00000000 -1.00000000
vn -0.00000000 -0.00000000 -1.00000000
vn -0.00000000 -0.00000000 -1.00000000
vn -0.00000000 -0.00000000 -1.00000000
vn -0.00000000 -0.00000000 -1.00000000
vn -0.00000000 -0.00000000 -1.00000000
vn -0.00000000 -0.00000000 -1.00000000
vn -0.00000000 -0.00000000 -1.00000000
vn -0.00000000 -0.00000000 -1.00000000
vn -0.00000000 -0.00000000 -1.00000000
vn -0.00000000 -0.00000000 -1.00000000
vn -0.00000000 -0.00000000 -1.00000000
vn -0.00000000 -0.00000000 -1.00000000
vn -0.00000000 -0.00000000 -1.00000000
vn -0.00000000 -0.00000000 -1.00000000
vn -0.00000000 -0.00000000 -1.00000000
vn -0.00000000 -0.00000000 -1.00000000
vn -0.00000000 -0.00000000 -1.00000000
vn -0.00000000 -0.00000000 -1.00000000
vn -0.00000000 -0.00000000 -1.00000000
vn -0.00000000 -0.00000000 -1.00000000
vn -0.00000000 -0.00000000 -1.00000000
vn -0.00000000 -0.00000000 -1.00000000
vn -0.00000000 -0.00000000 -1.00000000
vn -0.00000000 -0.00000000 -1.00000000
vn -0.00000000 -0.00000000 -1.00000000
vn -0.00000000 -0.00000000 -1.00000000
vn -0.00000000 -0.00000000 -1.00000000
vn -0.00000000 -0.00000000 -1.00000000
vn -0.00000000 -0.00000000 -1.00000000
vn -0.00000000 -0.00000000 -1.00000000
vn -0.00000000 -0.00000000 -1.00000000
vn -0.00000000 -0.00000000 -1.00000000
vn -0.00000000 -0.00000000 -1.00000000
vn -0.00000000 -0.00000000 -1.00000000
vn -0.00000000 -0.00000000 -1.00000000
vn -0.00000000 -0.00000000 -1.00000000
vn -0.00000000 -0.00000000 -1.00000000
vn -0.00000000 -0.00000000 -1.00000000
vn -0.00000000 -0.00000000 -1.00000000
vn -0.00000000 -0.00000000 -1.00000000
vn -0.00000000 -0.00000000 -1.00000000
vn -0.00000000 -0.00000000 -1.00000000
vn -0.00000000 -0.00000000 -1.00000000
vn -0.00000000 -0.00000000 -1.00000000
vn -0.00000000 -0.00000000 -1.00000000
vn -0.00000000 -0.00000000 -1.00000000
vn -0.00000000 -0.00000000 -1.00000000
vn -0.00000000 -0.00000000 -1.00000000
vn -0.00000000 -0.00000000 -1.00000000
vn -0.00000000 -0.00000000 -1.00000000
vn -0.00000000 -0.00000000 -1.00000000
vn -0.00000000 -0.00000000 -1.00000000
vn -0.00000000 -0.00000000 -1.00000000
vn -0.00000000 -0.00000000 -1.00000000
vn -0.00000000 -0.00000000 -1.00000000
vn -0.00000000 -0.00000000 -1.00000000
vn -0.00000000 -0.00000000 -1.00000000
vn -0.00000000 -0.00000000 -1.00000000
vn -0.00000000 -0.00000000 -1.00000000
vn -0.00000000 -0.00000000 -1.00000000
vn -0.00000000 -0.00000000 -1.00000000
vn 0.70710700 0.29049700 -0.64467900
vn 0.70710700 -0.29049700 -0.64467900
vn 0.70710700 0.43189100 -0.55988400
vn 0.70710700 -0.43189100 -0.55988400
vn 0.70710700 -0.11681100 -0.69739200
vn 0.70710700 0.11681100 -0.69739200
vn -0.70710700 -0.29049700 -0.64467900
vn -0.70710700 0.29049700 -0.64467900
vn -0.70710700 -0.43189100 -0.55988400
vn -0.70710700 0.43189100 -0.55988400
vn -0.70710700 -0.11681100 -0.69739200
vn -0.70710700 0.11681100 -0.69739200
vn 0.00000000 0.62075800 -0.78400200
vn 0.00000000 0.99948600 0.03205600
vn 0.00000000 0.95326800 0.30212700
vn 0.00000000 0.86020000 0.50995600
vn 0.00000000 0.70039200 0.71375900
vn 0.00000000 0.50439800 0.86347100
vn 0.00000000 0.03071000 0.99952800
vn 0.00000000 0.28499800 0.95852800
vn 0.00000000 -0.22344100 0.97471700
vn 0.00000000 -0.68086100 0.73241200
vn 0.00000000 -0.47280700 0.88116600
vn 0.00000000 -0.83992300 0.54270600
vn 0.00000000 -0.95803900 0.28663800
vn 0.00000000 -0.99987600 0.01576100
vn -0.00000000 -0.61840200 -0.78586200
vn 0.00000000 0.27445700 -0.96159900
vn 0.00000000 0.51448900 -0.85749700
vn 0.00000000 0.91699600 -0.39889500
vn 0.00000000 0.97608400 -0.21739200
vn -0.00000000 -0.97330600 -0.22951200
vn -0.00000000 -0.91126900 -0.41181100
vn -0.00000000 -0.51323200 -0.85825000
vn -0.00000000 -0.27411500 -0.96169700
vn -0.00000000 -0.18839800 -0.98209300
vn 0.00000000 0.18810900 -0.98214800
vn 0.00000000 0.14942500 -0.98877300
vn -0.00000000 -0.14942800 -0.98877300
vn -0.00000000 -0.17789100 -0.98405000
vn 0.00000000 0.17777800 -0.98407100
vn 0.00000000 0.18531300 -0.98267900
vn -0.00000000 -0.18531300 -0.98268000
vn 0.00000000 0.14467000 -0.98948000
vn -0.00000000 -0.14467000 -0.98948000
vn 0.00000000 0.70244400 -0.71173900
vn 0.00000000 0.84281900 -0.53819700
vn 0.00000000 0.89677000 -0.44249700
vn 0.00000000 0.99866200 -0.05170700
vn 0.00000000 0.97023500 0.24216700
vn 0.00000000 0.86416200 0.50321300
vn 0.00000000 0.69400300 0.71997200
vn 0.00000000 0.47326700 0.88091900
vn 0.00000000 0.21765000 0.97602700
vn 0.00000000 -0.05442700 0.99851800
vn 0.00000000 -0.32251600 0.94656400
vn 0.00000000 -0.56584900 0.82450900
vn 0.00000000 -0.76558400 0.64333600
vn 0.00000000 -0.90736300 0.42034700
vn 0.00000000 -0.98409600 0.17763900
vn -0.00000000 -0.99787100 -0.06521600
vn -0.00000000 -0.94837800 -0.31714200
vn -0.00000000 -0.84289900 -0.53807200
vn -0.00000000 -0.70686000 -0.70735300
vn -0.00000000 -0.90386000 -0.42782800
vn -0.00000000 -0.99863600 -0.05221300
vn 0.00000000 -0.97056500 0.24084000
vn 0.00000000 -0.86533000 0.50120300
vn 0.00000000 -0.69612900 0.71791600
vn 0.00000000 -0.47600500 0.87944300
vn 0.00000000 -0.22057500 0.97537000
vn 0.00000000 0.05159500 0.99866800
vn 0.00000000 0.32014600 0.94736800
vn 0.00000000 0.56456400 0.82539000
vn 0.00000000 0.76581400 0.64306200
vn 0.00000000 0.90860100 0.41766600
vn 0.00000000 0.98501700 0.17245600
vn 0.00000000 0.99743400 -0.07158500
vn 0.00000000 0.94646200 -0.32281600
vn -0.00000000 -0.43112800 -0.90229100
vn 0.00000000 0.43001000 -0.90282400
vn -0.00000000 -0.33521000 -0.94214400
vn 0.00000000 0.33513900 -0.94216900
vn -0.00000000 -0.14948100 -0.98876500
vn 0.00000000 0.14947600 -0.98876500
vn 0.00000000 0.15499900 -0.98791500
vn -0.00000000 -0.15499900 -0.98791500
vn -0.00000000 -0.22732800 -0.97381800
vn 0.00000000 0.22522700 -0.97430600
vn -0.00000000 -0.17547700 -0.98448300
vn 0.00000000 0.17467800 -0.98462600
vn -0.00000000 -0.19092700 -0.98160400
vn 0.00000000 0.19092900 -0.98160400
vn -0.00000000 -0.19332600 -0.98113500
vn 0.00000000 0.19332600 -0.98113500
vn 0.00000000 0.99725900 -0.07399300
vn -0.00000000 -0.83901900 -0.54410200
vn -0.00000000 -0.70398600 -0.71021400
vn -0.00000000 -0.99725900 -0.07399300
vn 0.00000000 0.83901700 -0.54410600
vn 0.00000000 0.70398300 -0.71021700
vn 0.00000000 0.66484800 -0.74697900
vn -0.00000000 -0.66484700 -0.74697900
vn 0.00000000 0.97322600 0.22985000
vn 0.00000000 0.89233400 0.45137600
vn 0.00000000 0.73635900 0.67659100
vn 0.00000000 0.52907900 0.84857300
vn 0.00000000 0.29034200 0.95692300
vn 0.00000000 0.03051000 0.99953400
vn 0.00000000 -0.23914200 0.97098500
vn 0.00000000 -0.49343300 0.86978400
vn 0.00000000 -0.70297300 0.71121700
vn 0.00000000 -0.86274000 0.50564900
vn 0.00000000 -0.95906300 0.28319200
vn 0.00000000 -0.99926500 0.03833100
vn -0.00000000 -0.94603300 -0.32407000
vn 0.00000000 -0.97322700 0.22984700
vn 0.00000000 -0.89233500 0.45137300
vn 0.00000000 -0.73636100 0.67658900
vn 0.00000000 -0.52908100 0.84857100
vn 0.00000000 -0.29034300 0.95692300
vn 0.00000000 -0.03050800 0.99953500
vn 0.00000000 0.23914600 0.97098400
vn 0.00000000 0.49344000 0.86978000
vn 0.00000000 0.70298200 0.71120800
vn 0.00000000 0.86274800 0.50563400
vn 0.00000000 0.95906900 0.28317300
vn 0.00000000 0.99926600 0.03830700
vn 0.00000000 0.94602500 -0.32409400
vn 0.00000000 0.97017200 -0.24241800
vn -0.00000000 -0.95627000 -0.29248600
vn 0.00000000 0.95845600 -0.28524200
vn 0.00000000 0.95850400 -0.28508000
vn 0.00000000 0.89513900 -0.44578800
vn 0.00000000 0.79307100 -0.60913000
vn 0.00000000 0.99979800 0.02007800
vn 0.00000000 0.86385700 0.50373800
vn 0.00000000 -0.86613900 0.49980300
vn 0.00000000 -0.99962400 0.02741100
vn -0.00000000 -0.79851600 -0.60197300
vn -0.00000000 -0.89735300 -0.44131400
vn -0.00000000 -0.96157200 -0.27455200
vn -0.00000000 -0.95971600 -0.28097100
vn 0.00000000 0.50783400 -0.86145500
vn -0.00000000 -0.50783300 -0.86145600
vn 0.00000000 0.46499600 -0.88531300
vn -0.00000000 -0.46323800 -0.88623400
vn 0.00000000 0.55626900 -0.83100200
vn -0.00000000 -0.56110700 -0.82774300
vn 0.00000000 0.99443700 -0.10532900
vn 0.00000000 0.98988600 0.14186600
vn 0.00000000 0.99464000 0.10339800
vn 0.00000000 0.93571000 0.35277000
vn 0.00000000 0.92305100 0.38467900
vn 0.00000000 0.83310900 0.55310900
vn 0.00000000 0.80127100 0.59830200
vn 0.00000000 0.60639300 0.79516500
vn 0.00000000 0.61479800 0.78868400
vn 0.00000000 0.39330400 0.91940800
vn 0.00000000 0.39721600 0.91772500
vn 0.00000000 0.06293100 0.99801800
vn 0.00000000 0.15356200 0.98813900
vn 0.00000000 -0.17475500 0.98461200
vn 0.00000000 -0.11194800 0.99371400
vn 0.00000000 -0.39944300 0.91675800
vn 0.00000000 -0.35303300 0.93561100
vn 0.00000000 -0.59389100 0.80454600
vn 0.00000000 -0.59704800 0.80220600
vn 0.00000000 -0.81017900 0.58618300
vn 0.00000000 -0.78837900 0.61519000
vn 0.00000000 -0.91033700 0.41386900
vn 0.00000000 -0.91673100 0.39950500
vn 0.00000000 -0.98930700 0.14584700
vn 0.00000000 -0.98558900 0.16916000
vn -0.00000000 -0.99730800 -0.07332900
vn -0.00000000 -0.21182300 -0.97730800
vn 0.00000000 0.21182200 -0.97730800
vn 0.00000000 0.29249500 -0.95626700
vn -0.00000000 -0.29249500 -0.95626700
vn -0.00000000 -0.37516100 -0.92696000
vn 0.00000000 0.37192700 -0.92826200
vn -0.00000000 -0.34927100 -0.93702200
vn 0.00000000 0.34759000 -0.93764700
vn 0.00000000 0.30943800 -0.95092000
vn -0.00000000 -0.30945100 -0.95091500
vn -0.00000000 -0.17381400 -0.98477900
vn 0.00000000 0.17386500 -0.98477000
vn -0.00000000 -0.13977000 -0.99018400
vn 0.00000000 0.14086700 -0.99002900
vn -0.00000000 -0.14563000 -0.98933900
vn 0.00000000 0.14563000 -0.98933900
vn -0.00000000 -0.18865000 -0.98204400
vn 0.00000000 0.18731700 -0.98229900
vn -0.00000000 -0.18775800 -0.98221500
vn 0.00000000 0.18610900 -0.98252900
vn 0.00000000 0.29228300 -0.95633200
vn -0.00000000 -0.29228300 -0.95633200
vn -0.00000000 -0.13587300 -0.99072600
vn 0.00000000 0.13450100 -0.99091300
vn -0.00000000 -0.15961700 -0.98717900
vn 0.00000000 0.15945200 -0.98720600
vn -0.00000000 -0.16235800 -0.98673200
vn 0.00000000 0.16232500 -0.98673700
vn 0.00000000 0.16621200 -0.98609000
vn -0.00000000 -0.16333200 -0.98657100
vn -0.00000000 -0.16621200 -0.98609000
vn 0.00000000 0.16333200 -0.98657100
vn 0.00000000 0.15667500 -0.98765000
vn -0.00000000 -0.15667500 -0.98765000
vn 0.00000000 0.21903900 -0.97571600
vn -0.00000000 -0.14609900 -0.98927000
vn -0.00000000 -0.21903900 -0.97571600
vn 0.00000000 0.14609900 -0.98927000
vn 0.00000000 0.21587800 -0.97642000
vn -0.00000000 -0.21587800 -0.97642000
vn 0.00000000 0.15653800 -0.98767200
vn -0.00000000 -0.15653800 -0.98767200
vn 0.00000000 0.89668400 -0.44267100
vn -0.00000000 -0.90355200 -0.42847900
vn 0.00000000 0.74852300 -0.66310900
vn -0.00000000 -0.74396800 -0.66821500
vn 0.00000000 0.37166600 -0.92836600
vn -0.00000000 -0.37354000 -0.92761400
vn -0.00000000 -0.38647300 -0.92230100
vn 0.00000000 0.38317900 -0.92367400
vn 0.00000000 0.49856200 -0.86685400
vn -0.00000000 -0.49887500 -0.86667400
vn 0.00000000 0.96556800 -0.26015100
vn -0.00000000 -0.96778300 -0.25178600
vn 0.00000000 0.59250200 -0.80556900
vn -0.00000000 -0.59284600 -0.80531600
vn 0.00000000 0.57190500 -0.82032000
vn -0.00000000 -0.57348100 -0.81921900
vn 0.00000000 0.86644700 -0.49926900
vn -0.00000000 -0.86644000 -0.49928100
vn 0.00000000 0.95027000 -0.31142600
vn -0.00000000 -0.99959900 -0.02831500
vn -0.00000000 -0.97148100 -0.23711600
vn -0.00000000 -0.95026500 -0.31144400
vn 0.00000000 0.99959400 -0.02848600
vn 0.00000000 0.97143600 -0.23730100
vn -0.00000000 -0.71140200 -0.70278500
vn 0.00000000 0.71130100 -0.70288800
vn 0.00000000 0.63679400 -0.77103400
vn -0.00000000 -0.63678900 -0.77103800
vn 0.00000000 0.44285400 -0.89659400
vn -0.00000000 -0.44285400 -0.89659400
vn 0.00000000 0.94708900 -0.32097000
vn 0.00000000 0.99999600 0.00289600
vn 0.00000000 0.96279500 0.27023300
vn 0.00000000 0.86414400 0.50324500
vn 0.00000000 0.74543800 0.66657500
vn 0.00000000 0.47435000 0.88033700
vn 0.00000000 0.29681700 0.95493400
vn 0.00000000 -0.03854100 0.99925700
vn 0.00000000 -0.23243700 0.97261100
vn 0.00000000 -0.54703200 0.83711200
vn 0.00000000 -0.69870700 0.71540800
vn 0.00000000 -0.89635400 0.44333800
vn 0.00000000 -0.96464400 0.26355600
vn -0.00000000 -0.99786200 -0.06536300
vn -0.00000000 -0.96661400 -0.25623700
vn -0.00000000 -0.94708900 -0.32097000
vn 0.00000000 -0.99999600 0.00289600
vn 0.00000000 -0.96279500 0.27023300
vn 0.00000000 -0.86414400 0.50324500
vn 0.00000000 -0.74543800 0.66657500
vn 0.00000000 -0.47435000 0.88033700
vn 0.00000000 -0.29681700 0.95493400
vn 0.00000000 0.03854100 0.99925700
vn 0.00000000 0.23243700 0.97261100
vn 0.00000000 0.54703200 0.83711100
vn 0.00000000 0.69870700 0.71540800
vn 0.00000000 0.89635400 0.44333800
vn 0.00000000 0.96464400 0.26355600
vn 0.00000000 0.99786200 -0.06536300
vn 0.00000000 0.96661400 -0.25623700
vn -0.00000000 -0.84298400 -0.53793800
vn 0.00000000 0.84298400 -0.53793900
vn -0.00000000 -0.67133100 -0.74115800
vn 0.00000000 0.67133100 -0.74115800
vn 0.00000000 0.60630500 -0.79523200
vn -0.00000000 -0.59869300 -0.80097900
vn 0.00000000 0.51126700 -0.85942200
vn -0.00000000 -0.51510000 -0.85713000
vn 0.00000000 0.92408500 -0.38218600
vn -0.00000000 -0.92824600 -0.37196600
vn -0.00000000 -0.83746700 -0.54648800
vn 0.00000000 0.82826800 -0.56033300
vn 0.00000000 0.32509500 -0.94568100
vn -0.00000000 -0.32422800 -0.94597900
vn 0.00000000 0.34439400 -0.93882500
vn -0.00000000 -0.34446600 -0.93879900
vn 0.00000000 0.40636300 -0.91371200
vn -0.00000000 -0.40635800 -0.91371400
vn 0.00000000 0.98261300 -0.18566800
vn 0.00000000 0.99785200 0.06550800
vn 0.00000000 0.95572500 0.29426000
vn 0.00000000 0.85029400 0.52630800
vn 0.00000000 0.68431200 0.72918900
vn 0.00000000 0.46786200 0.88380100
vn 0.00000000 0.21565500 0.97647000
vn 0.00000000 -0.05421700 0.99852900
vn 0.00000000 -0.32181100 0.94680400
vn 0.00000000 -0.56708900 0.82365600
vn 0.00000000 -0.77143000 0.63631400
vn 0.00000000 -0.91752700 0.39767400
vn 0.00000000 -0.99117400 0.13256600
vn -0.00000000 -0.99116000 -0.13267200
vn -0.00000000 -0.98258500 -0.18581300
vn 0.00000000 -0.99787000 0.06523500
vn 0.00000000 -0.95586200 0.29381600
vn 0.00000000 -0.85065200 0.52573000
vn 0.00000000 -0.68492900 0.72861000
vn 0.00000000 -0.46868300 0.88336700
vn 0.00000000 -0.21656500 0.97626800
vn 0.00000000 0.05336100 0.99857500
vn 0.00000000 0.32118800 0.94701500
vn 0.00000000 0.56687600 0.82380300
vn 0.00000000 0.77166300 0.63603100
vn 0.00000000 0.91797500 0.39663800
vn 0.00000000 0.99141900 0.13072000
vn 0.00000000 0.99082900 -0.13511800
vn 0.00000000 0.91587200 -0.40147000
vn -0.00000000 -0.91584800 -0.40152600
vn 0.00000000 0.80539100 -0.59274400
vn -0.00000000 -0.80538200 -0.59275700
vn 0.00000000 0.64505000 -0.76414100
vn -0.00000000 -0.64505900 -0.76413300
vn -0.00000000 -0.83501400 -0.55022900
vn 0.00000000 0.83498000 -0.55028000
vn 0.00000000 0.68933200 -0.72444600
vn -0.00000000 -0.68932900 -0.72444800
vn 0.00000000 0.53473200 -0.84502100
vn -0.00000000 -0.53473000 -0.84502300
vn 0.00000000 0.89031500 -0.45534400
vn -0.00000000 -0.88652800 -0.46267600
vn -0.00000000 -0.96261600 -0.27086900
vn 0.00000000 0.95813900 -0.28630400
vn 0.00000000 0.83275600 -0.55364000
vn -0.00000000 -0.83515100 -0.55002100
vn 0.00000000 0.45756700 -0.88917500
vn -0.00000000 -0.45416000 -0.89092000
vn 0.00000000 0.27371600 -0.96181100
vn -0.00000000 -0.27371800 -0.96181000
vn -0.00000000 -0.15903500 -0.98727300
vn 0.00000000 0.15905400 -0.98727000
vn -0.00000000 -0.15430600 -0.98802300
vn 0.00000000 0.15424200 -0.98803300
vn -0.00000000 -0.30238400 -0.95318600
vn 0.00000000 0.29915000 -0.95420600
vn 0.00000000 0.28887300 -0.95736700
vn -0.00000000 -0.28887300 -0.95736700
vn -0.00000000 -0.16615800 -0.98609900
vn 0.00000000 0.16575600 -0.98616700
vn -0.00000000 -0.38077600 -0.92466700
vn 0.00000000 0.37730100 -0.92609100
vn -0.00000000 -0.14298900 -0.98972400
vn 0.00000000 0.14165500 -0.98991600
vn 0.00000000 0.21889200 -0.97574900
vn -0.00000000 -0.21958000 -0.97559500
vn 0.00000000 0.30925700 -0.95097900
vn -0.00000000 -0.31012300 -0.95069600
vn 0.00000000 0.32211900 -0.94669900
vn -0.00000000 -0.27793900 -0.96059900
vn -0.00000000 -0.32211900 -0.94669900
vn 0.00000000 0.27793900 -0.96059900
vn -0.00000000 -0.19511000 -0.98078100
vn 0.00000000 0.19739200 -0.98032500
vn -0.00000000 -0.19223000 -0.98135000
vn 0.00000000 0.19048300 -0.98169100
vn -0.00000000 -0.23705400 -0.97149700
vn 0.00000000 0.23528100 -0.97192700
vn -0.00000000 -0.18762300 -0.98224100
vn 0.00000000 0.18653400 -0.98244800
vn 0.00000000 0.77411800 -0.63304100
vn -0.00000000 -0.77411000 -0.63305100
vn 0.00000000 0.99341800 -0.11454400
vn 0.00000000 0.99310200 0.11725400
vn 0.00000000 0.94540600 0.32589400
vn 0.00000000 0.85890500 0.51213500
vn 0.00000000 0.69926700 0.71486100
vn 0.00000000 0.48880400 0.87239400
vn 0.00000000 0.24182200 0.97032100
vn 0.00000000 -0.02410900 0.99970900
vn 0.00000000 -0.28930300 0.95723800
vn 0.00000000 -0.53348300 0.84581100
vn 0.00000000 -0.73791200 0.67489700
vn 0.00000000 -0.88794800 0.45994400
vn 0.00000000 -0.97556000 0.21973500
vn -0.00000000 -0.99341500 -0.11457200
vn 0.00000000 -0.99310600 0.11722200
vn 0.00000000 -0.94542300 0.32584600
vn 0.00000000 -0.85893100 0.51209100
vn 0.00000000 -0.69930700 0.71482200
vn 0.00000000 -0.48885400 0.87236600
vn 0.00000000 -0.24187100 0.97030800
vn 0.00000000 0.02407400 0.99971000
vn 0.00000000 0.28929500 0.95724000
vn 0.00000000 0.53350900 0.84579400
vn 0.00000000 0.73796400 0.67484000
vn 0.00000000 0.88800400 0.45983500
vn 0.00000000 0.97559500 0.21957900
vn -0.00000000 -0.15027700 -0.98864400
vn 0.00000000 0.15086700 -0.98855400
vn 0.00000000 0.17043600 -0.98536900
vn -0.00000000 -0.17043600 -0.98536900
vn -0.00000000 -0.17365200 -0.98480700
vn 0.00000000 0.17360600 -0.98481500
vn -0.00000000 -0.21193400 -0.97728400
vn 0.00000000 0.20976700 -0.97775100
vn -0.00000000 -0.13452600 -0.99091000
vn 0.00000000 0.13347100 -0.99105300
vn -0.00000000 -0.16154000 -0.98686600
vn 0.00000000 0.15983600 -0.98714400
vn -0.00000000 -0.21570600 -0.97645800
vn 0.00000000 0.21367600 -0.97690500
vn -0.00000000 -0.33387500 -0.94261800
vn 0.00000000 0.33386500 -0.94262100
vn -0.00000000 -0.18330900 -0.98305500
vn -0.00000000 -0.20260500 -0.97926100
vn 0.00000000 0.18219500 -0.98326200
vn 0.00000000 0.20236400 -0.97931000
vn -0.00000000 -0.41526400 -0.90970100
vn 0.00000000 0.41520200 -0.90972900
vn -0.00000000 -0.16230600 -0.98674000
vn -0.00000000 -0.21612500 -0.97636600
vn 0.00000000 0.16158100 -0.98685900
vn 0.00000000 0.21598800 -0.97639600
vn -0.00000000 -0.54358300 -0.83935500
vn 0.00000000 0.53819100 -0.84282300
vn -0.00000000 -0.13443000 -0.99092300
vn -0.00000000 -0.14487700 -0.98945000
vn 0.00000000 0.13397500 -0.99098500
vn 0.00000000 0.14482200 -0.98945800
vn -0.00000000 -0.17926300 -0.98380100
vn 0.00000000 0.17960400 -0.98373900
vn -0.00000000 -0.15862500 -0.98733900
vn 0.00000000 0.15861000 -0.98734100
vn 0.00000000 0.61164300 -0.79113400
vn -0.00000000 -0.60825100 -0.79374500
vn 0.00000000 0.17625400 -0.98434500
vn -0.00000000 -0.20126300 -0.97953700
vn -0.00000000 -0.17625200 -0.98434500
vn 0.00000000 0.20122900 -0.97954400
vn 0.00000000 0.17935100 -0.98378500
vn -0.00000000 -0.17935000 -0.98378500
vn -0.00000000 -0.17195500 -0.98510500
vn 0.00000000 0.17223400 -0.98505600
vn 0.00000000 0.80190500 -0.59745100
vn -0.00000000 -0.80812300 -0.58901400
vn -0.00000000 -0.48649300 -0.87368500
vn 0.00000000 0.48467200 -0.87469600
vn 0.00000000 0.71224700 -0.70192900
vn -0.00000000 -0.70483500 -0.70937100
vn 0.00000000 0.64372800 -0.76525400
vn -0.00000000 -0.64372800 -0.76525400
vn 0.00000000 0.91309800 -0.40774000
vn -0.00000000 -0.91309800 -0.40774000
vn 0.00000000 0.99792800 -0.06434800
vn -0.00000000 -0.99792800 -0.06434800
vn 0.00000000 0.99154200 0.12978800
vn 0.00000000 0.93826300 0.34592300
vn 0.00000000 0.83281900 0.55354500
vn 0.00000000 0.55585100 0.83128200
vn 0.00000000 0.40142800 0.91589000
vn 0.00000000 0.06247700 0.99804600
vn 0.00000000 -0.11070600 0.99385300
vn 0.00000000 -0.45966500 0.88809200
vn 0.00000000 -0.60872700 0.79337900
vn 0.00000000 -0.84686700 0.53180500
vn 0.00000000 -0.92491500 0.38017500
vn 0.00000000 -0.99911200 0.04214200
vn -0.00000000 -0.99225900 -0.12418500
vn 0.00000000 -0.99154200 0.12978800
vn 0.00000000 -0.93826300 0.34592300
vn 0.00000000 -0.83281900 0.55354500
vn 0.00000000 -0.55585100 0.83128200
vn 0.00000000 -0.40142800 0.91589000
vn 0.00000000 -0.06247700 0.99804600
vn 0.00000000 0.11070700 0.99385300
vn 0.00000000 0.45966600 0.88809200
vn 0.00000000 0.60872800 0.79337900
vn 0.00000000 0.84686700 0.53180400
vn 0.00000000 0.92491500 0.38017500
vn 0.00000000 0.99911200 0.04214100
vn 0.00000000 0.99225900 -0.12418600
vn -0.00000000 -0.88259300 -0.47013900
vn 0.00000000 0.88259200 -0.47013900
vn -0.00000000 -0.76105600 -0.64868600
vn 0.00000000 0.76105600 -0.64868600
vn 0.00000000 0.80329900 -0.59557600
vn -0.00000000 -0.80329900 -0.59557600
vn -0.00000000 -0.57440700 -0.81857000
vn 0.00000000 0.57440700 -0.81857000
vn 0.00000000 0.58865000 -0.80838800
vn -0.00000000 -0.58865000 -0.80838800
vn 0.00000000 0.85299200 -0.52192400
vn -0.00000000 -0.85299200 -0.52192400
vn -0.00000000 -0.48560000 -0.87418100
vn 0.00000000 0.48560000 -0.87418100
vn 0.00000000 0.75066500 -0.66068300
vn -0.00000000 -0.75343300 -0.65752500
vn -0.00000000 -0.26240700 -0.96495700
vn 0.00000000 0.26240700 -0.96495700
vn 0.00000000 0.92212400 -0.38689600
vn -0.00000000 -0.92663400 -0.37596500
vn 0.00000000 0.99704400 -0.07683500
vn 0.00000000 0.99089900 -0.13460900
vn 0.00000000 0.98992300 0.14160800
vn 0.00000000 0.99436400 0.10601900
vn 0.00000000 0.92481600 0.38041500
vn 0.00000000 0.93737800 0.34831400
vn 0.00000000 0.79364700 0.60837900
vn 0.00000000 0.81729400 0.57622200
vn 0.00000000 0.60548100 0.79585900
vn 0.00000000 0.64208700 0.76663200
vn 0.00000000 0.38048200 0.92478900
vn 0.00000000 0.41579600 0.90945800
vn 0.00000000 0.11879500 0.99291900
vn 0.00000000 0.15888400 0.98729700
vn 0.00000000 -0.15093400 0.98854400
vn 0.00000000 -0.10157100 0.99482800
vn 0.00000000 -0.40041800 0.91633300
vn 0.00000000 -0.36467000 0.93113700
vn 0.00000000 -0.62896900 0.77743100
vn 0.00000000 -0.60241000 0.79818700
vn 0.00000000 -0.81155000 0.58428300
vn 0.00000000 -0.79133500 0.61138200
vn 0.00000000 -0.93305900 0.35972300
vn 0.00000000 -0.92475900 0.38055300
vn 0.00000000 -0.99296500 0.11840900
vn 0.00000000 -0.99299500 0.11816000
vn -0.00000000 -0.99231000 -0.12377800
vn -0.00000000 -0.99727600 -0.07376100
vn 0.00000000 0.51500200 -0.85718900
vn -0.00000000 -0.51819400 -0.85526300
vn 0.00000000 0.94611000 -0.32384500
vn 0.00000000 0.99953000 -0.03066000
vn 0.00000000 0.97036100 0.24166200
vn 0.00000000 0.97455200 0.22415900
vn 0.00000000 0.86836900 0.49591800
vn 0.00000000 0.88391100 0.46765600
vn 0.00000000 0.70733900 0.70687400
vn 0.00000000 0.73293100 0.68030400
vn 0.00000000 0.49852000 0.86687800
vn 0.00000000 0.53179700 0.84687200
vn 0.00000000 -0.01354000 0.99990800
vn 0.00000000 0.03015900 0.99954500
vn 0.00000000 0.25326000 0.96739800
vn 0.00000000 0.29145400 0.95658500
vn 0.00000000 -0.27678100 0.96093300
vn 0.00000000 -0.23411900 0.97220800
vn 0.00000000 -0.72408700 0.68970800
vn 0.00000000 -0.70156200 0.71260900
vn 0.00000000 -0.51864500 0.85499000
vn 0.00000000 -0.48441000 0.87484100
vn 0.00000000 -0.87763200 0.47933500
vn 0.00000000 -0.86798500 0.49659000
vn 0.00000000 -0.97121400 0.23821000
vn 0.00000000 -0.97247400 0.23301200
vn -0.00000000 -0.99982100 -0.01889500
vn -0.00000000 -0.94866600 -0.31628000
vn 0.00000000 0.63174700 -0.77517500
vn -0.00000000 -0.63255700 -0.77451400
vn -0.00000000 -0.81396900 -0.58090900
vn 0.00000000 0.81389200 -0.58101600
vn 0.00000000 0.83073600 -0.55666700
vn -0.00000000 -0.83073600 -0.55666700
vn 0.00000000 0.95824100 -0.28596200
vn -0.00000000 -0.95824100 -0.28596200
vn 0.00000000 0.99486200 -0.10124000
vn 0.00000000 0.96833800 0.24964200
vn 0.00000000 0.91040400 0.41372000
vn 0.00000000 0.72170200 0.69220400
vn 0.00000000 0.58167600 0.81342100
vn 0.00000000 0.26745000 0.96357200
vn 0.00000000 0.08307700 0.99654300
vn 0.00000000 -0.26547300 0.96411800
vn 0.00000000 -0.44168800 0.89716900
vn 0.00000000 -0.72348400 0.69034100
vn 0.00000000 -0.84002600 0.54254600
vn 0.00000000 -0.97497400 0.22232100
vn 0.00000000 -0.99944300 0.03336800
vn -0.00000000 -0.94973900 -0.31304200
vn -0.00000000 -0.99486200 -0.10124000
vn 0.00000000 -0.96833800 0.24964200
vn 0.00000000 -0.91040400 0.41372000
vn 0.00000000 -0.72170200 0.69220400
vn 0.00000000 -0.58167600 0.81342100
vn 0.00000000 -0.26745000 0.96357200
vn 0.00000000 -0.08307700 0.99654300
vn 0.00000000 0.26547300 0.96411800
vn 0.00000000 0.44168800 0.89716900
vn 0.00000000 0.72348400 0.69034100
vn 0.00000000 0.84002600 0.54254600
vn 0.00000000 0.97497400 0.22232100
vn 0.00000000 0.99944300 0.03336700
vn 0.00000000 0.94973900 -0.31304200
vn -0.00000000 -0.86747100 -0.49748700
vn 0.00000000 0.86747100 -0.49748700
vn -0.00000000 -0.73300100 -0.68022700
vn 0.00000000 0.73300100 -0.68022700
vn -0.00000000 -0.81989100 -0.57252000
vn 0.00000000 0.81263800 -0.58276800
vn -0.00000000 -0.69498000 -0.71902900
vn 0.00000000 0.68858600 -0.72515400
vn 0.00000000 0.19931900 -0.97993500
vn -0.00000000 -0.19917500 -0.97996400
vn -0.00000000 -0.55373800 -0.83269100
vn 0.00000000 0.54921800 -0.83567900
vn 0.00000000 0.34163100 -0.93983400
vn -0.00000000 -0.34424500 -0.93888000
vn 0.00000000 0.44596700 -0.89504900
vn -0.00000000 -0.44621800 -0.89492400
vn 0.00000000 0.73320900 -0.68000300
vn -0.00000000 -0.73340400 -0.67979300
vn -0.00000000 -0.79555600 -0.60588100
vn 0.00000000 0.79259500 -0.60974800
vn 0.00000000 0.94505600 -0.32690700
vn -0.00000000 -0.94712800 -0.32085700
vn -0.00000000 -0.46740200 -0.88404500
vn 0.00000000 0.46740000 -0.88404600
vn -0.00000000 -0.91222800 -0.40968200
vn 0.00000000 0.90174000 -0.43227800
vn 0.00000000 0.80665000 -0.59102900
vn -0.00000000 -0.81077600 -0.58535700
vn -0.00000000 -0.69685000 -0.71721700
vn 0.00000000 0.68878400 -0.72496700
vn -0.00000000 -0.66655700 -0.74545400
vn 0.00000000 0.66617600 -0.74579500
vn -0.00000000 -0.67924600 -0.73391000
vn 0.00000000 0.67922900 -0.73392600
vn 0.00000000 0.95656400 -0.29152300
vn -0.00000000 -0.95636800 -0.29216600
vn 0.00000000 0.94667400 -0.32219400
vn -0.00000000 -0.95193700 -0.30629300
vn 0.00000000 0.71883300 -0.69518300
vn -0.00000000 -0.71983300 -0.69414800
vn 0.00000000 0.22542400 -0.97426100
vn -0.00000000 -0.22736800 -0.97380900
vn 0.00000000 0.67569600 -0.73718100
vn -0.00000000 -0.67649200 -0.73645000
vn 0.00000000 0.99683000 -0.07956300
vn 0.00000000 0.97299900 0.23081000
vn 0.00000000 0.86638400 0.49937800
vn 0.00000000 0.69584200 0.71819400
vn 0.00000000 0.47550300 0.87971400
vn 0.00000000 0.21966500 0.97557500
vn 0.00000000 -0.05337800 0.99857400
vn 0.00000000 -0.32233800 0.94662500
vn 0.00000000 -0.56548600 0.82475800
vn 0.00000000 -0.76345300 0.64586400
vn 0.00000000 -0.90363100 0.42831200
vn 0.00000000 -0.98157700 0.19106900
vn -0.00000000 -0.99856700 -0.05351800
vn -0.00000000 -0.95222500 -0.30539800
vn -0.00000000 -0.99678600 -0.08011400
vn 0.00000000 -0.97393100 0.22684400
vn 0.00000000 -0.87059800 0.49199400
vn 0.00000000 -0.70368000 0.71051700
vn 0.00000000 -0.48469600 0.87468300
vn 0.00000000 -0.22860400 0.97352000
vn 0.00000000 0.04497500 0.99898800
vn 0.00000000 0.31463800 0.94921200
vn 0.00000000 0.56000600 0.82848900
vn 0.00000000 0.76271900 0.64672900
vn 0.00000000 0.90710300 0.42090900
vn 0.00000000 0.98450700 0.17534600
vn 0.00000000 0.99740100 -0.07205500
vn 0.00000000 0.94736300 -0.32016200
vn 0.00000000 0.91530400 -0.40276300
vn -0.00000000 -0.91567200 -0.40192700
vn -0.00000000 -0.83531900 -0.54976600
vn 0.00000000 0.82974500 -0.55814300
vn 0.00000000 0.81544800 -0.57883000
vn -0.00000000 -0.81613700 -0.57785900
vn -0.00000000 -0.67830000 -0.73478500
vn 0.00000000 0.67341900 -0.73926100
vn 0.00000000 0.99870700 -0.05083500
vn 0.00000000 0.97616800 0.21701500
vn 0.00000000 0.75811400 0.65212300
vn 0.00000000 0.52924200 0.84847100
vn 0.00000000 0.29268300 0.95620900
vn 0.00000000 0.03979300 0.99920800
vn 0.00000000 -0.21610300 0.97637100
vn 0.00000000 -0.45816200 0.88886900
vn 0.00000000 -0.67153300 0.74097500
vn 0.00000000 -0.83928100 0.54369800
vn 0.00000000 -0.94956400 0.31357400
vn -0.00000000 -0.99175500 -0.12815200
vn -0.00000000 -0.99903700 -0.04387600
vn 0.00000000 -0.97565000 0.21933400
vn 0.00000000 -0.76347400 0.64583800
vn 0.00000000 -0.54836900 0.83623700
vn 0.00000000 -0.32188000 0.94678000
vn 0.00000000 -0.06681000 0.99776600
vn 0.00000000 0.20209000 0.97936700
vn 0.00000000 0.45530700 0.89033500
vn 0.00000000 0.66983400 0.74251100
vn 0.00000000 0.83596900 0.54877700
vn 0.00000000 0.94862800 0.31639200
vn 0.00000000 0.99040200 -0.13821500
vn -0.00000000 -0.90220100 -0.43131600
vn 0.00000000 0.89742700 -0.44116300
vn 0.00000000 0.80959200 -0.58699400
vn -0.00000000 -0.81365800 -0.58134300
vn 0.00000000 0.64633400 -0.76305500
vn -0.00000000 -0.64819200 -0.76147700
vn 0.00000000 0.82408700 -0.56646400
vn -0.00000000 -0.83132700 -0.55578300
vn 0.00000000 0.42657800 -0.90445100
vn -0.00000000 -0.43115900 -0.90227600
vn -0.00000000 -0.40843100 -0.91278900
vn 0.00000000 0.40564400 -0.91403100
vn 0.00000000 0.94051600 -0.33975000
vn -0.00000000 -0.94670400 -0.32210400
vn 0.00000000 0.82919200 -0.55896400
vn -0.00000000 -0.82919200 -0.55896400
vn 0.00000000 0.96350700 -0.26768300
vn -0.00000000 -0.96350700 -0.26768300
vn 0.00000000 0.96535800 0.26092700
vn 0.00000000 0.89999600 0.43589800
vn 0.00000000 0.70649100 0.70772200
vn 0.00000000 0.55692900 0.83056000
vn 0.00000000 0.24548800 0.96940000
vn 0.00000000 0.05128000 0.99868400
vn 0.00000000 -0.28883600 0.95737900
vn 0.00000000 -0.47134300 0.88195000
vn 0.00000000 -0.74113600 0.67135500
vn 0.00000000 -0.85891700 0.51211400
vn 0.00000000 -0.98132400 0.19236300
vn -0.00000000 -0.99995900 -0.00904100
vn 0.00000000 -0.96535800 0.26092700
vn 0.00000000 -0.89999600 0.43589800
vn 0.00000000 -0.70649100 0.70772200
vn 0.00000000 -0.55692900 0.83056000
vn 0.00000000 -0.24548800 0.96940000
vn 0.00000000 -0.05128000 0.99868400
vn 0.00000000 0.28883600 0.95737900
vn 0.00000000 0.47134300 0.88195000
vn 0.00000000 0.74113600 0.67135500
vn 0.00000000 0.85891700 0.51211400
vn 0.00000000 0.98132400 0.19236300
vn 0.00000000 0.99995900 -0.00904100
vn -0.00000000 -0.93488000 -0.35496300
vn 0.00000000 0.93488000 -0.35496300
vn -0.00000000 -0.83249700 -0.55403000
vn 0.00000000 0.83249700 -0.55403000
vn -0.00000000 -0.67968600 -0.73350300
vn 0.00000000 0.67968600 -0.73350300
vn -0.00000000 -0.53996900 -0.84168500
vn 0.00000000 0.53995700 -0.84169200
vn -0.00000000 -0.86415100 -0.50323200
vn 0.00000000 0.86414100 -0.50324900
vn 0.00000000 0.98816100 -0.15341700
vn -0.00000000 -0.98816100 -0.15342000
vn 0.00000000 0.93462100 -0.35564700
vn -0.00000000 -0.93462000 -0.35564900
vn 0.00000000 0.84165100 -0.54002200
vn -0.00000000 -0.84165000 -0.54002300
vn -0.00000000 -0.72220800 -0.69167600
vn 0.00000000 0.72219800 -0.69168600
vn -0.00000000 -0.92831200 -0.37180100
vn 0.00000000 0.92828000 -0.37188200
vn 0.00000000 0.67181900 -0.74071500
vn -0.00000000 -0.67796500 -0.73509400
vn 0.00000000 0.94500000 -0.32707200
vn -0.00000000 -0.94468000 -0.32799200
vn 0.00000000 0.85541400 -0.51794500
vn -0.00000000 -0.85441400 -0.51959400
vn 0.00000000 0.54182400 -0.84049200
vn -0.00000000 -0.54475400 -0.83859600
vn 0.00000000 0.71031400 -0.70388500
vn -0.00000000 -0.71666000 -0.69742200
vn 0.00000000 0.57793800 -0.81608100
vn -0.00000000 -0.57808600 -0.81597600
vn 0.00000000 0.98171700 -0.19034500
vn 0.00000000 0.99430600 0.10655900
vn 0.00000000 0.92426600 0.38174900
vn 0.00000000 0.78476500 0.61979300
vn 0.00000000 0.58796400 0.80888700
vn 0.00000000 0.34805800 0.93747300
vn 0.00000000 0.08208600 0.99662500
vn 0.00000000 -0.19040900 0.98170500
vn 0.00000000 -0.44866700 0.89369900
vn 0.00000000 -0.67262600 0.73998300
vn 0.00000000 -0.84513800 0.53454800
vn 0.00000000 -0.95461800 0.29783200
vn 0.00000000 -0.99847000 0.05529900
vn -0.00000000 -0.98286800 -0.18431300
vn -0.00000000 -0.88432500 -0.46687100
vn -0.00000000 -0.98167300 -0.19057300
vn 0.00000000 -0.99439200 0.10575700
vn 0.00000000 -0.92487500 0.38027200
vn 0.00000000 -0.78618400 0.61799200
vn 0.00000000 -0.59008900 0.80733900
vn 0.00000000 -0.35053300 0.93655100
vn 0.00000000 -0.08460100 0.99641500
vn 0.00000000 0.18813400 0.98214300
vn 0.00000000 0.44708300 0.89449200
vn 0.00000000 0.67223900 0.74033500
vn 0.00000000 0.84592400 0.53330300
vn 0.00000000 0.95570300 0.29433300
vn 0.00000000 0.99874500 0.05007700
vn 0.00000000 0.98182700 -0.18977600
vn 0.00000000 0.88223700 -0.47080500
vn 0.00000000 0.92494400 -0.38010400
vn -0.00000000 -0.92493400 -0.38012800
vn -0.00000000 -0.77120200 -0.63659100
vn 0.00000000 0.76918100 -0.63903100
vn 0.00000000 0.76087700 -0.64889700
vn -0.00000000 -0.76094500 -0.64881600
vn -0.00000000 -0.61566000 -0.78801200
vn 0.00000000 0.61397000 -0.78933000
vn -0.00000000 -0.89319300 -0.44967400
vn 0.00000000 0.89006200 -0.45583900
vn 0.00000000 0.97429800 -0.22526400
vn 0.00000000 0.99594800 0.08993300
vn 0.00000000 0.92775300 0.37319500
vn 0.00000000 0.78772500 0.61602700
vn 0.00000000 0.59004700 0.80736900
vn 0.00000000 0.34939800 0.93697400
vn 0.00000000 0.08281600 0.99656500
vn 0.00000000 -0.19004200 0.98177600
vn 0.00000000 -0.44817100 0.89394800
vn 0.00000000 -0.67139700 0.74109800
vn 0.00000000 -0.84307000 0.53780400
vn 0.00000000 -0.95280000 0.30359900
vn 0.00000000 -0.99827800 0.05865300
vn -0.00000000 -0.98201700 -0.18879100
vn -0.00000000 -0.97424900 -0.22547300
vn 0.00000000 -0.99605200 0.08877100
vn 0.00000000 -0.92869400 0.37084700
vn 0.00000000 -0.79001000 0.61309400
vn 0.00000000 -0.59344700 0.80487300
vn 0.00000000 -0.35326500 0.93552300
vn 0.00000000 -0.08668000 0.99623600
vn 0.00000000 0.18651600 0.98245200
vn 0.00000000 0.44559300 0.89523600
vn 0.00000000 0.67059100 0.74182700
vn 0.00000000 0.84413500 0.53613100
vn 0.00000000 0.95442100 0.29846500
vn 0.00000000 0.99869800 0.05101100
vn 0.00000000 0.98047300 -0.19665300
vn 0.00000000 0.45133900 -0.89235200
vn -0.00000000 -0.45138500 -0.89232900
vn 0.00000000 0.99167900 -0.12873500
vn 0.00000000 0.99290200 -0.11893900
vn 0.00000000 0.99180800 0.12773500
vn 0.00000000 0.99785400 0.06547100
vn 0.00000000 0.93130800 0.36423200
vn 0.00000000 0.93598200 0.35204800
vn 0.00000000 0.81060100 0.58559800
vn 0.00000000 0.81022100 0.58612400
vn 0.00000000 0.61378300 0.78947500
vn 0.00000000 0.62859600 0.77773200
vn 0.00000000 0.37654000 0.92640000
vn 0.00000000 0.40599700 0.91387500
vn 0.00000000 0.09531700 0.99544700
vn 0.00000000 0.15575100 0.98779600
vn 0.00000000 -0.16542500 0.98622200
vn 0.00000000 -0.10739600 0.99421600
vn 0.00000000 -0.40351400 0.91497400
vn 0.00000000 -0.36185900 0.93223300
vn 0.00000000 -0.61822800 0.78599900
vn 0.00000000 -0.59745000 0.80190600
vn 0.00000000 -0.80597900 0.59194400
vn 0.00000000 -0.78698700 0.61696900
vn 0.00000000 -0.92815100 0.37220300
vn 0.00000000 -0.91862700 0.39512700
vn 0.00000000 -0.99562600 0.09343100
vn 0.00000000 -0.98941300 0.14512900
vn -0.00000000 -0.99532600 -0.09656800
vn -0.00000000 -0.99150100 -0.13010100
vn 0.00000000 0.49528100 -0.86873300
vn -0.00000000 -0.49527800 -0.86873500
vn 0.00000000 0.98475700 -0.17393500
vn 0.00000000 0.99976700 0.02158600
vn 0.00000000 0.99660700 0.08230500
vn 0.00000000 0.96703500 0.25464300
vn 0.00000000 0.96127100 0.27560500
vn 0.00000000 0.87425900 0.48546000
vn 0.00000000 0.87011900 0.49284200
vn 0.00000000 0.72334900 0.69048300
vn 0.00000000 0.70335400 0.71084000
vn 0.00000000 0.51252700 0.85867100
vn 0.00000000 0.45798300 0.88896100
vn 0.00000000 -0.00077500 1.00000000
vn 0.00000000 -0.06877700 0.99763200
vn 0.00000000 0.24918600 0.96845600
vn 0.00000000 0.20583000 0.97858800
vn 0.00000000 -0.27415000 0.96168700
vn 0.00000000 -0.29109900 0.95669300
vn 0.00000000 -0.64949300 0.76036700
vn 0.00000000 -0.69405800 0.71992000
vn 0.00000000 -0.46785600 0.88380500
vn 0.00000000 -0.51880500 0.85489300
vn 0.00000000 -0.81486900 0.57964500
vn 0.00000000 -0.87735400 0.47984300
vn 0.00000000 -0.93402500 0.35720700
vn 0.00000000 -0.97368800 0.22788700
vn 0.00000000 -0.99186700 0.12728200
vn -0.00000000 -0.99891100 -0.04665900
vn -0.00000000 -0.98923100 -0.14636000
vn 0.00000000 0.90576700 -0.42377700
vn -0.00000000 -0.91342400 -0.40701000
vn -0.00000000 -0.19980700 -0.97983500
vn 0.00000000 0.19980300 -0.97983600
vn 0.00000000 0.77051800 -0.63741800
vn -0.00000000 -0.77139600 -0.63635500
vn 0.00000000 0.94660100 0.32240800
vn 0.00000000 0.62100800 0.78380400
vn 0.00000000 0.40353000 0.91496600
vn 0.00000000 0.16145900 0.98687900
vn 0.00000000 -0.09819700 0.99516700
vn 0.00000000 -0.34911300 0.93708100
vn 0.00000000 -0.57787200 0.81612800
vn 0.00000000 -0.76683100 0.64184900
vn 0.00000000 -0.90434200 0.42680900
vn 0.00000000 -0.97811000 0.20809000
vn 0.00000000 -0.94703100 0.32114200
vn 0.00000000 -0.63714700 0.77074300
vn 0.00000000 -0.42888200 0.90336000
vn 0.00000000 -0.19006000 0.98177200
vn 0.00000000 0.07505000 0.99718000
vn 0.00000000 0.33682500 0.94156700
vn 0.00000000 0.57252600 0.81988700
vn 0.00000000 0.76465700 0.64443700
vn 0.00000000 0.90442600 0.42663100
vn 0.00000000 0.97904300 0.20365500
vn 0.00000000 0.67448500 -0.73828900
vn -0.00000000 -0.67408200 -0.73865700
vn 0.00000000 0.49565300 -0.86852100
vn -0.00000000 -0.49565300 -0.86852100
vn -0.00000000 -0.82554400 -0.56433800
vn 0.00000000 0.82554400 -0.56433800
vn 0.00000000 0.86098200 -0.50863500
vn -0.00000000 -0.86098200 -0.50863500
vn -0.00000000 -0.93610100 -0.35173000
vn 0.00000000 0.93610100 -0.35173100
vn 0.00000000 0.94971900 0.31310400
vn 0.00000000 0.87822300 0.47825200
vn 0.00000000 -0.94971900 0.31310400
vn 0.00000000 -0.87822300 0.47825200
vn 0.00000000 0.75994100 -0.64999200
vn -0.00000000 -0.75994100 -0.64999200
vn 0.00000000 0.67842200 -0.73467200
vn -0.00000000 -0.68471000 -0.72881600
vn -0.00000000 -0.47206700 -0.88156300
vn 0.00000000 0.47163800 -0.88179200
vn 0.00000000 0.34876000 -0.93721200
vn -0.00000000 -0.34875800 -0.93721300
vn -0.00000000 -0.52921100 -0.84849000
vn 0.00000000 0.52908500 -0.84856900
vn -0.00000000 -0.53695300 -0.84361200
vn 0.00000000 0.53690700 -0.84364100
vn 0.00000000 0.72053600 -0.69341700
vn -0.00000000 -0.72052500 -0.69342900
vn 0.00000000 0.99950300 -0.03151100
vn 0.00000000 0.97904500 0.20364300
vn 0.00000000 0.90273500 0.43019800
vn 0.00000000 0.76963400 0.63848500
vn 0.00000000 0.58202000 0.81317400
vn 0.00000000 0.35012000 0.93670500
vn 0.00000000 0.08998400 0.99594300
vn 0.00000000 -0.17920100 0.98381300
vn 0.00000000 -0.43711500 0.89940600
vn 0.00000000 -0.66397300 0.74775700
vn 0.00000000 -0.84131100 0.54055200
vn 0.00000000 -0.95022400 0.31156800
vn 0.00000000 -0.99779000 0.06645300
vn -0.00000000 -0.98449400 -0.17541600
vn -0.00000000 -0.99950100 -0.03159400
vn 0.00000000 -0.97907100 0.20352000
vn 0.00000000 -0.90280900 0.43004100
vn 0.00000000 -0.76977300 0.63831700
vn 0.00000000 -0.58222100 0.81303000
vn 0.00000000 -0.35035900 0.93661500
vn 0.00000000 -0.09021800 0.99592200
vn 0.00000000 0.17902600 0.98384400
vn 0.00000000 0.43705100 0.89943700
vn 0.00000000 0.66403900 0.74769800
vn 0.00000000 0.84145900 0.54032000
vn 0.00000000 0.95035400 0.31117200
vn 0.00000000 0.99782700 0.06588200
vn 0.00000000 0.98436800 -0.17612300
vn 0.00000000 0.96419600 -0.26519200
vn -0.00000000 -0.96418200 -0.26524300
vn -0.00000000 -0.92510900 -0.37970300
vn 0.00000000 0.92491600 -0.38017100
vn 0.00000000 0.87044700 -0.49226200
vn -0.00000000 -0.87043200 -0.49228900
vn -0.00000000 -0.78542100 -0.61896200
vn 0.00000000 0.78512700 -0.61933500
vn -0.00000000 -0.51561900 -0.85681800
vn 0.00000000 0.51527600 -0.85702400
vn 0.00000000 0.58916900 -0.80801000
vn -0.00000000 -0.59511600 -0.80364000
vn 0.00000000 0.87665700 -0.48111700
vn -0.00000000 -0.88001100 -0.47495200
vn 0.00000000 0.85720400 -0.51497600
vn -0.00000000 -0.86008800 -0.51014600
vn 0.00000000 0.94806100 -0.31809000
vn -0.00000000 -0.95101500 -0.30914500
vn 0.00000000 0.51952200 -0.85445700
vn -0.00000000 -0.52443000 -0.85145300
vn 0.00000000 0.36891900 -0.92946100
vn -0.00000000 -0.36529100 -0.93089300
vn 0.00000000 0.76812900 -0.64029600
vn -0.00000000 -0.77572400 -0.63107200
vn 0.00000000 0.42707600 -0.90421600
vn -0.00000000 -0.42858800 -0.90350000
vn 0.00000000 0.29246700 -0.95627600
vn -0.00000000 -0.28974700 -0.95710300
vn 0.00000000 0.72386700 -0.68994000
vn -0.00000000 -0.72386100 -0.68994600
vn 0.00000000 0.99857500 -0.05336200
vn 0.00000000 0.98230600 0.18728300
vn 0.00000000 0.90769700 0.41962700
vn 0.00000000 0.77178700 0.63588100
vn 0.00000000 0.58037300 0.81435100
vn 0.00000000 0.34524600 0.93851200
vn 0.00000000 0.08272200 0.99657300
vn 0.00000000 -0.18805100 0.98215900
vn 0.00000000 -0.44697300 0.89454800
vn 0.00000000 -0.67493600 0.73787600
vn 0.00000000 -0.85553700 0.51774100
vn 0.00000000 -0.96693500 0.25502300
vn -0.00000000 -0.99902100 -0.04423400
vn -0.00000000 -0.99856600 -0.05353100
vn 0.00000000 -0.98236000 0.18700100
vn 0.00000000 -0.90787900 0.41923200
vn 0.00000000 -0.77215200 0.63543800
vn 0.00000000 -0.58091300 0.81396500
vn 0.00000000 -0.34589800 0.93827200
vn 0.00000000 -0.08338500 0.99651700
vn 0.00000000 0.18750600 0.98226300
vn 0.00000000 0.44668800 0.89469000
vn 0.00000000 0.67499200 0.73782500
vn 0.00000000 0.85584600 0.51723000
vn 0.00000000 0.96722800 0.25390900
vn 0.00000000 0.99894800 -0.04584800
vn 0.00000000 0.95750500 -0.28841600
vn -0.00000000 -0.95748000 -0.28850100
vn -0.00000000 -0.94144400 -0.33717100
vn 0.00000000 0.94085800 -0.33880200
vn 0.00000000 0.86593100 -0.50016300
vn -0.00000000 -0.86591200 -0.50019600
vn -0.00000000 -0.82941700 -0.55863000
vn 0.00000000 0.82855300 -0.55991000
vn -0.00000000 -0.26832700 -0.96332800
vn 0.00000000 0.26830100 -0.96333500
vn -0.00000000 -0.34451300 -0.93878100
vn 0.00000000 0.34074900 -0.94015400
vn 0.00000000 0.32917700 -0.94426800
vn -0.00000000 -0.32917500 -0.94426900
vn 0.00000000 0.40115300 -0.91601100
vn -0.00000000 -0.40223100 -0.91553800
vn -0.00000000 -0.37450900 -0.92722300
vn 0.00000000 0.37432000 -0.92730000
vn -0.00000000 -0.17842000 -0.98395400
vn 0.00000000 0.17656800 -0.98428800
vn 0.00000000 0.37699700 -0.92621500
vn -0.00000000 -0.37750600 -0.92600700
vn -0.00000000 -0.34166300 -0.93982200
vn 0.00000000 0.34155100 -0.93986300
vn -0.00000000 -0.38625000 -0.92239400
vn 0.00000000 0.38275700 -0.92384900
vn 0.00000000 0.84084200 -0.54128100
vn -0.00000000 -0.84715600 -0.53134500
vn 0.00000000 0.76456100 -0.64455100
vn -0.00000000 -0.76747400 -0.64108000
vn 0.00000000 0.86566300 -0.50062700
vn -0.00000000 -0.85354300 -0.52102200
vn -0.00000000 -0.52554300 -0.85076700
vn 0.00000000 0.51962900 -0.85439200
vn -0.00000000 -0.29826300 -0.95448400
vn 0.00000000 0.29717900 -0.95482200
vn 0.00000000 0.33525800 -0.94212600
vn -0.00000000 -0.33525800 -0.94212600
vn 0.00000000 0.62227400 -0.78280000
vn -0.00000000 -0.61932200 -0.78513700
vn 0.00000000 0.17076100 -0.98531300
vn -0.00000000 -0.17090000 -0.98528800
vn -0.00000000 -0.41710400 -0.90885900
vn 0.00000000 0.41307300 -0.91069800
vn -0.00000000 -0.31403500 -0.94941200
vn 0.00000000 0.31769700 -0.94819200
vn -0.00000000 -0.14805800 -0.98897900
vn 0.00000000 0.14965100 -0.98873900
vn 0.00000000 0.33171300 -0.94338000
vn -0.00000000 -0.33171300 -0.94338000
vn -0.00000000 -0.29045500 -0.95688900
vn 0.00000000 0.28765600 -0.95773400
vn 0.00000000 0.36033700 -0.93282200
vn -0.00000000 -0.36275800 -0.93188300
vn 0.00000000 0.29157200 -0.95654900
vn -0.00000000 -0.29274800 -0.95619000
vn 0.00000000 0.35953200 -0.93313300
vn -0.00000000 -0.35986800 -0.93300300
vn 0.00000000 0.30564800 -0.95214400
vn -0.00000000 -0.30703600 -0.95169800
vn -0.00000000 -0.13249200 -0.99118400
vn 0.00000000 0.13403800 -0.99097600
vn 0.00000000 0.32251200 -0.94656500
vn -0.00000000 -0.32255500 -0.94655100
vn -0.00000000 -0.20757300 -0.97821900
vn 0.00000000 0.20704100 -0.97833200
vn -0.00000000 -0.14575500 -0.98932100
vn 0.00000000 0.14575500 -0.98932100
vn 0.00000000 0.19838700 -0.98012400
vn -0.00000000 -0.19838500 -0.98012400
vn -0.00000000 -0.17926000 -0.98380200
vn 0.00000000 0.17907900 -0.98383500
vn -0.00000000 -0.14381700 -0.98960400
vn 0.00000000 0.14391400 -0.98959000
vn -0.00000000 -0.20198600 -0.97938800
vn 0.00000000 0.20396700 -0.97897800
vn -0.00000000 -0.24654100 -0.96913200
vn 0.00000000 0.24414900 -0.96973800
vn -0.00000000 -0.16007600 -0.98710500
vn 0.00000000 0.15940100 -0.98721400
vn -0.00000000 -0.16296700 -0.98663200
vn 0.00000000 0.16151100 -0.98687100
vn -0.00000000 -0.38137000 -0.92442300
vn 0.00000000 0.38068400 -0.92470500
vn -0.00000000 -0.19975200 -0.97984700
vn 0.00000000 0.19782900 -0.98023600
vn -0.00000000 -0.20793600 -0.97814200
vn 0.00000000 0.20792600 -0.97814500
vn 0.00000000 0.33939300 -0.94064500
vn -0.00000000 -0.33950200 -0.94060500
vn -0.00000000 -0.11572100 -0.99328200
vn 0.00000000 0.11461600 -0.99341000
vn -0.00000000 -0.35077200 -0.93646100
vn 0.00000000 0.35034900 -0.93661900
vn -0.00000000 -0.13433400 -0.99093600
vn 0.00000000 0.13388500 -0.99099700
vn -0.00000000 -0.20820300 -0.97808600
vn 0.00000000 0.20723900 -0.97829000
vn -0.00000000 -0.34832500 -0.93737400
vn 0.00000000 0.34803800 -0.93748100
vn -0.00000000 -0.97050400 -0.24108400
vn 0.00000000 0.96052400 -0.27819800
vn -0.00000000 -0.90364100 -0.42829100
vn 0.00000000 0.89283300 -0.45038800
vn 0.00000000 0.65033100 -0.75965100
vn -0.00000000 -0.65358900 -0.75685000
vn -0.00000000 -0.65399800 -0.75649600
vn 0.00000000 0.64615100 -0.76320900
vn 0.00000000 0.58546600 -0.81069700
vn -0.00000000 -0.59123900 -0.80649700
vn -0.00000000 -0.36933200 -0.92929700
vn 0.00000000 0.36603300 -0.93060200
vn 0.00000000 0.63903900 -0.76917400
vn -0.00000000 -0.63903900 -0.76917400
vn -0.00000000 -0.55760600 -0.83010600
vn 0.00000000 0.55760200 -0.83010800
vn -0.00000000 -0.88028000 -0.47445400
vn 0.00000000 0.87898500 -0.47684900
vn -0.00000000 -0.73513000 -0.67792700
vn 0.00000000 0.73378000 -0.67938700
vn 0.00000000 0.62053500 -0.78417900
vn -0.00000000 -0.62059200 -0.78413400
vn -0.00000000 -0.14513000 -0.98941300
vn 0.00000000 0.14455200 -0.98949700
vn -0.00000000 -0.11149100 -0.99376500
vn -0.00000000 -0.25001100 -0.96824300
vn 0.00000000 0.11069200 -0.99385500
vn 0.00000000 0.24949200 -0.96837700
vn -0.00000000 -0.51695600 -0.85601200
vn 0.00000000 0.51628800 -0.85641500
vn 0.00000000 0.99993600 -0.01129300
vn 0.00000000 0.97361700 0.22818700
vn 0.00000000 0.96541800 0.26070900
vn 0.00000000 0.89810400 0.43978300
vn 0.00000000 0.86359500 0.50418700
vn 0.00000000 0.72309200 0.69075200
vn 0.00000000 0.71842500 0.69560500
vn 0.00000000 0.48450700 0.87478700
vn 0.00000000 0.52508600 0.85104900
vn 0.00000000 -0.05658000 0.99839800
vn 0.00000000 0.03077500 0.99952600
vn 0.00000000 0.21239500 0.97718400
vn 0.00000000 0.30166200 0.95341500
vn 0.00000000 -0.32184800 0.94679100
vn 0.00000000 -0.25408000 0.96718300
vn 0.00000000 -0.73167400 0.68165500
vn 0.00000000 -0.73865900 0.67407900
vn 0.00000000 -0.55609500 0.83111900
vn 0.00000000 -0.51162000 0.85921200
vn 0.00000000 -0.86501900 0.50173900
vn 0.00000000 -0.89476300 0.44654100
vn 0.00000000 -0.96614200 0.25801200
vn 0.00000000 -0.97112200 0.23858300
vn 0.00000000 -0.99919600 0.04010300
vn -0.00000000 -0.56781300 -0.82315800
vn 0.00000000 0.56671400 -0.82391500
vn 0.00000000 0.53201700 -0.84673300
vn -0.00000000 -0.53201700 -0.84673300
vn -0.00000000 -0.68289900 -0.73051300
vn 0.00000000 0.67578800 -0.73709600
vn -0.00000000 -0.14253200 -0.98979000
vn 0.00000000 0.14253200 -0.98979000
vn 0.00000000 0.15779300 -0.98747200
vn -0.00000000 -0.15779300 -0.98747200
vn -0.00000000 -0.18983000 -0.98181700
vn 0.00000000 0.18807800 -0.98215400
vn 0.00000000 0.47123300 -0.88200900
vn -0.00000000 -0.47252100 -0.88132000
vn 0.00000000 0.60550700 -0.79584000
vn -0.00000000 -0.60550700 -0.79584000
vn 0.00000000 0.73263200 -0.68062500
vn -0.00000000 -0.73263200 -0.68062500
vn 0.00000000 0.90486400 -0.42570000
vn -0.00000000 -0.90486400 -0.42570000
vn 0.00000000 0.99592700 0.09016900
vn 0.00000000 0.82003200 0.57231800
vn 0.00000000 0.41637000 0.90919500
vn 0.00000000 -0.10967600 0.99396700
vn 0.00000000 -0.60611000 0.79538100
vn 0.00000000 -0.92892800 0.37026000
vn -0.00000000 -0.98618900 -0.16562600
vn 0.00000000 -0.99592700 0.09016900
vn 0.00000000 -0.82003200 0.57231800
vn 0.00000000 -0.41637000 0.90919500
vn 0.00000000 0.10967600 0.99396700
vn 0.00000000 0.60611000 0.79538100
vn 0.00000000 0.92892800 0.37026000
vn 0.00000000 0.98618900 -0.16562600
vn -0.00000000 -0.56290700 -0.82652000
vn 0.00000000 0.56290700 -0.82652000
vn -0.00000000 -0.40642900 -0.91368200
vn 0.00000000 0.40642900 -0.91368200
vn 0.00000000 0.59182600 -0.80606600
vn -0.00000000 -0.59182600 -0.80606600
vn 0.00000000 0.72109200 -0.69284000
vn -0.00000000 -0.72109200 -0.69284000
vn 0.00000000 0.90771500 -0.41958800
vn -0.00000000 -0.90771500 -0.41958800
vn 0.00000000 0.99709900 -0.07611600
vn -0.00000000 -0.99709900 -0.07611600
vn 0.00000000 0.99422300 0.10733300
vn 0.00000000 0.80794300 0.58926100
vn 0.00000000 0.39515700 0.91861400
vn 0.00000000 -0.13432200 0.99093800
vn 0.00000000 -0.62668700 0.77927100
vn 0.00000000 -0.93929000 0.34312500
vn -0.00000000 -0.97947600 -0.20156100
vn 0.00000000 -0.99422300 0.10733300
vn 0.00000000 -0.80794300 0.58926100
vn 0.00000000 -0.39515700 0.91861400
vn 0.00000000 0.13432200 0.99093800
vn 0.00000000 0.62668700 0.77927100
vn 0.00000000 0.93929000 0.34312400
vn 0.00000000 0.97947600 -0.20156100
vn -0.00000000 -0.51236700 -0.85876600
vn 0.00000000 0.51236700 -0.85876600
vn 0.00000000 0.88820500 -0.45944800
vn -0.00000000 -0.88712100 -0.46153800
vn 0.00000000 0.98550900 -0.16962400
vn -0.00000000 -0.98408700 -0.17768900
vn 0.00000000 0.99468300 0.10298800
vn 0.00000000 0.99645700 0.08410900
vn 0.00000000 0.92703500 0.37497500
vn 0.00000000 0.93727000 0.34860500
vn 0.00000000 0.79464000 0.60708100
vn 0.00000000 0.80900700 0.58779900
vn 0.00000000 0.60951600 0.79277400
vn 0.00000000 0.63155400 0.77533200
vn 0.00000000 0.38193000 0.92419100
vn 0.00000000 0.41528600 0.90969100
vn 0.00000000 0.12475400 0.99218800
vn 0.00000000 0.16654100 0.98603500
vn 0.00000000 -0.14355600 0.98964200
vn 0.00000000 -0.10209100 0.99477500
vn 0.00000000 -0.40023100 0.91641400
vn 0.00000000 -0.35543400 0.93470200
vn 0.00000000 -0.62335700 0.78193700
vn 0.00000000 -0.58885900 0.80823600
vn 0.00000000 -0.80160700 0.59785100
vn 0.00000000 -0.79142500 0.61126700
vn 0.00000000 -0.92944300 0.36896500
vn 0.00000000 -0.92971400 0.36828300
vn 0.00000000 -0.99494600 0.10041100
vn 0.00000000 -0.99574300 0.09216800
vn 0.00000000 0.98482500 -0.17355000
vn -0.00000000 -0.98628200 -0.16507000
vn 0.00000000 0.88046100 -0.47411800
vn -0.00000000 -0.88196300 -0.47131800
vn 0.00000000 0.55389400 -0.83258700
vn -0.00000000 -0.55308500 -0.83312500
vn 0.00000000 0.45145200 -0.89229500
vn -0.00000000 -0.45145200 -0.89229500
vn -0.00000000 -0.89138800 -0.45324200
vn 0.00000000 0.89138600 -0.45324500
vn 0.00000000 0.99492200 -0.10065000
vn -0.00000000 -0.99492200 -0.10065100
vn 0.00000000 0.98206500 0.18854100
vn 0.00000000 -0.98206500 0.18854100
vn 0.00000000 0.77474500 -0.63227400
vn -0.00000000 -0.77511200 -0.63182400
vn 0.00000000 0.48712200 -0.87333400
vn -0.00000000 -0.48783300 -0.87293700
vn 0.00000000 0.79608300 -0.60518700
vn -0.00000000 -0.79425300 -0.60758800
vn 0.00000000 0.94321200 -0.33219000
vn -0.00000000 -0.94045500 -0.33991900
vn 0.00000000 0.99957900 -0.02902700
vn 0.00000000 0.99913200 -0.04165800
vn 0.00000000 0.96819300 0.25020300
vn 0.00000000 0.97639700 0.21598300
vn 0.00000000 0.86630900 0.49950900
vn 0.00000000 0.87830000 0.47810900
vn 0.00000000 0.70736900 0.70684400
vn 0.00000000 0.72095700 0.69298000
vn 0.00000000 0.50052400 0.86572300
vn 0.00000000 0.52591600 0.85053700
vn 0.00000000 -0.00784700 0.99996900
vn 0.00000000 0.03314100 0.99945100
vn 0.00000000 0.25706300 0.96639500
vn 0.00000000 0.29663400 0.95499100
vn 0.00000000 -0.27430000 0.96164400
vn 0.00000000 -0.23088600 0.97298100
vn 0.00000000 -0.71554900 0.69856300
vn 0.00000000 -0.69321700 0.72072900
vn 0.00000000 -0.51619300 0.85647200
vn 0.00000000 -0.46828400 0.88357800
vn 0.00000000 -0.86868900 0.49535800
vn 0.00000000 -0.86888000 0.49502200
vn 0.00000000 -0.97073000 0.24017400
vn 0.00000000 -0.97112600 0.23856700
vn -0.00000000 -0.99957100 -0.02930500
vn -0.00000000 -0.99911900 -0.04196100
vn 0.00000000 0.95080100 -0.30980100
vn -0.00000000 -0.95207500 -0.30586400
vn 0.00000000 0.32886100 -0.94437800
vn -0.00000000 -0.32888100 -0.94437100
vn -0.00000000 -0.34272900 -0.93943400
vn 0.00000000 0.34272800 -0.93943500
vn 0.00000000 0.37532200 -0.92689500
vn -0.00000000 -0.37484900 -0.92708600
vn 0.00000000 0.62534900 -0.78034500
vn -0.00000000 -0.62534100 -0.78035200
vn 0.00000000 0.66297000 -0.74864600
vn -0.00000000 -0.66726700 -0.74481800
vn 0.00000000 0.78534800 -0.61905400
vn -0.00000000 -0.78533700 -0.61906900
vn -0.00000000 -0.84951800 -0.52755900
vn 0.00000000 0.84934100 -0.52784500
vn 0.00000000 0.81156300 -0.58426500
vn -0.00000000 -0.81667500 -0.57709700
vn -0.00000000 -0.95955100 -0.28153600
vn 0.00000000 0.95842600 -0.28534100
vn 0.00000000 0.99990500 -0.01377200
vn 0.00000000 0.96461500 0.26366300
vn 0.00000000 0.85820900 0.51330000
vn 0.00000000 0.68957800 0.72421100
vn 0.00000000 0.47048500 0.88240800
vn 0.00000000 0.21623800 0.97634100
vn 0.00000000 -0.05485600 0.99849400
vn 0.00000000 -0.32261300 0.94653100
vn 0.00000000 -0.56657700 0.82400900
vn 0.00000000 -0.76778700 0.64070500
vn 0.00000000 -0.91058600 0.41332000
vn 0.00000000 -0.98594000 0.16710100
vn -0.00000000 -0.99820000 -0.05997000
vn -0.00000000 -0.99989900 -0.01418700
vn 0.00000000 -0.96484800 0.26280900
vn 0.00000000 -0.85892200 0.51210600
vn 0.00000000 -0.69084700 0.72300100
vn 0.00000000 -0.47215800 0.88151400
vn 0.00000000 -0.21807200 0.97593300
vn 0.00000000 0.05310800 0.99858900
vn 0.00000000 0.32125300 0.94699300
vn 0.00000000 0.56596700 0.82442800
vn 0.00000000 0.76807700 0.64035800
vn 0.00000000 0.91139300 0.41153600
vn 0.00000000 0.98649300 0.16380300
vn 0.00000000 0.99793600 -0.06421300
vn 0.00000000 0.96330800 -0.26839700
vn -0.00000000 -0.96326700 -0.26854400
vn 0.00000000 0.87601300 -0.48228700
vn -0.00000000 -0.87600400 -0.48230400
vn 0.00000000 0.76409000 -0.64511000
vn -0.00000000 -0.76408800 -0.64511200
vn 0.00000000 0.88665900 -0.46242400
vn -0.00000000 -0.88665700 -0.46242700
vn 0.00000000 0.96750700 -0.25284500
vn 0.00000000 0.99851800 0.05442100
vn 0.00000000 0.94205200 0.33546800
vn 0.00000000 0.81747500 0.57596400
vn 0.00000000 0.63313600 0.77404100
vn 0.00000000 0.40594600 0.91389700
vn 0.00000000 0.15170100 0.98842600
vn 0.00000000 -0.11597200 0.99325300
vn 0.00000000 -0.37814400 0.92574700
vn 0.00000000 -0.61047900 0.79203300
vn 0.00000000 -0.79662400 0.60447500
vn 0.00000000 -0.92929300 0.36934400
vn -0.00000000 -0.98699500 -0.16075100
vn -0.00000000 -0.96750600 -0.25285000
vn 0.00000000 -0.99851800 0.05441800
vn 0.00000000 -0.94205400 0.33546200
vn 0.00000000 -0.81747900 0.57595900
vn 0.00000000 -0.63314000 0.77403700
vn 0.00000000 -0.40595000 0.91389500
vn 0.00000000 -0.15170300 0.98842600
vn 0.00000000 0.11597400 0.99325200
vn 0.00000000 0.37815200 0.92574300
vn 0.00000000 0.61049100 0.79202300
vn 0.00000000 0.79663800 0.60445700
vn 0.00000000 0.92930300 0.36931700
vn 0.00000000 0.98698900 -0.16078700
vn -0.00000000 -0.92806400 -0.37242000
vn 0.00000000 0.92804600 -0.37246500
vn -0.00000000 -0.81959800 -0.57293900
vn 0.00000000 0.81957800 -0.57296700
vn 0.00000000 0.87908500 -0.47666600
vn -0.00000000 -0.87578000 -0.48271000
vn 0.00000000 0.98336100 -0.18166200
vn -0.00000000 -0.98016000 -0.19820600
vn 0.00000000 0.99213000 0.12521300
vn 0.00000000 0.99806900 0.06212100
vn 0.00000000 0.92207800 0.38700400
vn 0.00000000 0.93595800 0.35211300
vn 0.00000000 0.79154600 0.61110900
vn 0.00000000 0.79773800 0.60300400
vn 0.00000000 0.60877500 0.79334300
vn 0.00000000 0.62384600 0.78154700
vn 0.00000000 0.38321900 0.92365800
vn 0.00000000 0.41507600 0.90978700
vn 0.00000000 0.12788300 0.99178900
vn 0.00000000 0.17496800 0.98457400
vn 0.00000000 -0.14073500 0.99004700
vn 0.00000000 -0.10711900 0.99424600
vn 0.00000000 -0.40069500 0.91621200
vn 0.00000000 -0.34677000 0.93795000
vn 0.00000000 -0.61984100 0.78472800
vn 0.00000000 -0.57147200 0.82062100
vn 0.00000000 -0.79317000 0.60900000
vn 0.00000000 -0.79173000 0.61087100
vn 0.00000000 -0.92226200 0.38656600
vn 0.00000000 -0.92705700 0.37492000
vn 0.00000000 -0.99683100 0.07955000
vn 0.00000000 -0.99397900 0.10957500
vn 0.00000000 0.99086800 -0.13483400
vn -0.00000000 -0.99184300 -0.12746900
vn 0.00000000 0.58988300 -0.80748900
vn -0.00000000 -0.59270800 -0.80541700
vn 0.00000000 0.46872400 -0.88334500
vn -0.00000000 -0.46872400 -0.88334500
vn -0.00000000 -0.77761600 -0.62873900
vn 0.00000000 0.77112800 -0.63668000
vn -0.00000000 -0.99177000 -0.12802900
vn 0.00000000 0.99000000 -0.14107000
vn -0.00000000 -0.91055600 -0.41338700
vn 0.00000000 0.90501900 -0.42537100
vn 0.00000000 0.80941100 -0.58724300
vn -0.00000000 -0.81493500 -0.57955200
vn -0.00000000 -0.69670800 -0.71735500
vn 0.00000000 0.69292500 -0.72101000
vn 0.00000000 0.99018600 -0.13975900
vn 0.00000000 0.99393300 -0.10998600
vn 0.00000000 0.89957000 0.43677700
vn 0.00000000 0.90725300 0.42058600
vn 0.00000000 0.79590700 0.60541800
vn 0.00000000 0.80617700 0.59167400
vn 0.00000000 0.55211200 0.83377000
vn 0.00000000 0.56219200 0.82700700
vn 0.00000000 0.39837700 0.91722200
vn 0.00000000 0.39174000 0.92007600
vn 0.00000000 0.09008100 0.99593400
vn 0.00000000 0.06339700 0.99798800
vn 0.00000000 -0.09747800 0.99523800
vn 0.00000000 -0.12830200 0.99173500
vn 0.00000000 -0.41777000 0.90855300
vn 0.00000000 -0.43313000 0.90133100
vn 0.00000000 -0.57625100 0.81727300
vn 0.00000000 -0.58623300 0.81014300
vn 0.00000000 -0.80506100 0.59319200
vn 0.00000000 -0.81086500 0.58523300
vn 0.00000000 -0.90211300 0.43150100
vn 0.00000000 -0.90526900 0.42483800
vn -0.00000000 -0.99562500 -0.09343400
vn -0.00000000 -0.99084600 -0.13500000
vn 0.00000000 0.89646300 -0.44311900
vn -0.00000000 -0.90175200 -0.43225500
vn 0.00000000 0.42959400 -0.90302200
vn -0.00000000 -0.42919600 -0.90321100
vn 0.00000000 0.41118000 -0.91155400
vn -0.00000000 -0.41466600 -0.90997400
vn -0.00000000 -0.33869800 -0.94089500
vn 0.00000000 0.33869800 -0.94089500
vn 0.00000000 0.48068700 -0.87689200
vn -0.00000000 -0.48000600 -0.87726500
vn -0.00000000 -0.56003600 -0.82846800
vn 0.00000000 0.55436100 -0.83227600
vn 0.00000000 0.68644000 -0.72718600
vn -0.00000000 -0.68644000 -0.72718600
vn 0.00000000 0.96043000 -0.27852100
vn -0.00000000 -0.96043000 -0.27852100
vn 0.00000000 0.99999900 0.00159600
vn 0.00000000 0.96662600 0.25619100
vn 0.00000000 0.86815300 0.49629600
vn 0.00000000 0.70702800 0.70718600
vn 0.00000000 0.49382700 0.86956000
vn 0.00000000 0.24365200 0.96986300
vn 0.00000000 -0.02542200 0.99967700
vn 0.00000000 -0.29242000 0.95629000
vn 0.00000000 -0.53889700 0.84237200
vn 0.00000000 -0.74501100 0.66705200
vn 0.00000000 -0.89738400 0.44125000
vn 0.00000000 -0.98314200 0.18284600
vn -0.00000000 -0.99547100 -0.09506300
vn 0.00000000 -0.99999900 0.00159600
vn 0.00000000 -0.96662600 0.25619100
vn 0.00000000 -0.86815300 0.49629600
vn 0.00000000 -0.70702800 0.70718600
vn 0.00000000 -0.49382700 0.86956000
vn 0.00000000 -0.24365200 0.96986300
vn 0.00000000 0.02542200 0.99967700
vn 0.00000000 0.29242000 0.95629000
vn 0.00000000 0.53889700 0.84237200
vn 0.00000000 0.74501100 0.66705200
vn 0.00000000 0.89738400 0.44124900
vn 0.00000000 0.98314200 0.18284600
vn 0.00000000 0.99547100 -0.09506300
vn -0.00000000 -0.92827300 -0.37189800
vn 0.00000000 0.92827300 -0.37189800
vn -0.00000000 -0.77331300 -0.63402400
vn 0.00000000 0.77331300 -0.63402400
vn -0.00000000 -0.61163400 -0.79114100
vn 0.00000000 0.61163400 -0.79114100
vn 0.00000000 0.47670900 -0.87906100
vn -0.00000000 -0.47674300 -0.87904300
vn 0.00000000 0.99717800 0.07507100
vn 0.00000000 0.94572800 0.32495900
vn 0.00000000 0.83221200 0.55445800
vn 0.00000000 0.64696500 0.76252000
vn 0.00000000 0.42062900 0.90723300
vn 0.00000000 0.17829900 0.98397600
vn 0.00000000 -0.07293900 0.99733600
vn 0.00000000 -0.31632500 0.94865100
vn 0.00000000 -0.54592100 0.83783600
vn 0.00000000 -0.74893600 0.66264200
vn 0.00000000 -0.89415700 0.44775300
vn 0.00000000 -0.97409200 0.22615400
vn 0.00000000 -0.99929600 0.03752600
vn -0.00000000 -0.96244600 -0.27147200
vn 0.00000000 -0.99757200 0.06963800
vn 0.00000000 -0.94149500 0.33702600
vn 0.00000000 -0.81854300 0.57444600
vn 0.00000000 -0.65530700 0.75536300
vn 0.00000000 -0.45772500 0.88909400
vn 0.00000000 -0.22716200 0.97385700
vn 0.00000000 0.04545800 0.99896600
vn 0.00000000 0.32147000 0.94692000
vn 0.00000000 0.55962600 0.82874500
vn 0.00000000 0.74109500 0.67140000
vn 0.00000000 0.88025200 0.47450600
vn 0.00000000 0.97241800 0.23324400
vn 0.00000000 0.99967100 0.02565600
vn 0.00000000 0.95804200 -0.28662700
vn 0.00000000 0.97018600 -0.24236000
vn -0.00000000 -0.97810500 -0.20811200
vn -0.00000000 -0.85171300 -0.52400900
vn 0.00000000 0.84492600 -0.53488300
vn 0.00000000 0.45945400 -0.88820200
vn -0.00000000 -0.45946200 -0.88819700
vn 0.00000000 0.94807600 -0.31804200
vn -0.00000000 -0.95178900 -0.30675300
vn 0.00000000 0.98065200 -0.19576100
vn -0.00000000 -0.98297200 -0.18375800
vn 0.00000000 0.99860200 -0.05285000
vn 0.00000000 0.99774500 0.06711200
vn 0.00000000 0.98605800 0.16640200
vn 0.00000000 0.94150200 0.33700800
vn 0.00000000 0.92265300 0.38563100
vn 0.00000000 0.81921300 0.57348900
vn 0.00000000 0.79460400 0.60712900
vn 0.00000000 0.64208900 0.76663000
vn 0.00000000 0.60591800 0.79552700
vn 0.00000000 0.41424600 0.91016500
vn 0.00000000 0.11265100 0.99363500
vn 0.00000000 -0.10342300 0.99463700
vn 0.00000000 0.37731500 0.92608500
vn 0.00000000 0.15649400 0.98767900
vn 0.00000000 -0.15729300 0.98755200
vn 0.00000000 -0.36585000 0.93067400
vn 0.00000000 -0.63018700 0.77644400
vn 0.00000000 -0.78687700 0.61711000
vn 0.00000000 -0.40328600 0.91507400
vn 0.00000000 -0.60186600 0.79859700
vn 0.00000000 -0.81376300 0.58119700
vn 0.00000000 -0.91617700 0.40077400
vn 0.00000000 -0.93699700 0.34933800
vn 0.00000000 -0.98438900 0.17600900
vn 0.00000000 -0.99661700 0.08218400
vn -0.00000000 -0.99906100 -0.04332700
vn 0.00000000 0.89958900 -0.43673700
vn -0.00000000 -0.90364000 -0.42829200
vn 0.00000000 0.73229400 -0.68098900
vn -0.00000000 -0.73948500 -0.67317400
vn 0.00000000 0.75346100 -0.65749300
vn -0.00000000 -0.75423900 -0.65660000
vn 0.00000000 0.89654200 -0.44295800
vn -0.00000000 -0.89654200 -0.44295800
vn 0.00000000 0.76068700 -0.64911900
vn -0.00000000 -0.76068700 -0.64911900
vn 0.00000000 0.61105100 -0.79159100
vn -0.00000000 -0.61105100 -0.79159100
vn 0.00000000 0.32704300 -0.94500900
vn -0.00000000 -0.32724800 -0.94493900
vn 0.00000000 0.61242600 -0.79052800
vn -0.00000000 -0.61273400 -0.79028900
vn 0.00000000 0.99757600 -0.06959000
vn 0.00000000 0.97268200 0.23214000
vn 0.00000000 0.86677700 0.49869600
vn 0.00000000 0.69590700 0.71813100
vn 0.00000000 0.47457200 0.88021700
vn 0.00000000 0.21848900 0.97583900
vn 0.00000000 -0.05393800 0.99854400
vn 0.00000000 -0.32207100 0.94671600
vn 0.00000000 -0.56491600 0.82514800
vn 0.00000000 -0.76377200 0.64548600
vn 0.00000000 -0.90515800 0.42507500
vn 0.00000000 -0.98297200 0.18375400
vn -0.00000000 -0.99799600 -0.06327300
vn -0.00000000 -0.95045700 -0.31085700
vn -0.00000000 -0.99752500 -0.07031900
vn 0.00000000 -0.97319600 0.22997900
vn 0.00000000 -0.86871600 0.49531100
vn 0.00000000 -0.69946900 0.71466300
vn 0.00000000 -0.47909400 0.87776400
vn 0.00000000 -0.22321700 0.97476900
vn 0.00000000 0.04943200 0.99877700
vn 0.00000000 0.31827700 0.94799800
vn 0.00000000 0.56275300 0.82662500
vn 0.00000000 0.76397300 0.64524800
vn 0.00000000 0.90700300 0.42112400
vn 0.00000000 0.98439100 0.17599400
vn 0.00000000 0.99735600 -0.07267200
vn 0.00000000 0.94767900 -0.31922400
vn 0.00000000 0.91256000 -0.40894400
vn -0.00000000 -0.91260800 -0.40883500
vn 0.00000000 0.82658100 -0.56281800
vn -0.00000000 -0.82677100 -0.56253900
vn 0.00000000 0.90432500 -0.42684500
vn -0.00000000 -0.90709600 -0.42092300
vn -0.00000000 -0.53544500 -0.84457000
vn 0.00000000 0.53263400 -0.84634600
vn 0.00000000 0.39183700 -0.92003500
vn -0.00000000 -0.39579500 -0.91833900
vn 0.00000000 0.62380000 -0.78158400
vn -0.00000000 -0.62379600 -0.78158700
vn 0.00000000 0.80024900 -0.59966800
vn -0.00000000 -0.80023500 -0.59968700
vn 0.00000000 0.91982000 -0.39234100
vn -0.00000000 -0.91979800 -0.39239200
vn 0.00000000 0.98626300 -0.16518000
vn -0.00000000 -0.98624600 -0.16528700
vn 0.00000000 0.99720700 0.07468900
vn 0.00000000 0.95063100 0.31032400
vn 0.00000000 0.84494500 0.53485300
vn 0.00000000 0.68132300 0.73198300
vn 0.00000000 0.46763000 0.88392400
vn 0.00000000 0.21767500 0.97602100
vn 0.00000000 -0.05069100 0.99871400
vn 0.00000000 -0.31763300 0.94821400
vn 0.00000000 -0.56337600 0.82620000
vn 0.00000000 -0.77037300 0.63759300
vn 0.00000000 -0.92539100 0.37901300
vn 0.00000000 -0.99468800 0.10293200
vn -0.00000000 -0.98844600 -0.15157600
vn 0.00000000 -0.99722100 0.07450400
vn 0.00000000 -0.95072000 0.31005000
vn 0.00000000 -0.84515800 0.53451700
vn 0.00000000 -0.68168000 0.73165100
vn 0.00000000 -0.46810200 0.88367400
vn 0.00000000 -0.21819500 0.97590500
vn 0.00000000 0.05021900 0.99873800
vn 0.00000000 0.31731900 0.94831900
vn 0.00000000 0.56331100 0.82624500
vn 0.00000000 0.77055200 0.63737700
vn 0.00000000 0.92565000 0.37838100
vn 0.00000000 0.99479700 0.10187900
vn 0.00000000 0.98826100 -0.15277500
vn -0.00000000 -0.92419700 -0.38191500
vn 0.00000000 0.92382400 -0.38281800
vn -0.00000000 -0.79274900 -0.60954800
vn 0.00000000 0.79220600 -0.61025400
vn 0.00000000 0.99239400 0.12310300
vn 0.00000000 0.77055600 0.63737200
vn 0.00000000 0.60825300 0.79374300
vn 0.00000000 0.37787900 0.92585500
vn 0.00000000 0.14013100 0.99013300
vn 0.00000000 -0.11305000 0.99358900
vn 0.00000000 -0.38799000 0.92166400
vn 0.00000000 -0.62090400 0.78388600
vn 0.00000000 -0.80215000 0.59712300
vn 0.00000000 -0.92821100 0.37205300
vn 0.00000000 -0.99166700 0.12882700
vn -0.00000000 -0.99241100 -0.12296700
vn 0.00000000 -0.99239400 0.12310300
vn 0.00000000 -0.77055600 0.63737200
vn 0.00000000 -0.60825300 0.79374300
vn 0.00000000 -0.37787900 0.92585500
vn 0.00000000 -0.14013100 0.99013300
vn 0.00000000 0.11305000 0.99358900
vn 0.00000000 0.38799000 0.92166400
vn 0.00000000 0.62090500 0.78388600
vn 0.00000000 0.80215000 0.59712200
vn 0.00000000 0.92821200 0.37205200
vn 0.00000000 0.99166700 0.12882600
vn 0.00000000 0.99241100 -0.12296900
vn 0.00000000 0.99058900 -0.13686900
vn -0.00000000 -0.99058900 -0.13686900
vn -0.00000000 -0.87034700 -0.49243900
vn 0.00000000 0.87034600 -0.49244100
vn 0.00000000 0.93469800 -0.35544200
vn -0.00000000 -0.93469800 -0.35544200
vn -0.00000000 -0.74315900 -0.66911500
vn 0.00000000 0.74315800 -0.66911600
vn 0.00000000 0.53897200 -0.84232400
vn -0.00000000 -0.53949600 -0.84198800
vn -0.00000000 -0.76253300 -0.64695000
vn 0.00000000 0.75760700 -0.65271100
vn -0.00000000 -0.56496200 -0.82511700
vn 0.00000000 0.56496200 -0.82511700
vn 0.00000000 0.63380400 -0.77349400
vn -0.00000000 -0.63380400 -0.77349400
vn 0.00000000 0.48428100 -0.87491300
vn -0.00000000 -0.48431800 -0.87489200
vn 0.00000000 0.41837300 -0.90827500
vn -0.00000000 -0.42254200 -0.90634300
vn 0.00000000 0.87586700 -0.48255300
vn -0.00000000 -0.88365100 -0.46814700
vn 0.00000000 0.93745700 -0.34810000
vn -0.00000000 -0.92848400 -0.37137200
vn 0.00000000 0.96856000 0.24878000
vn 0.00000000 0.72674300 0.68691000
vn 0.00000000 0.23702400 0.97150400
vn 0.00000000 -0.70915900 0.70504800
vn 0.00000000 -0.95541600 0.29526300
vn 0.00000000 0.83136600 -0.55572600
vn -0.00000000 -0.82167100 -0.56996200
vn 0.00000000 0.60301200 -0.79773200
vn -0.00000000 -0.60535600 -0.79595500
vn 0.00000000 0.99988300 -0.01532700
vn 0.00000000 0.97707000 0.21292100
vn 0.00000000 0.90312500 0.42937800
vn 0.00000000 0.77439600 0.63270100
vn 0.00000000 0.58857200 0.80844400
vn 0.00000000 0.35786300 0.93377400
vn 0.00000000 0.09873900 0.99511300
vn 0.00000000 -0.16959500 0.98551400
vn 0.00000000 -0.42671700 0.90438500
vn 0.00000000 -0.65262200 0.75768400
vn 0.00000000 -0.82952800 0.55846500
vn 0.00000000 -0.94552800 0.32554200
vn 0.00000000 -0.99772200 0.06746100
vn -0.00000000 -0.99988200 -0.01537800
vn 0.00000000 -0.97708500 0.21284900
vn 0.00000000 -0.90316600 0.42929100
vn 0.00000000 -0.77446900 0.63261200
vn 0.00000000 -0.58867500 0.80837000
vn 0.00000000 -0.35798200 0.93372800
vn 0.00000000 -0.09885100 0.99510200
vn 0.00000000 0.16952000 0.98552700
vn 0.00000000 0.42670500 0.90439100
vn 0.00000000 0.65267700 0.75763700
vn 0.00000000 0.82962300 0.55832500
vn 0.00000000 0.94561000 0.32530300
vn 0.00000000 0.99774300 0.06714800
vn -0.00000000 -0.98632100 -0.16483500
vn 0.00000000 0.98627400 -0.16511500
vn 0.00000000 0.97037600 -0.24160000
vn -0.00000000 -0.97036700 -0.24163500
vn 0.00000000 0.88913100 -0.45765300
vn -0.00000000 -0.88912000 -0.45767400
vn -0.00000000 -0.93024300 -0.36694500
vn 0.00000000 0.93013700 -0.36721200
vn 0.00000000 0.63029500 -0.77635600
vn -0.00000000 -0.63048400 -0.77620200
vn -0.00000000 -0.72670900 -0.68694500
vn 0.00000000 0.72652700 -0.68713800
vn 0.00000000 0.30022600 -0.95386800
vn -0.00000000 -0.30009200 -0.95391000
vn 0.00000000 0.99999100 -0.00421200
vn 0.00000000 0.97062200 0.24061000
vn 0.00000000 0.87381100 0.48626600
vn 0.00000000 0.68147500 0.73184100
vn 0.00000000 0.49422400 0.86933500
vn 0.00000000 0.26800700 0.96341700
vn 0.00000000 0.03710000 0.99931200
vn 0.00000000 -0.25762000 0.96624600
vn 0.00000000 -0.46500700 0.88530700
vn 0.00000000 -0.69925700 0.71487100
vn 0.00000000 -0.83936000 0.54357500
vn 0.00000000 -0.96168900 0.27414300
vn 0.00000000 -0.99972600 0.02342300
vn 0.00000000 -1.00000000 0.00018200
vn 0.00000000 -0.97076200 0.24004300
vn 0.00000000 -0.87930500 0.47625900
vn 0.00000000 -0.70141200 0.71275600
vn 0.00000000 -0.52131800 0.85336300
vn 0.00000000 -0.30013800 0.95389600
vn 0.00000000 -0.06804700 0.99768200
vn 0.00000000 0.23291800 0.97249600
vn 0.00000000 0.44993300 0.89306200
vn 0.00000000 0.69453000 0.71946300
vn 0.00000000 0.84032200 0.54208800
vn 0.00000000 0.96457000 0.26382800
vn 0.00000000 0.99993100 0.01175500
vn 0.00000000 0.98460700 -0.17478300
vn -0.00000000 -0.98523900 -0.17118400
vn -0.00000000 -0.97268900 -0.23211100
vn 0.00000000 0.96968300 -0.24436600
vn 0.00000000 0.98994200 0.14147600
vn 0.00000000 0.91376200 0.40624900
vn 0.00000000 0.77437600 0.63272600
vn 0.00000000 0.58445800 0.81142400
vn 0.00000000 0.34997800 0.93675800
vn 0.00000000 0.08330300 0.99652400
vn 0.00000000 -0.19089800 0.98161000
vn 0.00000000 -0.45182900 0.89210500
vn 0.00000000 -0.67690600 0.73607000
vn 0.00000000 -0.84368200 0.53684300
vn 0.00000000 -0.94924100 0.31454800
vn -0.00000000 -0.98861200 -0.15048800
vn 0.00000000 -0.99016000 0.13994100
vn 0.00000000 -0.91997100 0.39198600
vn 0.00000000 -0.79316900 0.60900200
vn 0.00000000 -0.60818900 0.79379200
vn 0.00000000 -0.37048100 0.92884000
vn 0.00000000 -0.10181600 0.99480300
vn 0.00000000 0.17374000 0.98479100
vn 0.00000000 0.43349100 0.90115800
vn 0.00000000 0.66253000 0.74903600
vn 0.00000000 0.84495000 0.53484600
vn 0.00000000 0.95959300 0.28139100
vn 0.00000000 0.98141500 -0.19189700
vn 0.00000000 0.97386500 -0.22712600
vn -0.00000000 -0.97492800 -0.22252000
vn 0.00000000 0.73334100 -0.67986100
vn -0.00000000 -0.73137900 -0.68197100
vn 0.00000000 0.61802900 -0.78615500
vn -0.00000000 -0.61051800 -0.79200200
vn 0.00000000 0.69216800 -0.72173700
vn -0.00000000 -0.69764300 -0.71644500
vn -0.00000000 -0.51175800 -0.85913000
vn 0.00000000 0.50579000 -0.86265600
vn 0.00000000 0.95582400 -0.29394000
vn -0.00000000 -0.96244200 -0.27148900
vn 0.00000000 0.99596700 -0.08971600
vn -0.00000000 -0.99432800 -0.10636100
vn 0.00000000 0.67823100 -0.73484900
vn -0.00000000 -0.68384100 -0.72963100
vn 0.00000000 0.29698900 -0.95488100
vn -0.00000000 -0.29698900 -0.95488100
vn 0.00000000 0.98816200 -0.15341400
vn -0.00000000 -0.99056400 -0.13704700
vn 0.00000000 0.99404300 0.10898500
vn 0.00000000 0.99902500 0.04413800
vn 0.00000000 0.92751500 0.37378500
vn 0.00000000 0.94080600 0.33894600
vn 0.00000000 0.80126100 0.59831400
vn 0.00000000 0.81566200 0.57852800
vn 0.00000000 0.61113500 0.79152700
vn 0.00000000 0.63554400 0.77206400
vn 0.00000000 0.37474100 0.92713000
vn 0.00000000 0.41064300 0.91179600
vn 0.00000000 0.10605100 0.99436100
vn 0.00000000 0.15714800 0.98757500
vn 0.00000000 -0.15991000 0.98713200
vn 0.00000000 -0.10607800 0.99435800
vn 0.00000000 -0.40501500 0.91431000
vn 0.00000000 -0.36452000 0.93119600
vn 0.00000000 -0.62620600 0.77965800
vn 0.00000000 -0.59872700 0.80095300
vn 0.00000000 -0.80923800 0.58748100
vn 0.00000000 -0.78666600 0.61737900
vn 0.00000000 -0.93492900 0.35483400
vn 0.00000000 -0.91857700 0.39524200
vn 0.00000000 -0.99791500 0.06454600
vn 0.00000000 -0.99259000 0.12151400
vn 0.00000000 0.39854200 -0.91715000
vn -0.00000000 -0.40057600 -0.91626400
vn 0.00000000 0.73299600 -0.68023300
vn -0.00000000 -0.73435500 -0.67876600
vn 0.00000000 0.35511800 -0.93482100
vn -0.00000000 -0.35511700 -0.93482200
vn 0.00000000 0.99754300 -0.07005300
vn 0.00000000 0.97015900 0.24247100
vn 0.00000000 0.86232200 0.50636100
vn 0.00000000 0.69294200 0.72099300
vn 0.00000000 0.47466000 0.88016900
vn 0.00000000 0.21964800 0.97557900
vn 0.00000000 -0.05350800 0.99856700
vn 0.00000000 -0.32301500 0.94639400
vn 0.00000000 -0.56686800 0.82380900
vn 0.00000000 -0.76459200 0.64451400
vn 0.00000000 -0.90357700 0.42842600
vn 0.00000000 -0.98096500 0.19418600
vn -0.00000000 -0.99926000 -0.03847300
vn -0.00000000 -0.94995000 -0.31240100
vn -0.00000000 -0.99754100 -0.07007900
vn 0.00000000 -0.97147200 0.23715400
vn 0.00000000 -0.86884300 0.49508700
vn 0.00000000 -0.70509400 0.70911300
vn 0.00000000 -0.48802000 0.87283300
vn 0.00000000 -0.23212800 0.97268500
vn 0.00000000 0.04195200 0.99912000
vn 0.00000000 0.31200200 0.95008200
vn 0.00000000 0.55797600 0.82985700
vn 0.00000000 0.76241600 0.64708700
vn 0.00000000 0.90847400 0.41794200
vn 0.00000000 0.98528100 0.17094100
vn 0.00000000 0.99784200 -0.06565600
vn 0.00000000 0.94327200 -0.33202100
vn 0.00000000 0.89680100 -0.44243400
vn -0.00000000 -0.89770500 -0.44059700
vn 0.00000000 0.68705200 -0.72660900
vn -0.00000000 -0.69124400 -0.72262200
vn -0.00000000 -0.65186700 -0.75833300
vn 0.00000000 0.65186600 -0.75833400
vn -0.00000000 -0.79160600 -0.61103200
vn 0.00000000 0.79160400 -0.61103400
vn -0.00000000 -0.96427400 -0.26490800
vn 0.00000000 0.96427300 -0.26491000
vn 0.00000000 0.99987700 -0.01568000
vn 0.00000000 0.93183100 0.36289100
vn 0.00000000 0.83088300 0.55644700
vn 0.00000000 0.68738500 0.72629300
vn 0.00000000 0.47151600 0.88185800
vn 0.00000000 0.20176000 0.97943500
vn 0.00000000 -0.05078400 0.99871000
vn 0.00000000 -0.29562400 0.95530400
vn 0.00000000 -0.53249000 0.84643600
vn 0.00000000 -0.73302300 0.68020400
vn 0.00000000 -0.88165100 0.47190200
vn 0.00000000 -0.96982100 0.24381800
vn 0.00000000 -0.99998200 0.00593800
vn -0.00000000 -0.99987700 -0.01568100
vn 0.00000000 -0.93183100 0.36289100
vn 0.00000000 -0.83088300 0.55644700
vn 0.00000000 -0.68738500 0.72629300
vn 0.00000000 -0.47151600 0.88185800
vn 0.00000000 -0.20176000 0.97943500
vn 0.00000000 0.05078500 0.99871000
vn 0.00000000 0.29562500 0.95530400
vn 0.00000000 0.53249100 0.84643600
vn 0.00000000 0.73302400 0.68020300
vn 0.00000000 0.88165200 0.47190000
vn 0.00000000 0.96982200 0.24381500
vn 0.00000000 0.99998200 0.00593500
vn 0.00000000 0.73883000 -0.67389200
vn -0.00000000 -0.72928200 -0.68421400
vn 0.00000000 0.57829400 -0.81582900
vn -0.00000000 -0.57253800 -0.81987800
vn -0.00000000 -0.58903300 -0.80810900
vn 0.00000000 0.58878100 -0.80829200
vn 0.00000000 0.76981300 -0.63827000
vn -0.00000000 -0.76452000 -0.64460000
vn -0.00000000 -0.54343700 -0.83945000
vn 0.00000000 0.53880700 -0.84242900
vn 0.00000000 0.71125100 -0.70293800
vn -0.00000000 -0.71125100 -0.70293800
vn 0.00000000 0.86021800 -0.50992700
vn -0.00000000 -0.86021800 -0.50992700
vn 0.00000000 0.96590900 -0.25888100
vn -0.00000000 -0.96590900 -0.25888100
vn 0.00000000 0.98048900 -0.19657600
vn 0.00000000 0.99998100 -0.00614000
vn -0.00000000 -0.97681700 -0.21407800
vn -0.00000000 -0.98331500 -0.18191300
vn 0.00000000 -0.99994100 0.01090800
vn 0.00000000 0.96932500 -0.24578100
vn -0.00000000 -0.41672300 -0.90903300
vn 0.00000000 0.41255600 -0.91093200
vn 0.00000000 0.42821900 -0.90367500
vn -0.00000000 -0.42821900 -0.90367500
vn 0.00000000 0.70323400 -0.71095900
vn -0.00000000 -0.70900900 -0.70520000
vn 0.00000000 0.62057600 -0.78414600
vn -0.00000000 -0.61962300 -0.78490000
vn 0.00000000 0.99852800 0.05424300
vn 0.00000000 0.95464900 0.29773400
vn 0.00000000 0.82921600 0.55892800
vn 0.00000000 0.63319700 0.77399000
vn 0.00000000 0.42569900 0.90486500
vn 0.00000000 0.17965300 0.98373000
vn 0.00000000 -0.07105100 0.99747300
vn 0.00000000 -0.37506800 0.92699700
vn 0.00000000 -0.59182800 0.80606400
vn 0.00000000 -0.77827100 0.62792900
vn 0.00000000 -0.91316700 0.40758600
vn 0.00000000 -0.98682900 0.16176600
vn -0.00000000 -0.99808700 -0.06183200
vn 0.00000000 -0.99852800 0.05424100
vn 0.00000000 -0.95464900 0.29773300
vn 0.00000000 -0.82921700 0.55892700
vn 0.00000000 -0.63319900 0.77398900
vn 0.00000000 -0.42570000 0.90486400
vn 0.00000000 -0.17965300 0.98373000
vn 0.00000000 0.07105300 0.99747300
vn 0.00000000 0.37507200 0.92699600
vn 0.00000000 0.59183400 0.80606000
vn 0.00000000 0.77827700 0.62792200
vn 0.00000000 0.91317100 0.40757600
vn 0.00000000 0.98683100 0.16175300
vn 0.00000000 0.99808600 -0.06184700
vn 0.00000000 0.98497900 -0.17267500
vn -0.00000000 -0.98497900 -0.17267700
vn 0.00000000 0.87057000 -0.49204500
vn -0.00000000 -0.87056900 -0.49204600
vn 0.00000000 0.74415300 -0.66800900
vn -0.00000000 -0.74415300 -0.66801000
vn -0.00000000 -0.57867800 -0.81555600
vn 0.00000000 0.57867100 -0.81556100
vn 0.00000000 0.51146400 -0.85930500
vn -0.00000000 -0.50606800 -0.86249400
vn 0.00000000 0.49766500 -0.86736900
vn -0.00000000 -0.49166200 -0.87078600
vn 0.00000000 0.71182500 -0.70235700
vn -0.00000000 -0.71394400 -0.70020200
vn 0.00000000 0.80025100 -0.59966600
vn -0.00000000 -0.80590600 -0.59204300
vn 0.00000000 0.99929200 -0.03762800
vn 0.00000000 0.96386600 0.26638600
vn 0.00000000 0.85463700 0.51922500
vn 0.00000000 0.68738800 0.72629000
vn 0.00000000 0.47318500 0.88096300
vn 0.00000000 0.21902700 0.97571900
vn 0.00000000 -0.05404900 0.99853800
vn 0.00000000 -0.32385300 0.94610800
vn 0.00000000 -0.56909100 0.82227500
vn 0.00000000 -0.76708100 0.64155100
vn 0.00000000 -0.90347200 0.42864800
vn 0.00000000 -0.98194700 0.18915900
vn 0.00000000 -0.99987900 0.01552900
vn -0.00000000 -0.94407600 -0.32972700
vn -0.00000000 -0.99934000 -0.03631600
vn 0.00000000 -0.96567400 0.25975800
vn 0.00000000 -0.86520500 0.50141900
vn 0.00000000 -0.70725900 0.70695400
vn 0.00000000 -0.49254300 0.87028800
vn 0.00000000 -0.23670300 0.97158200
vn 0.00000000 0.03811200 0.99927300
vn 0.00000000 0.30825500 0.95130400
vn 0.00000000 0.55415900 0.83241100
vn 0.00000000 0.76125700 0.64845000
vn 0.00000000 0.91063100 0.41322100
vn 0.00000000 0.98835200 0.15218700
vn 0.00000000 0.99959200 -0.02855200
vn 0.00000000 0.93475800 -0.35528500
vn 0.00000000 0.92951500 -0.36878300
vn -0.00000000 -0.93078500 -0.36556600
vn -0.00000000 -0.84271600 -0.53835900
vn 0.00000000 0.83326200 -0.55287800
vn 0.00000000 0.84822300 -0.52963900
vn -0.00000000 -0.85020200 -0.52645700
vn -0.00000000 -0.69898700 -0.71513400
vn 0.00000000 0.69097200 -0.72288200
vn -0.00000000 -0.71512400 -0.69899700
vn 0.00000000 0.70821900 -0.70599300
vn 0.00000000 0.97309700 -0.23039600
vn -0.00000000 -0.97309700 -0.23039600
vn 0.00000000 0.70594600 0.70826600
vn 0.00000000 0.24338100 0.96993100
vn 0.00000000 -0.28362900 0.95893400
vn 0.00000000 -0.73506100 0.67800100
vn 0.00000000 -0.97543700 0.22028000
vn 0.00000000 -0.70594600 0.70826600
vn 0.00000000 -0.24338100 0.96993100
vn 0.00000000 0.28362900 0.95893400
vn 0.00000000 0.73506100 0.67800100
vn 0.00000000 0.97543700 0.22028000
vn -0.00000000 -0.95729900 -0.28910000
vn 0.00000000 0.95729900 -0.28910000
vn 0.00000000 0.83777200 -0.54602000
vn -0.00000000 -0.83777200 -0.54602000
vn 0.00000000 0.57551000 -0.81779500
vn -0.00000000 -0.58115900 -0.81379000
vn 0.00000000 0.81803300 -0.57517100
vn -0.00000000 -0.82528200 -0.56472100
vn 0.00000000 0.47265900 -0.88124600
vn -0.00000000 -0.47085900 -0.88220800
vn -0.00000000 -0.89541600 -0.44523000
vn 0.00000000 0.89541200 -0.44523900
vn 0.00000000 0.93845100 -0.34541200
vn -0.00000000 -0.93845100 -0.34541400
vn -0.00000000 -0.74173200 -0.67069700
vn 0.00000000 0.74172600 -0.67070300
vn -0.00000000 -0.40605800 -0.91384700
vn 0.00000000 0.40605100 -0.91385000
vn 0.00000000 0.94863200 -0.31638100
vn 0.00000000 0.99993200 0.01162600
vn 0.00000000 0.99787700 -0.06512400
vn 0.00000000 0.96872000 0.24815400
vn 0.00000000 0.97363800 0.22809700
vn 0.00000000 0.88240700 0.47048700
vn 0.00000000 0.87674800 0.48095000
vn 0.00000000 0.72370700 0.69010700
vn 0.00000000 0.72206600 0.69182500
vn 0.00000000 0.50121000 0.86532600
vn 0.00000000 0.51789900 0.85544200
vn 0.00000000 -0.04327300 0.99906300
vn 0.00000000 0.02325800 0.99972900
vn 0.00000000 0.23617800 0.97171000
vn 0.00000000 0.28150800 0.95955900
vn 0.00000000 -0.28765200 0.95773500
vn 0.00000000 -0.23573900 0.97181600
vn 0.00000000 -0.71496500 0.69916000
vn 0.00000000 -0.69882000 0.71529800
vn 0.00000000 -0.50945500 0.86049800
vn 0.00000000 -0.48256600 0.87586000
vn 0.00000000 -0.87098600 0.49130800
vn 0.00000000 -0.85981500 0.51060500
vn 0.00000000 -0.96569400 0.25968200
vn 0.00000000 -0.96080200 0.27723600
vn -0.00000000 -0.99936500 -0.03563700
vn 0.00000000 -0.99982700 0.01861700
vn -0.00000000 -0.94532900 -0.32611900
vn 0.00000000 0.96421000 -0.26514100
vn -0.00000000 -0.96989400 -0.24352600
vn -0.00000000 -0.46299900 -0.88635900
vn 0.00000000 0.46299400 -0.88636100
vn 0.00000000 0.42040500 -0.90733600
vn -0.00000000 -0.42040100 -0.90733800
vn 0.00000000 0.47257900 -0.88128800
vn -0.00000000 -0.46920500 -0.88308900
vn -0.00000000 -0.83165600 -0.55529100
vn 0.00000000 0.82565100 -0.56418100
vn 0.00000000 0.97176200 -0.23596400
vn 0.00000000 0.99684000 0.07943700
vn 0.00000000 0.92940000 0.36907400
vn 0.00000000 0.84501500 0.53474200
vn 0.00000000 0.64567400 0.76361300
vn 0.00000000 0.41601200 0.90935900
vn 0.00000000 0.17060000 0.98534000
vn 0.00000000 -0.08490000 0.99639000
vn 0.00000000 -0.33406200 0.94255100
vn 0.00000000 -0.56394700 0.82581100
vn 0.00000000 -0.75846900 0.65170900
vn 0.00000000 -0.89989500 0.43610700
vn 0.00000000 -0.98446300 0.17559400
vn 0.00000000 -0.99987000 0.01612600
vn -0.00000000 -0.97449800 -0.22439500
vn 0.00000000 -0.99654700 0.08303400
vn 0.00000000 -0.92785900 0.37293000
vn 0.00000000 -0.84262600 0.53849900
vn 0.00000000 -0.65659300 0.75424500
vn 0.00000000 -0.44337900 0.89633400
vn 0.00000000 -0.20397900 0.97897500
vn 0.00000000 0.06247500 0.99804700
vn 0.00000000 0.32886400 0.94437700
vn 0.00000000 0.56512300 0.82500600
vn 0.00000000 0.75457600 0.65621200
vn 0.00000000 0.89537700 0.44530800
vn 0.00000000 0.98451200 0.17531900
vn 0.00000000 0.99996400 0.00850100
vn -0.00000000 -0.96096100 -0.27668500
vn 0.00000000 0.95746500 -0.28854800
vn 0.00000000 0.71723200 -0.69683400
vn -0.00000000 -0.72120600 -0.69272100
vn 0.00000000 0.39099400 -0.92039300
vn -0.00000000 -0.39099300 -0.92039400
vn 0.00000000 0.44836900 -0.89384900
vn -0.00000000 -0.45049200 -0.89278000
vn 0.00000000 0.99991600 0.01296900
vn 0.00000000 0.90507500 0.42525200
vn 0.00000000 0.73480400 0.67827900
vn 0.00000000 0.48901200 0.87227700
vn 0.00000000 0.29242000 0.95629000
vn 0.00000000 -0.00527900 0.99998600
vn 0.00000000 -0.22560400 0.97421900
vn 0.00000000 -0.52277700 0.85247000
vn 0.00000000 -0.69631400 0.71773800
vn 0.00000000 -0.88093500 0.47323700
vn 0.00000000 -0.96088300 0.27695500
vn -0.00000000 -0.99981700 -0.01911000
vn -0.00000000 -0.97476700 -0.22322600
vn 0.00000000 -0.99991600 0.01296900
vn 0.00000000 -0.90507500 0.42525200
vn 0.00000000 -0.73480400 0.67827900
vn 0.00000000 -0.48901200 0.87227700
vn 0.00000000 -0.29242000 0.95629000
vn 0.00000000 0.00527900 0.99998600
vn 0.00000000 0.22560400 0.97421900
vn 0.00000000 0.52277700 0.85247000
vn 0.00000000 0.69631400 0.71773700
vn 0.00000000 0.88093600 0.47323600
vn 0.00000000 0.96088300 0.27695400
vn 0.00000000 0.99981700 -0.01911100
vn 0.00000000 0.97476600 -0.22322700
vn 0.00000000 0.95873200 -0.28431100
vn -0.00000000 -0.95873200 -0.28431100
vn -0.00000000 -0.70130800 -0.71285900
vn 0.00000000 0.70130700 -0.71285900
vn -0.00000000 -0.57198900 -0.82026200
vn 0.00000000 0.56712900 -0.82362900
vn 0.00000000 0.67384100 -0.73887700
vn -0.00000000 -0.67520400 -0.73763100
vn 0.00000000 0.73875000 -0.67398000
vn -0.00000000 -0.74032700 -0.67224700
vn 0.00000000 0.95654800 -0.29157600
vn -0.00000000 -0.95383700 -0.30032500
vn -0.00000000 -0.29456000 -0.95563300
vn 0.00000000 0.29455700 -0.95563400
vn 0.00000000 0.96897700 -0.24715100
vn 0.00000000 0.99638800 0.08491800
vn 0.00000000 0.92707200 0.37488300
vn 0.00000000 0.78650400 0.61758500
vn 0.00000000 0.59009200 0.80733600
vn 0.00000000 0.35067100 0.93649900
vn 0.00000000 0.08388100 0.99647600
vn 0.00000000 -0.18990300 0.98180300
vn 0.00000000 -0.44878500 0.89364000
vn 0.00000000 -0.67147900 0.74102400
vn 0.00000000 -0.84118000 0.54075500
vn 0.00000000 -0.95008000 0.31200600
vn 0.00000000 -0.99724100 0.07422900
vn -0.00000000 -0.98402600 -0.17802300
vn -0.00000000 -0.96916200 -0.24642500
vn 0.00000000 -0.99658300 0.08259500
vn 0.00000000 -0.92994300 0.36770300
vn 0.00000000 -0.79422000 0.60763000
vn 0.00000000 -0.60094000 0.79929400
vn 0.00000000 -0.36168400 0.93230100
vn 0.00000000 -0.09417900 0.99555500
vn 0.00000000 0.18026700 0.98361800
vn 0.00000000 0.44037600 0.89781300
vn 0.00000000 0.66710100 0.74496700
vn 0.00000000 0.84311300 0.53773600
vn 0.00000000 0.95470200 0.29756300
vn 0.00000000 0.99859900 0.05291900
vn 0.00000000 0.98012000 -0.19840300
vn -0.00000000 -0.90084000 -0.43415100
vn 0.00000000 0.89442000 -0.44722700
vn -0.00000000 -0.76187200 -0.64772800
vn 0.00000000 0.75592300 -0.65466000
vn 0.00000000 0.41436000 -0.91011300
vn -0.00000000 -0.40954400 -0.91229000
vn 0.00000000 0.29771500 -0.95465500
vn -0.00000000 -0.29448300 -0.95565700
vn 0.00000000 0.68439800 -0.72910900
vn -0.00000000 -0.68983200 -0.72397000
vn 0.00000000 0.99396900 -0.10965800
vn 0.00000000 0.99174800 -0.12820200
vn 0.00000000 0.99493800 0.10048600
vn 0.00000000 0.77192300 0.63571600
vn 0.00000000 -0.78162500 0.62374800
vn 0.00000000 -0.99465700 0.10323800
vn -0.00000000 -0.99304500 -0.11773400
vn -0.00000000 -0.99460600 -0.10372100
vn 0.00000000 0.89679300 -0.44245000
vn -0.00000000 -0.90154100 -0.43269400
vn 0.00000000 0.62528200 -0.78039900
vn -0.00000000 -0.62459400 -0.78095000
vn 0.00000000 0.88798200 -0.45987800
vn -0.00000000 -0.88903200 -0.45784400
vn 0.00000000 0.66749500 -0.74461400
vn -0.00000000 -0.66749100 -0.74461800
vn 0.00000000 0.89447300 -0.44712200
vn -0.00000000 -0.89446800 -0.44713100
vn 0.00000000 0.96134300 -0.27535400
vn -0.00000000 -0.96133900 -0.27536600
vn 0.00000000 0.99893600 0.04611800
vn 0.00000000 0.96969500 0.24431900
vn 0.00000000 0.87460000 0.48484600
vn 0.00000000 0.71266900 0.70150100
vn 0.00000000 0.50177200 0.86500000
vn 0.00000000 0.25517900 0.96689400
vn 0.00000000 -0.01038300 0.99994600
vn 0.00000000 -0.27590300 0.96118500
vn 0.00000000 -0.52126200 0.85339700
vn 0.00000000 -0.72791500 0.68566700
vn 0.00000000 -0.88133600 0.47249000
vn 0.00000000 -0.97154500 0.23685500
vn 0.00000000 -0.99988300 0.01527900
vn 0.00000000 -0.99893700 0.04610100
vn 0.00000000 -0.96970000 0.24429900
vn 0.00000000 -0.87461200 0.48482300
vn 0.00000000 -0.71268800 0.70148100
vn 0.00000000 -0.50179500 0.86498700
vn 0.00000000 -0.25520000 0.96688800
vn 0.00000000 0.01037100 0.99994600
vn 0.00000000 0.27590600 0.96118400
vn 0.00000000 0.52128300 0.85338400
vn 0.00000000 0.72794900 0.68563100
vn 0.00000000 0.88137100 0.47242500
vn 0.00000000 0.97156700 0.23676300
vn 0.00000000 0.99988500 0.01517500
vn -0.00000000 -0.98011100 -0.19845200
vn 0.00000000 0.98008500 -0.19857700
vn -0.00000000 -0.85113700 -0.52494400
vn 0.00000000 0.85108400 -0.52503000
vn -0.00000000 -0.72801200 -0.68556500
vn 0.00000000 0.72795000 -0.68563000
vn 0.00000000 0.94319800 -0.33223100
vn -0.00000000 -0.94319800 -0.33223200
vn 0.00000000 0.83975300 -0.54296900
vn -0.00000000 -0.83975200 -0.54297000
vn 0.00000000 0.72500900 -0.68874000
vn -0.00000000 -0.72500800 -0.68874000
vn -0.00000000 -0.22069700 -0.97534200
vn 0.00000000 0.22069600 -0.97534300
vn 0.00000000 0.53103800 -0.84734800
vn -0.00000000 -0.53590900 -0.84427600
vn 0.00000000 0.78460100 -0.62000000
vn -0.00000000 -0.78459600 -0.62000800
vn -0.00000000 -0.91223800 -0.40966100
vn 0.00000000 0.91217200 -0.40980700
vn 0.00000000 0.99366500 -0.11238600
vn 0.00000000 0.94004600 0.34104700
vn 0.00000000 0.79338600 0.60871900
vn 0.00000000 0.60598800 0.79547400
vn 0.00000000 0.37524400 0.92692600
vn 0.00000000 0.11667900 0.99317000
vn 0.00000000 -0.15129700 0.98848800
vn 0.00000000 -0.40868900 0.91267400
vn 0.00000000 -0.63582200 0.77183600
vn 0.00000000 -0.81585100 0.57826300
vn 0.00000000 -0.93671200 0.35010100
vn 0.00000000 -0.99374500 0.11167400
vn -0.00000000 -0.99366200 -0.11240500
vn 0.00000000 -0.94005800 0.34101300
vn 0.00000000 -0.79341000 0.60868700
vn 0.00000000 -0.60602200 0.79544800
vn 0.00000000 -0.37528000 0.92691100
vn 0.00000000 -0.11670900 0.99316600
vn 0.00000000 0.15128500 0.98849000
vn 0.00000000 0.40870100 0.91266800
vn 0.00000000 0.63585700 0.77180700
vn 0.00000000 0.81589700 0.57819700
vn 0.00000000 0.93675100 0.34999600
vn 0.00000000 0.99376000 0.11154300
vn 0.00000000 0.99944900 -0.03318300
vn 0.00000000 0.98445200 0.17565200
vn 0.00000000 0.88659900 0.46253900
vn 0.00000000 0.72988100 0.68357400
vn 0.00000000 0.52148400 0.85326100
vn 0.00000000 0.27840900 0.96046300
vn 0.00000000 0.01515500 0.99988500
vn 0.00000000 -0.25226200 0.96765900
vn 0.00000000 -0.50182300 0.86497100
vn 0.00000000 -0.71195300 0.70222700
vn 0.00000000 -0.87184600 0.48978000
vn 0.00000000 -0.98035300 0.19725300
vn 0.00000000 -0.99995600 0.00938300
vn -0.00000000 -0.99944900 -0.03318900
vn 0.00000000 -0.98445300 0.17564600
vn 0.00000000 -0.88660200 0.46253300
vn 0.00000000 -0.72988600 0.68356900
vn 0.00000000 -0.52149000 0.85325800
vn 0.00000000 -0.27841300 0.96046100
vn 0.00000000 -0.01515600 0.99988500
vn 0.00000000 0.25226700 0.96765800
vn 0.00000000 0.50183400 0.86496400
vn 0.00000000 0.71196800 0.70221200
vn 0.00000000 0.87186100 0.48975400
vn 0.00000000 0.98036000 0.19721700
vn 0.00000000 0.99995600 0.00933900
vn 0.00000000 0.63720700 -0.77069300
vn -0.00000000 -0.63720500 -0.77069400
vn -0.00000000 -0.59070000 -0.80689100
vn 0.00000000 0.59061900 -0.80695100
vn -0.00000000 -0.47525700 -0.87984700
vn 0.00000000 0.47523400 -0.87986000
vn 0.00000000 0.57891900 -0.81538500
vn -0.00000000 -0.57891900 -0.81538500
vn 0.00000000 0.99791900 0.06447700
vn 0.00000000 0.99658900 0.08252000
vn 0.00000000 0.96701000 0.25473900
vn 0.00000000 0.96224400 0.27218800
vn 0.00000000 0.69314800 0.72079500
vn 0.00000000 0.67767900 0.73535800
vn 0.00000000 0.26418600 0.96447200
vn 0.00000000 0.21162300 0.97735100
vn 0.00000000 -0.24721300 0.96896100
vn 0.00000000 -0.30262100 0.95311100
vn 0.00000000 -0.68694000 0.72671400
vn 0.00000000 -0.72127900 0.69264500
vn 0.00000000 -0.95652900 0.29163700
vn 0.00000000 -0.96589300 0.25894300
vn 0.00000000 -0.99477000 0.10214400
vn 0.00000000 -0.99709700 0.07614800
vn -0.00000000 -0.83371600 -0.55219300
vn 0.00000000 0.83359400 -0.55237800
vn 0.00000000 0.54311900 -0.83965500
vn -0.00000000 -0.54287600 -0.83981300
vn -0.00000000 -0.57922000 -0.81517100
vn 0.00000000 0.57535400 -0.81790500
vn -0.00000000 -0.36547200 -0.93082200
vn 0.00000000 0.36167000 -0.93230600
vn 0.00000000 0.34199500 -0.93970200
vn -0.00000000 -0.34131100 -0.93995100
vn 0.00000000 0.97075000 -0.24009400
vn -0.00000000 -0.97075000 -0.24009500
vn -0.00000000 -0.59897600 -0.80076700
vn 0.00000000 0.59897300 -0.80076900
vn -0.00000000 -0.82344500 -0.56739600
vn 0.00000000 0.81914600 -0.57358500
vn 0.00000000 0.28477500 -0.95859400
vn -0.00000000 -0.28313000 -0.95908200
vn 0.00000000 0.41562500 -0.90953600
vn -0.00000000 -0.41562500 -0.90953600
vn 0.00000000 0.47491400 -0.88003200
vn -0.00000000 -0.47491300 -0.88003300
vn -0.00000000 -0.87949300 -0.47591200
vn 0.00000000 0.87888000 -0.47704200
vn 0.00000000 0.95416600 -0.29927800
vn -0.00000000 -0.95373200 -0.30065800
vn 0.00000000 0.99950000 -0.03161800
vn -0.00000000 -0.99919300 -0.04017000
vn 0.00000000 0.99916700 -0.04079600
vn 0.00000000 0.97154800 0.23684300
vn 0.00000000 0.97546200 0.22017000
vn 0.00000000 0.86853000 0.49563600
vn 0.00000000 0.88205100 0.47115300
vn 0.00000000 0.70793300 0.70628000
vn 0.00000000 0.72840400 0.68514800
vn 0.00000000 0.49955400 0.86628300
vn 0.00000000 0.52914400 0.84853200
vn 0.00000000 -0.01080000 0.99994200
vn 0.00000000 0.03162700 0.99950000
vn 0.00000000 0.25480800 0.96699200
vn 0.00000000 0.29312900 0.95607300
vn 0.00000000 -0.27532000 0.96135300
vn 0.00000000 -0.23229400 0.97264600
vn 0.00000000 -0.72038500 0.69357400
vn 0.00000000 -0.69857000 0.71554200
vn 0.00000000 -0.51729500 0.85580700
vn 0.00000000 -0.47867000 0.87799500
vn 0.00000000 -0.87442700 0.48515800
vn 0.00000000 -0.86898400 0.49484000
vn 0.00000000 -0.97137000 0.23757300
vn 0.00000000 -0.97354700 0.22848900
vn -0.00000000 -0.99958800 -0.02870400
vn 0.00000000 0.81030400 -0.58601000
vn -0.00000000 -0.81065700 -0.58552200
vn 0.00000000 0.99391800 0.11011900
vn 0.00000000 0.93748300 0.34803100
vn 0.00000000 0.81036400 0.58592700
vn 0.00000000 0.62465100 0.78090400
vn 0.00000000 0.39548300 0.91847300
vn 0.00000000 0.13869200 0.99033600
vn 0.00000000 -0.12915300 0.99162500
vn 0.00000000 -0.38865300 0.92138400
vn 0.00000000 -0.61903300 0.78536500
vn 0.00000000 -0.80410600 0.59448600
vn 0.00000000 -0.93336000 0.35894000
vn 0.00000000 -0.99344100 0.11434700
vn -0.00000000 -0.99012500 -0.14018400
vn 0.00000000 -0.99392000 0.11010700
vn 0.00000000 -0.93748700 0.34801900
vn 0.00000000 -0.81037200 0.58591600
vn 0.00000000 -0.62466200 0.78089500
vn 0.00000000 -0.39549400 0.91846900
vn 0.00000000 -0.13869900 0.99033500
vn 0.00000000 0.12915300 0.99162500
vn 0.00000000 0.38866300 0.92138000
vn 0.00000000 0.61905200 0.78535000
vn 0.00000000 0.80412900 0.59445500
vn 0.00000000 0.93337900 0.35889200
vn 0.00000000 0.99344800 0.11428200
vn 0.00000000 0.99011500 -0.14025700
vn 0.00000000 0.99181800 -0.12766100
vn -0.00000000 -0.99181600 -0.12767200
vn 0.00000000 0.93189700 -0.36272200
vn -0.00000000 -0.93189400 -0.36273000
vn 0.00000000 0.81424700 -0.58051800
vn -0.00000000 -0.81424400 -0.58052300
vn 0.00000000 0.51586900 -0.85666800
vn -0.00000000 -0.51683400 -0.85608600
vn 0.00000000 0.87154300 -0.49031900
vn -0.00000000 -0.86903700 -0.49474800
vn -0.00000000 -0.28764400 -0.95773700
vn 0.00000000 0.28764400 -0.95773700
vn 0.00000000 0.99688100 0.07892400
vn 0.00000000 0.92965600 0.36843000
vn 0.00000000 0.78909100 0.61427600
vn 0.00000000 0.59108500 0.80660900
vn 0.00000000 0.35030000 0.93663700
vn 0.00000000 0.08344300 0.99651300
vn 0.00000000 -0.18967400 0.98184700
vn 0.00000000 -0.44768200 0.89419300
vn 0.00000000 -0.67015300 0.74222300
vn 0.00000000 -0.84088400 0.54121500
vn 0.00000000 -0.95077200 0.30989100
vn 0.00000000 -0.99785600 0.06544500
vn -0.00000000 -0.98330600 -0.18196000
vn 0.00000000 -0.99703100 0.07699800
vn 0.00000000 -0.93137200 0.36406800
vn 0.00000000 -0.79342600 0.60866700
vn 0.00000000 -0.59744700 0.80190800
vn 0.00000000 -0.35729100 0.93399300
vn 0.00000000 -0.09023800 0.99592000
vn 0.00000000 0.18348700 0.98302200
vn 0.00000000 0.44293700 0.89655300
vn 0.00000000 0.66833400 0.74386100
vn 0.00000000 0.84247400 0.53873700
vn 0.00000000 0.95353500 0.30128200
vn 0.00000000 0.99861300 0.05264800
vn 0.00000000 0.98084600 -0.19478400
vn 0.00000000 0.97223800 -0.23399400
vn -0.00000000 -0.97220500 -0.23413000
vn -0.00000000 -0.91480800 -0.40388900
vn 0.00000000 0.91034000 -0.41386200
vn 0.00000000 0.87498900 -0.48414300
vn -0.00000000 -0.87523400 -0.48370000
vn 0.00000000 0.73553600 -0.67748600
vn -0.00000000 -0.73596300 -0.67702200
vn 0.00000000 0.61938000 -0.78509100
vn -0.00000000 -0.62259100 -0.78254700
vn 0.00000000 0.47189300 -0.88165600
vn -0.00000000 -0.47197300 -0.88161300
vn -0.00000000 -0.12376300 -0.99231200
vn 0.00000000 0.12393000 -0.99229100
vn 0.00000000 0.99771000 0.06763000
vn 0.00000000 0.95153500 0.30753900
vn 0.00000000 0.84071900 0.54147100
vn 0.00000000 0.67721100 0.73578900
vn 0.00000000 0.47310800 0.88100400
vn 0.00000000 0.21746000 0.97606900
vn 0.00000000 -0.05520100 0.99847500
vn 0.00000000 -0.32421000 0.94598500
vn 0.00000000 -0.57286800 0.81964800
vn 0.00000000 -0.77403900 0.63313800
vn 0.00000000 -0.90292800 0.42979100
vn 0.00000000 -0.97767300 0.21013400
vn -0.00000000 -0.99986300 -0.01656600
vn 0.00000000 -0.99740400 0.07200300
vn 0.00000000 -0.95337800 0.30177700
vn 0.00000000 -0.85949600 0.51114200
vn 0.00000000 -0.71381300 0.70033600
vn 0.00000000 -0.50001900 0.86601500
vn 0.00000000 -0.24346800 0.96990900
vn 0.00000000 0.03311800 0.99945100
vn 0.00000000 0.30282200 0.95304700
vn 0.00000000 0.54553300 0.83808900
vn 0.00000000 0.75707600 0.65332700
vn 0.00000000 0.91427000 0.40510400
vn 0.00000000 0.99003900 0.14079600
vn 0.00000000 0.99606200 -0.08866300
vn 0.00000000 0.98608100 -0.16626600
vn -0.00000000 -0.98768100 -0.15648000
vn -0.00000000 -0.20916800 -0.97788000
vn 0.00000000 0.20916800 -0.97788000
vn 0.00000000 0.89259700 -0.45085600
vn -0.00000000 -0.89884200 -0.43827300
vn 0.00000000 0.52766100 -0.84945500
vn -0.00000000 -0.53063400 -0.84760100
vn -0.00000000 -0.79469100 -0.60701400
vn 0.00000000 0.78697900 -0.61697900
vn -0.00000000 -0.91926600 -0.39363600
vn 0.00000000 0.91179300 -0.41065100
vn 0.00000000 0.94692700 -0.32144800
vn -0.00000000 -0.95248800 -0.30457700
vn 0.00000000 0.99601200 -0.08922300
vn 0.00000000 0.98665800 0.16280800
vn 0.00000000 0.90375800 0.42804500
vn 0.00000000 0.74152400 0.67092700
vn 0.00000000 0.51814500 0.85529300
vn 0.00000000 0.31218800 0.95002000
vn 0.00000000 0.06143400 0.99811100
vn 0.00000000 -0.18651100 0.98245300
vn 0.00000000 -0.39287900 0.91959000
vn 0.00000000 -0.62716800 0.77888400
vn 0.00000000 -0.83198400 0.55480000
vn 0.00000000 -0.93087100 0.36534800
vn 0.00000000 -0.99124600 0.13203000
vn -0.00000000 -0.99176900 -0.12803900
vn -0.00000000 -0.99751800 -0.07041300
vn 0.00000000 -0.97998400 0.19907500
vn 0.00000000 -0.89789800 0.44020400
vn 0.00000000 -0.76272200 0.64672600
vn 0.00000000 -0.57771100 0.81624100
vn 0.00000000 -0.38866100 0.92138100
vn 0.00000000 -0.17292600 0.98493500
vn 0.00000000 0.06462400 0.99791000
vn 0.00000000 0.31699200 0.94842800
vn 0.00000000 0.56377800 0.82592600
vn 0.00000000 0.77161700 0.63608700
vn 0.00000000 0.91494300 0.40358300
vn 0.00000000 0.99505600 0.09931600
vn 0.00000000 0.98859600 -0.15059200
vn 0.00000000 0.83778100 -0.54600600
vn -0.00000000 -0.84347400 -0.53716900
vn -0.00000000 -0.58106000 -0.81386000
vn 0.00000000 0.57457800 -0.81845000
vn 0.00000000 0.35619300 -0.93441200
vn -0.00000000 -0.35619300 -0.93441200
vn -0.00000000 -0.11079300 -0.99384400
vn 0.00000000 0.11168600 -0.99374400
vn -0.00000000 -0.11536900 -0.99332300
vn 0.00000000 0.11604900 -0.99324400
vn -0.00000000 -0.50771000 -0.86152800
vn 0.00000000 0.50263300 -0.86450000
vn 0.00000000 0.99442600 0.10543400
vn 0.00000000 0.92144500 0.38850800
vn 0.00000000 0.78114600 0.62434900
vn 0.00000000 0.58730000 0.80936900
vn 0.00000000 0.35002500 0.93674000
vn 0.00000000 0.08357600 0.99650100
vn 0.00000000 -0.19040700 0.98170500
vn 0.00000000 -0.45006500 0.89299600
vn 0.00000000 -0.67336900 0.73930600
vn 0.00000000 -0.84184000 0.53972700
vn 0.00000000 -0.94982300 0.31278800
vn 0.00000000 -0.99618200 0.08730400
vn -0.00000000 -0.98595700 -0.16700200
vn 0.00000000 -0.99468600 0.10295700
vn 0.00000000 -0.92587500 0.37783000
vn 0.00000000 -0.79360900 0.60842800
vn 0.00000000 -0.60405200 0.79694500
vn 0.00000000 -0.36591000 0.93065000
vn 0.00000000 -0.09808600 0.99517800
vn 0.00000000 0.17683600 0.98424000
vn 0.00000000 0.43711600 0.89940500
vn 0.00000000 0.66514000 0.74671900
vn 0.00000000 0.84382500 0.53661800
vn 0.00000000 0.95684500 0.29059900
vn 0.00000000 0.99839600 0.05662000
vn 0.00000000 0.98043700 -0.19683100
vn 0.00000000 0.97202200 -0.23488800
vn -0.00000000 -0.97250100 -0.23290000
vn -0.00000000 -0.89774200 -0.44052100
vn 0.00000000 0.88945100 -0.45703100
vn 0.00000000 0.49673300 -0.86790300
vn -0.00000000 -0.49673300 -0.86790300
vn 0.00000000 0.29265000 -0.95622000
vn -0.00000000 -0.29200800 -0.95641600
vn 0.00000000 0.17537700 -0.98450100
vn -0.00000000 -0.14183400 -0.98989000
vn -0.00000000 -0.17537700 -0.98450100
vn 0.00000000 0.14183400 -0.98989000
vn -0.00000000 -0.10153900 -0.99483200
vn 0.00000000 0.10055900 -0.99493100
vn 0.00000000 0.90982100 -0.41500000
vn -0.00000000 -0.91573000 -0.40179400
vn -0.00000000 -0.76848800 -0.63986400
vn 0.00000000 0.76044900 -0.64939700
vn 0.00000000 0.88997300 -0.45601400
vn -0.00000000 -0.88990400 -0.45614800
vn 0.00000000 0.96217600 -0.27242700
vn -0.00000000 -0.96198700 -0.27309400
vn 0.00000000 0.79760600 -0.60317900
vn -0.00000000 -0.79941000 -0.60078600
vn 0.00000000 0.72371000 -0.69010400
vn -0.00000000 -0.72036200 -0.69359800
vn -0.00000000 -0.44426900 -0.89589300
vn 0.00000000 0.44426900 -0.89589300
vn 0.00000000 0.81261000 -0.58280700
vn -0.00000000 -0.81117900 -0.58479800
vn 0.00000000 0.99991700 -0.01284700
vn -0.00000000 -0.99951200 -0.03122200
vn 0.00000000 0.96295100 0.26967500
vn 0.00000000 0.97420800 0.22565000
vn 0.00000000 0.86138500 0.50795200
vn 0.00000000 0.87073400 0.49175400
vn 0.00000000 0.70501700 0.70919000
vn 0.00000000 0.70869500 0.70551500
vn 0.00000000 0.50055500 0.86570500
vn 0.00000000 0.52155400 0.85321800
vn 0.00000000 -0.00442800 0.99999000
vn 0.00000000 0.03379900 0.99942900
vn 0.00000000 0.25927500 0.96580400
vn 0.00000000 0.30364700 0.95278500
vn 0.00000000 -0.27395200 0.96174300
vn 0.00000000 -0.23255400 0.97258300
vn 0.00000000 -0.70906700 0.70514100
vn 0.00000000 -0.68437600 0.72913000
vn 0.00000000 -0.51593100 0.85663000
vn 0.00000000 -0.44988600 0.89308600
vn 0.00000000 -0.85878900 0.51232900
vn 0.00000000 -0.86900000 0.49481200
vn 0.00000000 -0.96477100 0.26309300
vn 0.00000000 -0.96745900 0.25302800
vn 0.00000000 0.58129800 -0.81369100
vn -0.00000000 -0.57917800 -0.81520100
vn 0.00000000 0.67609400 -0.73681500
vn -0.00000000 -0.67487400 -0.73793300
vn 0.00000000 0.92269000 -0.38554200
vn -0.00000000 -0.91702800 -0.39882200
vn 0.00000000 0.55527700 -0.83166600
vn -0.00000000 -0.55725800 -0.83033900
vn 0.00000000 0.50983000 -0.86027500
vn -0.00000000 -0.50947200 -0.86048700
vn 0.00000000 0.78036600 -0.62532300
vn -0.00000000 -0.77694900 -0.62956300
vn 0.00000000 0.99543300 0.09546600
vn 0.00000000 0.92846700 0.37141500
vn 0.00000000 0.82172000 0.56989200
vn 0.00000000 0.66253200 0.74903400
vn 0.00000000 0.44501200 0.89552500
vn 0.00000000 0.19221300 0.98135300
vn 0.00000000 -0.07307400 0.99732600
vn 0.00000000 -0.34480600 0.93867400
vn 0.00000000 -0.57445700 0.81853400
vn 0.00000000 -0.76534700 0.64361800
vn 0.00000000 -0.90702100 0.42108600
vn 0.00000000 -0.98970500 0.14311900
vn -0.00000000 -0.98868500 -0.15000500
vn 0.00000000 -0.99543300 0.09546600
vn 0.00000000 -0.92846700 0.37141500
vn 0.00000000 -0.82172000 0.56989100
vn 0.00000000 -0.66253200 0.74903300
vn 0.00000000 -0.44501200 0.89552400
vn 0.00000000 -0.19221200 0.98135300
vn 0.00000000 0.07307600 0.99732600
vn 0.00000000 0.34480900 0.93867300
vn 0.00000000 0.57446100 0.81853200
vn 0.00000000 0.76535000 0.64361400
vn 0.00000000 0.90702300 0.42108100
vn 0.00000000 0.98970600 0.14311200
vn 0.00000000 0.98868400 -0.15001400
vn -0.00000000 -0.94467400 -0.32801200
vn 0.00000000 0.94467200 -0.32801800
vn 0.00000000 0.90662500 -0.42193800
vn -0.00000000 -0.90662400 -0.42193800
vn 0.00000000 0.43088300 -0.90240800
vn -0.00000000 -0.42956200 -0.90303700
vn 0.00000000 0.90213600 -0.43145100
vn -0.00000000 -0.89958200 -0.43675200
vn 0.00000000 0.98556900 0.16927500
vn 0.00000000 -0.98929900 0.14590000
vn 0.00000000 0.93969900 0.34200200
vn 0.00000000 0.76655500 0.64217800
vn 0.00000000 0.61342400 0.78975400
vn 0.00000000 0.41326600 0.91061100
vn 0.00000000 0.20910400 0.97789300
vn 0.00000000 -0.13977900 0.99018300
vn 0.00000000 -0.33166000 0.94339900
vn 0.00000000 -0.51765000 0.85559300
vn 0.00000000 -0.80742500 0.58997100
vn 0.00000000 -0.92108600 0.38936000
vn 0.00000000 0.98943100 -0.14500400
vn -0.00000000 -0.98291200 -0.18407800
vn 0.00000000 0.74542600 -0.66658800
vn -0.00000000 -0.74542600 -0.66658800
vn 0.00000000 0.87793900 -0.47877200
vn -0.00000000 -0.87793900 -0.47877200
vn 0.00000000 0.96346400 -0.26783900
vn -0.00000000 -0.96346400 -0.26783900
vn 0.00000000 0.99994000 0.01097300
vn 0.00000000 0.97284800 0.23144600
vn 0.00000000 0.87901800 0.47678900
vn 0.00000000 0.72038500 0.69357500
vn 0.00000000 0.50831000 0.86117400
vn 0.00000000 0.25833300 0.96605600
vn 0.00000000 -0.01108700 0.99993900
vn 0.00000000 -0.27979000 0.96006100
vn 0.00000000 -0.52803400 0.84922300
vn 0.00000000 -0.73721400 0.67565900
vn 0.00000000 -0.89214400 0.45175100
vn 0.00000000 -0.98104900 0.19375800
vn -0.00000000 -0.99670300 -0.08113600
vn 0.00000000 -0.99994000 0.01097300
vn 0.00000000 -0.97284800 0.23144600
vn 0.00000000 -0.87901800 0.47678900
vn 0.00000000 -0.72038500 0.69357500
vn 0.00000000 -0.50831000 0.86117400
vn 0.00000000 -0.25833300 0.96605600
vn 0.00000000 0.01108700 0.99993900
vn 0.00000000 0.27979000 0.96006100
vn 0.00000000 0.52803400 0.84922300
vn 0.00000000 0.73721400 0.67565900
vn 0.00000000 0.89214400 0.45175100
vn 0.00000000 0.98104900 0.19375800
vn 0.00000000 0.99670300 -0.08113600
vn -0.00000000 -0.93477900 -0.35523000
vn 0.00000000 0.93477900 -0.35523000
vn -0.00000000 -0.78332000 -0.62161900
vn 0.00000000 0.78332000 -0.62161900
vn 0.00000000 0.59056400 -0.80699100
vn -0.00000000 -0.59084100 -0.80678800
vn -0.00000000 -0.61392000 -0.78936800
vn 0.00000000 0.61392000 -0.78936800
vn 0.00000000 0.76126200 -0.64844500
vn -0.00000000 -0.75980800 -0.65014800
vn -0.00000000 -0.43184500 -0.90194800
vn 0.00000000 0.43184500 -0.90194800
vn -0.00000000 -0.41734200 -0.90874900
vn 0.00000000 0.41734200 -0.90875000
vn 0.00000000 0.78086700 -0.62469700
vn -0.00000000 -0.78493600 -0.61957700
vn 0.00000000 0.56033200 -0.82826800
vn -0.00000000 -0.56032500 -0.82827300
vn 0.00000000 0.90371200 -0.42814100
vn -0.00000000 -0.90524900 -0.42488200
vn 0.00000000 0.98490800 -0.17308100
vn -0.00000000 -0.98652800 -0.16359000
vn 0.00000000 0.55241700 -0.83356800
vn -0.00000000 -0.55762800 -0.83009100
vn 0.00000000 0.99755700 0.06985400
vn 0.00000000 0.99553800 0.09436300
vn 0.00000000 0.92771800 0.37328200
vn 0.00000000 0.93723100 0.34870900
vn 0.00000000 0.79475500 0.60693000
vn 0.00000000 0.81362200 0.58139500
vn 0.00000000 0.60824500 0.79374900
vn 0.00000000 0.63624100 0.77149000
vn 0.00000000 0.38032300 0.92485400
vn 0.00000000 0.41514800 0.90975400
vn 0.00000000 0.12194800 0.99253600
vn 0.00000000 0.16292400 0.98663900
vn 0.00000000 -0.14602100 0.98928100
vn 0.00000000 -0.10198400 0.99478600
vn 0.00000000 -0.40045200 0.91631800
vn 0.00000000 -0.36040800 0.93279500
vn 0.00000000 -0.62571300 0.78005300
vn 0.00000000 -0.59612200 0.80289400
vn 0.00000000 -0.80618000 0.59167100
vn 0.00000000 -0.79168600 0.61092800
vn 0.00000000 -0.93156000 0.36358700
vn 0.00000000 -0.92924600 0.36946100
vn 0.00000000 -0.99410100 0.10846200
vn 0.00000000 -0.99811800 0.06132500
vn 0.00000000 0.87534200 -0.48350400
vn -0.00000000 -0.87789000 -0.47886200
vn 0.00000000 0.19770800 -0.98026100
vn -0.00000000 -0.19728400 -0.98034600
vn 0.00000000 0.43787300 -0.89903700
vn -0.00000000 -0.43677100 -0.89957300
vn -0.00000000 -0.68506100 -0.72848600
vn 0.00000000 0.68418700 -0.72930600
vn 0.00000000 0.97528700 -0.22094000
vn -0.00000000 -0.98274700 -0.18495500
vn 0.00000000 0.99997200 0.00742000
vn 0.00000000 0.97854100 0.20605200
vn 0.00000000 0.96872600 0.24813100
vn 0.00000000 0.88312700 0.46913300
vn 0.00000000 0.87535600 0.48347900
vn 0.00000000 0.72868900 0.68484500
vn 0.00000000 0.71658600 0.69749900
vn 0.00000000 0.52453000 0.85139200
vn 0.00000000 0.49889200 0.86666400
vn 0.00000000 0.28473900 0.95860500
vn 0.00000000 0.24041200 0.97067100
vn 0.00000000 0.02499500 0.99968800
vn 0.00000000 -0.03252500 0.99947100
vn 0.00000000 -0.23682900 0.97155100
vn 0.00000000 -0.28591500 0.95825500
vn 0.00000000 -0.48497100 0.87453000
vn 0.00000000 -0.51668400 0.85617600
vn 0.00000000 -0.69883200 0.71528600
vn 0.00000000 -0.72115600 0.69277200
vn 0.00000000 -0.85987000 0.51051300
vn 0.00000000 -0.87667600 0.48108200
vn 0.00000000 -0.96297300 0.26959600
vn 0.00000000 -0.97357300 0.22837700
vn 0.00000000 -0.99987600 0.01575000
vn -0.00000000 -0.98730000 -0.15886800
vn 0.00000000 0.98729600 -0.15889100
vn 0.00000000 0.73761000 -0.67522600
vn -0.00000000 -0.73761000 -0.67522600
vn 0.00000000 0.66369900 -0.74800000
vn -0.00000000 -0.66157400 -0.74988000
vn 0.00000000 0.84031900 -0.54209300
vn -0.00000000 -0.83535000 -0.54971800
vn 0.00000000 0.91226000 0.40961100
vn 0.00000000 0.98845900 0.15148800
vn 0.00000000 0.78596000 0.61827800
vn 0.00000000 0.60707100 0.79464800
vn 0.00000000 0.38517100 0.92284500
vn 0.00000000 -0.13466500 0.99089100
vn 0.00000000 0.13328300 0.99107800
vn 0.00000000 -0.40810600 0.91293400
vn 0.00000000 -0.77799800 0.62826700
vn 0.00000000 -0.61741000 0.78664200
vn 0.00000000 -0.90364700 0.42827700
vn 0.00000000 -0.98523900 0.17118700
vn 0.00000000 0.34991000 -0.93678300
vn -0.00000000 -0.35100600 -0.93637300
vn 0.00000000 0.90227200 0.43116700
vn 0.00000000 0.73941500 0.67325000
vn 0.00000000 -0.22779200 0.97371000
vn 0.00000000 -0.90227300 0.43116500
vn 0.00000000 -0.73941600 0.67324900
vn 0.00000000 0.22779500 0.97370900
vn 0.00000000 0.37793100 -0.92583400
vn -0.00000000 -0.37793100 -0.92583400
vn 0.00000000 0.99164400 -0.12900400
vn -0.00000000 -0.99131800 -0.13148300
vn 0.00000000 0.86010100 -0.51012300
vn -0.00000000 -0.86606000 -0.49994100
vn -0.00000000 -0.17037000 -0.98538000
vn 0.00000000 0.17036900 -0.98538000
vn -0.00000000 -0.80329600 -0.59558000
vn 0.00000000 0.79330600 -0.60882300
vn 0.00000000 0.99699500 -0.07746200
vn 0.00000000 0.97666000 0.21479300
vn 0.00000000 0.89372100 0.44862300
vn 0.00000000 0.75201900 0.65914200
vn 0.00000000 0.53565300 0.84443800
vn 0.00000000 0.29760600 0.95468900
vn 0.00000000 0.04648200 0.99891900
vn 0.00000000 -0.20616900 0.97851600
vn 0.00000000 -0.44664100 0.89471300
vn 0.00000000 -0.66243700 0.74911700
vn 0.00000000 -0.83376400 0.55212100
vn 0.00000000 -0.94674600 0.32198200
vn 0.00000000 -0.99344400 0.11432400
vn -0.00000000 -0.99786200 -0.06536000
vn 0.00000000 -0.97590300 0.21820600
vn 0.00000000 -0.88854800 0.45878400
vn 0.00000000 -0.75267400 0.65839400
vn 0.00000000 -0.55571200 0.83137500
vn 0.00000000 -0.33294000 0.94294800
vn 0.00000000 -0.07861000 0.99690500
vn 0.00000000 0.19354300 0.98109200
vn 0.00000000 0.44924800 0.89340700
vn 0.00000000 0.66211800 0.74939900
vn 0.00000000 0.82660900 0.56277700
vn 0.00000000 0.94345400 0.33150400
vn 0.00000000 0.99379600 0.11122000
vn -0.00000000 -0.65785200 -0.75314700
vn 0.00000000 0.65523100 -0.75542900
vn 0.00000000 0.88145000 -0.47227700
vn -0.00000000 -0.87222000 -0.48911400
vn 0.00000000 0.20983200 -0.97773700
vn -0.00000000 -0.20927400 -0.97785700
vn 0.00000000 0.44439200 -0.89583200
vn -0.00000000 -0.44633200 -0.89486700
vn -0.00000000 -0.69050200 -0.72333000
vn 0.00000000 0.69046700 -0.72336400
vn 0.00000000 0.37245900 -0.92804900
vn -0.00000000 -0.37229700 -0.92811400
vn 0.00000000 0.45655000 -0.88969800
vn -0.00000000 -0.45654900 -0.88969800
vn -0.00000000 -0.39022100 -0.92072100
vn 0.00000000 0.39022100 -0.92072100
vn 0.00000000 0.92573000 -0.37818400
vn -0.00000000 -0.93041300 -0.36651200
vn 0.00000000 0.96975100 -0.24409600
vn -0.00000000 -0.97114600 -0.23848600
vn 0.00000000 0.99665000 -0.08179000
vn -0.00000000 -0.99713800 -0.07560900
vn 0.00000000 0.58190900 -0.81325400
vn -0.00000000 -0.58190900 -0.81325400
vn 0.00000000 0.62075600 -0.78400400
vn -0.00000000 -0.62075500 -0.78400500
vn 0.00000000 0.99795300 -0.06395700
vn -0.00000000 -0.99811400 -0.06139000
vn 0.00000000 0.30619900 -0.95196800
vn -0.00000000 -0.30669600 -0.95180800
vn 0.00000000 0.99226000 0.12418100
vn 0.00000000 0.91875600 0.39482600
vn 0.00000000 0.79329400 0.60883900
vn 0.00000000 0.61029400 0.79217500
vn 0.00000000 0.39513300 0.91862400
vn 0.00000000 0.15840900 0.98737400
vn 0.00000000 -0.09582100 0.99539900
vn 0.00000000 -0.35440300 0.93509300
vn 0.00000000 -0.57214300 0.82015400
vn 0.00000000 -0.75099400 0.66030900
vn 0.00000000 -0.89164200 0.45274200
vn 0.00000000 -0.98189700 0.18941800
vn 0.00000000 -0.98721600 0.15938800
vn 0.00000000 -0.92228400 0.38651200
vn 0.00000000 -0.81538000 0.57892600
vn 0.00000000 -0.66219200 0.74933400
vn 0.00000000 -0.43717400 0.89937700
vn 0.00000000 -0.20248900 0.97928500
vn 0.00000000 0.04570000 0.99895500
vn 0.00000000 0.31136200 0.95029100
vn 0.00000000 0.54619600 0.83765700
vn 0.00000000 0.74358300 0.66864300
vn 0.00000000 0.90394500 0.42764900
vn 0.00000000 0.98761600 0.15689300
vn -0.00000000 -0.99715500 -0.07538000
vn 0.00000000 0.99510900 -0.09878400
vn -0.00000000 -0.76775000 -0.64075000
vn 0.00000000 0.76774900 -0.64075000
vn -0.00000000 -0.91761500 -0.39747100
vn 0.00000000 0.91761500 -0.39747100
vn -0.00000000 -0.98282900 -0.18451900
vn 0.00000000 0.98282900 -0.18451900
vn 0.00000000 0.98796100 -0.15470500
vn -0.00000000 -0.98796100 -0.15470500
vn 0.00000000 0.98534700 0.17056400
vn 0.00000000 0.92670700 0.37578400
vn 0.00000000 0.79143000 0.61126000
vn 0.00000000 0.62584200 0.77995000
vn 0.00000000 0.35566700 0.93461300
vn 0.00000000 0.14091700 0.99002100
vn 0.00000000 -0.16712300 0.98593600
vn 0.00000000 -0.38611400 0.92245100
vn 0.00000000 -0.65043300 0.75956400
vn 0.00000000 -0.80307800 0.59587400
vn 0.00000000 -0.94456500 0.32832400
vn 0.00000000 -0.99368300 0.11222200
vn 0.00000000 -0.98534700 0.17056400
vn 0.00000000 -0.92670700 0.37578400
vn 0.00000000 -0.79143000 0.61126000
vn 0.00000000 -0.62584200 0.77995000
vn 0.00000000 -0.35566700 0.93461300
vn 0.00000000 -0.14091700 0.99002100
vn 0.00000000 0.16712300 0.98593600
vn 0.00000000 0.38611400 0.92245100
vn 0.00000000 0.65043300 0.75956400
vn 0.00000000 0.80307800 0.59587400
vn 0.00000000 0.94456500 0.32832300
vn 0.00000000 0.99368300 0.11222100
vn -0.00000000 -0.61525200 -0.78833100
vn 0.00000000 0.61469100 -0.78876800
vn 0.00000000 0.98807000 -0.15400400
vn -0.00000000 -0.98807000 -0.15400400
vn 0.00000000 0.99517300 0.09814000
vn 0.00000000 0.92572400 0.37820000
vn 0.00000000 0.82594800 0.56374600
vn 0.00000000 0.62234900 0.78274000
vn 0.00000000 0.42535500 0.90502600
vn 0.00000000 0.13498100 0.99084800
vn 0.00000000 -0.09758300 0.99522700
vn 0.00000000 -0.39267100 0.91967900
vn 0.00000000 -0.59534300 0.80347200
vn 0.00000000 -0.80824500 0.58884600
vn 0.00000000 -0.92224800 0.38659800
vn 0.00000000 -0.99530000 0.09684400
vn -0.00000000 -0.99048300 -0.13763800
vn 0.00000000 -0.99517300 0.09814000
vn 0.00000000 -0.92572400 0.37820000
vn 0.00000000 -0.82594800 0.56374600
vn 0.00000000 -0.62234900 0.78274000
vn 0.00000000 -0.42535500 0.90502600
vn 0.00000000 -0.13498100 0.99084800
vn 0.00000000 0.09758300 0.99522700
vn 0.00000000 0.39267100 0.91967900
vn 0.00000000 0.59534300 0.80347200
vn 0.00000000 0.80824500 0.58884600
vn 0.00000000 0.92224800 0.38659800
vn 0.00000000 0.99530000 0.09684400
vn 0.00000000 0.99048300 -0.13763800
vn -0.00000000 -0.90742300 -0.42021900
vn 0.00000000 0.90742300 -0.42021900
vn -0.00000000 -0.78192900 -0.62336700
vn 0.00000000 0.78192900 -0.62336700
vn 0.00000000 0.99595000 -0.08991200
vn -0.00000000 -0.99764500 -0.06859100
vn -0.00000000 -0.61342000 -0.78975700
vn 0.00000000 0.61342000 -0.78975700
vn 0.00000000 0.78984200 -0.61331000
vn -0.00000000 -0.78984200 -0.61331000
vn 0.00000000 0.75164500 -0.65956800
vn -0.00000000 -0.74258200 -0.66975500
vn -0.00000000 -0.23877900 -0.97107400
vn 0.00000000 0.24025800 -0.97070900
vn -0.00000000 -0.35985800 -0.93300700
vn 0.00000000 0.35985800 -0.93300700
vn 0.00000000 0.96816000 0.25033200
vn 0.00000000 0.73303100 0.68019500
vn 0.00000000 0.28280100 0.95917900
vn 0.00000000 -0.24850600 0.96863000
vn 0.00000000 -0.71057900 0.70361700
vn 0.00000000 -0.96984300 0.24372900
vn 0.00000000 -0.96816000 0.25033200
vn 0.00000000 -0.73303100 0.68019500
vn 0.00000000 -0.28280100 0.95917900
vn 0.00000000 0.24850600 0.96863000
vn 0.00000000 0.71057900 0.70361700
vn 0.00000000 0.96984300 0.24372900
vn -0.00000000 -0.95900600 -0.28338400
vn 0.00000000 0.95900600 -0.28338400
vn 0.00000000 0.95307200 -0.30274300
vn -0.00000000 -0.95307200 -0.30274300
vn 0.00000000 0.66656600 -0.74544600
vn -0.00000000 -0.67330300 -0.73936700
vn 0.00000000 0.99937300 0.03539900
vn 0.00000000 0.99566000 0.09306400
vn 0.00000000 -0.99566800 0.09298100
vn 0.00000000 0.35125500 -0.93628000
vn -0.00000000 -0.35125400 -0.93628000
vn -0.00000000 -0.98956300 -0.14410000
vn 0.00000000 0.98949700 -0.14455300
vn 0.00000000 -0.99899100 0.04491600
vn 0.00000000 0.94699800 0.32124000
vn 0.00000000 -0.94703500 0.32112900
vn 0.00000000 0.84377400 0.53669900
vn 0.00000000 -0.84385500 0.53657200
vn 0.00000000 0.68429200 0.72920800
vn 0.00000000 -0.68442100 0.72908700
vn 0.00000000 0.47375100 0.88065900
vn 0.00000000 -0.47391800 0.88056900
vn 0.00000000 0.22619600 0.97408200
vn 0.00000000 -0.22637400 0.97404000
vn 0.00000000 -0.04038600 0.99918400
vn 0.00000000 0.04023600 0.99919000
vn 0.00000000 -0.30597300 0.95204000
vn 0.00000000 0.30589300 0.95206600
vn 0.00000000 -0.55019800 0.83503400
vn 0.00000000 0.55021400 0.83502300
vn 0.00000000 -0.75377000 0.65713800
vn 0.00000000 0.75387000 0.65702400
vn 0.00000000 -0.89913200 0.43767700
vn 0.00000000 0.89925400 0.43742700
vn 0.00000000 -0.98092900 0.19436500
vn 0.00000000 0.98100500 0.19398400
vn 0.00000000 0.65331500 -0.75708600
vn -0.00000000 -0.65112300 -0.75897200
vn 0.00000000 0.91900700 -0.39424100
vn -0.00000000 -0.91900700 -0.39424100
vn 0.00000000 0.92047600 -0.39080000
vn -0.00000000 -0.92227100 -0.38654500
vn 0.00000000 0.99446400 -0.10508200
vn -0.00000000 -0.99446400 -0.10508200
vn 0.00000000 0.99408500 0.10860400
vn 0.00000000 -0.99408500 0.10860400
vn 0.00000000 0.80841400 0.58861400
vn 0.00000000 0.38841400 0.92148500
vn 0.00000000 -0.14542400 0.98936900
vn 0.00000000 -0.63758700 0.77037800
vn 0.00000000 -0.94500900 0.32704300
vn 0.00000000 -0.80841400 0.58861400
vn 0.00000000 -0.38841400 0.92148500
vn 0.00000000 0.14542400 0.98936900
vn 0.00000000 0.63758700 0.77037800
vn 0.00000000 0.94500900 0.32704300
vn -0.00000000 -0.97604300 -0.21757800
vn 0.00000000 0.97604300 -0.21757800
vn 0.00000000 0.93538300 0.35363600
vn 0.00000000 0.62152100 0.78339700
vn 0.00000000 0.12626000 0.99199700
vn 0.00000000 -0.40650400 0.91364900
vn 0.00000000 -0.82163800 0.57001000
vn 0.00000000 -0.93538300 0.35363600
vn 0.00000000 -0.62152100 0.78339700
vn 0.00000000 -0.12626000 0.99199700
vn 0.00000000 0.40650400 0.91364900
vn 0.00000000 0.82163800 0.57001000
vn 0.00000000 -0.99828600 0.05851600
vn 0.00000000 0.99828600 0.05851600
vn -0.00000000 -0.87345700 -0.48690100
vn 0.00000000 0.87345700 -0.48690100
vn -0.00000000 -0.66815700 -0.74402000
vn 0.00000000 0.66815700 -0.74402000
vn 0.00000000 0.99024200 -0.13936000
vn -0.00000000 -0.99023400 -0.13941600
vn 0.00000000 0.81366000 -0.58134100
vn -0.00000000 -0.80965700 -0.58690400
vn -0.00000000 -0.89504400 -0.44597800
vn 0.00000000 0.89503000 -0.44600600
vn 0.00000000 0.93028200 -0.36684400
vn -0.00000000 -0.93026900 -0.36687700
vn 0.00000000 0.74983200 -0.66162800
vn -0.00000000 -0.74985300 -0.66160400
vn 0.00000000 0.02600800 0.99966200
vn 0.00000000 -0.69937700 0.71475300
vn 0.00000000 -0.99963700 0.02694100
vn 0.00000000 0.99971300 0.02396000
vn 0.00000000 -0.02638400 0.99965200
vn 0.00000000 -0.72530600 0.68842700
vn 0.00000000 0.96607500 0.25826100
vn -0.00000000 -0.91904300 -0.39415700
vn 0.00000000 0.90966300 -0.41534700
vn -0.00000000 -0.09207100 -0.99575200
vn 0.00000000 0.09207100 -0.99575200
vn 0.00000000 0.32147000 -0.94692000
vn -0.00000000 -0.32059600 -0.94721600
vn 0.00000000 0.91821700 -0.39607700
vn -0.00000000 -0.91886400 -0.39457500
vn -0.00000000 -0.96407800 -0.26562100
vn 0.00000000 0.96397600 -0.26599100
vn -0.00000000 -0.77674000 -0.62982100
vn 0.00000000 0.77672600 -0.62983900
vn -0.00000000 -0.99990800 -0.01354400
vn 0.00000000 -0.28415200 0.95877900
vn 0.00000000 0.84044800 -0.54189300
vn -0.00000000 -0.84044800 -0.54189300
vn 0.00000000 0.74253000 0.66981300
vn 0.00000000 0.54609700 0.83772200
vn 0.00000000 0.31337300 0.94963000
vn 0.00000000 0.05741800 0.99835000
vn 0.00000000 -0.22029100 0.97543400
vn 0.00000000 -0.47542100 0.87975900
vn 0.00000000 -0.68323800 0.73019500
vn 0.00000000 -0.84824200 0.52960900
vn 0.00000000 -0.95820500 0.28608300
vn 0.00000000 -0.74253100 0.66981200
vn 0.00000000 -0.54609800 0.83772100
vn 0.00000000 -0.31337300 0.94963000
vn 0.00000000 -0.05741700 0.99835000
vn 0.00000000 0.22029300 0.97543400
vn 0.00000000 0.47542400 0.87975700
vn 0.00000000 0.68324300 0.73019100
vn 0.00000000 0.84824600 0.52960200
vn 0.00000000 0.95820800 0.28607400
vn 0.00000000 -0.99972600 0.02341000
vn 0.00000000 0.99972600 0.02339900
vn 0.00000000 0.49718300 0.86764600
vn 0.00000000 -0.88047800 0.47408600
vn 0.00000000 0.87005200 0.49296000
vn 0.00000000 -0.97603300 0.21762000
vn 0.00000000 0.71106600 0.70312600
vn 0.00000000 0.52921400 0.84848800
vn 0.00000000 0.73335900 0.67984100
vn 0.00000000 0.88648400 0.46275900
vn 0.00000000 -0.96158400 0.27451200
vn 0.00000000 0.97973200 0.20031300
vn 0.00000000 -0.23705200 0.97149700
vn 0.00000000 -0.85925300 0.51155100
vn 0.00000000 0.99646300 -0.08403500
vn 0.00000000 0.28670900 0.95801800
vn 0.00000000 -0.48673500 0.87355000
vn 0.00000000 0.14907100 -0.98882700
vn -0.00000000 -0.14907200 -0.98882600
vn 0.00000000 -0.51987900 0.85424000
vn 0.00000000 0.94150900 -0.33698800
vn -0.00000000 -0.94147700 -0.33707800
vn 0.00000000 0.24409700 0.96975100
vn 0.00000000 -0.84987400 0.52698700
vn 0.00000000 -0.95994800 0.28017900
vn 0.00000000 0.85038800 0.52615700
vn 0.00000000 0.96052700 0.27818800
vn 0.00000000 -0.67461700 0.73816800
vn 0.00000000 0.67458300 0.73819900
vn 0.00000000 -0.44874500 0.89366000
vn 0.00000000 0.44805400 0.89400600
vn 0.00000000 -0.19014900 0.98175500
vn 0.00000000 0.18899500 0.98197800
vn 0.00000000 0.08145900 0.99667700
vn 0.00000000 -0.08280900 0.99656500
vn 0.00000000 0.34572200 0.93833700
vn 0.00000000 -0.34704400 0.93784900
vn 0.00000000 0.58332700 0.81223700
vn 0.00000000 -0.58442900 0.81144500
vn 0.00000000 0.77752500 0.62885200
vn 0.00000000 -0.77825900 0.62794400
vn 0.00000000 0.91524000 0.40291000
vn 0.00000000 -0.91558400 0.40212700
vn 0.00000000 0.85407000 -0.52015800
vn -0.00000000 -0.84751200 -0.53077600
vn 0.00000000 0.90951100 0.41568100
vn 0.00000000 0.78567200 0.61864300
vn 0.00000000 0.57308800 0.81949400
vn 0.00000000 0.07631000 0.99708400
vn 0.00000000 -0.10466700 0.99450700
vn 0.00000000 -0.58271300 0.81267800
vn 0.00000000 -0.79781900 0.60289700
vn 0.00000000 -0.90692200 0.42129800
vn 0.00000000 0.98811600 0.15370900
vn 0.00000000 -0.98819400 0.15320500
vn -0.00000000 -0.99690200 -0.07865900
vn 0.00000000 0.99690100 -0.07866400
vn 0.00000000 0.28151700 -0.95955600
vn -0.00000000 -0.28151700 -0.95955600
vn -0.00000000 -0.81275500 -0.58260500
vn 0.00000000 0.81274800 -0.58261600
vn 0.00000000 -0.94270300 0.33363400
vn 0.00000000 0.94270400 0.33363000
vn 0.00000000 -0.65745300 0.75349500
vn 0.00000000 0.65745600 0.75349300
vn 0.00000000 -0.21481000 0.97665600
vn 0.00000000 0.21481100 0.97665600
vn 0.00000000 0.31374800 0.94950600
vn 0.00000000 -0.31374800 0.94950600
vn -0.00000000 -0.97852100 -0.20614900
vn 0.00000000 0.91285900 0.40827500
vn 0.00000000 -0.91285900 0.40827400
vn 0.00000000 0.98606100 -0.16638500
vn 0.00000000 -0.99137200 0.13107500
vn 0.00000000 0.99137300 0.13107100
vn 0.00000000 -0.82844100 0.56007600
vn 0.00000000 0.82844300 0.56007300
vn 0.00000000 -0.44388100 0.89608600
vn 0.00000000 0.44388300 0.89608500
vn 0.00000000 0.08803700 0.99611700
vn 0.00000000 -0.08803600 0.99611700
vn 0.00000000 0.59400900 0.80445800
vn 0.00000000 -0.59400900 0.80445800
vn 0.00000000 0.99166200 -0.12886300
vn -0.00000000 -0.99166200 -0.12886300
vn -0.00000000 -0.96055700 -0.27808200
vn 0.00000000 0.96055200 -0.27809900
vn -0.00000000 -0.86679300 -0.49866800
vn 0.00000000 0.86679300 -0.49866800
vn 0.00000000 0.93084200 0.36542100
vn 0.00000000 -0.93084200 0.36542100
vn 0.00000000 0.61470100 0.78876000
vn 0.00000000 -0.61470100 0.78876000
vn 0.00000000 -0.99863800 0.05217400
vn 0.00000000 0.99863800 0.05217400
vn 0.00000000 0.11921800 0.99286800
vn 0.00000000 -0.11921800 0.99286800
vn 0.00000000 -0.41220500 0.91109100
vn 0.00000000 0.41220500 0.91109100
vn 0.00000000 -0.82484500 0.56535800
vn 0.00000000 0.82484500 0.56535800
vn 0.00000000 -0.06303100 0.99801200
vn 0.00000000 0.06303200 0.99801200
vn 0.00000000 0.45897600 0.88844900
vn 0.00000000 -0.45897600 0.88844900
vn 0.00000000 0.99246900 0.12249800
vn 0.00000000 -0.99246900 0.12249800
vn -0.00000000 -0.97412100 -0.22602500
vn 0.00000000 0.97412100 -0.22602500
vn 0.00000000 0.80238000 0.59681300
vn 0.00000000 -0.80238000 0.59681300
vn 0.00000000 0.38130600 0.92444900
vn 0.00000000 -0.38130600 0.92444900
vn 0.00000000 -0.15196600 0.98838600
vn 0.00000000 0.15196600 0.98838600
vn 0.00000000 -0.94683300 0.32172700
vn 0.00000000 0.94683300 0.32172700
vn 0.00000000 -0.64211400 0.76660900
vn 0.00000000 0.64211400 0.76660900
vn 0.00000000 0.98074800 0.19527600
vn 0.00000000 -0.98074800 0.19527500
vn 0.00000000 0.61930300 -0.78515200
vn -0.00000000 -0.61439100 -0.78900200
vn 0.00000000 0.98761000 -0.15692700
vn -0.00000000 -0.99407400 -0.10870600
vn -0.00000000 -0.95105100 -0.30903500
vn 0.00000000 0.95020600 -0.31162300
vn 0.00000000 0.78537500 0.61902000
vn 0.00000000 -0.78537600 0.61901900
vn 0.00000000 0.26436300 0.96442300
vn 0.00000000 0.71670200 0.69737900
vn 0.00000000 0.99697300 -0.07774800
vn 0.00000000 -0.22712700 0.97386500
vn 0.00000000 0.85673000 -0.51576500
vn -0.00000000 -0.85675700 -0.51572000
vn 0.00000000 -0.92238800 0.38626500
vn 0.00000000 0.94457300 0.32830200
vn -0.00000000 -0.86479000 -0.50213300
vn 0.00000000 0.86443300 -0.50274800
vn 0.00000000 0.87644200 0.48150800
vn 0.00000000 -0.87644200 0.48150800
vn -0.00000000 -0.75683800 -0.65360200
vn 0.00000000 0.74859300 -0.66303000
vn 0.00000000 -0.99231500 0.12373800
vn 0.00000000 0.27070900 0.96266100
vn 0.00000000 -0.50208100 0.86482100
vn 0.00000000 -0.50777800 0.86148800
vn 0.00000000 0.26824700 0.96335000
vn 0.00000000 -0.66497600 0.74686500
vn 0.00000000 -0.86032400 0.50974800
vn 0.00000000 0.55243700 0.83355500
vn 0.00000000 -0.21497600 0.97661900
vn 0.00000000 0.49616100 0.86823000
vn 0.00000000 -0.28015300 0.95995500
vn 0.00000000 0.73871500 0.67401800
vn 0.00000000 -0.88234500 0.47060300
vn 0.00000000 0.69032700 0.72349800
vn 0.00000000 -0.97131800 0.23778300
vn 0.00000000 0.88620200 0.46330000
vn 0.00000000 -0.74270600 0.66961700
vn 0.00000000 -0.04086700 0.99916500
vn 0.00000000 -0.70323000 0.71096200
vn 0.00000000 0.02770500 0.99961600
vn 0.00000000 0.97416100 0.22585300
vn 0.00000000 0.87468800 0.48468700
vn -0.00000000 -0.20587900 -0.97857800
vn 0.00000000 0.20588100 -0.97857700
vn -0.00000000 -0.99908000 -0.04288900
vn -0.00000000 -0.69669200 -0.71737100
vn 0.00000000 0.69119400 -0.72266900
vn 0.00000000 -0.99965100 0.02642500
vn 0.00000000 -0.09763500 0.99522200
vn 0.00000000 0.99990400 0.01382900
vn 0.00000000 0.47796400 0.87837900
vn 0.00000000 0.15450000 -0.98799300
vn -0.00000000 -0.15517300 -0.98788700
vn 0.00000000 -0.95686900 0.29051900
vn 0.00000000 0.90990300 0.41482200
vn 0.00000000 0.40490200 -0.91436000
vn -0.00000000 -0.40874800 -0.91264700
vn 0.00000000 0.14656000 -0.98920200
vn -0.00000000 -0.14518400 -0.98940500
vn 0.00000000 0.86131300 0.50807500
vn 0.00000000 0.79284700 0.60942100
vn 0.00000000 0.41523200 0.90971600
vn 0.00000000 -0.36559700 0.93077300
vn 0.00000000 0.95838700 0.28547300
vn 0.00000000 -0.99810000 0.06162200
vn 0.00000000 -0.49440300 0.86923300
vn 0.00000000 0.12790200 -0.99178700
vn -0.00000000 -0.12790200 -0.99178700
vn 0.00000000 0.11604300 0.99324400
vn 0.00000000 -0.62978900 0.77676600
vn 0.00000000 0.12487900 0.99217200
vn 0.00000000 -0.99764400 0.06861000
vn 0.00000000 -0.85238500 0.52291500
vn 0.00000000 0.85013500 0.52656400
vn 0.00000000 0.01632400 0.99986700
vn -0.00000000 -0.46179800 -0.88698500
vn 0.00000000 0.46162400 -0.88707600
vn 0.00000000 0.64958600 -0.76028800
vn -0.00000000 -0.64958600 -0.76028800
vn 0.00000000 -0.68960400 0.72418700
vn 0.00000000 0.44220600 -0.89691400
vn -0.00000000 -0.44220600 -0.89691400
vn -0.00000000 -0.98586300 -0.16755200
vn 0.00000000 0.98556700 -0.16928500
vn 0.00000000 -0.38836200 0.92150700
vn 0.00000000 -0.97969200 0.20050700
vn 0.00000000 -0.99971300 0.02396200
vn 0.00000000 -0.81973100 0.57274800
vn 0.00000000 -0.99067100 0.13627400
vn 0.00000000 0.99656600 0.08279900
vn 0.00000000 -0.94674200 0.32199300
vn 0.00000000 0.53416700 0.84537900
vn 0.00000000 0.99917600 -0.04059800
vn -0.00000000 -0.99921100 -0.03970800
vn 0.00000000 -0.51285100 0.85847700
vn 0.00000000 -0.05329400 0.99857900
vn 0.00000000 0.02014900 0.99979700
vn 0.00000000 0.04489800 0.99899200
vn 0.00000000 -0.04489700 0.99899200
vn 0.00000000 0.99888600 -0.04718300
vn 0.00000000 0.79294200 -0.60929800
vn -0.00000000 -0.79294200 -0.60929800
vn 0.00000000 0.99996400 -0.00845700
vn 0.00000000 -0.10951300 0.99398500
vn 0.00000000 -0.38100400 0.92457400
vn 0.00000000 0.83383600 0.55201200
vn 0.00000000 0.16868700 0.98567000
vn 0.00000000 0.08026300 0.99677400
vn 0.00000000 0.99951400 0.03117400
vn 0.00000000 0.96470800 0.26332300
vn 0.00000000 0.42230100 0.90645600
vn 0.00000000 -0.62229700 0.78278100
vn 0.00000000 -0.93567200 0.35287000
vn 0.00000000 -0.19123900 0.98154400
vn 0.00000000 0.35036700 0.93661200
vn 0.00000000 -0.75407300 0.65679100
vn 0.00000000 0.99070200 0.13604900
vn 0.00000000 0.59535900 0.80346000
vn 0.00000000 0.97630700 0.21638900
vn 0.00000000 -0.97615900 0.21705600
vn 0.00000000 -0.80625400 0.59157000
vn -0.00000000 -0.99893300 -0.04617300
vn 0.00000000 -0.44787200 0.89409700
vn 0.00000000 0.64234200 0.76641800
vn 0.00000000 -0.80876400 0.58813300
vn 0.00000000 -0.84755300 0.53071100
vn 0.00000000 0.81529900 0.57904100
vn 0.00000000 0.63964600 0.76866900
vn 0.00000000 -0.96360900 0.26731600
vn 0.00000000 -0.70980600 0.70439700
vn 0.00000000 -0.86577100 0.50044000
vn 0.00000000 0.96554500 0.26023700
vn 0.00000000 -0.93681500 0.34982500
vn 0.00000000 0.49297300 0.87004500
vn 0.00000000 0.58346500 0.81213800
vn 0.00000000 0.80039400 0.59947400
vn 0.00000000 -0.63257400 0.77450000
vn 0.00000000 0.90629500 0.42264600
vn 0.00000000 0.26925300 0.96306900
vn 0.00000000 -0.67688600 0.73608800
vn 0.00000000 0.38092500 0.92460600
vn 0.00000000 -0.71047100 0.70372600
vn 0.00000000 0.06969800 0.99756800
vn 0.00000000 -0.49836600 0.86696700
vn 0.00000000 0.51071200 0.85975200
vn 0.00000000 -0.90472700 0.42599200
vn 0.00000000 -0.99913100 0.04167600
vn 0.00000000 -0.38941400 0.92106300
vn 0.00000000 -0.55204100 0.83381700
vn 0.00000000 -0.24875000 0.96856800
vn 0.00000000 0.30259000 0.95312100
vn 0.00000000 -0.14635700 0.98923200
vn 0.00000000 0.70007200 0.71407300
vn 0.00000000 0.18885400 0.98200500
vn 0.00000000 -0.36971200 0.92914600
vn 0.00000000 -0.45399200 0.89100600
vn 0.00000000 0.18012200 0.98364400
vn 0.00000000 -0.75623400 0.65430200
vn 0.00000000 0.44455900 0.89575000
vn 0.00000000 -0.18389800 0.98294500
vn 0.00000000 0.93469400 0.35545400
vn 0.00000000 0.43062900 0.90252900
vn 0.00000000 -0.81017000 0.58619500
vn 0.00000000 -0.65265400 0.75765600
vn 0.00000000 0.66481200 0.74701100
vn 0.00000000 -0.30810700 0.95135200
vn 0.00000000 -0.20398100 0.97897500
vn 0.00000000 0.82497600 0.56516800
vn 0.00000000 0.30641300 0.95189900
vn 0.00000000 -0.59711700 0.80215400
vn 0.00000000 -0.93753800 0.34788400
vn 1.00000000 0.00000000 0.00000000
vn 1.00000000 0.00000000 0.00000000
vn 1.00000000 0.00000000 0.00000000
vn 1.00000000 0.00000000 0.00000000
vn 1.00000000 0.00000000 0.00000000
vn 1.00000000 0.00000000 0.00000000
vn 1.00000000 0.00000000 0.00000000
vn 1.00000000 0.00000000 0.00000000
vn 1.00000000 0.00000000 0.00000000
vn 1.00000000 0.00000000 0.00000000
vn 1.00000000 0.00000000 0.00000000
vn 1.00000000 0.00000000 0.00000000
vn 1.00000000 0.00000000 0.00000000
vn 1.00000000 0.00000000 0.00000000
vn 1.00000000 0.00000000 0.00000000
vn 1.00000000 0.00000000 0.00000000
vn 1.00000000 0.00000000 0.00000000
vn 1.00000000 0.00000000 0.00000000
vn 1.00000000 0.00000000 0.00000000
vn 1.00000000 0.00000000 0.00000000
vn 1.00000000 0.00000000 0.00000000
vn 1.00000000 0.00000000 0.00000000
vn 1.00000000 0.00000000 0.00000000
vn 1.00000000 0.00000000 0.00000000
vn 1.00000000 0.00000000 0.00000000
vn 1.00000000 0.00000000 0.00000000
vn 1.00000000 0.00000000 0.00000000
vn 1.00000000 0.00000000 0.00000000
vn 1.00000000 0.00000000 0.00000000
vn 1.00000000 0.00000000 0.00000000
vn 1.00000000 0.00000000 0.00000000
vn -1.00000000 -0.00000000 -0.00000000
vn -1.00000000 -0.00000000 -0.00000000
vn -1.00000000 -0.00000000 -0.00000000
vn -1.00000000 -0.00000000 -0.00000000
vn -1.00000000 -0.00000000 -0.00000000
vn -1.00000000 -0.00000000 -0.00000000
vn -1.00000000 -0.00000000 -0.00000000
vn -1.00000000 -0.00000000 -0.00000000
vn -1.00000000 -0.00000000 -0.00000000
vn -1.00000000 -0.00000000 -0.00000000
vn -1.00000000 -0.00000000 -0.00000000
vn -1.00000000 -0.00000000 -0.00000000
vn -1.00000000 -0.00000000 -0.00000000
vn -1.00000000 -0.00000000 -0.00000000
vn -1.00000000 -0.00000000 -0.00000000
vn -1.00000000 -0.00000000 -0.00000000
vn -1.00000000 -0.00000000 -0.00000000
vn -1.00000000 -0.00000000 -0.00000000
vn -1.00000000 -0.00000000 -0.00000000
vn -1.00000000 -0.00000000 -0.00000000
vn -1.00000000 -0.00000000 -0.00000000
vn -1.00000000 -0.00000000 -0.00000000
vn -1.00000000 -0.00000000 -0.00000000
vn -1.00000000 -0.00000000 -0.00000000
vn -1.00000000 -0.00000000 -0.00000000
vn -1.00000000 -0.00000000 -0.00000000
vn -1.00000000 -0.00000000 -0.00000000
vn -1.00000000 -0.00000000 -0.00000000
vn -1.00000000 -0.00000000 -0.00000000
vn -1.00000000 -0.00000000 -0.00000000
vn -1.00000000 -0.00000000 -0.00000000
f 27//27 194//194 2//2
f 46//46 190//190 47//47
f 192//192 190//190 46//46
f 28//28 194//194 189//189
f 190//190 192//192 25//25
f 194//194 28//28 2//2
f 189//189 29//29 28//28
f 23//23 24//24 45//45
f 44//44 23//23 45//45
f 22//22 23//23 44//44
f 43//43 22//22 44//44
f 21//21 22//22 43//43
f 42//42 21//21 43//43
f 20//20 21//21 42//42
f 41//41 20//20 42//42
f 19//19 20//20 41//41
f 40//40 19//19 41//41
f 18//18 19//19 40//40
f 39//39 18//18 40//40
f 17//17 18//18 39//39
f 38//38 17//17 39//39
f 16//16 17//17 38//38
f 15//15 16//16 38//38
f 37//37 15//15 38//38
f 14//14 15//15 37//37
f 36//36 14//14 37//37
f 13//13 14//14 36//36
f 189//189 191//191 29//29
f 193//193 47//47 190//190
f 47//47 193//193 2//2
f 191//191 189//189 6//6
f 193//193 27//27 2//2
f 6//6 189//189 5//5
f 5//5 194//194 1//1
f 7//7 8//8 30//30
f 30//30 8//8 31//31
f 8//8 9//9 31//31
f 31//31 9//9 32//32
f 9//9 10//10 32//32
f 32//32 10//10 33//33
f 10//10 11//11 33//33
f 33//33 11//11 34//34
f 11//11 12//12 34//34
f 34//34 12//12 35//35
f 12//12 13//13 35//35
f 35//35 13//13 36//36
f 27//27 193//193 1//1
f 26//26 193//193 190//190
f 193//193 26//26 1//1
f 7//7 191//191 6//6
f 30//30 191//191 7//7
f 194//194 5//5 189//189
f 191//191 30//30 29//29
f 45//45 192//192 46//46
f 192//192 45//45 24//24
f 194//194 27//27 1//1
f 190//190 25//25 26//26
f 192//192 24//24 25//25
f 68//68 199//199 3//3
f 49//49 196//196 48//48
f 198//198 196//196 49//49
f 67//67 199//199 195//195
f 196//196 198//198 70//70
f 199//199 67//67 3//3
f 195//195 66//66 67//67
f 87//87 65//65 88//88
f 64//64 65//65 87//87
f 86//86 64//64 87//87
f 63//63 64//64 86//86
f 85//85 63//63 86//86
f 62//62 63//63 85//85
f 84//84 62//62 85//85
f 61//61 62//62 84//84
f 83//83 61//61 84//84
f 60//60 61//61 83//83
f 82//82 60//60 83//83
f 59//59 60//60 82//82
f 81//81 59//59 82//82
f 58//58 59//59 81//81
f 80//80 58//58 81//81
f 57//57 58//58 80//80
f 57//57 80//80 79//79
f 78//78 57//57 79//79
f 56//56 57//57 78//78
f 77//77 56//56 78//78
f 195//195 197//197 66//66
f 200//200 68//68 3//3
f 200//200 48//48 196//196
f 197//197 195//195 89//89
f 48//48 200//200 3//3
f 199//199 68//68 4//4
f 88//88 197//197 89//89
f 71//71 50//50 72//72
f 50//50 51//51 72//72
f 72//72 51//51 73//73
f 51//51 52//52 73//73
f 73//73 52//52 74//74
f 52//52 53//53 74//74
f 74//74 53//53 75//75
f 53//53 54//54 75//75
f 75//75 54//54 76//76
f 54//54 55//55 76//76
f 76//76 55//55 77//77
f 55//55 56//56 77//77
f 68//68 200//200 4//4
f 69//69 200//200 196//196
f 199//199 90//90 195//195
f 200//200 69//69 4//4
f 197//197 65//65 66//66
f 89//89 195//195 90//90
f 65//65 197//197 88//88
f 50//50 198//198 49//49
f 196//196 70//70 69//69
f 198//198 50//50 71//71
f 90//90 199//199 4//4
f 198//198 71//71 70//70
f 2580//2580 2504//2504 755//755
f 2504//2504 2488//2488 755//755
f 2504//2504 2580//2580 1972//1972
f 2579//2579 2503//2503 754//754
f 2503//2503 2487//2487 754//754
f 2112//2112 2415//2415 2818//2818
f 2503//2503 2579//2579 1971//1971
f 2248//2248 2112//2112 2818//2818
f 523//523 1141//1141 2082//2082
f 333//333 523//523 2082//2082
f 522//522 1140//1140 2081//2081
f 332//332 522//522 2081//2081
f 3066//3066 2078//2078 1310//1310
f 562//562 1310//1310 2078//2078
f 2078//2078 1285//1285 562//562
f 3065//3065 2077//2077 1311//1311
f 475//475 2780//2780 815//815
f 475//475 2750//2750 2780//2780
f 2657//2657 2554//2554 2658//2658
f 1099//1099 2036//2036 2450//2450
f 2554//2554 1603//1603 2658//2658
f 1098//1098 2035//2035 2449//2449
f 2658//2658 2484//2484 2657//2657
f 2644//2644 2541//2541 2645//2645
f 2750//2750 253//253 2780//2780
f 2541//2541 1590//1590 2645//2645
f 2645//2645 2471//2471 2644//2644
f 474//474 2779//2779 814//814
f 474//474 2749//2749 2779//2779
f 2749//2749 236//236 2779//2779
f 2656//2656 2553//2553 2657//2657
f 861//861 2415//2415 2112//2112
f 563//563 1311//1311 2077//2077
f 2657//2657 2483//2483 2656//2656
f 2077//2077 1284//1284 563//563
f 2655//2655 2552//2552 2656//2656
f 1805//1805 1915//1915 803//803
f 2552//2552 1602//1602 2656//2656
f 2656//2656 2482//2482 2655//2655
f 2654//2654 2551//2551 2655//2655
f 2551//2551 1601//1601 2655//2655
f 1805//1805 2704//2704 1915//1915
f 2655//2655 2481//2481 2654//2654
f 2653//2653 2550//2550 2654//2654
f 2550//2550 1600//1600 2654//2654
f 2654//2654 2480//2480 2653//2653
f 2652//2652 2549//2549 2653//2653
f 2549//2549 1599//1599 2653//2653
f 2653//2653 2479//2479 2652//2652
f 2651//2651 2548//2548 2652//2652
f 2548//2548 1598//1598 2652//2652
f 2652//2652 2478//2478 2651//2651
f 2650//2650 2547//2547 2651//2651
f 2547//2547 1597//1597 2651//2651
f 2651//2651 2477//2477 2650//2650
f 2649//2649 2546//2546 2650//2650
f 2546//2546 1596//1596 2650//2650
f 2650//2650 2476//2476 2649//2649
f 2648//2648 2545//2545 2649//2649
f 2545//2545 1595//1595 2649//2649
f 2704//2704 831//831 1915//1915
f 2649//2649 2475//2475 2648//2648
f 2111//2111 2401//2401 2817//2817
f 2647//2647 2544//2544 2648//2648
f 1804//1804 1914//1914 802//802
f 2544//2544 1594//1594 2648//2648
f 2247//2247 2111//2111 2817//2817
f 2648//2648 2474//2474 2647//2647
f 2646//2646 2543//2543 2647//2647
f 2543//2543 1593//1593 2647//2647
f 2647//2647 2473//2473 2646//2646
f 2660//2660 2542//2542 2646//2646
f 1804//1804 2703//2703 1914//1914
f 2646//2646 2472//2472 2660//2660
f 2643//2643 2540//2540 2644//2644
f 860//860 2401//2401 2111//2111
f 2644//2644 2470//2470 2643//2643
f 2642//2642 2539//2539 2643//2643
f 2539//2539 1589//1589 2643//2643
f 2643//2643 2469//2469 2642//2642
f 2641//2641 2538//2538 2642//2642
f 2538//2538 1588//1588 2642//2642
f 2642//2642 2468//2468 2641//2641
f 2640//2640 2537//2537 2641//2641
f 2537//2537 1587//1587 2641//2641
f 174//174 1241//1241 175//175
f 2641//2641 2467//2467 2640//2640
f 2639//2639 2536//2536 2640//2640
f 2536//2536 1586//1586 2640//2640
f 2703//2703 830//830 1914//1914
f 2640//2640 2466//2466 2639//2639
f 2638//2638 2535//2535 2639//2639
f 2535//2535 1585//1585 2639//2639
f 2639//2639 2465//2465 2638//2638
f 2637//2637 2534//2534 2638//2638
f 1241//1241 1319//1319 175//175
f 2534//2534 1584//1584 2638//2638
f 1801//1801 1403//1403 1799//1799
f 2638//2638 2464//2464 2637//2637
f 2636//2636 2533//2533 2637//2637
f 1241//1241 633//633 613//613
f 2533//2533 1583//1583 2637//2637
f 2637//2637 2463//2463 2636//2636
f 633//633 1241//1241 174//174
f 2635//2635 2532//2532 2636//2636
f 2532//2532 1582//1582 2636//2636
f 2636//2636 2462//2462 2635//2635
f 2634//2634 2531//2531 2635//2635
f 2531//2531 1581//1581 2635//2635
f 2635//2635 2461//2461 2634//2634
f 2633//2633 2530//2530 2634//2634
f 2530//2530 1580//1580 2634//2634
f 2634//2634 2460//2460 2633//2633
f 2659//2659 2529//2529 2633//2633
f 1605//1605 953//953 2658//2658
f 2633//2633 2459//2459 2659//2659
f 2486//2486 2658//2658 953//953
f 105//105 1240//1240 104//104
f 1604//1604 952//952 2645//2645
f 2485//2485 2645//2645 952//952
f 2498//2498 1529//1529 2976//2976
f 1801//1801 1401//1401 1403//1403
f 1800//1800 1402//1402 1798//1798
f 2497//2497 1528//1528 2975//2975
f 1240//1240 1318//1318 104//104
f 1240//1240 631//631 612//612
f 1800//1800 1400//1400 1402//1402
f 1001//1001 805//805 965//965
f 965//965 805//805 1805//1805
f 631//631 1240//1240 105//105
f 1353//1353 1001//1001 965//965
f 1000//1000 804//804 964//964
f 2831//2831 2325//2325 322//322
f 233//233 183//183 184//184
f 1269//1269 541//541 3122//3122
f 964//964 804//804 1804//1804
f 1352//1352 1000//1000 964//964
f 2391//2391 2155//2155 2438//2438
f 322//322 2325//2325 320//320
f 232//232 96//96 95//95
f 283//283 98//98 97//97
f 2218//2218 2438//2438 2048//2048
f 282//282 181//181 182//182
f 955//955 639//639 2048//2048
f 639//639 2218//2218 2048//2048
f 1268//1268 540//540 3121//3121
f 2217//2217 2437//2437 2047//2047
f 954//954 638//638 2047//2047
f 627//627 1294//1294 391//391
f 626//626 1295//1295 390//390
f 638//638 2217//2217 2047//2047
f 2438//2438 2155//2155 2048//2048
f 2392//2392 2156//2156 2437//2437
f 2908//2908 3466//3466 2202//2202
f 2437//2437 2156//2156 2047//2047
f 1203//1203 1276//1276 2212//2212
f 3466//3466 2908//2908 2280//2280
f 2322//2322 1203//1203 2212//2212
f 2214//2214 2212//2212 1276//1276
f 1202//1202 1277//1277 2211//2211
f 1493//1493 2880//2880 1974//1974
f 2321//2321 1202//1202 2211//2211
f 1492//1492 2879//2879 1973//1973
f 2213//2213 2211//2211 1277//1277
f 1327//1327 389//389 123//123
f 1611//1611 2876//2876 1497//1497
f 1611//1611 2930//2930 2876//2876
f 1327//1327 123//123 122//122
f 1610//1610 2875//2875 1496//1496
f 1610//1610 2929//2929 2875//2875
f 1326//1326 388//388 156//156
f 2052//2052 825//825 3126//3126
f 1326//1326 156//156 157//157
f 2051//2051 824//824 3125//3125
f 819//819 3198//3198 1881//1881
f 3198//3198 3018//3018 1881//1881
f 1881//1881 1183//1183 819//819
f 818//818 3197//3197 1880//1880
f 3197//3197 3017//3017 1880//1880
f 1913//1913 2390//2390 1919//1919
f 1880//1880 1182//1182 818//818
f 1919//1919 2390//2390 683//683
f 155//155 1397//1397 156//156
f 1919//1919 2116//2116 1913//1913
f 1397//1397 1317//1317 156//156
f 124//124 1396//1396 123//123
f 1912//1912 2389//2389 1918//1918
f 1396//1396 1316//1316 123//123
f 2006//2006 2446//2446 1992//1992
f 1675//1675 2006//2006 1992//1992
f 2005//2005 2439//2439 1979//1979
f 1652//1652 2005//2005 1979//1979
f 2895//2895 3465//3465 2189//2189
f 3465//3465 2895//2895 2279//2279
f 898//898 638//638 954//954
f 1186//1186 3259//3259 1340//1340
f 3259//3259 1186//1186 1198//1198
f 481//481 1493//1493 3138//3138
f 1186//1186 1792//1792 1198//1198
f 1493//1493 481//481 2880//2880
f 1531//1531 2880//2880 481//481
f 480//480 1492//1492 3137//3137
f 1492//1492 480//480 2879//2879
f 1530//1530 2879//2879 480//480
f 1792//1792 1186//1186 2273//2273
f 898//898 954//954 2256//2256
f 899//899 639//639 955//955
f 1187//1187 3260//3260 1341//1341
f 3260//3260 1187//1187 1199//1199
f 899//899 955//955 2255//2255
f 1789//1789 3128//3128 3130//3130
f 1335//1335 1333//1333 2246//2246
f 1335//1335 2246//2246 2250//2250
f 2246//2246 2820//2820 2250//2250
f 1334//1334 1332//1332 2232//2232
f 1334//1334 2232//2232 2249//2249
f 2232//2232 2819//2819 2249//2249
f 2912//2912 2494//2494 3236//3236
f 2160//2160 3236//3236 2158//2158
f 2160//2160 2912//2912 3236//3236
f 3236//3236 2494//2494 2496//2496
f 2911//2911 2493//2493 3235//3235
f 1918//1918 2389//2389 682//682
f 1918//1918 2115//2115 1912//1912
f 2159//2159 3235//3235 2157//2157
f 2159//2159 2911//2911 3235//3235
f 581//581 580//580 2518//2518
f 580//580 2472//2472 2473//2473
f 1187//1187 1793//1793 1199//1199
f 3235//3235 2493//2493 2495//2495
f 1764//1764 3127//3127 3129//3129
f 1793//1793 1187//1187 2274//2274
f 1575//1575 1577//1577 2664//2664
f 1577//1577 2662//2662 2664//2664
f 2456//2456 2664//2664 2662//2662
f 140//140 3113//3113 2823//2823
f 3113//3113 140//140 139//139
f 1574//1574 1576//1576 2663//2663
f 139//139 3114//3114 2824//2824
f 3114//3114 139//139 140//140
f 409//409 2972//2972 1271//1271
f 580//580 2473//2473 2518//2518
f 408//408 2971//2971 1270//1270
f 580//580 581//581 1953//1953
f 473//473 725//725 1535//1535
f 2706//2706 1535//1535 725//725
f 472//472 724//724 1534//1534
f 2705//2705 1534//1534 724//724
f 1639//1639 3116//3116 2744//2744
f 1576//1576 2661//2661 2663//2663
f 1638//1638 3115//3115 2743//2743
f 2455//2455 2663//2663 2661//2661
f 3063//3063 213//213 212//212
f 213//213 2928//2928 212//212
f 2934//2934 1691//1691 2272//2272
f 2934//2934 3294//3294 2936//2936
f 2936//2936 1691//1691 2934//2934
f 2933//2933 1690//1690 2271//2271
f 2933//2933 3293//3293 2935//2935
f 2935//2935 1690//1690 2933//2933
f 568//568 567//567 2506//2506
f 567//567 2459//2459 2460//2460
f 567//567 2460//2460 2506//2506
f 567//567 568//568 1940//1940
f 2144//2144 1903//1903 2145//2145
f 431//431 1143//1143 1976//1976
f 2143//2143 1902//1902 2144//2144
f 1143//1143 431//431 2558//2558
f 2142//2142 1901//1901 2143//2143
f 1143//1143 2152//2152 1976//1976
f 2141//2141 1900//1900 2142//2142
f 430//430 1142//1142 1975//1975
f 1142//1142 430//430 2557//2557
f 2140//2140 1899//1899 2141//2141
f 1142//1142 2151//2151 1975//1975
f 2723//2723 2722//2722 2231//2231
f 3594//3594 3159//3159 3160//3160
f 2722//2722 2230//2230 2231//2231
f 2138//2138 1897//1897 2139//2139
f 2802//2802 2231//2231 2230//2230
f 2137//2137 1896//1896 2138//2138
f 2736//2736 2735//2735 2245//2245
f 2136//2136 1895//1895 2137//2137
f 2735//2735 2244//2244 2245//2245
f 2131//2131 1891//1891 2132//2132
f 2815//2815 2245//2245 2244//2244
f 2130//2130 1890//1890 2131//2131
f 1915//1915 1289//1289 803//803
f 2129//2129 1889//1889 2130//2130
f 1253//1253 1915//1915 2666//2666
f 1881//1881 3018//3018 1239//1239
f 1880//1880 3017//3017 1238//1238
f 2128//2128 1888//1888 2129//2129
f 1253//1253 1289//1289 1915//1915
f 2127//2127 1887//1887 2128//2128
f 1914//1914 1288//1288 802//802
f 1074//1074 3594//3594 3160//3160
f 1252//1252 1914//1914 2665//2665
f 2125//2125 1885//1885 2126//2126
f 1252//1252 1288//1288 1914//1914
f 2124//2124 1884//1884 2125//2125
f 2351//2351 3108//3108 2352//2352
f 2123//2123 1883//1883 2124//2124
f 1119//1119 2351//2351 324//324
f 2145//2145 1904//1904 2146//2146
f 2352//2352 324//324 2351//2351
f 2132//2132 1892//1892 2133//2133
f 2337//2337 3095//3095 2338//2338
f 1925//1925 2274//2274 1187//1187
f 3125//3125 1258//1258 1540//1540
f 3125//3125 824//824 1258//1258
f 1925//1925 1187//1187 2169//2169
f 1924//1924 2273//2273 1186//1186
f 406//406 1258//1258 824//824
f 3126//3126 1259//1259 1541//1541
f 1924//1924 1186//1186 2170//2170
f 2134//2134 1489//1489 2896//2896
f 1109//1109 2337//2337 327//327
f 1751//1751 3108//3108 2351//2351
f 2338//2338 327//327 2337//2337
f 2341//2341 3098//3098 2342//2342
f 1110//1110 2341//2341 326//326
f 1737//1737 3095//3095 2337//2337
f 2342//2342 326//326 2341//2341
f 2327//2327 3085//3085 2328//2328
f 1100//1100 2327//2327 325//325
f 1750//1750 3107//3107 2350//2350
f 2328//2328 325//325 2327//2327
f 3107//3107 890//890 2350//2350
f 3126//3126 825//825 1259//1259
f 1749//1749 3106//3106 2349//2349
f 3594//3594 1074//1074 1076//1076
f 3106//3106 889//889 2349//2349
f 1143//1143 271//271 1255//1255
f 1748//1748 3105//3105 2348//2348
f 407//407 1259//1259 825//825
f 3105//3105 888//888 2348//2348
f 3623//3623 3153//3153 3154//3154
f 1747//1747 3104//3104 2347//2347
f 1142//1142 270//270 1254//1254
f 3104//3104 887//887 2347//2347
f 2832//2832 2339//2339 329//329
f 1746//1746 3103//3103 2346//2346
f 696//696 2987//2987 3075//3075
f 2121//2121 1488//1488 2883//2883
f 3103//3103 886//886 2346//2346
f 329//329 2339//2339 331//331
f 2828//2828 188//188 401//401
f 1745//1745 3102//3102 2345//2345
f 187//187 401//401 188//188
f 334//334 530//530 3240//3240
f 188//188 2827//2827 400//400
f 3102//3102 885//885 2345//2345
f 400//400 187//187 188//188
f 3240//3240 2587//2587 334//334
f 2826//2826 91//91 399//399
f 1744//1744 3101//3101 2344//2344
f 92//92 399//399 91//91
f 1307//1307 3240//3240 1196//1196
f 91//91 2825//2825 398//398
f 2848//2848 1523//1523 1635//1635
f 398//398 92//92 91//91
f 3101//3101 884//884 2344//2344
f 1196//1196 3240//3240 530//530
f 2847//2847 1498//1498 1612//1612
f 1743//1743 3100//3100 2343//2343
f 335//335 531//531 3239//3239
f 2870//2870 1521//1521 1633//1633
f 3100//3100 883//883 2343//2343
f 1632//1632 3063//3063 2867//2867
f 2867//2867 1518//1518 1632//1632
f 3239//3239 2588//2588 335//335
f 1742//1742 3099//3099 2342//2342
f 2868//2868 1519//1519 1631//1631
f 1306//1306 3239//3239 1197//1197
f 1630//1630 3061//3061 2863//2863
f 2863//2863 1514//1514 1630//1630
f 3099//3099 882//882 2342//2342
f 1197//1197 3239//3239 531//531
f 2864//2864 1515//1515 1629//1629
f 1741//1741 3098//3098 2341//2341
f 1628//1628 3062//3062 2865//2865
f 2865//2865 1516//1516 1628//1628
f 1907//1907 2374//2374 1894//1894
f 1894//1894 2374//2374 663//663
f 2866//2866 1517//1517 1627//1627
f 1894//1894 2134//2134 1907//1907
f 1626//1626 3060//3060 2861//2861
f 2861//2861 1512//1512 1626//1626
f 1740//1740 3097//3097 2340//2340
f 1906//1906 2361//2361 1882//1882
f 2862//2862 1513//1513 1625//1625
f 3097//3097 881//881 2340//2340
f 1624//1624 3058//3058 2857//2857
f 2857//2857 1508//1508 1624//1624
f 1882//1882 2361//2361 650//650
f 1736//1736 3094//3094 2336//2336
f 2858//2858 1509//1509 1623//1623
f 1882//1882 2121//2121 1906//1906
f 1622//1622 3059//3059 2859//2859
f 401//401 395//395 555//555
f 2859//2859 1510//1510 1622//1622
f 394//394 400//400 554//554
f 3094//3094 878//878 2336//2336
f 399//399 393//393 553//553
f 559//559 1313//1313 153//153
f 392//392 398//398 552//552
f 1735//1735 3093//3093 2335//2335
f 2860//2860 1511//1511 1621//1621
f 153//153 1313//1313 154//154
f 1620//1620 3057//3057 2855//2855
f 3093//3093 877//877 2335//2335
f 2855//2855 1506//1506 1620//1620
f 558//558 1312//1312 126//126
f 1734//1734 3092//3092 2334//2334
f 126//126 1312//1312 125//125
f 2856//2856 1507//1507 1619//1619
f 3092//3092 876//876 2334//2334
f 3050//3050 2872//2872 3016//3016
f 1618//1618 3056//3056 2853//2853
f 2853//2853 1504//1504 1618//1618
f 1733//1733 3091//3091 2333//2333
f 1121//1121 3050//3050 1481//1481
f 2854//2854 1505//1505 1617//1617
f 3091//3091 875//875 2333//2333
f 1616//1616 3055//3055 2851//2851
f 2851//2851 1502//1502 1616//1616
f 1481//1481 3050//3050 3016//3016
f 1732//1732 3090//3090 2332//2332
f 2852//2852 1503//1503 1615//1615
f 3049//3049 2871//2871 3015//3015
f 1614//1614 3053//3053 2849//2849
f 2849//2849 1500//1500 1614//1614
f 3090//3090 874//874 2332//2332
f 1634//1634 3064//3064 2869//2869
f 2869//2869 1520//1520 1634//1634
f 1120//1120 3049//3049 1480//1480
f 1613//1613 3054//3054 2850//2850
f 2850//2850 1501//1501 1613//1613
f 1731//1731 3089//3089 2331//2331
f 1480//1480 3049//3049 3015//3015
f 3089//3089 873//873 2331//2331
f 428//428 429//429 1966//1966
f 1730//1730 3088//3088 2330//2330
f 2278//2278 479//479 2596//2596
f 2278//2278 1685//1685 479//479
f 2322//2322 2278//2278 2596//2596
f 2277//2277 478//478 2595//2595
f 2277//2277 1684//1684 478//478
f 2321//2321 2277//2277 2595//2595
f 428//428 1966//1966 1964//1964
f 3088//3088 872//872 2330//2330
f 425//425 426//426 1965//1965
f 1729//1729 3087//3087 2329//2329
f 425//425 1965//1965 1951//1951
f 2494//2494 2912//2912 2492//2492
f 3087//3087 871//871 2329//2329
f 2206//2206 2494//2494 2492//2492
f 1728//1728 3086//3086 2328//2328
f 2493//2493 2911//2911 2491//2491
f 3086//3086 870//870 2328//2328
f 2205//2205 2493//2493 2491//2491
f 1727//1727 3085//3085 2327//2327
f 2987//2987 696//696 698//698
f 2987//2987 2605//2605 3075//3075
f 2116//2116 289//289 2118//2118
f 2118//2118 1913//1913 2116//2116
f 2115//2115 286//286 2117//2117
f 1726//1726 3084//3084 2326//2326
f 2117//2117 1912//1912 2115//2115
f 2400//2400 365//365 179//179
f 3084//3084 869//869 2326//2326
f 178//178 2400//2400 179//179
f 1755//1755 3096//3096 2339//2339
f 723//723 3010//3010 3076//3076
f 3096//3096 880//880 2339//2339
f 3394//3394 3083//3083 1754//1754
f 1754//1754 3083//3083 2325//2325
f 3083//3083 3394//3394 1726//1726
f 3083//3083 868//868 2325//2325
f 3010//3010 723//723 721//721
f 2399//2399 364//364 100//100
f 101//101 2399//2399 100//100
f 3010//3010 2606//2606 3076//3076
f 2146//2146 1905//1905 2120//2120
f 2563//2563 1979//1979 1980//1980
f 2133//2133 1893//1893 2119//2119
f 1895//1895 2376//2376 1896//1896
f 2563//2563 2565//2565 3139//3139
f 1896//1896 2376//2376 2264//2264
f 1980//1980 2565//2565 2563//2563
f 2578//2578 1992//1992 1993//1993
f 2970//2970 1723//1723 1721//1721
f 1721//1721 2966//2966 2970//2970
f 3328//3328 2970//2970 2966//2966
f 2969//2969 1722//1722 1720//1720
f 1720//1720 2965//2965 2969//2969
f 3327//3327 2969//2969 2965//2965
f 1065//1065 1245//1245 1141//1141
f 1141//1141 523//523 1065//1065
f 1064//1064 1244//1244 1140//1140
f 1140//1140 522//522 1064//1064
f 815//815 1839//1839 475//475
f 1839//1839 815//815 1261//1261
f 2252//2252 1839//1839 1261//1261
f 814//814 1838//1838 474//474
f 1838//1838 814//814 1260//1260
f 2251//2251 1838//1838 1260//1260
f 981//981 1020//1020 997//997
f 1571//1571 981//981 997//997
f 997//997 1020//1020 1835//1835
f 966//966 1006//1006 996//996
f 3136//3136 1637//1637 2838//2838
f 2578//2578 2576//2576 3151//3151
f 1993//1993 2576//2576 2578//2578
f 3135//3135 1636//1636 2837//2837
f 3080//3080 693//693 183//183
f 693//693 379//379 183//183
f 1896//1896 2264//2264 666//666
f 2914//2914 3016//3016 2872//2872
f 1570//1570 966//966 996//996
f 996//996 1006//1006 1834//1834
f 2824//2824 2914//2914 222//222
f 2914//2914 2824//2824 3114//3114
f 1531//1531 2824//2824 222//222
f 2823//2823 2913//2913 217//217
f 2913//2913 2823//2823 3113//3113
f 1530//1530 2823//2823 217//217
f 1896//1896 2137//2137 1895//1895
f 1883//1883 2363//2363 1884//1884
f 3293//3293 2933//2933 3360//3360
f 1884//1884 2363//2363 2259//2259
f 1884//1884 2259//2259 653//653
f 3293//3293 3360//3360 72//72
f 1884//1884 2124//2124 1883//1883
f 1897//1897 2378//2378 1898//1898
f 3294//3294 2934//2934 3361//3361
f 1898//1898 2378//2378 2265//2265
f 1898//1898 2265//2265 668//668
f 3294//3294 3361//3361 23//23
f 1898//1898 2139//2139 1897//1897
f 1885//1885 2365//2365 1886//1886
f 3045//3045 2189//2189 3465//3465
f 1886//1886 2365//2365 2260//2260
f 1886//1886 2260//2260 655//655
f 3045//3045 3465//3465 304//304
f 1886//1886 2126//2126 1885//1885
f 1901//1901 2382//2382 1902//1902
f 3046//3046 2202//2202 3466//3466
f 1902//1902 2382//2382 2267//2267
f 1902//1902 2267//2267 672//672
f 3046//3046 3466//3466 317//317
f 1902//1902 2143//2143 1901//1901
f 1899//1899 2380//2380 1900//1900
f 593//593 2788//2788 2595//2595
f 1900//1900 2380//2380 2266//2266
f 1900//1900 2266//2266 670//670
f 2595//2595 2788//2788 377//377
f 1900//1900 2141//2141 1899//1899
f 1889//1889 2369//2369 1890//1890
f 592//592 2787//2787 2596//2596
f 1890//1890 2369//2369 2262//2262
f 1890//1890 2262//2262 659//659
f 2596//2596 2787//2787 376//376
f 1890//1890 2130//2130 1889//1889
f 1887//1887 2367//2367 1888//1888
f 594//594 532//532 3397//3397
f 1888//1888 2367//2367 2261//2261
f 1888//1888 2261//2261 657//657
f 3397//3397 532//532 226//226
f 1888//1888 2128//2128 1887//1887
f 1903//1903 2384//2384 1904//1904
f 595//595 533//533 3398//3398
f 1904//1904 2384//2384 2268//2268
f 1904//1904 2268//2268 674//674
f 3398//3398 533//533 227//227
f 1904//1904 2145//2145 1903//1903
f 1891//1891 2371//2371 1892//1892
f 1322//1322 2829//2829 1308//1308
f 1892//1892 2371//2371 2263//2263
f 1892//1892 2263//2263 661//661
f 1308//1308 2829//2829 546//546
f 1892//1892 2132//2132 1891//1891
f 939//939 1721//1721 1723//1723
f 1323//1323 2830//2830 1309//1309
f 1721//1721 939//939 937//937
f 3079//3079 692//692 96//96
f 1309//1309 2830//2830 547//547
f 3016//3016 1679//1679 1481//1481
f 938//938 1720//1720 1722//1722
f 1720//1720 938//938 936//936
f 2913//2913 3015//3015 2871//2871
f 3015//3015 1678//1678 1480//1480
f 692//692 378//378 96//96
f 252//252 2744//2744 2114//2114
f 252//252 1639//1639 2744//2744
f 617//617 1320//1320 802//802
f 234//234 2743//2743 2113//2113
f 234//234 1638//1638 2743//2743
f 1288//1288 617//617 802//802
f 3176//3176 653//653 2259//2259
f 615//615 1321//1321 803//803
f 1289//1289 615//615 803//803
f 3176//3176 2259//2259 440//440
f 1803//1803 624//624 388//388
f 624//624 1803//1803 2588//2588
f 3178//3178 655//655 2260//2260
f 388//388 551//551 1803//1803
f 1802//1802 625//625 389//389
f 3178//3178 2260//2260 442//442
f 625//625 1802//1802 2587//2587
f 2582//2582 1679//1679 1035//1035
f 389//389 550//550 1802//1802
f 1679//1679 2582//2582 1481//1481
f 2581//2581 1678//1678 1034//1034
f 1678//1678 2581//2581 1480//1480
f 3180//3180 657//657 2261//2261
f 2148//2148 471//471 3238//3238
f 3238//3238 471//471 2150//2150
f 3180//3180 2261//2261 444//444
f 2148//2148 2038//2038 471//471
f 2147//2147 470//470 3237//3237
f 3182//3182 659//659 2262//2262
f 3237//3237 470//470 2149//2149
f 2147//2147 2037//2037 470//470
f 3182//3182 2262//2262 446//446
f 933//933 1716//1716 1717//1717
f 1716//1716 933//933 932//932
f 1525//1525 2838//2838 1637//1637
f 3184//3184 661//661 2263//2263
f 2832//2832 253//253 1755//1755
f 1524//1524 2837//2837 1636//1636
f 921//921 1703//1703 1704//1704
f 3184//3184 2263//2263 448//448
f 2719//2719 3644//3644 1379//1379
f 3644//3644 2719//2719 2720//2720
f 3630//3630 2754//2754 3629//3629
f 2558//2558 613//613 1143//1143
f 3641//3641 3059//3059 3577//3577
f 2915//2915 218//218 219//219
f 2837//2837 2915//2915 219//219
f 2557//2557 612//612 1142//1142
f 2835//2835 2915//2915 2837//2837
f 2916//2916 221//221 220//220
f 2914//2914 2872//2872 215//215
f 2913//2913 2871//2871 201//201
f 1003//1003 3110//3110 999//999
f 1351//1351 1003//1003 999//999
f 1002//1002 3109//3109 998//998
f 1350//1350 1002//1002 998//998
f 1259//1259 2276//2276 963//963
f 2276//2276 1793//1793 963//963
f 2838//2838 2916//2916 220//220
f 1258//1258 2275//2275 962//962
f 2275//2275 1792//1792 962//962
f 2836//2836 2916//2916 2838//2838
f 3188//3188 666//666 2264//2264
f 269//269 641//641 1003//1003
f 3110//3110 1003//1003 641//641
f 641//641 1841//1841 3110//3110
f 1605//1605 1607//1607 519//519
f 268//268 640//640 1002//1002
f 3188//3188 2264//2264 455//455
f 3109//3109 1002//1002 640//640
f 1604//1604 1606//1606 518//518
f 640//640 1840//1840 3109//3109
f 3020//3020 1761//1761 1789//1789
f 429//429 1972//1972 1966//1966
f 1789//1789 1761//1761 3128//3128
f 3644//3644 1377//1377 1379//1379
f 3019//3019 1760//1760 1764//1764
f 1972//1972 429//429 2504//2504
f 1764//1764 1760//1760 3127//3127
f 3019//3019 1764//1764 696//696
f 1703//1703 921//921 920//920
f 2832//2832 1755//1755 2339//2339
f 426//426 1971//1971 1965//1965
f 1139//1139 1361//1361 3198//3198
f 3198//3198 1185//1185 1139//1139
f 931//931 1714//1714 1715//1715
f 819//819 1185//1185 3198//3198
f 1971//1971 426//426 2503//2503
f 1714//1714 931//931 930//930
f 1138//1138 1360//1360 3197//3197
f 3197//3197 1184//1184 1138//1138
f 818//818 1184//1184 3197//3197
f 3013//3013 2710//2710 216//216
f 138//138 2710//2710 3013//3013
f 1992//1992 2444//2444 1993//1993
f 3013//3013 139//139 138//138
f 3014//3014 2709//2709 223//223
f 141//141 2709//2709 3014//3014
f 3074//3074 400//400 2827//2827
f 3014//3014 140//140 141//141
f 1979//1979 2441//2441 1980//1980
f 554//554 400//400 1641//1641
f 1641//1641 400//400 3074//3074
f 929//929 1712//1712 1713//1713
f 2842//2842 2872//2872 3050//3050
f 2842//2842 215//215 2872//2872
f 2842//2842 2882//2882 215//215
f 1712//1712 929//929 928//928
f 2841//2841 2871//2871 3049//3049
f 3073//3073 398//398 2825//2825
f 2841//2841 201//201 2871//2871
f 2841//2841 2881//2881 201//201
f 927//927 1710//1710 1711//1711
f 1657//1657 2001//2001 2002//2002
f 1710//1710 927//927 926//926
f 1661//1661 1999//1999 2000//2000
f 552//552 398//398 1640//1640
f 1665//1665 1997//1997 1998//1998
f 925//925 1708//1708 1709//1709
f 1669//1669 1995//1995 1996//1996
f 2668//2668 2314//2314 823//823
f 1708//1708 925//925 924//924
f 1670//1670 1988//1988 1989//1989
f 2667//2667 2287//2287 822//822
f 1640//1640 398//398 3073//3073
f 1666//1666 1986//1986 1987//1987
f 923//923 1706//1706 1707//1707
f 1662//1662 1984//1984 1985//1985
f 1706//1706 923//923 922//922
f 1658//1658 1982//1982 1983//1983
f 3118//3118 2490//2490 519//519
f 1673//1673 1993//1993 1994//1994
f 919//919 1701//1701 1702//1702
f 1654//1654 1980//1980 1981//1981
f 1185//1185 2152//2152 1249//1249
f 590//590 1963//1963 1962//1962
f 3623//3623 1084//1084 1088//1088
f 1701//1701 919//919 918//918
f 1184//1184 2151//2151 1248//1248
f 589//589 1962//1962 1961//1961
f 3145//3145 3599//3599 3144//3144
f 2488//2488 519//519 2490//2490
f 3066//3066 542//542 3138//3138
f 588//588 1961//1961 1960//1960
f 3066//3066 1310//1310 542//542
f 917//917 1699//1699 1700//1700
f 3065//3065 543//543 3137//3137
f 587//587 1960//1960 1959//1959
f 3065//3065 1311//1311 543//543
f 1699//1699 917//917 916//916
f 1607//1607 3118//3118 519//519
f 586//586 1959//1959 1958//1958
f 915//915 1697//1697 1698//1698
f 2582//2582 1121//1121 1481//1481
f 1121//1121 2968//2968 827//827
f 585//585 1958//1958 1957//1957
f 2968//2968 1121//1121 2582//2582
f 1697//1697 915//915 914//914
f 3117//3117 2489//2489 518//518
f 584//584 1957//1957 1956//1956
f 2581//2581 1120//1120 1480//1480
f 1120//1120 2967//2967 826//826
f 2967//2967 1120//1120 2581//2581
f 583//583 1956//1956 1955//1955
f 3052//3052 2882//2882 2842//2842
f 2882//2882 3052//3052 221//221
f 221//221 2916//2916 2882//2882
f 582//582 1955//1955 1954//1954
f 3051//3051 2881//2881 2841//2841
f 2881//2881 3051//3051 218//218
f 218//218 2915//2915 2881//2881
f 581//581 1954//1954 1953//1953
f 2985//2985 1842//1842 1257//1257
f 913//913 1695//1695 1696//1696
f 2986//2986 1843//1843 1256//1256
f 580//580 1953//1953 1952//1952
f 1695//1695 913//913 912//912
f 2320//2320 1065//1065 433//433
f 433//433 1065//1065 2454//2454
f 577//577 1950//1950 1949//1949
f 1065//1065 523//523 2454//2454
f 2319//2319 1064//1064 432//432
f 432//432 1064//1064 2453//2453
f 576//576 1949//1949 1948//1948
f 1064//1064 522//522 2453//2453
f 544//544 1195//1195 2500//2500
f 1342//1342 544//544 2500//2500
f 575//575 1948//1948 1947//1947
f 545//545 1194//1194 2499//2499
f 1343//1343 545//545 2499//2499
f 607//607 273//273 1319//1319
f 574//574 1947//1947 1946//1946
f 2487//2487 518//518 2489//2489
f 911//911 1693//1693 1694//1694
f 606//606 272//272 1318//1318
f 573//573 1946//1946 1945//1945
f 1693//1693 911//911 910//910
f 1606//1606 3117//3117 518//518
f 2048//2048 2155//2155 2500//2500
f 572//572 1945//1945 1944//1944
f 937//937 1719//1719 1721//1721
f 1719//1719 937//937 935//935
f 2047//2047 2156//2156 2499//2499
f 571//571 1944//1944 1943//1943
f 2904//2904 3458//3458 3444//3444
f 936//936 1718//1718 1720//1720
f 1911//1911 2388//2388 1907//1907
f 570//570 1943//1943 1942//1942
f 1907//1907 2162//2162 1911//1911
f 1907//1907 2388//2388 2258//2258
f 1907//1907 2258//2258 649//649
f 569//569 1942//1942 1941//1941
f 1910//1910 2387//2387 1906//1906
f 1906//1906 2161//2161 1910//1910
f 1906//1906 2387//2387 2257//2257
f 568//568 1941//1941 1940//1940
f 1906//1906 2257//2257 648//648
f 2595//2595 478//478 593//593
f 478//478 637//637 593//593
f 567//567 1940//1940 1939//1939
f 2596//2596 479//479 592//592
f 479//479 636//636 592//592
f 2543//2543 2646//2646 2542//2542
f 579//579 1952//1952 1968//1968
f 1592//1592 2543//2543 2542//2542
f 2530//2530 2633//2633 2529//2529
f 1579//1579 2530//2530 2529//2529
f 566//566 1939//1939 1967//1967
f 3228//3228 789//789 3230//3230
f 467//467 3228//3228 3230//3230
f 3227//3227 788//788 3229//3229
f 591//591 1964//1964 1963//1963
f 466//466 3227//3227 3229//3229
f 757//757 1797//1797 1799//1799
f 1797//1797 687//687 1799//1799
f 578//578 1951//1951 1950//1950
f 756//756 1796//1796 1798//1798
f 1796//1796 686//686 1798//1798
f 1929//1929 3424//3424 1936//1936
f 1718//1718 936//936 934//934
f 3458//3458 2142//2142 3444//3444
f 1929//1929 1936//1936 1263//1263
f 1929//1929 1263//1263 319//319
f 1928//1928 3423//3423 1935//1935
f 2600//2600 3265//3265 403//403
f 1928//1928 1935//1935 1262//1262
f 222//222 2880//2880 1531//1531
f 3265//3265 231//231 403//403
f 1928//1928 1262//1262 318//318
f 217//217 2879//2879 1530//1530
f 2891//2891 3457//3457 3443//3443
f 1591//1591 2660//2660 2662//2662
f 2458//2458 2662//2662 2660//2660
f 2599//2599 3264//3264 402//402
f 3264//3264 230//230 402//402
f 3457//3457 2129//2129 3443//3443
f 1805//1805 803//803 965//965
f 1804//1804 802//802 964//964
f 1578//1578 2659//2659 2661//2661
f 2457//2457 2661//2661 2659//2659
f 689//689 3242//3242 683//683
f 1118//1118 3425//3425 2002//2002
f 2003//2003 1118//1118 1119//1119
f 688//688 3241//3241 682//682
f 3425//3425 1118//1118 2003//2003
f 1118//1118 890//890 1119//1119
f 691//691 2840//2840 3012//3012
f 2918//2918 1635//1635 2870//2870
f 1108//1108 3432//3432 1989//1989
f 1521//1521 2870//2870 1635//1635
f 3012//3012 1189//1189 691//691
f 690//690 2839//2839 3011//3011
f 1520//1520 2869//2869 1632//1632
f 2928//2928 1633//1633 2868//2868
f 1990//1990 1108//1108 1109//1109
f 1519//1519 2868//2868 1633//1633
f 805//805 251//251 1837//1837
f 3011//3011 1188//1188 690//690
f 3432//3432 1108//1108 1990//1990
f 1108//1108 878//878 1109//1109
f 805//805 1001//1001 251//251
f 1518//1518 2867//2867 1630//1630
f 2926//2926 1629//1629 2866//2866
f 804//804 235//235 1836//1836
f 1517//1517 2866//2866 1629//1629
f 1116//1116 3427//3427 2000//2000
f 2001//2001 1116//1116 1117//1117
f 3427//3427 1116//1116 2001//2001
f 804//804 1000//1000 235//235
f 1116//1116 888//888 1117//1117
f 1114//1114 3428//3428 1998//1998
f 1999//1999 1114//1114 1115//1115
f 1516//1516 2865//2865 1626//1626
f 2394//2394 2878//2878 1493//1493
f 1974//1974 2394//2394 1493//1493
f 2394//2394 1974//1974 1491//1491
f 2927//2927 1631//1631 2864//2864
f 2393//2393 2877//2877 1492//1492
f 1515//1515 2864//2864 1631//1631
f 1973//1973 2393//2393 1492//1492
f 2393//2393 1973//1973 1490//1490
f 1514//1514 2863//2863 1628//1628
f 2925//2925 1627//1627 2862//2862
f 941//941 2286//2286 607//607
f 1513//1513 2862//2862 1627//1627
f 1097//1097 607//607 2286//2286
f 961//961 2744//2744 411//411
f 1512//1512 2861//2861 1624//1624
f 940//940 2285//2285 606//606
f 1096//1096 606//606 2285//2285
f 2206//2206 2282//2282 949//949
f 2282//2282 947//947 949//949
f 2923//2923 1623//1623 2860//2860
f 1183//1183 2152//2152 819//819
f 1511//1511 2860//2860 1623//1623
f 960//960 2743//2743 410//410
f 1182//1182 2151//2151 818//818
f 1510//1510 2859//2859 1620//1620
f 2924//2924 1625//1625 2858//2858
f 2042//2042 2782//2782 817//817
f 1509//1509 2858//2858 1625//1625
f 1339//1339 1265//1265 2042//2042
f 817//817 1339//1339 2042//2042
f 1508//1508 2857//2857 1622//1622
f 2922//2922 1621//1621 2856//2856
f 2041//2041 2781//2781 816//816
f 1507//1507 2856//2856 1621//1621
f 1338//1338 1264//1264 2041//2041
f 816//816 1338//1338 2041//2041
f 1506//1506 2855//2855 1618//1618
f 2921//2921 1619//1619 2854//2854
f 1062//1062 2312//2312 2316//2316
f 3428//3428 1114//1114 1999//1999
f 1505//1505 2854//2854 1619//1619
f 2312//2312 363//363 2316//2316
f 1114//1114 886//886 1115//1115
f 1037//1037 2289//2289 2315//2315
f 1504//1504 2853//2853 1616//1616
f 2920//2920 1617//1617 2852//2852
f 2289//2289 338//338 2315//2315
f 1503//1503 2852//2852 1617//1617
f 1247//1247 1201//1201 549//549
f 2360//2360 1287//1287 1201//1201
f 1502//1502 2851//2851 1614//1614
f 1287//1287 549//549 1201//1201
f 2919//2919 1615//1615 2850//2850
f 1246//1246 1200//1200 548//548
f 3190//3190 668//668 2265//2265
f 1501//1501 2850//2850 1615//1615
f 2917//2917 1612//1612 2849//2849
f 2268//2268 2384//2384 673//673
f 1500//1500 2849//2849 1612//1612
f 2359//2359 1286//1286 1200//1200
f 1286//1286 548//548 1200//1200
f 2205//2205 2281//2281 948//948
f 1295//1295 1321//1321 390//390
f 3190//3190 2265//2265 457//457
f 2281//2281 946//946 948//948
f 2930//2930 1611//1611 2848//2848
f 3192//3192 670//670 2266//2266
f 1523//1523 2848//2848 1611//1611
f 2929//2929 1610//1610 2847//2847
f 2267//2267 2382//2382 671//671
f 3230//3230 789//789 791//791
f 1498//1498 2847//2847 1610//1610
f 1997//1997 1112//1112 1113//1113
f 3192//3192 2266//2266 459//459
f 2266//2266 2380//2380 669//669
f 1294//1294 1320//1320 391//391
f 3194//3194 672//672 2267//2267
f 3194//3194 2267//2267 461//461
f 2265//2265 2378//2378 667//667
f 939//939 791//791 937//937
f 1112//1112 884//884 1113//1113
f 3196//3196 674//674 2268//2268
f 2264//2264 2376//2376 665//665
f 786//786 3226//3226 3225//3225
f 3226//3226 464//464 3225//3225
f 789//789 937//937 791//791
f 1106//1106 3430//3430 1987//1987
f 772//772 3213//3213 3212//3212
f 3213//3213 449//449 3212//3212
f 3196//3196 2268//2268 463//463
f 2263//2263 2371//2371 660//660
f 784//784 3224//3224 3223//3223
f 3224//3224 462//462 3223//3223
f 3171//3171 648//648 2257//2257
f 2262//2262 2369//2369 658//658
f 782//782 3222//3222 3221//3221
f 3222//3222 460//460 3221//3221
f 3171//3171 2257//2257 436//436
f 2261//2261 2367//2367 656//656
f 780//780 3220//3220 3219//3219
f 3220//3220 458//458 3219//3219
f 3172//3172 649//649 2258//2258
f 2260//2260 2365//2365 654//654
f 778//778 3218//3218 3217//3217
f 3218//3218 456//456 3217//3217
f 3172//3172 2258//2258 451//451
f 2259//2259 2363//2363 652//652
f 776//776 3216//3216 3215//3215
f 3216//3216 454//454 3215//3215
f 3229//3229 788//788 790//790
f 1988//1988 1106//1106 1107//1107
f 3167//3167 676//676 2269//2269
f 2270//2270 2386//2386 675//675
f 3167//3167 2269//2269 450//450
f 2269//2269 2373//2373 662//662
f 770//770 3211//3211 3210//3210
f 3211//3211 447//447 3210//3210
f 768//768 3209//3209 3208//3208
f 3209//3209 445//445 3208//3208
f 766//766 3207//3207 3206//3206
f 3430//3430 1106//1106 1988//1988
f 1106//1106 876//876 1107//1107
f 3207//3207 443//443 3206//3206
f 1104//1104 3429//3429 1985//1985
f 1986//1986 1104//1104 1105//1105
f 764//764 3205//3205 3204//3204
f 3205//3205 441//441 3204//3204
f 762//762 3203//3203 3202//3202
f 3203//3203 439//439 3202//3202
f 685//685 3048//3048 645//645
f 3048//3048 681//681 645//645
f 1135//1135 645//645 681//681
f 684//684 3047//3047 644//644
f 3047//3047 680//680 644//644
f 1134//1134 644//644 680//680
f 2588//2588 3239//3239 624//624
f 3429//3429 1104//1104 1986//1986
f 1104//1104 874//874 1105//1105
f 2587//2587 3240//3240 625//625
f 3599//3599 3145//3145 3512//3512
f 212//212 2927//2927 210//210
f 938//938 790//790 936//936
f 1984//1984 1102//1102 1103//1103
f 1077//1077 3599//3599 3512//3512
f 210//210 2926//2926 211//211
f 3200//3200 774//774 3214//3214
f 452//452 3200//3200 3214//3214
f 3598//3598 1078//1078 1080//1080
f 209//209 2924//2924 207//207
f 3199//3199 760//760 3201//3201
f 437//437 3199//3199 3201//3201
f 3598//3598 350//350 352//352
f 207//207 2923//2923 208//208
f 788//788 936//936 790//790
f 1102//1102 872//872 1103//1103
f 2767//2767 3633//3633 2768//2768
f 208//208 3641//3641 3577//3577
f 2324//2324 2173//2173 323//323
f 687//687 1797//1797 451//451
f 350//350 3598//3598 1080//1080
f 205//205 2920//2920 204//204
f 1643//1643 2173//2173 2324//2324
f 647//647 687//687 451//451
f 3060//3060 3652//3652 3058//3058
f 204//204 2919//2919 203//203
f 2323//2323 2174//2174 328//328
f 686//686 1796//1796 436//436
f 3064//3064 214//214 213//213
f 214//214 2918//2918 213//213
f 1642//1642 2174//2174 2323//2323
f 1125//1125 677//677 679//679
f 3054//3054 202//202 203//203
f 202//202 2917//2917 203//203
f 679//679 677//677 467//467
f 646//646 686//686 436//436
f 1124//1124 676//676 678//678
f 678//678 676//676 466//466
f 1929//1929 2314//2314 3424//3424
f 409//409 3424//3424 2668//2668
f 2668//2668 3424//3424 2314//2314
f 1928//1928 2287//2287 3423//3423
f 408//408 3423//3423 2667//2667
f 2667//2667 3423//3423 2287//2287
f 664//664 1132//1132 663//663
f 3168//3168 677//677 2270//2270
f 651//651 1130//1130 650//650
f 3168//3168 2270//2270 465//465
f 251//251 1835//1835 1837//1837
f 1835//1835 2702//2702 1837//1837
f 997//997 1835//1835 251//251
f 235//235 1834//1834 1836//1836
f 1834//1834 2701//2701 1836//1836
f 996//996 1834//1834 235//235
f 3559//3559 2274//2274 1925//1925
f 337//337 2274//2274 3559//3559
f 1681//1681 3559//3559 829//829
f 1705//1705 1439//1439 1431//1431
f 825//825 2316//2316 407//407
f 2316//2316 1927//1927 407//407
f 2316//2316 2044//2044 1927//1927
f 824//824 2315//2315 406//406
f 2315//2315 1926//1926 406//406
f 2315//2315 2043//2043 1926//1926
f 1333//1333 1335//1335 813//813
f 2168//2168 1333//1333 813//813
f 1332//1332 1334//1334 812//812
f 2165//2165 1332//1332 812//812
f 337//337 3559//3559 1681//1681
f 689//689 3234//3234 3124//3124
f 3558//3558 2273//2273 1924//1924
f 688//688 3233//3233 3123//3123
f 315//315 2201//2201 316//316
f 336//336 2273//2273 3558//3558
f 314//314 2200//2200 315//315
f 314//314 315//315 1602//1602
f 313//313 2199//2199 314//314
f 313//313 314//314 1601//1601
f 312//312 2198//2198 313//313
f 312//312 313//313 1600//1600
f 311//311 2197//2197 312//312
f 311//311 312//312 1599//1599
f 310//310 2196//2196 311//311
f 310//310 311//311 1598//1598
f 309//309 2195//2195 310//310
f 309//309 310//310 1597//1597
f 308//308 2194//2194 309//309
f 308//308 309//309 1596//1596
f 307//307 2193//2193 308//308
f 307//307 308//308 1595//1595
f 306//306 2192//2192 307//307
f 306//306 307//307 1594//1594
f 305//305 2191//2191 306//306
f 305//305 306//306 1593//1593
f 302//302 2188//2188 303//303
f 1680//1680 3558//3558 828//828
f 301//301 2187//2187 302//302
f 301//301 302//302 1589//1589
f 300//300 2186//2186 301//301
f 300//300 301//301 1588//1588
f 299//299 2185//2185 300//300
f 299//299 300//300 1587//1587
f 298//298 2184//2184 299//299
f 298//298 299//299 1586//1586
f 297//297 2183//2183 298//298
f 297//297 298//298 1585//1585
f 296//296 2182//2182 297//297
f 296//296 297//297 1584//1584
f 295//295 2181//2181 296//296
f 336//336 3558//3558 1680//1680
f 295//295 296//296 1583//1583
f 294//294 2180//2180 295//295
f 3234//3234 1421//1421 3124//3124
f 294//294 295//295 1582//1582
f 293//293 2179//2179 294//294
f 293//293 294//294 1581//1581
f 292//292 2178//2178 293//293
f 292//292 293//293 1580//1580
f 1199//1199 899//899 2255//2255
f 374//374 636//636 3120//3120
f 3120//3120 479//479 1685//1685
f 636//636 479//479 3120//3120
f 1198//1198 898//898 2256//2256
f 374//374 3120//3120 1527//1527
f 375//375 637//637 3119//3119
f 3119//3119 478//478 1684//1684
f 565//565 1537//1537 1533//1533
f 1147//1147 1533//1533 1537//1537
f 637//637 478//478 3119//3119
f 433//433 565//565 1533//1533
f 564//564 1536//1536 1532//1532
f 1146//1146 1532//1532 1536//1536
f 375//375 3119//3119 1526//1526
f 432//432 564//564 1532//1532
f 2358//2358 1759//1759 533//533
f 3058//3058 3577//3577 3059//3059
f 2357//2357 1758//1758 532//532
f 685//685 435//435 1801//1801
f 1491//1491 2874//2874 2846//2846
f 685//685 645//645 2172//2172
f 2882//2882 2846//2846 2874//2874
f 207//207 3577//3577 209//209
f 684//684 434//434 1800//1800
f 1490//1490 2873//2873 2845//2845
f 684//684 644//644 2171//2171
f 2881//2881 2845//2845 2873//2873
f 1423//1423 3124//3124 1421//1421
f 3124//3124 379//379 693//693
f 2208//2208 3134//3134 2562//2562
f 2496//2496 2208//2208 2562//2562
f 291//291 2208//2208 949//949
f 2208//2208 291//291 3134//3134
f 2207//2207 3133//3133 2561//2561
f 2495//2495 2207//2207 2561//2561
f 3124//3124 1423//1423 2740//2740
f 290//290 2207//2207 948//948
f 2046//2046 2313//2313 1063//1063
f 2207//2207 290//290 3133//3133
f 3124//3124 2740//2740 379//379
f 823//823 2452//2452 2668//2668
f 823//823 2314//2314 1063//1063
f 3233//3233 1420//1420 3123//3123
f 2452//2452 823//823 3128//3128
f 1422//1422 3123//3123 1420//1420
f 822//822 2451//2451 2667//2667
f 822//822 2287//2287 1036//1036
f 3123//3123 378//378 692//692
f 2451//2451 822//822 3127//3127
f 2206//2206 949//949 2208//2208
f 3123//3123 1422//1422 2739//2739
f 2494//2494 2206//2206 2208//2208
f 2205//2205 948//948 2207//2207
f 3123//3123 2739//2739 378//378
f 2493//2493 2205//2205 2207//2207
f 2666//2666 421//421 1247//1247
f 1271//1271 2972//2972 2176//2176
f 2831//2831 236//236 1754//1754
f 774//774 1431//1431 1413//1413
f 1270//1270 2971//2971 2175//2175
f 1439//1439 1413//1413 1431//1431
f 2831//2831 1754//1754 2325//2325
f 353//353 2302//2302 351//351
f 1081//1081 353//353 351//351
f 1692//1692 1432//1432 1430//1430
f 316//316 3046//3046 1603//1603
f 2554//2554 316//316 1603//1603
f 333//333 291//291 2556//2556
f 3134//3134 291//291 2600//2600
f 2665//2665 420//420 1246//1246
f 2552//2552 314//314 1602//1602
f 291//291 333//333 2600//2600
f 2551//2551 313//313 1601//1601
f 760//760 1430//1430 1406//1406
f 2550//2550 312//312 1600//1600
f 1432//1432 1406//1406 1430//1430
f 2549//2549 311//311 1599//1599
f 1265//1265 619//619 2586//2586
f 2548//2548 310//310 1598//1598
f 332//332 290//290 2555//2555
f 2547//2547 309//309 1597//1597
f 3133//3133 290//290 2599//2599
f 2546//2546 308//308 1596//1596
f 1264//1264 618//618 2585//2585
f 2545//2545 307//307 1595//1595
f 2400//2400 1347//1347 811//811
f 2544//2544 306//306 1594//1594
f 290//290 332//332 2599//2599
f 2543//2543 305//305 1593//1593
f 945//945 2190//2190 1592//1592
f 2542//2542 945//945 1592//1592
f 303//303 3045//3045 1590//1590
f 2541//2541 303//303 1590//1590
f 2438//2438 2218//2218 328//328
f 2190//2190 305//305 1592//1592
f 944//944 2177//2177 1579//1579
f 2539//2539 301//301 1589//1589
f 2177//2177 292//292 1579//1579
f 2538//2538 300//300 1588//1588
f 2437//2437 2217//2217 323//323
f 2537//2537 299//299 1587//1587
f 1634//1634 3136//3136 3064//3064
f 2536//2536 298//298 1586//1586
f 1637//1637 3136//3136 1634//1634
f 2535//2535 297//297 1585//1585
f 2080//2080 421//421 2666//2666
f 2534//2534 296//296 1584//1584
f 2400//2400 2318//2318 1347//1347
f 2533//2533 295//295 1583//1583
f 2400//2400 2286//2286 2318//2318
f 2080//2080 2666//2666 831//831
f 2532//2532 294//294 1582//1582
f 2045//2045 2288//2288 1036//1036
f 2079//2079 420//420 2665//2665
f 2531//2531 293//293 1581//1581
f 1634//1634 1522//1522 1637//1637
f 2530//2530 292//292 1580//1580
f 3379//3379 2201//2201 2200//2200
f 2529//2529 944//944 1579//1579
f 635//635 174//174 175//175
f 2399//2399 1346//1346 810//810
f 2079//2079 2665//2665 830//830
f 2399//2399 2317//2317 1346//1346
f 634//634 105//105 104//104
f 2399//2399 2285//2285 2317//2317
f 2201//2201 315//315 2200//2200
f 579//579 2517//2517 580//580
f 483//483 2320//2320 1533//1533
f 580//580 2517//2517 2472//2472
f 579//579 580//580 1952//1952
f 3370//3370 2188//2188 2187//2187
f 482//482 2319//2319 1532//1532
f 566//566 2505//2505 567//567
f 1575//1575 949//949 1577//1577
f 1574//1574 948//948 1576//1576
f 1311//1311 563//563 145//145
f 144//144 1311//1311 145//145
f 1310//1310 562//562 134//134
f 135//135 1310//1310 134//134
f 526//526 905//905 3163//3163
f 1674//1674 526//526 3163//3163
f 2188//2188 302//302 2187//2187
f 1093//1093 3163//3163 905//905
f 567//567 2505//2505 2459//2459
f 527//527 904//904 3164//3164
f 1613//1613 3135//3135 3054//3054
f 1653//1653 527//527 3164//3164
f 566//566 567//567 1939//1939
f 1066//1066 3164//3164 904//904
f 2856//2856 2921//2921 2922//2922
f 2897//2897 2896//2896 1489//1489
f 2782//2782 1391//1391 817//817
f 2135//2135 2897//2897 1489//1489
f 3139//3139 3634//3634 1067//1067
f 2781//2781 1390//1390 816//816
f 2884//2884 2883//2883 1488//1488
f 2122//2122 2884//2884 1488//1488
f 725//725 473//473 1285//1285
f 473//473 801//801 1285//1285
f 2974//2974 2844//2844 2970//2970
f 6//6 2974//2974 2970//2970
f 2973//2973 2843//2843 2969//2969
f 89//89 2973//2973 2969//2969
f 360//360 2311//2311 362//362
f 3658//3658 2759//2759 2758//2758
f 341//341 2290//2290 339//339
f 1069//1069 341//341 339//339
f 801//801 473//473 1681//1681
f 2156//2156 369//369 1343//1343
f 358//358 2309//2309 360//360
f 2155//2155 368//368 1342//1342
f 1088//1088 358//358 360//360
f 356//356 2305//2305 358//358
f 1084//1084 356//356 358//358
f 359//359 2308//2308 357//357
f 1636//1636 3135//3135 1613//1613
f 354//354 2307//2307 356//356
f 3673//3673 1384//1384 3633//3633
f 352//352 2303//2303 354//354
f 3155//3155 3668//3668 1086//1086
f 355//355 2306//2306 353//353
f 3061//3061 3582//3582 3062//3062
f 724//724 472//472 1284//1284
f 472//472 800//800 1284//1284
f 800//800 472//472 1680//1680
f 350//350 2299//2299 352//352
f 210//210 3582//3582 212//212
f 348//348 2301//2301 350//350
f 3673//3673 2767//2767 2766//2766
f 351//351 2298//2298 349//349
f 1613//1613 1499//1499 1636//1636
f 346//346 2297//2297 348//348
f 1076//1076 346//346 348//348
f 344//344 2295//2295 346//346
f 2736//2736 2245//2245 2032//2032
f 1074//1074 344//344 346//346
f 347//347 2296//2296 345//345
f 1907//1907 2134//2134 2162//2162
f 1075//1075 347//347 345//345
f 342//342 2293//2293 344//344
f 2734//2734 2243//2243 2031//2031
f 1072//1072 342//342 344//344
f 343//343 2292//2292 341//341
f 2733//2733 2242//2242 2030//2030
f 2134//2134 1487//1487 2162//2162
f 2735//2735 2736//2736 1362//1362
f 2732//2732 2241//2241 2029//2029
f 1906//1906 2121//2121 2161//2161
f 2121//2121 1486//1486 2161//2161
f 2731//2731 2240//2240 2028//2028
f 589//589 2481//2481 2526//2526
f 1603//1603 1605//1605 2658//2658
f 2730//2730 2239//2239 2027//2027
f 1603//1603 317//317 1605//1605
f 2734//2734 2735//2735 1364//1364
f 2729//2729 2238//2238 2026//2026
f 2735//2735 2031//2031 2244//2244
f 2735//2735 2734//2734 2031//2031
f 2728//2728 2237//2237 2025//2025
f 2733//2733 2734//2734 1366//1366
f 2734//2734 2030//2030 2243//2243
f 2727//2727 2236//2236 2024//2024
f 2734//2734 2733//2733 2030//2030
f 1375//1375 3658//3658 2758//2758
f 2726//2726 2235//2235 2023//2023
f 2733//2733 2029//2029 2242//2242
f 2733//2733 2732//2732 2029//2029
f 2725//2725 2234//2234 2022//2022
f 3576//3576 204//204 203//203
f 2732//2732 2028//2028 2241//2241
f 2724//2724 2233//2233 2021//2021
f 2732//2732 2731//2731 2028//2028
f 3149//3149 3590//3590 3148//3148
f 2723//2723 2231//2231 2020//2020
f 2731//2731 2027//2027 2240//2240
f 2731//2731 2730//2730 2027//2027
f 1590//1590 1604//1604 2645//2645
f 3590//3590 3149//3149 3515//3515
f 2730//2730 2026//2026 2239//2239
f 2721//2721 2229//2229 2019//2019
f 2730//2730 2729//2729 2026//2026
f 1087//1087 3590//3590 3515//3515
f 2720//2720 2228//2228 2018//2018
f 2729//2729 2025//2025 2238//2238
f 2729//2729 2728//2728 2025//2025
f 2719//2719 2227//2227 2017//2017
f 1933//1933 1083//1083 3618//3618
f 2728//2728 2024//2024 2237//2237
f 2718//2718 2226//2226 2016//2016
f 2728//2728 2727//2727 2024//2024
f 355//355 3597//3597 1083//1083
f 2717//2717 2225//2225 2015//2015
f 2727//2727 2023//2023 2236//2236
f 2727//2727 2726//2726 2023//2023
f 2716//2716 2224//2224 2014//2014
f 2725//2725 2726//2726 1382//1382
f 2726//2726 2022//2022 2235//2235
f 2715//2715 2223//2223 2013//2013
f 2726//2726 2725//2725 2022//2022
f 1367//1367 3630//3630 3629//3629
f 2714//2714 2222//2222 2012//2012
f 2725//2725 2021//2021 2234//2234
f 2725//2725 2724//2724 2021//2021
f 2713//2713 2221//2221 2011//2011
f 3634//3634 1069//1069 1067//1067
f 2722//2722 2019//2019 2230//2230
f 2712//2712 2220//2220 2010//2010
f 2722//2722 2721//2721 2019//2019
f 2720//2720 2721//2721 1381//1381
f 2711//2711 2219//2219 2009//2009
f 2721//2721 2018//2018 2229//2229
f 451//451 2258//2258 647//647
f 2258//2258 2388//2388 647//647
f 436//436 2257//2257 646//646
f 2257//2257 2387//2387 646//646
f 433//433 2454//2454 2502//2502
f 2502//2502 2454//2454 2664//2664
f 565//565 433//433 2502//2502
f 432//432 2453//2453 2501//2501
f 2501//2501 2453//2453 2663//2663
f 564//564 432//432 2501//2501
f 2721//2721 2720//2720 2018//2018
f 3644//3644 2720//2720 1381//1381
f 2720//2720 2017//2017 2228//2228
f 2720//2720 2719//2719 2017//2017
f 588//588 2525//2525 589//589
f 589//589 2525//2525 2481//2481
f 1377//1377 3644//3644 1381//1381
f 588//588 589//589 1961//1961
f 576//576 2468//2468 2514//2514
f 2719//2719 2016//2016 2227//2227
f 427//427 2458//2458 2517//2517
f 2517//2517 2458//2458 2660//2660
f 579//579 427//427 2517//2517
f 424//424 2457//2457 2505//2505
f 2505//2505 2457//2457 2659//2659
f 566//566 424//424 2505//2505
f 575//575 2513//2513 576//576
f 2719//2719 2718//2718 2016//2016
f 576//576 2513//2513 2468//2468
f 575//575 576//576 1948//1948
f 1076//1076 3643//3643 3594//3594
f 588//588 2480//2480 2525//2525
f 587//587 2524//2524 588//588
f 2718//2718 2015//2015 2226//2226
f 588//588 2524//2524 2480//2480
f 587//587 588//588 1960//1960
f 695//695 417//417 2982//2982
f 2718//2718 2717//2717 2015//2015
f 694//694 416//416 2981//2981
f 575//575 2467//2467 2513//2513
f 574//574 2512//2512 575//575
f 1378//1378 3627//3627 2727//2727
f 2717//2717 2014//2014 2225//2225
f 2717//2717 2716//2716 2014//2014
f 2726//2726 3627//3627 1382//1382
f 2716//2716 2013//2013 2224//2224
f 575//575 2512//2512 2467//2467
f 574//574 575//575 1947//1947
f 2716//2716 2715//2715 2013//2013
f 3627//3627 2726//2726 2727//2727
f 587//587 2479//2479 2524//2524
f 2715//2715 2012//2012 2223//2223
f 586//586 2523//2523 587//587
f 2715//2715 2714//2714 2012//2012
f 2713//2713 2714//2714 1367//1367
f 587//587 2523//2523 2479//2479
f 586//586 587//587 1959//1959
f 2714//2714 2011//2011 2222//2222
f 2714//2714 2713//2713 2011//2011
f 574//574 2466//2466 2512//2512
f 573//573 2511//2511 574//574
f 2712//2712 2713//2713 1365//1365
f 2713//2713 2010//2010 2221//2221
f 574//574 2511//2511 2466//2466
f 573//573 574//574 1946//1946
f 2713//2713 2712//2712 2010//2010
f 3627//3627 1378//1378 1382//1382
f 586//586 2478//2478 2523//2523
f 2492//2492 2204//2204 2282//2282
f 585//585 2522//2522 586//586
f 2712//2712 2009//2009 2220//2220
f 586//586 2522//2522 2478//2478
f 2491//2491 2203//2203 2281//2281
f 585//585 586//586 1958//1958
f 2712//2712 2711//2711 2009//2009
f 573//573 2465//2465 2511//2511
f 572//572 2510//2510 573//573
f 3390//3390 1787//1787 2076//2076
f 573//573 2510//2510 2465//2465
f 572//572 573//573 1945//1945
f 3042//3042 3390//3390 2076//2076
f 585//585 2477//2477 2522//2522
f 584//584 2521//2521 585//585
f 3390//3390 3042//3042 2074//2074
f 585//585 2521//2521 2477//2477
f 584//584 585//585 1957//1957
f 1086//1086 3646//3646 1084//1084
f 572//572 2464//2464 2510//2510
f 571//571 2509//2509 572//572
f 2724//2724 2034//2034 2233//2233
f 572//572 2509//2509 2464//2464
f 571//571 572//572 1944//1944
f 2724//2724 2738//2738 2034//2034
f 584//584 2476//2476 2521//2521
f 583//583 2520//2520 584//584
f 1368//1368 3626//3626 2733//2733
f 584//584 2520//2520 2476//2476
f 583//583 584//584 1956//1956
f 2711//2711 2033//2033 2219//2219
f 571//571 2463//2463 2509//2509
f 570//570 2508//2508 571//571
f 2711//2711 2737//2737 2033//2033
f 571//571 2508//2508 2463//2463
f 570//570 571//571 1943//1943
f 3395//3395 1777//1777 2064//2064
f 583//583 2475//2475 2520//2520
f 582//582 2519//2519 583//583
f 3030//3030 3395//3395 2064//2064
f 583//583 2519//2519 2475//2475
f 582//582 583//583 1955//1955
f 3395//3395 3030//3030 2062//2062
f 570//570 2462//2462 2508//2508
f 3396//3396 1783//1783 2070//2070
f 3036//3036 3396//3396 2070//2070
f 3396//3396 3036//3036 2068//2068
f 3399//3399 1782//1782 2067//2067
f 3037//3037 3399//3399 2067//2067
f 3399//3399 3037//3037 2069//2069
f 3402//3402 1776//1776 2061//2061
f 3031//3031 3402//3402 2061//2061
f 3402//3402 3031//3031 2063//2063
f 3345//3345 1766//1766 2053//2053
f 3023//3023 3345//3345 2053//2053
f 3345//3345 3023//3023 2055//2055
f 995//995 807//807 1005//1005
f 999//999 807//807 995//995
f 1349//1349 999//999 995//995
f 980//980 806//806 1004//1004
f 998//998 806//806 980//980
f 1348//1348 998//998 980//980
f 859//859 2430//2430 2110//2110
f 2430//2430 793//793 2820//2820
f 2110//2110 2430//2430 2820//2820
f 845//845 2429//2429 2096//2096
f 2429//2429 792//792 2819//2819
f 2096//2096 2429//2429 2819//2819
f 3359//3359 1778//1778 2065//2065
f 3035//3035 3359//3359 2065//2065
f 3359//3359 3035//3035 2067//2067
f 3382//3382 1772//1772 2059//2059
f 3029//3029 3382//3382 2059//2059
f 3382//3382 3029//3029 2061//2061
f 3384//3384 1768//1768 2055//2055
f 3025//3025 3384//3384 2055//2055
f 3384//3384 3025//3025 2057//2057
f 3383//3383 1784//1784 2071//2071
f 3041//3041 3383//3383 2071//2071
f 2732//2732 3626//3626 1370//1370
f 3383//3383 3041//3041 2073//2073
f 3386//3386 1770//1770 2057//2057
f 3027//3027 3386//3386 2057//2057
f 3626//3626 2732//2732 2733//2733
f 1788//1788 2052//2052 1763//1763
f 3386//3386 3027//3027 2059//2059
f 3388//3388 1771//1771 2060//2060
f 1590//1590 304//304 1604//1604
f 1765//1765 2051//2051 1762//1762
f 3026//3026 3388//3388 2060//2060
f 3388//3388 3026//3026 2058//2058
f 2500//2500 955//955 2048//2048
f 3389//3389 1769//1769 2058//2058
f 3024//3024 3389//3389 2058//2058
f 3389//3389 3024//3024 2056//2056
f 955//955 2500//2500 1195//1195
f 3387//3387 1773//1773 2062//2062
f 3028//3028 3387//3387 2062//2062
f 3387//3387 3028//3028 2060//2060
f 2499//2499 954//954 2047//2047
f 3393//3393 1785//1785 2074//2074
f 3040//3040 3393//3393 2074//2074
f 3393//3393 3040//3040 2072//2072
f 954//954 2499//2499 1194//1194
f 3385//3385 1786//1786 2073//2073
f 3043//3043 3385//3385 2073//2073
f 3385//3385 3043//3043 2075//2075
f 1983//1983 1102//1102 1984//1984
f 3392//3392 1779//1779 2068//2068
f 3034//3034 3392//3392 2068//2068
f 3392//3392 3034//3034 2066//2066
f 1660//1660 1983//1983 1984//1984
f 3391//3391 1767//1767 2056//2056
f 3022//3022 3391//3391 2056//2056
f 3391//3391 3022//3022 2054//2054
f 1331//1331 1249//1249 229//229
f 3339//3339 1775//1775 2066//2066
f 3032//3032 3339//3339 2066//2066
f 3339//3339 3032//3032 2064//2064
f 537//537 229//229 1249//1249
f 3340//3340 1781//1781 2072//2072
f 3038//3038 3340//3340 2072//2072
f 3340//3340 3038//3038 2070//2070
f 537//537 1249//1249 1255//1255
f 3344//3344 1780//1780 2069//2069
f 3039//3039 3344//3344 2069//2069
f 3344//3344 3039//3039 2071//2071
f 1330//1330 1248//1248 228//228
f 3343//3343 1774//1774 2063//2063
f 3033//3033 3343//3343 2063//2063
f 3343//3343 3033//3033 2065//2065
f 536//536 228//228 1248//1248
f 1429//1429 2272//2272 1691//1691
f 2272//2272 907//907 1427//1427
f 2272//2272 1429//1429 907//907
f 536//536 1248//1248 1254//1254
f 1428//1428 2271//2271 1690//1690
f 2271//2271 906//906 1426//1426
f 2271//2271 1428//1428 906//906
f 1996//1996 1112//1112 1997//1997
f 2744//2744 961//961 2114//2114
f 1337//1337 2114//2114 961//961
f 2743//2743 960//960 2113//2113
f 1667//1667 1996//1996 1997//1997
f 1336//1336 2113//2113 960//960
f 569//569 2507//2507 570//570
f 1539//1539 1183//1183 1179//1179
f 3200//3200 759//759 774//774
f 570//570 2507//2507 2462//2462
f 1538//1538 1182//1182 1178//1178
f 1145//1145 2560//2560 1241//1241
f 759//759 909//909 774//774
f 569//569 570//570 1942//1942
f 590//590 2482//2482 2527//2527
f 1144//1144 2559//2559 1240//1240
f 1431//1431 774//774 909//909
f 589//589 2526//2526 590//590
f 590//590 2526//2526 2482//2482
f 2921//2921 2854//2854 2920//2920
f 3199//3199 758//758 760//760
f 205//205 2921//2921 2920//2920
f 791//791 3234//3234 3230//3230
f 3234//3234 469//469 3230//3230
f 758//758 908//908 760//760
f 790//790 3233//3233 3229//3229
f 3233//3233 468//468 3229//3229
f 1430//1430 760//760 908//908
f 278//278 1328//1328 411//411
f 755//755 2488//2488 2490//2490
f 1328//1328 2360//2360 411//411
f 754//754 2487//2487 2489//2489
f 1328//1328 1287//1287 2360//2360
f 589//589 590//590 1962//1962
f 577//577 2469//2469 2515//2515
f 576//576 2514//2514 577//577
f 279//279 1329//1329 410//410
f 577//577 2514//2514 2469//2469
f 576//576 577//577 1949//1949
f 582//582 2474//2474 2519//2519
f 1329//1329 2359//2359 410//410
f 2968//2968 2582//2582 1035//1035
f 415//415 2968//2968 1035//1035
f 2967//2967 2581//2581 1034//1034
f 414//414 2967//2967 1034//1034
f 581//581 2518//2518 582//582
f 1329//1329 1286//1286 2359//2359
f 2154//2154 2150//2150 629//629
f 2036//2036 2154//2154 629//629
f 582//582 2518//2518 2474//2474
f 581//581 582//582 1954//1954
f 315//315 316//316 2553//2553
f 2153//2153 2149//2149 628//628
f 2035//2035 2153//2153 628//628
f 569//569 2461//2461 2507//2507
f 218//218 2875//2875 2929//2929
f 219//219 218//218 2929//2929
f 1183//1183 1976//1976 2152//2152
f 568//568 2506//2506 569//569
f 1182//1182 1975//1975 2151//2151
f 569//569 2506//2506 2461//2461
f 2034//2034 2738//2738 1839//1839
f 1683//1683 1423//1423 1447//1447
f 2033//2033 2737//2737 1838//1838
f 568//568 569//569 1941//1941
f 527//527 2008//2008 1676//1676
f 2844//2844 1447//1447 1723//1723
f 1181//1181 1847//1847 1147//1147
f 526//526 2007//2007 1677//1677
f 1682//1682 1422//1422 1446//1446
f 1537//1537 1181//1181 1147//1147
f 1881//1881 1239//1239 2602//2602
f 1881//1881 2602//2602 1879//1879
f 1180//1180 1846//1846 1146//1146
f 2843//2843 1446//1446 1722//1722
f 1536//1536 1180//1180 1146//1146
f 3626//3626 1368//1368 1370//1370
f 1880//1880 1238//1238 2601//2601
f 1880//1880 2601//2601 1878//1878
f 591//591 2483//2483 2528//2528
f 1093//1093 363//363 1091//1091
f 590//590 2527//2527 591//591
f 1379//1379 3625//3625 2719//2719
f 591//591 2527//2527 2483//2483
f 590//590 591//591 1963//1963
f 1066//1066 338//338 1068//1068
f 578//578 2470//2470 2516//2516
f 221//221 2876//2876 2930//2930
f 867//867 799//799 795//795
f 799//799 867//867 2584//2584
f 220//220 221//221 2930//2930
f 799//799 619//619 795//795
f 866//866 798//798 794//794
f 798//798 866//866 2583//2583
f 798//798 618//618 794//794
f 1284//1284 800//800 381//381
f 577//577 2515//2515 578//578
f 1285//1285 801//801 380//380
f 578//578 2515//2515 2470//2470
f 577//577 578//578 1950//1950
f 1285//1285 380//380 562//562
f 2080//2080 2216//2216 421//421
f 1284//1284 381//381 563//563
f 2078//2078 2878//2878 2706//2706
f 725//725 2078//2078 2706//2706
f 2077//2077 2877//2877 2705//2705
f 724//724 2077//2077 2705//2705
f 288//288 2284//2284 2280//2280
f 2910//2910 288//288 2280//2280
f 1847//1847 515//515 1205//1205
f 517//517 1205//1205 515//515
f 2216//2216 1938//1938 421//421
f 285//285 2283//2283 2279//2279
f 1846//1846 514//514 1204//1204
f 516//516 1204//1204 514//514
f 1759//1759 2358//2358 1845//1845
f 2358//2358 2980//2980 1845//1845
f 1845//1845 517//517 1759//1759
f 1758//1758 2357//2357 1844//1844
f 2357//2357 2979//2979 1844//1844
f 1844//1844 516//516 1758//1758
f 1197//1197 531//531 2150//2150
f 2079//2079 2215//2215 420//420
f 2215//2215 1937//1937 420//420
f 1196//1196 530//530 2149//2149
f 1487//1487 2134//2134 2896//2896
f 287//287 1487//1487 2896//2896
f 858//858 2428//2428 2109//2109
f 2109//2109 2428//2428 2816//2816
f 2909//2909 285//285 2279//2279
f 844//844 2414//2414 2095//2095
f 2095//2095 2414//2414 2803//2803
f 1486//1486 2121//2121 2883//2883
f 2554//2554 2553//2553 316//316
f 2657//2657 2553//2553 2554//2554
f 811//811 2116//2116 1919//1919
f 302//302 303//303 2540//2540
f 2541//2541 2540//2540 303//303
f 2116//2116 811//811 2592//2592
f 857//857 2427//2427 2108//2108
f 2108//2108 2427//2427 2815//2815
f 811//811 1347//1347 2592//2592
f 856//856 2426//2426 2107//2107
f 2107//2107 2426//2426 2814//2814
f 810//810 2115//2115 1918//1918
f 855//855 2425//2425 2106//2106
f 2106//2106 2425//2425 2813//2813
f 2115//2115 810//810 2591//2591
f 854//854 2424//2424 2105//2105
f 2105//2105 2424//2424 2812//2812
f 810//810 1346//1346 2591//2591
f 853//853 2423//2423 2104//2104
f 2104//2104 2423//2423 2811//2811
f 284//284 1486//1486 2883//2883
f 852//852 2422//2422 2103//2103
f 2103//2103 2422//2422 2810//2810
f 637//637 134//134 133//133
f 851//851 2421//2421 2102//2102
f 2102//2102 2421//2421 2809//2809
f 593//593 637//637 133//133
f 850//850 2420//2420 2101//2101
f 2101//2101 2420//2420 2808//2808
f 3451//3451 3070//3070 2191//2191
f 849//849 2419//2419 2100//2100
f 2100//2100 2419//2419 2807//2807
f 636//636 145//145 146//146
f 848//848 2418//2418 2099//2099
f 2099//2099 2418//2418 2806//2806
f 592//592 636//636 146//146
f 847//847 2417//2417 2098//2098
f 2098//2098 2417//2417 2805//2805
f 363//363 2312//2312 361//361
f 846//846 2416//2416 2097//2097
f 2097//2097 2416//2416 2804//2804
f 1091//1091 363//363 361//361
f 843//843 2413//2413 2094//2094
f 2094//2094 2413//2413 2802//2802
f 338//338 2289//2289 340//340
f 842//842 2412//2412 2093//2093
f 2093//2093 2412//2412 2801//2801
f 1068//1068 338//338 340//340
f 841//841 2411//2411 2092//2092
f 2092//2092 2411//2411 2800//2800
f 2644//2644 2540//2540 2541//2541
f 840//840 2410//2410 2091//2091
f 2091//2091 2410//2410 2799//2799
f 2112//2112 865//865 861//861
f 839//839 2409//2409 2090//2090
f 2090//2090 2409//2409 2798//2798
f 3556//3556 1785//1785 3529//3529
f 838//838 2408//2408 2089//2089
f 2089//2089 2408//2408 2797//2797
f 719//719 3556//3556 3529//3529
f 837//837 2407//2407 2088//2088
f 2088//2088 2407//2407 2796//2796
f 2111//2111 864//864 860//860
f 836//836 2406//2406 2087//2087
f 2087//2087 2406//2406 2795//2795
f 1265//1265 2586//2586 1243//1243
f 835//835 2405//2405 2086//2086
f 2086//2086 2405//2405 2794//2794
f 2577//2577 3163//3163 3150//3150
f 834//834 2404//2404 2085//2085
f 2085//2085 2404//2404 2793//2793
f 3451//3451 2897//2897 2898//2898
f 833//833 2403//2403 2084//2084
f 2084//2084 2403//2403 2792//2792
f 1497//1497 2876//2876 1609//1609
f 2718//2718 3625//3625 1375//1375
f 832//832 2402//2402 2083//2083
f 1496//1496 2875//2875 1608//1608
f 2083//2083 2402//2402 2791//2791
f 2564//2564 3164//3164 3162//3162
f 3070//3070 3451//3451 2192//2192
f 2192//2192 3451//3451 2898//2898
f 3450//3450 3067//3067 2178//2178
f 3625//3625 2718//2718 2719//2719
f 2042//2042 1265//1265 1243//1243
f 1264//1264 2585//2585 1242//1242
f 3234//3234 791//791 1421//1421
f 3450//3450 2884//2884 2885//2885
f 469//469 3234//3234 689//689
f 3233//3233 790//790 1420//1420
f 3067//3067 3450//3450 2179//2179
f 468//468 3233//3233 688//688
f 2179//2179 3450//3450 2885//2885
f 2041//2041 1264//1264 1242//1242
f 3016//3016 223//223 1679//1679
f 2193//2193 3372//3372 2194//2194
f 308//308 2193//2193 2194//2194
f 223//223 3016//3016 3014//3014
f 2180//2180 3363//3363 2181//2181
f 295//295 2180//2180 2181//2181
f 2194//2194 3373//3373 2195//2195
f 3015//3015 216//216 1678//1678
f 953//953 1605//1605 519//519
f 952//952 1604//1604 518//518
f 951//951 2210//2210 941//941
f 1340//1340 1194//1194 1275//1275
f 941//941 821//821 951//951
f 950//950 2209//2209 940//940
f 1340//1340 1275//1275 2790//2790
f 940//940 820//820 950//950
f 216//216 3015//3015 3013//3013
f 2790//2790 1275//1275 2170//2170
f 1341//1341 1195//1195 1274//1274
f 2897//2897 3451//3451 3500//3500
f 1341//1341 1274//1274 2789//2789
f 2789//2789 1274//1274 2169//2169
f 1879//1879 1235//1235 1877//1877
f 3625//3625 1379//1379 1375//1375
f 1878//1878 1234//1234 1864//1864
f 723//723 3624//3624 721//721
f 3381//3381 2907//2907 2908//2908
f 2490//2490 3118//3118 1145//1145
f 309//309 2194//2194 2195//2195
f 2897//2897 3500//3500 2896//2896
f 3380//3380 2894//2894 2895//2895
f 2489//2489 3117//3117 1144//1144
f 3500//3500 2191//2191 2190//2190
f 2181//2181 3364//3364 2182//2182
f 3379//3379 2906//2906 2907//2907
f 3451//3451 2191//2191 3500//3500
f 3378//3378 2905//2905 2906//2906
f 2884//2884 3450//3450 3499//3499
f 296//296 2181//2181 2182//2182
f 600//600 117//117 382//382
f 3377//3377 2904//2904 2905//2905
f 2197//2197 3376//3376 2198//2198
f 382//382 117//117 118//118
f 2884//2884 3499//3499 2883//2883
f 312//312 2197//2197 2198//2198
f 601//601 162//162 383//383
f 3376//3376 2903//2903 2904//2904
f 2184//2184 3367//3367 2185//2185
f 383//383 162//162 161//161
f 3499//3499 2178//2178 2177//2177
f 299//299 2184//2184 2185//2185
f 615//615 621//621 1321//1321
f 3375//3375 2902//2902 2903//2903
f 2198//2198 3377//3377 2199//2199
f 1321//1321 621//621 390//390
f 3450//3450 2178//2178 3499//3499
f 3226//3226 786//786 1419//1419
f 464//464 3226//3226 465//465
f 3374//3374 2901//2901 2902//2902
f 3213//3213 772//772 1412//1412
f 449//449 3213//3213 450//450
f 428//428 2484//2484 2486//2486
f 313//313 2198//2198 2199//2199
f 617//617 623//623 1320//1320
f 3373//3373 2900//2900 2901//2901
f 3224//3224 784//784 1418//1418
f 462//462 3224//3224 463//463
f 429//429 428//428 2486//2486
f 2185//2185 3368//3368 2186//2186
f 1320//1320 623//623 391//391
f 3372//3372 2899//2899 2900//2900
f 3222//3222 782//782 1417//1417
f 460//460 3222//3222 461//461
f 425//425 2471//2471 2485//2485
f 300//300 2185//2185 2186//2186
f 404//404 2783//2783 3437//3437
f 3371//3371 2898//2898 2899//2899
f 3220//3220 780//780 1416//1416
f 458//458 3220//3220 459//459
f 426//426 425//425 2485//2485
f 2195//2195 3374//3374 2196//2196
f 404//404 3437//3437 232//232
f 3370//3370 2893//2893 2894//2894
f 3218//3218 778//778 1415//1415
f 456//456 3218//3218 457//457
f 619//619 799//799 413//413
f 310//310 2195//2195 2196//2196
f 405//405 2784//2784 3438//3438
f 3369//3369 2892//2892 2893//2893
f 3216//3216 776//776 1414//1414
f 454//454 3216//3216 455//455
f 619//619 413//413 2586//2586
f 2182//2182 3365//3365 2183//2183
f 405//405 3438//3438 233//233
f 3368//3368 2891//2891 2892//2892
f 3214//3214 774//774 1413//1413
f 1296//1296 620//620 1266//1266
f 618//618 798//798 412//412
f 297//297 2182//2182 2183//2183
f 1266//1266 620//620 614//614
f 3367//3367 2890//2890 2891//2891
f 3211//3211 770//770 1411//1411
f 447//447 3211//3211 448//448
f 618//618 412//412 2585//2585
f 2199//2199 3378//3378 2200//2200
f 1297//1297 622//622 1267//1267
f 3366//3366 2889//2889 2890//2890
f 3209//3209 768//768 1410//1410
f 445//445 3209//3209 446//446
f 1478//1478 1490//1490 2835//2835
f 314//314 2199//2199 2200//2200
f 1267//1267 622//622 616//616
f 3365//3365 2888//2888 2889//2889
f 3207//3207 766//766 1409//1409
f 443//443 3207//3207 444//444
f 1490//1490 2845//2845 2835//2835
f 2186//2186 3369//3369 2187//2187
f 650//650 3173//3173 651//651
f 3364//3364 2887//2887 2888//2888
f 3205//3205 764//764 1408//1408
f 441//441 3205//3205 442//442
f 2847//2847 2917//2917 2929//2929
f 301//301 2186//2186 2187//2187
f 651//651 3173//3173 438//438
f 3363//3363 2886//2886 2887//2887
f 3203//3203 762//762 1407//1407
f 439//439 3203//3203 440//440
f 2917//2917 202//202 2929//2929
f 3362//3362 2885//2885 2886//2886
f 2050//2050 2172//2172 282//282
f 1789//1789 3624//3624 3020//3020
f 2172//2172 367//367 282//282
f 2049//2049 2171//2171 283//283
f 2171//2171 366//366 283//283
f 438//438 3173//3173 3201//3201
f 2158//2158 1135//1135 2160//2160
f 1127//1127 2160//2160 1135//1135
f 3201//3201 760//760 1406//1406
f 3201//3201 3173//3173 437//437
f 1135//1135 681//681 1127//1127
f 2972//2972 2668//2668 2452//2452
f 1795//1795 2972//2972 2452//2452
f 1191//1191 1795//1795 2452//2452
f 2971//2971 2667//2667 2451//2451
f 1794//1794 2971//2971 2451//2451
f 1190//1190 1794//1794 2451//2451
f 2157//2157 1134//1134 2159//2159
f 1126//1126 2159//2159 1134//1134
f 1134//1134 680//680 1126//1126
f 1490//1490 1478//1478 2839//2839
f 2839//2839 1478//1478 3011//3011
f 2836//2836 1479//1479 1491//1491
f 3624//3624 1789//1789 721//721
f 1491//1491 1479//1479 2840//2840
f 2840//2840 1479//1479 3012//3012
f 3624//3624 723//723 3020//3020
f 2575//2575 3150//3150 3149//3149
f 1672//1672 2575//2575 3149//3149
f 2216//2216 1261//1261 1938//1938
f 2566//2566 3162//3162 3161//3161
f 1655//1655 2566//2566 3161//3161
f 1261//1261 1337//1337 1938//1938
f 2215//2215 1260//1260 1937//1937
f 1260//1260 1336//1336 1937//1937
f 3153//3153 3623//3623 3152//3152
f 3150//3150 2575//2575 2577//2577
f 291//291 949//949 1575//1575
f 2556//2556 291//291 1575//1575
f 2556//2556 1575//1575 521//521
f 290//290 948//948 1574//1574
f 2555//2555 290//290 1574//1574
f 2555//2555 1574//1574 520//520
f 2558//2558 2490//2490 1145//1145
f 2557//2557 2489//2489 1144//1144
f 2577//2577 1990//1990 1991//1991
f 1271//1271 2176//2176 2278//2278
f 1086//1086 3154//3154 3155//3155
f 2575//2575 1990//1990 2577//2577
f 1270//1270 2175//2175 2277//2277
f 3162//3162 2566//2566 2564//2564
f 949//949 947//947 1577//1577
f 3148//3148 3528//3528 3147//3147
f 2564//2564 2003//2003 2004//2004
f 2574//2574 3154//3154 3153//3153
f 948//948 946//946 1576//1576
f 2566//2566 2003//2003 2564//2564
f 1753//1753 2354//2354 1645//1645
f 1671//1671 2574//2574 3153//3153
f 356//356 3646//3646 354//354
f 2354//2354 891//891 1645//1645
f 2573//2573 3148//3148 3147//3147
f 1668//1668 2573//2573 3147//3147
f 1739//1739 2353//2353 1644//1644
f 2572//2572 3156//3156 3155//3155
f 947//947 945//945 1591//1591
f 2353//2353 879//879 1644//1644
f 1667//1667 2572//2572 3155//3155
f 946//946 944//944 1578//1578
f 1347//1347 2210//2210 2284//2284
f 3631//3631 1384//1384 2724//2724
f 289//289 1347//1347 2284//2284
f 2592//2592 1347//1347 289//289
f 1346//1346 2209//2209 2283//2283
f 286//286 1346//1346 2283//2283
f 2591//2591 1346//1346 286//286
f 1577//1577 947//947 1591//1591
f 2571//2571 3146//3146 3145//3145
f 1664//1664 2571//2571 3145//3145
f 1577//1577 1591//1591 2662//2662
f 2570//2570 3158//3158 3157//3157
f 1663//1663 2570//2570 3157//3157
f 3662//3662 2758//2758 2759//2759
f 2569//2569 3144//3144 3143//3143
f 1660//1660 2569//2569 3143//3143
f 1576//1576 946//946 1578//1578
f 1576//1576 1578//1578 2661//2661
f 1281//1281 2598//2598 1389//1389
f 1078//1078 3156//3156 3157//3157
f 2598//2598 1123//1123 1389//1389
f 1281//1281 1389//1389 3122//3122
f 3622//3622 1159//1159 1160//1160
f 1280//1280 2597//2597 1388//1388
f 2597//2597 1122//1122 1388//1388
f 3622//3622 1863//1863 1862//1862
f 1280//1280 1388//1388 3121//3121
f 147//147 828//828 148//148
f 3116//3116 551//551 1291//1291
f 2568//2568 3160//3160 3159//3159
f 1659//1659 2568//2568 3159//3159
f 1863//1863 3622//3622 1160//1160
f 2567//2567 3142//3142 3141//3141
f 1656//1656 2567//2567 3141//3141
f 828//828 605//605 148//148
f 381//381 800//800 828//828
f 381//381 828//828 147//147
f 2744//2744 3116//3116 1291//1291
f 1427//1427 907//907 1403//1403
f 907//907 757//757 1403//1403
f 1426//1426 906//906 1402//1402
f 906//906 756//756 1402//1402
f 132//132 829//829 131//131
f 2744//2744 1291//1291 411//411
f 829//829 604//604 131//131
f 1070//1070 342//342 1072//1072
f 1159//1159 3622//3622 1862//1862
f 1084//1084 358//358 1088//1088
f 3631//3631 2725//2725 1382//1382
f 3646//3646 356//356 1084//1084
f 3115//3115 550//550 1290//1290
f 3621//3621 1173//1173 1174//1174
f 3158//3158 3643//3643 1080//1080
f 1382//1382 3633//3633 1384//1384
f 380//380 801//801 829//829
f 3621//3621 1876//1876 1875//1875
f 3668//3668 3155//3155 3156//3156
f 1876//1876 3621//3621 1174//1174
f 380//380 829//829 132//132
f 1173//1173 3621//3621 1875//1875
f 3643//3643 3158//3158 3594//3594
f 2767//2767 3673//3673 3633//3633
f 1493//1493 3066//3066 3138//3138
f 1492//1492 3065//3065 3137//3137
f 723//723 3076//3076 417//417
f 417//417 3020//3020 723//723
f 3076//3076 2604//2604 417//417
f 696//696 3075//3075 416//416
f 416//416 3019//3019 696//696
f 3075//3075 2603//2603 416//416
f 2392//2392 2985//2985 1257//1257
f 1077//1077 349//349 1079//1079
f 2743//2743 3115//3115 1290//1290
f 1369//1369 3620//3620 2715//2715
f 2434//2434 1197//1197 2150//2150
f 471//471 2434//2434 2150//2150
f 2433//2433 1196//1196 2149//2149
f 470//470 2433//2433 2149//2149
f 2743//2743 1290//1290 410//410
f 523//523 333//333 2556//2556
f 549//549 161//161 162//162
f 522//522 332//332 2555//2555
f 803//803 1321//1321 965//965
f 1321//1321 2708//2708 965//965
f 1257//1257 369//369 2392//2392
f 1357//1357 549//549 162//162
f 2714//2714 3620//3620 1367//1367
f 802//802 1320//1320 964//964
f 1320//1320 2707//2707 964//964
f 1074//1074 346//346 1076//1076
f 2392//2392 369//369 2156//2156
f 1079//1079 347//347 1075//1075
f 2762//2762 3635//3635 2761//2761
f 1072//1072 344//344 1074//1074
f 2391//2391 2986//2986 1256//1256
f 1075//1075 345//345 1073//1073
f 1256//1256 368//368 2391//2391
f 3044//3044 2313//2313 1061//1061
f 1073//1073 343//343 1071//1071
f 2313//2313 362//362 1061//1061
f 3043//3043 2310//2310 1060//1060
f 2922//2922 3647//3647 208//208
f 2310//2310 361//361 1060//1060
f 3042//3042 2311//2311 1059//1059
f 3620//3620 2714//2714 2715//2715
f 2311//2311 360//360 1059//1059
f 3041//3041 2308//2308 1058//1058
f 1736//1736 3635//3635 1737//1737
f 2308//2308 359//359 1058//1058
f 3040//3040 2309//2309 1057//1057
f 549//549 1354//1354 161//161
f 2309//2309 358//358 1057//1057
f 3039//3039 2304//2304 1056//1056
f 1308//1308 1282//1282 2169//2169
f 2304//2304 357//357 1056//1056
f 3038//3038 2305//2305 1055//1055
f 1274//1274 1308//1308 2169//2169
f 2305//2305 356//356 1055//1055
f 3037//3037 2306//2306 1054//1054
f 2391//2391 368//368 2155//2155
f 2306//2306 355//355 1054//1054
f 3036//3036 2307//2307 1053//1053
f 2436//2436 1306//1306 1197//1197
f 2307//2307 354//354 1053//1053
f 3035//3035 2302//2302 1052//1052
f 2435//2435 1307//1307 1196//1196
f 2302//2302 353//353 1052//1052
f 3034//3034 2303//2303 1051//1051
f 2846//2846 2836//2836 1491//1491
f 2303//2303 352//352 1051//1051
f 3033//3033 2298//2298 1050//1050
f 1670//1670 3149//3149 3148//3148
f 2298//2298 351//351 1050//1050
f 3032//3032 2299//2299 1049//1049
f 3149//3149 1670//1670 1672//1672
f 2299//2299 350//350 1049//1049
f 3031//3031 2300//2300 1048//1048
f 1925//1925 2169//2169 1282//1282
f 2300//2300 349//349 1048//1048
f 3030//3030 2301//2301 1047//1047
f 1309//1309 1283//1283 2170//2170
f 2301//2301 348//348 1047//1047
f 3029//3029 2296//2296 1046//1046
f 1275//1275 1309//1309 2170//2170
f 2296//2296 347//347 1046//1046
f 3028//3028 2297//2297 1045//1045
f 1924//1924 2170//2170 1283//1283
f 2297//2297 346//346 1045//1045
f 3027//3027 2294//2294 1044//1044
f 1670//1670 1989//1989 1672//1672
f 2294//2294 345//345 1044//1044
f 3026//3026 2295//2295 1043//1043
f 1091//1091 361//361 1089//1089
f 2295//2295 344//344 1043//1043
f 3025//3025 2292//2292 1042//1042
f 1657//1657 3161//3161 3160//3160
f 2292//2292 343//343 1042//1042
f 3024//3024 2293//2293 1041//1041
f 1068//1068 340//340 1070//1070
f 2293//2293 342//342 1041//1041
f 3023//3023 2290//2290 1040//1040
f 548//548 118//118 117//117
f 2290//2290 341//341 1040//1040
f 3022//3022 2291//2291 1039//1039
f 1359//1359 548//548 117//117
f 2291//2291 340//340 1039//1039
f 3021//3021 2288//2288 1038//1038
f 2042//2042 900//900 2782//2782
f 2288//2288 339//339 1038//1038
f 3135//3135 202//202 3054//3054
f 548//548 1355//1355 118//118
f 2041//2041 901//901 2781//2781
f 3161//3161 1657//1657 1655//1655
f 439//439 3174//3174 3202//3202
f 561//561 413//413 903//903
f 1657//1657 2002//2002 1655//1655
f 1669//1669 3155//3155 3154//3154
f 3202//3202 3174//3174 438//438
f 3155//3155 1669//1669 1667//1667
f 652//652 3175//3175 2259//2259
f 1669//1669 1996//1996 1667//1667
f 560//560 412//412 902//902
f 521//521 2454//2454 523//523
f 523//523 2556//2556 521//521
f 520//520 2453//2453 522//522
f 522//522 2555//2555 520//520
f 2259//2259 3175//3175 440//440
f 1799//1799 1403//1403 757//757
f 1666//1666 3147//3147 3146//3146
f 1798//1798 1402//1402 756//756
f 811//811 365//365 2400//2400
f 3620//3620 1369//1369 1367//1367
f 1529//1529 365//365 811//811
f 3147//3147 1666//1666 1668//1668
f 810//810 364//364 2399//2399
f 696//696 1764//1764 698//698
f 1528//1528 364//364 810//810
f 1666//1666 1987//1987 1668//1668
f 3217//3217 777//777 778//778
f 3136//3136 214//214 3064//3064
f 2908//2908 2910//2910 2280//2280
f 925//925 778//778 924//924
f 1665//1665 3157//3157 3156//3156
f 3157//3157 1665//1665 1663//1663
f 2895//2895 2909//2909 2279//2279
f 1797//1797 1405//1405 759//759
f 777//777 924//924 778//778
f 1796//1796 1404//1404 758//758
f 994//994 1569//1569 1543//1543
f 1569//1569 511//511 1543//1543
f 994//994 1543//1543 267//267
f 979//979 1556//1556 1542//1542
f 1556//1556 497//497 1542//1542
f 979//979 1542//1542 250//250
f 1665//1665 1998//1998 1663//1663
f 1387//1387 269//269 1003//1003
f 1662//1662 3145//3145 3144//3144
f 1386//1386 268//268 1002//1002
f 431//431 2490//2490 2558//2558
f 3145//3145 1662//1662 1664//1664
f 430//430 2489//2489 2557//2557
f 1662//1662 1985//1985 1664//1664
f 481//481 797//797 1531//1531
f 480//480 796//796 1530//1530
f 1527//1527 3120//3120 415//415
f 1035//1035 1527//1527 415//415
f 2051//2051 1765//1765 2054//2054
f 1661//1661 3159//3159 3158//3158
f 1526//1526 3119//3119 414//414
f 1034//1034 1526//1526 414//414
f 3198//3198 1361//1361 3018//3018
f 1387//1387 3018//3018 1361//1361
f 1179//1179 1879//1879 1175//1175
f 1877//1877 1175//1175 1879//1879
f 1178//1178 1878//1878 1161//1161
f 1864//1864 1161//1161 1878//1878
f 993//993 1568//1568 1569//1569
f 3197//3197 1360//1360 3017//3017
f 993//993 1569//1569 266//266
f 978//978 1555//1555 1556//1556
f 1386//1386 3017//3017 1360//1360
f 978//978 1556//1556 249//249
f 992//992 1567//1567 1568//1568
f 2702//2702 2704//2704 1837//1837
f 992//992 1568//1568 265//265
f 991//991 1566//1566 1567//1567
f 2704//2704 805//805 1837//1837
f 991//991 1567//1567 264//264
f 990//990 1565//1565 1566//1566
f 2702//2702 865//865 2704//2704
f 990//990 1566//1566 263//263
f 989//989 1564//1564 1565//1565
f 2701//2701 2703//2703 1836//1836
f 989//989 1565//1565 262//262
f 2703//2703 804//804 1836//1836
f 988//988 1563//1563 1564//1564
f 2701//2701 864//864 2703//2703
f 1803//1803 1923//1923 2588//2588
f 988//988 1564//1564 261//261
f 987//987 1562//1562 1563//1563
f 1923//1923 335//335 2588//2588
f 987//987 1563//1563 260//260
f 986//986 1561//1561 1562//1562
f 1802//1802 1922//1922 2587//2587
f 986//986 1562//1562 259//259
f 985//985 1560//1560 1561//1561
f 1922//1922 334//334 2587//2587
f 985//985 1561//1561 258//258
f 984//984 1559//1559 1560//1560
f 2576//2576 3152//3152 3151//3151
f 542//542 137//137 1273//1273
f 138//138 1273//1273 137//137
f 543//543 142//142 1272//1272
f 141//141 1272//1272 142//142
f 984//984 1560//1560 257//257
f 983//983 1558//1558 1559//1559
f 3204//3204 763//763 764//764
f 983//983 1559//1559 256//256
f 982//982 1557//1557 1558//1558
f 1090//1090 3151//3151 3152//3152
f 982//982 1558//1558 255//255
f 977//977 1554//1554 1555//1555
f 2565//2565 3140//3140 3139//3139
f 977//977 1555//1555 248//248
f 976//976 1553//1553 1554//1554
f 913//913 764//764 912//912
f 976//976 1554//1554 247//247
f 975//975 1552//1552 1553//1553
f 2032//2032 2816//2816 2246//2246
f 1333//1333 2032//2032 2246//2246
f 3635//3635 1736//1736 2761//2761
f 975//975 1553//1553 246//246
f 974//974 1551//1551 1552//1552
f 763//763 912//912 764//764
f 3159//3159 1661//1661 1659//1659
f 1661//1661 2000//2000 1659//1659
f 974//974 1552//1552 245//245
f 973//973 1550//1550 1551//1551
f 2031//2031 2814//2814 2244//2244
f 1658//1658 3143//3143 3142//3142
f 3143//3143 1658//1658 1660//1660
f 973//973 1551//1551 244//244
f 972//972 1549//1549 1550//1550
f 2030//2030 2813//2813 2243//2243
f 1658//1658 1983//1983 1660//1660
f 1673//1673 3153//3153 3152//3152
f 972//972 1550//1550 243//243
f 971//971 1548//1548 1549//1549
f 2029//2029 2812//2812 2242//2242
f 2044//2044 1093//1093 1095//1095
f 1093//1093 905//905 1095//1095
f 971//971 1549//1549 242//242
f 970//970 1547//1547 1548//1548
f 2028//2028 2811//2811 2241//2241
f 2043//2043 1066//1066 1094//1094
f 1066//1066 904//904 1094//1094
f 970//970 1548//1548 241//241
f 969//969 1546//1546 1547//1547
f 2027//2027 2810//2810 2240//2240
f 2160//2160 1911//1911 2162//2162
f 2162//2162 2912//2912 2160//2160
f 969//969 1547//1547 240//240
f 968//968 1545//1545 1546//1546
f 2026//2026 2809//2809 2239//2239
f 2159//2159 1910//1910 2161//2161
f 2161//2161 2911//2911 2159//2159
f 968//968 1546//1546 239//239
f 967//967 1544//1544 1545//1545
f 2025//2025 2808//2808 2238//2238
f 2052//2052 1788//1788 2075//2075
f 3153//3153 1673//1673 1671//1671
f 967//967 1545//1545 238//238
f 1673//1673 1994//1994 1671//1671
f 2024//2024 2807//2807 2237//2237
f 1654//1654 3141//3141 3140//3140
f 3225//3225 785//785 786//786
f 981//981 1571//1571 1557//1557
f 1571//1571 498//498 1557//1557
f 2023//2023 2806//2806 2236//2236
f 3141//3141 1654//1654 1656//1656
f 981//981 1557//1557 254//254
f 966//966 1570//1570 1544//1544
f 1570//1570 484//484 1544//1544
f 2022//2022 2805//2805 2235//2235
f 1654//1654 1981//1981 1656//1656
f 966//966 1544//1544 237//237
f 933//933 786//786 932//932
f 2492//2492 2282//2282 2206//2206
f 2021//2021 2804//2804 2234//2234
f 2560//2560 941//941 607//607
f 785//785 932//932 786//786
f 2491//2491 2281//2281 2205//2205
f 3212//3212 771//771 772//772
f 2559//2559 940//940 606//606
f 905//905 2742//2742 899//899
f 2034//2034 2818//2818 2233//2233
f 921//921 772//772 920//920
f 771//771 920//920 772//772
f 1095//1095 905//905 899//899
f 1537//1537 565//565 1970//1970
f 904//904 2741//2741 898//898
f 565//565 423//423 1970//1970
f 1094//1094 904//904 898//898
f 565//565 2502//2502 423//423
f 1536//1536 564//564 1969//1969
f 564//564 422//422 1969//1969
f 253//253 2750//2750 1755//1755
f 564//564 2501//2501 422//422
f 963//963 1793//1793 2274//2274
f 3219//3219 779//779 780//780
f 927//927 780//780 926//926
f 962//962 1792//1792 2273//2273
f 236//236 2749//2749 1754//1754
f 779//779 926//926 780//780
f 3206//3206 765//765 766//766
f 3132//3132 1689//1689 1641//1641
f 2910//2910 2908//2908 3436//3436
f 1425//1425 1641//1641 1689//1689
f 2120//2120 2910//2910 3436//3436
f 1641//1641 1425//1425 1483//1483
f 2120//2120 1485//1485 2910//2910
f 3131//3131 1688//1688 1640//1640
f 2909//2909 2895//2895 3435//3435
f 1424//1424 1640//1640 1688//1688
f 2119//2119 2909//2909 3435//3435
f 1640//1640 1424//1424 1482//1482
f 2119//2119 1484//1484 2909//2909
f 1938//1938 1337//1337 2360//2360
f 1337//1337 961//961 2360//2360
f 1937//1937 1336//1336 2359//2359
f 1336//1336 960//960 2359//2359
f 2916//2916 2836//2836 2846//2846
f 3516//3516 3162//3162 1068//1068
f 3162//3162 3516//3516 3161//3161
f 1070//1070 3516//3516 1068//1068
f 2456//2456 2662//2662 2458//2458
f 2020//2020 2803//2803 2232//2232
f 1332//1332 2020//2020 2232//2232
f 427//427 423//423 2456//2456
f 427//427 2456//2456 2458//2458
f 2455//2455 2661//2661 2457//2457
f 915//915 766//766 914//914
f 2915//2915 2835//2835 2845//2845
f 424//424 422//422 2455//2455
f 424//424 2455//2455 2457//2457
f 865//865 2702//2702 861//861
f 2019//2019 2801//2801 2230//2230
f 864//864 2701//2701 860//860
f 3515//3515 3150//3150 1091//1091
f 1685//1685 419//419 3120//3120
f 3150//3150 3515//3515 3149//3149
f 2018//2018 2800//2800 2229//2229
f 1089//1089 3515//3515 1091//1091
f 419//419 415//415 3120//3120
f 865//865 2080//2080 831//831
f 1684//1684 418//418 3119//3119
f 2017//2017 2799//2799 2228//2228
f 831//831 2704//2704 865//865
f 864//864 2079//2079 830//830
f 418//418 414//414 3119//3119
f 830//830 2703//2703 864//864
f 2851//2851 3055//3055 3053//3053
f 2191//2191 305//305 2190//2190
f 2016//2016 2798//2798 2227//2227
f 698//698 3619//3619 3566//3566
f 3238//3238 1263//1263 2148//2148
f 2178//2178 292//292 2177//2177
f 1263//1263 1936//1936 2148//2148
f 2015//2015 2797//2797 2226//2226
f 3237//3237 1262//1262 2147//2147
f 595//595 1301//1301 2358//2358
f 1262//1262 1935//1935 2147//2147
f 2358//2358 1301//1301 483//483
f 2014//2014 2796//2796 2225//2225
f 2435//2435 557//557 1307//1307
f 2433//2433 557//557 2435//2435
f 557//557 2433//2433 1277//1277
f 2436//2436 556//556 1306//1306
f 2013//2013 2795//2795 2224//2224
f 2434//2434 556//556 2436//2436
f 556//556 2434//2434 1276//1276
f 675//675 2385//2385 674//674
f 765//765 914//914 766//766
f 2012//2012 2794//2794 2223//2223
f 464//464 675//675 674//674
f 662//662 2372//2372 661//661
f 594//594 1300//1300 2357//2357
f 2357//2357 1300//1300 482//482
f 2011//2011 2793//2793 2222//2222
f 449//449 662//662 661//661
f 673//673 2383//2383 672//672
f 3221//3221 781//781 782//782
f 3442//3442 2906//2906 3456//3456
f 2010//2010 2792//2792 2221//2221
f 462//462 673//673 672//672
f 1123//1123 2172//2172 645//645
f 2144//2144 3442//3442 3456//3456
f 671//671 2381//2381 670//670
f 2009//2009 2791//2791 2220//2220
f 3441//3441 2893//2893 3455//3455
f 460//460 671//671 670//670
f 1122//1122 2171//2171 644//644
f 2131//2131 3441//3441 3455//3455
f 2033//2033 2817//2817 2219//2219
f 669//669 2379//2379 668//668
f 2440//2440 2008//2008 2004//2004
f 458//458 669//669 668//668
f 667//667 2377//2377 666//666
f 2008//2008 1653//1653 2004//2004
f 2445//2445 2007//2007 1991//1991
f 456//456 667//667 666//666
f 2007//2007 1674//1674 1991//1991
f 997//997 1573//1573 1571//1571
f 665//665 2375//2375 664//664
f 1133//1133 2375//2375 665//665
f 996//996 1572//1572 1570//1570
f 454//454 665//665 664//664
f 660//660 2370//2370 659//659
f 3652//3652 3060//3060 211//211
f 1849//1849 513//513 1237//1237
f 1237//1237 513//513 515//515
f 447//447 660//660 659//659
f 513//513 1573//1573 515//515
f 1848//1848 512//512 1236//1236
f 658//658 2368//2368 657//657
f 1236//1236 512//512 514//514
f 512//512 1572//1572 514//514
f 3142//3142 3510//3510 3141//3141
f 1766//1766 3619//3619 1764//1764
f 1231//1231 511//511 510//510
f 445//445 658//658 657//657
f 656//656 2366//2366 655//655
f 3619//3619 1766//1766 3566//3566
f 1073//1073 3510//3510 1075//1075
f 1218//1218 497//497 496//496
f 443//443 656//656 655//655
f 654//654 2364//2364 653//653
f 1876//1876 510//510 1230//1230
f 1230//1230 510//510 509//509
f 3619//3619 698//698 1764//1764
f 441//441 654//654 653//653
f 1875//1875 509//509 1229//1229
f 652//652 2362//2362 651//651
f 1229//1229 509//509 508//508
f 1131//1131 2362//2362 652//652
f 439//439 652//652 651//651
f 1874//1874 508//508 1228//1228
f 1228//1228 508//508 507//507
f 663//663 2374//2374 649//649
f 3146//3146 3512//3512 3145//3145
f 1873//1873 507//507 1227//1227
f 452//452 663//663 649//649
f 1227//1227 507//507 506//506
f 650//650 2361//2361 648//648
f 1081//1081 3512//3512 1085//1085
f 1872//1872 506//506 1226//1226
f 1226//1226 506//506 505//505
f 437//437 650//650 648//648
f 1977//1977 535//535 1526//1526
f 1871//1871 505//505 1225//1225
f 535//535 375//375 1526//1526
f 1225//1225 505//505 504//504
f 1978//1978 534//534 1527//1527
f 534//534 374//374 1527//1527
f 1870//1870 504//504 1224//1224
f 1224//1224 504//504 503//503
f 1691//1691 909//909 1429//1429
f 1690//1690 908//908 1428//1428
f 1869//1869 503//503 1223//1223
f 3128//3128 823//823 3130//3130
f 1223//1223 503//503 502//502
f 3130//3130 1063//1063 3044//3044
f 823//823 1063//1063 3130//3130
f 1868//1868 502//502 1222//1222
f 1222//1222 502//502 501//501
f 1127//1127 681//681 647//647
f 1325//1325 225//225 1315//1315
f 1867//1867 501//501 1221//1221
f 1126//1126 680//680 646//646
f 1221//1221 501//501 500//500
f 1303//1303 225//225 1325//1325
f 1325//1325 1331//1331 1303//1303
f 1866//1866 500//500 1220//1220
f 1220//1220 500//500 499//499
f 685//685 1801//1801 1799//1799
f 1324//1324 224//224 1314//1314
f 1863//1863 496//496 1217//1217
f 684//684 1800//1800 1798//1798
f 1217//1217 496//496 495//495
f 2916//2916 2846//2846 2882//2882
f 2915//2915 2845//2845 2881//2881
f 1862//1862 495//495 1216//1216
f 1216//1216 495//495 494//494
f 1302//1302 224//224 1324//1324
f 1324//1324 1330//1330 1302//1302
f 1861//1861 494//494 1215//1215
f 3456//3456 2905//2905 3444//3444
f 1215//1215 494//494 493//493
f 2143//2143 3456//3456 3444//3444
f 3455//3455 2892//2892 3443//3443
f 1860//1860 493//493 1214//1214
f 1214//1214 493//493 492//492
f 2130//2130 3455//3455 3443//3443
f 1859//1859 492//492 1213//1213
f 1213//1213 492//492 491//491
f 3458//3458 2903//2903 3446//3446
f 1858//1858 491//491 1212//1212
f 1212//1212 491//491 490//490
f 2141//2141 3458//3458 3446//3446
f 1857//1857 490//490 1211//1211
f 1211//1211 490//490 489//489
f 2853//2853 3056//3056 3055//3055
f 1856//1856 489//489 1210//1210
f 1210//1210 489//489 488//488
f 209//209 3652//3652 211//211
f 1855//1855 488//488 1209//1209
f 1209//1209 488//488 487//487
f 3457//3457 2890//2890 3445//3445
f 1854//1854 487//487 1208//1208
f 1208//1208 487//487 486//486
f 1431//1431 1691//1691 1705//1705
f 1853//1853 486//486 1207//1207
f 2128//2128 3457//3457 3445//3445
f 1207//1207 486//486 485//485
f 1430//1430 1690//1690 1692//1692
f 1719//1719 935//935 1445//1445
f 1445//1445 1717//1717 1719//1719
f 1718//1718 934//934 1438//1438
f 1865//1865 499//499 1219//1219
f 1219//1219 499//499 498//498
f 499//499 1557//1557 498//498
f 1852//1852 485//485 1206//1206
f 1206//1206 485//485 484//484
f 485//485 1544//1544 484//484
f 1438//1438 1704//1704 1718//1718
f 1716//1716 932//932 1444//1444
f 1444//1444 1715//1715 1716//1716
f 1714//1714 930//930 1443//1443
f 1443//1443 1713//1713 1714//1714
f 1712//1712 928//928 1442//1442
f 1442//1442 1711//1711 1712//1712
f 1710//1710 926//926 1441//1441
f 1851//1851 498//498 1233//1233
f 1233//1233 498//498 513//513
f 3460//3460 2901//2901 3448//3448
f 1441//1441 1709//1709 1710//1710
f 1850//1850 484//484 1232//1232
f 2139//2139 3460//3460 3448//3448
f 1232//1232 484//484 512//512
f 1708//1708 924//924 1440//1440
f 1440//1440 1707//1707 1708//1708
f 1706//1706 922//922 1439//1439
f 1439//1439 1705//1705 1706//1706
f 1703//1703 920//920 1437//1437
f 1437//1437 1702//1702 1703//1703
f 1701//1701 918//918 1436//1436
f 1436//1436 1700//1700 1701//1701
f 1699//1699 916//916 1435//1435
f 1435//1435 1698//1698 1699//1699
f 1697//1697 914//914 1434//1434
f 1434//1434 1696//1696 1697//1697
f 1695//1695 912//912 1433//1433
f 1433//1433 1694//1694 1695//1695
f 1693//1693 910//910 1432//1432
f 1432//1432 1692//1692 1693//1693
f 3459//3459 2888//2888 3447//3447
f 2126//2126 3459//3459 3447//3447
f 357//357 3618//3618 3575//3575
f 3144//3144 3509//3509 3143//3143
f 1795//1795 2176//2176 2972//2972
f 401//401 187//187 395//395
f 186//186 395//395 187//187
f 929//929 782//782 928//928
f 399//399 92//92 393//393
f 93//93 393//393 92//92
f 781//781 928//928 782//782
f 419//419 2176//2176 1795//1795
f 1794//1794 2175//2175 2971//2971
f 418//418 2175//2175 1794//1794
f 3208//3208 767//767 768//768
f 187//187 400//400 394//394
f 394//394 186//186 187//187
f 1079//1079 3509//3509 1077//1077
f 92//92 398//398 392//392
f 392//392 93//93 92//92
f 371//371 903//903 1841//1841
f 370//370 902//902 1840//1840
f 3096//3096 1755//1755 1740//1740
f 917//917 768//768 916//916
f 1755//1755 2765//2765 1740//1740
f 3484//3484 2900//2900 3462//3462
f 2899//2899 3462//3462 2900//2900
f 2138//2138 3484//3484 3462//3462
f 2276//2276 407//407 1927//1927
f 2138//2138 3462//3462 2137//2137
f 2275//2275 406//406 1926//1926
f 3483//3483 2887//2887 3461//3461
f 2886//2886 3461//3461 2887//2887
f 2125//2125 3483//3483 3461//3461
f 2125//2125 3461//3461 2124//2124
f 2005//2005 1652//1652 956//956
f 956//956 1652//1652 2397//2397
f 1652//1652 3231//3231 2397//2397
f 2006//2006 1675//1675 957//957
f 957//957 1675//1675 2398//2398
f 1675//1675 3232//3232 2398//2398
f 2118//2118 1909//1909 1913//1913
f 1909//1909 1125//1125 1913//1913
f 2117//2117 1908//1908 1912//1912
f 1908//1908 1124//1124 1912//1912
f 1270//1270 2277//2277 2321//2321
f 1271//1271 2278//2278 2322//2322
f 1933//1933 3618//3618 357//357
f 3618//3618 1087//1087 3575//3575
f 1281//1281 3122//3122 541//541
f 1280//1280 3121//3121 540//540
f 3462//3462 2899//2899 3508//3508
f 3127//3127 822//822 3129//3129
f 3129//3129 1036//1036 3021//3021
f 822//822 1036//1036 3129//3129
f 1921//1921 645//645 1135//1135
f 1920//1920 644//644 1134//1134
f 1911//1911 647//647 2388//2388
f 767//767 916//916 768//768
f 821//821 3118//3118 1607//1607
f 1910//1910 646//646 2387//2387
f 3223//3223 783//783 784//784
f 820//820 3117//3117 1606//1606
f 1907//1907 649//649 2374//2374
f 931//931 784//784 930//930
f 750//750 720//720 722//722
f 1906//1906 648//648 2361//2361
f 783//783 930//930 784//784
f 727//727 699//699 697//697
f 1905//1905 675//675 2386//2386
f 1842//1842 900//900 599//599
f 2898//2898 3508//3508 2899//2899
f 1893//1893 662//662 2373//2373
f 2137//2137 3462//3462 3508//3508
f 1843//1843 901//901 598//598
f 1904//1904 674//674 2385//2385
f 2137//2137 3508//3508 2136//2136
f 3461//3461 2886//2886 3507//3507
f 1903//1903 673//673 2384//2384
f 3210//3210 769//769 770//770
f 749//749 721//721 719//719
f 1902//1902 672//672 2383//2383
f 919//919 770//770 918//918
f 728//728 698//698 700//700
f 1901//1901 671//671 2382//2382
f 769//769 918//918 770//770
f 747//747 719//719 717//717
f 1900//1900 670//670 2381//2381
f 3215//3215 775//775 776//776
f 743//743 717//717 715//715
f 1899//1899 669//669 2380//2380
f 923//923 776//776 922//922
f 746//746 716//716 718//718
f 1898//1898 668//668 2379//2379
f 775//775 922//922 776//776
f 745//745 715//715 713//713
f 1897//1897 667//667 2378//2378
f 3202//3202 761//761 762//762
f 742//742 714//714 716//716
f 1896//1896 666//666 2377//2377
f 911//911 762//762 910//910
f 741//741 713//713 711//711
f 1895//1895 665//665 2376//2376
f 761//761 910//910 762//762
f 744//744 712//712 714//714
f 2885//2885 3507//3507 2886//2886
f 3082//3082 2250//2250 2254//2254
f 2250//2250 2834//2834 2254//2254
f 2124//2124 3461//3461 3507//3507
f 3081//3081 2249//2249 2253//2253
f 2249//2249 2833//2833 2253//2253
f 1892//1892 661//661 2372//2372
f 2739//2739 94//94 378//378
f 737//737 711//711 709//709
f 1891//1891 660//660 2371//2371
f 2124//2124 3507//3507 2123//2123
f 2740//2740 395//395 186//186
f 1890//1890 659//659 2370//2370
f 3454//3454 2907//2907 3442//3442
f 740//740 710//710 712//712
f 1889//1889 658//658 2369//2369
f 2038//2038 643//643 2212//2212
f 2145//2145 3454//3454 3442//3442
f 1888//1888 657//657 2368//2368
f 3453//3453 2894//2894 3441//3441
f 2037//2037 642//642 2211//2211
f 1887//1887 656//656 2367//2367
f 2132//2132 3453//3453 3441//3441
f 378//378 94//94 95//95
f 1886//1886 655//655 2366//2366
f 185//185 2740//2740 186//186
f 739//739 709//709 707//707
f 1885//1885 654//654 2365//2365
f 2740//2740 185//185 379//379
f 736//736 708//708 710//710
f 1884//1884 653//653 2364//2364
f 1527//1527 1035//1035 1978//1978
f 1526//1526 1034//1034 1977//1977
f 1883//1883 652//652 2363//2363
f 1353//1353 1725//1725 517//517
f 2708//2708 1725//1725 1353//1353
f 1790//1790 3125//3125 1540//1540
f 2739//2739 393//393 93//93
f 1353//1353 965//965 2708//2708
f 379//379 185//185 184//184
f 1191//1191 2452//2452 1761//1761
f 1352//1352 1724//1724 516//516
f 695//695 1191//1191 1761//1761
f 1190//1190 2451//2451 1760//1760
f 2707//2707 1724//1724 1352//1352
f 694//694 1190//1190 1760//1760
f 735//735 707//707 705//705
f 1352//1352 964//964 2707//2707
f 94//94 2739//2739 93//93
f 738//738 706//706 708//708
f 1791//1791 3126//3126 1541//1541
f 2078//2078 725//725 1285//1285
f 331//331 2339//2339 2446//2446
f 2339//2339 880//880 2446//2446
f 2077//2077 724//724 1284//1284
f 2006//2006 331//331 2446//2446
f 1768//1768 3544//3544 3566//3566
f 733//733 705//705 703//703
f 3544//3544 700//700 3566//3566
f 734//734 704//704 706//706
f 3536//3536 1772//1772 3532//3532
f 731//731 703//703 701//701
f 704//704 3536//3536 3532//3532
f 732//732 702//702 704//704
f 2040//2040 1535//1535 1541//1541
f 477//477 2746//2746 2748//2748
f 1771//1771 3534//3534 3530//3530
f 2039//2039 1534//1534 1540//1540
f 730//730 700//700 702//702
f 3534//3534 705//705 3530//3530
f 476//476 2745//2745 2747//2747
f 748//748 718//718 720//720
f 1781//1781 3541//3541 3529//3529
f 729//729 701//701 699//699
f 2075//2075 1060//1060 1062//1062
f 2312//2312 1062//1062 1060//1060
f 1062//1062 2052//2052 2075//2075
f 2054//2054 1039//1039 1037//1037
f 2822//2822 1483//1483 1401//1401
f 1425//1425 1401//1401 1483//1483
f 2821//2821 1482//1482 1400//1400
f 1424//1424 1400//1400 1482//1482
f 1349//1349 1239//1239 1351//1351
f 1349//1349 1235//1235 1239//1239
f 2602//2602 1239//1239 1235//1235
f 1348//1348 1238//1238 1350//1350
f 1348//1348 1234//1234 1238//1238
f 2601//2601 1238//1238 1234//1234
f 2289//2289 1037//1037 1039//1039
f 2162//2162 1487//1487 2590//2590
f 2482//2482 2656//2656 2483//2483
f 1037//1037 2051//2051 2054//2054
f 2161//2161 1486//1486 2589//2589
f 2527//2527 2482//2482 2483//2483
f 3541//3541 717//717 3529//3529
f 151//151 1323//1323 152//152
f 2830//2830 1323//1323 151//151
f 1769//1769 3538//3538 3534//3534
f 128//128 1322//1322 127//127
f 2829//2829 1322//1322 128//128
f 2481//2481 2655//2655 2482//2482
f 1911//1911 2160//2160 1127//1127
f 2526//2526 2481//2481 2482//2482
f 1910//1910 2159//2159 1126//1126
f 1205//1205 1845//1845 1847//1847
f 2469//2469 2643//2643 2470//2470
f 1845//1845 1147//1147 1847//1847
f 2515//2515 2469//2469 2470//2470
f 3538//3538 703//703 3534//3534
f 1204//1204 1844//1844 1846//1846
f 2468//2468 2642//2642 2469//2469
f 1844//1844 1146//1146 1846//1846
f 3080//3080 182//182 2498//2498
f 2514//2514 2468//2468 2469//2469
f 2480//2480 2654//2654 2481//2481
f 2525//2525 2480//2480 2481//2481
f 1643//1643 2746//2746 1136//1136
f 441//441 3176//3176 3204//3204
f 2467//2467 2641//2641 2468//2468
f 2513//2513 2467//2467 2468//2468
f 2479//2479 2653//2653 2480//2480
f 1391//1391 1136//1136 2746//2746
f 1391//1391 1687//1687 1136//1136
f 1642//1642 2745//2745 1137//1137
f 3204//3204 3176//3176 440//440
f 2524//2524 2479//2479 2480//2480
f 1390//1390 1137//1137 2745//2745
f 1390//1390 1686//1686 1137//1137
f 3079//3079 97//97 2497//2497
f 2466//2466 2640//2640 2467//2467
f 2512//2512 2466//2466 2467//2467
f 2478//2478 2652//2652 2479//2479
f 654//654 3177//3177 2260//2260
f 2523//2523 2478//2478 2479//2479
f 2465//2465 2639//2639 2466//2466
f 2511//2511 2465//2465 2466//2466
f 2477//2477 2651//2651 2478//2478
f 2522//2522 2477//2477 2478//2478
f 316//316 2202//2202 3046//3046
f 2260//2260 3177//3177 442//442
f 2464//2464 2638//2638 2465//2465
f 2510//2510 2464//2464 2465//2465
f 2476//2476 2650//2650 2477//2477
f 3532//3532 1776//1776 3524//3524
f 2521//2521 2476//2476 2477//2477
f 2463//2463 2637//2637 2464//2464
f 2509//2509 2463//2463 2464//2464
f 706//706 3532//3532 3524//3524
f 2475//2475 2649//2649 2476//2476
f 2520//2520 2475//2475 2476//2476
f 2462//2462 2636//2636 2463//2463
f 1775//1775 3542//3542 3531//3531
f 2508//2508 2462//2462 2463//2463
f 2474//2474 2648//2648 2475//2475
f 2519//2519 2474//2474 2475//2475
f 2461//2461 2635//2635 2462//2462
f 3542//3542 711//711 3531//3531
f 2507//2507 2461//2461 2462//2462
f 2857//2857 3058//3058 3059//3059
f 1087//1087 3618//3618 3666//3666
f 311//311 3072//3072 2197//2197
f 2863//2863 3061//3061 3062//3062
f 1373//1373 3617//3617 2716//2716
f 2483//2483 2657//2657 2484//2484
f 2528//2528 2483//2483 2484//2484
f 2470//2470 2644//2644 2471//2471
f 3539//3539 1784//1784 3535//3535
f 2516//2516 2470//2470 2471//2471
f 1533//1533 2980//2980 483//483
f 483//483 2980//2980 2358//2358
f 1532//1532 2979//2979 482//482
f 716//716 3539//3539 3535//3535
f 482//482 2979//2979 2357//2357
f 2473//2473 2647//2647 2474//2474
f 2518//2518 2473//2473 2474//2474
f 3533//3533 1782//1782 3525//3525
f 2460//2460 2634//2634 2461//2461
f 2506//2506 2460//2460 2461//2461
f 543//543 1311//1311 143//143
f 307//307 3071//3071 2193//2193
f 143//143 1311//1311 144//144
f 542//542 1310//1310 136//136
f 136//136 1310//1310 135//135
f 306//306 3070//3070 2192//2192
f 712//712 3533//3533 3525//3525
f 320//320 2325//2325 2439//2439
f 2325//2325 868//868 2439//2439
f 2005//2005 320//320 2439//2439
f 1243//1243 539//539 2042//2042
f 539//539 900//900 2042//2042
f 303//303 2189//2189 3045//3045
f 1242//1242 538//538 2041//2041
f 538//538 901//901 2041//2041
f 687//687 647//647 681//681
f 686//686 646//646 680//680
f 2578//2578 3151//3151 3232//3232
f 1675//1675 2578//2578 3232//3232
f 3265//3265 2082//2082 231//231
f 2563//2563 3139//3139 3231//3231
f 1141//1141 635//635 2082//2082
f 1652//1652 2563//2563 3231//3231
f 2715//2715 3617//3617 1369//1369
f 2252//2252 2080//2080 2112//2112
f 635//635 231//231 2082//2082
f 3264//3264 2081//2081 230//230
f 865//865 2112//2112 2080//2080
f 2251//2251 2079//2079 2111//2111
f 1140//1140 634//634 2081//2081
f 634//634 230//230 2081//2081
f 864//864 2111//2111 2079//2079
f 3540//3540 1778//1778 3533//3533
f 710//710 3540//3540 3533//3533
f 3541//3541 1783//1783 3526//3526
f 715//715 3541//3541 3526//3526
f 1767//1767 3543//3543 3538//3538
f 3645//3645 2757//2757 2756//2756
f 3617//3617 2715//2715 2716//2716
f 2494//2494 2208//2208 2496//2496
f 298//298 3069//3069 2184//2184
f 2493//2493 2207//2207 2495//2495
f 319//319 3232//3232 1092//1092
f 3543//3543 701//701 3538//3538
f 9//9 2962//2962 10//10
f 3617//3617 1373//1373 1369//1369
f 551//551 1399//1399 1803//1803
f 10//10 2961//2961 11//11
f 3116//3116 1399//1399 551//551
f 1757//1757 2748//2748 2746//2746
f 1643//1643 1757//1757 2746//2746
f 11//11 2960//2960 12//12
f 1756//1756 2747//2747 2745//2745
f 1642//1642 1756//1756 2745//2745
f 550//550 1398//1398 1802//1802
f 12//12 2959//2959 13//13
f 1345//1345 3122//3122 1389//1389
f 1344//1344 3121//3121 1388//1388
f 3115//3115 1398//1398 550//550
f 13//13 2958//2958 14//14
f 3097//3097 1740//1740 1741//1741
f 1740//1740 2766//2766 1741//1741
f 3542//3542 1777//1777 3527//3527
f 14//14 2957//2957 15//15
f 709//709 3542//3542 3527//3527
f 3084//3084 1726//1726 1727//1727
f 15//15 2956//2956 16//16
f 1726//1726 2752//2752 1727//1727
f 294//294 3068//3068 2180//2180
f 2968//2968 753//753 827//827
f 16//16 2955//2955 17//17
f 1786//1786 3537//3537 3535//3535
f 2967//2967 752//752 826//826
f 3537//3537 718//718 3535//3535
f 293//293 3067//3067 2179//2179
f 2558//2558 1145//1145 613//613
f 17//17 2954//2954 18//18
f 1241//1241 613//613 1145//1145
f 2557//2557 1144//1144 612//612
f 18//18 2953//2953 19//19
f 1240//1240 612//612 1144//1144
f 3228//3228 787//787 789//789
f 19//19 2952//2952 20//20
f 2214//2214 2434//2434 471//471
f 2213//2213 2433//2433 470//470
f 20//20 2951//2951 21//21
f 2472//2472 2646//2646 2473//2473
f 937//937 789//789 935//935
f 443//443 3178//3178 3206//3206
f 787//787 935//935 789//789
f 2459//2459 2633//2633 2460//2460
f 3227//3227 773//773 788//788
f 3085//3085 1727//1727 1728//1728
f 86//86 2949//2949 85//85
f 1727//1727 2753//2753 1728//1728
f 3098//3098 1741//1741 1742//1742
f 85//85 2948//2948 84//84
f 1741//1741 2767//2767 1742//1742
f 2670//2670 555//555 2844//2844
f 2844//2844 555//555 1683//1683
f 84//84 2947//2947 83//83
f 936//936 788//788 934//934
f 2844//2844 1683//1683 1447//1447
f 2844//2844 2974//2974 2670//2670
f 83//83 2946//2946 82//82
f 2496//2496 2562//2562 1345//1345
f 3236//3236 2496//2496 1345//1345
f 82//82 2945//2945 81//81
f 2495//2495 2561//2561 1344//1344
f 3235//3235 2495//2495 1344//1344
f 81//81 2944//2944 80//80
f 269//269 1387//1387 1315//1315
f 1387//1387 1361//1361 1315//1315
f 80//80 2943//2943 79//79
f 2669//2669 553//553 2843//2843
f 268//268 1386//1386 1314//1314
f 79//79 2942//2942 78//78
f 1386//1386 1360//1360 1314//1314
f 2843//2843 553//553 1682//1682
f 78//78 2941//2941 77//77
f 2156//2156 1343//1343 2499//2499
f 2155//2155 1342//1342 2500//2500
f 77//77 2940//2940 76//76
f 1001//1001 3338//3338 1573//1573
f 3338//3338 1001//1001 1353//1353
f 76//76 2939//2939 75//75
f 481//481 3138//3138 1273//1273
f 542//542 1273//1273 3138//3138
f 75//75 2938//2938 74//74
f 3338//3338 515//515 1573//1573
f 480//480 3137//3137 1272//1272
f 3206//3206 3178//3178 442//442
f 543//543 1272//1272 3137//3137
f 1000//1000 3337//3337 1572//1572
f 656//656 3179//3179 2261//2261
f 2590//2590 2492//2492 2912//2912
f 2589//2589 2491//2491 2911//2911
f 2261//2261 3179//3179 444//444
f 1304//1304 534//534 1978//1978
f 3337//3337 1000//1000 1352//1352
f 8//8 2964//2964 9//9
f 3337//3337 514//514 1572//1572
f 1978//1978 223//223 1304//1304
f 87//87 2963//2963 86//86
f 1305//1305 535//535 1977//1977
f 683//683 2390//2390 679//679
f 7//7 2966//2966 8//8
f 2843//2843 1682//1682 1446//1446
f 1977//1977 216//216 1305//1305
f 88//88 2965//2965 87//87
f 2594//2594 863//863 2700//2700
f 859//859 2700//2700 2430//2430
f 1375//1375 3616//3616 2718//2718
f 2430//2430 2700//2700 863//863
f 2593//2593 862//862 2699//2699
f 2717//2717 3616//3616 1371//1371
f 469//469 683//683 679//679
f 2843//2843 2973//2973 2669//2669
f 682//682 2389//2389 678//678
f 3086//3086 1728//1728 1729//1729
f 845//845 2699//2699 2429//2429
f 2429//2429 2699//2699 862//862
f 445//445 3180//3180 3208//3208
f 1728//1728 2754//2754 1729//1729
f 773//773 934//934 788//788
f 468//468 682//682 678//678
f 3208//3208 3180//3180 444//444
f 3107//3107 1750//1750 1751//1751
f 1750//1750 2776//2776 1751//1751
f 2666//2666 1247//1247 1357//1357
f 549//549 1357//1357 1247//1247
f 1357//1357 1253//1253 2666//2666
f 3088//3088 1730//1730 1731//1731
f 3643//3643 1076//1076 1080//1080
f 3104//3104 1747//1747 1748//1748
f 3662//3662 1733//1733 1732//1732
f 3087//3087 1729//1729 1730//1730
f 1729//1729 2755//2755 1730//1730
f 1759//1759 1725//1725 373//373
f 373//373 533//533 1759//1759
f 1333//1333 2736//2736 2032//2032
f 3101//3101 1744//1744 1745//1745
f 1758//1758 1724//1724 372//372
f 372//372 532//532 1758//1758
f 3647//3647 2922//2922 2921//2921
f 176//176 273//273 177//177
f 3099//3099 1742//1742 1743//1743
f 2665//2665 1246//1246 1359//1359
f 1373//1373 3645//3645 2756//2756
f 103//103 272//272 102//102
f 3091//3091 1733//1733 1734//1734
f 548//548 1359//1359 1246//1246
f 1733//1733 2759//2759 1734//1734
f 1359//1359 1252//1252 2665//2665
f 1141//1141 1245//1245 632//632
f 635//635 1141//1141 632//632
f 1140//1140 1244//1244 630//630
f 1677//1677 2742//2742 526//526
f 2742//2742 905//905 526//526
f 1676//1676 2741//2741 527//527
f 2741//2741 904//904 527//527
f 3361//3361 2934//2934 2932//2932
f 3616//3616 2717//2717 2718//2718
f 3616//3616 1375//1375 1371//1371
f 24//24 3361//3361 2932//2932
f 3360//3360 2933//2933 2931//2931
f 1383//1383 3615//3615 2722//2722
f 2721//2721 3615//3615 1381//1381
f 71//71 3360//3360 2931//2931
f 3118//3118 821//821 2560//2560
f 821//821 941//941 2560//2560
f 3117//3117 820//820 2559//2559
f 820//820 940//940 2559//2559
f 3106//3106 1749//1749 1750//1750
f 1749//1749 2775//2775 1750//1750
f 3105//3105 1748//1748 1749//1749
f 951//951 2284//2284 2210//2210
f 3668//3668 1082//1082 1086//1086
f 3089//3089 1731//1731 1732//1732
f 1731//1731 2757//2757 1732//1732
f 950//950 2283//2283 2209//2209
f 634//634 1140//1140 630//630
f 157//157 599//599 158//158
f 599//599 387//387 158//158
f 1317//1317 599//599 157//157
f 2484//2484 2658//2658 2486//2486
f 3100//3100 1743//1743 1744//1744
f 2471//2471 2645//2645 2485//2485
f 1743//1743 2769//2769 1744//1744
f 2926//2926 2866//2866 2925//2925
f 3647//3647 206//206 208//208
f 2923//2923 2860//2860 2922//2922
f 1332//1332 2723//2723 2020//2020
f 208//208 2923//2923 2922//2922
f 2542//2542 1591//1591 945//945
f 2529//2529 1578//1578 944//944
f 3092//3092 1734//1734 1735//1735
f 1734//1734 2760//2760 1735//1735
f 3103//3103 1746//1746 1747//1747
f 3657//3657 2770//2770 2771//2771
f 1423//1423 1683//1683 2740//2740
f 1422//1422 1682//1682 2739//2739
f 3113//3113 139//139 3013//3013
f 3114//3114 140//140 3014//3014
f 2038//2038 2212//2212 2214//2214
f 3094//3094 1736//1736 1737//1737
f 2214//2214 471//471 2038//2038
f 2037//2037 2211//2211 2213//2213
f 2725//2725 3631//3631 2724//2724
f 2213//2213 470//470 2037//2037
f 2434//2434 2214//2214 1276//1276
f 3102//3102 1745//1745 1746//1746
f 1745//1745 2771//2771 1746//1746
f 2433//2433 2213//2213 1277//1277
f 3090//3090 1732//1732 1733//1733
f 3655//3655 3056//3056 206//206
f 122//122 598//598 121//121
f 3093//3093 1735//1735 1736//1736
f 1384//1384 3631//3631 1382//1382
f 1384//1384 3673//3673 2766//2766
f 3056//3056 3655//3655 3055//3055
f 3615//3615 2721//2721 2722//2722
f 3615//3615 1383//1383 1381//1381
f 1735//1735 2761//2761 1736//1736
f 1072//1072 3638//3638 3562//3562
f 205//205 3655//3655 206//206
f 1380//1380 3614//3614 2728//2728
f 1383//1383 2762//2762 1381//1381
f 2771//2771 3654//3654 2772//2772
f 2727//2727 3614//3614 1378//1378
f 1376//1376 2770//2770 1380//1380
f 3642//3642 1084//1084 3623//3623
f 3614//3614 2727//2727 2728//2728
f 1379//1379 3672//3672 3658//3658
f 3657//3657 1745//1745 1744//1744
f 3614//3614 1380//1380 1378//1378
f 3642//3642 3154//3154 1086//1086
f 3154//3154 3642//3642 3623//3623
f 1370//1370 3613//3613 2732//2732
f 1372//1372 3654//3654 1376//1376
f 1377//1377 2761//2761 2760//2760
f 1084//1084 3642//3642 1086//1086
f 3654//3654 1372//1372 2772//2772
f 3653//3653 2756//2756 2757//2757
f 2731//2731 3613//3613 1374//1374
f 1745//1745 3657//3657 2771//2771
f 3660//3660 1378//1378 3639//3639
f 3613//3613 2731//2731 2732//2732
f 1733//1733 3662//3662 2759//2759
f 3660//3660 2768//2768 3633//3633
f 3613//3613 1370//1370 1374//1374
f 3639//3639 2769//2769 2768//2768
f 2768//2768 3660//3660 3639//3639
f 3612//3612 1363//1363 2711//2711
f 1378//1378 3660//3660 3633//3633
f 3653//3653 1731//1731 1730//1730
f 3612//3612 2712//2712 1365//1365
f 1375//1375 2758//2758 1371//1371
f 211//211 3651//3651 3582//3582
f 2712//2712 3612//3612 2711//2711
f 1368//1368 2774//2774 1370//1370
f 3666//3666 3618//3618 1083//1083
f 1363//1363 3612//3612 1365//1365
f 1373//1373 2756//2756 1369//1369
f 3160//3160 3638//3638 1074//1074
f 3611//3611 2164//2164 2737//2737
f 2760//2760 3672//3672 1377//1377
f 1368//1368 2775//2775 2774//2774
f 1368//1368 2733//2733 1366//1366
f 3630//3630 1367//1367 1369//1369
f 3630//3630 2755//2755 2754//2754
f 3611//3611 2711//2711 1363//1363
f 1364//1364 2776//2776 1366//1366
f 3672//3672 2760//2760 3658//3658
f 1366//1366 2734//2734 1364//1364
f 3638//3638 3160//3160 3562//3562
f 3638//3638 1072//1072 1074//1074
f 1365//1365 2713//2713 1367//1367
f 1362//1362 2777//2777 1364//1364
f 1364//1364 2777//2777 2776//2776
f 1364//1364 2735//2735 1362//1362
f 3062//3062 3651//3651 3060//3060
f 1363//1363 2753//2753 2752//2752
f 2711//2711 3611//3611 2737//2737
f 2166//2166 2738//2738 2167//2167
f 2167//2167 2765//2765 2166//2166
f 619//619 1265//1265 2254//2254
f 1339//1339 2254//2254 1265//1265
f 2163//2163 2737//2737 2164//2164
f 618//618 1264//1264 2253//2253
f 1338//1338 2253//2253 1264//1264
f 2164//2164 2751//2751 2163//2163
f 2918//2918 2870//2870 2928//2928
f 213//213 2918//2918 2928//2928
f 658//658 3181//3181 2262//2262
f 2262//2262 3181//3181 446//446
f 2850//2850 3054//3054 2919//2919
f 3054//3054 203//203 2919//2919
f 2702//2702 1835//1835 2698//2698
f 861//861 2702//2702 2698//2698
f 2144//2144 1902//1902 1903//1903
f 447//447 3182//3182 3210//3210
f 2701//2701 1834//1834 2697//2697
f 860//860 2701//2701 2697//2697
f 3210//3210 3182//3182 446//446
f 2142//2142 1900//1900 1901//1901
f 660//660 3183//3183 2263//2263
f 2263//2263 3183//3183 448//448
f 2131//2131 1890//1890 1891//1891
f 449//449 3184//3184 3212//3212
f 3212//3212 3184//3184 448//448
f 2129//2129 1888//1888 1889//1889
f 2320//2320 433//433 1533//1533
f 2319//2319 432//432 1532//1532
f 2765//2765 1755//1755 2750//2750
f 2166//2166 2765//2765 2750//2750
f 663//663 3185//3185 664//664
f 664//664 3185//3185 453//453
f 2751//2751 1754//1754 2749//2749
f 2163//2163 2751//2751 2749//2749
f 2666//2666 1915//1915 831//831
f 2665//2665 1914//1914 830//830
f 2164//2164 3611//3611 1363//1363
f 453//453 3185//3185 3214//3214
f 2974//2974 5//5 2670//2670
f 3214//3214 3185//3185 452//452
f 2778//2778 1752//1752 2777//2777
f 1371//1371 3610//3610 2717//2717
f 1752//1752 2778//2778 1645//1645
f 2973//2973 90//90 2669//2669
f 2764//2764 1738//1738 2763//2763
f 544//544 1274//1274 1195//1195
f 1738//1738 2764//2764 1644//1644
f 545//545 1275//1275 1194//1194
f 2777//2777 1751//1751 2776//2776
f 3355//3355 1179//1179 3267//3267
f 1966//1966 3355//3355 3267//3267
f 1175//1175 3267//3267 1179//1179
f 2776//2776 1750//1750 2775//2775
f 3354//3354 1178//1178 3266//3266
f 1965//1965 3354//3354 3266//3266
f 1161//1161 3266//3266 1178//1178
f 352//352 3669//3669 3598//3598
f 2297//2297 3028//3028 1047//1047
f 2062//2062 1047//1047 3028//3028
f 2296//2296 3029//3029 1044//1044
f 3528//3528 3666//3666 1085//1085
f 2059//2059 1044//1044 3029//3029
f 2301//2301 3030//3030 1049//1049
f 2064//2064 1049//1049 3030//3030
f 3659//3659 1374//1374 2773//2773
f 2300//2300 3031//3031 1046//1046
f 2061//2061 1046//1046 3031//3031
f 2307//2307 3036//3036 1055//1055
f 2772//2772 1746//1746 2771//2771
f 2070//2070 1055//1055 3036//3036
f 2306//2306 3037//3037 1052//1052
f 2067//2067 1052//1052 3037//3037
f 3651//3651 3062//3062 3582//3582
f 2295//2295 3026//3026 1045//1045
f 2060//2060 1045//1045 3026//3026
f 2294//2294 3027//3027 1042//1042
f 3659//3659 2772//2772 1372//1372
f 2057//2057 1042//1042 3027//3027
f 2293//2293 3024//3024 1043//1043
f 2058//2058 1043//1043 3024//3024
f 3651//3651 211//211 3060//3060
f 2303//2303 3034//3034 1053//1053
f 2068//2068 1053//1053 3034//3034
f 2302//2302 3035//3035 1050//1050
f 2768//2768 1742//1742 2767//2767
f 2065//2065 1050//1050 3035//3035
f 2310//2310 3043//3043 1058//1058
f 2073//2073 1058//1058 3043//3043
f 2767//2767 1741//1741 2766//2766
f 2299//2299 3032//3032 1051//1051
f 2066//2066 1051//1051 3032//3032
f 2298//2298 3033//3033 1048//1048
f 2766//2766 1740//1740 2765//2765
f 2167//2167 2766//2766 2765//2765
f 2063//2063 1048//1048 3033//3033
f 2309//2309 3040//3040 1059//1059
f 211//211 3650//3650 209//209
f 2074//2074 1059//1059 3040//3040
f 2308//2308 3041//3041 1056//1056
f 2071//2071 1056//1056 3041//3041
f 2925//2925 3650//3650 2926//2926
f 2305//2305 3038//3038 1057//1057
f 2072//2072 1057//1057 3038//3038
f 2304//2304 3039//3039 1054//1054
f 2761//2761 1735//1735 2760//2760
f 2069//2069 1054//1054 3039//3039
f 2292//2292 3025//3025 1040//1040
f 2055//2055 1040//1040 3025//3025
f 2760//2760 1734//1734 2759//2759
f 2291//2291 3022//3022 1041//1041
f 2056//2056 1041//1041 3022//3022
f 2838//2838 1525//1525 2836//2836
f 3379//3379 2200//2200 2906//2906
f 598//598 386//386 121//121
f 1316//1316 598//598 122//122
f 2837//2837 1524//1524 2835//2835
f 608//608 1356//1356 560//560
f 1731//1731 3653//3653 2757//2757
f 560//560 1356//1356 600//600
f 3378//3378 2199//2199 2905//2905
f 3546//3546 281//281 2319//2319
f 281//281 1244//1244 2319//2319
f 3666//3666 3528//3528 1087//1087
f 3377//3377 2198//2198 2904//2904
f 3545//3545 280//280 2320//2320
f 280//280 1245//1245 2320//2320
f 3650//3650 2925//2925 209//209
f 3376//3376 2197//2197 2903//2903
f 1765//1765 3552//3552 3543//3543
f 3552//3552 699//699 3543//3543
f 3055//3055 3655//3655 3576//3576
f 3375//3375 2196//2196 2902//2902
f 3072//3072 3375//3375 2197//2197
f 3375//3375 3072//3072 2196//2196
f 2755//2755 1729//1729 2754//2754
f 3374//3374 2195//2195 2901//2901
f 699//699 3552//3552 697//697
f 1097//1097 2400//2400 178//178
f 3373//3373 2194//2194 2900//2900
f 273//273 1097//1097 177//177
f 2754//2754 1728//1728 2753//2753
f 177//177 1097//1097 178//178
f 2138//2138 1896//1896 1897//1897
f 454//454 3186//3186 3215//3215
f 3372//3372 2193//2193 2899//2899
f 1096//1096 2399//2399 101//101
f 2753//2753 1727//1727 2752//2752
f 797//797 481//481 1273//1273
f 272//272 1096//1096 102//102
f 3371//3371 2192//2192 2898//2898
f 3071//3071 3371//3371 2193//2193
f 796//796 480//480 1272//1272
f 2752//2752 1726//1726 2751//2751
f 2164//2164 2752//2752 2751//2751
f 3371//3371 3071//3071 2192//2192
f 3215//3215 3186//3186 453//453
f 2125//2125 1884//1884 1885//1885
f 2135//2135 1133//1133 2136//2136
f 3370//3370 2187//2187 2893//2893
f 102//102 1096//1096 101//101
f 2135//2135 1132//1132 1133//1133
f 665//665 3187//3187 2264//2264
f 1425//1425 1427//1427 1401//1401
f 3369//3369 2186//2186 2892//2892
f 1689//1689 1427//1427 1425//1425
f 1427//1427 1403//1403 1401//1401
f 3368//3368 2185//2185 2891//2891
f 1424//1424 1426//1426 1400//1400
f 1688//1688 1426//1426 1424//1424
f 3367//3367 2184//2184 2890//2890
f 1426//1426 1402//1402 1400//1400
f 1788//1788 3550//3550 3537//3537
f 3366//3366 2183//2183 2889//2889
f 3069//3069 3366//3366 2184//2184
f 3366//3366 3069//3069 2183//2183
f 3365//3365 2182//2182 2888//2888
f 3550//3550 720//720 3537//3537
f 720//720 3550//3550 722//722
f 3364//3364 2181//2181 2887//2887
f 903//903 371//371 610//610
f 903//903 610//610 561//561
f 3363//3363 2180//2180 2886//2886
f 2264//2264 3187//3187 455//455
f 456//456 3188//3188 3217//3217
f 3362//3362 2179//2179 2885//2885
f 3068//3068 3362//3362 2180//2180
f 3362//3362 3068//3068 2179//2179
f 3217//3217 3188//3188 455//455
f 2122//2122 1131//1131 2123//2123
f 2122//2122 1130//1130 1131//1131
f 3381//3381 2201//2201 2907//2907
f 667//667 3189//3189 2265//2265
f 2265//2265 3189//3189 457//457
f 3380//3380 2188//2188 2894//2894
f 610//610 1358//1358 561//561
f 561//561 1358//1358 601//601
f 2146//2146 1904//1904 1905//1905
f 458//458 3190//3190 3219//3219
f 3219//3219 3190//3190 457//457
f 669//669 3191//3191 2266//2266
f 2311//2311 3042//3042 1061//1061
f 2076//2076 1061//1061 3042//3042
f 2190//2190 945//945 2204//2204
f 2177//2177 944//944 2203//2203
f 2432//2432 795//795 793//793
f 793//793 863//863 2432//2432
f 793//793 795//795 2834//2834
f 2834//2834 2250//2250 793//793
f 2431//2431 794//794 792//792
f 792//792 862//862 2431//2431
f 792//792 794//794 2833//2833
f 2833//2833 2249//2249 792//792
f 902//902 370//370 608//608
f 902//902 608//608 560//560
f 2290//2290 3023//3023 1038//1038
f 2053//2053 1038//1038 3023//3023
f 2266//2266 3191//3191 459//459
f 2133//2133 1892//1892 1893//1893
f 2867//2867 3063//3063 3061//3061
f 3597//3597 1085//1085 3666//3666
f 160//160 1251//1251 161//161
f 603//603 1251//1251 160//160
f 1251//1251 383//383 161//161
f 119//119 1250//1250 118//118
f 602//602 1250//1250 119//119
f 1250//1250 382//382 118//118
f 423//423 427//427 1970//1970
f 427//427 1968//1968 1970//1970
f 26//26 3074//3074 2827//2827
f 422//422 424//424 1969//1969
f 424//424 1967//1967 1969//1969
f 69//69 3073//3073 2825//2825
f 385//385 554//554 1483//1483
f 2784//2784 1483//1483 2822//2822
f 385//385 1483//1483 2784//2784
f 384//384 552//552 1482//1482
f 2783//2783 1482//1482 2821//2821
f 384//384 1482//1482 2783//2783
f 460//460 3192//3192 3221//3221
f 371//371 1267//1267 616//616
f 3221//3221 3192//3192 459//459
f 370//370 1266//1266 614//614
f 1290//1290 279//279 410//410
f 671//671 3193//3193 2267//2267
f 1291//1291 278//278 411//411
f 2267//2267 3193//3193 461//461
f 1894//1894 663//663 1132//1132
f 2600//2600 1269//1269 2562//2562
f 1882//1882 650//650 1130//1130
f 1269//1269 3122//3122 2562//2562
f 2862//2862 2924//2924 2925//2925
f 2924//2924 209//209 2925//2925
f 1269//1269 2600//2600 403//403
f 2599//2599 1268//1268 2561//2561
f 1268//1268 2599//2599 402//402
f 1268//1268 3121//3121 2561//2561
f 1315//1315 1297//1297 269//269
f 1267//1267 269//269 1297//1297
f 2855//2855 3057//3057 3056//3056
f 3057//3057 206//206 3056//3056
f 2861//2861 3060//3060 3058//3058
f 3650//3650 211//211 2926//2926
f 3052//3052 3332//3332 2876//2876
f 3332//3332 3052//3052 2842//2842
f 1609//1609 3332//3332 1495//1495
f 1609//1609 2876//2876 3332//3332
f 3051//3051 3331//3331 2875//2875
f 3331//3331 3051//3051 2841//2841
f 1608//1608 3331//3331 1494//1494
f 1608//1608 2875//2875 3331//3331
f 2849//2849 3053//3053 2917//2917
f 3665//3665 212//212 3582//3582
f 538//538 598//598 901//901
f 1314//1314 1296//1296 268//268
f 539//539 599//599 900//900
f 1266//1266 268//268 1296//1296
f 1357//1357 609//609 1253//1253
f 367//367 1395//1395 181//181
f 609//609 1289//1289 1253//1253
f 1359//1359 611//611 1252//1252
f 282//282 367//367 181//181
f 611//611 1288//1288 1252//1252
f 2394//2394 1491//1491 2840//2840
f 2868//2868 2927//2927 2928//2928
f 2927//2927 212//212 2928//2928
f 2003//2003 1119//1119 2004//2004
f 2393//2393 1490//1490 2839//2839
f 2004//2004 1119//1119 324//324
f 421//421 1201//1201 1247//1247
f 420//420 1200//1200 1246//1246
f 2313//2313 3044//3044 1063//1063
f 2288//2288 3021//3021 1036//1036
f 3124//3124 693//693 689//689
f 693//693 3242//3242 689//689
f 3123//3123 692//692 688//688
f 692//692 3241//3241 688//688
f 2706//2706 2878//2878 691//691
f 691//691 2878//2878 2394//2394
f 2705//2705 2877//2877 690//690
f 690//690 2877//2877 2393//2393
f 2865//2865 3062//3062 3060//3060
f 3649//3649 2167//2167 2738//2738
f 2859//2859 3059//3059 3057//3057
f 3649//3649 2724//2724 1384//1384
f 362//362 2313//2313 2046//2046
f 366//366 1394//1394 98//98
f 339//339 2288//2288 2045//2045
f 2716//2716 3610//3610 1373//1373
f 1990//1990 1109//1109 1991//1991
f 1991//1991 1109//1109 327//327
f 2002//2002 1117//1117 1118//1118
f 2001//2001 1117//1117 2002//2002
f 2869//2869 3064//3064 3063//3063
f 3064//3064 213//213 3063//3063
f 1117//1117 889//889 1118//1118
f 1989//1989 1107//1107 1108//1108
f 389//389 1327//1327 550//550
f 1988//1988 1107//1107 1989//1989
f 1107//1107 877//877 1108//1108
f 388//388 1326//1326 551//551
f 283//283 366//366 98//98
f 1447//1447 1423//1423 1421//1421
f 1301//1301 3545//3545 483//483
f 2000//2000 1115//1115 1116//1116
f 1999//1999 1115//1115 2000//2000
f 1446//1446 1422//1422 1420//1420
f 1115//1115 887//887 1116//1116
f 1261//1261 2216//2216 2252//2252
f 1998//1998 1113//1113 1114//1114
f 1997//1997 1113//1113 1998//1998
f 2932//2932 1689//1689 3132//3132
f 1113//1113 885//885 1114//1114
f 1260//1260 2215//2215 2251//2251
f 1996//1996 1111//1111 1112//1112
f 2931//2931 1688//1688 3131//3131
f 2595//2595 377//377 1202//1202
f 1995//1995 1111//1111 1996//1996
f 2320//2320 483//483 3545//3545
f 2596//2596 376//376 1203//1203
f 1300//1300 3546//3546 482//482
f 1111//1111 883//883 1112//1112
f 1725//1725 1759//1759 517//517
f 1724//1724 1758//1758 516//516
f 1987//1987 1105//1105 1106//1106
f 1986//1986 1105//1105 1987//1987
f 1105//1105 875//875 1106//1106
f 188//188 2828//2828 1//1
f 2828//2828 5//5 1//1
f 26//26 2827//2827 1//1
f 2827//2827 188//188 1//1
f 91//91 2826//2826 4//4
f 2826//2826 90//90 4//4
f 1985//1985 1103//1103 1104//1104
f 1984//1984 1103//1103 1985//1985
f 2825//2825 91//91 4//4
f 69//69 2825//2825 4//4
f 630//630 281//281 106//106
f 2319//2319 482//482 3546//3546
f 281//281 107//107 106//106
f 632//632 280//280 173//173
f 537//537 597//597 172//172
f 280//280 172//172 173//173
f 863//863 2594//2594 1917//1917
f 863//863 1917//1917 2432//2432
f 1103//1103 873//873 1104//1104
f 1983//1983 1101//1101 1102//1102
f 1982//1982 1101//1101 1983//1983
f 1101//1101 871//871 1102//1102
f 862//862 2593//2593 1916//1916
f 862//862 1916//1916 2431//2431
f 751//751 1193//1193 1189//1189
f 2696//2696 1833//1833 2700//2700
f 859//859 2696//2696 2700//2700
f 751//751 1189//1189 3012//3012
f 858//858 2696//2696 2428//2428
f 2428//2428 2696//2696 859//859
f 2683//2683 1819//1819 2699//2699
f 1193//1193 1791//1791 1189//1189
f 726//726 1192//1192 1188//1188
f 845//845 2683//2683 2699//2699
f 726//726 1188//1188 3011//3011
f 1192//1192 1790//1790 1188//1188
f 844//844 2683//2683 2414//2414
f 2414//2414 2683//2683 845//845
f 2695//2695 1832//1832 2696//2696
f 858//858 2695//2695 2696//2696
f 857//857 2695//2695 2427//2427
f 2427//2427 2695//2695 858//858
f 2694//2694 1831//1831 2695//2695
f 857//857 2694//2694 2695//2695
f 856//856 2694//2694 2426//2426
f 2426//2426 2694//2694 857//857
f 2693//2693 1830//1830 2694//2694
f 856//856 2693//2693 2694//2694
f 855//855 2693//2693 2425//2425
f 2425//2425 2693//2693 856//856
f 2692//2692 1829//1829 2693//2693
f 855//855 2692//2692 2693//2693
f 854//854 2692//2692 2424//2424
f 2424//2424 2692//2692 855//855
f 2691//2691 1828//1828 2692//2692
f 397//397 275//275 179//179
f 275//275 178//178 179//179
f 854//854 2691//2691 2692//2692
f 275//275 1392//1392 178//178
f 396//396 274//274 100//100
f 853//853 2691//2691 2423//2423
f 2423//2423 2691//2691 854//854
f 2690//2690 1827//1827 2691//2691
f 853//853 2690//2690 2691//2691
f 852//852 2690//2690 2422//2422
f 2422//2422 2690//2690 853//853
f 2689//2689 1826//1826 2690//2690
f 852//852 2689//2689 2690//2690
f 851//851 2689//2689 2421//2421
f 2421//2421 2689//2689 852//852
f 2688//2688 1825//1825 2689//2689
f 851//851 2688//2688 2689//2689
f 850//850 2688//2688 2420//2420
f 2420//2420 2688//2688 851//851
f 2687//2687 1824//1824 2688//2688
f 850//850 2687//2687 2688//2688
f 274//274 101//101 100//100
f 274//274 1393//1393 101//101
f 171//171 537//537 172//172
f 183//183 379//379 184//184
f 849//849 2687//2687 2419//2419
f 536//536 596//596 107//107
f 108//108 536//536 107//107
f 2419//2419 2687//2687 850//850
f 96//96 378//378 95//95
f 2686//2686 1823//1823 2687//2687
f 849//849 2686//2686 2687//2687
f 277//277 559//559 152//152
f 848//848 2686//2686 2418//2418
f 2418//2418 2686//2686 849//849
f 3381//3381 2202//2202 2201//2201
f 2685//2685 1822//1822 2686//2686
f 848//848 2685//2685 2686//2686
f 2202//2202 316//316 2201//2201
f 847//847 2685//2685 2417//2417
f 2417//2417 2685//2685 848//848
f 3380//3380 2189//2189 2188//2188
f 2684//2684 1821//1821 2685//2685
f 847//847 2684//2684 2685//2685
f 2189//2189 303//303 2188//2188
f 846//846 2684//2684 2416//2416
f 2416//2416 2684//2684 847//847
f 2682//2682 1818//1818 2683//2683
f 844//844 2682//2682 2683//2683
f 843//843 2682//2682 2413//2413
f 2413//2413 2682//2682 844//844
f 2681//2681 1817//1817 2682//2682
f 843//843 2681//2681 2682//2682
f 842//842 2681//2681 2412//2412
f 2412//2412 2681//2681 843//843
f 2680//2680 1816//1816 2681//2681
f 842//842 2680//2680 2681//2681
f 841//841 2680//2680 2411//2411
f 2411//2411 2680//2680 842//842
f 2679//2679 1815//1815 2680//2680
f 841//841 2679//2679 2680//2680
f 840//840 2679//2679 2410//2410
f 2410//2410 2679//2679 841//841
f 2678//2678 1814//1814 2679//2679
f 840//840 2678//2678 2679//2679
f 839//839 2678//2678 2409//2409
f 2409//2409 2678//2678 840//840
f 2677//2677 1813//1813 2678//2678
f 839//839 2677//2677 2678//2678
f 838//838 2677//2677 2408//2408
f 2408//2408 2677//2677 839//839
f 2676//2676 1812//1812 2677//2677
f 838//838 2676//2676 2677//2677
f 837//837 2676//2676 2407//2407
f 2407//2407 2676//2676 838//838
f 2675//2675 1811//1811 2676//2676
f 837//837 2675//2675 2676//2676
f 836//836 2675//2675 2406//2406
f 2406//2406 2675//2675 837//837
f 2674//2674 1810//1810 2675//2675
f 836//836 2674//2674 2675//2675
f 835//835 2674//2674 2405//2405
f 2405//2405 2674//2674 836//836
f 2673//2673 1809//1809 2674//2674
f 835//835 2673//2673 2674//2674
f 834//834 2673//2673 2404//2404
f 2404//2404 2673//2673 835//835
f 2672//2672 1808//1808 2673//2673
f 834//834 2672//2672 2673//2673
f 833//833 2672//2672 2403//2403
f 2403//2403 2672//2672 834//834
f 2671//2671 1807//1807 2672//2672
f 833//833 2671//2671 2672//2672
f 832//832 2671//2671 2402//2402
f 2402//2402 2671//2671 833//833
f 2698//2698 1820//1820 2684//2684
f 846//846 2698//2698 2684//2684
f 861//861 2698//2698 2415//2415
f 2415//2415 2698//2698 846//846
f 2697//2697 1806//1806 2671//2671
f 832//832 2697//2697 2671//2671
f 860//860 2697//2697 2401//2401
f 2401//2401 2697//2697 832//832
f 1909//1909 1129//1129 1125//1125
f 643//643 2148//2148 1936//1936
f 1125//1125 1129//1129 677//677
f 642//642 2147//2147 1935//1935
f 1908//1908 1128//1128 1124//1124
f 419//419 1795//1795 2396//2396
f 1124//1124 1128//1128 676//676
f 418//418 1794//1794 2395//2395
f 751//751 722//722 1193//1193
f 722//722 1763//1763 1193//1193
f 726//726 697//697 1192//1192
f 697//697 1762//1762 1192//1192
f 1191//1191 529//529 2396//2396
f 1795//1795 1191//1191 2396//2396
f 1190//1190 528//528 2395//2395
f 1794//1794 1190//1190 2395//2395
f 1323//1323 277//277 152//152
f 3074//3074 25//25 3132//3132
f 1483//1483 554//554 1641//1641
f 3073//3073 70//70 3131//3131
f 3238//3238 3112//3112 1263//1263
f 3238//3238 2154//2154 3112//3112
f 276//276 558//558 127//127
f 3237//3237 3111//3111 1262//1262
f 3237//3237 2153//2153 3111//3111
f 1482//1482 552//552 1640//1640
f 897//897 2356//2356 895//895
f 1099//1099 897//897 895//895
f 896//896 2355//2355 894//894
f 1098//1098 896//896 894//894
f 2446//2446 880//880 2444//2444
f 2340//2340 2444//2444 880//880
f 1199//1199 1793//1793 1927//1927
f 1927//1927 1095//1095 1199//1199
f 2276//2276 1927//1927 1793//1793
f 1198//1198 1792//1792 1926//1926
f 1926//1926 1094//1094 1198//1198
f 2275//2275 1926//1926 1792//1792
f 639//639 899//899 2742//2742
f 2218//2218 639//639 1677//1677
f 1677//1677 639//639 2742//2742
f 638//638 898//898 2741//2741
f 2217//2217 638//638 1676//1676
f 1676//1676 638//638 2741//2741
f 2340//2340 881//881 2444//2444
f 1992//1992 2446//2446 2444//2444
f 2439//2439 868//868 2441//2441
f 2326//2326 2441//2441 868//868
f 2272//2272 1427//1427 1689//1689
f 2271//2271 1426//1426 1688//1688
f 2326//2326 869//869 2441//2441
f 1979//1979 2439//2439 2441//2441
f 3108//3108 1751//1751 1752//1752
f 1751//1751 2777//2777 1752//1752
f 3353//3353 957//957 959//959
f 959//959 525//525 2154//2154
f 525//525 959//959 957//957
f 3352//3352 956//956 958//958
f 958//958 524//524 2153//2153
f 524//524 958//958 956//956
f 3095//3095 1737//1737 1738//1738
f 1179//1179 1972//1972 1539//1539
f 1737//1737 2763//2763 1738//1738
f 2286//2286 2400//2400 1097//1097
f 1178//1178 1971//1971 1538//1538
f 1322//1322 276//276 127//127
f 2285//2285 2399//2399 1096//1096
f 597//597 1255//1255 271//271
f 1993//1993 1110//1110 1994//1994
f 1994//1994 1110//1110 326//326
f 1980//1980 1100//1100 1981//1981
f 1981//1981 1100//1100 325//325
f 3502//3502 1271//1271 2322//2322
f 597//597 537//537 1255//1255
f 2212//2212 3502//3502 2322//2322
f 596//596 1254//1254 270//270
f 643//643 3502//3502 2212//2212
f 596//596 536//536 1254//1254
f 3570//3570 233//233 2050//2050
f 3501//3501 1270//1270 2321//2321
f 3438//3438 2050//2050 233//233
f 462//462 3194//3194 3223//3223
f 2824//2824 797//797 139//139
f 2823//2823 796//796 140//140
f 2748//2748 1753//1753 2778//2778
f 2168//2168 2748//2748 2778//2778
f 1429//1429 909//909 1405//1405
f 909//909 759//759 1405//1405
f 1428//1428 908//908 1404//1404
f 908//908 758//758 1404//1404
f 1753//1753 2748//2748 1647//1647
f 2747//2747 1739//1739 2764//2764
f 2165//2165 2747//2747 2764//2764
f 1739//1739 2747//2747 1646//1646
f 1445//1445 935//935 1419//1419
f 935//935 787//787 1419//1419
f 1438//1438 934//934 1412//1412
f 934//934 773//773 1412//1412
f 2211//2211 3501//3501 2321//2321
f 642//642 3501//3501 2211//2211
f 3223//3223 3194//3194 461//461
f 2822//2822 435//435 2784//2784
f 673//673 3195//3195 2268//2268
f 2268//2268 3195//3195 463//463
f 2821//2821 434//434 2783//2783
f 3569//3569 232//232 2049//2049
f 1647//1647 2748//2748 1757//1757
f 1444//1444 932//932 1418//1418
f 932//932 785//785 1418//1418
f 1646//1646 2747//2747 1756//1756
f 3437//3437 2049//2049 232//232
f 464//464 3196//3196 3225//3225
f 1645//1645 2778//2778 1753//1753
f 1443//1443 930//930 1417//1417
f 930//930 783//783 1417//1417
f 3225//3225 3196//3196 463//463
f 1643//1643 1136//1136 2173//2173
f 1442//1442 928//928 1416//1416
f 928//928 781//781 1416//1416
f 395//395 2740//2740 1683//1683
f 555//555 395//395 1683//1683
f 393//393 2739//2739 1682//1682
f 1642//1642 1137//1137 2174//2174
f 1441//1441 926//926 1415//1415
f 926//926 779//779 1415//1415
f 553//553 393//393 1682//1682
f 232//232 3569//3569 96//96
f 1440//1440 924//924 1414//1414
f 924//924 777//777 1414//1414
f 97//97 3569//3569 283//283
f 3569//3569 97//97 96//96
f 1439//1439 922//922 1413//1413
f 233//233 3570//3570 183//183
f 922//922 775//775 1413//1413
f 1437//1437 920//920 1411//1411
f 920//920 771//771 1411//1411
f 607//607 1097//1097 273//273
f 182//182 3570//3570 282//282
f 3570//3570 182//182 183//183
f 1436//1436 918//918 1410//1410
f 1351//1351 999//999 1349//1349
f 1350//1350 998//998 1348//1348
f 918//918 769//769 1410//1410
f 281//281 3546//3546 107//107
f 3546//3546 1300//1300 108//108
f 1435//1435 916//916 1409//1409
f 916//916 767//767 1409//1409
f 3546//3546 108//108 107//107
f 280//280 3545//3545 172//172
f 641//641 371//371 1841//1841
f 1434//1434 914//914 1408//1408
f 606//606 1096//1096 272//272
f 914//914 765//765 1408//1408
f 3545//3545 1301//1301 171//171
f 640//640 370//370 1840//1840
f 2560//2560 607//607 1319//1319
f 1644//1644 2764//2764 1739//1739
f 1241//1241 2560//2560 1319//1319
f 2559//2559 606//606 1318//1318
f 3545//3545 171//171 172//172
f 1433//1433 912//912 1407//1407
f 912//912 763//763 1407//1407
f 1240//1240 2559//2559 1318//1318
f 152//152 559//559 153//153
f 1432//1432 910//910 1406//1406
f 910//910 761//761 1406//1406
f 127//127 558//558 126//126
f 1315//1315 225//225 1297//1297
f 1278//1278 1292//1292 1276//1276
f 2216//2216 2080//2080 2252//2252
f 1314//1314 224//224 1296//1296
f 2044//2044 2316//2316 363//363
f 2215//2215 2079//2079 2251//2251
f 1093//1093 2044//2044 363//363
f 2043//2043 2315//2315 338//338
f 1066//1066 2043//2043 338//338
f 1389//1389 1921//1921 2158//2158
f 2158//2158 1345//1345 1389//1389
f 1388//1388 1920//1920 2157//2157
f 2157//2157 1344//1344 1388//1388
f 289//289 288//288 2118//2118
f 475//475 2738//2738 2166//2166
f 475//475 1839//1839 2738//2738
f 2750//2750 475//475 2166//2166
f 288//288 289//289 2284//2284
f 474//474 2737//2737 2163//2163
f 474//474 1838//1838 2737//2737
f 2749//2749 474//474 2163//2163
f 286//286 285//285 2117//2117
f 285//285 286//286 2283//2283
f 1757//1757 2324//2324 1647//1647
f 2324//2324 893//893 1647//1647
f 1756//1756 2323//2323 1646//1646
f 2323//2323 892//892 1646//1646
f 231//231 635//635 175//175
f 3242//3242 2976//2976 683//683
f 1919//1919 683//683 2976//2976
f 231//231 175//175 176//176
f 3241//3241 2975//2975 682//682
f 1292//1292 556//556 1276//1276
f 1918//1918 682//682 2975//2975
f 1279//1279 1293//1293 1277//1277
f 1245//1245 280//280 632//632
f 1293//1293 557//557 1277//1277
f 1244//1244 281//281 630//630
f 402//402 1393//1393 1268//1268
f 1133//1133 665//665 1895//1895
f 1123//1123 2598//2598 367//367
f 367//367 2172//2172 1123//1123
f 1122//1122 2597//2597 366//366
f 403//403 231//231 176//176
f 366//366 2171//2171 1122//1122
f 3349//3349 1299//1299 2498//2498
f 230//230 634//634 104//104
f 1393//1393 274//274 1268//1268
f 403//403 1392//1392 1269//1269
f 3348//3348 1298//1298 2497//2497
f 1392//1392 275//275 1269//1269
f 3575//3575 359//359 357//357
f 3575//3575 1087//1087 1089//1089
f 3610//3610 2716//2716 2717//2717
f 1131//1131 652//652 1883//1883
f 359//359 3575//3575 1089//1089
f 3574//3574 1092//1092 3232//3232
f 230//230 104//104 103//103
f 402//402 230//230 103//103
f 2586//2586 1251//1251 1243//1243
f 1251//1251 603//603 1243//1243
f 3574//3574 3151//3151 1090//1090
f 3151//3151 3574//3574 3232//3232
f 637//637 375//375 134//134
f 539//539 1243//1243 603//603
f 2585//2585 1250//1250 1242//1242
f 1250//1250 602//602 1242//1242
f 636//636 374//374 145//145
f 538//538 1242//1242 602//602
f 437//437 3171//3171 3199//3199
f 3199//3199 3171//3171 436//436
f 1092//1092 3574//3574 1090//1090
f 452//452 3172//3172 3200//3200
f 3240//3240 1307//1307 2786//2786
f 3240//3240 2786//2786 126//126
f 2786//2786 1307//1307 127//127
f 3239//3239 1306//1306 2785//2785
f 3239//3239 2785//2785 153//153
f 2785//2785 1306//1306 152//152
f 142//142 543//543 143//143
f 383//383 2586//2586 413//413
f 561//561 383//383 413//413
f 2586//2586 383//383 1251//1251
f 382//382 2585//2585 412//412
f 137//137 542//542 136//136
f 560//560 382//382 412//412
f 2972//2972 409//409 2668//2668
f 2585//2585 382//382 1250//1250
f 2971//2971 408//408 2667//2667
f 3200//3200 3172//3172 451//451
f 662//662 3169//3169 2269//2269
f 1080//1080 3573//3573 3158//3158
f 2269//2269 3169//3169 450//450
f 675//675 3170//3170 2270//2270
f 2270//2270 3170//3170 465//465
f 3157//3157 3573//3573 1078//1078
f 466//466 3167//3167 3227//3227
f 753//753 2968//2968 415//415
f 3227//3227 3167//3167 450//450
f 752//752 2967//2967 414//414
f 3573//3573 3157//3157 3158//3158
f 467//467 3168//3168 3228//3228
f 3228//3228 3168//3168 465//465
f 468//468 3165//3165 3229//3229
f 3229//3229 3165//3165 466//466
f 469//469 3166//3166 3230//3230
f 3573//3573 1080//1080 1078//1078
f 3230//3230 3166//3166 467//467
f 1893//1893 1892//1892 2372//2372
f 3610//3610 1371//1371 1373//1373
f 1374//1374 3609//3609 2731//2731
f 1273//1273 138//138 797//797
f 139//139 797//797 138//138
f 1272//1272 141//141 796//796
f 140//140 796//796 141//141
f 1231//1231 1876//1876 1877//1877
f 2730//2730 3609//3609 1372//1372
f 1218//1218 1863//1863 1864//1864
f 3609//3609 2730//2730 2731//2731
f 3353//3353 329//329 331//331
f 714//714 3572//3572 3539//3539
f 957//957 3353//3353 331//331
f 957//957 331//331 2006//2006
f 1780//1780 3572//3572 3525//3525
f 1893//1893 2372//2372 662//662
f 3352//3352 322//322 320//320
f 956//956 3352//3352 320//320
f 956//956 320//320 2005//2005
f 3572//3572 1780//1780 3539//3539
f 609//609 615//615 1289//1289
f 3572//3572 714//714 3525//3525
f 616//616 610//610 371//371
f 611//611 617//617 1288//1288
f 708//708 3571//3571 3540//3540
f 1774//1774 3571//3571 3524//3524
f 614//614 608//608 370//370
f 3571//3571 1774//1774 3540//3540
f 3571//3571 708//708 3524//3524
f 2498//2498 1299//1299 1529//1529
f 1162//1162 1851//1851 1177//1177
f 1148//1148 1850//1850 1176//1176
f 3609//3609 1374//1374 1372//1372
f 1071//1071 3608//3608 3510//3510
f 1173//1173 1875//1875 1172//1172
f 1172//1172 1874//1874 1171//1171
f 1171//1171 1873//1873 1170//1170
f 1170//1170 1872//1872 1169//1169
f 1169//1169 1871//1871 1168//1168
f 1168//1168 1870//1870 1167//1167
f 1167//1167 1869//1869 1166//1166
f 1166//1166 1868//1868 1165//1165
f 1165//1165 1867//1867 1164//1164
f 1164//1164 1866//1866 1163//1163
f 1163//1163 1865//1865 1162//1162
f 1159//1159 1862//1862 1158//1158
f 1158//1158 1861//1861 1157//1157
f 1157//1157 1860//1860 1156//1156
f 1156//1156 1859//1859 1155//1155
f 1155//1155 1858//1858 1154//1154
f 1154//1154 1857//1857 1153//1153
f 1153//1153 1856//1856 1152//1152
f 1152//1152 1855//1855 1151//1151
f 1151//1151 1854//1854 1150//1150
f 1150//1150 1853//1853 1149//1149
f 1149//1149 1852//1852 1148//1148
f 1177//1177 1849//1849 1181//1181
f 1176//1176 1848//1848 1180//1180
f 365//365 1529//1529 1299//1299
f 2497//2497 1298//1298 1528//1528
f 1541//1541 2978//2978 1791//1791
f 364//364 1528//1528 1298//1298
f 1189//1189 1791//1791 2978//2978
f 1540//1540 2977//2977 1790//1790
f 394//394 405//405 186//186
f 1188//1188 1790//1790 2977//2977
f 1237//1237 1847//1847 1849//1849
f 1847//1847 1181//1181 1849//1849
f 1236//1236 1846//1846 1848//1848
f 1846//1846 1180//1180 1848//1848
f 1230//1230 1875//1875 1876//1876
f 3141//3141 3608//3608 3140//3140
f 1229//1229 1874//1874 1875//1875
f 405//405 184//184 185//185
f 1874//1874 1172//1172 1875//1875
f 405//405 185//185 186//186
f 1228//1228 1873//1873 1874//1874
f 405//405 233//233 184//184
f 1873//1873 1171//1171 1874//1874
f 392//392 404//404 93//93
f 1227//1227 1872//1872 1873//1873
f 1872//1872 1170//1170 1873//1873
f 5//5 2974//2974 6//6
f 1226//1226 1871//1871 1872//1872
f 1871//1871 1169//1169 1872//1872
f 90//90 2973//2973 89//89
f 1225//1225 1870//1870 1871//1871
f 1870//1870 1168//1168 1871//1871
f 1341//1341 2789//2789 1187//1187
f 1224//1224 1869//1869 1870//1870
f 1340//1340 2790//2790 1186//1186
f 2976//2976 1529//1529 1919//1919
f 1869//1869 1167//1167 1870//1870
f 1223//1223 1868//1868 1869//1869
f 1868//1868 1166//1166 1869//1869
f 1222//1222 1867//1867 1868//1868
f 404//404 95//95 94//94
f 1867//1867 1165//1165 1868//1868
f 1221//1221 1866//1866 1867//1867
f 1866//1866 1164//1164 1867//1867
f 1220//1220 1865//1865 1866//1866
f 1865//1865 1163//1163 1866//1866
f 1219//1219 1851//1851 1865//1865
f 1851//1851 1162//1162 1865//1865
f 1217//1217 1862//1862 1863//1863
f 3608//3608 3141//3141 3510//3510
f 1216//1216 1861//1861 1862//1862
f 1861//1861 1158//1158 1862//1862
f 1215//1215 1860//1860 1861//1861
f 1860//1860 1157//1157 1861//1861
f 1214//1214 1859//1859 1860//1860
f 1859//1859 1156//1156 1860//1860
f 1213//1213 1858//1858 1859//1859
f 1858//1858 1155//1155 1859//1859
f 3130//3130 3044//3044 2076//2076
f 1212//1212 1857//1857 1858//1858
f 1857//1857 1154//1154 1858//1858
f 2975//2975 1528//1528 1918//1918
f 1211//1211 1856//1856 1857//1857
f 1856//1856 1153//1153 1857//1857
f 404//404 94//94 93//93
f 1210//1210 1855//1855 1856//1856
f 1855//1855 1152//1152 1856//1856
f 3063//3063 1632//1632 2869//2869
f 1209//1209 1854//1854 1855//1855
f 1854//1854 1151//1151 1855//1855
f 282//282 3570//3570 2050//2050
f 1208//1208 1853//1853 1854//1854
f 1853//1853 1150//1150 1854//1854
f 404//404 232//232 95//95
f 1207//1207 1852//1852 1853//1853
f 1852//1852 1149//1149 1853//1853
f 283//283 3569//3569 2049//2049
f 1206//1206 1850//1850 1852//1852
f 1850//1850 1148//1148 1852//1852
f 2035//2035 958//958 2153//2153
f 1233//1233 1849//1849 1851//1851
f 1849//1849 1177//1177 1851//1851
f 1085//1085 3568//3568 3528//3528
f 1232//1232 1848//1848 1850//1850
f 1848//1848 1176//1176 1850//1850
f 2036//2036 959//959 2154//2154
f 599//599 1317//1317 1842//1842
f 1283//1283 605//605 1924//1924
f 3147//3147 3568//3568 3146//3146
f 3568//3568 3147//3147 3528//3528
f 1842//1842 1317//1317 1257//1257
f 1282//1282 604//604 1925//1925
f 2562//2562 3122//3122 1345//1345
f 3608//3608 1071//1071 3140//3140
f 2561//2561 3121//3121 1344//1344
f 362//362 3567//3567 1090//1090
f 1317//1317 1397//1397 1257//1257
f 598//598 1316//1316 1843//1843
f 1092//1092 3567//3567 2046//2046
f 1843//1843 1316//1316 1256//1256
f 1316//1316 1396//1396 1256//1256
f 3567//3567 1092//1092 1090//1090
f 3057//3057 1620//1620 2859//2859
f 3060//3060 1626//1626 2865//2865
f 1319//1319 273//273 176//176
f 175//175 1319//1319 176//176
f 3567//3567 362//362 2046//2046
f 1318//1318 272//272 103//103
f 104//104 1318//1318 103//103
f 365//365 1299//1299 180//180
f 3566//3566 700//700 698//698
f 3566//3566 1766//1766 1768//1768
f 179//179 365//365 180//180
f 364//364 1298//1298 99//99
f 100//100 364//364 99//99
f 2176//2176 1685//1685 2278//2278
f 1245//1245 1065//1065 2320//2320
f 2176//2176 419//419 1685//1685
f 1244//1244 1064//1064 2319//2319
f 2175//2175 1684//1684 2277//2277
f 2175//2175 418//418 1684//1684
f 1376//1376 3607//3607 2729//2729
f 713//713 3565//3565 3531//3531
f 1185//1185 1331//1331 1139//1139
f 1331//1331 1325//1325 1139//1139
f 1249//1249 1331//1331 1185//1185
f 1779//1779 3565//3565 3526//3526
f 1184//1184 1330//1330 1138//1138
f 1330//1330 1324//1324 1138//1138
f 3129//3129 3021//3021 2053//2053
f 1248//1248 1330//1330 1184//1184
f 3565//3565 1779//1779 3531//3531
f 892//892 2448//2448 330//330
f 2353//2353 892//892 330//330
f 2448//2448 2007//2007 330//330
f 1633//1633 2928//2928 2870//2870
f 893//893 2447//2447 321//321
f 2354//2354 893//893 321//321
f 1621//1621 2922//2922 2860//2860
f 1627//1627 2925//2925 2866//2866
f 2428//2428 2110//2110 2816//2816
f 2110//2110 2246//2246 2816//2816
f 2110//2110 2428//2428 859//859
f 2414//2414 2096//2096 2803//2803
f 2096//2096 2232//2232 2803//2803
f 2096//2096 2414//2414 845//845
f 1123//1123 645//645 1921//1921
f 1122//1122 644//644 1920//1920
f 2427//2427 2109//2109 2815//2815
f 2109//2109 2245//2245 2815//2815
f 2109//2109 2427//2427 858//858
f 2413//2413 2095//2095 2802//2802
f 2095//2095 2231//2231 2802//2802
f 2095//2095 2413//2413 844//844
f 2426//2426 2108//2108 2814//2814
f 2108//2108 2244//2244 2814//2814
f 2108//2108 2426//2426 857//857
f 2425//2425 2107//2107 2813//2813
f 2107//2107 2243//2243 2813//2813
f 2107//2107 2425//2425 856//856
f 2424//2424 2106//2106 2812//2812
f 2106//2106 2242//2242 2812//2812
f 2106//2106 2424//2424 855//855
f 2423//2423 2105//2105 2811//2811
f 2105//2105 2241//2241 2811//2811
f 2105//2105 2423//2423 854//854
f 2422//2422 2104//2104 2810//2810
f 2104//2104 2240//2240 2810//2810
f 2104//2104 2422//2422 853//853
f 2421//2421 2103//2103 2809//2809
f 2103//2103 2239//2239 2809//2809
f 1791//1791 1763//1763 3126//3126
f 1193//1193 1763//1763 1791//1791
f 2447//2447 2008//2008 321//321
f 2103//2103 2421//2421 852//852
f 1790//1790 1762//1762 3125//3125
f 1192//1192 1762//1762 1790//1790
f 3565//3565 713//713 3526//3526
f 1389//1389 1123//1123 1921//1921
f 2420//2420 2102//2102 2808//2808
f 2102//2102 2238//2238 2808//2808
f 2102//2102 2420//2420 851//851
f 1388//1388 1122//1122 1920//1920
f 2419//2419 2101//2101 2807//2807
f 2101//2101 2237//2237 2807//2807
f 2101//2101 2419//2419 850//850
f 2418//2418 2100//2100 2806//2806
f 2100//2100 2236//2236 2806//2806
f 2100//2100 2418//2418 849//849
f 2417//2417 2099//2099 2805//2805
f 2099//2099 2235//2235 2805//2805
f 2099//2099 2417//2417 848//848
f 2416//2416 2098//2098 2804//2804
f 2098//2098 2234//2234 2804//2804
f 1351//1351 1239//1239 3018//3018
f 1350//1350 1238//1238 3017//3017
f 2098//2098 2416//2416 847//847
f 2412//2412 2094//2094 2801//2801
f 2580//2580 755//755 431//431
f 431//431 755//755 2490//2490
f 2094//2094 2230//2230 2801//2801
f 2094//2094 2412//2412 843//843
f 2579//2579 754//754 430//430
f 430//430 754//754 2489//2489
f 707//707 3564//3564 3530//3530
f 995//995 1543//1543 1349//1349
f 1773//1773 3564//3564 3527//3527
f 980//980 1542//1542 1348//1348
f 429//429 2486//2486 2504//2504
f 2411//2411 2093//2093 2800//2800
f 2276//2276 1259//1259 407//407
f 2504//2504 2486//2486 953//953
f 2275//2275 1258//1258 406//406
f 426//426 2485//2485 2503//2503
f 2093//2093 2229//2229 2800//2800
f 2503//2503 2485//2485 952//952
f 2093//2093 2411//2411 842//842
f 1449//1449 1609//1609 1495//1495
f 1495//1495 2632//2632 1449//1449
f 2410//2410 2092//2092 2799//2799
f 1448//1448 1608//1608 1494//1494
f 1494//1494 2631//2631 1448//1448
f 2092//2092 2228//2228 2799//2799
f 2092//2092 2410//2410 841//841
f 3564//3564 1773//1773 3530//3530
f 2409//2409 2091//2091 2798//2798
f 2091//2091 2227//2227 2798//2798
f 3564//3564 707//707 3527//3527
f 2091//2091 2409//2409 840//840
f 2408//2408 2090//2090 2797//2797
f 2090//2090 2226//2226 2797//2797
f 2090//2090 2408//2408 839//839
f 2407//2407 2089//2089 2796//2796
f 3563//3563 702//702 3544//3544
f 2089//2089 2225//2225 2796//2796
f 2337//2337 1109//1109 878//878
f 367//367 1281//1281 1395//1395
f 366//366 1280//1280 1394//1394
f 2089//2089 2407//2407 838//838
f 2406//2406 2088//2088 2795//2795
f 2088//2088 2224//2224 2795//2795
f 2088//2088 2406//2406 837//837
f 751//751 809//809 2984//2984
f 722//722 751//751 2984//2984
f 726//726 808//808 2983//2983
f 697//697 726//726 2983//2983
f 1351//1351 3018//3018 1387//1387
f 1387//1387 1003//1003 1351//1351
f 1350//1350 3017//3017 1386//1386
f 1386//1386 1002//1002 1350//1350
f 2405//2405 2087//2087 2794//2794
f 2087//2087 2223//2223 2794//2794
f 2087//2087 2405//2405 836//836
f 3563//3563 1770//1770 3536//3536
f 2404//2404 2086//2086 2793//2793
f 2086//2086 2222//2222 2793//2793
f 2086//2086 2404//2404 835//835
f 1770//1770 3563//3563 3544//3544
f 2351//2351 1119//1119 890//890
f 2403//2403 2085//2085 2792//2792
f 2085//2085 2221//2221 2792//2792
f 882//882 2443//2443 326//326
f 2085//2085 2403//2403 834//834
f 2402//2402 2084//2084 2791//2791
f 1651//1651 3110//3110 1841//1841
f 2084//2084 2220//2220 2791//2791
f 1841//1841 2584//2584 1651//1651
f 1650//1650 3109//3109 1840//1840
f 2084//2084 2402//2402 833//833
f 1840//1840 2583//2583 1650//1650
f 2415//2415 2097//2097 2818//2818
f 2097//2097 2233//2233 2818//2818
f 2097//2097 2415//2415 846//846
f 2401//2401 2083//2083 2817//2817
f 2083//2083 2219//2219 2817//2817
f 2083//2083 2401//2401 832//832
f 2342//2342 882//882 326//326
f 2443//2443 1994//1994 326//326
f 2336//2336 1108//1108 877//877
f 702//702 3563//3563 3536//3536
f 2344//2344 1112//1112 883//883
f 375//375 535//535 135//135
f 375//375 135//135 134//134
f 2334//2334 1106//1106 875//875
f 374//374 534//534 144//144
f 374//374 144//144 145//145
f 1995//1995 2443//2443 1111//1111
f 2343//2343 1111//1111 882//882
f 2443//2443 882//882 1111//1111
f 2335//2335 1107//1107 876//876
f 2345//2345 1113//1113 884//884
f 2333//2333 1105//1105 874//874
f 1723//1723 2970//2970 2844//2844
f 1722//1722 2969//2969 2843//2843
f 1529//1529 811//811 1919//1919
f 1528//1528 810//810 1918//1918
f 2580//2580 1539//1539 1972//1972
f 2347//2347 1115//1115 886//886
f 2331//2331 1103//1103 872//872
f 2579//2579 1538//1538 1971//1971
f 2346//2346 1114//1114 885//885
f 2332//2332 1104//1104 873//873
f 2348//2348 1116//1116 887//887
f 2330//2330 1102//1102 871//871
f 2349//2349 1117//1117 888//888
f 1982//1982 2442//2442 1101//1101
f 519//519 2488//2488 953//953
f 2504//2504 953//953 2488//2488
f 518//518 2487//2487 952//952
f 2503//2503 952//952 2487//2487
f 1072//1072 3562//3562 3516//3516
f 1327//1327 122//122 121//121
f 829//829 801//801 1681//1681
f 3161//3161 3562//3562 3160//3160
f 2329//2329 1101//1101 870//870
f 828//828 800//800 1680//1680
f 3164//3164 2564//2564 1653//1653
f 2564//2564 2004//2004 1653//1653
f 2442//2442 870//870 1101//1101
f 2350//2350 1118//1118 889//889
f 870//870 2442//2442 325//325
f 2328//2328 870//870 325//325
f 3160//3160 2568//2568 1657//1657
f 2568//2568 2001//2001 1657//1657
f 2442//2442 1981//1981 325//325
f 1993//1993 2444//2444 1110//1110
f 3158//3158 2570//2570 1661//1661
f 2570//2570 1999//1999 1661//1661
f 2341//2341 1110//1110 881//881
f 2444//2444 881//881 1110//1110
f 3156//3156 2572//2572 1665//1665
f 2572//2572 1997//1997 1665//1665
f 1980//1980 2441//2441 1100//1100
f 2327//2327 1100//1100 869//869
f 3154//3154 2574//2574 1669//1669
f 2574//2574 1995//1995 1669//1669
f 2441//2441 869//869 1100//1100
f 1297//1297 225//225 167//167
f 3152//3152 2576//2576 1673//1673
f 2576//2576 1993//1993 1673//1673
f 3163//3163 2577//2577 1674//1674
f 2577//2577 1991//1991 1674//1674
f 167//167 225//225 168//168
f 1296//1296 224//224 112//112
f 112//112 224//224 111//111
f 879//879 2445//2445 327//327
f 3148//3148 2573//2573 1670//1670
f 2573//2573 1988//1988 1670//1670
f 2338//2338 879//879 327//327
f 2445//2445 1991//1991 327//327
f 3146//3146 2571//2571 1666//1666
f 2571//2571 1986//1986 1666//1666
f 891//891 2440//2440 324//324
f 2352//2352 891//891 324//324
f 3144//3144 2569//2569 1662//1662
f 2569//2569 1984//1984 1662//1662
f 2440//2440 2004//2004 324//324
f 3562//3562 3161//3161 3516//3516
f 3142//3142 2567//2567 1658//1658
f 2567//2567 1982//1982 1658//1658
f 1075//1075 3637//3637 3553//3553
f 1300//1300 594//594 109//109
f 3140//3140 2565//2565 1654//1654
f 2565//2565 1980//1980 1654//1654
f 376//376 3561//3561 1203//1203
f 1278//1278 3561//3561 149//149
f 3561//3561 1278//1278 1203//1203
f 3561//3561 376//376 149//149
f 377//377 3560//3560 1202//1202
f 2008//2008 527//527 1653//1653
f 1300//1300 109//109 108//108
f 1326//1326 157//157 158//158
f 1279//1279 3560//3560 130//130
f 3560//3560 1279//1279 1202//1202
f 3560//3560 377//377 130//130
f 2007//2007 526//526 1674//1674
f 1127//1127 647//647 1911//1911
f 1126//1126 646//646 1910//1910
f 1301//1301 595//595 170//170
f 1301//1301 170//170 171//171
f 2840//2840 691//691 2394//2394
f 2839//2839 690//690 2393//2393
f 1299//1299 3349//3349 181//181
f 3559//3559 1925//1925 604//604
f 829//829 3559//3559 604//604
f 1281//1281 541//541 397//397
f 180//180 1299//1299 181//181
f 275//275 397//397 541//541
f 1280//1280 540//540 396//396
f 274//274 396//396 540//540
f 721//721 749//749 3010//3010
f 749//749 2629//2629 3010//3010
f 718//718 748//748 3007//3007
f 748//748 2628//2628 3007//3007
f 719//719 747//747 3008//3008
f 747//747 2627//2627 3008//3008
f 716//716 746//746 3005//3005
f 746//746 2626//2626 3005//3005
f 715//715 745//745 3004//3004
f 745//745 2625//2625 3004//3004
f 712//712 744//744 3001//3001
f 744//744 2624//2624 3001//3001
f 717//717 743//743 3006//3006
f 743//743 2623//2623 3006//3006
f 714//714 742//742 3003//3003
f 742//742 2622//2622 3003//3003
f 713//713 741//741 3002//3002
f 741//741 2621//2621 3002//3002
f 710//710 740//740 2999//2999
f 740//740 2620//2620 2999//2999
f 709//709 739//739 2998//2998
f 739//739 2619//2619 2998//2998
f 706//706 738//738 2995//2995
f 738//738 2618//2618 2995//2995
f 711//711 737//737 3000//3000
f 737//737 2617//2617 3000//3000
f 708//708 736//736 2997//2997
f 736//736 2616//2616 2997//2997
f 707//707 735//735 2996//2996
f 735//735 2615//2615 2996//2996
f 704//704 734//734 2993//2993
f 734//734 2614//2614 2993//2993
f 705//705 733//733 2994//2994
f 733//733 2613//2613 2994//2994
f 702//702 732//732 2991//2991
f 732//732 2612//2612 2991//2991
f 703//703 731//731 2992//2992
f 1298//1298 3348//3348 98//98
f 731//731 2611//2611 2992//2992
f 99//99 1298//1298 98//98
f 700//700 730//730 2989//2989
f 730//730 2610//2610 2989//2989
f 701//701 729//729 2990//2990
f 729//729 2609//2609 2990//2990
f 698//698 728//728 2987//2987
f 728//728 2608//2608 2987//2987
f 720//720 750//750 3009//3009
f 750//750 2630//2630 3009//3009
f 699//699 727//727 2988//2988
f 727//727 2607//2607 2988//2988
f 3558//3558 1924//1924 605//605
f 828//828 3558//3558 605//605
f 341//341 3557//3557 343//343
f 1071//1071 3557//3557 1069//1069
f 2114//2114 1337//1337 815//815
f 815//815 2780//2780 2114//2114
f 815//815 1337//1337 1261//1261
f 2113//2113 1336//1336 814//814
f 814//814 2779//2779 2113//2113
f 814//814 1336//1336 1260//1260
f 1279//1279 1277//1277 1202//1202
f 1278//1278 1276//1276 1203//1203
f 2543//2543 1592//1592 305//305
f 2530//2530 1579//1579 292//292
f 1617//1617 2920//2920 2854//2854
f 1361//1361 1139//1139 1325//1325
f 1725//1725 2708//2708 1295//1295
f 1725//1725 1295//1295 373//373
f 1325//1325 1315//1315 1361//1361
f 2708//2708 1321//1321 1295//1295
f 1724//1724 2707//2707 1294//1294
f 1724//1724 1294//1294 372//372
f 1360//1360 1138//1138 1324//1324
f 1324//1324 1314//1314 1360//1360
f 2707//2707 1320//1320 1294//1294
f 1099//1099 2450//2450 897//897
f 1098//1098 2449//2449 896//896
f 3557//3557 1071//1071 343//343
f 3557//3557 341//341 1069//1069
f 3556//3556 719//719 721//721
f 3556//3556 1787//1787 1785//1785
f 2728//2728 3607//3607 1380//1380
f 3555//3555 278//278 1291//1291
f 3555//3555 1326//1326 158//158
f 1326//1326 3555//3555 1291//1291
f 827//827 753//753 2396//2396
f 1905//1905 1904//1904 2385//2385
f 826//826 752//752 2395//2395
f 679//679 3166//3166 469//469
f 1905//1905 2385//2385 675//675
f 225//225 1303//1303 168//168
f 678//678 3165//3165 468//468
f 224//224 1302//1302 111//111
f 278//278 3555//3555 158//158
f 3554//3554 279//279 1290//1290
f 3554//3554 1327//1327 121//121
f 1327//1327 3554//3554 1290//1290
f 182//182 3080//3080 183//183
f 279//279 3554//3554 121//121
f 97//97 3079//3079 96//96
f 2362//2362 1131//1131 1130//1130
f 1075//1075 3553//3553 3509//3509
f 677//677 3168//3168 467//467
f 2362//2362 1130//1130 651//651
f 3242//3242 693//693 3080//3080
f 676//676 3167//3167 466//466
f 465//465 3170//3170 464//464
f 2498//2498 3242//3242 3080//3080
f 2375//2375 1133//1133 1132//1132
f 450//450 3169//3169 449//449
f 3241//3241 692//692 3079//3079
f 2375//2375 1132//1132 664//664
f 1885//1885 1884//1884 2364//2364
f 2497//2497 3241//3241 3079//3079
f 649//649 3172//3172 452//452
f 1885//1885 2364//2364 654//654
f 3143//3143 3553//3553 3142//3142
f 648//648 3171//3171 437//437
f 1897//1897 1896//1896 2377//2377
f 3553//3553 3143//3143 3509//3509
f 674//674 3196//3196 464//464
f 463//463 3195//3195 462//462
f 1343//1343 369//369 1313//1313
f 1897//1897 2377//2377 667//667
f 1887//1887 1886//1886 2366//2366
f 559//559 1343//1343 1313//1313
f 672//672 3194//3194 462//462
f 461//461 3193//3193 460//460
f 369//369 1397//1397 1313//1313
f 1887//1887 2366//2366 656//656
f 1899//1899 1898//1898 2379//2379
f 1342//1342 368//368 1312//1312
f 670//670 3192//3192 460//460
f 459//459 3191//3191 458//458
f 558//558 1342//1342 1312//1312
f 1899//1899 2379//2379 669//669
f 1889//1889 1888//1888 2368//2368
f 368//368 1396//1396 1312//1312
f 668//668 3190//3190 458//458
f 457//457 3189//3189 456//456
f 3142//3142 3637//3637 3510//3510
f 1889//1889 2368//2368 658//658
f 1891//1891 1890//1890 2370//2370
f 3552//3552 1765//1765 1762//1762
f 666//666 3188//3188 456//456
f 455//455 3187//3187 454//454
f 229//229 537//537 170//170
f 1891//1891 2370//2370 660//660
f 1901//1901 1900//1900 2381//2381
f 170//170 537//537 171//171
f 664//664 3186//3186 454//454
f 1901//1901 2381//2381 671//671
f 697//697 3552//3552 1762//1762
f 1903//1903 1902//1902 2383//2383
f 1903//1903 2383//2383 673//673
f 3551//3551 351//351 349//349
f 661//661 3184//3184 449//449
f 228//228 536//536 109//109
f 109//109 536//536 108//108
f 448//448 3183//3183 447//447
f 1303//1303 1331//1331 229//229
f 3551//3551 1077//1077 1081//1081
f 1077//1077 3551//3551 349//349
f 2497//2497 97//97 3348//3348
f 3348//3348 97//97 98//98
f 1302//1302 1330//1330 228//228
f 659//659 3182//3182 447//447
f 446//446 3181//3181 445//445
f 351//351 3551//3551 1081//1081
f 2498//2498 182//182 3349//3349
f 3349//3349 182//182 181//181
f 3550//3550 1788//1788 1763//1763
f 657//657 3180//3180 445//445
f 444//444 3179//3179 443//443
f 172//172 597//597 173//173
f 89//89 2969//2969 3327//3327
f 89//89 3327//3327 88//88
f 597//597 633//633 173//173
f 655//655 3178//3178 443//443
f 442//442 3177//3177 441//441
f 722//722 3550//3550 1763//1763
f 6//6 2970//2970 3328//3328
f 6//6 3328//3328 7//7
f 107//107 596//596 106//106
f 653//653 3176//3176 441//441
f 440//440 3175//3175 439//439
f 596//596 631//631 106//106
f 73//73 2935//2935 3293//3293
f 73//73 3293//3293 72//72
f 3549//3549 2173//2173 2392//2392
f 651//651 3174//3174 439//439
f 22//22 2936//2936 3294//3294
f 3549//3549 2437//2437 323//323
f 22//22 3294//3294 23//23
f 2437//2437 3549//3549 2392//2392
f 2173//2173 3549//3549 323//323
f 3548//3548 2174//2174 2391//2391
f 3548//3548 2438//2438 328//328
f 1619//1619 2921//2921 2856//2856
f 2438//2438 3548//3548 2391//2391
f 1293//1293 129//129 128//128
f 591//591 428//428 1964//1964
f 591//591 2528//2528 428//428
f 1292//1292 150//150 151//151
f 578//578 425//425 1951//1951
f 578//578 2516//2516 425//425
f 1533//1533 1147//1147 2980//2980
f 1147//1147 1845//1845 2980//2980
f 1532//1532 1146//1146 2979//2979
f 1146//1146 1844//1844 2979//2979
f 1970//1970 1181//1181 1537//1537
f 2174//2174 3548//3548 328//328
f 3547//3547 1385//1385 2165//2165
f 1969//1969 1180//1180 1536//1536
f 1385//1385 3523//3523 2723//2723
f 2722//2722 3523//3523 1383//1383
f 3523//3523 2722//2722 2723//2723
f 3523//3523 1385//1385 1383//1383
f 3522//3522 817//817 1391//1391
f 3522//3522 2746//2746 477//477
f 2746//2746 3522//3522 1391//1391
f 817//817 3522//3522 477//477
f 563//563 381//381 146//146
f 146//146 381//381 147//147
f 3521//3521 816//816 1390//1390
f 3521//3521 2745//2745 476//476
f 900//900 1687//1687 2782//2782
f 900//900 1842//1842 1687//1687
f 901//901 1686//1686 2781//2781
f 901//901 1843//1843 1686//1686
f 562//562 380//380 133//133
f 133//133 380//380 132//132
f 159//159 603//603 160//160
f 387//387 603//603 159//159
f 120//120 602//602 119//119
f 386//386 602//602 120//120
f 2745//2745 3521//3521 1390//1390
f 1631//1631 2927//2927 2868//2868
f 816//816 3521//3521 476//476
f 3520//3520 2136//2136 3508//3508
f 1625//1625 2924//2924 2862//2862
f 3520//3520 2897//2897 2135//2135
f 2553//2553 1602//1602 315//315
f 2552//2552 1601//1601 314//314
f 2551//2551 1600//1600 313//313
f 2550//2550 1599//1599 312//312
f 2549//2549 1598//1598 311//311
f 2548//2548 1597//1597 310//310
f 2547//2547 1596//1596 309//309
f 2546//2546 1595//1595 308//308
f 2545//2545 1594//1594 307//307
f 2544//2544 1593//1593 306//306
f 2540//2540 1589//1589 302//302
f 2897//2897 3520//3520 3508//3508
f 2539//2539 1588//1588 301//301
f 2136//2136 3520//3520 2135//2135
f 1309//1309 277//277 1323//1323
f 2538//2538 1587//1587 300//300
f 2537//2537 1586//1586 299//299
f 2536//2536 1585//1585 298//298
f 1308//1308 276//276 1322//1322
f 2535//2535 1584//1584 297//297
f 2534//2534 1583//1583 296//296
f 2533//2533 1582//1582 295//295
f 2532//2532 1581//1581 294//294
f 2531//2531 1580//1580 293//293
f 3547//3547 2764//2764 2763//2763
f 2764//2764 3547//3547 2165//2165
f 3519//3519 2123//2123 3507//3507
f 3519//3519 2884//2884 2122//2122
f 335//335 629//629 531//531
f 334//334 628//628 530//530
f 2884//2884 3519//3519 3507//3507
f 2123//2123 3519//3519 2122//2122
f 1307//1307 557//557 127//127
f 1306//1306 556//556 152//152
f 221//221 3052//3052 2876//2876
f 154//154 1313//1313 155//155
f 1313//1313 1397//1397 155//155
f 218//218 3051//3051 2875//2875
f 1385//1385 3547//3547 2763//2763
f 3544//3544 702//702 700//700
f 3544//3544 1768//1768 1770//1770
f 3543//3543 699//699 701//701
f 3518//3518 1179//1179 1183//1183
f 3518//3518 1881//1881 1879//1879
f 125//125 1312//1312 124//124
f 1312//1312 1396//1396 124//124
f 1881//1881 3518//3518 1183//1183
f 1179//1179 3518//3518 1879//1879
f 3056//3056 1618//1618 2855//2855
f 3517//3517 1178//1178 1182//1182
f 3517//3517 1880//1880 1878//1878
f 1880//1880 3517//3517 1182//1182
f 595//595 3398//3398 169//169
f 361//361 2310//2310 1934//1934
f 595//595 169//169 170//170
f 1178//1178 3517//3517 1878//1878
f 3543//3543 1767//1767 1765//1765
f 594//594 3397//3397 110//110
f 594//594 110//110 109//109
f 357//357 2304//2304 1933//1933
f 3516//3516 1070//1070 1072//1072
f 3542//3542 709//709 711//711
f 3607//3607 2728//2728 2729//2729
f 349//349 2300//2300 1932//1932
f 1612//1612 2917//2917 2847//2847
f 3515//3515 1089//1089 1087//1087
f 3055//3055 1616//1616 2853//2853
f 1384//1384 2766//2766 2167//2167
f 2724//2724 3649//3649 2738//2738
f 345//345 2294//2294 1931//1931
f 1363//1363 2752//2752 2164//2164
f 3607//3607 1376//1376 1380//1380
f 340//340 2291//2291 1930//1930
f 3058//3058 1624//1624 2861//2861
f 3061//3061 1630//1630 2867//2867
f 3514//3514 251//251 1001//1001
f 3514//3514 1573//1573 997//997
f 1573//1573 3514//3514 1001//1001
f 251//251 3514//3514 997//997
f 3513//3513 235//235 1000//1000
f 3513//3513 1572//1572 996//996
f 1615//1615 2919//2919 2852//2852
f 1572//1572 3513//3513 1000//1000
f 2919//2919 204//204 2852//2852
f 235//235 3513//3513 996//996
f 3358//3358 2848//2848 2918//2918
f 2828//2828 401//401 2670//2670
f 5//5 2828//2828 2670//2670
f 2826//2826 399//399 2669//2669
f 90//90 2826//2826 2669//2669
f 1635//1635 2918//2918 2848//2848
f 214//214 3358//3358 2918//2918
f 1629//1629 2926//2926 2864//2864
f 2926//2926 210//210 2864//2864
f 1623//1623 2923//2923 2858//2858
f 2923//2923 207//207 2858//2858
f 3542//3542 1775//1775 1777//1777
f 1372//1372 3606//3606 2730//2730
f 3541//3541 715//715 717//717
f 2252//2252 2112//2112 2248//2248
f 3512//3512 1081//1081 1077//1077
f 2251//2251 2111//2111 2247//2247
f 525//525 3112//3112 2154//2154
f 524//524 3111//3111 2153//2153
f 3511//3511 1362//1362 2168//2168
f 3511//3511 2778//2778 2777//2777
f 2778//2778 3511//3511 2168//2168
f 156//156 1317//1317 157//157
f 1362//1362 3511//3511 2777//2777
f 123//123 1316//1316 122//122
f 3541//3541 1781//1781 1783//1783
f 3540//3540 710//710 708//708
f 3540//3540 1774//1774 1778//1778
f 557//557 128//128 127//127
f 557//557 1293//1293 128//128
f 556//556 151//151 152//152
f 556//556 1292//1292 151//151
f 549//549 1287//1287 1354//1354
f 1328//1328 1354//1354 1287//1287
f 548//548 1286//1286 1355//1355
f 1329//1329 1355//1355 1286//1286
f 2729//2729 3606//3606 1376//1376
f 3510//3510 1073//1073 1071//1071
f 3539//3539 716//716 714//714
f 3539//3539 1780//1780 1784//1784
f 3538//3538 701//701 703//703
f 3538//3538 1769//1769 1767//1767
f 3537//3537 720//720 718//718
f 3537//3537 1786//1786 1788//1788
f 3536//3536 704//704 702//702
f 3536//3536 1770//1770 1772//1772
f 3535//3535 718//718 716//716
f 3535//3535 1784//1784 1786//1786
f 3534//3534 703//703 705//705
f 3534//3534 1771//1771 1769//1769
f 3533//3533 712//712 710//710
f 3509//3509 1079//1079 1075//1075
f 3508//3508 2898//2898 2897//2897
f 3507//3507 2885//2885 2884//2884
f 3533//3533 1778//1778 1782//1782
f 1235//1235 3506//3506 511//511
f 3532//3532 706//706 704//704
f 3126//3126 1763//1763 2052//2052
f 3125//3125 1762//1762 2051//2051
f 813//813 1335//1335 3082//3082
f 3082//3082 477//477 813//813
f 812//812 1334//1334 3081//3081
f 3081//3081 476//476 812//812
f 867//867 1651//1651 2584//2584
f 866//866 1650//1650 2583//2583
f 2254//2254 1339//1339 3082//3082
f 1339//1339 817//817 3082//3082
f 817//817 477//477 3082//3082
f 2253//2253 1338//1338 3081//3081
f 1338//1338 816//816 3081//3081
f 816//816 476//476 3081//3081
f 1543//1543 3506//3506 1349//1349
f 227//227 373//373 626//626
f 3506//3506 1543//1543 511//511
f 3506//3506 1235//1235 1349//1349
f 373//373 1295//1295 626//626
f 226//226 372//372 627//627
f 1234//1234 3505//3505 497//497
f 1542//1542 3505//3505 1348//1348
f 372//372 1294//1294 627//627
f 3505//3505 1542//1542 497//497
f 3505//3505 1234//1234 1348//1348
f 1643//1643 2324//2324 1757//1757
f 1642//1642 2323//2323 1756//1756
f 3504//3504 2165//2165 1385//1385
f 3504//3504 2723//2723 1332//1332
f 2723//2723 3504//3504 1385//1385
f 2165//2165 3504//3504 1332//1332
f 3503//3503 2168//2168 1362//1362
f 3503//3503 2736//2736 1333//1333
f 2736//2736 3503//3503 1362//1362
f 2168//2168 3503//3503 1333//1333
f 3502//3502 643//643 409//409
f 1271//1271 3502//3502 409//409
f 1761//1761 3020//3020 695//695
f 3501//3501 642//642 408//408
f 1270//1270 3501//3501 408//408
f 2148//2148 643//643 2038//2038
f 2896//2896 3500//3500 287//287
f 3500//3500 2190//2190 287//287
f 2147//2147 642//642 2037//2037
f 2502//2502 2664//2664 2456//2456
f 1760//1760 3019//3019 694//694
f 3532//3532 1772//1772 1776//1776
f 2501//2501 2663//2663 2455//2455
f 2517//2517 2660//2660 2472//2472
f 2505//2505 2659//2659 2459//2459
f 287//287 2190//2190 2204//2204
f 284//284 2177//2177 2203//2203
f 3053//3053 1614//1614 2851//2851
f 3062//3062 1628//1628 2863//2863
f 2630//2630 750//750 2984//2984
f 750//750 722//722 2984//2984
f 2607//2607 727//727 2983//2983
f 727//727 697//697 2983//2983
f 3059//3059 1622//1622 2857//2857
f 2883//2883 3499//3499 284//284
f 3499//3499 2177//2177 284//284
f 1713//1713 3498//3498 1714//1714
f 74//74 2937//2937 3297//3297
f 329//329 3353//3353 959//959
f 3531//3531 711//711 713//713
f 3531//3531 1779//1779 1775//1775
f 3530//3530 705//705 707//707
f 3530//3530 1773//1773 1771//1771
f 2629//2629 749//749 3008//3008
f 749//749 719//719 3008//3008
f 2628//2628 748//748 3009//3009
f 748//748 720//720 3009//3009
f 2627//2627 747//747 3006//3006
f 747//747 717//717 3006//3006
f 2626//2626 746//746 3007//3007
f 746//746 718//718 3007//3007
f 2625//2625 745//745 3002//3002
f 3498//3498 2959//2959 1714//1714
f 745//745 713//713 3002//3002
f 3498//3498 1713//1713 2958//2958
f 2624//2624 744//744 3003//3003
f 744//744 714//714 3003//3003
f 2623//2623 743//743 3004//3004
f 743//743 715//715 3004//3004
f 2622//2622 742//742 3005//3005
f 742//742 716//716 3005//3005
f 2621//2621 741//741 3000//3000
f 741//741 711//711 3000//3000
f 2620//2620 740//740 3001//3001
f 740//740 712//712 3001//3001
f 2619//2619 739//739 2996//2996
f 739//739 707//707 2996//2996
f 2618//2618 738//738 2997//2997
f 738//738 708//708 2997//2997
f 2617//2617 737//737 2998//2998
f 737//737 709//709 2998//2998
f 2616//2616 736//736 2999//2999
f 736//736 710//710 2999//2999
f 2615//2615 735//735 2994//2994
f 623//623 114//114 113//113
f 735//735 705//705 2994//2994
f 165//165 622//622 166//166
f 2614//2614 734//734 2995//2995
f 621//621 165//165 166//166
f 734//734 706//706 2995//2995
f 114//114 620//620 113//113
f 2613//2613 733//733 2992//2992
f 733//733 703//703 2992//2992
f 2612//2612 732//732 2993//2993
f 732//732 704//704 2993//2993
f 2611//2611 731//731 2990//2990
f 731//731 701//701 2990//2990
f 2610//2610 730//730 2991//2991
f 730//730 702//702 2991//2991
f 2609//2609 729//729 2988//2988
f 729//729 699//699 2988//2988
f 2608//2608 728//728 2989//2989
f 728//728 700//700 2989//2989
f 322//322 3352//3352 958//958
f 1020//1020 2698//2698 1835//1835
f 1006//1006 2697//2697 1834//1834
f 3606//3606 2729//2729 2730//2730
f 2046//2046 2314//2314 1929//1929
f 2314//2314 2046//2046 1063//1063
f 2045//2045 2287//2287 1928//1928
f 2287//2287 2045//2045 1036//1036
f 3606//3606 1372//1372 1376//1376
f 1700//1700 3497//3497 1701//1701
f 74//74 3297//3297 73//73
f 362//362 2311//2311 1061//1061
f 3497//3497 2946//2946 1701//1701
f 3497//3497 1700//1700 2945//2945
f 1715//1715 3496//3496 1716//1716
f 21//21 2950//2950 3298//3298
f 3496//3496 2961//2961 1716//1716
f 3496//3496 1715//1715 2960//2960
f 1702//1702 3495//3495 1703//1703
f 21//21 3298//3298 22//22
f 3495//3495 2948//2948 1703//1703
f 3495//3495 1702//1702 2947//2947
f 1711//1711 3494//3494 1712//1712
f 361//361 2312//2312 1060//1060
f 270//270 612//612 631//631
f 2390//2390 1913//1913 1125//1125
f 679//679 2390//2390 1125//1125
f 360//360 2309//2309 1059//1059
f 1934//1934 2310//2310 359//359
f 1089//1089 1934//1934 359//359
f 2389//2389 1912//1912 1124//1124
f 359//359 2310//2310 1058//1058
f 678//678 2389//2389 1124//1124
f 1641//1641 3074//3074 3132//3132
f 1640//1640 3073//3073 3131//3131
f 358//358 2305//2305 1057//1057
f 3494//3494 2957//2957 1712//1712
f 3494//3494 1711//1711 2956//2956
f 1280//1280 396//396 1394//1394
f 357//357 2308//2308 1056//1056
f 1698//1698 3493//3493 1699//1699
f 3529//3529 717//717 719//719
f 1394//1394 396//396 99//99
f 1394//1394 99//99 98//98
f 1281//1281 397//397 1395//1395
f 270//270 631//631 596//596
f 356//356 2307//2307 1055//1055
f 3529//3529 1785//1785 1781//1781
f 1933//1933 2304//2304 355//355
f 1083//1083 1933//1933 355//355
f 1395//1395 397//397 180//180
f 1395//1395 180//180 181//181
f 355//355 2304//2304 1054//1054
f 3242//3242 2498//2498 2976//2976
f 3241//3241 2497//2497 2975//2975
f 3493//3493 2944//2944 1699//1699
f 3493//3493 1698//1698 2943//2943
f 354//354 2303//2303 1053//1053
f 1709//1709 3492//3492 1710//1710
f 271//271 613//613 633//633
f 3492//3492 2955//2955 1710//1710
f 353//353 2306//2306 1052//1052
f 3492//3492 1709//1709 2954//2954
f 1696//1696 3491//3491 1697//1697
f 271//271 633//633 597//597
f 352//352 2299//2299 1051//1051
f 3665//3665 3061//3061 3063//3063
f 3527//3527 707//707 709//709
f 3491//3491 2942//2942 1697//1697
f 351//351 2302//2302 1050//1050
f 3491//3491 1696//1696 2941//2941
f 1707//1707 3490//3490 1708//1708
f 3437//3437 2783//2783 434//434
f 3490//3490 2953//2953 1708//1708
f 350//350 2301//2301 1049//1049
f 3490//3490 1707//1707 2952//2952
f 1694//1694 3489//3489 1695//1695
f 3437//3437 434//434 2049//2049
f 3489//3489 2940//2940 1695//1695
f 349//349 2298//2298 1048//1048
f 3489//3489 1694//1694 2939//2939
f 1293//1293 1279//1279 129//129
f 3527//3527 1777//1777 1773//1773
f 348//348 2297//2297 1047//1047
f 1932//1932 2300//2300 347//347
f 1079//1079 1932//1932 347//347
f 1279//1279 130//130 129//129
f 347//347 2300//2300 1046//1046
f 1292//1292 1278//1278 150//150
f 3526//3526 713//713 715//715
f 1278//1278 149//149 150//150
f 346//346 2295//2295 1045//1045
f 3526//3526 1783//1783 1779//1779
f 385//385 2784//2784 405//405
f 1717//1717 3488//3488 1719//1719
f 345//345 2296//2296 1044//1044
f 3525//3525 714//714 712//712
f 384//384 2783//2783 404//404
f 3438//3438 2784//2784 435//435
f 344//344 2293//2293 1043//1043
f 1931//1931 2294//2294 343//343
f 1073//1073 1931//1931 343//343
f 3525//3525 1782//1782 1780//1780
f 343//343 2294//2294 1042//1042
f 1930//1930 2291//2291 342//342
f 1070//1070 1930//1930 342//342
f 3524//3524 708//708 706//706
f 342//342 2291//2291 1041//1041
f 3488//3488 2964//2964 1719//1719
f 3488//3488 1717//1717 2962//2962
f 1704//1704 3487//3487 1718//1718
f 341//341 2292//2292 1040//1040
f 3438//3438 435//435 2050//2050
f 3524//3524 1776//1776 1774//1774
f 173//173 633//633 174//174
f 340//340 2289//2289 1039//1039
f 1988//1988 2573//2573 1668//1668
f 106//106 631//631 105//105
f 3487//3487 2963//2963 1718//1718
f 339//339 2290//2290 1038//1038
f 3487//3487 1704//1704 2949//2949
f 1990//1990 2575//2575 1672//1672
f 1992//1992 2578//2578 1675//1675
f 2008//2008 2447//2447 1676//1676
f 1392//1392 177//177 178//178
f 551//551 1326//1326 1291//1291
f 550//550 1327//1327 1290//1290
f 166//166 1297//1297 167//167
f 1451//1451 1611//1611 1497//1497
f 1450//1450 1610//1610 1496//1496
f 2007//2007 2448//2448 1677//1677
f 1393//1393 102//102 101//101
f 1986//1986 2571//2571 1664//1664
f 622//622 1297//1297 166//166
f 1005//1005 2700//2700 1833//1833
f 1004//1004 2699//2699 1819//1819
f 1995//1995 2574//2574 1671//1671
f 145//145 563//563 146//146
f 113//113 1296//1296 112//112
f 134//134 562//562 133//133
f 1705//1705 3486//3486 1706//1706
f 620//620 1296//1296 113//113
f 3313//3313 2939//2939 3469//3469
f 3486//3486 2951//2951 1706//1706
f 3486//3486 1705//1705 2950//2950
f 634//634 630//630 105//105
f 630//630 106//106 105//105
f 635//635 632//632 174//174
f 632//632 173//173 174//174
f 1692//1692 3485//3485 1693//1693
f 533//533 595//595 2358//2358
f 3313//3313 3469//3469 2938//2938
f 807//807 1651//1651 2594//2594
f 3110//3110 1651//1651 807//807
f 532//532 594//594 2357//2357
f 2220//2220 2084//2084 2792//2792
f 2221//2221 2085//2085 2793//2793
f 2222//2222 2086//2086 2794//2794
f 807//807 999//999 3110//3110
f 806//806 1650//1650 2593//2593
f 3109//3109 1650//1650 806//806
f 806//806 998//998 3109//3109
f 2223//2223 2087//2087 2795//2795
f 3485//3485 2938//2938 1693//1693
f 2154//2154 3238//3238 2150//2150
f 3485//3485 1692//1692 2937//2937
f 2900//2900 3484//3484 3448//3448
f 2153//2153 3237//3237 2149//2149
f 3484//3484 2138//2138 3448//3448
f 2887//2887 3483//3483 3447//3447
f 1997//1997 2572//2572 1667//1667
f 3483//3483 2125//2125 3447//3447
f 2224//2224 2088//2088 2796//2796
f 2140//2140 3482//3482 3460//3460
f 2656//2656 1602//1602 2553//2553
f 2902//2902 3482//3482 3446//3446
f 2655//2655 1601//1601 2552//2552
f 3482//3482 2902//2902 3460//3460
f 2654//2654 1600//1600 2551//2551
f 3482//3482 2140//2140 3446//3446
f 2653//2653 1599//1599 2550//2550
f 396//396 100//100 99//99
f 2652//2652 1598//1598 2549//2549
f 397//397 179//179 180//180
f 2651//2651 1597//1597 2548//2548
f 2127//2127 3481//3481 3459//3459
f 2650//2650 1596//1596 2547//2547
f 2889//2889 3481//3481 3445//3445
f 2649//2649 1595//1595 2546//2546
f 3481//3481 2889//2889 3459//3459
f 2648//2648 1594//1594 2545//2545
f 3481//3481 2127//2127 3445//3445
f 2647//2647 1593//1593 2544//2544
f 625//625 3240//3240 125//125
f 2225//2225 2089//2089 2797//2797
f 3240//3240 126//126 125//125
f 624//624 3239//3239 154//154
f 1984//1984 2569//2569 1660//1660
f 2660//2660 1591//1591 2542//2542
f 3239//3239 153//153 154//154
f 2788//2788 132//132 131//131
f 2226//2226 2090//2090 2798//2798
f 2227//2227 2091//2091 2799//2799
f 2787//2787 147//147 148//148
f 2228//2228 2092//2092 2800//2800
f 2229//2229 2093//2093 2801//2801
f 2643//2643 1589//1589 2540//2540
f 2230//2230 2094//2094 2802//2802
f 2642//2642 1588//1588 2539//2539
f 2234//2234 2098//2098 2805//2805
f 2641//2641 1587//1587 2538//2538
f 1329//1329 279//279 120//120
f 2640//2640 1586//1586 2537//2537
f 279//279 121//121 120//120
f 2639//2639 1585//1585 2536//2536
f 1328//1328 278//278 159//159
f 2638//2638 1584//1584 2535//2535
f 278//278 158//158 159//159
f 2637//2637 1583//1583 2534//2534
f 2235//2235 2099//2099 2806//2806
f 2636//2636 1582//1582 2533//2533
f 2236//2236 2100//2100 2807//2807
f 2635//2635 1581//1581 2532//2532
f 3048//3048 685//685 1799//1799
f 2634//2634 1580//1580 2531//2531
f 1714//1714 3480//3480 1715//1715
f 3314//3314 2941//2941 3471//3471
f 539//539 387//387 599//599
f 2659//2659 1578//1578 2529//2529
f 3047//3047 684//684 1798//1798
f 603//603 387//387 539//539
f 2237//2237 2101//2101 2808//2808
f 538//538 386//386 598//598
f 602//602 386//386 538//538
f 2238//2238 2102//2102 2809//2809
f 3480//3480 2960//2960 1715//1715
f 3480//3480 1714//1714 2959//2959
f 1701//1701 3479//3479 1702//1702
f 753//753 419//419 2396//2396
f 752//752 418//418 2395//2395
f 3314//3314 3471//3471 2940//2940
f 3479//3479 2947//2947 1702//1702
f 3479//3479 1701//1701 2946//2946
f 1712//1712 3478//3478 1713//1713
f 3315//3315 2943//2943 3475//3475
f 2239//2239 2103//2103 2810//2810
f 541//541 1269//1269 275//275
f 1639//1639 897//897 1399//1399
f 1803//1803 1399//1399 1923//1923
f 540//540 1268//1268 274//274
f 1399//1399 897//897 1923//1923
f 1638//1638 896//896 1398//1398
f 1802//1802 1398//1398 1922//1922
f 1398//1398 896//896 1922//1922
f 1033//1033 2696//2696 1832//1832
f 1019//1019 2683//2683 1818//1818
f 3478//3478 2958//2958 1713//1713
f 2240//2240 2104//2104 2811//2811
f 3478//3478 1712//1712 2957//2957
f 1699//1699 3477//3477 1700//1700
f 1032//1032 2695//2695 1831//1831
f 1031//1031 2694//2694 1830//1830
f 3315//3315 3475//3475 2942//2942
f 3477//3477 2945//2945 1700//1700
f 1030//1030 2693//2693 1829//1829
f 1029//1029 2692//2692 1828//1828
f 1028//1028 2691//2691 1827//1827
f 1027//1027 2690//2690 1826//1826
f 1026//1026 2689//2689 1825//1825
f 1025//1025 2688//2688 1824//1824
f 1024//1024 2687//2687 1823//1823
f 2832//2832 329//329 895//895
f 1023//1023 2686//2686 1822//1822
f 2831//2831 322//322 894//894
f 1022//1022 2685//2685 1821//1821
f 1021//1021 2684//2684 1820//1820
f 1018//1018 2682//2682 1817//1817
f 1017//1017 2681//2681 1816//1816
f 1016//1016 2680//2680 1815//1815
f 1015//1015 2679//2679 1814//1814
f 1014//1014 2678//2678 1813//1813
f 1013//1013 2677//2677 1812//1812
f 1012//1012 2676//2676 1811//1811
f 1011//1011 2675//2675 1810//1810
f 1010//1010 2674//2674 1809//1809
f 1009//1009 2673//2673 1808//1808
f 1008//1008 2672//2672 1807//1807
f 1007//1007 2671//2671 1806//1806
f 3477//3477 1699//1699 2944//2944
f 1710//1710 3476//3476 1711//1711
f 499//499 3434//3434 1557//1557
f 2241//2241 2105//2105 2812//2812
f 1558//1558 3434//3434 500//500
f 2242//2242 2106//2106 2813//2813
f 3434//3434 1558//1558 1557//1557
f 2243//2243 2107//2107 2814//2814
f 3434//3434 499//499 500//500
f 485//485 3433//3433 1544//1544
f 1545//1545 3433//3433 486//486
f 3433//3433 1545//1545 1544//1544
f 3433//3433 485//485 486//486
f 3432//3432 1672//1672 1989//1989
f 2450//2450 629//629 335//335
f 1923//1923 2450//2450 335//335
f 2449//2449 628//628 334//334
f 1922//1922 2449//2449 334//334
f 3316//3316 2945//2945 3477//3477
f 3476//3476 2956//2956 1711//1711
f 1672//1672 3432//3432 1990//1990
f 3431//3431 1671//1671 1994//1994
f 3431//3431 2443//2443 1995//1995
f 3078//3078 253//253 2832//2832
f 1649//1649 2780//2780 253//253
f 253//253 3078//3078 1649//1649
f 2443//2443 3431//3431 1994//1994
f 3077//3077 236//236 2831//2831
f 1648//1648 2779//2779 236//236
f 236//236 3077//3077 1648//1648
f 1671//1671 3431//3431 1995//1995
f 3430//3430 1668//1668 1987//1987
f 3476//3476 1710//1710 2955//2955
f 1697//1697 3475//3475 1698//1698
f 1668//1668 3430//3430 1988//1988
f 2244//2244 2108//2108 2815//2815
f 3316//3316 3477//3477 2944//2944
f 3475//3475 2943//2943 1698//1698
f 3317//3317 2947//2947 3479//3479
f 3429//3429 1664//1664 1985//1985
f 3475//3475 1697//1697 2942//2942
f 1716//1716 3474//3474 1717//1717
f 1664//1664 3429//3429 1986//1986
f 3428//3428 1663//1663 1998//1998
f 3317//3317 3479//3479 2946//2946
f 3474//3474 2962//2962 1717//1717
f 1663//1663 3428//3428 1999//1999
f 600//600 1356//1356 117//117
f 3474//3474 1716//1716 2961//2961
f 1703//1703 3473//3473 1704//1704
f 2219//2219 2083//2083 2791//2791
f 3427//3427 1659//1659 2000//2000
f 3318//3318 2952//2952 3470//3470
f 3473//3473 2949//2949 1704//1704
f 1659//1659 3427//3427 2001//2001
f 3426//3426 1656//1656 1981//1981
f 3426//3426 2442//2442 1982//1982
f 2442//2442 3426//3426 1981//1981
f 1656//1656 3426//3426 1982//1982
f 3425//3425 1655//1655 2002//2002
f 3473//3473 1703//1703 2948//2948
f 1708//1708 3472//3472 1709//1709
f 1655//1655 3425//3425 2003//2003
f 1936//1936 3424//3424 643//643
f 3424//3424 409//409 643//643
f 1935//1935 3423//3423 642//642
f 3423//3423 408//408 642//642
f 3318//3318 3470//3470 2951//2951
f 3472//3472 2954//2954 1709//1709
f 3472//3472 1708//1708 2953//2953
f 1695//1695 3471//3471 1696//1696
f 3319//3319 2954//2954 3472//3472
f 3471//3471 2941//2941 1696//1696
f 3471//3471 1695//1695 2940//2940
f 1706//1706 3470//3470 1707//1707
f 3319//3319 3472//3472 2953//2953
f 3470//3470 2952//2952 1707//1707
f 3470//3470 1706//1706 2951//2951
f 1693//1693 3469//3469 1694//1694
f 3320//3320 2956//2956 3476//3476
f 3469//3469 2939//2939 1694//1694
f 500//500 3422//3422 1558//1558
f 1559//1559 3422//3422 501//501
f 3422//3422 1559//1559 1558//1558
f 3422//3422 500//500 501//501
f 486//486 3421//3421 1545//1545
f 1546//1546 3421//3421 487//487
f 3469//3469 1693//1693 2938//2938
f 2318//2318 2210//2210 1347//1347
f 3421//3421 1546//1546 1545//1545
f 1719//1719 3468//3468 1721//1721
f 3421//3421 486//486 487//487
f 501//501 3420//3420 1559//1559
f 3320//3320 3476//3476 2955//2955
f 2317//2317 2209//2209 1346//1346
f 1560//1560 3420//3420 502//502
f 3468//3468 2966//2966 1721//1721
f 3420//3420 1560//1560 1559//1559
f 3420//3420 501//501 502//502
f 487//487 3419//3419 1546//1546
f 1095//1095 899//899 1199//1199
f 1547//1547 3419//3419 488//488
f 3419//3419 1547//1547 1546//1546
f 1094//1094 898//898 1198//1198
f 3419//3419 487//487 488//488
f 502//502 3418//3418 1560//1560
f 1561//1561 3418//3418 503//503
f 3418//3418 1561//1561 1560//1560
f 1651//1651 1917//1917 2594//2594
f 1650//1650 1916//1916 2593//2593
f 3418//3418 502//502 503//503
f 488//488 3417//3417 1547//1547
f 1548//1548 3417//3417 489//489
f 3417//3417 1548//1548 1547//1547
f 3417//3417 488//488 489//489
f 503//503 3416//3416 1561//1561
f 1562//1562 3416//3416 504//504
f 3416//3416 1562//1562 1561//1561
f 3416//3416 503//503 504//504
f 489//489 3415//3415 1548//1548
f 3468//3468 1719//1719 2964//2964
f 809//809 751//751 3012//3012
f 1549//1549 3415//3415 490//490
f 3415//3415 1549//1549 1548//1548
f 1718//1718 3467//3467 1720//1720
f 3415//3415 489//489 490//490
f 808//808 726//726 3011//3011
f 504//504 3414//3414 1562//1562
f 1563//1563 3414//3414 505//505
f 3414//3414 1563//1563 1562//1562
f 3414//3414 504//504 505//505
f 490//490 3413//3413 1549//1549
f 1550//1550 3413//3413 491//491
f 3413//3413 1550//1550 1549//1549
f 3413//3413 490//490 491//491
f 505//505 3412//3412 1563//1563
f 1564//1564 3412//3412 506//506
f 3412//3412 1564//1564 1563//1563
f 3412//3412 505//505 506//506
f 491//491 3411//3411 1550//1550
f 2316//2316 825//825 1062//1062
f 1551//1551 3411//3411 492//492
f 3411//3411 1551//1551 1550//1550
f 3411//3411 491//491 492//492
f 2315//2315 824//824 1037//1037
f 506//506 3410//3410 1564//1564
f 1565//1565 3410//3410 507//507
f 3410//3410 1565//1565 1564//1564
f 3410//3410 506//506 507//507
f 492//492 3409//3409 1551//1551
f 1552//1552 3409//3409 493//493
f 3409//3409 1552//1552 1551//1551
f 3409//3409 492//492 493//493
f 507//507 3408//3408 1565//1565
f 1566//1566 3408//3408 508//508
f 3408//3408 1566//1566 1565//1565
f 3408//3408 507//507 508//508
f 493//493 3407//3407 1552//1552
f 1553//1553 3407//3407 494//494
f 3407//3407 1553//1553 1552//1552
f 3407//3407 493//493 494//494
f 509//509 3406//3406 1567//1567
f 1568//1568 3406//3406 510//510
f 3406//3406 1568//1568 1567//1567
f 3406//3406 509//509 510//510
f 508//508 3405//3405 1566//1566
f 1567//1567 3405//3405 509//509
f 3405//3405 1567//1567 1566//1566
f 3405//3405 508//508 509//509
f 495//495 3404//3404 1554//1554
f 1555//1555 3404//3404 496//496
f 3404//3404 1555//1555 1554//1554
f 3404//3404 495//495 496//496
f 494//494 3403//3403 1553//1553
f 1554//1554 3403//3403 495//495
f 3403//3403 1554//1554 1553//1553
f 3403//3403 494//494 495//495
f 3321//3321 2958//2958 3478//3478
f 3467//3467 2965//2965 1720//1720
f 3467//3467 1718//1718 2963//2963
f 317//317 3466//3466 943//943
f 3466//3466 2280//2280 943//943
f 304//304 3465//3465 942//942
f 3465//3465 2279//2279 942//942
f 2233//2233 2097//2097 2804//2804
f 3321//3321 3478//3478 2957//2957
f 601//601 1358//1358 162//162
f 2448//2448 892//892 328//328
f 1691//1691 3464//3464 1705//1705
f 3322//3322 2960//2960 3480//3480
f 3464//3464 2950//2950 1705//1705
f 3464//3464 1691//1691 2936//2936
f 1690//1690 3463//3463 1692//1692
f 1275//1275 277//277 1309//1309
f 3322//3322 3480//3480 2959//2959
f 1274//1274 276//276 1308//1308
f 3463//3463 2937//2937 1692//1692
f 3463//3463 1690//1690 2935//2935
f 2140//2140 3460//3460 2139//2139
f 2901//2901 3460//3460 2902//2902
f 2127//2127 3459//3459 2126//2126
f 2888//2888 3459//3459 2889//2889
f 2142//2142 3458//3458 2141//2141
f 2903//2903 3458//3458 2904//2904
f 2350//2350 890//890 1118//1118
f 2129//2129 3457//3457 2128//2128
f 2349//2349 889//889 1117//1117
f 2890//2890 3457//3457 2891//2891
f 2348//2348 888//888 1116//1116
f 2144//2144 3456//3456 2143//2143
f 2347//2347 887//887 1115//1115
f 2905//2905 3456//3456 2906//2906
f 2131//2131 3455//3455 2130//2130
f 2892//2892 3455//3455 2893//2893
f 3454//3454 2146//2146 3436//3436
f 2907//2907 3454//3454 3436//3436
f 2146//2146 3454//3454 2145//2145
f 3453//3453 2133//2133 3435//3435
f 2894//2894 3453//3453 3435//3435
f 2133//2133 3453//3453 2132//2132
f 2346//2346 886//886 1114//1114
f 3452//3452 318//318 1067//1067
f 2345//2345 885//885 1113//1113
f 3452//3452 2045//2045 1928//1928
f 2344//2344 884//884 1112//1112
f 2045//2045 3452//3452 1067//1067
f 2343//2343 883//883 1111//1111
f 318//318 3452//3452 1928//1928
f 3449//3449 319//319 1092//1092
f 3449//3449 2046//2046 1929//1929
f 2046//2046 3449//3449 1092//1092
f 319//319 3449//3449 1929//1929
f 2139//2139 3448//3448 2138//2138
f 2900//2900 3448//3448 2901//2901
f 2126//2126 3447//3447 2125//2125
f 2887//2887 3447//3447 2888//2888
f 2336//2336 878//878 1108//1108
f 2141//2141 3446//3446 2140//2140
f 2335//2335 877//877 1107//1107
f 2902//2902 3446//3446 2903//2903
f 2334//2334 876//876 1106//1106
f 2128//2128 3445//3445 2127//2127
f 2333//2333 875//875 1105//1105
f 2889//2889 3445//3445 2890//2890
f 2332//2332 874//874 1104//1104
f 2143//2143 3444//3444 2142//2142
f 2331//2331 873//873 1103//1103
f 2904//2904 3444//3444 2905//2905
f 2330//2330 872//872 1102//1102
f 2130//2130 3443//3443 2129//2129
f 2329//2329 871//871 1101//1101
f 2891//2891 3443//3443 2892//2892
f 2145//2145 3442//3442 2144//2144
f 2906//2906 3442//3442 2907//2907
f 2132//2132 3441//3441 2131//2131
f 2893//2893 3441//3441 2894//2894
f 3440//3440 943//943 2280//2280
f 3440//3440 2284//2284 951//951
f 2284//2284 3440//3440 2280//2280
f 943//943 3440//3440 951//951
f 3439//3439 942//942 2279//2279
f 3439//3439 2283//2283 950//950
f 2283//2283 3439//3439 2279//2279
f 2231//2231 2095//2095 2803//2803
f 1776//1776 3402//3402 1774//1774
f 2440//2440 891//891 321//321
f 2245//2245 2109//2109 2816//2816
f 2445//2445 879//879 330//330
f 3402//3402 2063//2063 1774//1774
f 513//513 3401//3401 1573//1573
f 1571//1571 3401//3401 498//498
f 791//791 939//939 1421//1421
f 3401//3401 1571//1571 1573//1573
f 790//790 938//938 1420//1420
f 3401//3401 513//513 498//498
f 512//512 3400//3400 1572//1572
f 942//942 3439//3439 950//950
f 1570//1570 3400//3400 484//484
f 2447//2447 893//893 323//323
f 3323//3323 2949//2949 3473//3473
f 3400//3400 1570//1570 1572//1572
f 1999//1999 2570//2570 1663//1663
f 2874//2874 1974//1974 2880//2880
f 222//222 2874//2874 2880//2880
f 2873//2873 1973//1973 2879//2879
f 217//217 2873//2873 2879//2879
f 3400//3400 512//512 484//484
f 623//623 617//617 114//114
f 617//617 115//115 114//114
f 616//616 622//622 165//165
f 1982//1982 2567//2567 1656//1656
f 164//164 616//616 165//165
f 621//621 615//615 165//165
f 615//615 164//164 165//165
f 1782//1782 3399//3399 1780//1780
f 614//614 620//620 114//114
f 115//115 614//614 114//114
f 1976//1976 1183//1183 1539//1539
f 3399//3399 2069//2069 1780//1780
f 2001//2001 2568//2568 1659//1659
f 3323//3323 3473//3473 2948//2948
f 1979//1979 2563//2563 1652//1652
f 3398//3398 227//227 169//169
f 3324//3324 2962//2962 3474//3474
f 3324//3324 3474//3474 2961//2961
f 3436//3436 2146//2146 2120//2120
f 3397//3397 226//226 110//110
f 786//786 933//933 1419//1419
f 1783//1783 3396//3396 1779//1779
f 2003//2003 2566//2566 1655//1655
f 3396//3396 2068//2068 1779//1779
f 784//784 931//931 1418//1418
f 1777//1777 3395//3395 1773//1773
f 2008//2008 2440//2440 321//321
f 3395//3395 2062//2062 1773//1773
f 782//782 929//929 1417//1417
f 2007//2007 2445//2445 330//330
f 1975//1975 1182//1182 1538//1538
f 1070//1070 340//340 1930//1930
f 780//780 927//927 1416//1416
f 1073//1073 345//345 1931//1931
f 318//318 2397//2397 3231//3231
f 319//319 2398//2398 3232//3232
f 778//778 925//925 1415//1415
f 627//627 112//112 111//111
f 370//370 640//640 1266//1266
f 626//626 167//167 168//168
f 776//776 923//923 1414//1414
f 1079//1079 349//349 1932//1932
f 640//640 268//268 1266//1266
f 371//371 641//641 1267//1267
f 772//772 921//921 1412//1412
f 3436//3436 2908//2908 2907//2907
f 3597//3597 3666//3666 1083//1083
f 3435//3435 2133//2133 2119//2119
f 770//770 919//919 1411//1411
f 3435//3435 2895//2895 2894//2894
f 641//641 269//269 1267//1267
f 1691//1691 1431//1431 909//909
f 768//768 917//917 1410//1410
f 2150//2150 531//531 629//629
f 2149//2149 530//530 628//628
f 1089//1089 361//361 1934//1934
f 766//766 915//915 1409//1409
f 3201//3201 1406//1406 761//761
f 2782//2782 1687//1687 1391//1391
f 1690//1690 1430//1430 908//908
f 764//764 913//913 1408//1408
f 2781//2781 1686//1686 1390//1390
f 3112//3112 525//525 2398//2398
f 2232//2232 2096//2096 2819//2819
f 762//762 911//911 1407//1407
f 2246//2246 2110//2110 2820//2820
f 3111//3111 524//524 2397//2397
f 3203//3203 1407//1407 763//763
f 3301//3301 2940//2940 3489//3489
f 3301//3301 3489//3489 2939//2939
f 3019//3019 416//416 694//694
f 1797//1797 757//757 1405//1405
f 757//757 907//907 1405//1405
f 1796//1796 756//756 1404//1404
f 756//756 906//906 1404//1404
f 1717//1717 1445//1445 933//933
f 1445//1445 1419//1419 933//933
f 1704//1704 1438//1438 921//921
f 1438//1438 1412//1412 921//921
f 1446//1446 1420//1420 938//938
f 1722//1722 1446//1446 938//938
f 223//223 1978//1978 1679//1679
f 1035//1035 1679//1679 1978//1978
f 216//216 1977//1977 1678//1678
f 1034//1034 1678//1678 1977//1977
f 1447//1447 1421//1421 939//939
f 1723//1723 1447//1447 939//939
f 1715//1715 1444//1444 931//931
f 1444//1444 1418//1418 931//931
f 1713//1713 1443//1443 929//929
f 1443//1443 1417//1417 929//929
f 1711//1711 1442//1442 927//927
f 1442//1442 1416//1416 927//927
f 1709//1709 1441//1441 925//925
f 1441//1441 1415//1415 925//925
f 1707//1707 1440//1440 923//923
f 1440//1440 1414//1414 923//923
f 1702//1702 1437//1437 919//919
f 1437//1437 1411//1411 919//919
f 1490//1490 1973//1973 2873//2873
f 1491//1491 1974//1974 2874//2874
f 1700//1700 1436//1436 917//917
f 1436//1436 1410//1410 917//917
f 1698//1698 1435//1435 915//915
f 1435//1435 1409//1409 915//915
f 1696//1696 1434//1434 913//913
f 1434//1434 1408//1408 913//913
f 2779//2779 234//234 2113//2113
f 2118//2118 288//288 1485//1485
f 288//288 2910//2910 1485//1485
f 234//234 2779//2779 1648//1648
f 2117//2117 285//285 1484//1484
f 285//285 2909//2909 1484//1484
f 2780//2780 252//252 2114//2114
f 252//252 2780//2780 1649//1649
f 3205//3205 1408//1408 765//765
f 1801//1801 2822//2822 1401//1401
f 3302//3302 2942//2942 3491//3491
f 3302//3302 3491//3491 2941//2941
f 2492//2492 2590//2590 287//287
f 2204//2204 2492//2492 287//287
f 1608//1608 1448//1448 1496//1496
f 2603//2603 1496//1496 1448//1448
f 1487//1487 287//287 2590//2590
f 1609//1609 1449//1449 1497//1497
f 2604//2604 1497//1497 1449//1449
f 2491//2491 2589//2589 284//284
f 2203//2203 2491//2491 284//284
f 1694//1694 1433//1433 911//911
f 1486//1486 284//284 2589//2589
f 1433//1433 1407//1407 911//911
f 544//544 558//558 276//276
f 544//544 276//276 1274//1274
f 545//545 559//559 277//277
f 545//545 277//277 1275//1275
f 3394//3394 2751//2751 1726//1726
f 3020//3020 417//417 695//695
f 2751//2751 3394//3394 1754//1754
f 427//427 579//579 1968//1968
f 424//424 566//566 1967//1967
f 1004//1004 2593//2593 2699//2699
f 1005//1005 2594//2594 2700//2700
f 1488//1488 1882//1882 2122//2122
f 1429//1429 1405//1405 907//907
f 796//796 2823//2823 1530//1530
f 1428//1428 1404//1404 906//906
f 795//795 619//619 2254//2254
f 797//797 2824//2824 1531//1531
f 794//794 618//618 2253//2253
f 680//680 3047//3047 686//686
f 1785//1785 3393//3393 1781//1781
f 3393//3393 2072//2072 1781//1781
f 2592//2592 289//289 2116//2116
f 1779//1779 3392//3392 1775//1775
f 2591//2591 286//286 2115//2115
f 3392//3392 2066//2066 1775//1775
f 1767//1767 3391//3391 1765//1765
f 3391//3391 2054//2054 1765//1765
f 1787//1787 3390//3390 1785//1785
f 3390//3390 2074//2074 1785//1785
f 1769//1769 3389//3389 1767//1767
f 3389//3389 2056//2056 1767//1767
f 1771//1771 3388//3388 1769//1769
f 3388//3388 2058//2058 1769//1769
f 1773//1773 3387//3387 1771//1771
f 3387//3387 2060//2060 1771//1771
f 1770//1770 3386//3386 1772//1772
f 3386//3386 2059//2059 1772//1772
f 1786//1786 3385//3385 1788//1788
f 3385//3385 2075//2075 1788//1788
f 1768//1768 3384//3384 1770//1770
f 3384//3384 2057//2057 1770//1770
f 1784//1784 3383//3383 1786//1786
f 3383//3383 2073//2073 1786//1786
f 1772//1772 3382//3382 1776//1776
f 3382//3382 2061//2061 1776//1776
f 2202//2202 3381//3381 2908//2908
f 2189//2189 3380//3380 2895//2895
f 2201//2201 3379//3379 2907//2907
f 2200//2200 3378//3378 2906//2906
f 2199//2199 3377//3377 2905//2905
f 2198//2198 3376//3376 2904//2904
f 2197//2197 3375//3375 2903//2903
f 2196//2196 3374//3374 2902//2902
f 2195//2195 3373//3373 2901//2901
f 2194//2194 3372//3372 2900//2900
f 2193//2193 3371//3371 2899//2899
f 681//681 3048//3048 687//687
f 3010//3010 2629//2629 1475//1475
f 2188//2188 3370//3370 2894//2894
f 2187//2187 3369//3369 2893//2893
f 2186//2186 3368//3368 2892//2892
f 2185//2185 3367//3367 2891//2891
f 2184//2184 3366//3366 2890//2890
f 435//435 2822//2822 1801//1801
f 2183//2183 3365//3365 2889//2889
f 1800//1800 2821//2821 1400//1400
f 2182//2182 3364//3364 2888//2888
f 3207//3207 1409//1409 767//767
f 2181//2181 3363//3363 2887//2887
f 434//434 2821//2821 1800//1800
f 2180//2180 3362//3362 2886//2886
f 3008//3008 2627//2627 1473//1473
f 3007//3007 2628//2628 1472//1472
f 3303//3303 2944//2944 3493//3493
f 3361//3361 24//24 23//23
f 3303//3303 3493//3493 2943//2943
f 3360//3360 71//71 72//72
f 1778//1778 3359//3359 1782//1782
f 3359//3359 2067//2067 1782//1782
f 3358//3358 214//214 2930//2930
f 2848//2848 3358//3358 2930//2930
f 951//951 3357//3357 943//943
f 1607//1607 3357//3357 821//821
f 3357//3357 1607//1607 943//943
f 3357//3357 951//951 821//821
f 950//950 3356//3356 942//942
f 533//533 373//373 227//227
f 1606//1606 3356//3356 820//820
f 3356//3356 1606//1606 942//942
f 532//532 372//372 226//226
f 3356//3356 950//950 820//820
f 3006//3006 2623//2623 1471//1471
f 3005//3005 2626//2626 1470//1470
f 3355//3355 1966//1966 1972//1972
f 1179//1179 3355//3355 1972//1972
f 3354//3354 1965//1965 1971//1971
f 1178//1178 3354//3354 1971//1971
f 3351//3351 3016//3016 2914//2914
f 3351//3351 3114//3114 3014//3014
f 3114//3114 3351//3351 2914//2914
f 3016//3016 3351//3351 3014//3014
f 3350//3350 3015//3015 2913//2913
f 3004//3004 2625//2625 1469//1469
f 3350//3350 3113//3113 3013//3013
f 3113//3113 3350//3350 2913//2913
f 3003//3003 2622//2622 1468//1468
f 3015//3015 3350//3350 3013//3013
f 2318//2318 2286//2286 2210//2210
f 1129//1129 2120//2120 1905//1905
f 1905//1905 2386//2386 1129//1129
f 1129//1129 2386//2386 2270//2270
f 1128//1128 2119//2119 1893//1893
f 1893//1893 2373//2373 1128//1128
f 1128//1128 2373//2373 2269//2269
f 3002//3002 2621//2621 1467//1467
f 2036//2036 1099//1099 959//959
f 3001//3001 2624//2624 1466//1466
f 2454//2454 521//521 2664//2664
f 3000//3000 2617//2617 1465//1465
f 2453//2453 520//520 2663//2663
f 2999//2999 2620//2620 1464//1464
f 2998//2998 2619//2619 1463//1463
f 2997//2997 2616//2616 1462//1462
f 2996//2996 2615//2615 1461//1461
f 868//868 3083//3083 2326//2326
f 3083//3083 1726//1726 2326//2326
f 2286//2286 941//941 2210//2210
f 869//869 3084//3084 2327//2327
f 3084//3084 1727//1727 2327//2327
f 3085//3085 1728//1728 2328//2328
f 870//870 3086//3086 2329//2329
f 3086//3086 1729//1729 2329//2329
f 871//871 3087//3087 2330//2330
f 3087//3087 1730//1730 2330//2330
f 872//872 3088//3088 2331//2331
f 3088//3088 1731//1731 2331//2331
f 873//873 3089//3089 2332//2332
f 3089//3089 1732//1732 2332//2332
f 874//874 3090//3090 2333//2333
f 3090//3090 1733//1733 2333//2333
f 813//813 3347//3347 2168//2168
f 875//875 3091//3091 2334//2334
f 3091//3091 1734//1734 2334//2334
f 876//876 3092//3092 2335//2335
f 3092//3092 1735//1735 2335//2335
f 877//877 3093//3093 2336//2336
f 2748//2748 3347//3347 477//477
f 3093//3093 1736//1736 2336//2336
f 878//878 3094//3094 2337//2337
f 3094//3094 1737//1737 2337//2337
f 3095//3095 1738//1738 2338//2338
f 880//880 3096//3096 2340//2340
f 3347//3347 2748//2748 2168//2168
f 1132//1132 2135//2135 1894//1894
f 3096//3096 1740//1740 2340//2340
f 881//881 3097//3097 2341//2341
f 3097//3097 1741//1741 2341//2341
f 3098//3098 1742//1742 2342//2342
f 3347//3347 813//813 477//477
f 882//882 3099//3099 2343//2343
f 3099//3099 1743//1743 2343//2343
f 812//812 3346//3346 2165//2165
f 883//883 3100//3100 2344//2344
f 3100//3100 1744//1744 2344//2344
f 884//884 3101//3101 2345//2345
f 3101//3101 1745//1745 2345//2345
f 2995//2995 2618//2618 1460//1460
f 2747//2747 3346//3346 476//476
f 885//885 3102//3102 2346//2346
f 2994//2994 2613//2613 1459//1459
f 3102//3102 1746//1746 2346//2346
f 886//886 3103//3103 2347//2347
f 3103//3103 1747//1747 2347//2347
f 3346//3346 2747//2747 2165//2165
f 887//887 3104//3104 2348//2348
f 3104//3104 1748//1748 2348//2348
f 888//888 3105//3105 2349//2349
f 3105//3105 1749//1749 2349//2349
f 889//889 3106//3106 2350//2350
f 3346//3346 812//812 476//476
f 3106//3106 1750//1750 2350//2350
f 890//890 3107//3107 2351//2351
f 3107//3107 1751//1751 2351//2351
f 3108//3108 1752//1752 2352//2352
f 2353//2353 330//330 879//879
f 1766//1766 3345//3345 1768//1768
f 2354//2354 321//321 891//891
f 130//130 546//546 129//129
f 604//604 546//546 130//130
f 546//546 2829//2829 129//129
f 149//149 547//547 150//150
f 3345//3345 2055//2055 1768//1768
f 1130//1130 2122//2122 1882//1882
f 605//605 547//547 149//149
f 1780//1780 3344//3344 1784//1784
f 547//547 2830//2830 150//150
f 612//612 270//270 1142//1142
f 3344//3344 2071//2071 1784//1784
f 613//613 271//271 1143//1143
f 1774//1774 3343//3343 1778//1778
f 547//547 605//605 1283//1283
f 3343//3343 2065//2065 1778//1778
f 546//546 604//604 1282//1282
f 510//510 3342//3342 1568//1568
f 963//963 2040//2040 1259//1259
f 2584//2584 1841//1841 903//903
f 2040//2040 1541//1541 1259//1259
f 962//962 2039//2039 1258//1258
f 2039//2039 1540//1540 1258//1258
f 2583//2583 1840//1840 902//902
f 1569//1569 3342//3342 511//511
f 3342//3342 1569//1569 1568//1568
f 3342//3342 510//510 511//511
f 496//496 3341//3341 1555//1555
f 1556//1556 3341//3341 497//497
f 3341//3341 1556//1556 1555//1555
f 3341//3341 496//496 497//497
f 1781//1781 3340//3340 1783//1783
f 3340//3340 2070//2070 1783//1783
f 1775//1775 3339//3339 1777//1777
f 3339//3339 2064//2064 1777//1777
f 515//515 3338//3338 517//517
f 3338//3338 1353//1353 517//517
f 514//514 3337//3337 516//516
f 3337//3337 1352//1352 516//516
f 2993//2993 2614//2614 1458//1458
f 1135//1135 2158//2158 1921//1921
f 2992//2992 2611//2611 1457//1457
f 2991//2991 2612//2612 1456//1456
f 1134//1134 2157//2157 1920//1920
f 2990//2990 2609//2609 1455//1455
f 2989//2989 2610//2610 1454//1454
f 2987//2987 2608//2608 1452//1452
f 3009//3009 2630//2630 1474//1474
f 2988//2988 2607//2607 1453//1453
f 3076//3076 2606//2606 1451//1451
f 3075//3075 2605//2605 1450//1450
f 1309//1309 547//547 1283//1283
f 3304//3304 2946//2946 3497//3497
f 1308//1308 546//546 1282//1282
f 3304//3304 3497//3497 2945//2945
f 337//337 473//473 2040//2040
f 2040//2040 963//963 337//337
f 473//473 1535//1535 2040//2040
f 336//336 472//472 2039//2039
f 2039//2039 962//962 336//336
f 472//472 1534//1534 2039//2039
f 317//317 1603//1603 3046//3046
f 148//148 605//605 149//149
f 1334//1334 2249//2249 3081//3081
f 1335//1335 2250//2250 3082//3082
f 1181//1181 3336//3336 1177//1177
f 1968//1968 3336//3336 1970//1970
f 3336//3336 1968//1968 1177//1177
f 3336//3336 1181//1181 1970//1970
f 1180//1180 3335//3335 1176//1176
f 1967//1967 3335//3335 1969//1969
f 3335//3335 1967//1967 1176//1176
f 3335//3335 1180//1180 1969//1969
f 3305//3305 2948//2948 3495//3495
f 1636//1636 1476//1476 1524//1524
f 1637//1637 1477//1477 1525//1525
f 131//131 604//604 130//130
f 304//304 1590//1590 3045//3045
f 3305//3305 3495//3495 2947//2947
f 2035//2035 1098//1098 958//958
f 2317//2317 2285//2285 2209//2209
f 3334//3334 943//943 1607//1607
f 3334//3334 1605//1605 317//317
f 1605//1605 3334//3334 1607//1607
f 943//943 3334//3334 317//317
f 2285//2285 940//940 2209//2209
f 3333//3333 942//942 1606//1606
f 1489//1489 1894//1894 2135//2135
f 3333//3333 1604//1604 304//304
f 1604//1604 3333//3333 1606//1606
f 942//942 3333//3333 304//304
f 3332//3332 2842//2842 3050//3050
f 1495//1495 3332//3332 3050//3050
f 3331//3331 2841//2841 3049//3049
f 1494//1494 3331//3331 3049//3049
f 3136//3136 220//220 214//214
f 3072//3072 311//311 2196//2196
f 3135//3135 219//219 202//202
f 3209//3209 1410//1410 769//769
f 2120//2120 1129//1129 1909//1909
f 1485//1485 2120//2120 1909//1909
f 3071//3071 307//307 2192//2192
f 3070//3070 306//306 2191//2191
f 2119//2119 1128//1128 1908//1908
f 1484//1484 2119//2119 1908//1908
f 3211//3211 1411//1411 771//771
f 3213//3213 1412//1412 773//773
f 1177//1177 3330//3330 1162//1162
f 1952//1952 3330//3330 1968//1968
f 3330//3330 1952//1952 1162//1162
f 3330//3330 1177//1177 1968//1968
f 1176//1176 3329//3329 1148//1148
f 1939//1939 3329//3329 1967//1967
f 3329//3329 1939//1939 1148//1148
f 3329//3329 1176//1176 1967//1967
f 7//7 3328//3328 2966//2966
f 3306//3306 2953//2953 3490//3490
f 88//88 3327//3327 2965//2965
f 3306//3306 3490//3490 2952//2952
f 8//8 3326//3326 2964//2964
f 3326//3326 8//8 2966//2966
f 87//87 3325//3325 2963//2963
f 3325//3325 87//87 2965//2965
f 10//10 3324//3324 2961//2961
f 3324//3324 10//10 2962//2962
f 85//85 3323//3323 2948//2948
f 793//793 2250//2250 2820//2820
f 792//792 2249//2249 2819//2819
f 3323//3323 85//85 2949//2949
f 12//12 3322//3322 2959//2959
f 3322//3322 12//12 2960//2960
f 14//14 3321//3321 2957//2957
f 3321//3321 14//14 2958//2958
f 16//16 3320//3320 2955//2955
f 3320//3320 16//16 2956//2956
f 18//18 3319//3319 2953//2953
f 3319//3319 18//18 2954//2954
f 20//20 3318//3318 2951//2951
f 3318//3318 20//20 2952//2952
f 83//83 3317//3317 2946//2946
f 3317//3317 83//83 2947//2947
f 81//81 3316//3316 2944//2944
f 3316//3316 81//81 2945//2945
f 79//79 3315//3315 2942//2942
f 3315//3315 79//79 2943//2943
f 3214//3214 1413//1413 775//775
f 77//77 3314//3314 2940//2940
f 3314//3314 77//77 2941//2941
f 75//75 3313//3313 2938//2938
f 3216//3216 1414//1414 777//777
f 3313//3313 75//75 2939//2939
f 9//9 3312//3312 2962//2962
f 3312//3312 9//9 2964//2964
f 2836//2836 1525//1525 1479//1479
f 1484//1484 1908//1908 2117//2117
f 1525//1525 809//809 1479//1479
f 2835//2835 1524//1524 1478//1478
f 1524//1524 808//808 1478//1478
f 86//86 3311//3311 2949//2949
f 525//525 957//957 2398//2398
f 524//524 956//956 2397//2397
f 3311//3311 86//86 2963//2963
f 1485//1485 1909//1909 2118//2118
f 11//11 3310//3310 2960//2960
f 3310//3310 11//11 2961//2961
f 13//13 3309//3309 2958//2958
f 1520//1520 2628//2628 1474//1474
f 2628//2628 3009//3009 1474//1474
f 1521//1521 2629//2629 1473//1473
f 2629//2629 3008//3008 1473//1473
f 1518//1518 2626//2626 1472//1472
f 2626//2626 3007//3007 1472//1472
f 1519//1519 2627//2627 1471//1471
f 2627//2627 3006//3006 1471//1471
f 1514//1514 2622//2622 1470//1470
f 2622//2622 3005//3005 1470//1470
f 1515//1515 2623//2623 1469//1469
f 2623//2623 3004//3004 1469//1469
f 1516//1516 2624//2624 1468//1468
f 2624//2624 3003//3003 1468//1468
f 1517//1517 2625//2625 1467//1467
f 2625//2625 3002//3002 1467//1467
f 1512//1512 2620//2620 1466//1466
f 2620//2620 3001//3001 1466//1466
f 1513//1513 2621//2621 1465//1465
f 2621//2621 3000//3000 1465//1465
f 1508//1508 2616//2616 1464//1464
f 2616//2616 2999//2999 1464//1464
f 1509//1509 2617//2617 1463//1463
f 2617//2617 2998//2998 1463//1463
f 1510//1510 2618//2618 1462//1462
f 2618//2618 2997//2997 1462//1462
f 1511//1511 2619//2619 1461//1461
f 2619//2619 2996//2996 1461//1461
f 1506//1506 2614//2614 1460//1460
f 2614//2614 2995//2995 1460//1460
f 1507//1507 2615//2615 1459//1459
f 2615//2615 2994//2994 1459//1459
f 1504//1504 2612//2612 1458//1458
f 2612//2612 2993//2993 1458//1458
f 1505//1505 2613//2613 1457//1457
f 2613//2613 2992//2992 1457//1457
f 1502//1502 2610//2610 1456//1456
f 2610//2610 2991//2991 1456//1456
f 1503//1503 2611//2611 1455//1455
f 2611//2611 2990//2990 1455//1455
f 1500//1500 2608//2608 1454//1454
f 2608//2608 2989//2989 1454//1454
f 1501//1501 2609//2609 1453//1453
f 2609//2609 2988//2988 1453//1453
f 1522//1522 2630//2630 1477//1477
f 2630//2630 2984//2984 1477//1477
f 1499//1499 2607//2607 1476//1476
f 2607//2607 2983//2983 1476//1476
f 1523//1523 2606//2606 1475//1475
f 2606//2606 3010//3010 1475//1475
f 1498//1498 2605//2605 1452//1452
f 2605//2605 2987//2987 1452//1452
f 3069//3069 298//298 2183//2183
f 3218//3218 1415//1415 779//779
f 1397//1397 369//369 1257//1257
f 3220//3220 1416//1416 781//781
f 2136//2136 1133//1133 1895//1895
f 1396//1396 368//368 1256//1256
f 222//222 2914//2914 215//215
f 217//217 2913//2913 201//201
f 3309//3309 13//13 2959//2959
f 15//15 3308//3308 2956//2956
f 1639//1639 2356//2356 897//897
f 3308//3308 15//15 2957//2957
f 17//17 3307//3307 2954//2954
f 3307//3307 17//17 2955//2955
f 1638//1638 2355//2355 896//896
f 19//19 3306//3306 2952//2952
f 3306//3306 19//19 2953//2953
f 84//84 3305//3305 2947//2947
f 3305//3305 84//84 2948//2948
f 82//82 3304//3304 2945//2945
f 3304//3304 82//82 2946//2946
f 80//80 3303//3303 2943//2943
f 2984//2984 809//809 1477//1477
f 809//809 1525//1525 1477//1477
f 2983//2983 808//808 1476//1476
f 808//808 1524//1524 1476//1476
f 3303//3303 80//80 2944//2944
f 78//78 3302//3302 2941//2941
f 3302//3302 78//78 2942//2942
f 76//76 3301//3301 2939//2939
f 617//617 611//611 115//115
f 611//611 116//116 115//115
f 610//610 616//616 164//164
f 163//163 610//610 164//164
f 615//615 609//609 164//164
f 609//609 163//163 164//164
f 608//608 614//614 115//115
f 116//116 608//608 115//115
f 3301//3301 76//76 2940//2940
f 21//21 3300//3300 2950//2950
f 3300//3300 21//21 2951//2951
f 74//74 3299//3299 2937//2937
f 1497//1497 2604//2604 1451//1451
f 2604//2604 3076//3076 1451//1451
f 1496//1496 2603//2603 1450//1450
f 2603//2603 3075//3075 1450//1450
f 3299//3299 74//74 2938//2938
f 22//22 3298//3298 2936//2936
f 3307//3307 2955//2955 3492//3492
f 73//73 3297//3297 2935//2935
f 391//391 113//113 112//112
f 391//391 623//623 113//113
f 627//627 391//391 112//112
f 390//390 166//166 167//167
f 390//390 621//621 166//166
f 626//626 390//390 167//167
f 3307//3307 3492//3492 2954//2954
f 3068//3068 294//294 2179//2179
f 3112//3112 2398//2398 319//319
f 1263//1263 3112//3112 319//319
f 3111//3111 2397//2397 318//318
f 1262//1262 3111//3111 318//318
f 3067//3067 293//293 2178//2178
f 3222//3222 1417//1417 783//783
f 1489//1489 2134//2134 1894//1894
f 1839//1839 3296//3296 2034//2034
f 2248//2248 3296//3296 2252//2252
f 3296//3296 2248//2248 2034//2034
f 2162//2162 2590//2590 2912//2912
f 2161//2161 2589//2589 2911//2911
f 3296//3296 1839//1839 2252//2252
f 1838//1838 3295//3295 2033//2033
f 2247//2247 3295//3295 2251//2251
f 3295//3295 2247//2247 2033//2033
f 3295//3295 1838//1838 2251//2251
f 3308//3308 2957//2957 3494//3494
f 795//795 2254//2254 2834//2834
f 794//794 2253//2253 2833//2833
f 3308//3308 3494//3494 2956//2956
f 3309//3309 2959//2959 3498//3498
f 3309//3309 3498//3498 2958//2958
f 3292//3292 215//215 2882//2882
f 3292//3292 2874//2874 222//222
f 2874//2874 3292//3292 2882//2882
f 215//215 3292//3292 222//222
f 3291//3291 201//201 2881//2881
f 1473//1473 1633//1633 1521//1521
f 1474//1474 1634//1634 1520//1520
f 1471//1471 1631//1631 1519//1519
f 1472//1472 1632//1632 1518//1518
f 1467//1467 1627//1627 1517//1517
f 1468//1468 1628//1628 1516//1516
f 1469//1469 1629//1629 1515//1515
f 1470//1470 1630//1630 1514//1514
f 1465//1465 1625//1625 1513//1513
f 1466//1466 1626//1626 1512//1512
f 1461//1461 1621//1621 1511//1511
f 1462//1462 1622//1622 1510//1510
f 1463//1463 1623//1623 1509//1509
f 1464//1464 1624//1624 1508//1508
f 1459//1459 1619//1619 1507//1507
f 1460//1460 1620//1620 1506//1506
f 1457//1457 1617//1617 1505//1505
f 1458//1458 1618//1618 1504//1504
f 1455//1455 1615//1615 1503//1503
f 1456//1456 1616//1616 1502//1502
f 1453//1453 1613//1613 1501//1501
f 1454//1454 1614//1614 1500//1500
f 3291//3291 2873//2873 217//217
f 2873//2873 3291//3291 2881//2881
f 201//201 3291//3291 217//217
f 1173//1173 3290//3290 1174//1174
f 1964//1964 3290//3290 1963//1963
f 3290//3290 1964//1964 1174//1174
f 1475//1475 1635//1635 1523//1523
f 1452//1452 1612//1612 1498//1498
f 1477//1477 1637//1637 1522//1522
f 1476//1476 1636//1636 1499//1499
f 3290//3290 1173//1173 1963//1963
f 1159//1159 3289//3289 1160//1160
f 168//168 1303//1303 169//169
f 1951//1951 3289//3289 1950//1950
f 3289//3289 1951//1951 1160//1160
f 1303//1303 229//229 169//169
f 3289//3289 1159//1159 1950//1950
f 111//111 1302//1302 110//110
f 1172//1172 3288//3288 1173//1173
f 1963//1963 3288//3288 1962//1962
f 1302//1302 228//228 110//110
f 3288//3288 1963//1963 1173//1173
f 3288//3288 1172//1172 1962//1962
f 1158//1158 3287//3287 1159//1159
f 1950//1950 3287//3287 1949//1949
f 1539//1539 2580//2580 1976//1976
f 2580//2580 431//431 1976//1976
f 3287//3287 1950//1950 1159//1159
f 1538//1538 2579//2579 1975//1975
f 2579//2579 430//430 1975//1975
f 3287//3287 1158//1158 1949//1949
f 1171//1171 3286//3286 1172//1172
f 1962//1962 3286//3286 1961//1961
f 3286//3286 1962//1962 1172//1172
f 3286//3286 1171//1171 1961//1961
f 1157//1157 3285//3285 1158//1158
f 3048//3048 1799//1799 687//687
f 3047//3047 1798//1798 686//686
f 947//947 2282//2282 945//945
f 2204//2204 945//945 2282//2282
f 946//946 2281//2281 944//944
f 2203//2203 944//944 2281//2281
f 3224//3224 1418//1418 785//785
f 628//628 2449//2449 2035//2035
f 267//267 1005//1005 1833//1833
f 995//995 1005//1005 267//267
f 250//250 1004//1004 1819//1819
f 980//980 1004//1004 250//250
f 1949//1949 3285//3285 1948//1948
f 3285//3285 1949//1949 1158//1158
f 3285//3285 1157//1157 1948//1948
f 1170//1170 3284//3284 1171//1171
f 1961//1961 3284//3284 1960//1960
f 3284//3284 1961//1961 1171//1171
f 3284//3284 1170//1170 1960//1960
f 1156//1156 3283//3283 1157//1157
f 1121//1121 827//827 2632//2632
f 169//169 229//229 170//170
f 1948//1948 3283//3283 1947//1947
f 1495//1495 1121//1121 2632//2632
f 110//110 228//228 109//109
f 3283//3283 1948//1948 1157//1157
f 3283//3283 1156//1156 1947//1947
f 959//959 1099//1099 329//329
f 1099//1099 895//895 329//329
f 1169//1169 3282//3282 1170//1170
f 958//958 1098//1098 322//322
f 1098//1098 894//894 322//322
f 1960//1960 3282//3282 1959//1959
f 3282//3282 1960//1960 1170//1170
f 3282//3282 1169//1169 1959//1959
f 1155//1155 3281//3281 1156//1156
f 266//266 1033//1033 1832//1832
f 994//994 1033//1033 266//266
f 1947//1947 3281//3281 1946//1946
f 249//249 1019//1019 1818//1818
f 3281//3281 1947//1947 1156//1156
f 3281//3281 1155//1155 1946//1946
f 979//979 1019//1019 249//249
f 1168//1168 3280//3280 1169//1169
f 265//265 1032//1032 1831//1831
f 993//993 1032//1032 265//265
f 264//264 1031//1031 1830//1830
f 992//992 1031//1031 264//264
f 263//263 1030//1030 1829//1829
f 991//991 1030//1030 263//263
f 262//262 1029//1029 1828//1828
f 990//990 1029//1029 262//262
f 261//261 1028//1028 1827//1827
f 989//989 1028//1028 261//261
f 260//260 1027//1027 1826//1826
f 988//988 1027//1027 260//260
f 259//259 1026//1026 1825//1825
f 987//987 1026//1026 259//259
f 258//258 1025//1025 1824//1824
f 986//986 1025//1025 258//258
f 257//257 1024//1024 1823//1823
f 985//985 1024//1024 257//257
f 256//256 1023//1023 1822//1822
f 984//984 1023//1023 256//256
f 255//255 1022//1022 1821//1821
f 983//983 1022//1022 255//255
f 254//254 1021//1021 1820//1820
f 982//982 1021//1021 254//254
f 248//248 1018//1018 1817//1817
f 978//978 1018//1018 248//248
f 247//247 1017//1017 1816//1816
f 977//977 1017//1017 247//247
f 246//246 1016//1016 1815//1815
f 976//976 1016//1016 246//246
f 245//245 1015//1015 1814//1814
f 975//975 1015//1015 245//245
f 244//244 1014//1014 1813//1813
f 974//974 1014//1014 244//244
f 243//243 1013//1013 1812//1812
f 973//973 1013//1013 243//243
f 242//242 1012//1012 1811//1811
f 972//972 1012//1012 242//242
f 241//241 1011//1011 1810//1810
f 971//971 1011//1011 241//241
f 240//240 1010//1010 1809//1809
f 970//970 1010//1010 240//240
f 239//239 1009//1009 1808//1808
f 969//969 1009//1009 239//239
f 238//238 1008//1008 1807//1807
f 968//968 1008//1008 238//238
f 237//237 1007//1007 1806//1806
f 967//967 1007//1007 237//237
f 1959//1959 3280//3280 1958//1958
f 3280//3280 1959//1959 1169//1169
f 3280//3280 1168//1168 1958//1958
f 1154//1154 3279//3279 1155//1155
f 1946//1946 3279//3279 1945//1945
f 3279//3279 1946//1946 1155//1155
f 3279//3279 1154//1154 1945//1945
f 1167//1167 3278//3278 1168//1168
f 1958//1958 3278//3278 1957//1957
f 3278//3278 1958//1958 1168//1168
f 3278//3278 1167//1167 1957//1957
f 1153//1153 3277//3277 1154//1154
f 1945//1945 3277//3277 1944//1944
f 3277//3277 1945//1945 1154//1154
f 3277//3277 1153//1153 1944//1944
f 1166//1166 3276//3276 1167//1167
f 1957//1957 3276//3276 1956//1956
f 3276//3276 1957//1957 1167//1167
f 3276//3276 1166//1166 1956//1956
f 1152//1152 3275//3275 1153//1153
f 1944//1944 3275//3275 1943//1943
f 3275//3275 1944//1944 1153//1153
f 3275//3275 1152//1152 1943//1943
f 1165//1165 3274//3274 1166//1166
f 1120//1120 826//826 2631//2631
f 1956//1956 3274//3274 1955//1955
f 1494//1494 1120//1120 2631//2631
f 629//629 2450//2450 2036//2036
f 367//367 2598//2598 1281//1281
f 3274//3274 1956//1956 1166//1166
f 3274//3274 1165//1165 1955//1955
f 2710//2710 138//138 137//137
f 1151//1151 3273//3273 1152//1152
f 2709//2709 141//141 142//142
f 1943//1943 3273//3273 1942//1942
f 3273//3273 1943//1943 1152//1152
f 3273//3273 1151//1151 1942//1942
f 1164//1164 3272//3272 1165//1165
f 1955//1955 3272//3272 1954//1954
f 3272//3272 1955//1955 1165//1165
f 3272//3272 1164//1164 1954//1954
f 1150//1150 3271//3271 1151//1151
f 1942//1942 3271//3271 1941//1941
f 3271//3271 1942//1942 1151//1151
f 3271//3271 1150//1150 1941//1941
f 1163//1163 3270//3270 1164//1164
f 1954//1954 3270//3270 1953//1953
f 3270//3270 1954//1954 1164//1164
f 3270//3270 1163//1163 1953//1953
f 1149//1149 3269//3269 1150//1150
f 1941//1941 3269//3269 1940//1940
f 3269//3269 1941//1941 1150//1150
f 3269//3269 1149//1149 1940//1940
f 1789//1789 3268//3268 1787//1787
f 2076//2076 3268//3268 3130//3130
f 3268//3268 2076//2076 1787//1787
f 3268//3268 1789//1789 3130//3130
f 1174//1174 3267//3267 1175//1175
f 1966//1966 3267//3267 1964//1964
f 3267//3267 1174//1174 1964//1964
f 1160//1160 3266//3266 1161//1161
f 1965//1965 3266//3266 1951//1951
f 3266//3266 1160//1160 1951//1951
f 2082//2082 3265//3265 333//333
f 3265//3265 2600//2600 333//333
f 2081//2081 3264//3264 332//332
f 3264//3264 2599//2599 332//332
f 1162//1162 3263//3263 1163//1163
f 2710//2710 1305//1305 216//216
f 1305//1305 2710//2710 137//137
f 1953//1953 3263//3263 1952//1952
f 366//366 2597//2597 1280//1280
f 3263//3263 1953//1953 1163//1163
f 3226//3226 1419//1419 787//787
f 2709//2709 1304//1304 223//223
f 3263//3263 1162//1162 1952//1952
f 1304//1304 2709//2709 142//142
f 1148//1148 3262//3262 1149//1149
f 2123//2123 1131//1131 1883//1883
f 1940//1940 3262//3262 1939//1939
f 2217//2217 2447//2447 323//323
f 3262//3262 1940//1940 1149//1149
f 3262//3262 1148//1148 1939//1939
f 1764//1764 3261//3261 1766//1766
f 2053//2053 3261//3261 3129//3129
f 3261//3261 2053//2053 1766//1766
f 3261//3261 1764//1764 3129//3129
f 1488//1488 2121//2121 1882//1882
f 2255//2255 3260//3260 1199//1199
f 3260//3260 2255//2255 1341//1341
f 1649//1649 895//895 2356//2356
f 1676//1676 2447//2447 2217//2217
f 2256//2256 3259//3259 1198//1198
f 3259//3259 2256//2256 1340//1340
f 1329//1329 120//120 119//119
f 451//451 3258//3258 3200//3200
f 759//759 3258//3258 1797//1797
f 3258//3258 759//759 3200//3200
f 3258//3258 451//451 1797//1797
f 436//436 3257//3257 3199//3199
f 758//758 3257//3257 1796//1796
f 3257//3257 758//758 3199//3199
f 3257//3257 436//436 1796//1796
f 465//465 3256//3256 3228//3228
f 787//787 3256//3256 3226//3226
f 3256//3256 787//787 3228//3228
f 3256//3256 465//465 3226//3226
f 450//450 3255//3255 3227//3227
f 2256//2256 954//954 1340//1340
f 2255//2255 955//955 1341//1341
f 773//773 3255//3255 3213//3213
f 2324//2324 323//323 893//893
f 3255//3255 773//773 3227//3227
f 807//807 2594//2594 1005//1005
f 2323//2323 328//328 892//892
f 806//806 2593//2593 1004//1004
f 3255//3255 450//450 3213//3213
f 1355//1355 1329//1329 119//119
f 463//463 3254//3254 3225//3225
f 785//785 3254//3254 3224//3224
f 1328//1328 159//159 160//160
f 3254//3254 785//785 3225//3225
f 3254//3254 463//463 3224//3224
f 461//461 3253//3253 3223//3223
f 783//783 3253//3253 3222//3222
f 3253//3253 783//783 3223//3223
f 3253//3253 461//461 3222//3222
f 459//459 3252//3252 3221//3221
f 781//781 3252//3252 3220//3220
f 3252//3252 781//781 3221//3221
f 3252//3252 459//459 3220//3220
f 457//457 3251//3251 3219//3219
f 779//779 3251//3251 3218//3218
f 3251//3251 779//779 3219//3219
f 3251//3251 457//457 3218//3218
f 455//455 3250//3250 3217//3217
f 777//777 3250//3250 3216//3216
f 3250//3250 777//777 3217//3217
f 3250//3250 455//455 3216//3216
f 453//453 3249//3249 3215//3215
f 775//775 3249//3249 3214//3214
f 3249//3249 775//775 3215//3215
f 3249//3249 453//453 3214//3214
f 448//448 3248//3248 3212//3212
f 771//771 3248//3248 3211//3211
f 3248//3248 771//771 3212//3212
f 3248//3248 448//448 3211//3211
f 446//446 3247//3247 3210//3210
f 769//769 3247//3247 3209//3209
f 3247//3247 769//769 3210//3210
f 3247//3247 446//446 3209//3209
f 444//444 3246//3246 3208//3208
f 767//767 3246//3246 3207//3207
f 3246//3246 767//767 3208//3208
f 3246//3246 444//444 3207//3207
f 442//442 3245//3245 3206//3206
f 765//765 3245//3245 3205//3205
f 3245//3245 765//765 3206//3206
f 3245//3245 442//442 3205//3205
f 440//440 3244//3244 3204//3204
f 763//763 3244//3244 3203//3203
f 3244//3244 763//763 3204//3204
f 3244//3244 440//440 3203//3203
f 438//438 3243//3243 3202//3202
f 761//761 3243//3243 3201//3201
f 3243//3243 761//761 3202//3202
f 3243//3243 438//438 3201//3201
f 1354//1354 1328//1328 160//160
f 2218//2218 2448//2448 328//328
f 1187//1187 2789//2789 2169//2169
f 1186//1186 2790//2790 2170//2170
f 1613//1613 1453//1453 1499//1499
f 2607//2607 1499//1499 1453//1453
f 1634//1634 1474//1474 1522//1522
f 2630//2630 1522//1522 1474//1474
f 799//799 903//903 413//413
f 798//798 902//902 412//412
f 1612//1612 1452//1452 1500//1500
f 1033//1033 1833//1833 2696//2696
f 555//555 2670//2670 401//401
f 553//553 2669//2669 399//399
f 220//220 2930//2930 214//214
f 219//219 2929//2929 202//202
f 529//529 2632//2632 827//827
f 528//528 2631//2631 826//826
f 411//411 2360//2360 961//961
f 410//410 2359//2359 960//960
f 2274//2274 337//337 963//963
f 2273//2273 336//336 962//962
f 1019//1019 1819//1819 2683//2683
f 2608//2608 1500//1500 1452//1452
f 1635//1635 1475//1475 1521//1521
f 1032//1032 1832//1832 2695//2695
f 1543//1543 995//995 267//267
f 1542//1542 980//980 250//250
f 1569//1569 994//994 266//266
f 1568//1568 993//993 265//265
f 1567//1567 992//992 264//264
f 1566//1566 991//991 263//263
f 1565//1565 990//990 262//262
f 1564//1564 989//989 261//261
f 1563//1563 988//988 260//260
f 1562//1562 987//987 259//259
f 1561//1561 986//986 258//258
f 1560//1560 985//985 257//257
f 1559//1559 984//984 256//256
f 1646//1646 892//892 2353//2353
f 1647//1647 893//893 2354//2354
f 1644//1644 879//879 2338//2338
f 1558//1558 983//983 255//255
f 1557//1557 982//982 254//254
f 1648//1648 894//894 2355//2355
f 1556//1556 979//979 249//249
f 1555//1555 978//978 248//248
f 1355//1355 119//119 118//118
f 1554//1554 977//977 247//247
f 1553//1553 976//976 246//246
f 1552//1552 975//975 245//245
f 1551//1551 974//974 244//244
f 1550//1550 973//973 243//243
f 1549//1549 972//972 242//242
f 1548//1548 971//971 241//241
f 1547//1547 970//970 240//240
f 1546//1546 969//969 239//239
f 1545//1545 968//968 238//238
f 1544//1544 967//967 237//237
f 1031//1031 1831//1831 2694//2694
f 2629//2629 1521//1521 1475//1475
f 1614//1614 1454//1454 1502//1502
f 2610//2610 1502//1502 1454//1454
f 1129//1129 2270//2270 677//677
f 1128//1128 2269//2269 676//676
f 1615//1615 1455//1455 1501//1501
f 415//415 419//419 753//753
f 414//414 418//418 752//752
f 1645//1645 891//891 2352//2352
f 2609//2609 1501//1501 1455//1455
f 1616//1616 1456//1456 1504//1504
f 2612//2612 1504//1504 1456//1456
f 1617//1617 1457//1457 1503//1503
f 1354//1354 160//160 161//161
f 2611//2611 1503//1503 1457//1457
f 2606//2606 1523//1523 1451//1451
f 1618//1618 1458//1458 1506//1506
f 1611//1611 1451//1451 1523//1523
f 2614//2614 1506//1506 1458//1458
f 2605//2605 1498//1498 1450//1450
f 1610//1610 1450//1450 1498//1498
f 1619//1619 1459//1459 1505//1505
f 2613//2613 1505//1505 1459//1459
f 1620//1620 1460//1460 1510//1510
f 2618//2618 1510//1510 1460//1460
f 1621//1621 1461//1461 1507//1507
f 1030//1030 1830//1830 2693//2693
f 2615//2615 1507//1507 1461//1461
f 1622//1622 1462//1462 1508//1508
f 2616//2616 1508//1508 1462//1462
f 1623//1623 1463//1463 1511//1511
f 1029//1029 1829//1829 2692//2692
f 2619//2619 1511//1511 1463//1463
f 1677//1677 2448//2448 2218//2218
f 1624//1624 1464//1464 1512//1512
f 1392//1392 403//403 177//177
f 403//403 176//176 177//177
f 1393//1393 402//402 102//102
f 402//402 103//103 102//102
f 2620//2620 1512//1512 1464//1464
f 1625//1625 1465//1465 1509//1509
f 2617//2617 1509//1509 1465//1465
f 2816//2816 2032//2032 2245//2245
f 1033//1033 994//994 267//267
f 2814//2814 2031//2031 2243//2243
f 3166//3166 679//679 467//467
f 2813//2813 2030//2030 2242//2242
f 3165//3165 678//678 466//466
f 2812//2812 2029//2029 2241//2241
f 3310//3310 2961//2961 3496//3496
f 117//117 1356//1356 116//116
f 3310//3310 3496//3496 2960//2960
f 1356//1356 608//608 116//116
f 3299//3299 2938//2938 3485//3485
f 1357//1357 162//162 163//163
f 3299//3299 3485//3485 2937//2937
f 609//609 1357//1357 163//163
f 3170//3170 675//675 464//464
f 162//162 1358//1358 163//163
f 3300//3300 2951//2951 3486//3486
f 1358//1358 610//610 163//163
f 3195//3195 673//673 462//462
f 1359//1359 117//117 116//116
f 3300//3300 3486//3486 2950//2950
f 611//611 1359//1359 116//116
f 3193//3193 671//671 460//460
f 2811//2811 2028//2028 2240//2240
f 3311//3311 2963//2963 3487//3487
f 2810//2810 2027//2027 2239//2239
f 3191//3191 669//669 458//458
f 2809//2809 2026//2026 2238//2238
f 2808//2808 2025//2025 2237//2237
f 3311//3311 3487//3487 2949//2949
f 2807//2807 2024//2024 2236//2236
f 2806//2806 2023//2023 2235//2235
f 3189//3189 667//667 456//456
f 2805//2805 2022//2022 2234//2234
f 2804//2804 2021//2021 2233//2233
f 3312//3312 2964//2964 3488//3488
f 2803//2803 2020//2020 2231//2231
f 2158//2158 3236//3236 1345//1345
f 3187//3187 665//665 454//454
f 2801//2801 2019//2019 2229//2229
f 3186//3186 664//664 453//453
f 2800//2800 2018//2018 2228//2228
f 1626//1626 1466//1466 1516//1516
f 2799//2799 2017//2017 2227//2227
f 2798//2798 2016//2016 2226//2226
f 2624//2624 1516//1516 1466//1466
f 2797//2797 2015//2015 2225//2225
f 2796//2796 2014//2014 2224//2224
f 3185//3185 663//663 452//452
f 2795//2795 2013//2013 2223//2223
f 2794//2794 2012//2012 2222//2222
f 3169//3169 662//662 449//449
f 2793//2793 2011//2011 2221//2221
f 2792//2792 2010//2010 2220//2220
f 3312//3312 3488//3488 2962//2962
f 2791//2791 2009//2009 2219//2219
f 3183//3183 660//660 447//447
f 2818//2818 2034//2034 2248//2248
f 3297//3297 2937//2937 3463//3463
f 2817//2817 2033//2033 2247//2247
f 3181//3181 658//658 445//445
f 1189//1189 2978//2978 691//691
f 3297//3297 3463//3463 2935//2935
f 1188//1188 2977//2977 690//690
f 3179//3179 656//656 443//443
f 1627//1627 1467//1467 1513//1513
f 3298//3298 2950//2950 3464//3464
f 2621//2621 1513//1513 1467//1467
f 3177//3177 654//654 441//441
f 2596//2596 1203//1203 2322//2322
f 3298//3298 3464//3464 2936//2936
f 1628//1628 1468//1468 1514//1514
f 3175//3175 652//652 439//439
f 2595//2595 1202//1202 2321//2321
f 2622//2622 1514//1514 1468//1468
f 3174//3174 651//651 438//438
f 2157//2157 3235//3235 1344//1344
f 1033//1033 267//267 1833//1833
f 3173//3173 650//650 437//437
f 2432//2432 1917//1917 867//867
f 1629//1629 1469//1469 1517//1517
f 1651//1651 867//867 1917//1917
f 795//795 2432//2432 867//867
f 2431//2431 1916//1916 866//866
f 1650//1650 866//866 1916//1916
f 794//794 2431//2431 866//866
f 793//793 2430//2430 863//863
f 2625//2625 1517//1517 1469//1469
f 792//792 2429//2429 862//862
f 1843//1843 2986//2986 1686//1686
f 1842//1842 2985//2985 1687//1687
f 2982//2982 2632//2632 529//529
f 2632//2632 2982//2982 1449//1449
f 2981//2981 2631//2631 528//528
f 2631//2631 2981//2981 1448//1448
f 1185//1185 819//819 2152//2152
f 1184//1184 818//818 2151//2151
f 1201//1201 421//421 1938//1938
f 1200//1200 420//420 1937//1937
f 1340//1340 954//954 1194//1194
f 683//683 469//469 689//689
f 1019//1019 979//979 250//250
f 682//682 468//468 688//688
f 1341//1341 955//955 1195//1195
f 2978//2978 1535//1535 2706//2706
f 1019//1019 250//250 1819//1819
f 2978//2978 1541//1541 1535//1535
f 691//691 2978//2978 2706//2706
f 2977//2977 1534//1534 2705//2705
f 2977//2977 1540//1540 1534//1534
f 394//394 385//385 405//405
f 690//690 2977//2977 2705//2705
f 385//385 394//394 554//554
f 392//392 384//384 404//404
f 384//384 392//392 552//552
f 1630//1630 1470//1470 1518//1518
f 2626//2626 1518//1518 1470//1470
f 1631//1631 1471//1471 1515//1515
f 2623//2623 1515//1515 1471//1471
f 1632//1632 1472//1472 1520//1520
f 2628//2628 1520//1520 1472//1472
f 1633//1633 1473//1473 1519//1519
f 2627//2627 1519//1519 1473//1473
f 1201//1201 1938//1938 2360//2360
f 1200//1200 1937//1937 2359//2359
f 2788//2788 593//593 132//132
f 593//593 133//133 132//132
f 2787//2787 592//592 147//147
f 592//592 146//146 147//147
f 473//473 337//337 1681//1681
f 2078//2078 3066//3066 2878//2878
f 472//472 336//336 1680//1680
f 2077//2077 3065//3065 2877//2877
f 3325//3325 2965//2965 3467//3467
f 3325//3325 3467//3467 2963//2963
f 1197//1197 2434//2434 2436//2436
f 1028//1028 1828//1828 2691//2691
f 1196//1196 2433//2433 2435//2435
f 1032//1032 993//993 266//266
f 1032//1032 266//266 1832//1832
f 1027//1027 1827//1827 2690//2690
f 601//601 383//383 561//561
f 600//600 382//382 560//560
f 1305//1305 137//137 136//136
f 1304//1304 142//142 143//143
f 1575//1575 2664//2664 521//521
f 1574//1574 2663//2663 520//520
f 1026//1026 1826//1826 2689//2689
f 1025//1025 1825//1825 2688//2688
f 515//515 1847//1847 1237//1237
f 514//514 1846//1846 1236//1236
f 510//510 1876//1876 1231//1231
f 509//509 1875//1875 1230//1230
f 508//508 1874//1874 1229//1229
f 507//507 1873//1873 1228//1228
f 506//506 1872//1872 1227//1227
f 505//505 1871//1871 1226//1226
f 504//504 1870//1870 1225//1225
f 503//503 1869//1869 1224//1224
f 502//502 1868//1868 1223//1223
f 501//501 1867//1867 1222//1222
f 1031//1031 992//992 265//265
f 1031//1031 265//265 1831//1831
f 500//500 1866//1866 1221//1221
f 499//499 1865//1865 1220//1220
f 498//498 1851//1851 1219//1219
f 496//496 1863//1863 1218//1218
f 495//495 1862//1862 1217//1217
f 494//494 1861//1861 1216//1216
f 493//493 1860//1860 1215//1215
f 492//492 1859//1859 1214//1214
f 491//491 1858//1858 1213//1213
f 490//490 1857//1857 1212//1212
f 489//489 1856//1856 1211//1211
f 488//488 1855//1855 1210//1210
f 487//487 1854//1854 1209//1209
f 486//486 1853//1853 1208//1208
f 485//485 1852//1852 1207//1207
f 484//484 1850//1850 1206//1206
f 513//513 1849//1849 1233//1233
f 512//512 1848//1848 1232//1232
f 897//897 2450//2450 1923//1923
f 896//896 2449//2449 1922//1922
f 517//517 1845//1845 1205//1205
f 516//516 1844//1844 1204//1204
f 1030//1030 991//991 264//264
f 1030//1030 264//264 1830//1830
f 535//535 136//136 135//135
f 535//535 1305//1305 136//136
f 534//534 143//143 144//144
f 534//534 1304//1304 143//143
f 3118//3118 2560//2560 1145//1145
f 3117//3117 2559//2559 1144//1144
f 1024//1024 1824//1824 2687//2687
f 389//389 124//124 123//123
f 389//389 625//625 124//124
f 1761//1761 2452//2452 3128//3128
f 1760//1760 2451//2451 3127//3127
f 1023//1023 1823//1823 2686//2686
f 388//388 155//155 156//156
f 388//388 624//624 155//155
f 1022//1022 1822//1822 2685//2685
f 1021//1021 1821//1821 2684//2684
f 809//809 3012//3012 1479//1479
f 808//808 3011//3011 1478//1478
f 1018//1018 1818//1818 2682//2682
f 1017//1017 1817//1817 2681//2681
f 158//158 387//387 159//159
f 121//121 386//386 120//120
f 1016//1016 1816//1816 2680//2680
f 1015//1015 1815//1815 2679//2679
f 1014//1014 1814//1814 2678//2678
f 1013//1013 1813//1813 2677//2677
f 1012//1012 1812//1812 2676//2676
f 3049//3049 1120//1120 1494//1494
f 1011//1011 1811//1811 2675//2675
f 204//204 2920//2920 2852//2852
f 3050//3050 1121//1121 1495//1495
f 1010//1010 1810//1810 2674//2674
f 1009//1009 1809//1809 2673//2673
f 3044//3044 1061//1061 2076//2076
f 1008//1008 1808//1808 2672//2672
f 3043//3043 1060//1060 2075//2075
f 3042//3042 1059//1059 2074//2074
f 3041//3041 1058//1058 2073//2073
f 1007//1007 1807//1807 2671//2671
f 827//827 2396//2396 529//529
f 826//826 2395//2395 528//528
f 3040//3040 1057//1057 2072//2072
f 3039//3039 1056//1056 2071//2071
f 3038//3038 1055//1055 2070//2070
f 1020//1020 1820//1820 2698//2698
f 3037//3037 1054//1054 2069//2069
f 3036//3036 1053//1053 2068//2068
f 3035//3035 1052//1052 2067//2067
f 3034//3034 1051//1051 2066//2066
f 3033//3033 1050//1050 2065//2065
f 1006//1006 1806//1806 2697//2697
f 3032//3032 1049//1049 2064//2064
f 220//220 3136//3136 2838//2838
f 3031//3031 1048//1048 2063//2063
f 3030//3030 1047//1047 2062//2062
f 3029//3029 1046//1046 2061//2061
f 3028//3028 1045//1045 2060//2060
f 3027//3027 1044//1044 2059//2059
f 2986//2986 2174//2174 1137//1137
f 3026//3026 1043//1043 2058//2058
f 3025//3025 1042//1042 2057//2057
f 3024//3024 1041//1041 2056//2056
f 3023//3023 1040//1040 2055//2055
f 3022//3022 1039//1039 2054//2054
f 2986//2986 1137//1137 1686//1686
f 3021//3021 1038//1038 2053//2053
f 2174//2174 2986//2986 2391//2391
f 2985//2985 2173//2173 1136//1136
f 2985//2985 1136//1136 1687//1687
f 3116//3116 1639//1639 1399//1399
f 3115//3115 1638//1638 1398//1398
f 2173//2173 2985//2985 2392//2392
f 804//804 2703//2703 1804//1804
f 3326//3326 2966//2966 3468//3468
f 805//805 2704//2704 1805//1805
f 3326//3326 3468//3468 2964//2964
f 219//219 3135//3135 2837//2837
f 207//207 2924//2924 2858//2858
f 252//252 1649//1649 2356//2356
f 234//234 1648//1648 2355//2355
f 798//798 2583//2583 902//902
f 799//799 2584//2584 903//903
f 1878//1878 2601//2601 1234//1234
f 1879//1879 2602//2602 1235//1235
f 1029//1029 990//990 263//263
f 1029//1029 263//263 1829//1829
f 2982//2982 2604//2604 1449//1449
f 417//417 2604//2604 2982//2982
f 2981//2981 2603//2603 1448//1448
f 416//416 2603//2603 2981//2981
f 377//377 131//131 130//130
f 210//210 2927//2927 2864//2864
f 377//377 2788//2788 131//131
f 376//376 148//148 149//149
f 376//376 2787//2787 148//148
f 227//227 168//168 169//169
f 227//227 626//626 168//168
f 226//226 111//111 110//110
f 895//895 3078//3078 2832//2832
f 3078//3078 895//895 1649//1649
f 894//894 3077//3077 2831//2831
f 3077//3077 894//894 1648//1648
f 3074//3074 26//26 25//25
f 3073//3073 69//69 70//70
f 3066//3066 1493//1493 2878//2878
f 3065//3065 1492//1492 2877//2877
f 226//226 627//627 111//111
f 2044//2044 1095//1095 1927//1927
f 2043//2043 1094//1094 1926//1926
f 1006//1006 237//237 1806//1806
f 1006//1006 966//966 237//237
f 1020//1020 254//254 1820//1820
f 625//625 125//125 124//124
f 624//624 154//154 155//155
f 2051//2051 1037//1037 824//824
f 2052//2052 1062//1062 825//825
f 1028//1028 989//989 262//262
f 695//695 2982//2982 529//529
f 1020//1020 981//981 254//254
f 1007//1007 238//238 1807//1807
f 1007//1007 967//967 238//238
f 1008//1008 239//239 1808//1808
f 1008//1008 968//968 239//239
f 1009//1009 240//240 1809//1809
f 1009//1009 969//969 240//240
f 1010//1010 241//241 1810//1810
f 1010//1010 970//970 241//241
f 1011//1011 242//242 1811//1811
f 1011//1011 971//971 242//242
f 1012//1012 243//243 1812//1812
f 425//425 2516//2516 2471//2471
f 150//150 2830//2830 151//151
f 1012//1012 972//972 243//243
f 129//129 2829//2829 128//128
f 1013//1013 244//244 1813//1813
f 1013//1013 973//973 244//244
f 1014//1014 245//245 1814//1814
f 1014//1014 974//974 245//245
f 1015//1015 246//246 1815//1815
f 1015//1015 975//975 246//246
f 1016//1016 247//247 1816//1816
f 1016//1016 976//976 247//247
f 2785//2785 152//152 153//153
f 1753//1753 1647//1647 2354//2354
f 1739//1739 1646//1646 2353//2353
f 1017//1017 248//248 1817//1817
f 1017//1017 977//977 248//248
f 1752//1752 1645//1645 2352//2352
f 2786//2786 127//127 126//126
f 1018//1018 249//249 1818//1818
f 1018//1018 978//978 249//249
f 1021//1021 255//255 1821//1821
f 529//529 1191//1191 695//695
f 1021//1021 982//982 255//255
f 1022//1022 256//256 1822//1822
f 428//428 2528//2528 2484//2484
f 694//694 2981//2981 528//528
f 1022//1022 983//983 256//256
f 1023//1023 257//257 1823//1823
f 1738//1738 1644//1644 2338//2338
f 1023//1023 984//984 257//257
f 1024//1024 258//258 1824//1824
f 422//422 2501//2501 2455//2455
f 423//423 2502//2502 2456//2456
f 528//528 1190//1190 694//694
f 2561//2561 3133//3133 2599//2599
f 1028//1028 262//262 1828//1828
f 2562//2562 3134//3134 2600//2600
f 544//544 1342//1342 558//558
f 545//545 1343//1343 559//559
f 1024//1024 985//985 258//258
f 1025//1025 259//259 1825//1825
f 1025//1025 986//986 259//259
f 1026//1026 260//260 1826//1826
f 1026//1026 987//987 260//260
f 252//252 2356//2356 1639//1639
f 234//234 2355//2355 1638//1638
f 1027//1027 261//261 1827//1827
f 1027//1027 988//988 261//261
f 1068//1068 3605//3605 1066//1066
f 3164//3164 3605//3605 3162//3162
f 3605//3605 3164//3164 1066//1066
f 3605//3605 1068//1068 3162//3162
f 3604//3604 2272//2272 1689//1689
f 3604//3604 2932//2932 2934//2934
f 2932//2932 3604//3604 1689//1689
f 2272//2272 3604//3604 2934//2934
f 3603//3603 2271//2271 1688//1688
f 3603//3603 2931//2931 2933//2933
f 2931//2931 3603//3603 1688//1688
f 2271//2271 3603//3603 2933//2933
f 204//204 3576//3576 205//205
f 3055//3055 3576//3576 3053//3053
f 3655//3655 205//205 3576//3576
f 1067//1067 3602//3602 3139//3139
f 3577//3577 207//207 208//208
f 3231//3231 3602//3602 318//318
f 2167//2167 3649//3649 1384//1384
f 3602//3602 3231//3231 3139//3139
f 1142//1142 3578//3578 2151//2151
f 1248//1248 3578//3578 1254//1254
f 3578//3578 1248//1248 2151//2151
f 3578//3578 1142//1142 1254//1254
f 1143//1143 3579//3579 2152//2152
f 1249//1249 3579//3579 1255//1255
f 3579//3579 1249//1249 2152//2152
f 3579//3579 1143//1143 1255//1255
f 3602//3602 1067//1067 318//318
f 3601//3601 1898//1898 1899//1899
f 3601//3601 2140//2140 2139//2139
f 2140//2140 3601//3601 1899//1899
f 3580//3580 70//70 71//71
f 3580//3580 2931//2931 3131//3131
f 2931//2931 3580//3580 71//71
f 70//70 3580//3580 3131//3131
f 3581//3581 25//25 24//24
f 3581//3581 2932//2932 3132//3132
f 2932//2932 3581//3581 24//24
f 25//25 3581//3581 3132//3132
f 3582//3582 210//210 211//211
f 1898//1898 3601//3601 2139//2139
f 3654//3654 2771//2771 2770//2770
f 3600//3600 1886//1886 1887//1887
f 434//434 3583//3583 2049//2049
f 2171//2171 3583//3583 684//684
f 3583//3583 2171//2171 2049//2049
f 3583//3583 434//434 684//684
f 435//435 3584//3584 2050//2050
f 2172//2172 3584//3584 685//685
f 3584//3584 2172//2172 2050//2050
f 3584//3584 435//435 685//685
f 3600//3600 2127//2127 2126//2126
f 2127//2127 3600//3600 1887//1887
f 1886//1886 3600//3600 2126//2126
f 3144//3144 3599//3599 3509//3509
f 3599//3599 1077//1077 3509//3509
f 1078//1078 3598//3598 1082//1082
f 1082//1082 3669//3669 354//354
f 353//353 3597//3597 355//355
f 3585//3585 497//497 1218//1218
f 3585//3585 1864//1864 1234//1234
f 1864//1864 3585//3585 1218//1218
f 497//497 3585//3585 1234//1234
f 3586//3586 511//511 1231//1231
f 3586//3586 1877//1877 1235//1235
f 1877//1877 3586//3586 1231//1231
f 511//511 3586//3586 1235//1235
f 3587//3587 1085//1085 3512//3512
f 3587//3587 3146//3146 3568//3568
f 3146//3146 3587//3587 3512//3512
f 1085//1085 3587//3587 3568//3568
f 1383//1383 3588//3588 2762//2762
f 2763//2763 3588//3588 1385//1385
f 3588//3588 2763//2763 2762//2762
f 3588//3588 1383//1383 1385//1385
f 3589//3589 1091//1091 3150//3150
f 3589//3589 3163//3163 1093//1093
f 3163//3163 3589//3589 3150//3150
f 1091//1091 3589//3589 1093//1093
f 3590//3590 1087//1087 3528//3528
f 1085//1085 3597//3597 1081//1081
f 3148//3148 3590//3590 3528//3528
f 3597//3597 353//353 1081//1081
f 3591//3591 721//721 1789//1789
f 3591//3591 1787//1787 3556//3556
f 1787//1787 3591//3591 1789//1789
f 721//721 3591//3591 3556//3556
f 3592//3592 339//339 2045//2045
f 3592//3592 1067//1067 1069//1069
f 1067//1067 3592//3592 2045//2045
f 339//339 3592//3592 1069//1069
f 3596//3596 1160//1160 1161//1161
f 3596//3596 1864//1864 1863//1863
f 1864//1864 3596//3596 1161//1161
f 1160//1160 3596//3596 1863//1863
f 360//360 3593//3593 1088//1088
f 1090//1090 3593//3593 362//362
f 3593//3593 1090//1090 1088//1088
f 3593//3593 360//360 362//362
f 1376//1376 3654//3654 2770//2770
f 3595//3595 1174//1174 1175//1175
f 3159//3159 3594//3594 3158//3158
f 3595//3595 1877//1877 1876//1876
f 1174//1174 3595//3595 1876//1876
f 1877//1877 3595//3595 1175//1175
f 3637//3637 3142//3142 3553//3553
f 3637//3637 1075//1075 3510//3510
f 1369//1369 3636//3636 3630//3630
f 2755//2755 3636//3636 2756//2756
f 3669//3669 1082//1082 3598//3598
f 3669//3669 352//352 354//354
f 3668//3668 3156//3156 1078//1078
f 1082//1082 3668//3668 1078//1078
f 1381//1381 3628//3628 1377//1377
f 2761//2761 3628//3628 2762//2762
f 3628//3628 2761//2761 1377//1377
f 3628//3628 1381//1381 2762//2762
f 3641//3641 208//208 206//206
f 3636//3636 2755//2755 3630//3630
f 3629//3629 2754//2754 2753//2753
f 3629//3629 1365//1365 1367//1367
f 1743//1743 3632//3632 2769//2769
f 2768//2768 3632//3632 1742//1742
f 3632//3632 2768//2768 2769//2769
f 3632//3632 1743//1743 1742//1742
f 3633//3633 1382//1382 1378//1378
f 3636//3636 1369//1369 2756//2756
f 2772//2772 3659//3659 2773//2773
f 3635//3635 2762//2762 2763//2763
f 1737//1737 3635//3635 2763//2763
f 3634//3634 3140//3140 1071//1071
f 3140//3140 3634//3634 3139//3139
f 1069//1069 3634//3634 1071//1071
f 3641//3641 3057//3057 3059//3059
f 3057//3057 3641//3641 206//206
f 2756//2756 3653//3653 2755//2755
f 3653//3653 1730//1730 2755//2755
f 1380//1380 3639//3639 1378//1378
f 2769//2769 3639//3639 2770//2770
f 1088//1088 3648//3648 3623//3623
f 3639//3639 1380//1380 2770//2770
f 3058//3058 3652//3652 3577//3577
f 3652//3652 209//209 3577//3577
f 3061//3061 3665//3665 3582//3582
f 212//212 3665//3665 3063//3063
f 1365//1365 3640//3640 1363//1363
f 2753//2753 3640//3640 3629//3629
f 3640//3640 2753//2753 1363//1363
f 3640//3640 1365//1365 3629//3629
f 3152//3152 3648//3648 1090//1090
f 3648//3648 3152//3152 3623//3623
f 3645//3645 1371//1371 2758//2758
f 3648//3648 1088//1088 1090//1090
f 2757//2757 3645//3645 2758//2758
f 1371//1371 3645//3645 1373//1373
f 1374//1374 3659//3659 1372//1372
f 1370//1370 3664//3664 1374//1374
f 2773//2773 3664//3664 2774//2774
f 3664//3664 2773//2773 1374//1374
f 354//354 3646//3646 1082//1082
f 3647//3647 2921//2921 205//205
f 3646//3646 1086//1086 1082//1082
f 206//206 3647//3647 205//205
f 3664//3664 1370//1370 2774//2774
f 203//203 3663//3663 3576//3576
f 1747//1747 3656//3656 2773//2773
f 2772//2772 3656//3656 1746//1746
f 3656//3656 2772//2772 2773//2773
f 3656//3656 1747//1747 1746//1746
f 3657//3657 1744//1744 2769//2769
f 3053//3053 3663//3663 2917//2917
f 2770//2770 3657//3657 2769//2769
f 3672//3672 1379//1379 1377//1377
f 1379//1379 3658//3658 1375//1375
f 2759//2759 3658//3658 2760//2760
f 1748//1748 3661//3661 2774//2774
f 2773//2773 3661//3661 1747//1747
f 3661//3661 2773//2773 2774//2774
f 3661//3661 1748//1748 1747//1747
f 3662//3662 1732//1732 2757//2757
f 3663//3663 3053//3053 3576//3576
f 2758//2758 3662//3662 2757//2757
f 3663//3663 203//203 2917//2917
f 1749//1749 3667//3667 2775//2775
f 2774//2774 3667//3667 1748//1748
f 3667//3667 2774//2774 2775//2775
f 3667//3667 1749//1749 1748//1748
f 3670//3670 1366//1366 2776//2776
f 3670//3670 2775//2775 1368//1368
f 2775//2775 3670//3670 2776//2776
f 1366//1366 3670//3670 1368//1368
f 348//348 3671//3671 1076//1076
f 1080//1080 3671//3671 350//350
f 3671//3671 1080//1080 1076//1076
f 3671//3671 348//348 350//350
f 3697//3697 3699//3699 39//39
f 47//47 3693//3693 46//46
f 39//39 3699//3699 38//38
f 42//42 3695//3695 3694//3694
f 46//46 3693//3693 3692//3692
f 43//43 3695//3695 42//42
f 3678//3678 3704//3704 3680//3680
f 3680//3680 3689//3689 3677//3677
f 3680//3680 3691//3691 3678//3678
f 3677//3677 3690//3690 3680//3680
f 41//41 3681//3681 40//40
f 45//45 3683//3683 44//44
f 28//28 3682//3682 2//2
f 37//37 3684//3684 36//36
f 3675//3675 3686//3686 3683//3683
f 3682//3682 3685//3685 3675//3675
f 3683//3683 3686//3686 3676//3676
f 3677//3677 3685//3685 3682//3682
f 3676//3676 3687//3687 3681//3681
f 3681//3681 3687//3687 3679//3679
f 3679//3679 3688//3688 3684//3684
f 3684//3684 3688//3688 3678//3678
f 3680//3680 3704//3704 3689//3689
f 41//41 3694//3694 3681//3681
f 3681//3681 3697//3697 40//40
f 3682//3682 3693//3693 2//2
f 3683//3683 3695//3695 44//44
f 28//28 3696//3696 3682//3682
f 45//45 3692//3692 3683//3683
f 3684//3684 3698//3698 36//36
f 37//37 3699//3699 3684//3684
f 3687//3687 3688//3688 3679//3679
f 3674//3674 3688//3688 3687//3687
f 3686//3686 3687//3687 3676//3676
f 3674//3674 3687//3687 3686//3686
f 3685//3685 3686//3686 3675//3675
f 3674//3674 3686//3686 3685//3685
f 3683//3683 3692//3692 3675//3675
f 3681//3681 3694//3694 3676//3676
f 3679//3679 3697//3697 3681//3681
f 3675//3675 3693//3693 3682//3682
f 3682//3682 3696//3696 3677//3677
f 3676//3676 3695//3695 3683//3683
f 3678//3678 3698//3698 3684//3684
f 3684//3684 3699//3699 3679//3679
f 3685//3685 3689//3689 3674//3674
f 3677//3677 3689//3689 3685//3685
f 31//31 3690//3690 30//30
f 34//34 3691//3691 33//33
f 42//42 3694//3694 41//41
f 2//2 3693//3693 47//47
f 46//46 3692//3692 45//45
f 44//44 3695//3695 43//43
f 40//40 3697//3697 39//39
f 29//29 3696//3696 28//28
f 38//38 3699//3699 37//37
f 36//36 3698//3698 35//35
f 3679//3679 3699//3699 3697//3697
f 3694//3694 3695//3695 3676//3676
f 3692//3692 3693//3693 3675//3675
f 3674//3674 3704//3704 3688//3688
f 3690//3690 3703//3703 30//30
f 34//34 3702//3702 3691//3691
f 3689//3689 3704//3704 3674//3674
f 3677//3677 3703//3703 3690//3690
f 3691//3691 3702//3702 3678//3678
f 35//35 3702//3702 34//34
f 30//30 3703//3703 29//29
f 3688//3688 3704//3704 3678//3678
f 32//32 3700//3700 31//31
f 3696//3696 3703//3703 3677//3677
f 3678//3678 3702//3702 3698//3698
f 31//31 3700//3700 3690//3690
f 3680//3680 3701//3701 3691//3691
f 33//33 3701//3701 32//32
f 3698//3698 3702//3702 35//35
f 29//29 3703//3703 3696//3696
f 3690//3690 3700//3700 3680//3680
f 3691//3691 3701//3701 33//33
f 3700//3700 3701//3701 3680//3680
f 32//32 3701//3701 3700//3700
f 59//59 58//58 3730//3730
f 3727//3727 59//59 3730//3730
f 67//67 66//66 3724//3724
f 62//62 3723//3723 3726//3726
f 67//67 3724//3724 3725//3725
f 63//63 62//62 3726//3726
f 3710//3710 3711//3711 3735//3735
f 3711//3711 3708//3708 3720//3720
f 3711//3711 3710//3710 3722//3722
f 3708//3708 3711//3711 3721//3721
f 61//61 60//60 3712//3712
f 65//65 64//64 3714//3714
f 48//48 3//3 3715//3715
f 57//57 56//56 3713//3713
f 3714//3714 3707//3707 3718//3718
f 3706//3706 3714//3714 3718//3718
f 3715//3715 3706//3706 3716//3716
f 3707//3707 3712//3712 3717//3717
f 3708//3708 3715//3715 3716//3716
f 3712//3712 3709//3709 3717//3717
f 3713//3713 3710//3710 3719//3719
f 3709//3709 3713//3713 3719//3719
f 3711//3711 3720//3720 3735//3735
f 61//61 3712//3712 3723//3723
f 3714//3714 64//64 3726//3726
f 3715//3715 3//3 3725//3725
f 57//57 3713//3713 3730//3730
f 3712//3712 60//60 3727//3727
f 65//65 3714//3714 3724//3724
f 3713//3713 56//56 3729//3729
f 48//48 3715//3715 3728//3728
f 3705//3705 3717//3717 3719//3719
f 3717//3717 3709//3709 3719//3719
f 3717//3717 3705//3705 3718//3718
f 3707//3707 3717//3717 3718//3718
f 3716//3716 3706//3706 3718//3718
f 3705//3705 3716//3716 3718//3718
f 3712//3712 3707//3707 3723//3723
f 3706//3706 3715//3715 3725//3725
f 3715//3715 3708//3708 3728//3728
f 3714//3714 3706//3706 3724//3724
f 3707//3707 3714//3714 3726//3726
f 3709//3709 3712//3712 3727//3727
f 3713//3713 3709//3709 3730//3730
f 3710//3710 3713//3713 3729//3729
f 3716//3716 3705//3705 3720//3720
f 3708//3708 3716//3716 3720//3720
f 51//51 50//50 3721//3721
f 54//54 53//53 3722//3722
f 62//62 61//61 3723//3723
f 3//3 67//67 3725//3725
f 64//64 63//63 3726//3726
f 66//66 65//65 3724//3724
f 60//60 59//59 3727//3727
f 58//58 57//57 3730//3730
f 49//49 48//48 3728//3728
f 56//56 55//55 3729//3729
f 3709//3709 3727//3727 3730//3730
f 3723//3723 3707//3707 3726//3726
f 3724//3724 3706//3706 3725//3725
f 3705//3705 3719//3719 3735//3735
f 3721//3721 50//50 3734//3734
f 54//54 3722//3722 3733//3733
f 3720//3720 3705//3705 3735//3735
f 3708//3708 3721//3721 3734//3734
f 3722//3722 3710//3710 3733//3733
f 55//55 54//54 3733//3733
f 50//50 49//49 3734//3734
f 3719//3719 3710//3710 3735//3735
f 52//52 51//51 3731//3731
f 3728//3728 3708//3708 3734//3734
f 3710//3710 3729//3729 3733//3733
f 51//51 3721//3721 3731//3731
f 3711//3711 3722//3722 3732//3732
f 53//53 52//52 3732//3732
f 3729//3729 55//55 3733//3733
f 49//49 3728//3728 3734//3734
f 3721//3721 3711//3711 3731//3731
f 3722//3722 53//53 3732//3732
f 3731//3731 3711//3711 3732//3732
f 52//52 3731//3731 3732//3732